path,dataset_source,class_label,width,height,aspect_ratio,format,file_size_bytes,md5_hash,sha256,quality_score,phash,quality_flag,blur_score,resolution_ok,aspect_ratio_ok,cluster_id,split,export_path
data_sources/ai_generated/StyleGAN/stylegan3_00005.png,data_sources/ai_generated/StyleGAN,ai_generated,1024,1024,1.0,JPEG,116710,363944634e03ff2a6d9724047b846371,64602d005c269d017b14495e59fe7e5a43ba510be8bd6be808f00f7b2e3dcdb6,1.0,c56b24b73e6c81c6,ok,111.68234416352061,True,True,cluster_00912,test,/home/dheirav/Code/Deepfake_Detection/deepfake-project/dataset_builder/test/ai_generated/stylegan3_00005.png
data_sources/ai_generated/StyleGAN/stylegan3_00006.png,data_sources/ai_generated/StyleGAN,ai_generated,1024,1024,1.0,JPEG,99093,880f748b4e1bcf605e61620c4da32c13,1d2713bf82d648c06c09e359341b672c9043e65c6f237069e2d7f3a99e0e8e5c,1.0,9e7271636654c69a,ok,153.98437726282916,True,True,cluster_01892,test,/home/dheirav/Code/Deepfake_Detection/deepfake-project/dataset_builder/test/ai_generated/stylegan3_00006.png
data_sources/ai_generated/StyleGAN/stylegan3_00030.png,data_sources/ai_generated/StyleGAN,ai_generated,1024,1024,1.0,JPEG,112994,256ef1acbe49acc48714beae999914b1,f1f57d72ecb5e94bf5e6b710d098eb95eb1899e6ef20a3ba3a2d2e7394c50837,1.0,c84225377c758f96,ok,97.28029494970906,True,True,cluster_01109,test,/home/dheirav/Code/Deepfake_Detection/deepfake-project/dataset_builder/test/ai_generated/stylegan3_00030.png
data_sources/ai_generated/StyleGAN/stylegan3_00038.png,data_sources/ai_generated/StyleGAN,ai_generated,1024,1024,1.0,JPEG,112320,591dc1157d54ad0317c8b19b83cfc9a2,abb0346788065d21d70ec93f4f4052965332aee37e942a191336725354dffbd9,1.0,cd703042bb364f5e,ok,83.7559241967092,True,True,cluster_01155,test,/home/dheirav/Code/Deepfake_Detection/deepfake-project/dataset_builder/test/ai_generated/stylegan3_00038.png
data_sources/ai_generated/StyleGAN/stylegan3_00048.png,data_sources/ai_generated/StyleGAN,ai_generated,1024,1024,1.0,JPEG,120569,94e9525ed1727cf80f2a54780dfe430a,c59a298cef84c2b72fe8837b2d5bd2079503daa2dcc45cc95beff207e287f287,1.0,cbf420226734f6da,ok,90.39484004802944,True,True,cluster_00709,test,/home/dheirav/Code/Deepfake_Detection/deepfake-project/dataset_builder/test/ai_generated/stylegan3_00048.png
data_sources/ai_generated/StyleGAN/stylegan3_00054.png,data_sources/ai_generated/StyleGAN,ai_generated,1024,1024,1.0,JPEG,105732,0730fb15fd570329eafb58a9f5e696ec,1f85a2eaa523e1d86482a9fc011fc83cc4eb68ab0ff55f21e5bcc492b70a3d6f,1.0,a5f88354f22c5fa2,ok,99.08479405193066,True,True,cluster_01533,test,/home/dheirav/Code/Deepfake_Detection/deepfake-project/dataset_builder/test/ai_generated/stylegan3_00054.png
data_sources/ai_generated/StyleGAN/stylegan3_00063.png,data_sources/ai_generated/StyleGAN,ai_generated,1024,1024,1.0,JPEG,111842,5c14fe70f2cdb871989dae76bd99e9c4,77bec80fc9a8babb7aa34c0615aa4e742f7af451b522f5b36a3ee36f8cf1b76e,1.0,c05b40a76da5d65e,ok,120.97367656451294,True,True,cluster_01176,test,/home/dheirav/Code/Deepfake_Detection/deepfake-project/dataset_builder/test/ai_generated/stylegan3_00063.png
data_sources/ai_generated/StyleGAN/stylegan3_00067.png,data_sources/ai_generated/StyleGAN,ai_generated,1024,1024,1.0,JPEG,123346,9d7c4afd392861c7c9a2985f4599850c,19787390d2a4b004c8b2cc94716f03ab51f7be2e173d9ba590b40a28fc3c6a45,1.0,9ea461a7a5f082dd,ok,210.39691377620235,True,True,cluster_00574,test,/home/dheirav/Code/Deepfake_Detection/deepfake-project/dataset_builder/test/ai_generated/stylegan3_00067.png
data_sources/ai_generated/StyleGAN/stylegan3_00075.png,data_sources/ai_generated/StyleGAN,ai_generated,1024,1024,1.0,JPEG,107985,c89548cb5443a95274c34cc203fa0f84,bc15492c823c2d241067d3d0a3b7836d7ec5613f266c8d11d35755f75c878fbd,1.0,da8dfd8f75582240,ok,202.35888518793124,True,True,cluster_01389,test,/home/dheirav/Code/Deepfake_Detection/deepfake-project/dataset_builder/test/ai_generated/stylegan3_00075.png
data_sources/ai_generated/StyleGAN/stylegan3_00077.png,data_sources/ai_generated/StyleGAN,ai_generated,1024,1024,1.0,JPEG,110239,88cabc6def948bf78658a43de2d13902,0cc78443ca6900a0b759512ece8b770440ed517fce03ad49ade67d93502019a1,1.0,cc07751e3c3cba8a,ok,94.95720763612826,True,True,cluster_01282,test,/home/dheirav/Code/Deepfake_Detection/deepfake-project/dataset_builder/test/ai_generated/stylegan3_00077.png
data_sources/ai_generated/StyleGAN/stylegan3_00084.png,data_sources/ai_generated/StyleGAN,ai_generated,1024,1024,1.0,JPEG,100171,eec4885dca86b46a1a0e6e2f4e5b1afb,80098beba464ec2330e50ed249d32ac05d66f0ae2a745d54c5df2ea93f1bd48d,1.0,e25c6bea256c878a,ok,130.99048620811664,True,True,cluster_01849,test,/home/dheirav/Code/Deepfake_Detection/deepfake-project/dataset_builder/test/ai_generated/stylegan3_00084.png
data_sources/ai_generated/StyleGAN/stylegan3_00101.png,data_sources/ai_generated/StyleGAN,ai_generated,1024,1024,1.0,JPEG,138280,f8dd6e76138201464a87f60218b15bd5,6d4da4a461ce4854c50ec663ca50aa04b75400c218342e5a6a084e07227164e7,1.0,cfa41c52f872d2d2,ok,205.3619219312013,True,True,cluster_00173,test,/home/dheirav/Code/Deepfake_Detection/deepfake-project/dataset_builder/test/ai_generated/stylegan3_00101.png
data_sources/ai_generated/StyleGAN/stylegan3_00102.png,data_sources/ai_generated/StyleGAN,ai_generated,1024,1024,1.0,JPEG,122119,3b994646cedc409ea56ba40d836db888,b855ee24109cb9d4ffbb9dbc1cb16fc3e120b1787bd25db83eb8be9dcd3a9c17,1.0,c3d2a87124ade6e6,ok,270.3215701327853,True,True,cluster_00627,test,/home/dheirav/Code/Deepfake_Detection/deepfake-project/dataset_builder/test/ai_generated/stylegan3_00102.png
data_sources/ai_generated/StyleGAN/stylegan3_00104.png,data_sources/ai_generated/StyleGAN,ai_generated,1024,1024,1.0,JPEG,120505,c4e9ef72fd46bccd2f9feb6e9c82a1c5,0f17df661981f8377e2757df8048ce5a27215aa43942467c51c14f8e5fa633b7,1.0,faa560b2b7969688,ok,181.7389259688998,True,True,cluster_00714,test,/home/dheirav/Code/Deepfake_Detection/deepfake-project/dataset_builder/test/ai_generated/stylegan3_00104.png
data_sources/ai_generated/StyleGAN/stylegan3_00118.png,data_sources/ai_generated/StyleGAN,ai_generated,1024,1024,1.0,JPEG,102688,77ed03019f2c1f4ac4a60159e82f0153,f441764de6c432c0d1a14a506bb80ecea092e4dee06feb993f46260816743dbb,1.0,bd4cf027c30fc18e,ok,100.22305678375051,True,True,cluster_01720,test,/home/dheirav/Code/Deepfake_Detection/deepfake-project/dataset_builder/test/ai_generated/stylegan3_00118.png
data_sources/ai_generated/StyleGAN/stylegan3_00119.png,data_sources/ai_generated/StyleGAN,ai_generated,1024,1024,1.0,JPEG,118932,1e56458994e22af481c793d278eb30e9,c18d076af0e58065f72735cd39c2f6042122d23540a53016fa921720312de399,1.0,a13df514d252daaa,ok,181.5496186719647,True,True,cluster_00803,test,/home/dheirav/Code/Deepfake_Detection/deepfake-project/dataset_builder/test/ai_generated/stylegan3_00119.png
data_sources/ai_generated/StyleGAN/stylegan3_00120.png,data_sources/ai_generated/StyleGAN,ai_generated,1024,1024,1.0,JPEG,107294,69a1a144536d02e6f5e3b1f3452d1572,41ef730ab01288dd30cfa3fcd985021749adc0cada7a5fbe0beefc82376981a6,1.0,e097363b703997c8,ok,107.85120579763316,True,True,cluster_01431,test,/home/dheirav/Code/Deepfake_Detection/deepfake-project/dataset_builder/test/ai_generated/stylegan3_00120.png
data_sources/ai_generated/StyleGAN/stylegan3_00121.png,data_sources/ai_generated/StyleGAN,ai_generated,1024,1024,1.0,JPEG,96661,b0c447e491db72acc0a9bd5152711832,54312c53249cf92e385ede274c8a10bc19c75f28129e67547045ff8a3ebea79b,1.0,9d6e6399a48c5663,ok,128.9844824809979,True,True,cluster_01986,test,/home/dheirav/Code/Deepfake_Detection/deepfake-project/dataset_builder/test/ai_generated/stylegan3_00121.png
data_sources/ai_generated/StyleGAN/stylegan3_00131.png,data_sources/ai_generated/StyleGAN,ai_generated,1024,1024,1.0,JPEG,105808,0d1f9f76b52ede7fda27102e4384b318,be86b6033657def28ebcf200336bed88e8d3985abc93648acb52d8849cd3b65b,1.0,da7e612c8f2a8ac3,ok,205.1602419337105,True,True,cluster_01529,test,/home/dheirav/Code/Deepfake_Detection/deepfake-project/dataset_builder/test/ai_generated/stylegan3_00131.png
data_sources/ai_generated/StyleGAN/stylegan3_00134.png,data_sources/ai_generated/StyleGAN,ai_generated,1024,1024,1.0,JPEG,107364,ba6d7f03bbdf5d234ffc05084a4380da,0ea008f64a9d8329102636223ddd82f1b26fe534edd7f86c142449e4c84425ad,1.0,96aca84de9c886de,ok,154.20036885676382,True,True,cluster_01428,test,/home/dheirav/Code/Deepfake_Detection/deepfake-project/dataset_builder/test/ai_generated/stylegan3_00134.png
data_sources/ai_generated/StyleGAN/stylegan3_00135.png,data_sources/ai_generated/StyleGAN,ai_generated,1024,1024,1.0,JPEG,114192,ce79abd7b4f7b90a5fb2e0c4c3601a70,d019f5fa5c329dc20c8d6d384cba30b9764b97c2d46d142b0ffb1b351f3ee4f7,1.0,a0f28d8d583d7ab1,ok,234.72960944894928,True,True,cluster_01038,test,/home/dheirav/Code/Deepfake_Detection/deepfake-project/dataset_builder/test/ai_generated/stylegan3_00135.png
data_sources/ai_generated/StyleGAN/stylegan3_00139.png,data_sources/ai_generated/StyleGAN,ai_generated,1024,1024,1.0,JPEG,108187,731c00f76a4dd2004594d1e415f731ea,8fa2407063ceacb219a49655836e68e486ff16cd78f8783c087b323d527c639d,1.0,9e606967652ec69a,ok,110.99372553168993,True,True,cluster_01375,test,/home/dheirav/Code/Deepfake_Detection/deepfake-project/dataset_builder/test/ai_generated/stylegan3_00139.png
data_sources/ai_generated/StyleGAN/stylegan3_00140.png,data_sources/ai_generated/StyleGAN,ai_generated,1024,1024,1.0,JPEG,132029,d82201489d128b287a08ab9676ed3d34,73adee247b63a48e45f6c2687ecaa0a04a266ad0a9ca40e63a04eb7287f169f7,1.0,cd7c70f26309c38d,ok,137.35953707749923,True,True,cluster_00297,test,/home/dheirav/Code/Deepfake_Detection/deepfake-project/dataset_builder/test/ai_generated/stylegan3_00140.png
data_sources/ai_generated/StyleGAN/stylegan3_00141.png,data_sources/ai_generated/StyleGAN,ai_generated,1024,1024,1.0,JPEG,118652,eece4729305d222a257cc82a7d1b0bdd,47b2b62e8c93680d843a5084b6cbec4a799918215f1d038cf284ac59969ed211,1.0,8a2c7837713dd698,ok,82.63578359583335,True,True,cluster_00816,test,/home/dheirav/Code/Deepfake_Detection/deepfake-project/dataset_builder/test/ai_generated/stylegan3_00141.png
data_sources/ai_generated/StyleGAN/stylegan3_00144.png,data_sources/ai_generated/StyleGAN,ai_generated,1024,1024,1.0,JPEG,107562,d8c12486b4d734119cb58efe6b117ca8,96281e7a888ff90cb8f0df847da7aeb9865c4f506610455e92122c9c13d40f98,1.0,b5c37e27303c32ca,ok,83.36346604485789,True,True,cluster_01419,test,/home/dheirav/Code/Deepfake_Detection/deepfake-project/dataset_builder/test/ai_generated/stylegan3_00144.png
data_sources/ai_generated/StyleGAN/stylegan3_00163.png,data_sources/ai_generated/StyleGAN,ai_generated,1024,1024,1.0,JPEG,135586,3210ad7313ca403b72e745833e3a26e4,fa005e209049b8d82713a18b1243b07cb177a4d5109a427218f6ac5fc1825c7f,1.0,e9780fb115b59893,ok,265.66839314621393,True,True,cluster_00226,test,/home/dheirav/Code/Deepfake_Detection/deepfake-project/dataset_builder/test/ai_generated/stylegan3_00163.png
data_sources/ai_generated/StyleGAN/stylegan3_00172.png,data_sources/ai_generated/StyleGAN,ai_generated,1024,1024,1.0,JPEG,129577,b30f632ee9dacfd83c1558b4238e4aeb,548b4ebe4affe7a8fb2ea42395c5a3a1e6f4368de3bba4f74f9a6f3261729a72,1.0,9576e9c6c88cd293,ok,265.6780135102417,True,True,cluster_00352,test,/home/dheirav/Code/Deepfake_Detection/deepfake-project/dataset_builder/test/ai_generated/stylegan3_00172.png
data_sources/ai_generated/StyleGAN/stylegan3_00192.png,data_sources/ai_generated/StyleGAN,ai_generated,1024,1024,1.0,JPEG,118941,ad44f4b1b74156829dd2a2bfe3802a0b,57d4e774e6713afa0c34931ab3b73a9ed59155c423ae86e65091e89519fdb22d,1.0,a00df1f083bf8a8f,ok,139.39353845894857,True,True,cluster_00802,test,/home/dheirav/Code/Deepfake_Detection/deepfake-project/dataset_builder/test/ai_generated/stylegan3_00192.png
data_sources/ai_generated/StyleGAN/stylegan3_00207.png,data_sources/ai_generated/StyleGAN,ai_generated,1024,1024,1.0,JPEG,108775,eb64bef724f9f4214ccac879dcf8f751,18870cdfb13a98f7f8c1720f61aef37ab2283ba4f64acbeaf141d9f8fe3364da,1.0,8b8f285e703ca71e,ok,211.2791768672032,True,True,cluster_01349,test,/home/dheirav/Code/Deepfake_Detection/deepfake-project/dataset_builder/test/ai_generated/stylegan3_00207.png
data_sources/ai_generated/StyleGAN/stylegan3_00214.png,data_sources/ai_generated/StyleGAN,ai_generated,1024,1024,1.0,JPEG,129700,882402d7efddf7caf65e7d072d010e44,099c5116f88678cd3ffc1fc0456bcc0f3a06ac1514902b984e9560693bdc6f2e,1.0,94ea5209e878f5da,ok,93.3915733369322,True,True,cluster_00350,test,/home/dheirav/Code/Deepfake_Detection/deepfake-project/dataset_builder/test/ai_generated/stylegan3_00214.png
data_sources/ai_generated/StyleGAN/stylegan3_00220.png,data_sources/ai_generated/StyleGAN,ai_generated,1024,1024,1.0,JPEG,121599,8a21b490c8a02ef3710f8d6e3763681b,faa8fd1916363697a9e981e86a6e61315cae8177f9d39a188f456a55c914c92e,1.0,ca003dfc20aff09f,ok,93.61324412619342,True,True,cluster_00658,test,/home/dheirav/Code/Deepfake_Detection/deepfake-project/dataset_builder/test/ai_generated/stylegan3_00220.png
data_sources/ai_generated/StyleGAN/stylegan3_00243.png,data_sources/ai_generated/StyleGAN,ai_generated,1024,1024,1.0,JPEG,114880,4ac2b4c6ce0436d11553852ed60181ab,43696310e795f7cf50f3fe3f761e5c54650ff5c302d021e612cb0fbc2fa3cc84,1.0,9e6063ac67c1da8b,ok,154.1622225155843,True,True,cluster_00989,test,/home/dheirav/Code/Deepfake_Detection/deepfake-project/dataset_builder/test/ai_generated/stylegan3_00243.png
data_sources/ai_generated/StyleGAN/stylegan3_00247.png,data_sources/ai_generated/StyleGAN,ai_generated,1024,1024,1.0,JPEG,104756,02b98d604152fb60e666fe115d2710a9,fa44cb79f652ef7c32a615c67c42c60b413360b618bcc4c1598fa353a5940744,1.0,9452dee87d2d2136,ok,164.05191732867024,True,True,cluster_01591,test,/home/dheirav/Code/Deepfake_Detection/deepfake-project/dataset_builder/test/ai_generated/stylegan3_00247.png
data_sources/ai_generated/StyleGAN/stylegan3_00253.png,data_sources/ai_generated/StyleGAN,ai_generated,1024,1024,1.0,JPEG,101114,ea6a0b104a21521349f34320634340b1,e7b7381a1512fcac3d8367ee45aa103b5bd27f21ffe0d2b7159e536216c62b88,1.0,87531e9e3af81961,ok,300.81989829515805,True,True,cluster_01788,test,/home/dheirav/Code/Deepfake_Detection/deepfake-project/dataset_builder/test/ai_generated/stylegan3_00253.png
data_sources/ai_generated/StyleGAN/stylegan3_00259.png,data_sources/ai_generated/StyleGAN,ai_generated,1024,1024,1.0,JPEG,121756,25dae145111c5ea4a257f695dfc12e90,125b72a7b4b043309449ceb507899aea7e2ca0e1ec82587f451614db91321d58,1.0,baf805cde503ca95,ok,230.4049897333607,True,True,cluster_00653,test,/home/dheirav/Code/Deepfake_Detection/deepfake-project/dataset_builder/test/ai_generated/stylegan3_00259.png
data_sources/ai_generated/StyleGAN/stylegan3_00260.png,data_sources/ai_generated/StyleGAN,ai_generated,1024,1024,1.0,JPEG,112981,117136b6d13f5658ca5a016a95a84183,948e0773250af36b1c45762a5f3be739997d182451d3ebf1411e91bab14ada36,1.0,c7783836203ce7ce,ok,228.9145291717859,True,True,cluster_01110,test,/home/dheirav/Code/Deepfake_Detection/deepfake-project/dataset_builder/test/ai_generated/stylegan3_00260.png
data_sources/ai_generated/StyleGAN/stylegan3_00265.png,data_sources/ai_generated/StyleGAN,ai_generated,1024,1024,1.0,JPEG,101883,e9fe76379103f1ae4e3764287adac178,4ac56f5bff570e74aff44eb67282cd5cd8d6d2ebb82a5c1d60a2ddc75a9cca78,1.0,dbec7276a130839a,ok,86.42232971436079,True,True,cluster_01750,test,/home/dheirav/Code/Deepfake_Detection/deepfake-project/dataset_builder/test/ai_generated/stylegan3_00265.png
data_sources/ai_generated/StyleGAN/stylegan3_00266.png,data_sources/ai_generated/StyleGAN,ai_generated,1024,1024,1.0,JPEG,103445,987a5d8ba94eea32f23f4b3af49a5c00,d285bb80f7cbd2e13cd9c1bc563027d507f327399833c2e1d34c764d4f63f4a9,1.0,affa347224719293,ok,280.8445712738576,True,True,cluster_01669,test,/home/dheirav/Code/Deepfake_Detection/deepfake-project/dataset_builder/test/ai_generated/stylegan3_00266.png
data_sources/ai_generated/StyleGAN/stylegan3_00271.png,data_sources/ai_generated/StyleGAN,ai_generated,1024,1024,1.0,JPEG,141462,f012a0c18c17f0d4d4fbc380f09bf047,747514d96aa41d8140656ad964f27713db680d575c67faf73dea68f2adb265da,1.0,8b373e703438d38e,ok,292.62754579883403,True,True,cluster_00129,test,/home/dheirav/Code/Deepfake_Detection/deepfake-project/dataset_builder/test/ai_generated/stylegan3_00271.png
data_sources/ai_generated/StyleGAN/stylegan3_00278.png,data_sources/ai_generated/StyleGAN,ai_generated,1024,1024,1.0,JPEG,106685,02a623514553bfb53bb62ec74345c3b6,075fafa97cd0f24c93820add8826ee90bdb3d7dabe71673ef01fb3e8296e8a93,1.0,ce80a78750bd5f8c,ok,148.90716817794507,True,True,cluster_01478,test,/home/dheirav/Code/Deepfake_Detection/deepfake-project/dataset_builder/test/ai_generated/stylegan3_00278.png
data_sources/ai_generated/StyleGAN/stylegan3_00291.png,data_sources/ai_generated/StyleGAN,ai_generated,1024,1024,1.0,JPEG,99965,c865407800fab384f2ea21a6272ed95f,8de1667acba0b7d9111aa6ed80b16f49560b6e9de6a333a565f224d3358102eb,1.0,f1ea4ea92de406d8,ok,260.78587627406426,True,True,cluster_01859,test,/home/dheirav/Code/Deepfake_Detection/deepfake-project/dataset_builder/test/ai_generated/stylegan3_00291.png
data_sources/ai_generated/StyleGAN/stylegan3_00309.png,data_sources/ai_generated/StyleGAN,ai_generated,1024,1024,1.0,JPEG,129008,3f728799cd8f56e4b6996eb42f2cec60,7c546de741d8436ea927f1c651efa8d329c15c7e8859aecd3b5a577ae51fbaf7,1.0,a642ed2da17a83d5,ok,119.74148630816399,True,True,cluster_00365,test,/home/dheirav/Code/Deepfake_Detection/deepfake-project/dataset_builder/test/ai_generated/stylegan3_00309.png
data_sources/ai_generated/StyleGAN/stylegan3_00313.png,data_sources/ai_generated/StyleGAN,ai_generated,1024,1024,1.0,JPEG,132896,aa15e46c7034820c322ef7131fdcd986,dc9104485502d99be4e2ddfa9e9c021a106f80b210905d83a40f128376c66e79,1.0,8ff87796723c3208,ok,448.3361934893027,True,True,cluster_00275,test,/home/dheirav/Code/Deepfake_Detection/deepfake-project/dataset_builder/test/ai_generated/stylegan3_00313.png
data_sources/ai_generated/StyleGAN/stylegan3_00316.png,data_sources/ai_generated/StyleGAN,ai_generated,1024,1024,1.0,JPEG,159213,1738c3ccb41d6afe31aded93581f295b,8a2f07102dbeb3ce6a22b5ebc3265b375afa64071427d3a9405723c762c3b33e,1.0,ba3ef1b0958ac686,ok,492.7321891397942,True,True,cluster_00028,test,/home/dheirav/Code/Deepfake_Detection/deepfake-project/dataset_builder/test/ai_generated/stylegan3_00316.png
data_sources/ai_generated/StyleGAN/stylegan3_00317.png,data_sources/ai_generated/StyleGAN,ai_generated,1024,1024,1.0,JPEG,114105,4da9eeed71b505b280078947d04ec476,5335bb0dd9094b39d87a263ac132ad52200baa811d17bcf6127cd23dea86dc8e,1.0,9de0f0f72033db88,ok,150.07608699614408,True,True,cluster_01045,test,/home/dheirav/Code/Deepfake_Detection/deepfake-project/dataset_builder/test/ai_generated/stylegan3_00317.png
data_sources/ai_generated/StyleGAN/stylegan3_00327.png,data_sources/ai_generated/StyleGAN,ai_generated,1024,1024,1.0,JPEG,119125,ffd7ce5b9d1d671fa0ffb8c86cec0482,66ffafa41341e1c6c5704bb3416d3219e5978517721d41831715edea833b3968,1.0,98ca2167a66ce69d,ok,101.96910622854193,True,True,cluster_00790,test,/home/dheirav/Code/Deepfake_Detection/deepfake-project/dataset_builder/test/ai_generated/stylegan3_00327.png
data_sources/ai_generated/StyleGAN/stylegan3_00334.png,data_sources/ai_generated/StyleGAN,ai_generated,1024,1024,1.0,JPEG,157411,1714710bb054481c78c99f756578a758,f77107189c79a279350a32d1f35d3db8f042315c85f35638be6aa6ae05b8e895,1.0,c24fa5213437b6da,ok,376.6328885722578,True,True,cluster_00034,test,/home/dheirav/Code/Deepfake_Detection/deepfake-project/dataset_builder/test/ai_generated/stylegan3_00334.png
data_sources/ai_generated/StyleGAN/stylegan3_00335.png,data_sources/ai_generated/StyleGAN,ai_generated,1024,1024,1.0,JPEG,122872,5b6216e9fcb49c9e311d0f7117a20121,bda26a290e8eeff4cdb76aab7c765e3b5c90732c5f9653f3cb2c523dcc89b498,1.0,faad25e236c2829e,ok,236.71178108492217,True,True,cluster_00587,test,/home/dheirav/Code/Deepfake_Detection/deepfake-project/dataset_builder/test/ai_generated/stylegan3_00335.png
data_sources/ai_generated/StyleGAN/stylegan3_00347.png,data_sources/ai_generated/StyleGAN,ai_generated,1024,1024,1.0,JPEG,105027,a04c543ec5f00b8a39a4499f664ad983,759d6ab91a420084f11e3ffce04d898630298c412bcffc7c4b0feab526bb3fb4,1.0,eae067a107ed96c8,ok,117.63400673527212,True,True,cluster_01581,test,/home/dheirav/Code/Deepfake_Detection/deepfake-project/dataset_builder/test/ai_generated/stylegan3_00347.png
data_sources/ai_generated/StyleGAN/stylegan3_00353.png,data_sources/ai_generated/StyleGAN,ai_generated,1024,1024,1.0,JPEG,119118,8fa6edd6b89995a3ef3a9dde08cd9982,34055d29c2aab32077a24c85f445ed23ef320644404f7863d3940dd3e51ad684,1.0,e6a9ad95d4d49498,ok,253.8332974381301,True,True,cluster_00791,test,/home/dheirav/Code/Deepfake_Detection/deepfake-project/dataset_builder/test/ai_generated/stylegan3_00353.png
data_sources/ai_generated/StyleGAN/stylegan3_00357.png,data_sources/ai_generated/StyleGAN,ai_generated,1024,1024,1.0,JPEG,106932,447e5d460f041cd868b3a4c180510c3e,4ed67aa5242a3f937d551f85187d3bff7ccf03e0282299c87487e4cee7c963cd,1.0,aa2821253736d7d7,ok,108.15048121325434,True,True,cluster_01460,test,/home/dheirav/Code/Deepfake_Detection/deepfake-project/dataset_builder/test/ai_generated/stylegan3_00357.png
data_sources/ai_generated/StyleGAN/stylegan3_00362.png,data_sources/ai_generated/StyleGAN,ai_generated,1024,1024,1.0,JPEG,98040,31ad8edcccd7f9198f3d013669ba352e,dcc29d167c0878e670d3a07fd7dc6e3cb5df2ac7f8358c6fef0f0dcd36512d65,1.0,d81fe12782dc8ad9,ok,124.75798179555204,True,True,cluster_01938,test,/home/dheirav/Code/Deepfake_Detection/deepfake-project/dataset_builder/test/ai_generated/stylegan3_00362.png
data_sources/ai_generated/StyleGAN/stylegan3_00366.png,data_sources/ai_generated/StyleGAN,ai_generated,1024,1024,1.0,JPEG,132636,68d6a633beec4a9e7fa034a30a3e241d,d6ff470db556fc9df4d46b138936f0488b732451e0a68ae4e875670f86fba395,1.0,9ccbb44e703f302e,ok,115.68790528560838,True,True,cluster_00281,test,/home/dheirav/Code/Deepfake_Detection/deepfake-project/dataset_builder/test/ai_generated/stylegan3_00366.png
data_sources/ai_generated/StyleGAN/stylegan3_00376.png,data_sources/ai_generated/StyleGAN,ai_generated,1024,1024,1.0,JPEG,97191,dc9eaa14cb92bf528951f3b117dbcb3d,2715fbd300b25684bbfe8887b853f4d591d51d90cf468628fd4f6804428ecd51,1.0,ad3ff49282f056d0,ok,282.9063720674603,True,True,cluster_01967,test,/home/dheirav/Code/Deepfake_Detection/deepfake-project/dataset_builder/test/ai_generated/stylegan3_00376.png
data_sources/ai_generated/StyleGAN/stylegan3_00380.png,data_sources/ai_generated/StyleGAN,ai_generated,1024,1024,1.0,JPEG,117629,5f952ab596692bd8df6dcf19b7432d09,310846ad2f904bba358ff89e119e82fb87d4ab98dc4d8a66cc529865ff59135d,1.0,fda0a0b23377c3c2,ok,141.1720236142828,True,True,cluster_00856,test,/home/dheirav/Code/Deepfake_Detection/deepfake-project/dataset_builder/test/ai_generated/stylegan3_00380.png
data_sources/ai_generated/StyleGAN/stylegan3_00388.png,data_sources/ai_generated/StyleGAN,ai_generated,1024,1024,1.0,JPEG,102748,87d09b974ca90c8e5b9d44fbae0b35f5,6bce9ff0418a0658b79617c809ee9447fa024791a191c028140b5c114f3626b9,1.0,cf9d1cb4712f2289,ok,123.46525088681571,True,True,cluster_01717,test,/home/dheirav/Code/Deepfake_Detection/deepfake-project/dataset_builder/test/ai_generated/stylegan3_00388.png
data_sources/ai_generated/StyleGAN/stylegan3_00389.png,data_sources/ai_generated/StyleGAN,ai_generated,1024,1024,1.0,JPEG,134023,a2b4f9564523af6944ae06dfd86f3484,315258e59c4f097e1661fa0efae1068de658a9a22d768151f6e443a9061dfaf1,1.0,808b7c93b6d986e6,ok,168.74892911814095,True,True,cluster_00255,test,/home/dheirav/Code/Deepfake_Detection/deepfake-project/dataset_builder/test/ai_generated/stylegan3_00389.png
data_sources/ai_generated/StyleGAN/stylegan3_00390.png,data_sources/ai_generated/StyleGAN,ai_generated,1024,1024,1.0,JPEG,107932,a52d724c7277f6448c61342695d5bb19,caab8d0ada1f4329c1fda53eadf7131022641e5b7c24efc1c44cbeb7a1d4c6a1,1.0,9a717cdd059aca92,ok,93.00263826774516,True,True,cluster_01393,test,/home/dheirav/Code/Deepfake_Detection/deepfake-project/dataset_builder/test/ai_generated/stylegan3_00390.png
data_sources/ai_generated/StyleGAN/stylegan3_00404.png,data_sources/ai_generated/StyleGAN,ai_generated,1024,1024,1.0,JPEG,122465,fe7bc3284034eb5a88728f067ed42b90,f51750df243e836b969df601c301f24e8bc3e0df9a7b967933e8b76324e1fa44,1.0,9f4139723863a3cb,ok,106.15560487186303,True,True,cluster_00611,test,/home/dheirav/Code/Deepfake_Detection/deepfake-project/dataset_builder/test/ai_generated/stylegan3_00404.png
data_sources/ai_generated/StyleGAN/stylegan3_00410.png,data_sources/ai_generated/StyleGAN,ai_generated,1024,1024,1.0,JPEG,114640,9e8ce93774c4f1cfe76d499043f16388,8be66298aa78d1c68f47c0b288881df401a003b57a62973ddeaa424afc3d71ad,1.0,881e218ba72dd7d5,ok,124.13410210763323,True,True,cluster_01012,test,/home/dheirav/Code/Deepfake_Detection/deepfake-project/dataset_builder/test/ai_generated/stylegan3_00410.png
data_sources/ai_generated/StyleGAN/stylegan3_00411.png,data_sources/ai_generated/StyleGAN,ai_generated,1024,1024,1.0,JPEG,99278,84944c7dc52b2d3e42525801b48ded84,0d1e818508147593de2d8adca4bb3feb2df348b234c93c7b76c81b8c843a0aa8,1.0,faf5a087c08daf88,ok,87.61027981587448,True,True,cluster_01886,test,/home/dheirav/Code/Deepfake_Detection/deepfake-project/dataset_builder/test/ai_generated/stylegan3_00411.png
data_sources/ai_generated/StyleGAN/stylegan3_00417.png,data_sources/ai_generated/StyleGAN,ai_generated,1024,1024,1.0,JPEG,124232,990ada287a379b6c17ea5e1386624022,a1100cabdae979e5df8e7c42d77a6f22cb8229adf261cd896efc7e0fb428e639,1.0,9494589ee85f80fe,ok,93.0797891386892,True,True,cluster_00534,test,/home/dheirav/Code/Deepfake_Detection/deepfake-project/dataset_builder/test/ai_generated/stylegan3_00417.png
data_sources/ai_generated/StyleGAN/stylegan3_00422.png,data_sources/ai_generated/StyleGAN,ai_generated,1024,1024,1.0,JPEG,127669,89ca7643dc716e7e57d6dd8bdd8c1860,af3f7fcb06d3de5a18a6372d13aab149cf0a2fa2e62644bd01c90b9215bd0c5d,1.0,f885e516462afa99,ok,182.98011743687312,True,True,cluster_00416,test,/home/dheirav/Code/Deepfake_Detection/deepfake-project/dataset_builder/test/ai_generated/stylegan3_00422.png
data_sources/ai_generated/StyleGAN/stylegan3_00442.png,data_sources/ai_generated/StyleGAN,ai_generated,1024,1024,1.0,JPEG,99690,545802fa8ab5b3ec3a0b6cfe6ae6e56f,bc2bbd8788d91d606b6e5b56f3c57bb1ec7c5e3b1c3499bd0e9d90769ad9b87d,1.0,bd69b2f082d2c393,ok,155.8811763473995,True,True,cluster_01872,test,/home/dheirav/Code/Deepfake_Detection/deepfake-project/dataset_builder/test/ai_generated/stylegan3_00442.png
data_sources/ai_generated/StyleGAN/stylegan3_00454.png,data_sources/ai_generated/StyleGAN,ai_generated,1024,1024,1.0,JPEG,146688,a94e3e147fff8be6175466b4ed408a3d,3372f93e02a2fb3f96b0a174959ece05ee5c3592772066e999970eec591cc542,1.0,9a91132908797df7,ok,591.487484551223,True,True,cluster_00090,test,/home/dheirav/Code/Deepfake_Detection/deepfake-project/dataset_builder/test/ai_generated/stylegan3_00454.png
data_sources/ai_generated/StyleGAN/stylegan3_00466.png,data_sources/ai_generated/StyleGAN,ai_generated,1024,1024,1.0,JPEG,111907,a6325aeb5092daf0d639475043493c37,1d527e6ed20cba479a9eb0acc6653c53f37a443b862862245b782b34070303a0,1.0,cb34ed87c03d3598,ok,90.16812787452999,True,True,cluster_01172,test,/home/dheirav/Code/Deepfake_Detection/deepfake-project/dataset_builder/test/ai_generated/stylegan3_00466.png
data_sources/ai_generated/StyleGAN/stylegan3_00467.png,data_sources/ai_generated/StyleGAN,ai_generated,1024,1024,1.0,JPEG,157708,6987d09227ff8ff97e49a1c74830ba82,455fbbbbe8263ec2055311cfb41b06cc8775e9dd768a10f3ad332c971f7dcf2b,1.0,ce7554ab617e8330,ok,312.0071687686104,True,True,cluster_00032,test,/home/dheirav/Code/Deepfake_Detection/deepfake-project/dataset_builder/test/ai_generated/stylegan3_00467.png
data_sources/ai_generated/StyleGAN/stylegan3_00479.png,data_sources/ai_generated/StyleGAN,ai_generated,1024,1024,1.0,JPEG,119385,3592ca8c143b25cae3191f36a621b769,21cca7eeb6e960904dff3b032978b24025cf52f6f38c12a022f06a08f9448235,1.0,b0cb1d2e783472cb,ok,128.08879740639532,True,True,cluster_00773,test,/home/dheirav/Code/Deepfake_Detection/deepfake-project/dataset_builder/test/ai_generated/stylegan3_00479.png
data_sources/ai_generated/StyleGAN/stylegan3_00481.png,data_sources/ai_generated/StyleGAN,ai_generated,1024,1024,1.0,JPEG,100195,c70a32c32ef0267cacdc01cf11e3c0d3,7078068c356a3339722e06de5acb81491d76b40a3144df40f44888c315757846,1.0,c10d3e767920cedc,ok,87.54063795687398,True,True,cluster_01848,test,/home/dheirav/Code/Deepfake_Detection/deepfake-project/dataset_builder/test/ai_generated/stylegan3_00481.png
data_sources/ai_generated/StyleGAN/stylegan3_00488.png,data_sources/ai_generated/StyleGAN,ai_generated,1024,1024,1.0,JPEG,105392,6edb710f260624d18e3c1ff32c44e06a,183c0194fbdaaca2c7e28ca9cfc49001beebf0bbb170baeeca72977e1b6a8691,1.0,8f503c23b05df28f,ok,156.15530341303383,True,True,cluster_01557,test,/home/dheirav/Code/Deepfake_Detection/deepfake-project/dataset_builder/test/ai_generated/stylegan3_00488.png
data_sources/ai_generated/StyleGAN/stylegan3_00494.png,data_sources/ai_generated/StyleGAN,ai_generated,1024,1024,1.0,JPEG,145518,c2fd6db33e448cec582ac356a7ae8309,7792b24af7ab1a887eb63ba5ac7d37d770d3e5be57f85931d48daddccaa01bbc,1.0,bfaff4e080c8d292,ok,188.03724095174306,True,True,cluster_00102,test,/home/dheirav/Code/Deepfake_Detection/deepfake-project/dataset_builder/test/ai_generated/stylegan3_00494.png
data_sources/ai_generated/StyleGAN/stylegan3_00504.png,data_sources/ai_generated/StyleGAN,ai_generated,1024,1024,1.0,JPEG,135891,91846f674424949fe38cfba46b7a14a7,fac6683b4b9e38bd5c47312dea89ef3faaafbb512d33d4aec3bb6697649a0127,1.0,b19e875b4c690a9b,ok,228.78871801837425,True,True,cluster_00216,test,/home/dheirav/Code/Deepfake_Detection/deepfake-project/dataset_builder/test/ai_generated/stylegan3_00504.png
data_sources/ai_generated/StyleGAN/stylegan3_00507.png,data_sources/ai_generated/StyleGAN,ai_generated,1024,1024,1.0,JPEG,117418,7df717d1015d2462a2ee0f0634ea6b69,69b65d9ed9aa84e7490d50d121b06c9e7dd4872d8559ae66b366247fa77452f9,1.0,a53836d0f2dd9899,ok,203.64542151585823,True,True,cluster_00873,test,/home/dheirav/Code/Deepfake_Detection/deepfake-project/dataset_builder/test/ai_generated/stylegan3_00507.png
data_sources/ai_generated/StyleGAN/stylegan3_00509.png,data_sources/ai_generated/StyleGAN,ai_generated,1024,1024,1.0,JPEG,113350,ecca0a7a3992e2d4dc45ee60585b4349,12968253e75e39b0a21d75321047eadca5bdfbb2436c0e52f30ad9c2c2abcba4,1.0,b9fc4b836178a293,ok,205.2660667909331,True,True,cluster_01089,test,/home/dheirav/Code/Deepfake_Detection/deepfake-project/dataset_builder/test/ai_generated/stylegan3_00509.png
data_sources/ai_generated/StyleGAN/stylegan3_00510.png,data_sources/ai_generated/StyleGAN,ai_generated,1024,1024,1.0,JPEG,106236,67c50228e10e299b8325ccaf4f7dd418,67298f241bb17e31bfd60e2de9853f0eadabc6365c16e94bbe5e8fc4090ccc3a,1.0,8db476b2255acac9,ok,187.1728066937639,True,True,cluster_01504,test,/home/dheirav/Code/Deepfake_Detection/deepfake-project/dataset_builder/test/ai_generated/stylegan3_00510.png
data_sources/ai_generated/StyleGAN/stylegan3_00519.png,data_sources/ai_generated/StyleGAN,ai_generated,1024,1024,1.0,JPEG,119098,a0ddcfd680e4999a15b9c61a542fec19,a65409896e4879a74e7157ec2bc557bd05df439d9c2c305a4e68d0a5a98a47eb,1.0,ca4b3437707c23bc,ok,108.15544932379908,True,True,cluster_00794,test,/home/dheirav/Code/Deepfake_Detection/deepfake-project/dataset_builder/test/ai_generated/stylegan3_00519.png
data_sources/ai_generated/StyleGAN/stylegan3_00529.png,data_sources/ai_generated/StyleGAN,ai_generated,1024,1024,1.0,JPEG,128895,ef69acf30ba769dba5bc7bcfe7a2c7c4,11017a0978d89e4738f0480eeca30ad02efc651af7481c30aca86e915f531679,1.0,de6b25f09b08ec16,ok,95.31409929806887,True,True,cluster_00370,test,/home/dheirav/Code/Deepfake_Detection/deepfake-project/dataset_builder/test/ai_generated/stylegan3_00529.png
data_sources/ai_generated/StyleGAN/stylegan3_00538.png,data_sources/ai_generated/StyleGAN,ai_generated,1024,1024,1.0,JPEG,109854,9df0dde7f26a2eba76b6d59b117a60aa,5832b3d8c6fd713926d28080fd8ecde14c3009aae4a6e0306b090d941b88ef51,1.0,f80f71f0275a6e81,ok,161.24418250590315,True,True,cluster_01298,test,/home/dheirav/Code/Deepfake_Detection/deepfake-project/dataset_builder/test/ai_generated/stylegan3_00538.png
data_sources/ai_generated/StyleGAN/stylegan3_00542.png,data_sources/ai_generated/StyleGAN,ai_generated,1024,1024,1.0,JPEG,108820,4771f600874f2de26979ef117369f41c,27784cb63af45f952424f21e9308836dca5706d99afdf215f19b2ef39afd43c1,1.0,d4cc68b7303613de,ok,170.22115130870588,True,True,cluster_01346,test,/home/dheirav/Code/Deepfake_Detection/deepfake-project/dataset_builder/test/ai_generated/stylegan3_00542.png
data_sources/ai_generated/StyleGAN/stylegan3_00560.png,data_sources/ai_generated/StyleGAN,ai_generated,1024,1024,1.0,JPEG,105470,2380840511b3d41b2f19fe3353f326d9,6ab53ec827deb0c3b35d0068cf478d2b9b2a7559fb55c73677db1fbbde6bb5c7,1.0,d6e11e6a285d7b88,ok,180.60535324207643,True,True,cluster_01549,test,/home/dheirav/Code/Deepfake_Detection/deepfake-project/dataset_builder/test/ai_generated/stylegan3_00560.png
data_sources/ai_generated/StyleGAN/stylegan3_00561.png,data_sources/ai_generated/StyleGAN,ai_generated,1024,1024,1.0,JPEG,117357,4c2bc33a493f82e88011cd1041b4c508,41d14d7821d559b52b3de8dbb1ebc78ea35df1ceb514d27c00f7ed39bcd27c8e,1.0,deb060fbe269c2c2,ok,86.09062766957504,True,True,cluster_00877,test,/home/dheirav/Code/Deepfake_Detection/deepfake-project/dataset_builder/test/ai_generated/stylegan3_00561.png
data_sources/ai_generated/StyleGAN/stylegan3_00564.png,data_sources/ai_generated/StyleGAN,ai_generated,1024,1024,1.0,JPEG,128837,dd879f72c187e2fdaf7a01f680417cce,85c37f44067d119aa0365d86b443d8a2d54ef8c021eef55b22194c5c3d63837b,1.0,c1153f52783dcd8c,ok,302.23891149338664,True,True,cluster_00372,test,/home/dheirav/Code/Deepfake_Detection/deepfake-project/dataset_builder/test/ai_generated/stylegan3_00564.png
data_sources/ai_generated/StyleGAN/stylegan3_00570.png,data_sources/ai_generated/StyleGAN,ai_generated,1024,1024,1.0,JPEG,99929,937c91347b9e077724e7ba29c8268e0a,9c27a584d2b8354b5a07f187005178359e172c5f36bf0b6465a981b0c782b4fb,1.0,fdf2b0b502a5c28d,ok,97.49670617416268,True,True,cluster_01862,test,/home/dheirav/Code/Deepfake_Detection/deepfake-project/dataset_builder/test/ai_generated/stylegan3_00570.png
data_sources/ai_generated/StyleGAN/stylegan3_00589.png,data_sources/ai_generated/StyleGAN,ai_generated,1024,1024,1.0,JPEG,101017,aaed73b80bedceb45471c723c8897b21,8395953764e4e3b357d34d496fb8bc61450ed03aea43897a996604a55fe4f2d4,1.0,864b38257d3a7f88,ok,81.75956022059745,True,True,cluster_01796,test,/home/dheirav/Code/Deepfake_Detection/deepfake-project/dataset_builder/test/ai_generated/stylegan3_00589.png
data_sources/ai_generated/StyleGAN/stylegan3_00590.png,data_sources/ai_generated/StyleGAN,ai_generated,1024,1024,1.0,JPEG,112365,92e7963f3d07a0a09f93461babd0e161,203e766d88964071103fd2ddadbfa6e840cf865ff24326d2757979d70f56f7f5,1.0,83d2369a32592f1f,ok,93.94948574846694,True,True,cluster_01151,test,/home/dheirav/Code/Deepfake_Detection/deepfake-project/dataset_builder/test/ai_generated/stylegan3_00590.png
data_sources/ai_generated/StyleGAN/stylegan3_00592.png,data_sources/ai_generated/StyleGAN,ai_generated,1024,1024,1.0,JPEG,114895,7bbfc9741b355587f6e350a782a4f8c2,f6ffe9fa0f0ae6f137d9552a453c440e8e9bd179fa30d7c004d5f5636464ee1e,1.0,fa68a0f5570d3487,ok,93.9042664535873,True,True,cluster_00988,test,/home/dheirav/Code/Deepfake_Detection/deepfake-project/dataset_builder/test/ai_generated/stylegan3_00592.png
data_sources/ai_generated/StyleGAN/stylegan3_00602.png,data_sources/ai_generated/StyleGAN,ai_generated,1024,1024,1.0,JPEG,100897,5a562c558fe83b573b6ed3ded30d4464,d433bcc7e8cba38469a28b502d844bfc088f3068ec19f34f8e885352748579d5,1.0,b80a07636578ecdb,ok,130.32323470301247,True,True,cluster_01803,test,/home/dheirav/Code/Deepfake_Detection/deepfake-project/dataset_builder/test/ai_generated/stylegan3_00602.png
data_sources/ai_generated/StyleGAN/stylegan3_00612.png,data_sources/ai_generated/StyleGAN,ai_generated,1024,1024,1.0,JPEG,106505,79c441dcc5a37a9f196b0f70ec01a992,0a0b92906ea0a62744ee750590ec35bfda3ad33cfd5c6c284a8010e0522d8ddb,1.0,9a4129e7752ad791,ok,86.40443594948374,True,True,cluster_01485,test,/home/dheirav/Code/Deepfake_Detection/deepfake-project/dataset_builder/test/ai_generated/stylegan3_00612.png
data_sources/ai_generated/StyleGAN/stylegan3_00613.png,data_sources/ai_generated/StyleGAN,ai_generated,1024,1024,1.0,JPEG,114457,506a9ba1b3640bd318d3c630ebd6160e,bc93bedb3191c80c5789dd4ebed88f1dd3877a44fb42ce180fd43ef582cec61f,1.0,ed8bd6b051b2c1c6,ok,354.99752375532626,True,True,cluster_01022,test,/home/dheirav/Code/Deepfake_Detection/deepfake-project/dataset_builder/test/ai_generated/stylegan3_00613.png
data_sources/ai_generated/StyleGAN/stylegan3_00616.png,data_sources/ai_generated/StyleGAN,ai_generated,1024,1024,1.0,JPEG,123407,6c60b4fd58c2bdd75870ac89a49552b3,7106c15c06b3e52d9f484049b029c7952070b85edb90084018d2e97606c06f08,1.0,b56d3cf620fc809a,ok,625.376825636914,True,True,cluster_00569,test,/home/dheirav/Code/Deepfake_Detection/deepfake-project/dataset_builder/test/ai_generated/stylegan3_00616.png
data_sources/ai_generated/StyleGAN/stylegan3_00626.png,data_sources/ai_generated/StyleGAN,ai_generated,1024,1024,1.0,JPEG,120309,641c1e895a6f5b34a2562891cbf701b1,c04406e73ff39034c19532c3b94fd79f73338e16cc651fe62eea12ddbd3161c0,1.0,a7353eb07833f08c,ok,200.85375301006934,True,True,cluster_00731,test,/home/dheirav/Code/Deepfake_Detection/deepfake-project/dataset_builder/test/ai_generated/stylegan3_00626.png
data_sources/ai_generated/StyleGAN/stylegan3_00634.png,data_sources/ai_generated/StyleGAN,ai_generated,1024,1024,1.0,JPEG,130962,f46d6cf9153fb80d910cb36fa4b703ca,9be7e942679d6078ad1042241ed39b082d66c8ca759d3e374fd6fca452e477de,1.0,a1c17fb639303bd0,ok,213.00478375108554,True,True,cluster_00320,test,/home/dheirav/Code/Deepfake_Detection/deepfake-project/dataset_builder/test/ai_generated/stylegan3_00634.png
data_sources/ai_generated/StyleGAN/stylegan3_00635.png,data_sources/ai_generated/StyleGAN,ai_generated,1024,1024,1.0,JPEG,139375,3295360bc8c0b34685ab4bfc7c06715b,9cb3f086c6f630a7ebba03b3e4978a39dfd1f1cee7c1de2a661eef856b00c013,1.0,b1e506d6a65e8b98,ok,160.72718237386653,True,True,cluster_00157,test,/home/dheirav/Code/Deepfake_Detection/deepfake-project/dataset_builder/test/ai_generated/stylegan3_00635.png
data_sources/ai_generated/StyleGAN/stylegan3_00645.png,data_sources/ai_generated/StyleGAN,ai_generated,1024,1024,1.0,JPEG,104239,1d2342642ab2e129e85b873dc82a6c18,ea0850da53eaeb7a369ee3e9783f19b9d1d65f70172cc8a7ac2f2d4cdcf7fef4,1.0,eabd9491d8995a8a,ok,227.1552777963797,True,True,cluster_01624,test,/home/dheirav/Code/Deepfake_Detection/deepfake-project/dataset_builder/test/ai_generated/stylegan3_00645.png
data_sources/ai_generated/StyleGAN/stylegan3_00661.png,data_sources/ai_generated/StyleGAN,ai_generated,1024,1024,1.0,JPEG,112819,1c3950183a1220510a1382ccdddcb6d8,f2f40117dbfe97206ccdf176ca4fda1ef6114666391cd946d91d4f98ac6206fd,1.0,da0411d7d574ab8e,ok,108.73672564903154,True,True,cluster_01125,test,/home/dheirav/Code/Deepfake_Detection/deepfake-project/dataset_builder/test/ai_generated/stylegan3_00661.png
data_sources/ai_generated/StyleGAN/stylegan3_00664.png,data_sources/ai_generated/StyleGAN,ai_generated,1024,1024,1.0,JPEG,100383,ef086c805939eb10cb113976336f3748,4c88015fbe6744190805bb1031862e5e1d61cd3e66124b60b7f8417807ef34e7,1.0,aff2e0a7c09c9a98,ok,103.16541848654379,True,True,cluster_01836,test,/home/dheirav/Code/Deepfake_Detection/deepfake-project/dataset_builder/test/ai_generated/stylegan3_00664.png
data_sources/ai_generated/StyleGAN/stylegan3_00670.png,data_sources/ai_generated/StyleGAN,ai_generated,1024,1024,1.0,JPEG,102319,d409149a46cc1e4eebdd69c56c16acf5,10e0e70a037ced663877f7b45c9e61561237eed92dd79f8f37a3934d0ddd0f55,1.0,945ee84fb0699a99,ok,92.01199245448424,True,True,cluster_01735,test,/home/dheirav/Code/Deepfake_Detection/deepfake-project/dataset_builder/test/ai_generated/stylegan3_00670.png
data_sources/ai_generated/StyleGAN/stylegan3_00675.png,data_sources/ai_generated/StyleGAN,ai_generated,1024,1024,1.0,JPEG,103640,fbc49184e49d3becea54676bbfbafbe2,4914158e217e0f531642ed9c60c518a6eac4f5729989d01e1225daaa1d8171cd,1.0,d47a2b2ca774c398,ok,287.94317672381925,True,True,cluster_01660,test,/home/dheirav/Code/Deepfake_Detection/deepfake-project/dataset_builder/test/ai_generated/stylegan3_00675.png
data_sources/ai_generated/StyleGAN/stylegan3_00691.png,data_sources/ai_generated/StyleGAN,ai_generated,1024,1024,1.0,JPEG,119628,a08e64ec21ed33aed87e1afce7178aae,d62eea53c0d91bddd3de13821413fee6ca3c3380b0d1ce1f28d53a8db08281ec,1.0,9cc469626067ef8b,ok,278.0402177770011,True,True,cluster_00764,test,/home/dheirav/Code/Deepfake_Detection/deepfake-project/dataset_builder/test/ai_generated/stylegan3_00691.png
data_sources/ai_generated/StyleGAN/stylegan3_00697.png,data_sources/ai_generated/StyleGAN,ai_generated,1024,1024,1.0,JPEG,127304,ac3c6784e9f089f25058b06dc9af93fa,2c1d29b28e49a31742ba7c0dffa55332f6fea90ff0d186e4096bc6050d78f594,1.0,ef7021b0c18fc29f,ok,305.9303855447761,True,True,cluster_00427,test,/home/dheirav/Code/Deepfake_Detection/deepfake-project/dataset_builder/test/ai_generated/stylegan3_00697.png
data_sources/ai_generated/StyleGAN/stylegan3_00701.png,data_sources/ai_generated/StyleGAN,ai_generated,1024,1024,1.0,JPEG,127239,013c1869d775b61416906fa9e9ccc0c3,062a8068547b6cdd178d744fa00c10c647e474970cc8435f05ed9dd6118cb69d,1.0,ce5f280f243c34fc,ok,130.20284692587666,True,True,cluster_00429,test,/home/dheirav/Code/Deepfake_Detection/deepfake-project/dataset_builder/test/ai_generated/stylegan3_00701.png
data_sources/ai_generated/StyleGAN/stylegan3_00702.png,data_sources/ai_generated/StyleGAN,ai_generated,1024,1024,1.0,JPEG,124335,90063bfb69e30fb57181ffeda0193dba,e65d40d3136753a65a5d40d5ada47e803d11e87948ffd32efe4ff0a462b83615,1.0,dae869a32363a6c9,ok,230.43949759242147,True,True,cluster_00529,test,/home/dheirav/Code/Deepfake_Detection/deepfake-project/dataset_builder/test/ai_generated/stylegan3_00702.png
data_sources/ai_generated/StyleGAN/stylegan3_00710.png,data_sources/ai_generated/StyleGAN,ai_generated,1024,1024,1.0,JPEG,113287,65df77d8f9816c902f280b7b9cfa3a34,9b9db5dccd2a77028d9812f8e592cb80004a611b85f57805506fa076821f105e,1.0,fea0e12721b5c38d,ok,297.9155033670822,True,True,cluster_01093,test,/home/dheirav/Code/Deepfake_Detection/deepfake-project/dataset_builder/test/ai_generated/stylegan3_00710.png
data_sources/ai_generated/StyleGAN/stylegan3_00711.png,data_sources/ai_generated/StyleGAN,ai_generated,1024,1024,1.0,JPEG,114081,9e3d33c83c272857e9e0a64d4af6bd5d,54a583902f3129fff83a4231cd029a5ed737c9b15ddfb141c5ca8587391d5472,1.0,e1878ed41f093d4b,ok,141.0255774588877,True,True,cluster_01051,test,/home/dheirav/Code/Deepfake_Detection/deepfake-project/dataset_builder/test/ai_generated/stylegan3_00711.png
data_sources/ai_generated/StyleGAN/stylegan3_00713.png,data_sources/ai_generated/StyleGAN,ai_generated,1024,1024,1.0,JPEG,145936,c9ac9526bf7b7aee4f11910b5439dbdc,3242bf675ca6a0f0b124fbf52c4a8efd5f6a05a863a5295553c12220a485e992,1.0,98e9a1c6a75aa1d9,ok,326.3753813994372,True,True,cluster_00099,test,/home/dheirav/Code/Deepfake_Detection/deepfake-project/dataset_builder/test/ai_generated/stylegan3_00713.png
data_sources/ai_generated/StyleGAN/stylegan3_00717.png,data_sources/ai_generated/StyleGAN,ai_generated,1024,1024,1.0,JPEG,113809,1214e2ae9b5a8c27bcbba168df63a701,0ee0bb0a5b314f3aca66dea662a850ac7552637309e348fb04cec10079f9bceb,1.0,d46f60e1a1e196d5,ok,180.1280373354811,True,True,cluster_01063,test,/home/dheirav/Code/Deepfake_Detection/deepfake-project/dataset_builder/test/ai_generated/stylegan3_00717.png
data_sources/ai_generated/StyleGAN/stylegan3_00721.png,data_sources/ai_generated/StyleGAN,ai_generated,1024,1024,1.0,JPEG,121053,60ff27d499ca5413c0602ec2f5032bf0,b156b23f2cd3b14451f0862c912b3b7dd355b3a9c6c8a924d2b4f4672a5a791c,1.0,9e25686237eb80dd,ok,114.02874406344836,True,True,cluster_00686,test,/home/dheirav/Code/Deepfake_Detection/deepfake-project/dataset_builder/test/ai_generated/stylegan3_00721.png
data_sources/ai_generated/StyleGAN/stylegan3_00728.png,data_sources/ai_generated/StyleGAN,ai_generated,1024,1024,1.0,JPEG,121648,335bc8d910331622b1b11221f823390e,bbdb20103fcaf18f3ff860b5c81e2b52032b2f8ceb616ddc5f47c1acec9fdffd,1.0,87ce78b3b00a978d,ok,229.47743194922805,True,True,cluster_00656,test,/home/dheirav/Code/Deepfake_Detection/deepfake-project/dataset_builder/test/ai_generated/stylegan3_00728.png
data_sources/ai_generated/StyleGAN/stylegan3_00730.png,data_sources/ai_generated/StyleGAN,ai_generated,1024,1024,1.0,JPEG,122033,1b588cff6b283ad2076a893697939499,bbbc83f2ed5a18c180ec70780d9cd7d1152555650889c3294ad2c0fb9dd7464a,1.0,c182af057efc8fc0,ok,337.9541196394847,True,True,cluster_00637,test,/home/dheirav/Code/Deepfake_Detection/deepfake-project/dataset_builder/test/ai_generated/stylegan3_00730.png
data_sources/ai_generated/StyleGAN/stylegan3_00740.png,data_sources/ai_generated/StyleGAN,ai_generated,1024,1024,1.0,JPEG,98769,c417da4574584d9dd64964136efc7351,a8c352fcb79f9eba0ad2909b7653f245acc469a24a5158b593538a7a6d8da167,1.0,ecf0c3227107c7ce,ok,167.76083751328042,True,True,cluster_01907,test,/home/dheirav/Code/Deepfake_Detection/deepfake-project/dataset_builder/test/ai_generated/stylegan3_00740.png
data_sources/ai_generated/StyleGAN/stylegan3_00744.png,data_sources/ai_generated/StyleGAN,ai_generated,1024,1024,1.0,JPEG,102714,b07da1d03f018ae67bd0cc4e0feee351,0b98a8c905a2bd1494804b500a47d3c6ec30f85a1e9439eb4a4af1b5c1706a75,1.0,f84a25e525e596c6,ok,112.24229516690593,True,True,cluster_01718,test,/home/dheirav/Code/Deepfake_Detection/deepfake-project/dataset_builder/test/ai_generated/stylegan3_00744.png
data_sources/ai_generated/StyleGAN/stylegan3_00750.png,data_sources/ai_generated/StyleGAN,ai_generated,1024,1024,1.0,JPEG,104263,c44e3c948666c26e6b39d23ee0c13c47,5ac7e287989b817d1124acc5b8eb935fd883dcccfa935153cedc94ed26bc3b6e,1.0,fda3a636b05092da,ok,131.3073298473309,True,True,cluster_01622,test,/home/dheirav/Code/Deepfake_Detection/deepfake-project/dataset_builder/test/ai_generated/stylegan3_00750.png
data_sources/ai_generated/StyleGAN/stylegan3_00753.png,data_sources/ai_generated/StyleGAN,ai_generated,1024,1024,1.0,JPEG,116135,75bd3856915ebdbea8a64102cc303447,b883038be3ea5ed30119204833ac938b4b0611b9b928ca1d211f382827735700,1.0,daea210754fe8a96,ok,115.6949923163911,True,True,cluster_00936,test,/home/dheirav/Code/Deepfake_Detection/deepfake-project/dataset_builder/test/ai_generated/stylegan3_00753.png
data_sources/ai_generated/StyleGAN/stylegan3_00756.png,data_sources/ai_generated/StyleGAN,ai_generated,1024,1024,1.0,JPEG,112736,941a1befb91498f5b55a8a0e5b48f703,abfd928773a30f2774ccbcc850d213f1cfda50f685cbc16d2fbc5a219de5dc39,1.0,abbce5c4464e829b,ok,159.88857601932156,True,True,cluster_01133,test,/home/dheirav/Code/Deepfake_Detection/deepfake-project/dataset_builder/test/ai_generated/stylegan3_00756.png
data_sources/ai_generated/StyleGAN/stylegan3_00771.png,data_sources/ai_generated/StyleGAN,ai_generated,1024,1024,1.0,JPEG,116585,12a68eb8d405c020927c1ec6975345fb,be5269909ddd5de7097673333c95f640704c2b24e89432ff7694fe31437ad805,1.0,da613196874da795,ok,182.58105562914622,True,True,cluster_00915,test,/home/dheirav/Code/Deepfake_Detection/deepfake-project/dataset_builder/test/ai_generated/stylegan3_00771.png
data_sources/ai_generated/StyleGAN/stylegan3_00789.png,data_sources/ai_generated/StyleGAN,ai_generated,1024,1024,1.0,JPEG,102797,5e4a8c9ef1a3c7d59669d001d63a4d4c,92a56b52f1574729d58006788c44aec82dd836b81233083517a0cece982e6e99,1.0,fa2ce18715a156e5,ok,134.8308241154218,True,True,cluster_01712,test,/home/dheirav/Code/Deepfake_Detection/deepfake-project/dataset_builder/test/ai_generated/stylegan3_00789.png
data_sources/ai_generated/StyleGAN/stylegan3_00799.png,data_sources/ai_generated/StyleGAN,ai_generated,1024,1024,1.0,JPEG,113176,4ae20c5ffb1a902f6384c77a7c02cc60,66e883f77e744cce86c5ea0ffc6830083390e25e6c572d5fd02abf40f274a0d7,1.0,c1df27b2713970c8,ok,195.56178852749508,True,True,cluster_01101,test,/home/dheirav/Code/Deepfake_Detection/deepfake-project/dataset_builder/test/ai_generated/stylegan3_00799.png
data_sources/ai_generated/StyleGAN/stylegan3_00802.png,data_sources/ai_generated/StyleGAN,ai_generated,1024,1024,1.0,JPEG,126257,4d20a1421cac36d862a38184f972e1d2,5f0a26d8e8bb83c1506f2cd21d692a1bf57d4961fd5d00e44c90675beab55a18,1.0,8e983d72336133ce,ok,146.408918372701,True,True,cluster_00459,test,/home/dheirav/Code/Deepfake_Detection/deepfake-project/dataset_builder/test/ai_generated/stylegan3_00802.png
data_sources/ai_generated/StyleGAN/stylegan3_00805.png,data_sources/ai_generated/StyleGAN,ai_generated,1024,1024,1.0,JPEG,97291,0327d0eb859d9b152ea3feb3be0ce4d1,94a2b35b0eff87d121d410ebc0ea7f53a2becf30c2462aac1e3b08899671d381,1.0,d15875aa34e5ca8d,ok,80.5032229157514,True,True,cluster_01961,test,/home/dheirav/Code/Deepfake_Detection/deepfake-project/dataset_builder/test/ai_generated/stylegan3_00805.png
data_sources/ai_generated/StyleGAN/stylegan3_00816.png,data_sources/ai_generated/StyleGAN,ai_generated,1024,1024,1.0,JPEG,150699,077ce79086cdb2e75a83b337323c0622,38801f707dc812aefba22cfbedfcfdc7b4ec180d5ad98f8722d40dc2caa9b494,1.0,feecf2e80080e0bf,ok,250.0265014507895,True,True,cluster_00061,test,/home/dheirav/Code/Deepfake_Detection/deepfake-project/dataset_builder/test/ai_generated/stylegan3_00816.png
data_sources/ai_generated/StyleGAN/stylegan3_00827.png,data_sources/ai_generated/StyleGAN,ai_generated,1024,1024,1.0,JPEG,128997,2b59046105672f6f6d7c361454d7d39b,fec16fa509202f72d88ca754670854eeedde841fb94124291168e0b907dcd9af,1.0,ad907aab705862d7,ok,191.342281939229,True,True,cluster_00367,test,/home/dheirav/Code/Deepfake_Detection/deepfake-project/dataset_builder/test/ai_generated/stylegan3_00827.png
data_sources/ai_generated/StyleGAN/stylegan3_00828.png,data_sources/ai_generated/StyleGAN,ai_generated,1024,1024,1.0,JPEG,111498,fa80536ac0343b5d4d0249b3c0ecd502,bf995abbedb22847a09dd3b5ff844be87494702fc82080ba7e813507003212cc,1.0,ed831ee1382fd0cc,ok,110.68379667045429,True,True,cluster_01203,test,/home/dheirav/Code/Deepfake_Detection/deepfake-project/dataset_builder/test/ai_generated/stylegan3_00828.png
data_sources/ai_generated/StyleGAN/stylegan3_00832.png,data_sources/ai_generated/StyleGAN,ai_generated,1024,1024,1.0,JPEG,117311,9d72cc2dc9dcf872228102468b0b93fb,6aa33ea9207a87d2f41bb93e431181650b2fe3d37e044c2538d37bd4587421c2,1.0,8aa181c261f8dfde,ok,89.0782575268522,True,True,cluster_00880,test,/home/dheirav/Code/Deepfake_Detection/deepfake-project/dataset_builder/test/ai_generated/stylegan3_00832.png
data_sources/ai_generated/StyleGAN/stylegan3_00840.png,data_sources/ai_generated/StyleGAN,ai_generated,1024,1024,1.0,JPEG,116964,6cdb49564e05a7e83a238c093ca8fde6,0e36bf4352624d6bc09a982c3d772d2a3eeec4e0d5747da867be244a3116c0db,1.0,b54a6b8de8951699,ok,83.65585225680024,True,True,cluster_00899,test,/home/dheirav/Code/Deepfake_Detection/deepfake-project/dataset_builder/test/ai_generated/stylegan3_00840.png
data_sources/ai_generated/StyleGAN/stylegan3_00847.png,data_sources/ai_generated/StyleGAN,ai_generated,1024,1024,1.0,JPEG,100071,ef0667a792ea4c43735f387783a7d1a3,01d1db072a255322ec217153388380a18353b05a6bf2b5ff760ca254c0e7e723,1.0,9bbdf9b6e05040d2,ok,144.90814854091056,True,True,cluster_01855,test,/home/dheirav/Code/Deepfake_Detection/deepfake-project/dataset_builder/test/ai_generated/stylegan3_00847.png
data_sources/ai_generated/StyleGAN/stylegan3_00852.png,data_sources/ai_generated/StyleGAN,ai_generated,1024,1024,1.0,JPEG,144787,d7c332e34dc5f0ae38900fa14eeef993,33576ba5b927e9f59481cc7d6aa1d8716462c0b146b552a448a0d87a204632a8,1.0,fba0e1d7dd1e8009,ok,501.8289372547879,True,True,cluster_00109,test,/home/dheirav/Code/Deepfake_Detection/deepfake-project/dataset_builder/test/ai_generated/stylegan3_00852.png
data_sources/ai_generated/StyleGAN/stylegan3_00862.png,data_sources/ai_generated/StyleGAN,ai_generated,1024,1024,1.0,JPEG,109907,f942f49c85cb0fed6435ebe890203d6b,bf4b293ceb528c67b2d57d6b44bb5fa9016cca9877d7565d67f25f0a51429056,1.0,9d026de666893b8d,ok,80.25345325131548,True,True,cluster_01295,test,/home/dheirav/Code/Deepfake_Detection/deepfake-project/dataset_builder/test/ai_generated/stylegan3_00862.png
data_sources/ai_generated/StyleGAN/stylegan3_00865.png,data_sources/ai_generated/StyleGAN,ai_generated,1024,1024,1.0,JPEG,106178,278375fd15ff6520292018528327ca57,783abda9967641e34128056ae1f7f317049f0ce7b3d38673375086e8f91c73cf,1.0,f868696765651696,ok,82.25304352009607,True,True,cluster_01506,test,/home/dheirav/Code/Deepfake_Detection/deepfake-project/dataset_builder/test/ai_generated/stylegan3_00865.png
data_sources/ai_generated/StyleGAN/stylegan3_00866.png,data_sources/ai_generated/StyleGAN,ai_generated,1024,1024,1.0,JPEG,132804,45087515f12ddbab940a125fc0d216c9,49485d0bd3d8caf5e16b4e8b3d842a12c0ce7fef6513a8d95c555d5ca253c390,1.0,9ac5229e0d38db9b,ok,116.35870930339934,True,True,cluster_00277,test,/home/dheirav/Code/Deepfake_Detection/deepfake-project/dataset_builder/test/ai_generated/stylegan3_00866.png
data_sources/ai_generated/StyleGAN/stylegan3_00868.png,data_sources/ai_generated/StyleGAN,ai_generated,1024,1024,1.0,JPEG,116935,94b8e93ae91670d4bbb72185c5eddb8b,cc71e6023e31f43f67a72a3e2d927dd2749587d10d6255fc01167a107a176a87,1.0,d87d0306ecccd4da,ok,96.59192925073785,True,True,cluster_00900,test,/home/dheirav/Code/Deepfake_Detection/deepfake-project/dataset_builder/test/ai_generated/stylegan3_00868.png
data_sources/ai_generated/StyleGAN/stylegan3_00892.png,data_sources/ai_generated/StyleGAN,ai_generated,1024,1024,1.0,JPEG,123162,a86f6aace2b0e3f1999d8cbd08913090,d01f4a3d66dfad33083f15331141112d77194a26cfd0af219250fc4b312a50b4,1.0,8a5e61a5742d86cf,ok,289.5259275234484,True,True,cluster_00579,test,/home/dheirav/Code/Deepfake_Detection/deepfake-project/dataset_builder/test/ai_generated/stylegan3_00892.png
data_sources/ai_generated/StyleGAN/stylegan3_00902.png,data_sources/ai_generated/StyleGAN,ai_generated,1024,1024,1.0,JPEG,106597,a5c6bfe361f50fc79b8831fa9583ab4d,3a674cc9c1abf2680934601f5824411c4a4fc1519ce1cc252f7d5c77c6ed0bf5,1.0,d15e20a77e69a9c8,ok,203.2589262372203,True,True,cluster_01480,test,/home/dheirav/Code/Deepfake_Detection/deepfake-project/dataset_builder/test/ai_generated/stylegan3_00902.png
data_sources/ai_generated/StyleGAN/stylegan3_00906.png,data_sources/ai_generated/StyleGAN,ai_generated,1024,1024,1.0,JPEG,105267,fb0c499c8246769263fd63eca9cb0705,b7fb6243950008e3b7d8df9bfa8b91b72dcdfbfb8303619392d72ded4c4c52d5,1.0,871dad0fa54aaec4,ok,305.1174000995879,True,True,cluster_01565,test,/home/dheirav/Code/Deepfake_Detection/deepfake-project/dataset_builder/test/ai_generated/stylegan3_00906.png
data_sources/ai_generated/StyleGAN/stylegan3_00908.png,data_sources/ai_generated/StyleGAN,ai_generated,1024,1024,1.0,JPEG,129888,f4f6d0fe27563b20565d4d54ba4374e4,0d2a94ce9937d25d93ba674d709142e498df70d5210eb9b00bf2a54063df734a,1.0,d59496b22359b1cd,ok,101.53517100706722,True,True,cluster_00346,test,/home/dheirav/Code/Deepfake_Detection/deepfake-project/dataset_builder/test/ai_generated/stylegan3_00908.png
data_sources/ai_generated/StyleGAN/stylegan3_00912.png,data_sources/ai_generated/StyleGAN,ai_generated,1024,1024,1.0,JPEG,111148,00a6790b577c597b72a1c30fce2c8760,e0a0822d9c454ca91830ebbb2ea089f41343acb1357ec7317900ec3acd15e23e,1.0,ea11050715e7beea,ok,95.9721560790058,True,True,cluster_01225,test,/home/dheirav/Code/Deepfake_Detection/deepfake-project/dataset_builder/test/ai_generated/stylegan3_00912.png
data_sources/ai_generated/StyleGAN/stylegan3_00930.png,data_sources/ai_generated/StyleGAN,ai_generated,1024,1024,1.0,JPEG,105863,c903d1bd715b7433c3d67290af4b651a,1479782c6907023561110488c4782b628dd99c6e36b2722c6ac297a0ff018a5f,1.0,edb43eb6304393c8,ok,117.43216142008532,True,True,cluster_01524,test,/home/dheirav/Code/Deepfake_Detection/deepfake-project/dataset_builder/test/ai_generated/stylegan3_00930.png
data_sources/ai_generated/StyleGAN/stylegan3_00943.png,data_sources/ai_generated/StyleGAN,ai_generated,1024,1024,1.0,JPEG,102147,bc4aa260f63829be5cc938bd8849cce1,bb76b7b8077517d9dd4ad11752562534e45a252a7b3a71fdd42fcd5989dbf18e,1.0,87963cd632f852a9,ok,104.78848758100867,True,True,cluster_01744,test,/home/dheirav/Code/Deepfake_Detection/deepfake-project/dataset_builder/test/ai_generated/stylegan3_00943.png
data_sources/ai_generated/StyleGAN/stylegan3_00950.png,data_sources/ai_generated/StyleGAN,ai_generated,1024,1024,1.0,JPEG,101863,55b6577f9e2ac67d39e84707b9159856,db0f2d80de99f80bde6ecfd0292c57ba85ffe52fed7cdd928333695ffddf351d,1.0,ce237c232d8a8f8d,ok,80.87711103394395,True,True,cluster_01751,test,/home/dheirav/Code/Deepfake_Detection/deepfake-project/dataset_builder/test/ai_generated/stylegan3_00950.png
data_sources/ai_generated/StyleGAN/stylegan3_00966.png,data_sources/ai_generated/StyleGAN,ai_generated,1024,1024,1.0,JPEG,101673,c53f8ee629b02a36bf312f6adbb7afea,dbd7c29a7932dfd18a9d52b84eeef72a5736cbc777e4a8bb7f8ade9b0e3fef9e,1.0,ad5f02755063dec8,ok,137.52707865627505,True,True,cluster_01760,test,/home/dheirav/Code/Deepfake_Detection/deepfake-project/dataset_builder/test/ai_generated/stylegan3_00966.png
data_sources/ai_generated/StyleGAN/stylegan3_00967.png,data_sources/ai_generated/StyleGAN,ai_generated,1024,1024,1.0,JPEG,128177,04ffefe52bbf58765cc216ea8500fd9c,d21dff7e98f82dce2928b94ea59b2cae3240c49f07e1d0b9ec996925310238b0,1.0,da0aa33235339acf,ok,197.92463969063732,True,True,cluster_00401,test,/home/dheirav/Code/Deepfake_Detection/deepfake-project/dataset_builder/test/ai_generated/stylegan3_00967.png
data_sources/ai_generated/StyleGAN/stylegan3_00983.png,data_sources/ai_generated/StyleGAN,ai_generated,1024,1024,1.0,JPEG,113666,ebc4cda6f64a5efaef27c9bd2f02b115,70f087c35745d2e27d0e3c4839000fa1bf1e6cec5306cfe6050eb29fa9f72d14,1.0,aa3ae1a5d687d298,ok,87.53379249307545,True,True,cluster_01072,test,/home/dheirav/Code/Deepfake_Detection/deepfake-project/dataset_builder/test/ai_generated/stylegan3_00983.png
data_sources/ai_generated/StyleGAN/stylegan3_00984.png,data_sources/ai_generated/StyleGAN,ai_generated,1024,1024,1.0,JPEG,106541,4bd942eeb48c1b70f4274263c75d5e08,fdad3e87a391f8cda2765494c0c8047cb7ce85c708171c903abe3f376f430fcc,1.0,aa53b5237025c7cd,ok,134.86018095625332,True,True,cluster_01481,test,/home/dheirav/Code/Deepfake_Detection/deepfake-project/dataset_builder/test/ai_generated/stylegan3_00984.png
data_sources/ai_generated/StyleGAN/stylegan3_00986.png,data_sources/ai_generated/StyleGAN,ai_generated,1024,1024,1.0,JPEG,114558,534da0b7d3227376278206acc8c68426,5a3354ff6a3374e07e3a9da64819611f998cd8dcc2bb6b016326fb9807ea437c,1.0,9e88791c7556528f,ok,167.78059493422916,True,True,cluster_01015,test,/home/dheirav/Code/Deepfake_Detection/deepfake-project/dataset_builder/test/ai_generated/stylegan3_00986.png
data_sources/ai_generated/StyleGAN/stylegan3_01009.png,data_sources/ai_generated/StyleGAN,ai_generated,1024,1024,1.0,JPEG,128552,092775b02a26ef43e637486da7805989,c286a606d11b57471a3fec2a92db167cc97d98a1f13b9b62cddf3cab16638409,1.0,c2362d727933e0d9,ok,167.68489741314167,True,True,cluster_00385,test,/home/dheirav/Code/Deepfake_Detection/deepfake-project/dataset_builder/test/ai_generated/stylegan3_01009.png
data_sources/ai_generated/StyleGAN/stylegan3_01021.png,data_sources/ai_generated/StyleGAN,ai_generated,1024,1024,1.0,JPEG,133386,3b646d0923c46f7897aa7ff93e172670,dc5697e9a956d983add8ecf4327ad668189c4e3fab7dc27d74ce1255100b0dd1,1.0,abfd5aa01425a7d2,ok,340.629946175377,True,True,cluster_00265,test,/home/dheirav/Code/Deepfake_Detection/deepfake-project/dataset_builder/test/ai_generated/stylegan3_01021.png
data_sources/ai_generated/StyleGAN/stylegan3_01032.png,data_sources/ai_generated/StyleGAN,ai_generated,1024,1024,1.0,JPEG,103283,9bafe6124523c2142e186d9cca6cedbf,2fa463a4bea6e4ddb3e18739e1423c216c205b53e2f3e27f073a52af25390209,1.0,9bc461a6662c9b9b,ok,163.0624256133451,True,True,cluster_01678,test,/home/dheirav/Code/Deepfake_Detection/deepfake-project/dataset_builder/test/ai_generated/stylegan3_01032.png
data_sources/ai_generated/StyleGAN/stylegan3_01039.png,data_sources/ai_generated/StyleGAN,ai_generated,1024,1024,1.0,JPEG,128233,e2297d853481f0ef8fcd6eddfda3ac02,9b311ed28a2217c4c94409c4cd8ff5b9faf45bf37a3979a88ef0eb1d1c3e81ae,1.0,f8e029a637dc93c8,ok,152.26004690253373,True,True,cluster_00400,test,/home/dheirav/Code/Deepfake_Detection/deepfake-project/dataset_builder/test/ai_generated/stylegan3_01039.png
data_sources/ai_generated/StyleGAN/stylegan3_01042.png,data_sources/ai_generated/StyleGAN,ai_generated,1024,1024,1.0,JPEG,123980,7edeb74b912fdb5afc09e51add3e2837,7b7fdb6c24360c5d091b6cbee2984c6d08d6d96d9180ca5e3a7c8cf9d171eeca,1.0,c21f2976281fa0df,ok,141.1241302437702,True,True,cluster_00546,test,/home/dheirav/Code/Deepfake_Detection/deepfake-project/dataset_builder/test/ai_generated/stylegan3_01042.png
data_sources/ai_generated/StyleGAN/stylegan3_01049.png,data_sources/ai_generated/StyleGAN,ai_generated,1024,1024,1.0,JPEG,99763,247c9ae2d3fb954a7ba796fbfa312697,df77e6a86d1482e72d7560e90e8f88dd5d60a72f2660735f3a0a6b7f856a9cd9,1.0,fa673ca77404949c,ok,172.68176937100992,True,True,cluster_01868,test,/home/dheirav/Code/Deepfake_Detection/deepfake-project/dataset_builder/test/ai_generated/stylegan3_01049.png
data_sources/ai_generated/StyleGAN/stylegan3_01066.png,data_sources/ai_generated/StyleGAN,ai_generated,1024,1024,1.0,JPEG,111899,f79f8afd3d76d8ad7a488a292eb2981c,930bcff4e7292dc20b3b78e1b0ec7aa046c11c779027052c9b141401ad86d742,1.0,8e276d3734721ac9,ok,161.64350404787456,True,True,cluster_01174,test,/home/dheirav/Code/Deepfake_Detection/deepfake-project/dataset_builder/test/ai_generated/stylegan3_01066.png
data_sources/ai_generated/StyleGAN/stylegan3_01071.png,data_sources/ai_generated/StyleGAN,ai_generated,1024,1024,1.0,JPEG,124700,4759bde6f3bd1af2421ba62c3ad46ebf,1b7277e525cae2e1dee7817abff53c6cb2f46aa7bc26d1abe8ac302af5a5c914,1.0,8f5ae123201fdacb,ok,272.35693327500485,True,True,cluster_00516,test,/home/dheirav/Code/Deepfake_Detection/deepfake-project/dataset_builder/test/ai_generated/stylegan3_01071.png
data_sources/ai_generated/StyleGAN/stylegan3_01085.png,data_sources/ai_generated/StyleGAN,ai_generated,1024,1024,1.0,JPEG,133115,18108942d4d26ca4c2bd9ef989ea5540,7c76777bb1eb7bc7dad59a4b850f2be9191d8dc9bc2ca81986f9a8258f24180c,1.0,c550261f3e7d3299,ok,262.0149785841204,True,True,cluster_00270,test,/home/dheirav/Code/Deepfake_Detection/deepfake-project/dataset_builder/test/ai_generated/stylegan3_01085.png
data_sources/ai_generated/StyleGAN/stylegan3_01087.png,data_sources/ai_generated/StyleGAN,ai_generated,1024,1024,1.0,JPEG,108226,df179e2413e5d32516e95b17dc6387b2,694b09239470680fb96a4e6c1018097b856bb534d4c144a473cf76373036517f,1.0,e9a77886f18a838e,ok,216.10089464884004,True,True,cluster_01370,test,/home/dheirav/Code/Deepfake_Detection/deepfake-project/dataset_builder/test/ai_generated/stylegan3_01087.png
data_sources/ai_generated/StyleGAN/stylegan3_01110.png,data_sources/ai_generated/StyleGAN,ai_generated,1024,1024,1.0,JPEG,103241,3cae9aef11129e3eac3fed1acb8bec6b,7c0490d274ca9d4f25c27e65fdf4bee235d9e5cdeb5ed34a7d57a05d9b8fcc0e,1.0,b4b4da82dfc94307,ok,97.42841529753059,True,True,cluster_01683,test,/home/dheirav/Code/Deepfake_Detection/deepfake-project/dataset_builder/test/ai_generated/stylegan3_01110.png
data_sources/ai_generated/StyleGAN/stylegan3_01113.png,data_sources/ai_generated/StyleGAN,ai_generated,1024,1024,1.0,JPEG,148795,e3fcf815e46ca1935f0ce76eb5279177,7949cd6d0646aa67358a389db527143df0ee403613e26a556fa2488ae06ac6fb,1.0,c1c4f50aa375a3dc,ok,258.7629260505455,True,True,cluster_00075,test,/home/dheirav/Code/Deepfake_Detection/deepfake-project/dataset_builder/test/ai_generated/stylegan3_01113.png
data_sources/ai_generated/StyleGAN/stylegan3_01115.png,data_sources/ai_generated/StyleGAN,ai_generated,1024,1024,1.0,JPEG,103877,04a591452735297dcfaca4e8fbcf4c28,b08afa363c000431508458b593b1c34b315076ab93dc2b39e0fc48707dc828a0,1.0,ea6a65a925e5169c,ok,93.28273758053547,True,True,cluster_01648,test,/home/dheirav/Code/Deepfake_Detection/deepfake-project/dataset_builder/test/ai_generated/stylegan3_01115.png
data_sources/ai_generated/StyleGAN/stylegan3_01116.png,data_sources/ai_generated/StyleGAN,ai_generated,1024,1024,1.0,JPEG,98991,f95e7aa5370355921054ff045dab8a71,39021a4f431ccafb301dafce4289ee684e0efc521f73705989012deca0ad5ed5,1.0,e860a5a5b5d786d2,ok,101.43146083618922,True,True,cluster_01901,test,/home/dheirav/Code/Deepfake_Detection/deepfake-project/dataset_builder/test/ai_generated/stylegan3_01116.png
data_sources/ai_generated/StyleGAN/stylegan3_01122.png,data_sources/ai_generated/StyleGAN,ai_generated,1024,1024,1.0,JPEG,100891,271a0b20ad34323af3701e488cb3800c,36667b7ba3aa9892cb05c4aa7df84c3e50bf49145172dd5d2e69e21517333e0a,1.0,8c5ffeea49209748,ok,96.63767667425326,True,True,cluster_01804,test,/home/dheirav/Code/Deepfake_Detection/deepfake-project/dataset_builder/test/ai_generated/stylegan3_01122.png
data_sources/ai_generated/StyleGAN/stylegan3_01127.png,data_sources/ai_generated/StyleGAN,ai_generated,1024,1024,1.0,JPEG,106497,737390d36f27fe31bd7c04fc3ea88851,95511aeac3eef109db682acf855c7ae36773eab85aa02ecff59f68e8ea471fa2,1.0,d2ce39e4336827e8,ok,193.84857024013667,True,True,cluster_01488,test,/home/dheirav/Code/Deepfake_Detection/deepfake-project/dataset_builder/test/ai_generated/stylegan3_01127.png
data_sources/ai_generated/StyleGAN/stylegan3_01137.png,data_sources/ai_generated/StyleGAN,ai_generated,1024,1024,1.0,JPEG,109409,40497368432b190de625b76383a15267,229285b62572d41dacf5931e6ffb08fa9a129fe654581a86addc0b50ea9ed24f,1.0,9aa8e1d4f4c3c68b,ok,196.79982229275265,True,True,cluster_01319,test,/home/dheirav/Code/Deepfake_Detection/deepfake-project/dataset_builder/test/ai_generated/stylegan3_01137.png
data_sources/ai_generated/StyleGAN/stylegan3_01142.png,data_sources/ai_generated/StyleGAN,ai_generated,1024,1024,1.0,JPEG,97256,7d0b2795133b7cd7e2db3b79546d8ee5,097ad3bfede440ed82affa8a36255616f07fbaf98eac6dd2f6289570d11a7c63,1.0,da266117a619cfcc,ok,112.17349671435295,True,True,cluster_01962,test,/home/dheirav/Code/Deepfake_Detection/deepfake-project/dataset_builder/test/ai_generated/stylegan3_01142.png
data_sources/ai_generated/StyleGAN/stylegan3_01148.png,data_sources/ai_generated/StyleGAN,ai_generated,1024,1024,1.0,JPEG,111747,386e4ca85ea9454072754d81acc18af2,4598c6218e36a594507448af597ec73e6bdc660fd271a18738af592dfc94f9a4,1.0,bfdd48a444b0c99b,ok,111.58484540809785,True,True,cluster_01185,test,/home/dheirav/Code/Deepfake_Detection/deepfake-project/dataset_builder/test/ai_generated/stylegan3_01148.png
data_sources/ai_generated/StyleGAN/stylegan3_01152.png,data_sources/ai_generated/StyleGAN,ai_generated,1024,1024,1.0,JPEG,134619,63e98b77a3d2b98dfc61ec3a2b845de9,2441f464e59a521cd16b9ccd72eeec3aac3c6be5e81d58768be805ffe140a0e3,1.0,ab2cb573746192d1,ok,264.989969833754,True,True,cluster_00242,test,/home/dheirav/Code/Deepfake_Detection/deepfake-project/dataset_builder/test/ai_generated/stylegan3_01152.png
data_sources/ai_generated/StyleGAN/stylegan3_01180.png,data_sources/ai_generated/StyleGAN,ai_generated,1024,1024,1.0,JPEG,105708,67f274d11671d88888669e5fd7cb38eb,ebceb1fd41ec8ad684359cfc362de7de5087ecef7f54c111a2912217cea9fb45,1.0,f4d3d4da8029ab8b,ok,129.20562180312118,True,True,cluster_01537,test,/home/dheirav/Code/Deepfake_Detection/deepfake-project/dataset_builder/test/ai_generated/stylegan3_01180.png
data_sources/ai_generated/StyleGAN/stylegan3_01181.png,data_sources/ai_generated/StyleGAN,ai_generated,1024,1024,1.0,JPEG,136538,ae9e07fc0dc460683402d794f5a57e97,cc8a64ffd230dcabad7fb6e0ba5d1ba75c2ca8940e9e369be893eddf9a16b50f,1.0,8da234db522d63cd,ok,124.99784183283828,True,True,cluster_00200,test,/home/dheirav/Code/Deepfake_Detection/deepfake-project/dataset_builder/test/ai_generated/stylegan3_01181.png
data_sources/ai_generated/StyleGAN/stylegan3_01187.png,data_sources/ai_generated/StyleGAN,ai_generated,1024,1024,1.0,JPEG,133326,d9dc59b49ab8e6fca90d70415c97ff2e,770840aadc28ad597bb725af36f6623f7d223709d3e7f0ed70876b45e5b16c3a,1.0,cf395fb421a01cce,ok,214.0381417750313,True,True,cluster_00266,test,/home/dheirav/Code/Deepfake_Detection/deepfake-project/dataset_builder/test/ai_generated/stylegan3_01187.png
data_sources/ai_generated/StyleGAN/stylegan3_01194.png,data_sources/ai_generated/StyleGAN,ai_generated,1024,1024,1.0,JPEG,122707,71d69a2eaafe4b158ca246dbe14968c0,8481e1a0675cb7467bb0df482ec483b43c4d0e364603c7237bcf2ef46220c2e7,1.0,8cd88ab17169f58e,ok,147.2781274374247,True,True,cluster_00595,test,/home/dheirav/Code/Deepfake_Detection/deepfake-project/dataset_builder/test/ai_generated/stylegan3_01194.png
data_sources/ai_generated/StyleGAN/stylegan3_01198.png,data_sources/ai_generated/StyleGAN,ai_generated,1024,1024,1.0,JPEG,98308,27ddb32c44ca9465c8762d882af8c05c,bd81bcf2fb1cdd1893735b8bd148b6ac8c26036cf8720a30fa94f554d471465c,1.0,9f617027a01eed5a,ok,88.91249075042651,True,True,cluster_01926,test,/home/dheirav/Code/Deepfake_Detection/deepfake-project/dataset_builder/test/ai_generated/stylegan3_01198.png
data_sources/ai_generated/StyleGAN/stylegan3_01208.png,data_sources/ai_generated/StyleGAN,ai_generated,1024,1024,1.0,JPEG,112042,34317605abe9f9051359c8156b33ed3d,c2bf51d56a5d831f32933ea69ea223b2a7a819cc2b411747f786b02af5fe6ca5,1.0,de786166a117d28b,ok,168.029979520651,True,True,cluster_01165,test,/home/dheirav/Code/Deepfake_Detection/deepfake-project/dataset_builder/test/ai_generated/stylegan3_01208.png
data_sources/ai_generated/StyleGAN/stylegan3_01211.png,data_sources/ai_generated/StyleGAN,ai_generated,1024,1024,1.0,JPEG,98543,29fbf08d471946cb84a8e3f3536013f6,0b4a465e1df92bf3867708319eb95200c7b0d3830db5b67ea78febbcd7b438cd,1.0,9e6e292e2454d69b,ok,114.94501772324202,True,True,cluster_01916,test,/home/dheirav/Code/Deepfake_Detection/deepfake-project/dataset_builder/test/ai_generated/stylegan3_01211.png
data_sources/ai_generated/StyleGAN/stylegan3_01224.png,data_sources/ai_generated/StyleGAN,ai_generated,1024,1024,1.0,JPEG,132198,3d954974b89f54b0f8e90b3748d0567c,bd667d5f12db357e688f6f1576f9360cacb8b20fe7c7368ff18618fe81f83289,1.0,8b3970566e4b5b51,ok,266.8276595206553,True,True,cluster_00292,test,/home/dheirav/Code/Deepfake_Detection/deepfake-project/dataset_builder/test/ai_generated/stylegan3_01224.png
data_sources/ai_generated/StyleGAN/stylegan3_01228.png,data_sources/ai_generated/StyleGAN,ai_generated,1024,1024,1.0,JPEG,118967,36d94ab357b64f2e61b9e587ba3ab372,a0412910c2c6a1d22a82707ae589ecc754ba00ab4bc0b7275d45b6415f53fc77,1.0,dda122ebca5950da,ok,89.97231371197176,True,True,cluster_00801,test,/home/dheirav/Code/Deepfake_Detection/deepfake-project/dataset_builder/test/ai_generated/stylegan3_01228.png
data_sources/ai_generated/StyleGAN/stylegan3_01233.png,data_sources/ai_generated/StyleGAN,ai_generated,1024,1024,1.0,JPEG,105575,432b5e05b41e2da0912ed170d5fab1d0,46cdc19c13ee72c49a5ce6120aaa035f074d2a92035aa18a89a6116512d05163,1.0,9e9d20eb07706793,ok,80.181667243829,True,True,cluster_01545,test,/home/dheirav/Code/Deepfake_Detection/deepfake-project/dataset_builder/test/ai_generated/stylegan3_01233.png
data_sources/ai_generated/StyleGAN/stylegan3_01245.png,data_sources/ai_generated/StyleGAN,ai_generated,1024,1024,1.0,JPEG,108020,33befd24cb6612879f9c76b34f55151c,00823179c5fc4e7db812e5f1bb114d8286613843936c420b4181e2cdb330969f,1.0,af2d70f4c7a8cc88,ok,298.35236010675726,True,True,cluster_01387,test,/home/dheirav/Code/Deepfake_Detection/deepfake-project/dataset_builder/test/ai_generated/stylegan3_01245.png
data_sources/ai_generated/StyleGAN/stylegan3_01247.png,data_sources/ai_generated/StyleGAN,ai_generated,1024,1024,1.0,JPEG,134034,211f65a1de55d23c714b8fb0013c80ba,befd5e697dc395ff7efb8243c68a370d0cf0e3501df69dff4e99bf3d22769505,1.0,8b3c7c72630d43da,ok,127.21333651555959,True,True,cluster_00254,test,/home/dheirav/Code/Deepfake_Detection/deepfake-project/dataset_builder/test/ai_generated/stylegan3_01247.png
data_sources/ai_generated/StyleGAN/stylegan3_01254.png,data_sources/ai_generated/StyleGAN,ai_generated,1024,1024,1.0,JPEG,137244,58c0370e1355ff864e650aedcbe9ff22,495da0f2a6d75d795bb28f0f0689c017754d8fb42d1048824c6123461e582182,1.0,afe0a4d4307892df,ok,376.19836992659475,True,True,cluster_00189,test,/home/dheirav/Code/Deepfake_Detection/deepfake-project/dataset_builder/test/ai_generated/stylegan3_01254.png
data_sources/ai_generated/StyleGAN/stylegan3_01260.png,data_sources/ai_generated/StyleGAN,ai_generated,1024,1024,1.0,JPEG,110602,467cd31437f5b68c096a3dc1f12a8f31,1fe6e9db84d25332a3255b8d9e6c384bd811b9d9ebc6b0d35f99d047f11caf2f,1.0,8bf07cb664ece2c0,ok,90.40999126386212,True,True,cluster_01259,test,/home/dheirav/Code/Deepfake_Detection/deepfake-project/dataset_builder/test/ai_generated/stylegan3_01260.png
data_sources/ai_generated/StyleGAN/stylegan3_01262.png,data_sources/ai_generated/StyleGAN,ai_generated,1024,1024,1.0,JPEG,129385,49f801f692e689a9404b9f52f1204b24,07122bbf211e30018521d78882062f8dabcf91f73ef040177c3c5570e11d2ae2,1.0,9a2029e7273593dd,ok,225.4969542061408,True,True,cluster_00359,test,/home/dheirav/Code/Deepfake_Detection/deepfake-project/dataset_builder/test/ai_generated/stylegan3_01262.png
data_sources/ai_generated/StyleGAN/stylegan3_01282.png,data_sources/ai_generated/StyleGAN,ai_generated,1024,1024,1.0,JPEG,129398,afd9bbd40a7601c26580167830410eea,04ff13ed0dc34791aa92f5af6c0d25ff4e08bbd86b87f7911a739aa4865b91ee,1.0,b8ce6300e46d9ed9,ok,256.0837362477905,True,True,cluster_00358,test,/home/dheirav/Code/Deepfake_Detection/deepfake-project/dataset_builder/test/ai_generated/stylegan3_01282.png
data_sources/ai_generated/StyleGAN/stylegan3_01284.png,data_sources/ai_generated/StyleGAN,ai_generated,1024,1024,1.0,JPEG,101817,d6f083ae8010f3a91d1bfb7a0af029fa,981d53bcbd928ed2a43cdbcebf328c46c66b34c5c3fb988869ce16b494548c96,1.0,edad78b470a033c3,ok,108.66856259726681,True,True,cluster_01753,test,/home/dheirav/Code/Deepfake_Detection/deepfake-project/dataset_builder/test/ai_generated/stylegan3_01284.png
data_sources/ai_generated/StyleGAN/stylegan3_01287.png,data_sources/ai_generated/StyleGAN,ai_generated,1024,1024,1.0,JPEG,109092,f92e60472458eb8782e42965ee961f9c,41286482c188ede350aabec5672bcd6affdb239bb2a2618f0e7d23ab7259400a,1.0,c0f42f362d2fc398,ok,190.55979484877025,True,True,cluster_01333,test,/home/dheirav/Code/Deepfake_Detection/deepfake-project/dataset_builder/test/ai_generated/stylegan3_01287.png
data_sources/ai_generated/StyleGAN/stylegan3_01298.png,data_sources/ai_generated/StyleGAN,ai_generated,1024,1024,1.0,JPEG,104073,9843f286fbd190501cf1389023e665bb,008a1d10585e3898c624f4b15e851c2df4ebc3d5e01d288b0c2ad4fd002298aa,1.0,d5f087f001f487d3,ok,93.35798321314269,True,True,cluster_01635,test,/home/dheirav/Code/Deepfake_Detection/deepfake-project/dataset_builder/test/ai_generated/stylegan3_01298.png
data_sources/ai_generated/StyleGAN/stylegan3_01306.png,data_sources/ai_generated/StyleGAN,ai_generated,1024,1024,1.0,JPEG,123988,f253524a926449b421410a153b22a171,052f5f38438be131e76a4372a0944058a0a56e425325cad88e9da33f8d2aaf76,1.0,9d8ee39867398698,ok,110.86318147115162,True,True,cluster_00545,test,/home/dheirav/Code/Deepfake_Detection/deepfake-project/dataset_builder/test/ai_generated/stylegan3_01306.png
data_sources/ai_generated/StyleGAN/stylegan3_01312.png,data_sources/ai_generated/StyleGAN,ai_generated,1024,1024,1.0,JPEG,111839,557f1f9842c5ee1982520f6e1888a737,e457e14005db93aa72c50c5bc2e8d77a0576d64c57e4bd17b79955d2de2af5af,1.0,987f676166a92689,ok,92.79602999472172,True,True,cluster_01177,test,/home/dheirav/Code/Deepfake_Detection/deepfake-project/dataset_builder/test/ai_generated/stylegan3_01312.png
data_sources/ai_generated/StyleGAN/stylegan3_01333.png,data_sources/ai_generated/StyleGAN,ai_generated,1024,1024,1.0,JPEG,118493,c0e8e7a16488b4143029d3b3b919701a,1ef683ceb2929b30e08c566efd200b6fd1914dfc963eccf26499aeb83c4ec158,1.0,e9d02287754f728e,ok,118.23915099937221,True,True,cluster_00823,test,/home/dheirav/Code/Deepfake_Detection/deepfake-project/dataset_builder/test/ai_generated/stylegan3_01333.png
data_sources/ai_generated/StyleGAN/stylegan3_01335.png,data_sources/ai_generated/StyleGAN,ai_generated,1024,1024,1.0,JPEG,107551,fb2712bea0955de3d7c5f2431495448a,8c465e54ea20feffc893ad48c9406b2a0fa429272b7a92f861662e46d56f3e26,1.0,f0736f614e678292,ok,95.90017743775388,True,True,cluster_01420,test,/home/dheirav/Code/Deepfake_Detection/deepfake-project/dataset_builder/test/ai_generated/stylegan3_01335.png
data_sources/ai_generated/StyleGAN/stylegan3_01340.png,data_sources/ai_generated/StyleGAN,ai_generated,1024,1024,1.0,JPEG,98864,8cd884288950c6fb42839a698475cf4c,353892fafe4c1664bb4a097a91a014160ac7b9705443bd44abbcb6bcf939af5a,1.0,c31f603a6471cee3,ok,150.70741255483063,True,True,cluster_01902,test,/home/dheirav/Code/Deepfake_Detection/deepfake-project/dataset_builder/test/ai_generated/stylegan3_01340.png
data_sources/ai_generated/StyleGAN/stylegan3_01344.png,data_sources/ai_generated/StyleGAN,ai_generated,1024,1024,1.0,JPEG,120422,66b8370ce4c0a2271c83a4ce92bdf584,a6594e5b306a71d970b700494610be57fda6aaabd0bdc1d65d5fa93d057bc763,1.0,c0a0a135a557d7de,ok,159.68575846348176,True,True,cluster_00718,test,/home/dheirav/Code/Deepfake_Detection/deepfake-project/dataset_builder/test/ai_generated/stylegan3_01344.png
data_sources/ai_generated/StyleGAN/stylegan3_01352.png,data_sources/ai_generated/StyleGAN,ai_generated,1024,1024,1.0,JPEG,114681,9e1bf06dda9678caaa18e80fe1396e75,2a285e441f996109066e883699cc2b27a13160480a82fc3da88dbe8f3900bf67,1.0,fa2a15a134e11ded,ok,109.41216460734358,True,True,cluster_01010,test,/home/dheirav/Code/Deepfake_Detection/deepfake-project/dataset_builder/test/ai_generated/stylegan3_01352.png
data_sources/ai_generated/StyleGAN/stylegan3_01362.png,data_sources/ai_generated/StyleGAN,ai_generated,1024,1024,1.0,JPEG,107147,5d0ab2e05f4a56c06d2da7008eaab1d2,92b623dac629e677450e23045892dea16a0a7f8fc2df4a5972e6ca1131af3d5d,1.0,9c44636f6065678f,ok,136.04355322851825,True,True,cluster_01444,test,/home/dheirav/Code/Deepfake_Detection/deepfake-project/dataset_builder/test/ai_generated/stylegan3_01362.png
data_sources/ai_generated/StyleGAN/stylegan3_01367.png,data_sources/ai_generated/StyleGAN,ai_generated,1024,1024,1.0,JPEG,128742,5fa9ad84e338c530af748b570d460fe3,7418d3f69c662372ebd6b088a34fd2474e50114dd7adbfeed246b954d2fd4297,1.0,d67fa0760428df8a,ok,183.72434996916854,True,True,cluster_00379,test,/home/dheirav/Code/Deepfake_Detection/deepfake-project/dataset_builder/test/ai_generated/stylegan3_01367.png
data_sources/ai_generated/StyleGAN/stylegan3_01369.png,data_sources/ai_generated/StyleGAN,ai_generated,1024,1024,1.0,JPEG,122757,0e5b2f3c686051bab707a98ca3c3e1f5,67fcf97549b43edc0fe55332642168d51fe79783b32463b7b3e7b3769c8b8924,1.0,9ee825f736228396,ok,172.2618098908415,True,True,cluster_00592,test,/home/dheirav/Code/Deepfake_Detection/deepfake-project/dataset_builder/test/ai_generated/stylegan3_01369.png
data_sources/ai_generated/StyleGAN/stylegan3_01371.png,data_sources/ai_generated/StyleGAN,ai_generated,1024,1024,1.0,JPEG,120869,a0e4be4fa2261734e4dc490753477277,e5b3cea67acfbc5886993edda0b2ceed6b347eba1b943c9fa59054da8ca0206b,1.0,ce6c219ef32983c9,ok,215.22850707542602,True,True,cluster_00696,test,/home/dheirav/Code/Deepfake_Detection/deepfake-project/dataset_builder/test/ai_generated/stylegan3_01371.png
data_sources/ai_generated/StyleGAN/stylegan3_01376.png,data_sources/ai_generated/StyleGAN,ai_generated,1024,1024,1.0,JPEG,104885,6512a494a61fa507bda198cafc45bfad,d1a7f7c294f874c846141216755d0e2e816572cc6716e420ee7d093a5959fd18,1.0,af9674e6603472c6,ok,146.54352187528275,True,True,cluster_01588,test,/home/dheirav/Code/Deepfake_Detection/deepfake-project/dataset_builder/test/ai_generated/stylegan3_01376.png
data_sources/ai_generated/StyleGAN/stylegan3_01377.png,data_sources/ai_generated/StyleGAN,ai_generated,1024,1024,1.0,JPEG,118861,d43b2aebcb62b12600591325fa3827c9,01c68722d0c5f3e56992e18e064e764c24816223b07f9590009460ee3e8fabe0,1.0,e3547e1fa07887b0,ok,121.38347076367698,True,True,cluster_00808,test,/home/dheirav/Code/Deepfake_Detection/deepfake-project/dataset_builder/test/ai_generated/stylegan3_01377.png
data_sources/ai_generated/StyleGAN/stylegan3_01379.png,data_sources/ai_generated/StyleGAN,ai_generated,1024,1024,1.0,JPEG,109063,4e11ac21f0095126fc3d75dc4bf53747,fa3f131e7c185e882f2ac767ef37ef2409bd74317645166a830eed2dcb1d21fc,1.0,cee16d9684da5899,ok,136.0010051639947,True,True,cluster_01337,test,/home/dheirav/Code/Deepfake_Detection/deepfake-project/dataset_builder/test/ai_generated/stylegan3_01379.png
data_sources/ai_generated/StyleGAN/stylegan3_01380.png,data_sources/ai_generated/StyleGAN,ai_generated,1024,1024,1.0,JPEG,111320,71a8fb4547ce0071ed68d8e644e1dea5,068d052b2940cb3294c3606ad105a9b561fedbcb803fe35ca48d0409f1ae5705,1.0,ab7df4c1a07881c7,ok,105.25535042942556,True,True,cluster_01217,test,/home/dheirav/Code/Deepfake_Detection/deepfake-project/dataset_builder/test/ai_generated/stylegan3_01380.png
data_sources/ai_generated/StyleGAN/stylegan3_01387.png,data_sources/ai_generated/StyleGAN,ai_generated,1024,1024,1.0,JPEG,114337,14d8cf2b0374e2ae6bb9724a128408f6,df0f1c4d9cb994f3fe3fb5cfed0470adfdd25fb3554d80dfac55aa74f65797bd,1.0,cb3f2df63e401688,ok,93.0676277648954,True,True,cluster_01027,test,/home/dheirav/Code/Deepfake_Detection/deepfake-project/dataset_builder/test/ai_generated/stylegan3_01387.png
data_sources/ai_generated/StyleGAN/stylegan3_01392.png,data_sources/ai_generated/StyleGAN,ai_generated,1024,1024,1.0,JPEG,103157,08997a53008ede94361c7b42bc1675ed,446abdbba02b95de4c66a136a1a3442e5fcf961535e312a7cb256159fde7f18f,1.0,db0b6f868c9c19d1,ok,100.92744054203558,True,True,cluster_01689,test,/home/dheirav/Code/Deepfake_Detection/deepfake-project/dataset_builder/test/ai_generated/stylegan3_01392.png
data_sources/ai_generated/StyleGAN/stylegan3_01394.png,data_sources/ai_generated/StyleGAN,ai_generated,1024,1024,1.0,JPEG,118376,dd34ca2dde1eda6fee265fbff9f994c3,9f3cbcd0cc4ead6e972036677f5fe124b98a17bbc82da01df13524340f75c3c4,1.0,dae061e766cc838b,ok,160.40479733399116,True,True,cluster_00830,test,/home/dheirav/Code/Deepfake_Detection/deepfake-project/dataset_builder/test/ai_generated/stylegan3_01394.png
data_sources/ai_generated/StyleGAN/stylegan3_01400.png,data_sources/ai_generated/StyleGAN,ai_generated,1024,1024,1.0,JPEG,129191,aa4ff3c13f4407523747b39e5d9b5462,4a2e3ea943fb31321d38efa9fd2a3c5292aa3d5be1bff2cb3669a13f8e47bf3f,1.0,8bfc3d82f0d75884,ok,114.45370436075518,True,True,cluster_00362,test,/home/dheirav/Code/Deepfake_Detection/deepfake-project/dataset_builder/test/ai_generated/stylegan3_01400.png
data_sources/ai_generated/StyleGAN/stylegan3_01409.png,data_sources/ai_generated/StyleGAN,ai_generated,1024,1024,1.0,JPEG,112860,4361ee70eb392cbc71baba5ad03c47ae,446af10024175ac05efe3c429e68f891cad3eef6dd3e7c3b694bdfae44ae2d6b,1.0,cedaa5a3a4c19c99,ok,88.54996182628292,True,True,cluster_01121,test,/home/dheirav/Code/Deepfake_Detection/deepfake-project/dataset_builder/test/ai_generated/stylegan3_01409.png
data_sources/ai_generated/StyleGAN/stylegan3_01418.png,data_sources/ai_generated/StyleGAN,ai_generated,1024,1024,1.0,JPEG,144136,dfac6ec1325bd7d697a863e1e284b0ca,0974b11f25533f591d109c67a78d65ddf84004ba5233d328acba498c3f50e716,1.0,bfa482d0c1cbcbcc,ok,499.3479355536401,True,True,cluster_00113,test,/home/dheirav/Code/Deepfake_Detection/deepfake-project/dataset_builder/test/ai_generated/stylegan3_01418.png
data_sources/ai_generated/StyleGAN/stylegan3_01419.png,data_sources/ai_generated/StyleGAN,ai_generated,1024,1024,1.0,JPEG,146017,85c4cc547dec4b761decc2b0dbc4f036,5ddd0cd2fd20d4df0178d083f61663b73e18249d48f8fbaf2c4df3d02908903c,1.0,88e179277564d6d2,ok,351.1723809541353,True,True,cluster_00098,test,/home/dheirav/Code/Deepfake_Detection/deepfake-project/dataset_builder/test/ai_generated/stylegan3_01419.png
data_sources/ai_generated/StyleGAN/stylegan3_01426.png,data_sources/ai_generated/StyleGAN,ai_generated,1024,1024,1.0,JPEG,100708,63833464add9b9ab0218740658621eb8,35cb6a576796ad569154ae8c634141a9c48b2bddbca3f5403c63a9743b0961e5,1.0,eb943cc31649bec8,ok,83.99474323319373,True,True,cluster_01815,test,/home/dheirav/Code/Deepfake_Detection/deepfake-project/dataset_builder/test/ai_generated/stylegan3_01426.png
data_sources/ai_generated/StyleGAN/stylegan3_01428.png,data_sources/ai_generated/StyleGAN,ai_generated,1024,1024,1.0,JPEG,120514,d30c81e0b41527f33bc33ee4c9500c72,0c33c9bab54751472f577040a1436e17dcc4c73fd9a6524c11f04e7807941ac5,1.0,f1a44ee446f480df,ok,162.21155260185236,True,True,cluster_00713,test,/home/dheirav/Code/Deepfake_Detection/deepfake-project/dataset_builder/test/ai_generated/stylegan3_01428.png
data_sources/ai_generated/StyleGAN/stylegan3_01436.png,data_sources/ai_generated/StyleGAN,ai_generated,1024,1024,1.0,JPEG,119845,1cb9973276746656b3b5bed58f8b32a1,23563cfc58079cf539575cd6a47a97e58d868a2c806a2306221f3928aab8624d,1.0,ce8391d7487e22cd,ok,88.88992688533835,True,True,cluster_00750,test,/home/dheirav/Code/Deepfake_Detection/deepfake-project/dataset_builder/test/ai_generated/stylegan3_01436.png
data_sources/ai_generated/StyleGAN/stylegan3_01441.png,data_sources/ai_generated/StyleGAN,ai_generated,1024,1024,1.0,JPEG,129549,2c017b92b0439be9ee913f878c0c7078,10ce91edafae84559f017c67346265a0272cd531bbfdbb49627efcc443c1db81,1.0,bea161b46738ce8a,ok,262.7419038541038,True,True,cluster_00353,test,/home/dheirav/Code/Deepfake_Detection/deepfake-project/dataset_builder/test/ai_generated/stylegan3_01441.png
data_sources/ai_generated/StyleGAN/stylegan3_01443.png,data_sources/ai_generated/StyleGAN,ai_generated,1024,1024,1.0,JPEG,116072,62540d3a8d7f65d2125fecd19233c954,db7c9b9e0623ad8b6030de4b2070616b2be89747bc803bd4dfa9bd88aaddec26,1.0,9fd72df420782293,ok,185.71256630704374,True,True,cluster_00938,test,/home/dheirav/Code/Deepfake_Detection/deepfake-project/dataset_builder/test/ai_generated/stylegan3_01443.png
data_sources/ai_generated/StyleGAN/stylegan3_01454.png,data_sources/ai_generated/StyleGAN,ai_generated,1024,1024,1.0,JPEG,96954,1bded9881b01f3b72c9bdfed88141210,bfcd62a9fd650ff1f374bb394ea06addfd328352d6fa8938750531e4f0dd7687,1.0,a6b6d87ff9588440,ok,93.96387195520855,True,True,cluster_01976,test,/home/dheirav/Code/Deepfake_Detection/deepfake-project/dataset_builder/test/ai_generated/stylegan3_01454.png
data_sources/ai_generated/StyleGAN/stylegan3_01456.png,data_sources/ai_generated/StyleGAN,ai_generated,1024,1024,1.0,JPEG,110918,dfd0e687b186d7ffb2f6dc1de105850a,bc6799daf5b32d2503f63dc4b2719ee5f63293942a056e98f39773674f312df3,1.0,bfb04bb600b443cf,ok,192.5023745045728,True,True,cluster_01234,test,/home/dheirav/Code/Deepfake_Detection/deepfake-project/dataset_builder/test/ai_generated/stylegan3_01456.png
data_sources/ai_generated/StyleGAN/stylegan3_01460.png,data_sources/ai_generated/StyleGAN,ai_generated,1024,1024,1.0,JPEG,100714,3ef821ef2883608b7380a2b2c831aeaf,521d4bb5e064bcad8e4ab00b4cd9e19f9f4020512bcdda4b307a39f7f9256008,1.0,fcc8a92227ada59c,ok,109.17626851273869,True,True,cluster_01813,test,/home/dheirav/Code/Deepfake_Detection/deepfake-project/dataset_builder/test/ai_generated/stylegan3_01460.png
data_sources/ai_generated/StyleGAN/stylegan3_01462.png,data_sources/ai_generated/StyleGAN,ai_generated,1024,1024,1.0,JPEG,109452,b61abbf82669714815ccf07b8cb910a5,f86642ca1ac238cb5025100987fef1120e2e9b23a51de52cda404b0f3bfe71d4,1.0,de6b61f624188e99,ok,142.2045647590121,True,True,cluster_01316,test,/home/dheirav/Code/Deepfake_Detection/deepfake-project/dataset_builder/test/ai_generated/stylegan3_01462.png
data_sources/ai_generated/StyleGAN/stylegan3_01466.png,data_sources/ai_generated/StyleGAN,ai_generated,1024,1024,1.0,JPEG,137433,97597c9fe7d79c7ba92ce5725e0b5240,ee660fdc0c7e70ba0a37b3270f7c470564fd2ab4572258a7c35e3054909f5d5f,1.0,fab925f027f886c0,ok,115.36903565452303,True,True,cluster_00184,test,/home/dheirav/Code/Deepfake_Detection/deepfake-project/dataset_builder/test/ai_generated/stylegan3_01466.png
data_sources/ai_generated/StyleGAN/stylegan3_01475.png,data_sources/ai_generated/StyleGAN,ai_generated,1024,1024,1.0,JPEG,114758,258464af6a82573eac1029d32ecc2955,f033cf47c9391d4d168ba345754c40de1021791b3e1589ce95d1f84d4e916e07,1.0,cfdf3198963842c6,ok,93.31626084971413,True,True,cluster_01003,test,/home/dheirav/Code/Deepfake_Detection/deepfake-project/dataset_builder/test/ai_generated/stylegan3_01475.png
data_sources/ai_generated/StyleGAN/stylegan3_01478.png,data_sources/ai_generated/StyleGAN,ai_generated,1024,1024,1.0,JPEG,143166,3eb4389096a6fe167e2581e797b96518,58db175557ed978b2877ab8b9cd053d02e3c62029580f737b8ffbc7057516027,1.0,8a2070d7b72935ed,ok,210.5258193419977,True,True,cluster_00116,test,/home/dheirav/Code/Deepfake_Detection/deepfake-project/dataset_builder/test/ai_generated/stylegan3_01478.png
data_sources/ai_generated/StyleGAN/stylegan3_01482.png,data_sources/ai_generated/StyleGAN,ai_generated,1024,1024,1.0,JPEG,99319,3b9bdd0d025099ade38ce2e16be04788,37bfa6df614acc25bead606f54223c325c468a993fcae3e03940ac5f0377bef5,1.0,99f4f0c283c98bcd,ok,137.44010043975047,True,True,cluster_01882,test,/home/dheirav/Code/Deepfake_Detection/deepfake-project/dataset_builder/test/ai_generated/stylegan3_01482.png
data_sources/ai_generated/StyleGAN/stylegan3_01489.png,data_sources/ai_generated/StyleGAN,ai_generated,1024,1024,1.0,JPEG,104420,9113e1882c283dc24b74faf703e54d85,b9ffe8d331131c91717f3fbeba007609ee3e7a3a9e3c8c69486158d427fe869c,1.0,9e7924ef5408cb99,ok,107.42269687313456,True,True,cluster_01613,test,/home/dheirav/Code/Deepfake_Detection/deepfake-project/dataset_builder/test/ai_generated/stylegan3_01489.png
data_sources/ai_generated/StyleGAN/stylegan3_01506.png,data_sources/ai_generated/StyleGAN,ai_generated,1024,1024,1.0,JPEG,119382,49af9a3e15cd1b3ff0cbb9a3327f472f,cd6dabb2fb42d6c9df057bd0b3442ac6a74ff9d43c61d4c04b58a6c3fdd1fd9d,1.0,9ea111e1f2ecd2d4,ok,140.2864111802628,True,True,cluster_00774,test,/home/dheirav/Code/Deepfake_Detection/deepfake-project/dataset_builder/test/ai_generated/stylegan3_01506.png
data_sources/ai_generated/StyleGAN/stylegan3_01508.png,data_sources/ai_generated/StyleGAN,ai_generated,1024,1024,1.0,JPEG,120213,c6f6ea1caf062f7472e79231061f62cf,9b3a27576fbaf8409fd07184a3c04482091f127a562bcbd6b3b4cf91679eea3d,1.0,eaa5e1a670ce928d,ok,327.1299281508608,True,True,cluster_00737,test,/home/dheirav/Code/Deepfake_Detection/deepfake-project/dataset_builder/test/ai_generated/stylegan3_01508.png
data_sources/ai_generated/StyleGAN/stylegan3_01509.png,data_sources/ai_generated/StyleGAN,ai_generated,1024,1024,1.0,JPEG,119989,fc9ba5c72358127f879374b70e0996d0,508df0512ac13e461ed418d086ab4a47494c925e695440cb60bfea6fa4740b08,1.0,9e322d37607996c9,ok,81.55520914564022,True,True,cluster_00745,test,/home/dheirav/Code/Deepfake_Detection/deepfake-project/dataset_builder/test/ai_generated/stylegan3_01509.png
data_sources/ai_generated/StyleGAN/stylegan3_01510.png,data_sources/ai_generated/StyleGAN,ai_generated,1024,1024,1.0,JPEG,118223,e65b07c225766ba7cdb3e541aee08e0f,1356b85036b033a02134aef675401490c55a132b73541ce2039b90884c4436fd,1.0,9ff5b082c38b8b8a,ok,113.99528126911082,True,True,cluster_00836,test,/home/dheirav/Code/Deepfake_Detection/deepfake-project/dataset_builder/test/ai_generated/stylegan3_01510.png
data_sources/ai_generated/StyleGAN/stylegan3_01521.png,data_sources/ai_generated/StyleGAN,ai_generated,1024,1024,1.0,JPEG,98785,d1bef4a69c5c9a0ce73706ac1786b281,06d7f6974091c87d2e173396f65aab3f264b5b022c78a4e01863a0f9ff3b3235,1.0,b1e22bd5aa1dca89,ok,122.9771592975012,True,True,cluster_01906,test,/home/dheirav/Code/Deepfake_Detection/deepfake-project/dataset_builder/test/ai_generated/stylegan3_01521.png
data_sources/ai_generated/StyleGAN/stylegan3_01523.png,data_sources/ai_generated/StyleGAN,ai_generated,1024,1024,1.0,JPEG,109080,a6a4d939af727e79cfeb457e7b1af413,02cb95fe080822647bd0faae2bebee137ef08e6858e0e56be4631809b8308a04,1.0,89c705b72725738b,ok,204.0626445672742,True,True,cluster_01334,test,/home/dheirav/Code/Deepfake_Detection/deepfake-project/dataset_builder/test/ai_generated/stylegan3_01523.png
data_sources/ai_generated/StyleGAN/stylegan3_01531.png,data_sources/ai_generated/StyleGAN,ai_generated,1024,1024,1.0,JPEG,132454,717bc689a1177de7f2186532652038a4,72b90d77a11a04463870bc5be8494bf75b255ad551e50f4ceb90dba3baa264a3,1.0,b0c5c58f0e824efe,ok,166.1318221224028,True,True,cluster_00287,test,/home/dheirav/Code/Deepfake_Detection/deepfake-project/dataset_builder/test/ai_generated/stylegan3_01531.png
data_sources/ai_generated/StyleGAN/stylegan3_01532.png,data_sources/ai_generated/StyleGAN,ai_generated,1024,1024,1.0,JPEG,121082,524e4f6f9150bf6008ec1e4391bc153c,f2b4d7a707d170784f0932b54d41ee757165b19181835cc2cc43231461feafa5,1.0,eddc368371b2238c,ok,353.33569704135516,True,True,cluster_00682,test,/home/dheirav/Code/Deepfake_Detection/deepfake-project/dataset_builder/test/ai_generated/stylegan3_01532.png
data_sources/ai_generated/StyleGAN/stylegan3_01538.png,data_sources/ai_generated/StyleGAN,ai_generated,1024,1024,1.0,JPEG,104012,e3a92cfbbc4525e4f3f995aed408db41,326c3e6194ed9c857ca662cd59b7cae655fead77ca7e166e7c708c3a2d9dc79c,1.0,8f9827f072780b9b,ok,164.11207197158,True,True,cluster_01639,test,/home/dheirav/Code/Deepfake_Detection/deepfake-project/dataset_builder/test/ai_generated/stylegan3_01538.png
data_sources/ai_generated/StyleGAN/stylegan3_01540.png,data_sources/ai_generated/StyleGAN,ai_generated,1024,1024,1.0,JPEG,107729,9cff790d88a910eba6eb6cfd54218541,263706faf308a44f9216c015a41604483ed9adf0e5f77b603e39d770590fb9b3,1.0,b0d495c70d283adf,ok,119.78004282380333,True,True,cluster_01411,test,/home/dheirav/Code/Deepfake_Detection/deepfake-project/dataset_builder/test/ai_generated/stylegan3_01540.png
data_sources/ai_generated/StyleGAN/stylegan3_01547.png,data_sources/ai_generated/StyleGAN,ai_generated,1024,1024,1.0,JPEG,117152,103981e546b2d81525c982dd3b45700f,84d648f06fe4ec5e86ce3ee34f77011b656100c8d4780da9604a9ffe7a9a4088,1.0,bd35e0c6ceb8b182,ok,178.86549591606945,True,True,cluster_00889,test,/home/dheirav/Code/Deepfake_Detection/deepfake-project/dataset_builder/test/ai_generated/stylegan3_01547.png
data_sources/ai_generated/StyleGAN/stylegan3_01571.png,data_sources/ai_generated/StyleGAN,ai_generated,1024,1024,1.0,JPEG,108247,37a24eb4038437ea2804dc71fba40bfe,93686f545250d48f86161b763edbf3bba47eba0bab37fd5a69ef385dee83daee,1.0,9cbc6ba52552a6ca,ok,108.84050649169421,True,True,cluster_01369,test,/home/dheirav/Code/Deepfake_Detection/deepfake-project/dataset_builder/test/ai_generated/stylegan3_01571.png
data_sources/ai_generated/StyleGAN/stylegan3_01575.png,data_sources/ai_generated/StyleGAN,ai_generated,1024,1024,1.0,JPEG,110308,304f0270e41433823cd15a5baadc91a8,534d78178f8ad984839bced9433481bdba365f09159bb691f8d0563c00b1962e,1.0,a93636b23399db88,ok,85.39956158215864,True,True,cluster_01280,test,/home/dheirav/Code/Deepfake_Detection/deepfake-project/dataset_builder/test/ai_generated/stylegan3_01575.png
data_sources/ai_generated/StyleGAN/stylegan3_01582.png,data_sources/ai_generated/StyleGAN,ai_generated,1024,1024,1.0,JPEG,128488,b0d66bbdc7e551909c7080238b2f9a0c,11825b63f5361ffb0813557beb4ed718a761cb5e55945f1483e4fea1b42bbc40,1.0,9ae1d5d27a78052d,ok,111.22540378522444,True,True,cluster_00388,test,/home/dheirav/Code/Deepfake_Detection/deepfake-project/dataset_builder/test/ai_generated/stylegan3_01582.png
data_sources/ai_generated/StyleGAN/stylegan3_01586.png,data_sources/ai_generated/StyleGAN,ai_generated,1024,1024,1.0,JPEG,100657,0d036a397b3263914a49774ecc6fece0,126665c0872c1fcf4614442e5b900f9df9d167176f96420ae3845f9b92f6d296,1.0,e2182fb185673e8e,ok,123.39971251733274,True,True,cluster_01819,test,/home/dheirav/Code/Deepfake_Detection/deepfake-project/dataset_builder/test/ai_generated/stylegan3_01586.png
data_sources/ai_generated/StyleGAN/stylegan3_01593.png,data_sources/ai_generated/StyleGAN,ai_generated,1024,1024,1.0,JPEG,117057,d7db9835e6dac59aa4f21944624f8845,b7ba585e8d09cff1bbaa2530b295f82853b5d85fa79c6ee677f6eb5da49551dd,1.0,a5f992829ef640cb,ok,108.074053598516,True,True,cluster_00895,test,/home/dheirav/Code/Deepfake_Detection/deepfake-project/dataset_builder/test/ai_generated/stylegan3_01593.png
data_sources/ai_generated/StyleGAN/stylegan3_01600.png,data_sources/ai_generated/StyleGAN,ai_generated,1024,1024,1.0,JPEG,101108,f2abbc06b0440d4452ccede597364862,6f293a0a2868b268553d1e6935870475997091cd1d77c3dceba7e55c24535325,1.0,87212f35755a725a,ok,90.58240315481089,True,True,cluster_01789,test,/home/dheirav/Code/Deepfake_Detection/deepfake-project/dataset_builder/test/ai_generated/stylegan3_01600.png
data_sources/ai_generated/StyleGAN/stylegan3_01604.png,data_sources/ai_generated/StyleGAN,ai_generated,1024,1024,1.0,JPEG,96409,8b00b4501413839c55948ab6e06e0db6,cc77a1579061439a7d980dd7d9ba6e54c95c4e2f1a6018b95e342c9e2165abc4,1.0,976a4d140a367a9f,ok,100.30761980917211,True,True,cluster_01997,test,/home/dheirav/Code/Deepfake_Detection/deepfake-project/dataset_builder/test/ai_generated/stylegan3_01604.png
data_sources/ai_generated/StyleGAN/stylegan3_01610.png,data_sources/ai_generated/StyleGAN,ai_generated,1024,1024,1.0,JPEG,103312,09c2b298e45902e7afcb6fb210d52cba,7095f7b677f792277a84a001b320f9d837838dc2f0dbd9ad0624da02b25acf05,1.0,ce811cf624e935cb,ok,232.0834367898642,True,True,cluster_01675,test,/home/dheirav/Code/Deepfake_Detection/deepfake-project/dataset_builder/test/ai_generated/stylegan3_01610.png
data_sources/ai_generated/StyleGAN/stylegan3_01613.png,data_sources/ai_generated/StyleGAN,ai_generated,1024,1024,1.0,JPEG,131322,05dc83ca567cde02234ae9d777b0380a,827c2c8ba283b7e2685a5b74297b8a2cba83f7d578718ae140320a2ecc58154c,1.0,9f15258cc43fde88,ok,165.39700496199293,True,True,cluster_00308,test,/home/dheirav/Code/Deepfake_Detection/deepfake-project/dataset_builder/test/ai_generated/stylegan3_01613.png
data_sources/ai_generated/StyleGAN/stylegan3_01618.png,data_sources/ai_generated/StyleGAN,ai_generated,1024,1024,1.0,JPEG,105038,301dffeb02329695e01c0808579baab7,19b7994af653379dd0cf24b0ba84ad79378cbdb29eb1fe2f466f33881f488dbb,1.0,ce6f212331198fc7,ok,163.2701301494344,True,True,cluster_01580,test,/home/dheirav/Code/Deepfake_Detection/deepfake-project/dataset_builder/test/ai_generated/stylegan3_01618.png
data_sources/ai_generated/StyleGAN/stylegan3_01620.png,data_sources/ai_generated/StyleGAN,ai_generated,1024,1024,1.0,JPEG,121620,e0032e3e94e4341389948acdcf8ce64b,3a710b3ac245ea799ca7e7ac0de0e93371828adbb9094b99f93f6cfc71a64a29,1.0,ba3769b4606ad391,ok,271.11087804863564,True,True,cluster_00657,test,/home/dheirav/Code/Deepfake_Detection/deepfake-project/dataset_builder/test/ai_generated/stylegan3_01620.png
data_sources/ai_generated/StyleGAN/stylegan3_01622.png,data_sources/ai_generated/StyleGAN,ai_generated,1024,1024,1.0,JPEG,115554,f4d6aa763b2ab53c6df2aff6ddcdccb4,338da005139bbfc416f25a77ac2529b2ae88196031fe9ce67d81102afeb41515,1.0,b5e8d2a11ab9c29d,ok,142.8360938983824,True,True,cluster_00956,test,/home/dheirav/Code/Deepfake_Detection/deepfake-project/dataset_builder/test/ai_generated/stylegan3_01622.png
data_sources/ai_generated/StyleGAN/stylegan3_01630.png,data_sources/ai_generated/StyleGAN,ai_generated,1024,1024,1.0,JPEG,109120,d211b3637cf6882f735c3940d39796e0,1ecc3ec3be49e5dc9f30da8fa5c94c31b161ac9e027cf236fe241620dbae148b,1.0,da65a5c68d583572,ok,98.85342488972582,True,True,cluster_01332,test,/home/dheirav/Code/Deepfake_Detection/deepfake-project/dataset_builder/test/ai_generated/stylegan3_01630.png
data_sources/ai_generated/StyleGAN/stylegan3_01637.png,data_sources/ai_generated/StyleGAN,ai_generated,1024,1024,1.0,JPEG,124195,fd8016d5fb4b325da854a7c2d88782f7,bf958bab767f83c34e14f661fda7b651285232f6edf59b45ed710d07a8ee8f2e,1.0,a0eab19d392167e5,ok,199.74766427311167,True,True,cluster_00536,test,/home/dheirav/Code/Deepfake_Detection/deepfake-project/dataset_builder/test/ai_generated/stylegan3_01637.png
data_sources/ai_generated/StyleGAN/stylegan3_01648.png,data_sources/ai_generated/StyleGAN,ai_generated,1024,1024,1.0,JPEG,109263,6ec423ee28502ea2d817b35a9e5505ee,f2a3e395e2feadd748396e606cc3a6166c93a0a4962e37e03910cd5432456459,1.0,ec7974f070bcc688,ok,117.44641581768425,True,True,cluster_01326,test,/home/dheirav/Code/Deepfake_Detection/deepfake-project/dataset_builder/test/ai_generated/stylegan3_01648.png
data_sources/ai_generated/StyleGAN/stylegan3_01651.png,data_sources/ai_generated/StyleGAN,ai_generated,1024,1024,1.0,JPEG,116372,7fa537d8e7477d9155224c16a6c29700,d7eaf4997074ba8a17d6f4bc75986b1ed1bd6ac13c9ebe8442418ae127e266ef,1.0,da0ff85a212dca87,ok,224.97839623560768,True,True,cluster_00928,test,/home/dheirav/Code/Deepfake_Detection/deepfake-project/dataset_builder/test/ai_generated/stylegan3_01651.png
data_sources/ai_generated/StyleGAN/stylegan3_01652.png,data_sources/ai_generated/StyleGAN,ai_generated,1024,1024,1.0,JPEG,113219,af74d2f0a18f98f740176061acc3c7a0,a11a2164e6a22ba6bb49a1c1dc21c96e122ce0caee01a2c9f8d8ceb7a5044893,1.0,bdacecf4a07072c1,ok,152.93284141295226,True,True,cluster_01097,test,/home/dheirav/Code/Deepfake_Detection/deepfake-project/dataset_builder/test/ai_generated/stylegan3_01652.png
data_sources/ai_generated/StyleGAN/stylegan3_01655.png,data_sources/ai_generated/StyleGAN,ai_generated,1024,1024,1.0,JPEG,110149,f0142f83544766096cac694c777b42c9,d3c04a58c15f7833067c35651d09838099a995e7c02e748b0c3deae47bda46de,1.0,d6d0e1ed20653b8e,ok,97.97180083737112,True,True,cluster_01287,test,/home/dheirav/Code/Deepfake_Detection/deepfake-project/dataset_builder/test/ai_generated/stylegan3_01655.png
data_sources/ai_generated/StyleGAN/stylegan3_01661.png,data_sources/ai_generated/StyleGAN,ai_generated,1024,1024,1.0,JPEG,112264,c435088eb627decf5572e363bfed454d,37b962a598482a49381e6b790ae337b3367bbd1e4c0446a01ff4b31ab772e88c,1.0,9c9e9152756257ca,ok,135.15389384441278,True,True,cluster_01157,test,/home/dheirav/Code/Deepfake_Detection/deepfake-project/dataset_builder/test/ai_generated/stylegan3_01661.png
data_sources/ai_generated/StyleGAN/stylegan3_01667.png,data_sources/ai_generated/StyleGAN,ai_generated,1024,1024,1.0,JPEG,112431,6d15525dff05403a1916048a44b1d9c5,642dcaedf0ca09ad3bb5d0fb7a5f3b61c0fabc1d7e31e729a56f75b97b400c5b,1.0,cfb474f2f0919292,ok,82.77773375341985,True,True,cluster_01144,test,/home/dheirav/Code/Deepfake_Detection/deepfake-project/dataset_builder/test/ai_generated/stylegan3_01667.png
data_sources/ai_generated/StyleGAN/stylegan3_01670.png,data_sources/ai_generated/StyleGAN,ai_generated,1024,1024,1.0,JPEG,124135,d1fd22787ced97ab203d85a731fce651,e520691d5f242eb0de8dd99a20b03209075474d91100d7b5836cdb33987ef3c9,1.0,ce117e2f780a8796,ok,166.34732422581874,True,True,cluster_00538,test,/home/dheirav/Code/Deepfake_Detection/deepfake-project/dataset_builder/test/ai_generated/stylegan3_01670.png
data_sources/ai_generated/StyleGAN/stylegan3_01693.png,data_sources/ai_generated/StyleGAN,ai_generated,1024,1024,1.0,JPEG,102776,f5e3c15112d20e71784be14b56ff25a2,1137b88d704fe6aad244936f4d70420da62ea4b1997006fe1d85725575427e7d,1.0,f00f3e3b30f3c0d8,ok,275.26935751466954,True,True,cluster_01716,test,/home/dheirav/Code/Deepfake_Detection/deepfake-project/dataset_builder/test/ai_generated/stylegan3_01693.png
data_sources/ai_generated/StyleGAN/stylegan3_01696.png,data_sources/ai_generated/StyleGAN,ai_generated,1024,1024,1.0,JPEG,119775,927287b057234db54711934bd2bb59fc,4b42569047dde664013970151ced554f06921aab043c32dc4f2b6efc32c66030,1.0,bfbd50f4342a90d2,ok,110.55525488513285,True,True,cluster_00754,test,/home/dheirav/Code/Deepfake_Detection/deepfake-project/dataset_builder/test/ai_generated/stylegan3_01696.png
data_sources/ai_generated/StyleGAN/stylegan3_01702.png,data_sources/ai_generated/StyleGAN,ai_generated,1024,1024,1.0,JPEG,117023,e214d71bfab6aa56aca17df2bdc8d9fa,cf7b80cf4eb760488535af372bdf338b6db697e6bc51dba90c8060b517cdeeab,1.0,8b6e356535ca8a8d,ok,113.74203032426522,True,True,cluster_00897,test,/home/dheirav/Code/Deepfake_Detection/deepfake-project/dataset_builder/test/ai_generated/stylegan3_01702.png
data_sources/ai_generated/StyleGAN/stylegan3_01713.png,data_sources/ai_generated/StyleGAN,ai_generated,1024,1024,1.0,JPEG,99359,f397e08e440f5d1c1853d092db170e3a,c886e57e76b1e90e9a20aa0df80e8c4f1aab84b67e9abf187a9596e7d6fbb4df,1.0,d0e90d9c869cd69d,ok,158.7240453316908,True,True,cluster_01880,test,/home/dheirav/Code/Deepfake_Detection/deepfake-project/dataset_builder/test/ai_generated/stylegan3_01713.png
data_sources/ai_generated/StyleGAN/stylegan3_01718.png,data_sources/ai_generated/StyleGAN,ai_generated,1024,1024,1.0,JPEG,110424,6431b2d9da6b20320e7091a9ccedf67f,992bfe13285e1888fd7c728b82c50af70d75c19d73f4400161d8aaf98a574b67,1.0,dc696035f7240dda,ok,90.69370349874862,True,True,cluster_01275,test,/home/dheirav/Code/Deepfake_Detection/deepfake-project/dataset_builder/test/ai_generated/stylegan3_01718.png
data_sources/ai_generated/StyleGAN/stylegan3_01728.png,data_sources/ai_generated/StyleGAN,ai_generated,1024,1024,1.0,JPEG,110315,f768215bcf169873d860d33b4814c612,71b2021bed4efe0716cfb6aefa5fc6a0edff7c9ffef3214091461082e2ba861a,1.0,d8e9e0a3e30f878a,ok,94.00481672885417,True,True,cluster_01278,test,/home/dheirav/Code/Deepfake_Detection/deepfake-project/dataset_builder/test/ai_generated/stylegan3_01728.png
data_sources/ai_generated/StyleGAN/stylegan3_01738.png,data_sources/ai_generated/StyleGAN,ai_generated,1024,1024,1.0,JPEG,107438,9bb1d41e5d69f58b5ecab3e7435d80f0,7c80ab99c2858625ad217799f655604c51cb7501293af428e41cb7958c50fc9b,1.0,8b8e7d2d7114b782,ok,119.49746216186666,True,True,cluster_01426,test,/home/dheirav/Code/Deepfake_Detection/deepfake-project/dataset_builder/test/ai_generated/stylegan3_01738.png
data_sources/ai_generated/StyleGAN/stylegan3_01739.png,data_sources/ai_generated/StyleGAN,ai_generated,1024,1024,1.0,JPEG,100122,1418e52800a1c7b50fc5d50c1c215daf,fb1655a42a51729da39ce5e748b374a708022452e307a931b982f784975020ea,1.0,df2f2968307896d8,ok,90.26686191242243,True,True,cluster_01854,test,/home/dheirav/Code/Deepfake_Detection/deepfake-project/dataset_builder/test/ai_generated/stylegan3_01739.png
data_sources/ai_generated/StyleGAN/stylegan3_01744.png,data_sources/ai_generated/StyleGAN,ai_generated,1024,1024,1.0,JPEG,108544,d79838a9111c1b745aeba8087a49065d,cab8ae8a5eb11647a30e072a95854d9479462f0be69e39f334927aa75c18defe,1.0,d348fce434e4cec8,ok,148.15579760019224,True,True,cluster_01360,test,/home/dheirav/Code/Deepfake_Detection/deepfake-project/dataset_builder/test/ai_generated/stylegan3_01744.png
data_sources/ai_generated/StyleGAN/stylegan3_01745.png,data_sources/ai_generated/StyleGAN,ai_generated,1024,1024,1.0,JPEG,114940,7dcdb36a767a4e2e7ab30de373cc6116,274386a24a157f64df90f3bf98f5f41c0a24a419f4175afa0d8613f8ad928972,1.0,87516b7a6c65721a,ok,113.18201867325024,True,True,cluster_00985,test,/home/dheirav/Code/Deepfake_Detection/deepfake-project/dataset_builder/test/ai_generated/stylegan3_01745.png
data_sources/ai_generated/StyleGAN/stylegan3_01760.png,data_sources/ai_generated/StyleGAN,ai_generated,1024,1024,1.0,JPEG,126034,267613ebd96ae6fb06ecb060a151381a,fbf9eefc6da9d51b511626cd501a9fa432444917962980a218aef70d18ec4a4b,1.0,9b05fd57c0254a97,ok,143.29746519786477,True,True,cluster_00465,test,/home/dheirav/Code/Deepfake_Detection/deepfake-project/dataset_builder/test/ai_generated/stylegan3_01760.png
data_sources/ai_generated/StyleGAN/stylegan3_01766.png,data_sources/ai_generated/StyleGAN,ai_generated,1024,1024,1.0,JPEG,116830,29737b20ab52e2f262ae57e4d3d8f423,ffd5fb6925ba07bde7f219ebaf5308d6f36b5515f2ef56eaf80260795babfbf1,1.0,929f0a0af90bdd8d,ok,514.5793635873042,True,True,cluster_00904,test,/home/dheirav/Code/Deepfake_Detection/deepfake-project/dataset_builder/test/ai_generated/stylegan3_01766.png
data_sources/ai_generated/StyleGAN/stylegan3_01769.png,data_sources/ai_generated/StyleGAN,ai_generated,1024,1024,1.0,JPEG,107946,bafcb0c13cd8882bd7a4a86ca927620a,7e9c0d3d3fb2820102d350b226a1b85a2189467698f1f723f89f716b9a49cb78,1.0,daf8f8632141ebc1,ok,106.46888525514805,True,True,cluster_01390,test,/home/dheirav/Code/Deepfake_Detection/deepfake-project/dataset_builder/test/ai_generated/stylegan3_01769.png
data_sources/ai_generated/StyleGAN/stylegan3_01770.png,data_sources/ai_generated/StyleGAN,ai_generated,1024,1024,1.0,JPEG,114813,27bc359d4384a147e40afd4bec852641,395249da383fd8873629b12d7dbce1a7b906bdae1a5190974e4e0a73afbbcf77,1.0,daa0e0f5f5d0c296,ok,125.82741042580798,True,True,cluster_00998,test,/home/dheirav/Code/Deepfake_Detection/deepfake-project/dataset_builder/test/ai_generated/stylegan3_01770.png
data_sources/ai_generated/StyleGAN/stylegan3_01775.png,data_sources/ai_generated/StyleGAN,ai_generated,1024,1024,1.0,JPEG,105245,c6dd794f8f5f300225a9d45385ccedbb,4d23a3948b6a1ac654aab27649aa3205110d00cf91eee3a3724c4c4203f3e651,1.0,9826a427a795cbda,ok,128.30884339430122,True,True,cluster_01567,test,/home/dheirav/Code/Deepfake_Detection/deepfake-project/dataset_builder/test/ai_generated/stylegan3_01775.png
data_sources/ai_generated/StyleGAN/stylegan3_01777.png,data_sources/ai_generated/StyleGAN,ai_generated,1024,1024,1.0,JPEG,111075,f4d9e7a879a0b9997511ca0e6d5b94f0,06f5c651c4b7ce8c90712ce75cffd90ceae333e576ec3909d8619857afc1032d,1.0,b4686b0fa57ec291,ok,94.63287231976574,True,True,cluster_01228,test,/home/dheirav/Code/Deepfake_Detection/deepfake-project/dataset_builder/test/ai_generated/stylegan3_01777.png
data_sources/ai_generated/StyleGAN/stylegan3_01780.png,data_sources/ai_generated/StyleGAN,ai_generated,1024,1024,1.0,JPEG,115239,8ee517f16a3576a0d9bea187cd9f688b,fb403bf657e6101e2287d2016796ec18e2b15a8dabf26525d346bb2825f43f87,1.0,c59bda3579f08b80,ok,155.0979777005232,True,True,cluster_00975,test,/home/dheirav/Code/Deepfake_Detection/deepfake-project/dataset_builder/test/ai_generated/stylegan3_01780.png
data_sources/ai_generated/StyleGAN/stylegan3_01783.png,data_sources/ai_generated/StyleGAN,ai_generated,1024,1024,1.0,JPEG,105343,c388a3d5b08010c0546191c5663d5294,59c07fb8cb2d167a42dbe7e7ada8884f688252b2472abadd7ae76c204e24e97a,1.0,c9322443331f9fce,ok,122.33297812170349,True,True,cluster_01560,test,/home/dheirav/Code/Deepfake_Detection/deepfake-project/dataset_builder/test/ai_generated/stylegan3_01783.png
data_sources/ai_generated/StyleGAN/stylegan3_01795.png,data_sources/ai_generated/StyleGAN,ai_generated,1024,1024,1.0,JPEG,123866,779ff58e6cba5aa682a76ec68ca2387f,84cb81919342211d1105df8ff72bcbf2020e3b82f9abb01f7b0bd210b2335033,1.0,fcfd25a1e22219d2,ok,280.1560423531836,True,True,cluster_00551,test,/home/dheirav/Code/Deepfake_Detection/deepfake-project/dataset_builder/test/ai_generated/stylegan3_01795.png
data_sources/ai_generated/StyleGAN/stylegan3_01797.png,data_sources/ai_generated/StyleGAN,ai_generated,1024,1024,1.0,JPEG,106492,37de7012fefba328a3a93343a9d355f6,ad62f3e297d238c87f351b91795b41fc6495465ef268869eda26ca7b912efadd,1.0,9a607896a5986b77,ok,129.46826251815853,True,True,cluster_01490,test,/home/dheirav/Code/Deepfake_Detection/deepfake-project/dataset_builder/test/ai_generated/stylegan3_01797.png
data_sources/ai_generated/StyleGAN/stylegan3_01799.png,data_sources/ai_generated/StyleGAN,ai_generated,1024,1024,1.0,JPEG,125502,100ac76bf5d04aeea1049dc2fcf83134,b06e3a46559a31d54505e8c5ce23ff047250958f933453f359644a882f7072a4,1.0,be3f606065e4c695,ok,102.56369898559933,True,True,cluster_00479,test,/home/dheirav/Code/Deepfake_Detection/deepfake-project/dataset_builder/test/ai_generated/stylegan3_01799.png
data_sources/ai_generated/StyleGAN/stylegan3_01807.png,data_sources/ai_generated/StyleGAN,ai_generated,1024,1024,1.0,JPEG,103629,ef09b45cc95f6431839b428d4c7ff98b,4bf157ebc0ce195f3d8703744886699bea704593b5474d89ab98955dcb26b8be,1.0,e8e5b58615d89e98,ok,97.3263339886289,True,True,cluster_01661,test,/home/dheirav/Code/Deepfake_Detection/deepfake-project/dataset_builder/test/ai_generated/stylegan3_01807.png
data_sources/ai_generated/StyleGAN/stylegan3_01809.png,data_sources/ai_generated/StyleGAN,ai_generated,1024,1024,1.0,JPEG,106275,1f2ce1c0a53c12164df555a741134167,71f74b72d17d3b5037348415b4fdf350814407c6919da795afd783ef2a9f6723,1.0,91387b367139c7c2,ok,155.61983844544739,True,True,cluster_01502,test,/home/dheirav/Code/Deepfake_Detection/deepfake-project/dataset_builder/test/ai_generated/stylegan3_01809.png
data_sources/ai_generated/StyleGAN/stylegan3_01819.png,data_sources/ai_generated/StyleGAN,ai_generated,1024,1024,1.0,JPEG,110783,c6e660eaf47cbfacdfe55dd11cbd56de,100beb5ec93843d645d838aa66973c7cc29480aeb7aaae8a55f102f1a53143be,1.0,c88f9e363d38c2c9,ok,133.00051661435282,True,True,cluster_01247,test,/home/dheirav/Code/Deepfake_Detection/deepfake-project/dataset_builder/test/ai_generated/stylegan3_01819.png
data_sources/ai_generated/StyleGAN/stylegan3_01831.png,data_sources/ai_generated/StyleGAN,ai_generated,1024,1024,1.0,JPEG,98163,8bb29b1d8254e6e56b753d13c47c1c4e,e09ac51ff5b01f787b5b9f3df192092640a83094830a95430cad5ad951107f3f,1.0,b8e983f6ca06f08d,ok,162.10168822150445,True,True,cluster_01934,test,/home/dheirav/Code/Deepfake_Detection/deepfake-project/dataset_builder/test/ai_generated/stylegan3_01831.png
data_sources/ai_generated/StyleGAN/stylegan3_01834.png,data_sources/ai_generated/StyleGAN,ai_generated,1024,1024,1.0,JPEG,122105,72614857d990b31757271b862f6a4d57,3844b63eb111dab360611624a8a4efe59b7d84f31abec8275acf54a5e03e7b36,1.0,c73e3d341209d6cb,ok,152.649721134625,True,True,cluster_00631,test,/home/dheirav/Code/Deepfake_Detection/deepfake-project/dataset_builder/test/ai_generated/stylegan3_01834.png
data_sources/ai_generated/StyleGAN/stylegan3_01838.png,data_sources/ai_generated/StyleGAN,ai_generated,1024,1024,1.0,JPEG,100430,ced7c812a3b607f9201e4c3d62ab13eb,e8a7d1ea49e0800f1f735d93a86728ce09f7840ebb624d678c2610d7707f3e5c,1.0,8fa821356571f2cb,ok,118.98995389918035,True,True,cluster_01833,test,/home/dheirav/Code/Deepfake_Detection/deepfake-project/dataset_builder/test/ai_generated/stylegan3_01838.png
data_sources/ai_generated/StyleGAN/stylegan3_01846.png,data_sources/ai_generated/StyleGAN,ai_generated,1024,1024,1.0,JPEG,107633,7434f6d11b29e154b2734f76bdb4da81,a2620950b653a206b7d7edc0168676c4041d07ff9e25ef97e66cc898d1e4e6af,1.0,a87a25f0b433929f,ok,142.18343020933295,True,True,cluster_01414,test,/home/dheirav/Code/Deepfake_Detection/deepfake-project/dataset_builder/test/ai_generated/stylegan3_01846.png
data_sources/ai_generated/StyleGAN/stylegan3_01853.png,data_sources/ai_generated/StyleGAN,ai_generated,1024,1024,1.0,JPEG,137771,a8ee9921ca3f6402e137e0908105fc78,80b89a4a5daa932139ca46c5eaa6f7ced2007c7dd71774bc3848ad91603de6e3,1.0,87522db156819edb,ok,362.81251644328216,True,True,cluster_00177,test,/home/dheirav/Code/Deepfake_Detection/deepfake-project/dataset_builder/test/ai_generated/stylegan3_01853.png
data_sources/ai_generated/StyleGAN/stylegan3_01856.png,data_sources/ai_generated/StyleGAN,ai_generated,1024,1024,1.0,JPEG,121469,7959877e3644081a3afe85f8a101464a,4955c41700d7cda5f6387ea82f71bdfb5e0a5af772c9bd741417a1723f8fedf2,1.0,959d3c581ad8b19b,ok,271.62446944476324,True,True,cluster_00663,test,/home/dheirav/Code/Deepfake_Detection/deepfake-project/dataset_builder/test/ai_generated/stylegan3_01856.png
data_sources/ai_generated/StyleGAN/stylegan3_01863.png,data_sources/ai_generated/StyleGAN,ai_generated,1024,1024,1.0,JPEG,98230,6a2cd5879b41e693cba987daec6c8b0f,ab3818541254b5c71b8f3de05d2742bb4f947419157898b90bcbc4e596397a18,1.0,d9fc2cf16470f0c1,ok,201.49790954169293,True,True,cluster_01931,test,/home/dheirav/Code/Deepfake_Detection/deepfake-project/dataset_builder/test/ai_generated/stylegan3_01863.png
data_sources/ai_generated/StyleGAN/stylegan3_01866.png,data_sources/ai_generated/StyleGAN,ai_generated,1024,1024,1.0,JPEG,111014,504cacbaedee194b345ad8df15d7e370,839124f60a8dcd7c8929f4af67d273cf9b664b097c5ffa53ed2f4b8d2565b4d5,1.0,86a116a5f2de83da,ok,83.75046038906203,True,True,cluster_01232,test,/home/dheirav/Code/Deepfake_Detection/deepfake-project/dataset_builder/test/ai_generated/stylegan3_01866.png
data_sources/ai_generated/StyleGAN/stylegan3_01880.png,data_sources/ai_generated/StyleGAN,ai_generated,1024,1024,1.0,JPEG,106470,e73224d8d21260ac4266b68c3192a078,8af5a9f05772e23ac2622e085d1785ee1839bba84633b09f7cbf13a963ba126e,1.0,aae03db7509f6b80,ok,171.12641484684718,True,True,cluster_01493,test,/home/dheirav/Code/Deepfake_Detection/deepfake-project/dataset_builder/test/ai_generated/stylegan3_01880.png
data_sources/ai_generated/StyleGAN/stylegan3_01882.png,data_sources/ai_generated/StyleGAN,ai_generated,1024,1024,1.0,JPEG,150300,b8e12f9516aba8771820d80d4e75415f,87d8da258d222f20df3160d3d40780a011a5ffebe08b197989c57978745c5fd1,1.0,ce573872b15aa552,ok,261.81411467172074,True,True,cluster_00063,test,/home/dheirav/Code/Deepfake_Detection/deepfake-project/dataset_builder/test/ai_generated/stylegan3_01882.png
data_sources/ai_generated/StyleGAN/stylegan3_01892.png,data_sources/ai_generated/StyleGAN,ai_generated,1024,1024,1.0,JPEG,104264,4d7acf416b3b7cea11de052884b95105,41c569f380e4836f8451df4066aa0387361f550d014be9dfe5ce2d6c0d778cc6,1.0,ff4960f061f0f892,ok,117.79014900032416,True,True,cluster_01621,test,/home/dheirav/Code/Deepfake_Detection/deepfake-project/dataset_builder/test/ai_generated/stylegan3_01892.png
data_sources/ai_generated/StyleGAN/stylegan3_01893.png,data_sources/ai_generated/StyleGAN,ai_generated,1024,1024,1.0,JPEG,149621,6466ef0fd6738c83a5783a15c080fd70,9e535bb851f9befe7f5e928a947591fb512c6ddd066f6d5b35ff9ae7fad5de2b,1.0,dfc920e63079c2ce,ok,166.62978454955373,True,True,cluster_00068,test,/home/dheirav/Code/Deepfake_Detection/deepfake-project/dataset_builder/test/ai_generated/stylegan3_01893.png
data_sources/ai_generated/StyleGAN/stylegan3_01895.png,data_sources/ai_generated/StyleGAN,ai_generated,1024,1024,1.0,JPEG,107201,b6af612e1c2e72a709a1d2a04940dc3c,4279ddd5e5e4393501f3443654a67604d9405ff2913fc778dfb87b35abe43bbb,1.0,fa4c6aaaa5a0d2d9,ok,104.80121507574859,True,True,cluster_01439,test,/home/dheirav/Code/Deepfake_Detection/deepfake-project/dataset_builder/test/ai_generated/stylegan3_01895.png
data_sources/ai_generated/StyleGAN/stylegan3_01897.png,data_sources/ai_generated/StyleGAN,ai_generated,1024,1024,1.0,JPEG,119102,98411d64e84700bdc8e1a223ec31ec2c,474f43e5fe0dc1c746269b29d69f54ae6b89ddfd499b6031b47729e3a17fd16b,1.0,f0aa978534aad6c5,ok,231.18875502803346,True,True,cluster_00793,test,/home/dheirav/Code/Deepfake_Detection/deepfake-project/dataset_builder/test/ai_generated/stylegan3_01897.png
data_sources/ai_generated/StyleGAN/stylegan3_01903.png,data_sources/ai_generated/StyleGAN,ai_generated,1024,1024,1.0,JPEG,97463,778b77975bf5bce656147d96505cd436,c8d22f944e8ea2d0f94ab8b0db11b2ff6f24ffff417b343438bc06f734e87a62,1.0,956f3d62606a87c3,ok,95.61879539418442,True,True,cluster_01953,test,/home/dheirav/Code/Deepfake_Detection/deepfake-project/dataset_builder/test/ai_generated/stylegan3_01903.png
data_sources/ai_generated/StyleGAN/stylegan3_01906.png,data_sources/ai_generated/StyleGAN,ai_generated,1024,1024,1.0,JPEG,154824,e4cbab62430158daf7c9f2b76ab21972,0a432adf167a3a0f90c70c5246a72f65ac23c4b706cdff8bd8a95410187bd7ba,1.0,de817d90179a82dd,ok,532.2246060721361,True,True,cluster_00046,test,/home/dheirav/Code/Deepfake_Detection/deepfake-project/dataset_builder/test/ai_generated/stylegan3_01906.png
data_sources/ai_generated/StyleGAN/stylegan3_01908.png,data_sources/ai_generated/StyleGAN,ai_generated,1024,1024,1.0,JPEG,96655,d8b04f116b09654ec0762a1f1ce97786,668c2b223a71429df0c46571e016c53dca492152f1d6bf7521b6132f8430eb63,1.0,9756681e65695a99,ok,101.87797955732731,True,True,cluster_01988,test,/home/dheirav/Code/Deepfake_Detection/deepfake-project/dataset_builder/test/ai_generated/stylegan3_01908.png
data_sources/ai_generated/StyleGAN/stylegan3_01912.png,data_sources/ai_generated/StyleGAN,ai_generated,1024,1024,1.0,JPEG,98191,871a1a2eac24c1391edd12bec03271e5,92c9ed02a64e016c2cfa29e3f2f86de72ad22595eeeac38493f474c067347296,1.0,a6d13b937196819b,ok,137.23852797351626,True,True,cluster_01932,test,/home/dheirav/Code/Deepfake_Detection/deepfake-project/dataset_builder/test/ai_generated/stylegan3_01912.png
data_sources/ai_generated/StyleGAN/stylegan3_01919.png,data_sources/ai_generated/StyleGAN,ai_generated,1024,1024,1.0,JPEG,113865,ac2c90998561d9a2d3b784d0b3b73e15,2d1a42560f700b62542337b81b06c9fdb44b48b4fe97ec6de2dd827ca5ca9d5a,1.0,cdde3452601fe2cc,ok,194.2984350302686,True,True,cluster_01062,test,/home/dheirav/Code/Deepfake_Detection/deepfake-project/dataset_builder/test/ai_generated/stylegan3_01919.png
data_sources/ai_generated/StyleGAN/stylegan3_01938.png,data_sources/ai_generated/StyleGAN,ai_generated,1024,1024,1.0,JPEG,137495,ec0836fbdf716d46f8dff0cd74dd20fc,21d0f91ee3f793a74ea70800f373ff17b09748c9a43ef5183b48d8f0e8a02507,1.0,d8696166365c9f98,ok,167.46516796643482,True,True,cluster_00182,test,/home/dheirav/Code/Deepfake_Detection/deepfake-project/dataset_builder/test/ai_generated/stylegan3_01938.png
data_sources/ai_generated/StyleGAN/stylegan3_01950.png,data_sources/ai_generated/StyleGAN,ai_generated,1024,1024,1.0,JPEG,103654,f88d48509a4c692efe4db39f248d60c4,ccc8349ba19487fd2e36c7b75a44a0e35b26c148717548f0df3e68ea23bb439c,1.0,c936365b5b0c1ecc,ok,81.16616527799397,True,True,cluster_01659,test,/home/dheirav/Code/Deepfake_Detection/deepfake-project/dataset_builder/test/ai_generated/stylegan3_01950.png
data_sources/ai_generated/StyleGAN/stylegan3_01956.png,data_sources/ai_generated/StyleGAN,ai_generated,1024,1024,1.0,JPEG,105699,c08f6fdc4fe1c8bdd946ddfd539f26c9,f7ff154e62c163df0b90ebd083d240f7b01028f51db04941692927afa8a3b648,1.0,cf8d1eb431b0c39a,ok,102.62081659945761,True,True,cluster_01539,test,/home/dheirav/Code/Deepfake_Detection/deepfake-project/dataset_builder/test/ai_generated/stylegan3_01956.png
data_sources/ai_generated/StyleGAN/stylegan3_01960.png,data_sources/ai_generated/StyleGAN,ai_generated,1024,1024,1.0,JPEG,105344,36e5d875cbb36de06aae4f09fda1243b,7ed6dfc51c96c796e60978391722dc0c964a65b4b68c3dd8f3dc7e73b494d8c1,1.0,c28a0bb4b1f8f38e,ok,85.87469073352895,True,True,cluster_01559,test,/home/dheirav/Code/Deepfake_Detection/deepfake-project/dataset_builder/test/ai_generated/stylegan3_01960.png
data_sources/ai_generated/StyleGAN/stylegan3_01963.png,data_sources/ai_generated/StyleGAN,ai_generated,1024,1024,1.0,JPEG,106747,906cc2f84dd4fd83659410528fa42c27,a2fda04ee337113498542d7407c5a805c16cdb562ff5721b649ef4b2623f4013,1.0,adf976c7522882d8,ok,221.6760833121652,True,True,cluster_01475,test,/home/dheirav/Code/Deepfake_Detection/deepfake-project/dataset_builder/test/ai_generated/stylegan3_01963.png
data_sources/ai_generated/StyleGAN/stylegan3_01968.png,data_sources/ai_generated/StyleGAN,ai_generated,1024,1024,1.0,JPEG,107177,a558c77b6bfa5ba51096688800ddc85c,c49d16e52053e5293653236603d4640e4704232c5d196c992be8527d11d9cf94,1.0,e8f0a1d6868ad38f,ok,106.68208211008096,True,True,cluster_01440,test,/home/dheirav/Code/Deepfake_Detection/deepfake-project/dataset_builder/test/ai_generated/stylegan3_01968.png
data_sources/ai_generated/StyleGAN/stylegan3_01969.png,data_sources/ai_generated/StyleGAN,ai_generated,1024,1024,1.0,JPEG,114316,4026cd806eb3fa6978306e1207e5fde2,899d5629697a8b39761c86d741af6c216768adee988ccee543ccb0a0b3ef3e1a,1.0,bd31f49ed45aa08a,ok,218.60421187338852,True,True,cluster_01029,test,/home/dheirav/Code/Deepfake_Detection/deepfake-project/dataset_builder/test/ai_generated/stylegan3_01969.png
data_sources/ai_generated/StyleGAN/stylegan3_01976.png,data_sources/ai_generated/StyleGAN,ai_generated,1024,1024,1.0,JPEG,118179,609769409f4a06d8aa521d57faf17b82,48939237909156a4119381a54b55b3d628732b5094af9db66ffca15056c7e2e1,1.0,e0233734b25597cb,ok,209.70871648399674,True,True,cluster_00838,test,/home/dheirav/Code/Deepfake_Detection/deepfake-project/dataset_builder/test/ai_generated/stylegan3_01976.png
data_sources/ai_generated/StyleGAN/stylegan3_01978.png,data_sources/ai_generated/StyleGAN,ai_generated,1024,1024,1.0,JPEG,100135,e629ef0b1898de2ffaa09b702e0ad83a,988216c6fd92147dcd37dee9b3f7631d60326d90544b0069cf0b16a188036981,1.0,da0e2d7a2721f0b5,ok,125.44175433573307,True,True,cluster_01852,test,/home/dheirav/Code/Deepfake_Detection/deepfake-project/dataset_builder/test/ai_generated/stylegan3_01978.png
data_sources/ai_generated/StyleGAN/stylegan3_01984.png,data_sources/ai_generated/StyleGAN,ai_generated,1024,1024,1.0,JPEG,118150,ba396a23dcedfd3878902bf395259050,7ae47af60ce09c51585c746598af7baa508a30a303f856dacf17c8e592939772,1.0,9c21728eb6997371,ok,124.0726381027489,True,True,cluster_00840,test,/home/dheirav/Code/Deepfake_Detection/deepfake-project/dataset_builder/test/ai_generated/stylegan3_01984.png
data_sources/ai_generated/StyleGAN/stylegan3_01990.png,data_sources/ai_generated/StyleGAN,ai_generated,1024,1024,1.0,JPEG,111168,4e1cb7249accb86b053c1b68d2727834,bcbc239d7f0d8d25a2fd8b5997b0d68ba5f57ac0b88c3ef32a83a23888d728ca,1.0,ca2f34742254bfca,ok,80.20754424601546,True,True,cluster_01223,test,/home/dheirav/Code/Deepfake_Detection/deepfake-project/dataset_builder/test/ai_generated/stylegan3_01990.png
data_sources/ai_generated/StyleGAN/stylegan3_01994.png,data_sources/ai_generated/StyleGAN,ai_generated,1024,1024,1.0,JPEG,115425,6e0798c6a686985e3804979edbe93ace,6322e3869c09e2c1e7850ecab824b90a9c3411788eb88c511cc40778b048c09f,1.0,c9353f723143c0cf,ok,169.7543907112995,True,True,cluster_00967,test,/home/dheirav/Code/Deepfake_Detection/deepfake-project/dataset_builder/test/ai_generated/stylegan3_01994.png
data_sources/ai_generated/StyleGAN/stylegan3_01997.png,data_sources/ai_generated/StyleGAN,ai_generated,1024,1024,1.0,JPEG,104177,8040fa319f1b3a0f143e79063272e0df,c87d2b13b648dec6ebf5187e54784fddcffb267222cf6131f0876b89c66ee7b2,1.0,aa1e251027daa7db,ok,100.4873501557995,True,True,cluster_01626,test,/home/dheirav/Code/Deepfake_Detection/deepfake-project/dataset_builder/test/ai_generated/stylegan3_01997.png
data_sources/ai_generated/StyleGAN/stylegan3_01998.png,data_sources/ai_generated/StyleGAN,ai_generated,1024,1024,1.0,JPEG,112907,4c0b38676cbace73c9e172b7783a8a23,af01df6028f18fb580ca8f84b39def5be28bb3152294bac6ee38e3fea11071dc,1.0,a1b536b2321b939b,ok,104.92597956162354,True,True,cluster_01115,test,/home/dheirav/Code/Deepfake_Detection/deepfake-project/dataset_builder/test/ai_generated/stylegan3_01998.png
data_sources/ai_generated/StyleGAN/stylegan3_02010.png,data_sources/ai_generated/StyleGAN,ai_generated,1024,1024,1.0,JPEG,114759,5b4ff42efb31d7143adb8abed11e8109,563325701b5eafa1f824f7e3d48c5ece515e0bc10138657b536ab500c924e838,1.0,9818239baff5a4d1,ok,180.49195587423216,True,True,cluster_01002,test,/home/dheirav/Code/Deepfake_Detection/deepfake-project/dataset_builder/test/ai_generated/stylegan3_02010.png
data_sources/ai_generated/StyleGAN/stylegan3_02017.png,data_sources/ai_generated/StyleGAN,ai_generated,1024,1024,1.0,JPEG,109634,527e07f673cc1c83652f5cb14fa055fc,392c2a46e332488f292d058c63c0b10c34b67bae8d10f36b75cd2206b08323c2,1.0,de252bd287da901b,ok,126.40333747617842,True,True,cluster_01307,test,/home/dheirav/Code/Deepfake_Detection/deepfake-project/dataset_builder/test/ai_generated/stylegan3_02017.png
data_sources/ai_generated/StyleGAN/stylegan3_02022.png,data_sources/ai_generated/StyleGAN,ai_generated,1024,1024,1.0,JPEG,104105,9c779c34b342ba7f61407a30a765116c,2778c7ba8d6069e4d28ba3931bbfc41e501b79b3e3fe7baae1c1ee8d9e53c51f,1.0,fa6430c7916987d9,ok,97.94115697195866,True,True,cluster_01634,test,/home/dheirav/Code/Deepfake_Detection/deepfake-project/dataset_builder/test/ai_generated/stylegan3_02022.png
data_sources/ai_generated/StyleGAN/stylegan3_02053.png,data_sources/ai_generated/StyleGAN,ai_generated,1024,1024,1.0,JPEG,117892,14d64a780765e2f33b12c8f34a4e134e,d8cf591bc146cfa2b65c1a7f2aa6b5a291e74d67a44032b43b51d5996a62fcc0,1.0,bfbc03b0112ff08b,ok,173.0852918358932,True,True,cluster_00846,test,/home/dheirav/Code/Deepfake_Detection/deepfake-project/dataset_builder/test/ai_generated/stylegan3_02053.png
data_sources/ai_generated/StyleGAN/stylegan3_02054.png,data_sources/ai_generated/StyleGAN,ai_generated,1024,1024,1.0,JPEG,113463,e933fa91c5ba95a1d8d23de42e4d7476,29cbd269750385d976a641a0f7b5922aa5046970a2ccf6eb6838d827fa48506d,1.0,afa43487cd5c60cd,ok,283.26073491418714,True,True,cluster_01082,test,/home/dheirav/Code/Deepfake_Detection/deepfake-project/dataset_builder/test/ai_generated/stylegan3_02054.png
data_sources/ai_generated/StyleGAN/stylegan3_02068.png,data_sources/ai_generated/StyleGAN,ai_generated,1024,1024,1.0,JPEG,135893,b4b35e2f154cb0bc56f58f07691cffff,f6b87b5ad8aa4a18c23b35886d4fe14e6d29cea8de6a98bc5a4cabcee9642ec4,1.0,db02692727ae92dc,ok,157.4554263350983,True,True,cluster_00215,test,/home/dheirav/Code/Deepfake_Detection/deepfake-project/dataset_builder/test/ai_generated/stylegan3_02068.png
data_sources/ai_generated/StyleGAN/stylegan3_02072.png,data_sources/ai_generated/StyleGAN,ai_generated,1024,1024,1.0,JPEG,107063,671bd0c1c9919f00b3300dddaf9560d5,cd84d6c6275b9a3e00a22d1e62e1f13d389b3e09032338e4334cc5b3b2fb9a3f,1.0,96c72b27a114f399,ok,158.8643846500745,True,True,cluster_01448,test,/home/dheirav/Code/Deepfake_Detection/deepfake-project/dataset_builder/test/ai_generated/stylegan3_02072.png
data_sources/ai_generated/StyleGAN/stylegan3_02097.png,data_sources/ai_generated/StyleGAN,ai_generated,1024,1024,1.0,JPEG,110738,262b8ce017919667a8558036dd751262,a0e5eb642cb71ca58f5f003d051b81363e6e87ee2d3258f689f03bd923d66d7f,1.0,d5721ef20acd0d8d,ok,127.11737328638898,True,True,cluster_01250,test,/home/dheirav/Code/Deepfake_Detection/deepfake-project/dataset_builder/test/ai_generated/stylegan3_02097.png
data_sources/ai_generated/StyleGAN/stylegan3_02099.png,data_sources/ai_generated/StyleGAN,ai_generated,1024,1024,1.0,JPEG,97101,5fb067664820a4155fc8037103223ffe,4850bf1f714d0038f9b4b63e3d0454551e9e9225d81412fd2ce858b64e13f1c8,1.0,9a1e696165cca5c7,ok,80.65911092629176,True,True,cluster_01970,test,/home/dheirav/Code/Deepfake_Detection/deepfake-project/dataset_builder/test/ai_generated/stylegan3_02099.png
data_sources/ai_generated/StyleGAN/stylegan3_02100.png,data_sources/ai_generated/StyleGAN,ai_generated,1024,1024,1.0,JPEG,103973,7c42eaed1513c07a7496d84fbb3adf1a,ed76be1c438946f0dfd25463cdb9301a58c30c9aeb1175ee6fe5dde531515867,1.0,abb45fb0b4b081d3,ok,111.8492548197064,True,True,cluster_01641,test,/home/dheirav/Code/Deepfake_Detection/deepfake-project/dataset_builder/test/ai_generated/stylegan3_02100.png
data_sources/ai_generated/StyleGAN/stylegan3_02109.png,data_sources/ai_generated/StyleGAN,ai_generated,1024,1024,1.0,JPEG,119302,4f9ffc319588964d4106800d5929165e,d754e5f004bb6a0be36265086e3829fefc26f08cb597a74913bbc0f1d2ca1245,1.0,df293c70b10bb28e,ok,103.91666116406759,True,True,cluster_00781,test,/home/dheirav/Code/Deepfake_Detection/deepfake-project/dataset_builder/test/ai_generated/stylegan3_02109.png
data_sources/ai_generated/StyleGAN/stylegan3_02120.png,data_sources/ai_generated/StyleGAN,ai_generated,1024,1024,1.0,JPEG,120363,198de47e0fc9374ee9c3097c2c23c154,8b9e0130b7d03825d3698ffe8e8232fc8763e947663107c95d75b6b18ca931bd,1.0,9948b524762357d7,ok,141.77348035804516,True,True,cluster_00724,test,/home/dheirav/Code/Deepfake_Detection/deepfake-project/dataset_builder/test/ai_generated/stylegan3_02120.png
data_sources/ai_generated/StyleGAN/stylegan3_02132.png,data_sources/ai_generated/StyleGAN,ai_generated,1024,1024,1.0,JPEG,164702,f87c1e15508e3cdcd12ee1be49d7bcbc,7bc3fb5e46b0d2a43ac6c36b0c8401fb38139093824291e362221015d33e1d7b,1.0,ddb554fa257880d4,ok,216.66358274633146,True,True,cluster_00019,test,/home/dheirav/Code/Deepfake_Detection/deepfake-project/dataset_builder/test/ai_generated/stylegan3_02132.png
data_sources/ai_generated/StyleGAN/stylegan3_02134.png,data_sources/ai_generated/StyleGAN,ai_generated,1024,1024,1.0,JPEG,117409,7ed2f3c3e929592c569f931629b4761b,9894adce7b080fb7a10f22dc12356f2af3a4b1a4dffe6a94eb8dcf8e17022537,1.0,abbd708274c3c2d5,ok,136.7523340831358,True,True,cluster_00875,test,/home/dheirav/Code/Deepfake_Detection/deepfake-project/dataset_builder/test/ai_generated/stylegan3_02134.png
data_sources/ai_generated/StyleGAN/stylegan3_02146.png,data_sources/ai_generated/StyleGAN,ai_generated,1024,1024,1.0,JPEG,120101,559a2a06b161d20f2e5cef3bdf2a7901,772dbfa7b1cbdc6346e1f3c2eaba62b76637cd4593d035da000ba9cf6365ecd9,1.0,8b4e3d17c08f4f8c,ok,230.86897122645217,True,True,cluster_00743,test,/home/dheirav/Code/Deepfake_Detection/deepfake-project/dataset_builder/test/ai_generated/stylegan3_02146.png
data_sources/ai_generated/StyleGAN/stylegan3_02158.png,data_sources/ai_generated/StyleGAN,ai_generated,1024,1024,1.0,JPEG,128541,c7d16e6733e6477a838e69fe498f3ef4,142fff4d11a163bc6999cb839f31847fef299087ad856bb5d391204acf987867,1.0,9a746432a439ded9,ok,249.82051709305136,True,True,cluster_00386,test,/home/dheirav/Code/Deepfake_Detection/deepfake-project/dataset_builder/test/ai_generated/stylegan3_02158.png
data_sources/ai_generated/StyleGAN/stylegan3_02193.png,data_sources/ai_generated/StyleGAN,ai_generated,1024,1024,1.0,JPEG,100041,e953824276033455f51add1e24ce71f4,32124a21b291b65f8c3173ca3354011ec8c59e696e91b574b6b0cf81972e9597,1.0,c9f62837752cc694,ok,100.24822083122035,True,True,cluster_01856,test,/home/dheirav/Code/Deepfake_Detection/deepfake-project/dataset_builder/test/ai_generated/stylegan3_02193.png
data_sources/ai_generated/StyleGAN/stylegan3_02194.png,data_sources/ai_generated/StyleGAN,ai_generated,1024,1024,1.0,JPEG,123930,e450129c994544423be09c6cf3c3cb45,b0cefbfc72d4b5ead7819cd79538e7542a65c0786bb49bee39e3c6eeff3adaa9,1.0,8f6934a5d5545d8a,ok,85.30263850142,True,True,cluster_00548,test,/home/dheirav/Code/Deepfake_Detection/deepfake-project/dataset_builder/test/ai_generated/stylegan3_02194.png
data_sources/ai_generated/StyleGAN/stylegan3_02199.png,data_sources/ai_generated/StyleGAN,ai_generated,1024,1024,1.0,JPEG,104711,2ebae11bbf5e7aa856a08c5e201a7456,b55692dbc24748ec45763bc8b50258a37c1282078ea580e48ca99fc881089958,1.0,eb3aa5a18595931d,ok,370.62301110817407,True,True,cluster_01593,test,/home/dheirav/Code/Deepfake_Detection/deepfake-project/dataset_builder/test/ai_generated/stylegan3_02199.png
data_sources/ai_generated/StyleGAN/stylegan3_02212.png,data_sources/ai_generated/StyleGAN,ai_generated,1024,1024,1.0,JPEG,101226,d9db58031333c5dc7ef01ef67659853d,f41d506786e11c1c6e394811bbcd9fabe79d5c7eccb62bce40ade3e07b0813fc,1.0,eaaef120e101f38f,ok,122.14042996219267,True,True,cluster_01782,test,/home/dheirav/Code/Deepfake_Detection/deepfake-project/dataset_builder/test/ai_generated/stylegan3_02212.png
data_sources/ai_generated/StyleGAN/stylegan3_02220.png,data_sources/ai_generated/StyleGAN,ai_generated,1024,1024,1.0,JPEG,112862,91b0b65df170017d111513ac386802e4,af1cdbdb0c37d500fe514a4d2c2ae8948d0fde512854d2b298574cb62be3d469,1.0,df71288f20a1d3dc,ok,87.59114255314398,True,True,cluster_01120,test,/home/dheirav/Code/Deepfake_Detection/deepfake-project/dataset_builder/test/ai_generated/stylegan3_02220.png
data_sources/ai_generated/StyleGAN/stylegan3_02223.png,data_sources/ai_generated/StyleGAN,ai_generated,1024,1024,1.0,JPEG,98311,22dd7726ed540354c1be8e99ac75f535,9481e549702b57a6a630ab25ec978fca646ddd8bbe6cc3e2f314b255fcae4b77,1.0,cee468e3b35268ac,ok,88.33271929969487,True,True,cluster_01925,test,/home/dheirav/Code/Deepfake_Detection/deepfake-project/dataset_builder/test/ai_generated/stylegan3_02223.png
data_sources/ai_generated/StyleGAN/stylegan3_02226.png,data_sources/ai_generated/StyleGAN,ai_generated,1024,1024,1.0,JPEG,107767,9afedf16a3f0b777b4fee76730a3594f,9eba5f50de2da53179a9f8cf45daa6c2953d06da2cd57c8967c34fab67208179,1.0,c0afa6b7ae948c8c,ok,188.43990612027753,True,True,cluster_01407,test,/home/dheirav/Code/Deepfake_Detection/deepfake-project/dataset_builder/test/ai_generated/stylegan3_02226.png
data_sources/ai_generated/StyleGAN/stylegan3_02228.png,data_sources/ai_generated/StyleGAN,ai_generated,1024,1024,1.0,JPEG,116463,a77987176e060a37ab54eb9a0f06197c,ae134e158f8333cae9fe06b6faaa9e81f4618f9304cbd731e76effbe65e00c2f,1.0,98aa1d1a71eb330f,ok,93.72429561614899,True,True,cluster_00921,test,/home/dheirav/Code/Deepfake_Detection/deepfake-project/dataset_builder/test/ai_generated/stylegan3_02228.png
data_sources/ai_generated/StyleGAN/stylegan3_02250.png,data_sources/ai_generated/StyleGAN,ai_generated,1024,1024,1.0,JPEG,142286,72946d30662b1f634dff210d718c70ed,23be0ee49ced6f06fb1eac40ec066e390369a724fab711a59247bc6e19487d99,1.0,9ae03b2b662ced8a,ok,146.4130192946168,True,True,cluster_00122,test,/home/dheirav/Code/Deepfake_Detection/deepfake-project/dataset_builder/test/ai_generated/stylegan3_02250.png
data_sources/ai_generated/StyleGAN/stylegan3_02268.png,data_sources/ai_generated/StyleGAN,ai_generated,1024,1024,1.0,JPEG,114848,faf86b1c5e22b7c50f9f805577b6fb5c,affbe30bb746e39bb42130a4e781c7c077cb6b17323d0dffb06f27fea20532ce,1.0,88b4252ee664cb9f,ok,193.41286921964542,True,True,cluster_00994,test,/home/dheirav/Code/Deepfake_Detection/deepfake-project/dataset_builder/test/ai_generated/stylegan3_02268.png
data_sources/ai_generated/StyleGAN/stylegan3_02273.png,data_sources/ai_generated/StyleGAN,ai_generated,1024,1024,1.0,JPEG,146925,b80c8d018e324a011b57af23bce2b84e,d7cc2ca90cdcce78323cdb758023cc42b14f3e33df0f6c45a7e617940362f6d5,1.0,dd5b2bad346c2245,ok,411.2568286211317,True,True,cluster_00088,test,/home/dheirav/Code/Deepfake_Detection/deepfake-project/dataset_builder/test/ai_generated/stylegan3_02273.png
data_sources/ai_generated/StyleGAN/stylegan3_02285.png,data_sources/ai_generated/StyleGAN,ai_generated,1024,1024,1.0,JPEG,121405,09a15dab768b0066165de28a60a4ece8,655acc7c95bab644491dfd8af2b443a1002f9a0d9a29a1daf795158d01af687e,1.0,e0cd4bc0ed0b4b1f,ok,186.63743163958134,True,True,cluster_00667,test,/home/dheirav/Code/Deepfake_Detection/deepfake-project/dataset_builder/test/ai_generated/stylegan3_02285.png
data_sources/ai_generated/StyleGAN/stylegan3_02296.png,data_sources/ai_generated/StyleGAN,ai_generated,1024,1024,1.0,JPEG,116745,887297722d830feffe0e439a13364dac,101483201e5c4d98f14d67dd5608636e4cb6cf67c40fa8af1c7ca678370dad1e,1.0,fd1816b57056838f,ok,201.12492123542683,True,True,cluster_00909,test,/home/dheirav/Code/Deepfake_Detection/deepfake-project/dataset_builder/test/ai_generated/stylegan3_02296.png
data_sources/ai_generated/StyleGAN/stylegan3_02316.png,data_sources/ai_generated/StyleGAN,ai_generated,1024,1024,1.0,JPEG,124652,27fbd7e72230b383c0494b0f9159b912,8bf56a374c95575026c9b3d8936fad23fa75f56b2404f63712b422e48d168ac9,1.0,c91f613624f902df,ok,88.99288165571852,True,True,cluster_00519,test,/home/dheirav/Code/Deepfake_Detection/deepfake-project/dataset_builder/test/ai_generated/stylegan3_02316.png
data_sources/ai_generated/StyleGAN/stylegan3_02317.png,data_sources/ai_generated/StyleGAN,ai_generated,1024,1024,1.0,JPEG,134059,4aab5d46f0f1f23670c229f06b2a8d34,da4b8c97ace6bbb4254b306ae82b23440f6ccc436f404894e9198fb76127c790,1.0,ce1bb431f01ff08a,ok,178.92242515802985,True,True,cluster_00253,test,/home/dheirav/Code/Deepfake_Detection/deepfake-project/dataset_builder/test/ai_generated/stylegan3_02317.png
data_sources/ai_generated/StyleGAN/stylegan3_02318.png,data_sources/ai_generated/StyleGAN,ai_generated,1024,1024,1.0,JPEG,117621,a30048fc312dcf6cd1aa453c77705c91,2d901bccebc013300080a85985659de0adaed0cadae481b7c3322d00d5e01ae3,1.0,d86521666175d1cf,ok,260.7236496512196,True,True,cluster_00858,test,/home/dheirav/Code/Deepfake_Detection/deepfake-project/dataset_builder/test/ai_generated/stylegan3_02318.png
data_sources/ai_generated/StyleGAN/stylegan3_02322.png,data_sources/ai_generated/StyleGAN,ai_generated,1024,1024,1.0,JPEG,110229,e456ada1c4dd1a75b63a5f625f97a809,9885b77ed6ca34b85197a359e843dd2f592c3dc997887875fe5f9cb686e3a504,1.0,a91a651752855edd,ok,96.59395657596087,True,True,cluster_01283,test,/home/dheirav/Code/Deepfake_Detection/deepfake-project/dataset_builder/test/ai_generated/stylegan3_02322.png
data_sources/ai_generated/StyleGAN/stylegan3_02328.png,data_sources/ai_generated/StyleGAN,ai_generated,1024,1024,1.0,JPEG,127288,7d35538fa9e105bfb04759f3382d0777,5664c12ad7d867191d9dcc6d2ba9bca1710b0fd224825f82124aab492df05440,1.0,c73c3432346ab74b,ok,133.34177195896336,True,True,cluster_00428,test,/home/dheirav/Code/Deepfake_Detection/deepfake-project/dataset_builder/test/ai_generated/stylegan3_02328.png
data_sources/ai_generated/StyleGAN/stylegan3_02330.png,data_sources/ai_generated/StyleGAN,ai_generated,1024,1024,1.0,JPEG,111336,1f2bc9bf70ca1f2bac240a608a697b9f,673db735460de7ce2154f1ec49c95d7586d4b369265fb80afd24e956dbddf578,1.0,876a2552a15ea79e,ok,85.48494908565408,True,True,cluster_01215,test,/home/dheirav/Code/Deepfake_Detection/deepfake-project/dataset_builder/test/ai_generated/stylegan3_02330.png
data_sources/ai_generated/StyleGAN/stylegan3_02333.png,data_sources/ai_generated/StyleGAN,ai_generated,1024,1024,1.0,JPEG,136015,7c62c00aaa4b38475ca80cc153964cbf,3127d094a8a3e2789b598e4be739a47077c9cc7719d66bd5cba513072fd6685a,1.0,9e6db07672a55382,ok,254.52251486723884,True,True,cluster_00212,test,/home/dheirav/Code/Deepfake_Detection/deepfake-project/dataset_builder/test/ai_generated/stylegan3_02333.png
data_sources/ai_generated/StyleGAN/stylegan3_02339.png,data_sources/ai_generated/StyleGAN,ai_generated,1024,1024,1.0,JPEG,106831,e3cbe8449261b6d0c8f8a1168378ca9e,927c54b107dfd42d8acd2ba957f9634a7a193d3e98590da8c16eec635ada61fa,1.0,cea13ce232cc8cde,ok,124.72583345481597,True,True,cluster_01469,test,/home/dheirav/Code/Deepfake_Detection/deepfake-project/dataset_builder/test/ai_generated/stylegan3_02339.png
data_sources/ai_generated/StyleGAN/stylegan3_02352.png,data_sources/ai_generated/StyleGAN,ai_generated,1024,1024,1.0,JPEG,142212,37d0bb93329da063bee3f46022ae1ff1,f13ede964a913826b6eb4368ad6327ae21ccbf9437b1c523aaddcaaf82f2c5b7,1.0,c25c63f0f52255d9,ok,212.47102903568884,True,True,cluster_00123,test,/home/dheirav/Code/Deepfake_Detection/deepfake-project/dataset_builder/test/ai_generated/stylegan3_02352.png
data_sources/ai_generated/StyleGAN/stylegan3_02356.png,data_sources/ai_generated/StyleGAN,ai_generated,1024,1024,1.0,JPEG,144093,35096abe7b26cb6358c3546daadd38e0,19d346e35a88c8edaf97aef823334acdabc774030835a2afd32a1ad021ba9f00,1.0,cfc730127a0bcb8d,ok,362.4204638785221,True,True,cluster_00114,test,/home/dheirav/Code/Deepfake_Detection/deepfake-project/dataset_builder/test/ai_generated/stylegan3_02356.png
data_sources/ai_generated/StyleGAN/stylegan3_02357.png,data_sources/ai_generated/StyleGAN,ai_generated,1024,1024,1.0,JPEG,111892,8d8d9f7531f6b26f5c07dbbc3f32a93f,25b35399a11761fe9c357295f550b1661ed6f7acb3c55825113aca48e99b47ec,1.0,b5aff0f113d28390,ok,135.3239761277182,True,True,cluster_01175,test,/home/dheirav/Code/Deepfake_Detection/deepfake-project/dataset_builder/test/ai_generated/stylegan3_02357.png
data_sources/ai_generated/StyleGAN/stylegan3_02363.png,data_sources/ai_generated/StyleGAN,ai_generated,1024,1024,1.0,JPEG,123201,091ae96a2c0f6922fb239f727b0f0878,c69f07a0559ba66922d7f215af9dc2f575c9818fa1e1ac5f2a0789e7599ea4c5,1.0,ba6e71e4a46ae309,ok,267.32396936904115,True,True,cluster_00577,test,/home/dheirav/Code/Deepfake_Detection/deepfake-project/dataset_builder/test/ai_generated/stylegan3_02363.png
data_sources/ai_generated/StyleGAN/stylegan3_02369.png,data_sources/ai_generated/StyleGAN,ai_generated,1024,1024,1.0,JPEG,105230,886468a2368d1ef96b55f530cd147152,75a9925ee63e74ba0b5eb8d57afb4c64d4661f2d958cb3fb27dac1b8b535ce64,1.0,c9bc34c3e366cc8c,ok,98.3969752646799,True,True,cluster_01568,test,/home/dheirav/Code/Deepfake_Detection/deepfake-project/dataset_builder/test/ai_generated/stylegan3_02369.png
data_sources/ai_generated/StyleGAN/stylegan3_02370.png,data_sources/ai_generated/StyleGAN,ai_generated,1024,1024,1.0,JPEG,146603,fccdec1fa24d36bd3f5519ebb956f171,e181991a02d611f3ab6694f89742a220e66a32da948959ab39a0cd417480f572,1.0,a558f6c11d0df9c4,ok,1232.0383939694573,True,True,cluster_00092,test,/home/dheirav/Code/Deepfake_Detection/deepfake-project/dataset_builder/test/ai_generated/stylegan3_02370.png
data_sources/ai_generated/StyleGAN/stylegan3_02373.png,data_sources/ai_generated/StyleGAN,ai_generated,1024,1024,1.0,JPEG,146946,e4e66be9d7699445d098a28520bed7b2,54bd8b34f33898b8dbf7b202dff31a8683bdbaae74434454ec560dbfe96ab3c1,1.0,cf49f0c380cbc78e,ok,168.65641834058533,True,True,cluster_00087,test,/home/dheirav/Code/Deepfake_Detection/deepfake-project/dataset_builder/test/ai_generated/stylegan3_02373.png
data_sources/ai_generated/StyleGAN/stylegan3_02381.png,data_sources/ai_generated/StyleGAN,ai_generated,1024,1024,1.0,JPEG,97752,c0a6efc578f205694cb7d8949c4431ff,264d51923d5156852a159eba4fdfc97e7f98647956efb2024725e14c73ff8a9c,1.0,f80ec195c78596ce,ok,91.74743925519486,True,True,cluster_01945,test,/home/dheirav/Code/Deepfake_Detection/deepfake-project/dataset_builder/test/ai_generated/stylegan3_02381.png
data_sources/ai_generated/StyleGAN/stylegan3_02395.png,data_sources/ai_generated/StyleGAN,ai_generated,1024,1024,1.0,JPEG,100779,e169a4aac4875f21bf7c355c9d5cde29,54ac878ef702310df1cca5a246e126d26ba29a4b4837cb65638bb8a0925961e2,1.0,cbbc2c77203c939a,ok,95.4639450232171,True,True,cluster_01809,test,/home/dheirav/Code/Deepfake_Detection/deepfake-project/dataset_builder/test/ai_generated/stylegan3_02395.png
data_sources/ai_generated/StyleGAN/stylegan3_02397.png,data_sources/ai_generated/StyleGAN,ai_generated,1024,1024,1.0,JPEG,124527,103b95400b6a2c6c87dc95b0b0158c8c,cc5ed0773f6193c53c8112f91c4907ebbcbc1700e7ec1e995760d50979065624,1.0,cfe57422203397cd,ok,323.2864031871395,True,True,cluster_00523,test,/home/dheirav/Code/Deepfake_Detection/deepfake-project/dataset_builder/test/ai_generated/stylegan3_02397.png
data_sources/ai_generated/StyleGAN/stylegan3_02403.png,data_sources/ai_generated/StyleGAN,ai_generated,1024,1024,1.0,JPEG,129311,5a3a888daebcadcc8b974a517555b8ce,13d39a88dabd4484b7cd167083944f5be205b4860b496486bb94add33b2c59a5,1.0,dae12ee1257906e9,ok,125.88174244595211,True,True,cluster_00360,test,/home/dheirav/Code/Deepfake_Detection/deepfake-project/dataset_builder/test/ai_generated/stylegan3_02403.png
data_sources/ai_generated/StyleGAN/stylegan3_02405.png,data_sources/ai_generated/StyleGAN,ai_generated,1024,1024,1.0,JPEG,108640,23e662c78b95dc41d4940270fd6beb9c,b2064226eff697198f1782f9758059f137ab5aa84fbd0ab3c768a61685779b03,1.0,abf1a59f3438129a,ok,88.7374372370241,True,True,cluster_01357,test,/home/dheirav/Code/Deepfake_Detection/deepfake-project/dataset_builder/test/ai_generated/stylegan3_02405.png
data_sources/ai_generated/StyleGAN/stylegan3_02408.png,data_sources/ai_generated/StyleGAN,ai_generated,1024,1024,1.0,JPEG,103819,bf81b6aff07f1f696bb2bdec5e79635f,ff852d5033a93c2ff8b1ea7364519045a5e9caf9a8b6615d797dd23dd12ab695,1.0,c52e740efa2c9f90,ok,243.15128702559377,True,True,cluster_01650,test,/home/dheirav/Code/Deepfake_Detection/deepfake-project/dataset_builder/test/ai_generated/stylegan3_02408.png
data_sources/ai_generated/StyleGAN/stylegan3_02412.png,data_sources/ai_generated/StyleGAN,ai_generated,1024,1024,1.0,JPEG,115025,0e24d1d6950d3144808876940160c16c,8b18dab4464ea2d7c810e863d7bf89884d185c9613fb485fde0ec9117e5282fe,1.0,faf768c28725268c,ok,264.86401557369027,True,True,cluster_00983,test,/home/dheirav/Code/Deepfake_Detection/deepfake-project/dataset_builder/test/ai_generated/stylegan3_02412.png
data_sources/ai_generated/StyleGAN/stylegan3_02421.png,data_sources/ai_generated/StyleGAN,ai_generated,1024,1024,1.0,JPEG,106023,2bd5b114a22b632929ddd40eaeb2f888,8cc6ffb2bb6928f5763c3585a2e45dbe8f66c87c340bcf0161cd7872ec6684f9,1.0,9ae46163a64a979b,ok,108.51715902519116,True,True,cluster_01516,test,/home/dheirav/Code/Deepfake_Detection/deepfake-project/dataset_builder/test/ai_generated/stylegan3_02421.png
data_sources/ai_generated/StyleGAN/stylegan3_02422.png,data_sources/ai_generated/StyleGAN,ai_generated,1024,1024,1.0,JPEG,107462,12b974d0d844a1139d7e202a028c0f3b,9d25e23d71281bb00371c82ee05176ea79b7403b2e3e714b98f33938b754a3d0,1.0,e59bbe7e3020e0c3,ok,157.65790935693076,True,True,cluster_01425,test,/home/dheirav/Code/Deepfake_Detection/deepfake-project/dataset_builder/test/ai_generated/stylegan3_02422.png
data_sources/ai_generated/StyleGAN/stylegan3_02423.png,data_sources/ai_generated/StyleGAN,ai_generated,1024,1024,1.0,JPEG,98803,f35785403a6879b8ffb7bab7f1c7ce04,8f46e5db6be43220876312d17482897a77e607c93f9f8d4bcfe4c8b488dcdac3,1.0,bd80d4c38bd64f86,ok,190.46920972788843,True,True,cluster_01904,test,/home/dheirav/Code/Deepfake_Detection/deepfake-project/dataset_builder/test/ai_generated/stylegan3_02423.png
data_sources/ai_generated/StyleGAN/stylegan3_02439.png,data_sources/ai_generated/StyleGAN,ai_generated,1024,1024,1.0,JPEG,128906,620efd2692e34d39b29ceab3524236a6,0f145e345831abc7246c77a31e65902d82682c3503ac6be148e009261c61acb3,1.0,855036b9ad6d2ed2,ok,282.19378938892623,True,True,cluster_00369,test,/home/dheirav/Code/Deepfake_Detection/deepfake-project/dataset_builder/test/ai_generated/stylegan3_02439.png
data_sources/ai_generated/StyleGAN/stylegan3_02447.png,data_sources/ai_generated/StyleGAN,ai_generated,1024,1024,1.0,JPEG,114279,6afe769df6ee1ed6bf89279ceea72fd0,71a6eafd66fb1d8f2a199e2c5dca86ac4f37194fca8f614a967854e6e99a6ce6,1.0,ea58aa67a2e39b88,ok,348.9854863508216,True,True,cluster_01032,test,/home/dheirav/Code/Deepfake_Detection/deepfake-project/dataset_builder/test/ai_generated/stylegan3_02447.png
data_sources/ai_generated/StyleGAN/stylegan3_02451.png,data_sources/ai_generated/StyleGAN,ai_generated,1024,1024,1.0,JPEG,113583,52fe4b36ebbb60b7c259e8ddb516432b,96fb3eafe88babb8570e0dc54fc54761baaeb3a81a949eca63f717835fe2f73c,1.0,8afda0d1f8195a99,ok,113.70751751121134,True,True,cluster_01079,test,/home/dheirav/Code/Deepfake_Detection/deepfake-project/dataset_builder/test/ai_generated/stylegan3_02451.png
data_sources/ai_generated/StyleGAN/stylegan3_02462.png,data_sources/ai_generated/StyleGAN,ai_generated,1024,1024,1.0,JPEG,99609,70ae84ee92f1af7990ca94e5cfdb4a40,ccb6403a929336dcecfdbbdbb4be90d6bedd8e80100b107ccf48d4d5d51b09d7,1.0,9b4c6967656c869c,ok,89.13940317110155,True,True,cluster_01874,test,/home/dheirav/Code/Deepfake_Detection/deepfake-project/dataset_builder/test/ai_generated/stylegan3_02462.png
data_sources/ai_generated/StyleGAN/stylegan3_02469.png,data_sources/ai_generated/StyleGAN,ai_generated,1024,1024,1.0,JPEG,132407,d8c2561868fb0a5cb02203d3781f8d54,9c9678684ae830e1e827311faf7caae2be7fcec93c237c8129444e6591d405a0,1.0,cb2c25743421b6df,ok,155.1955622612113,True,True,cluster_00289,test,/home/dheirav/Code/Deepfake_Detection/deepfake-project/dataset_builder/test/ai_generated/stylegan3_02469.png
data_sources/ai_generated/StyleGAN/stylegan3_02478.png,data_sources/ai_generated/StyleGAN,ai_generated,1024,1024,1.0,JPEG,108444,90a29ee4b655955e2fccb0738410e938,38f86afc6450a4a8acc01a58fa97d66e1ff9c98cc93d0f119dc14d922ac0acfc,1.0,9d6870623798d799,ok,114.13169758694038,True,True,cluster_01364,test,/home/dheirav/Code/Deepfake_Detection/deepfake-project/dataset_builder/test/ai_generated/stylegan3_02478.png
data_sources/ai_generated/StyleGAN/stylegan3_02498.png,data_sources/ai_generated/StyleGAN,ai_generated,1024,1024,1.0,JPEG,97660,2dfd25360c36c83bab353fe20dc4b183,c507e1f30ace48932ef79f57fb3f84ca5e99f6c9c04276333571ba40e06501e8,1.0,e89825276535e39e,ok,125.94067090514635,True,True,cluster_01950,test,/home/dheirav/Code/Deepfake_Detection/deepfake-project/dataset_builder/test/ai_generated/stylegan3_02498.png
data_sources/ai_generated/StyleGAN/stylegan3_02501.png,data_sources/ai_generated/StyleGAN,ai_generated,1024,1024,1.0,JPEG,113436,003dde83763aca327b75532936e6a018,a05cd9a1db8c9b683c8fcd09fbfc07f950657ed12b7eca62d522c092f06e01f4,1.0,8578744bab849bce,ok,101.0800284237921,True,True,cluster_01083,test,/home/dheirav/Code/Deepfake_Detection/deepfake-project/dataset_builder/test/ai_generated/stylegan3_02501.png
data_sources/ai_generated/StyleGAN/stylegan3_02513.png,data_sources/ai_generated/StyleGAN,ai_generated,1024,1024,1.0,JPEG,96589,05c3a7f0af64484e68dc5cda831def55,c22101da94dd8039686fd1d20d405696161616dcb8c6d362ce973943bebe1088,1.0,b11e6cb660b7429b,ok,231.4469338770932,True,True,cluster_01992,test,/home/dheirav/Code/Deepfake_Detection/deepfake-project/dataset_builder/test/ai_generated/stylegan3_02513.png
data_sources/ai_generated/StyleGAN/stylegan3_02515.png,data_sources/ai_generated/StyleGAN,ai_generated,1024,1024,1.0,JPEG,169446,9d4c78792840313cba544da3790dc5f2,91303948389bf925567ab3cfed3b6e3694e5e525b92baa986b21da851f89baed,1.0,95ea716771542ad8,ok,599.5676208110151,True,True,cluster_00011,test,/home/dheirav/Code/Deepfake_Detection/deepfake-project/dataset_builder/test/ai_generated/stylegan3_02515.png
data_sources/ai_generated/StyleGAN/stylegan3_02530.png,data_sources/ai_generated/StyleGAN,ai_generated,1024,1024,1.0,JPEG,107917,e8f4a30ede7236069d530cf10bf1447d,b0aa4316fb818bc87986124f95ab0eb3756f98726c2c534a7036783ba155f354,1.0,c32e3d36347c33c4,ok,179.13608036350976,True,True,cluster_01396,test,/home/dheirav/Code/Deepfake_Detection/deepfake-project/dataset_builder/test/ai_generated/stylegan3_02530.png
data_sources/ai_generated/StyleGAN/stylegan3_02537.png,data_sources/ai_generated/StyleGAN,ai_generated,1024,1024,1.0,JPEG,104322,7a967e302795e4bc55d540c2cf2eb974,39fc421f44b7b4c766eb16b4129debddec256c80b99b8d697cd87b11c0d140e9,1.0,ceb13cb2b193938a,ok,90.68741775117451,True,True,cluster_01617,test,/home/dheirav/Code/Deepfake_Detection/deepfake-project/dataset_builder/test/ai_generated/stylegan3_02537.png
data_sources/ai_generated/StyleGAN/stylegan3_02539.png,data_sources/ai_generated/StyleGAN,ai_generated,1024,1024,1.0,JPEG,114609,3a54f95b6a61a2f18387323ecb052cec,31ef29cae3c9e0f8b4fa0e4f36ee7fd627ee3b029567b877aca0fa670ae39420,1.0,833c6ff064375453,ok,88.26301461839103,True,True,cluster_01014,test,/home/dheirav/Code/Deepfake_Detection/deepfake-project/dataset_builder/test/ai_generated/stylegan3_02539.png
data_sources/ai_generated/StyleGAN/stylegan3_02545.png,data_sources/ai_generated/StyleGAN,ai_generated,1024,1024,1.0,JPEG,114428,866fbaea2f0e3e32afa53249cedfa0d0,afed8ab6457c196f99be0d0a41c6f42ef9ebe0a295e74765e4dc7bc622725569,1.0,ca2d3c7732ce828e,ok,85.05874714074525,True,True,cluster_01024,test,/home/dheirav/Code/Deepfake_Detection/deepfake-project/dataset_builder/test/ai_generated/stylegan3_02545.png
data_sources/ai_generated/StyleGAN/stylegan3_02546.png,data_sources/ai_generated/StyleGAN,ai_generated,1024,1024,1.0,JPEG,100796,97a01c534ca0f96dbcc660c6684f9d46,ee6f5eb50bda89af7d7a2b9907e845a2d29576963ed9822d1efbee7ca938095c,1.0,f04776f080c38f8f,ok,102.99631592498824,True,True,cluster_01808,test,/home/dheirav/Code/Deepfake_Detection/deepfake-project/dataset_builder/test/ai_generated/stylegan3_02546.png
data_sources/ai_generated/StyleGAN/stylegan3_02572.png,data_sources/ai_generated/StyleGAN,ai_generated,1024,1024,1.0,JPEG,110402,28437373bf0c866dd9a1e05010a92b64,49d10e7fa33eaf44fd934c75fc1b5882c7b2cc81d580f8a3a994896a831d1aa5,1.0,9cbf61a067d4c6c8,ok,144.265693645164,True,True,cluster_01276,test,/home/dheirav/Code/Deepfake_Detection/deepfake-project/dataset_builder/test/ai_generated/stylegan3_02572.png
data_sources/ai_generated/StyleGAN/stylegan3_02573.png,data_sources/ai_generated/StyleGAN,ai_generated,1024,1024,1.0,JPEG,108845,ddc84f897b0e8090d35e8a914f7d56bd,140b0f51ca752e6851e54c9b8db24c93ee3b71db7b2fa45f009e040361f12c60,1.0,f37ee807e01ed083,ok,159.15499344761244,True,True,cluster_01342,test,/home/dheirav/Code/Deepfake_Detection/deepfake-project/dataset_builder/test/ai_generated/stylegan3_02573.png
data_sources/ai_generated/StyleGAN/stylegan3_02597.png,data_sources/ai_generated/StyleGAN,ai_generated,1024,1024,1.0,JPEG,112391,bfc5f6e22636c9d0179f459497277139,5fcb8afb5e9eaf1f834216fdcf0c173de9a918ae58d74ab7e35986f8e118da25,1.0,90e5d3d6e0e2d6d0,ok,131.70939166074095,True,True,cluster_01148,test,/home/dheirav/Code/Deepfake_Detection/deepfake-project/dataset_builder/test/ai_generated/stylegan3_02597.png
data_sources/ai_generated/StyleGAN/stylegan3_02599.png,data_sources/ai_generated/StyleGAN,ai_generated,1024,1024,1.0,JPEG,119179,3ef9f7a4c4b67e16854229829992dab1,688448e104ab25b1d5fb650835355c62dd22c02f11a2aae52d996cd934dfda9f,1.0,c03f3087a53e368f,ok,104.08664601023247,True,True,cluster_00788,test,/home/dheirav/Code/Deepfake_Detection/deepfake-project/dataset_builder/test/ai_generated/stylegan3_02599.png
data_sources/ai_generated/StyleGAN/stylegan3_02606.png,data_sources/ai_generated/StyleGAN,ai_generated,1024,1024,1.0,JPEG,103126,1d0b56b19787b809e536e64868b0a6d6,5f25047e24c6d2b8d442b8577af44c019dbd45ee7b79a82b532b7c28a90cbd69,1.0,c19e3d293035f2cd,ok,82.19195833832691,True,True,cluster_01690,test,/home/dheirav/Code/Deepfake_Detection/deepfake-project/dataset_builder/test/ai_generated/stylegan3_02606.png
data_sources/ai_generated/StyleGAN/stylegan3_02612.png,data_sources/ai_generated/StyleGAN,ai_generated,1024,1024,1.0,JPEG,131395,e657ab45e35ad105875aeb6bedeb7feb,fd5d12173ec1ec082b4bc923449cc537e58ce9a4b8beef82a3cd031459d701c9,1.0,df25287271b5cb81,ok,133.6612214597908,True,True,cluster_00305,test,/home/dheirav/Code/Deepfake_Detection/deepfake-project/dataset_builder/test/ai_generated/stylegan3_02612.png
data_sources/ai_generated/StyleGAN/stylegan3_02619.png,data_sources/ai_generated/StyleGAN,ai_generated,1024,1024,1.0,JPEG,114317,b438302818e75806eb89c9cd77c22e6a,c10c965497aac80950f220fa4607dd9d0c19a7e07c5c17c28e6de4fa52ad55eb,1.0,da872196253197de,ok,324.8521401246388,True,True,cluster_01028,test,/home/dheirav/Code/Deepfake_Detection/deepfake-project/dataset_builder/test/ai_generated/stylegan3_02619.png
data_sources/ai_generated/StyleGAN/stylegan3_02629.png,data_sources/ai_generated/StyleGAN,ai_generated,1024,1024,1.0,JPEG,141913,d0eb5fd20a3a8e0d376132302ba62a4a,66069423ceda85897aed6f5a4002afe98ffe321814d2913f2ee30110462af3f2,1.0,dfa830b73590c28f,ok,266.9741678041382,True,True,cluster_00126,test,/home/dheirav/Code/Deepfake_Detection/deepfake-project/dataset_builder/test/ai_generated/stylegan3_02629.png
data_sources/ai_generated/StyleGAN/stylegan3_02633.png,data_sources/ai_generated/StyleGAN,ai_generated,1024,1024,1.0,JPEG,153616,5195d7a08038f5de8933ad5c2c871542,a80ecaf694b6681687960127928963c84a004e884d9c4df003264088b4dec5b5,1.0,d04d6682b49bfe89,ok,334.78960838920364,True,True,cluster_00054,test,/home/dheirav/Code/Deepfake_Detection/deepfake-project/dataset_builder/test/ai_generated/stylegan3_02633.png
data_sources/ai_generated/StyleGAN/stylegan3_02644.png,data_sources/ai_generated/StyleGAN,ai_generated,1024,1024,1.0,JPEG,132259,58331a8ea5e9ee39847cf0806d6d7ade,aedc365c91454db957504aee2a9b4a9b0f484175af59617f65c88a7d13105402,1.0,8ea3bd4a3c580fd8,ok,173.13708109209256,True,True,cluster_00291,test,/home/dheirav/Code/Deepfake_Detection/deepfake-project/dataset_builder/test/ai_generated/stylegan3_02644.png
data_sources/ai_generated/StyleGAN/stylegan3_02646.png,data_sources/ai_generated/StyleGAN,ai_generated,1024,1024,1.0,JPEG,103225,c45225e4a6e772f47aff8e9094a875cc,9e495c645aa30b791a5996aa1f1e0e36093558e026a75765be9c5bc84362cf4e,1.0,bf2df0a4848a9dd2,ok,82.17066755634369,True,True,cluster_01685,test,/home/dheirav/Code/Deepfake_Detection/deepfake-project/dataset_builder/test/ai_generated/stylegan3_02646.png
data_sources/ai_generated/StyleGAN/stylegan3_02651.png,data_sources/ai_generated/StyleGAN,ai_generated,1024,1024,1.0,JPEG,132003,5c7d6018b220669f743fc90eee331ebe,b4c843fa724833a5338d10521c3a9010c4de65ccddbae84925840fcbd04f2af3,1.0,dc6a2bf62552a389,ok,115.73244380612505,True,True,cluster_00298,test,/home/dheirav/Code/Deepfake_Detection/deepfake-project/dataset_builder/test/ai_generated/stylegan3_02651.png
data_sources/ai_generated/StyleGAN/stylegan3_02654.png,data_sources/ai_generated/StyleGAN,ai_generated,1024,1024,1.0,JPEG,111580,da0663c4addead7050775078ce77a279,4480b5601b03b076ce32056dc2f755334c2b6a5226183b742e09c76372eb41b1,1.0,bd3d70f032b0c39a,ok,102.13597678717633,True,True,cluster_01194,test,/home/dheirav/Code/Deepfake_Detection/deepfake-project/dataset_builder/test/ai_generated/stylegan3_02654.png
data_sources/ai_generated/StyleGAN/stylegan3_02662.png,data_sources/ai_generated/StyleGAN,ai_generated,1024,1024,1.0,JPEG,112044,3936ecd6ee4c6935d7fec9606ecee266,4789f514f8f9c2d19bc939e02cb24aa0dfce33f5f3560c4e00654ca23326f05c,1.0,cba5306333ce839e,ok,114.40712515427731,True,True,cluster_01164,test,/home/dheirav/Code/Deepfake_Detection/deepfake-project/dataset_builder/test/ai_generated/stylegan3_02662.png
data_sources/ai_generated/StyleGAN/stylegan3_02666.png,data_sources/ai_generated/StyleGAN,ai_generated,1024,1024,1.0,JPEG,133286,6317c2cf73a84562c900650209de7e7c,dbcc2278f30104bc7f1f429ce9540149cf99f03fa127c0fafe79f7d115e09305,1.0,c57d24a222fdc3c6,ok,243.99890317063182,True,True,cluster_00267,test,/home/dheirav/Code/Deepfake_Detection/deepfake-project/dataset_builder/test/ai_generated/stylegan3_02666.png
data_sources/ai_generated/StyleGAN/stylegan3_02682.png,data_sources/ai_generated/StyleGAN,ai_generated,1024,1024,1.0,JPEG,127479,f504b0224dc884c65265391869200b73,9f788a1996ac8019c3d6783bb6218be9acc4a0268e740b680145f355f9b2c18d,1.0,dfe02383878c9e9c,ok,191.53979753791552,True,True,cluster_00423,test,/home/dheirav/Code/Deepfake_Detection/deepfake-project/dataset_builder/test/ai_generated/stylegan3_02682.png
data_sources/ai_generated/StyleGAN/stylegan3_02698.png,data_sources/ai_generated/StyleGAN,ai_generated,1024,1024,1.0,JPEG,97333,5604e122713e76aed54a36fee0dd6342,ac97975c956ea6fe85deb49aa6febba07d3037bda16a17cf31fc4ed34b7d6224,1.0,89b23ce338f01acf,ok,93.4148564576235,True,True,cluster_01960,test,/home/dheirav/Code/Deepfake_Detection/deepfake-project/dataset_builder/test/ai_generated/stylegan3_02698.png
data_sources/ai_generated/StyleGAN/stylegan3_02699.png,data_sources/ai_generated/StyleGAN,ai_generated,1024,1024,1.0,JPEG,110844,7e28f779a9cd1944588b9a06c18cdde1,1b2ac2b4996737b85cfe183a5ef29262eef53597e1a974f9f2c9d29ba755aab0,1.0,da2f61273720ce9a,ok,135.4110364461667,True,True,cluster_01240,test,/home/dheirav/Code/Deepfake_Detection/deepfake-project/dataset_builder/test/ai_generated/stylegan3_02699.png
data_sources/ai_generated/StyleGAN/stylegan3_02704.png,data_sources/ai_generated/StyleGAN,ai_generated,1024,1024,1.0,JPEG,115373,4d2bf50cc581babbdc0d0e13484fd46d,38d1f4135f5ca1ab5d19785d6e5eca26121bc4c85501861507e9bea488844676,1.0,96617896a5997699,ok,258.5564830995999,True,True,cluster_00971,test,/home/dheirav/Code/Deepfake_Detection/deepfake-project/dataset_builder/test/ai_generated/stylegan3_02704.png
data_sources/ai_generated/StyleGAN/stylegan3_02715.png,data_sources/ai_generated/StyleGAN,ai_generated,1024,1024,1.0,JPEG,153710,ba58aff10870fe7bcd632ed4920d0c4d,a84b1e84db756b4af54eebe43c2d12704325f47b62e86e710b398577b99606ce,1.0,da035b7f293c2a98,ok,589.8191660199664,True,True,cluster_00050,test,/home/dheirav/Code/Deepfake_Detection/deepfake-project/dataset_builder/test/ai_generated/stylegan3_02715.png
data_sources/ai_generated/StyleGAN/stylegan3_02726.png,data_sources/ai_generated/StyleGAN,ai_generated,1024,1024,1.0,JPEG,113251,6f08e4fa21fb3a786ccd3e0f6ea8d0bd,4d5d96c211fb58542ad5440c6841224825496cf728d5057e8e22855b23beeeda,1.0,ed3971e4e08d9689,ok,249.58585634618066,True,True,cluster_01095,test,/home/dheirav/Code/Deepfake_Detection/deepfake-project/dataset_builder/test/ai_generated/stylegan3_02726.png
data_sources/ai_generated/StyleGAN/stylegan3_02735.png,data_sources/ai_generated/StyleGAN,ai_generated,1024,1024,1.0,JPEG,103301,4672d13fc3dd7aced799061a0787d1bf,1d72008553048fddf4a1990656cd86f88dcf5f8ed301da79622ec035bdab07b7,1.0,9cf1a956c52ac29d,ok,114.61755178675139,True,True,cluster_01676,test,/home/dheirav/Code/Deepfake_Detection/deepfake-project/dataset_builder/test/ai_generated/stylegan3_02735.png
data_sources/ai_generated/StyleGAN/stylegan3_02742.png,data_sources/ai_generated/StyleGAN,ai_generated,1024,1024,1.0,JPEG,106711,ef4d8021dcde6bc2dd4699b874a79a30,f135a3cc19587ad9e945c6f1d1cae09a9f88c418262de573b5bba592def0a592,1.0,cb3866e3631c9b98,ok,201.77330377952603,True,True,cluster_01476,test,/home/dheirav/Code/Deepfake_Detection/deepfake-project/dataset_builder/test/ai_generated/stylegan3_02742.png
data_sources/ai_generated/StyleGAN/stylegan3_02748.png,data_sources/ai_generated/StyleGAN,ai_generated,1024,1024,1.0,JPEG,128576,ea7b981046049515b26f877fd24384e5,cd774f767512ab01e074a8da0091965da1eaeb6da7a1f21845e264f2006b3416,1.0,97dd5a2a7d28218b,ok,109.98296041881893,True,True,cluster_00382,test,/home/dheirav/Code/Deepfake_Detection/deepfake-project/dataset_builder/test/ai_generated/stylegan3_02748.png
data_sources/ai_generated/StyleGAN/stylegan3_02762.png,data_sources/ai_generated/StyleGAN,ai_generated,1024,1024,1.0,JPEG,129928,d1d8be2c5f3ebeb7ff828ed480f14944,aa9812dff3d387223e4fc0d36b51b68afca910b31d52dd571db03a3ced118e5d,1.0,d37468d2c18b87cd,ok,308.9424234374154,True,True,cluster_00345,test,/home/dheirav/Code/Deepfake_Detection/deepfake-project/dataset_builder/test/ai_generated/stylegan3_02762.png
data_sources/ai_generated/StyleGAN/stylegan3_02763.png,data_sources/ai_generated/StyleGAN,ai_generated,1024,1024,1.0,JPEG,134169,f8322915ac904409634a653c812d31e8,9dd483685f97f35c9c488c0874170711dbdefc2114b46b7e9e097b457ccf9568,1.0,dae531062371afc6,ok,316.9800882041517,True,True,cluster_00252,test,/home/dheirav/Code/Deepfake_Detection/deepfake-project/dataset_builder/test/ai_generated/stylegan3_02763.png
data_sources/ai_generated/StyleGAN/stylegan3_02770.png,data_sources/ai_generated/StyleGAN,ai_generated,1024,1024,1.0,JPEG,105956,edc07b974c6496976b46a1b41a7e360d,09e5f226714c62adb5b563a7c5dc83f3bbafddfd24a01427e6a0647d180f4171,1.0,c21f2d36711ca7d8,ok,111.3102807487803,True,True,cluster_01520,test,/home/dheirav/Code/Deepfake_Detection/deepfake-project/dataset_builder/test/ai_generated/stylegan3_02770.png
data_sources/ai_generated/StyleGAN/stylegan3_02773.png,data_sources/ai_generated/StyleGAN,ai_generated,1024,1024,1.0,JPEG,130120,5bda73c2de711cc127944b9e9aba40e8,e2c451c69c1607ac36808c4a60ee9b5159dfc72419720ae3b0f8dc0a484acb07,1.0,d58ef1782929ca9c,ok,197.20104298134902,True,True,cluster_00343,test,/home/dheirav/Code/Deepfake_Detection/deepfake-project/dataset_builder/test/ai_generated/stylegan3_02773.png
data_sources/ai_generated/StyleGAN/stylegan3_02776.png,data_sources/ai_generated/StyleGAN,ai_generated,1024,1024,1.0,JPEG,118900,8a8df0e932d3515da2ce6ec718f71c96,b6bfe9131f53a3653753f0bb58b118b8f252c4917d67a23bc23391de8319409d,1.0,aaf0d54226ab8f99,ok,116.17422816188534,True,True,cluster_00806,test,/home/dheirav/Code/Deepfake_Detection/deepfake-project/dataset_builder/test/ai_generated/stylegan3_02776.png
data_sources/ai_generated/StyleGAN/stylegan3_02786.png,data_sources/ai_generated/StyleGAN,ai_generated,1024,1024,1.0,JPEG,119747,ba47ac7dffc545bb7c3737e8d5dbd166,94793e330f9c603a33e42a51b9daa3db847f945a18ab631ffbe90e3da63ae28b,1.0,8b306493e69d9ad9,ok,131.85327908559702,True,True,cluster_00755,test,/home/dheirav/Code/Deepfake_Detection/deepfake-project/dataset_builder/test/ai_generated/stylegan3_02786.png
data_sources/ai_generated/StyleGAN/stylegan3_02790.png,data_sources/ai_generated/StyleGAN,ai_generated,1024,1024,1.0,JPEG,116388,fcdb683bd9de13570f04ce9986655ca6,59d1e8f3a6735be68615919c127f457ab506a2323e19b817a68033a1ce4473be,1.0,cf203e6231ed64ce,ok,88.01758861266626,True,True,cluster_00927,test,/home/dheirav/Code/Deepfake_Detection/deepfake-project/dataset_builder/test/ai_generated/stylegan3_02790.png
data_sources/ai_generated/StyleGAN/stylegan3_02792.png,data_sources/ai_generated/StyleGAN,ai_generated,1024,1024,1.0,JPEG,118357,a6d5bf6c31834560776c09161a7ba078,6b2c8c60e55e58e11eaedc761d584d967fd26c9244d9031b1645b004debeaba3,1.0,c53f2776303c7096,ok,86.5987746515957,True,True,cluster_00831,test,/home/dheirav/Code/Deepfake_Detection/deepfake-project/dataset_builder/test/ai_generated/stylegan3_02792.png
data_sources/ai_generated/StyleGAN/stylegan3_02800.png,data_sources/ai_generated/StyleGAN,ai_generated,1024,1024,1.0,JPEG,128257,aac0ebc2f0dbd229346d33c944ebc563,d12694e89c93cdc627aebb8769a83772283f4831eaba8c1d21ff2f5a741121bd,1.0,e01287e57ce8d8da,ok,275.5741985443519,True,True,cluster_00397,test,/home/dheirav/Code/Deepfake_Detection/deepfake-project/dataset_builder/test/ai_generated/stylegan3_02800.png
data_sources/ai_generated/StyleGAN/stylegan3_02802.png,data_sources/ai_generated/StyleGAN,ai_generated,1024,1024,1.0,JPEG,113939,a54ea8169486cde2a00c29b9cf94032c,0efd4df4ac6b72202bde767714d1fd0be1220f1d616b9d2d9b632210d110a9f7,1.0,de1aa9b58286d58d,ok,119.63679773444801,True,True,cluster_01058,test,/home/dheirav/Code/Deepfake_Detection/deepfake-project/dataset_builder/test/ai_generated/stylegan3_02802.png
data_sources/ai_generated/StyleGAN/stylegan3_02804.png,data_sources/ai_generated/StyleGAN,ai_generated,1024,1024,1.0,JPEG,125422,df7eafdcf37e024d56730a4c91a3c38d,0e383735fd9ec6b923720e41dcbddc04b8c6128cb19780aaba18d480a6c9491b,1.0,af7368b4b290d28d,ok,546.4296455277217,True,True,cluster_00486,test,/home/dheirav/Code/Deepfake_Detection/deepfake-project/dataset_builder/test/ai_generated/stylegan3_02804.png
data_sources/ai_generated/StyleGAN/stylegan3_02805.png,data_sources/ai_generated/StyleGAN,ai_generated,1024,1024,1.0,JPEG,116905,8e6f7bcf0994ac3b3827cfe5156d629e,c71fe8cea9cee370e2173d08e9a288d88e8ecad4d0d744188a124cce4385bfff,1.0,837c78e2d3c9dc90,ok,112.71724594224996,True,True,cluster_00902,test,/home/dheirav/Code/Deepfake_Detection/deepfake-project/dataset_builder/test/ai_generated/stylegan3_02805.png
data_sources/ai_generated/StyleGAN/stylegan3_02807.png,data_sources/ai_generated/StyleGAN,ai_generated,1024,1024,1.0,JPEG,120311,960476cc320ca7eb81c7ecbd3aa685b6,0c91a7d31db7765646f5ce71004e66a85c3d204fe716e96806e24c9ee4a7f366,1.0,fd5620e4d0f9b189,ok,87.59821651245875,True,True,cluster_00730,test,/home/dheirav/Code/Deepfake_Detection/deepfake-project/dataset_builder/test/ai_generated/stylegan3_02807.png
data_sources/ai_generated/StyleGAN/stylegan3_02816.png,data_sources/ai_generated/StyleGAN,ai_generated,1024,1024,1.0,JPEG,100962,0c82e5a1e49565ee94ca5113cac0d49b,b7fe746e5d984d695590c50eae0a448014776e93f16a2d68644c13e6731b5afb,1.0,b8e025a5e3f6069b,ok,86.62131499440511,True,True,cluster_01798,test,/home/dheirav/Code/Deepfake_Detection/deepfake-project/dataset_builder/test/ai_generated/stylegan3_02816.png
data_sources/ai_generated/StyleGAN/stylegan3_02817.png,data_sources/ai_generated/StyleGAN,ai_generated,1024,1024,1.0,JPEG,99463,c0aca849d1613dbdc48f044eee69fdf0,c417f122e2b16877cc24f562e315ca3768e5630f34db683da42ae5c637e856f5,1.0,8b95a8c20d3cbef2,ok,109.10913842441732,True,True,cluster_01878,test,/home/dheirav/Code/Deepfake_Detection/deepfake-project/dataset_builder/test/ai_generated/stylegan3_02817.png
data_sources/ai_generated/StyleGAN/stylegan3_02836.png,data_sources/ai_generated/StyleGAN,ai_generated,1024,1024,1.0,JPEG,118679,54238319d80f30c709f37d56bd5386d0,80263f7e66ab105aff502a6879ac28b93d909eaa7b5c7da04e4d102111d35c4b,1.0,9c1ef1722572758a,ok,171.37055539035646,True,True,cluster_00814,test,/home/dheirav/Code/Deepfake_Detection/deepfake-project/dataset_builder/test/ai_generated/stylegan3_02836.png
data_sources/ai_generated/StyleGAN/stylegan3_02844.png,data_sources/ai_generated/StyleGAN,ai_generated,1024,1024,1.0,JPEG,107831,ab0e047d6f6a37583d6ae751e393dba1,bdb3d66213f3b3a0a2bb0332332786a33829e2e0df13fe44b0956cfc5b681bff,1.0,d4488b0f2fbd2d2c,ok,80.15407306170891,True,True,cluster_01402,test,/home/dheirav/Code/Deepfake_Detection/deepfake-project/dataset_builder/test/ai_generated/stylegan3_02844.png
data_sources/ai_generated/StyleGAN/stylegan3_02848.png,data_sources/ai_generated/StyleGAN,ai_generated,1024,1024,1.0,JPEG,119542,30a3011b5b8fd7f2b9d9f78295907fac,57163ed62fc6e118fb22a949c72d8ecebcaca9bb7ff518ad7fef63715b1c10c7,1.0,cb213db3303b83ce,ok,116.58801339254478,True,True,cluster_00768,test,/home/dheirav/Code/Deepfake_Detection/deepfake-project/dataset_builder/test/ai_generated/stylegan3_02848.png
data_sources/ai_generated/StyleGAN/stylegan3_02859.png,data_sources/ai_generated/StyleGAN,ai_generated,1024,1024,1.0,JPEG,101366,eb7ecfa35d238fde04c03bbc75554816,f11ed31fbff78a409fe2fa736742f66c30819ec555f5e2901afb9a8119f12728,1.0,977868236174a79e,ok,87.13269791501443,True,True,cluster_01779,test,/home/dheirav/Code/Deepfake_Detection/deepfake-project/dataset_builder/test/ai_generated/stylegan3_02859.png
data_sources/ai_generated/StyleGAN/stylegan3_02862.png,data_sources/ai_generated/StyleGAN,ai_generated,1024,1024,1.0,JPEG,119047,4efa291b66857cb0ce997696da3e8c47,6746096f0831c512f4991fed104a23117a0a8d4ab5520e7084061bc37e86eece,1.0,d80ad5838e65aed5,ok,175.37379830790354,True,True,cluster_00796,test,/home/dheirav/Code/Deepfake_Detection/deepfake-project/dataset_builder/test/ai_generated/stylegan3_02862.png
data_sources/ai_generated/StyleGAN/stylegan3_02866.png,data_sources/ai_generated/StyleGAN,ai_generated,1024,1024,1.0,JPEG,111901,19ce328cba413f62b92035e37897d911,4c2c559d5ff96e004065095402fff78f9a6d97a07a3e9c37dd884ca9b4e3a378,1.0,cb3e2136f009d3ce,ok,227.44808005788582,True,True,cluster_01173,test,/home/dheirav/Code/Deepfake_Detection/deepfake-project/dataset_builder/test/ai_generated/stylegan3_02866.png
data_sources/ai_generated/StyleGAN/stylegan3_02898.png,data_sources/ai_generated/StyleGAN,ai_generated,1024,1024,1.0,JPEG,102163,32dac5e213c52916bc3c85cb83d387ec,cd9df303c127fa23047e04b427899c207a113b7339b919e9c233e18aa403b902,1.0,8df674b27231d289,ok,107.46986931189895,True,True,cluster_01743,test,/home/dheirav/Code/Deepfake_Detection/deepfake-project/dataset_builder/test/ai_generated/stylegan3_02898.png
data_sources/ai_generated/StyleGAN/stylegan3_02906.png,data_sources/ai_generated/StyleGAN,ai_generated,1024,1024,1.0,JPEG,135463,1ec347b16c75a6d0eb8d12b239f3019f,f09343713fd2f0b764d0b31aa195d4c3da70cac58bf67e4f17c3462b7c202800,1.0,946571f663a1cec8,ok,216.40648937148853,True,True,cluster_00228,test,/home/dheirav/Code/Deepfake_Detection/deepfake-project/dataset_builder/test/ai_generated/stylegan3_02906.png
data_sources/ai_generated/StyleGAN/stylegan3_02907.png,data_sources/ai_generated/StyleGAN,ai_generated,1024,1024,1.0,JPEG,118840,92d6adfcae359d07c3f43b6f5c459c17,7d8fbfcdb1cd6a16b189500788a40d3a7c424fef2e9a5c4f8a193d7f3c913043,1.0,dea029a7a730d297,ok,167.88401368143604,True,True,cluster_00810,test,/home/dheirav/Code/Deepfake_Detection/deepfake-project/dataset_builder/test/ai_generated/stylegan3_02907.png
data_sources/ai_generated/StyleGAN/stylegan3_02912.png,data_sources/ai_generated/StyleGAN,ai_generated,1024,1024,1.0,JPEG,149443,6af6f9844c42cac968d4a3ace1978572,5c960b717d18ac68ace3dc632a5186aab42a80ef2b9ce3242469ba3dba473a8f,1.0,a9876cb4282ed799,ok,580.9255500518618,True,True,cluster_00070,test,/home/dheirav/Code/Deepfake_Detection/deepfake-project/dataset_builder/test/ai_generated/stylegan3_02912.png
data_sources/ai_generated/StyleGAN/stylegan3_02920.png,data_sources/ai_generated/StyleGAN,ai_generated,1024,1024,1.0,JPEG,165223,3c22a2881b276181897b61610d92aa0b,5bf9b5443434586beb6f41de9b1ce3f61dfaff6a04458d712f1a20e02ea37189,1.0,9cf4617326259ada,ok,799.73332007131,True,True,cluster_00018,test,/home/dheirav/Code/Deepfake_Detection/deepfake-project/dataset_builder/test/ai_generated/stylegan3_02920.png
data_sources/ai_generated/StyleGAN/stylegan3_02926.png,data_sources/ai_generated/StyleGAN,ai_generated,1024,1024,1.0,JPEG,111161,b72345292d8ad1440516382bad90bf1a,9379b078ce74aeb4d74f75b37ec0e4a02803f2e9bc52e8d1e885d236d43e4f3b,1.0,cbbc2552b21b38dc,ok,92.41595442011021,True,True,cluster_01224,test,/home/dheirav/Code/Deepfake_Detection/deepfake-project/dataset_builder/test/ai_generated/stylegan3_02926.png
data_sources/ai_generated/StyleGAN/stylegan3_02938.png,data_sources/ai_generated/StyleGAN,ai_generated,1024,1024,1.0,JPEG,109627,a5851a145c20be5580b1c4dc32e5e9aa,bf134ca68bec4da581020056cb7aed0d00f5bbf3fca626cd37246faf90b9ca7a,1.0,966d788fe542c788,ok,141.40076858430166,True,True,cluster_01308,test,/home/dheirav/Code/Deepfake_Detection/deepfake-project/dataset_builder/test/ai_generated/stylegan3_02938.png
data_sources/ai_generated/StyleGAN/stylegan3_02939.png,data_sources/ai_generated/StyleGAN,ai_generated,1024,1024,1.0,JPEG,114520,a8aff46c9d9b9a81b4e096236712f908,7df09630e24bfc3e7f10c5f50329800253466a9dd71c2d077d270c1690578651,1.0,bd6b70f003f801cf,ok,161.8131004895804,True,True,cluster_01017,test,/home/dheirav/Code/Deepfake_Detection/deepfake-project/dataset_builder/test/ai_generated/stylegan3_02939.png
data_sources/ai_generated/StyleGAN/stylegan3_02947.png,data_sources/ai_generated/StyleGAN,ai_generated,1024,1024,1.0,JPEG,129498,89cd374d930cf32907ccf89b3088dfd2,4f4b5fd81fff4fad261c11b3788673bfab2dab1c7005f7d6e4887ef917714370,1.0,bb7af5a5d2949088,ok,299.2634485746156,True,True,cluster_00355,test,/home/dheirav/Code/Deepfake_Detection/deepfake-project/dataset_builder/test/ai_generated/stylegan3_02947.png
data_sources/ai_generated/StyleGAN/stylegan3_02948.png,data_sources/ai_generated/StyleGAN,ai_generated,1024,1024,1.0,JPEG,120200,b57d0262c9fea4be72bfdb62e8267534,9118a4dd06f3681ad83151834f05bbbdd6a7d1b771d79e8ef723d10c06532ccc,1.0,cbd545ae1726169c,ok,114.03119539934323,True,True,cluster_00739,test,/home/dheirav/Code/Deepfake_Detection/deepfake-project/dataset_builder/test/ai_generated/stylegan3_02948.png
data_sources/ai_generated/StyleGAN/stylegan3_02950.png,data_sources/ai_generated/StyleGAN,ai_generated,1024,1024,1.0,JPEG,121572,4bcd4c0d49b58c975f97d3f8bdea1b06,82c1899648c4c6618efa7470f837329ca9820b5d3f3aea112cc3d49fd413bd8f,1.0,fae04ba525668793,ok,224.07489673542202,True,True,cluster_00659,test,/home/dheirav/Code/Deepfake_Detection/deepfake-project/dataset_builder/test/ai_generated/stylegan3_02950.png
data_sources/ai_generated/StyleGAN/stylegan3_02953.png,data_sources/ai_generated/StyleGAN,ai_generated,1024,1024,1.0,JPEG,100414,6400f9ccfb404eb5e29c40831947468e,f588a3164599a3244e0029470fbada21eb4808b19b61723979a4b8451c9da150,1.0,b5aa16fc12f602da,ok,107.6824209589895,True,True,cluster_01835,test,/home/dheirav/Code/Deepfake_Detection/deepfake-project/dataset_builder/test/ai_generated/stylegan3_02953.png
data_sources/ai_generated/StyleGAN/stylegan3_02954.png,data_sources/ai_generated/StyleGAN,ai_generated,1024,1024,1.0,JPEG,111493,3b77544739574606d3e5719b41457db9,cd701361a1aeb07e18931e0063242a60ed74eed05f35217939b21fa8ec742984,1.0,bcd440f24bd8cb9c,ok,178.38434485457307,True,True,cluster_01204,test,/home/dheirav/Code/Deepfake_Detection/deepfake-project/dataset_builder/test/ai_generated/stylegan3_02954.png
data_sources/ai_generated/StyleGAN/stylegan3_02959.png,data_sources/ai_generated/StyleGAN,ai_generated,1024,1024,1.0,JPEG,125420,2e260ede59f08bf17b631648b2133a46,363f3859f4b4c9d19e365deda5e43df4ca312c6881b8c2331bebc36f0a8939ff,1.0,b4437b85a562d68b,ok,284.3365361725509,True,True,cluster_00487,test,/home/dheirav/Code/Deepfake_Detection/deepfake-project/dataset_builder/test/ai_generated/stylegan3_02959.png
data_sources/ai_generated/StyleGAN/stylegan3_02963.png,data_sources/ai_generated/StyleGAN,ai_generated,1024,1024,1.0,JPEG,104275,7493f9ba2cca7e6170f27610ba58aa19,05b07bc2f6e86e7b869ec8718eb5e5a50fa32dd48630cc3dd21baf85f677dfe5,1.0,b8dfc2f10fa107c1,ok,128.702056855298,True,True,cluster_01620,test,/home/dheirav/Code/Deepfake_Detection/deepfake-project/dataset_builder/test/ai_generated/stylegan3_02963.png
data_sources/ai_generated/StyleGAN/stylegan3_02964.png,data_sources/ai_generated/StyleGAN,ai_generated,1024,1024,1.0,JPEG,108681,21cf0831ed49117348dd411fcde0adc8,767f1a11358362d88aaf5c31801ed5a25eb270672ccc5573db43d2a0516e8aea,1.0,b9e6e0c20f8d9e98,ok,179.50432395538883,True,True,cluster_01354,test,/home/dheirav/Code/Deepfake_Detection/deepfake-project/dataset_builder/test/ai_generated/stylegan3_02964.png
data_sources/ai_generated/StyleGAN/stylegan3_02988.png,data_sources/ai_generated/StyleGAN,ai_generated,1024,1024,1.0,JPEG,113794,e3a5813b6b37417fc51b9c02a054edb2,c27339bcde859835f6b196fffba0141128e69611671a75010244c7f93cad3cde,1.0,974e6a216c793599,ok,206.88804877838993,True,True,cluster_01064,test,/home/dheirav/Code/Deepfake_Detection/deepfake-project/dataset_builder/test/ai_generated/stylegan3_02988.png
data_sources/ai_generated/StyleGAN/stylegan3_02989.png,data_sources/ai_generated/StyleGAN,ai_generated,1024,1024,1.0,JPEG,103674,1c83b8b913e61ea5b80c26ed3010b91e,b085cd37cb5f76ac38d28ef72b170e06eb6e88bc055b1424b5d6dc92cbb74671,1.0,dc9bf1722a640d1d,ok,335.9127214898434,True,True,cluster_01657,test,/home/dheirav/Code/Deepfake_Detection/deepfake-project/dataset_builder/test/ai_generated/stylegan3_02989.png
data_sources/ai_generated/StyleGAN/stylegan3_03001.png,data_sources/ai_generated/StyleGAN,ai_generated,1024,1024,1.0,JPEG,122112,cd7dec9109236933c7df8c8b6ca2b39f,44423055bfec152853702bab9ae3f9d596dbbbc5aa6e8fc422683e78a7a0f313,1.0,9b8ba2223f738a8b,ok,105.30508736868796,True,True,cluster_00629,test,/home/dheirav/Code/Deepfake_Detection/deepfake-project/dataset_builder/test/ai_generated/stylegan3_03001.png
data_sources/ai_generated/StyleGAN/stylegan3_03002.png,data_sources/ai_generated/StyleGAN,ai_generated,1024,1024,1.0,JPEG,124506,70550ded2502fdbf48af2fbb8412f87c,733ed992b5c51975fb07ea33a5e03b20acdb52e4ca460d054484fc86751b3c98,1.0,bbe4c58604fa69c3,ok,153.92779338580203,True,True,cluster_00524,test,/home/dheirav/Code/Deepfake_Detection/deepfake-project/dataset_builder/test/ai_generated/stylegan3_03002.png
data_sources/ai_generated/StyleGAN/stylegan3_03008.png,data_sources/ai_generated/StyleGAN,ai_generated,1024,1024,1.0,JPEG,114285,a99f423cc3eb43fb278d0e13b94ceca3,ca411192c7cec5a68f24c739299417fec83a5af1d1f9a194e66a2f6ebe1629b0,1.0,d76c71b08219df8c,ok,205.55918491020566,True,True,cluster_01031,test,/home/dheirav/Code/Deepfake_Detection/deepfake-project/dataset_builder/test/ai_generated/stylegan3_03008.png
data_sources/ai_generated/StyleGAN/stylegan3_03012.png,data_sources/ai_generated/StyleGAN,ai_generated,1024,1024,1.0,JPEG,128567,e723e1c5fbe419c84659e61c50e03f8a,f8cce389f338915030532bb00e319c3e305d9ccaadaa056b83c94f8388cf4949,1.0,da8369e1ff6420d8,ok,97.66935535607627,True,True,cluster_00383,test,/home/dheirav/Code/Deepfake_Detection/deepfake-project/dataset_builder/test/ai_generated/stylegan3_03012.png
data_sources/ai_generated/StyleGAN/stylegan3_03016.png,data_sources/ai_generated/StyleGAN,ai_generated,1024,1024,1.0,JPEG,118083,5e8ff87cdfe61cf968e63067f972a17e,b6e16c439618037517bcfbe1b3c72b75c8d8badd299e6c6fee0037042b0ae9cf,1.0,9c5c6356626a638f,ok,106.42683745227623,True,True,cluster_00843,test,/home/dheirav/Code/Deepfake_Detection/deepfake-project/dataset_builder/test/ai_generated/stylegan3_03016.png
data_sources/ai_generated/StyleGAN/stylegan3_03020.png,data_sources/ai_generated/StyleGAN,ai_generated,1024,1024,1.0,JPEG,121520,a8cf8944a9d48b1d8945f26282221f7b,c660dacec63443dda4ad476df97d14b0b37d933b0cb5c2e1bfb2ee0d3e5a7b6b,1.0,de3861e32526a7ca,ok,214.0239793146747,True,True,cluster_00662,test,/home/dheirav/Code/Deepfake_Detection/deepfake-project/dataset_builder/test/ai_generated/stylegan3_03020.png
data_sources/ai_generated/StyleGAN/stylegan3_03021.png,data_sources/ai_generated/StyleGAN,ai_generated,1024,1024,1.0,JPEG,135894,eb9d90bba656a6f066db2d0d8be3d04d,f216a1674e46b2c43581a27faefd047a3171c4b51f84d42dfc3287f6bb2ffc2a,1.0,cee194c39aecc98c,ok,248.50471802218817,True,True,cluster_00214,test,/home/dheirav/Code/Deepfake_Detection/deepfake-project/dataset_builder/test/ai_generated/stylegan3_03021.png
data_sources/ai_generated/StyleGAN/stylegan3_03025.png,data_sources/ai_generated/StyleGAN,ai_generated,1024,1024,1.0,JPEG,140722,9bcf391370255faabe9f060d634b18f2,4de4a8a628065bb25e9612537ba351e98b3a36d09bb685398e5747031dcb4200,1.0,e41256fb31cd85cc,ok,266.8530921321217,True,True,cluster_00137,test,/home/dheirav/Code/Deepfake_Detection/deepfake-project/dataset_builder/test/ai_generated/stylegan3_03025.png
data_sources/ai_generated/StyleGAN/stylegan3_03030.png,data_sources/ai_generated/StyleGAN,ai_generated,1024,1024,1.0,JPEG,96950,38dd117edc3c8ae9351c5e9ca8f2e619,d4dd21525c4aeabc2755b9d4cf9ef436d6110311bbb001196d98416a09a62f8a,1.0,e2f596a358a15a8e,ok,182.57288645951485,True,True,cluster_01978,test,/home/dheirav/Code/Deepfake_Detection/deepfake-project/dataset_builder/test/ai_generated/stylegan3_03030.png
data_sources/ai_generated/StyleGAN/stylegan3_03035.png,data_sources/ai_generated/StyleGAN,ai_generated,1024,1024,1.0,JPEG,103895,b6cf1c27f0f737e8e5ee27977a86c229,69b72f7b38d67ece77e8d3aa20fd9c616740653ef00566c384bc3569f78480a6,1.0,989b68b576622bca,ok,95.27419471609392,True,True,cluster_01646,test,/home/dheirav/Code/Deepfake_Detection/deepfake-project/dataset_builder/test/ai_generated/stylegan3_03035.png
data_sources/ai_generated/StyleGAN/stylegan3_03036.png,data_sources/ai_generated/StyleGAN,ai_generated,1024,1024,1.0,JPEG,126079,1ec3c3bdd94cd62e482e8be6af1eaca1,b0ab621dd53c24393c973d47624d4c19e4c799d69c3314caedbdc335cad689d0,1.0,9b6532563a4ca5d6,ok,157.77207649469983,True,True,cluster_00462,test,/home/dheirav/Code/Deepfake_Detection/deepfake-project/dataset_builder/test/ai_generated/stylegan3_03036.png
data_sources/ai_generated/StyleGAN/stylegan3_03038.png,data_sources/ai_generated/StyleGAN,ai_generated,1024,1024,1.0,JPEG,107496,3bf2c3109fe5872aa7e52ef6a37e7f8f,c8a2237430e78e18b05c3a610b0ae4ee1d0f3438f41b3b2b6955b2e211be9e5c,1.0,c28d3cf233598b8e,ok,110.52668093670124,True,True,cluster_01424,test,/home/dheirav/Code/Deepfake_Detection/deepfake-project/dataset_builder/test/ai_generated/stylegan3_03038.png
data_sources/ai_generated/StyleGAN/stylegan3_03040.png,data_sources/ai_generated/StyleGAN,ai_generated,1024,1024,1.0,JPEG,111749,8eea7d238ff256823abb9382989dde87,3004982b823233f44ce88af2fd55999ff13ff0196fc6529cb42575ce750e593b,1.0,9f75602426ecda53,ok,99.291234458502,True,True,cluster_01184,test,/home/dheirav/Code/Deepfake_Detection/deepfake-project/dataset_builder/test/ai_generated/stylegan3_03040.png
data_sources/ai_generated/StyleGAN/stylegan3_03047.png,data_sources/ai_generated/StyleGAN,ai_generated,1024,1024,1.0,JPEG,114279,1e524f6f27a724d4f75a322f47d310af,f55e6f9fb25b2a8c13f4c3410a16b31187991988fd26c8930282bc903f372e38,1.0,c33636131b390fcb,ok,83.48005055727754,True,True,cluster_01033,test,/home/dheirav/Code/Deepfake_Detection/deepfake-project/dataset_builder/test/ai_generated/stylegan3_03047.png
data_sources/ai_generated/StyleGAN/stylegan3_03048.png,data_sources/ai_generated/StyleGAN,ai_generated,1024,1024,1.0,JPEG,128758,c2183b851a5a9100db12747550988bce,a853fd8728bcdf44bf457cf67b1d272573d3eb079e40f6d71329f9957a68a029,1.0,cfbbb022310fc38e,ok,199.6716040968895,True,True,cluster_00377,test,/home/dheirav/Code/Deepfake_Detection/deepfake-project/dataset_builder/test/ai_generated/stylegan3_03048.png
data_sources/ai_generated/StyleGAN/stylegan3_03055.png,data_sources/ai_generated/StyleGAN,ai_generated,1024,1024,1.0,JPEG,111926,4ed491b24a05e64707f3de0c833928e2,c1b09435cc26cfb6fbbdf3aa216fd6270b62f83b9a0622f107848190990c951e,1.0,da8a69a7256c66ca,ok,80.14913645977413,True,True,cluster_01171,test,/home/dheirav/Code/Deepfake_Detection/deepfake-project/dataset_builder/test/ai_generated/stylegan3_03055.png
data_sources/ai_generated/StyleGAN/stylegan3_03073.png,data_sources/ai_generated/StyleGAN,ai_generated,1024,1024,1.0,JPEG,119659,f27e3a3db1f3d8a199cd12e4e7f784fa,f6b2b34a203e4eea8cf9c42016eaa255884ec5a84f02b71330239f33873bc6ba,1.0,9fd0e6826215cb9d,ok,199.90741551805598,True,True,cluster_00762,test,/home/dheirav/Code/Deepfake_Detection/deepfake-project/dataset_builder/test/ai_generated/stylegan3_03073.png
data_sources/ai_generated/StyleGAN/stylegan3_03080.png,data_sources/ai_generated/StyleGAN,ai_generated,1024,1024,1.0,JPEG,104592,788f3c205bd4688490058db9102375e4,8bd5d4482906104aa970697ab88622a50b866e525d8b88d485a08c3bf03a7f7c,1.0,e06ae723e00eea9e,ok,101.08187808583898,True,True,cluster_01601,test,/home/dheirav/Code/Deepfake_Detection/deepfake-project/dataset_builder/test/ai_generated/stylegan3_03080.png
data_sources/ai_generated/StyleGAN/stylegan3_03086.png,data_sources/ai_generated/StyleGAN,ai_generated,1024,1024,1.0,JPEG,98715,4eff1bf8d6543b81bbaff21f28676393,530bfbccc098521121784c94aeb9e2eca028c26e2f1d4ea3c1c340b3b84b9738,1.0,b84a66e166e5839b,ok,89.12304185421726,True,True,cluster_01911,test,/home/dheirav/Code/Deepfake_Detection/deepfake-project/dataset_builder/test/ai_generated/stylegan3_03086.png
data_sources/ai_generated/StyleGAN/stylegan3_03094.png,data_sources/ai_generated/StyleGAN,ai_generated,1024,1024,1.0,JPEG,97201,583c83273dcb9ae4738d298b7b0bb17f,d37ffd0f4749592094d02b2e753da2578b75b450afb2e383c78d00f1757d9284,1.0,bff460b3428bd283,ok,102.22587176266825,True,True,cluster_01966,test,/home/dheirav/Code/Deepfake_Detection/deepfake-project/dataset_builder/test/ai_generated/stylegan3_03094.png
data_sources/ai_generated/StyleGAN/stylegan3_03097.png,data_sources/ai_generated/StyleGAN,ai_generated,1024,1024,1.0,JPEG,99089,86622faf630020d5cd7f1ea1338b4d98,49f1c05761392ca07f4089e774690761354c83feaec9868390d56de6c3c93f23,1.0,ae1c71383573938b,ok,224.54313598513545,True,True,cluster_01893,test,/home/dheirav/Code/Deepfake_Detection/deepfake-project/dataset_builder/test/ai_generated/stylegan3_03097.png
data_sources/ai_generated/StyleGAN/stylegan3_03104.png,data_sources/ai_generated/StyleGAN,ai_generated,1024,1024,1.0,JPEG,120597,e9bb42e1aea35a6aae799240e1fc377c,0aea6e49ddac36eaa5a8a66c9dd0c164348830c724bc5e40830785fa6031d146,1.0,d86361d7074e063f,ok,100.81055104102415,True,True,cluster_00707,test,/home/dheirav/Code/Deepfake_Detection/deepfake-project/dataset_builder/test/ai_generated/stylegan3_03104.png
data_sources/ai_generated/StyleGAN/stylegan3_03109.png,data_sources/ai_generated/StyleGAN,ai_generated,1024,1024,1.0,JPEG,127952,92972d8d00736feb05f86e654e447fe9,801db093ef1858fa9d7c30b571b83c4e57cbe7b3e77c327ed10b2d081409d3a2,1.0,aa14f5167268cacf,ok,482.1920464682006,True,True,cluster_00403,test,/home/dheirav/Code/Deepfake_Detection/deepfake-project/dataset_builder/test/ai_generated/stylegan3_03109.png
data_sources/ai_generated/StyleGAN/stylegan3_03121.png,data_sources/ai_generated/StyleGAN,ai_generated,1024,1024,1.0,JPEG,126793,31001338005e4b8a699ad044043371ef,88b6ee358447097451a2095b56fa42285d0b176464e1ce5606bb2f05e2e0fe14,1.0,df07a4a7277892c8,ok,208.72917354886522,True,True,cluster_00440,test,/home/dheirav/Code/Deepfake_Detection/deepfake-project/dataset_builder/test/ai_generated/stylegan3_03121.png
data_sources/ai_generated/StyleGAN/stylegan3_03127.png,data_sources/ai_generated/StyleGAN,ai_generated,1024,1024,1.0,JPEG,115433,2bb7706a6b2b83c171302d0e3e41a811,d67f86f001238185c9e64ee378ebe2cb9d8fc562ce304fe235f3b4b318b98440,1.0,9156aa13fd09df88,ok,150.8659855385631,True,True,cluster_00965,test,/home/dheirav/Code/Deepfake_Detection/deepfake-project/dataset_builder/test/ai_generated/stylegan3_03127.png
data_sources/ai_generated/StyleGAN/stylegan3_03128.png,data_sources/ai_generated/StyleGAN,ai_generated,1024,1024,1.0,JPEG,104313,4ef344ea892c767ea6cafb96d8048cc9,a80da1b69a1da70adcd03579159aa1388437f6b4e3f96f50bbcadf6e6457ae14,1.0,aaf82535f025d68d,ok,243.500336478085,True,True,cluster_01618,test,/home/dheirav/Code/Deepfake_Detection/deepfake-project/dataset_builder/test/ai_generated/stylegan3_03128.png
data_sources/ai_generated/StyleGAN/stylegan3_03130.png,data_sources/ai_generated/StyleGAN,ai_generated,1024,1024,1.0,JPEG,115500,ce78bbb65e13caca27e7b7503b61872b,fe1378793e601ea19751849181a10b49ed40c4dc6b61c96e275f50895474f1e3,1.0,94f281d6cb4a2bd9,ok,289.25571344411213,True,True,cluster_00961,test,/home/dheirav/Code/Deepfake_Detection/deepfake-project/dataset_builder/test/ai_generated/stylegan3_03130.png
data_sources/ai_generated/StyleGAN/stylegan3_03133.png,data_sources/ai_generated/StyleGAN,ai_generated,1024,1024,1.0,JPEG,127785,85867efd7c8a973d2c7c4a0225a8a181,b7187e5cd8fd4b49453989c3ffbc97105bda0d72e4870020dd742318bf8103dd,1.0,926f6325a562d54b,ok,99.2930678207158,True,True,cluster_00410,test,/home/dheirav/Code/Deepfake_Detection/deepfake-project/dataset_builder/test/ai_generated/stylegan3_03133.png
data_sources/ai_generated/StyleGAN/stylegan3_03145.png,data_sources/ai_generated/StyleGAN,ai_generated,1024,1024,1.0,JPEG,106199,3fb2f40143b09412a4b9cb1503f42fbd,8a445312ac2627e965624aca029aa2f190e7fe27898b2a4eb38cb433a7d4a4d5,1.0,a0cb97c61e7413c7,ok,93.19642495723292,True,True,cluster_01505,test,/home/dheirav/Code/Deepfake_Detection/deepfake-project/dataset_builder/test/ai_generated/stylegan3_03145.png
data_sources/ai_generated/StyleGAN/stylegan3_03154.png,data_sources/ai_generated/StyleGAN,ai_generated,1024,1024,1.0,JPEG,106442,c2fd70c50438be34819f378894e13960,286cd7a04111cae65d816f9a9f2b627ce5249859ce03bb79dfc1d3b57e7e77f9,1.0,97d546d2272a568b,ok,314.43481912185143,True,True,cluster_01496,test,/home/dheirav/Code/Deepfake_Detection/deepfake-project/dataset_builder/test/ai_generated/stylegan3_03154.png
data_sources/ai_generated/StyleGAN/stylegan3_03166.png,data_sources/ai_generated/StyleGAN,ai_generated,1024,1024,1.0,JPEG,104287,e82607616b9fe871734eb5f6ff12c5a0,a4d59f690edf5fc0171e9cbb7c1fd7c3fd5014b42e6657bc85c0a5b3b69fb07f,1.0,c51eb2d9e980ccce,ok,107.71419044860158,True,True,cluster_01619,test,/home/dheirav/Code/Deepfake_Detection/deepfake-project/dataset_builder/test/ai_generated/stylegan3_03166.png
data_sources/ai_generated/StyleGAN/stylegan3_03167.png,data_sources/ai_generated/StyleGAN,ai_generated,1024,1024,1.0,JPEG,159754,af8fa82ac8ab3dec27b3a8aac624469e,840f03649b8338dcde666c38e5aeb18320288f5e0067a642e77d745bdefe0411,1.0,fca1f08ed974c390,ok,314.9675950725495,True,True,cluster_00025,test,/home/dheirav/Code/Deepfake_Detection/deepfake-project/dataset_builder/test/ai_generated/stylegan3_03167.png
data_sources/ai_generated/StyleGAN/stylegan3_03179.png,data_sources/ai_generated/StyleGAN,ai_generated,1024,1024,1.0,JPEG,107669,a4ed10222977cc1009991d9a703c57af,f659a298c880253c75a902c8150d31f31b7814d8a1e7c7dbb97b25f0c20b89f0,1.0,ad3f72f07030d389,ok,159.35608016900005,True,True,cluster_01412,test,/home/dheirav/Code/Deepfake_Detection/deepfake-project/dataset_builder/test/ai_generated/stylegan3_03179.png
data_sources/ai_generated/StyleGAN/stylegan3_03180.png,data_sources/ai_generated/StyleGAN,ai_generated,1024,1024,1.0,JPEG,139235,a252ba269ceb2b575b07ba61d9d6a6ac,5efd834385fcb24eeeef57cfbd7fdb49ef41e5ba810bb0728035e68eaf947d7e,1.0,e8e8a595969a9cd8,ok,183.49289884906827,True,True,cluster_00160,test,/home/dheirav/Code/Deepfake_Detection/deepfake-project/dataset_builder/test/ai_generated/stylegan3_03180.png
data_sources/ai_generated/StyleGAN/stylegan3_03182.png,data_sources/ai_generated/StyleGAN,ai_generated,1024,1024,1.0,JPEG,97895,b7366f922959be3be1f4972f1cfd17a1,82acbe720fb57897ff3e981f2cfed5b348716324857a04db9b54ada2cc540318,1.0,ee1a85a7e1589c4e,ok,191.02941557133357,True,True,cluster_01940,test,/home/dheirav/Code/Deepfake_Detection/deepfake-project/dataset_builder/test/ai_generated/stylegan3_03182.png
data_sources/ai_generated/StyleGAN/stylegan3_03183.png,data_sources/ai_generated/StyleGAN,ai_generated,1024,1024,1.0,JPEG,101734,2127648745b15e02a60d241d5c6e984c,eb8d3ed2b7c407b970a6e20e3fad8e2a16999d8a2bd4b75b9579875385fcc7ea,1.0,bd387cf0c49893d2,ok,96.83732599885025,True,True,cluster_01756,test,/home/dheirav/Code/Deepfake_Detection/deepfake-project/dataset_builder/test/ai_generated/stylegan3_03183.png
data_sources/ai_generated/StyleGAN/stylegan3_03190.png,data_sources/ai_generated/StyleGAN,ai_generated,1024,1024,1.0,JPEG,122705,650b9966bacab6b5a86a58c0d1b9ba36,2f978e15e2d5fd5763029c51491468957e22cbb286e81053f83074202315bd44,1.0,c11f9f14057cbcd8,ok,166.65935485729912,True,True,cluster_00596,test,/home/dheirav/Code/Deepfake_Detection/deepfake-project/dataset_builder/test/ai_generated/stylegan3_03190.png
data_sources/ai_generated/StyleGAN/stylegan3_03195.png,data_sources/ai_generated/StyleGAN,ai_generated,1024,1024,1.0,JPEG,123117,8ef4caf0c97d97627797ba870c21e3fd,9c03e8fbc2690760600d3653d22c4854241939e54095b6753144b5a65452892b,1.0,cb157fb2700982cf,ok,109.07422694191337,True,True,cluster_00581,test,/home/dheirav/Code/Deepfake_Detection/deepfake-project/dataset_builder/test/ai_generated/stylegan3_03195.png
data_sources/ai_generated/StyleGAN/stylegan3_03201.png,data_sources/ai_generated/StyleGAN,ai_generated,1024,1024,1.0,JPEG,103485,40c413b8fd6f7ae3798832a5034ca9ea,e986ab9fbf57260fc320f8c4064e9c3f6e8b8728dc086657a915ceb16e4dc6c2,1.0,8a1a76b0b23353db,ok,127.21291683993238,True,True,cluster_01667,test,/home/dheirav/Code/Deepfake_Detection/deepfake-project/dataset_builder/test/ai_generated/stylegan3_03201.png
data_sources/ai_generated/StyleGAN/stylegan3_03203.png,data_sources/ai_generated/StyleGAN,ai_generated,1024,1024,1.0,JPEG,112121,540b65be130ec47e022009b01f63a489,d00f15e4e812f39fabaedf4faed7dcdbf92c3997799c2d2ced5ff4aef15a9baf,1.0,afb4d482ca8aca8f,ok,105.8401751752308,True,True,cluster_01161,test,/home/dheirav/Code/Deepfake_Detection/deepfake-project/dataset_builder/test/ai_generated/stylegan3_03203.png
data_sources/ai_generated/StyleGAN/stylegan3_03211.png,data_sources/ai_generated/StyleGAN,ai_generated,1024,1024,1.0,JPEG,137490,5af92b330e806a1188ff641406e873f1,69c91d1b6f0d218a804464df462ebf87027cb8fae7a973a7e5d217919d86101e,1.0,ba2eae2a6470c7d2,ok,293.3452230337415,True,True,cluster_00183,test,/home/dheirav/Code/Deepfake_Detection/deepfake-project/dataset_builder/test/ai_generated/stylegan3_03211.png
data_sources/ai_generated/StyleGAN/stylegan3_03227.png,data_sources/ai_generated/StyleGAN,ai_generated,1024,1024,1.0,JPEG,106158,eed3514dfdeaadb11929f38ea7cf22f6,bd2248854010f26de689832d8ed01ef38a53b45e4311b8ed853517e4acda28cb,1.0,cb1d7d347431b283,ok,83.78479083458568,True,True,cluster_01511,test,/home/dheirav/Code/Deepfake_Detection/deepfake-project/dataset_builder/test/ai_generated/stylegan3_03227.png
data_sources/ai_generated/StyleGAN/stylegan3_03247.png,data_sources/ai_generated/StyleGAN,ai_generated,1024,1024,1.0,JPEG,120291,6f565cf9e474a43464d7ca305b9809b8,7d5877e8dac8abbd2254b5d3bfa9fe034a3d7883903bff6a8cb2848119c5f795,1.0,f85c75e1a5759092,ok,253.19045735760938,True,True,cluster_00732,test,/home/dheirav/Code/Deepfake_Detection/deepfake-project/dataset_builder/test/ai_generated/stylegan3_03247.png
data_sources/ai_generated/StyleGAN/stylegan3_03255.png,data_sources/ai_generated/StyleGAN,ai_generated,1024,1024,1.0,JPEG,106952,da14fc26687f6a8ea7fa7bd3bb9f99de,af109f87b4554b583f3dfe8fcbadafec1bf9f44947253abfba59dcea96e9c3e4,1.0,f8ceab92a905f5c0,ok,100.87727311646086,True,True,cluster_01456,test,/home/dheirav/Code/Deepfake_Detection/deepfake-project/dataset_builder/test/ai_generated/stylegan3_03255.png
data_sources/ai_generated/StyleGAN/stylegan3_03257.png,data_sources/ai_generated/StyleGAN,ai_generated,1024,1024,1.0,JPEG,100992,df5d4c26875e6a37b1915c9025a2b72f,8c2c3d92d0a66917c884f35c91790c85add35ae319f173081fde9cbce1a917af,1.0,980f6be5263cf8c1,ok,137.7636421818306,True,True,cluster_01797,test,/home/dheirav/Code/Deepfake_Detection/deepfake-project/dataset_builder/test/ai_generated/stylegan3_03257.png
data_sources/ai_generated/StyleGAN/stylegan3_03258.png,data_sources/ai_generated/StyleGAN,ai_generated,1024,1024,1.0,JPEG,117027,542a55a8293c3a017e7c43063372517f,42c237d90d8f8d49a6bd01f023bbf58410d8cffcd7615b53f1a42c201045a8d0,1.0,e0e6f48e989980fd,ok,114.61813328944481,True,True,cluster_00896,test,/home/dheirav/Code/Deepfake_Detection/deepfake-project/dataset_builder/test/ai_generated/stylegan3_03258.png
data_sources/ai_generated/StyleGAN/stylegan3_03262.png,data_sources/ai_generated/StyleGAN,ai_generated,1024,1024,1.0,JPEG,119419,eb63ef0cd8c453450932677bb4ae19bd,1968b777dd24724d5ad6412c4a162f9acd07432ac419bcf8fb9bf4846d325262,1.0,cfe9a5c39708905e,ok,101.2354544374939,True,True,cluster_00771,test,/home/dheirav/Code/Deepfake_Detection/deepfake-project/dataset_builder/test/ai_generated/stylegan3_03262.png
data_sources/ai_generated/StyleGAN/stylegan3_03269.png,data_sources/ai_generated/StyleGAN,ai_generated,1024,1024,1.0,JPEG,107566,2a38f4e004b332eead0d2c05ecbe68f7,18509da3424ad63b7b71fc9cb2d30db1b3d229587404aeb77bd586191832007b,1.0,cf5262937039ab8d,ok,131.90035428871852,True,True,cluster_01418,test,/home/dheirav/Code/Deepfake_Detection/deepfake-project/dataset_builder/test/ai_generated/stylegan3_03269.png
data_sources/ai_generated/StyleGAN/stylegan3_03276.png,data_sources/ai_generated/StyleGAN,ai_generated,1024,1024,1.0,JPEG,97645,fca7ba3175b97c63d6ccc0a3bf964eaf,255fd91635762c3a8d73372d31d9c738acd79607be34ebf0ada2c4176337a5d9,1.0,98cf2ba525e4968e,ok,82.37521929614013,True,True,cluster_01951,test,/home/dheirav/Code/Deepfake_Detection/deepfake-project/dataset_builder/test/ai_generated/stylegan3_03276.png
data_sources/ai_generated/StyleGAN/stylegan3_03298.png,data_sources/ai_generated/StyleGAN,ai_generated,1024,1024,1.0,JPEG,106942,6834cc7bb8547196290f88ecb5432012,e076a2ebede714f42e79d5c389afae26977bff627500a62d84c334d68b81f69c,1.0,9f6861676462969b,ok,82.69046876338598,True,True,cluster_01459,test,/home/dheirav/Code/Deepfake_Detection/deepfake-project/dataset_builder/test/ai_generated/stylegan3_03298.png
data_sources/ai_generated/StyleGAN/stylegan3_03301.png,data_sources/ai_generated/StyleGAN,ai_generated,1024,1024,1.0,JPEG,113749,82609d52808becfc215a68efb8c77b43,56c1a088b38aa0cbea4f33dd3394316f4f279716515178136dfc91512ec8b20d,1.0,ecb936c4d14a0b3e,ok,103.3876491728588,True,True,cluster_01067,test,/home/dheirav/Code/Deepfake_Detection/deepfake-project/dataset_builder/test/ai_generated/stylegan3_03301.png
data_sources/ai_generated/StyleGAN/stylegan3_03303.png,data_sources/ai_generated/StyleGAN,ai_generated,1024,1024,1.0,JPEG,119490,77efccf7dd40bb78918e8cee9e1574ad,2fa05c2dd5215bad0877cdb64b0771a292da31565c993958542d2135950b0a81,1.0,cb4bb44379214acf,ok,318.00121019410915,True,True,cluster_00770,test,/home/dheirav/Code/Deepfake_Detection/deepfake-project/dataset_builder/test/ai_generated/stylegan3_03303.png
data_sources/ai_generated/StyleGAN/stylegan3_03309.png,data_sources/ai_generated/StyleGAN,ai_generated,1024,1024,1.0,JPEG,103257,a6d09cd6807908db5202e08c4435c2bd,0d0f7660eed1f6635c5f623bae9adaf814d990760dab909e89d424980f39fe4f,1.0,c7c36cc33d38839c,ok,111.62442326453217,True,True,cluster_01682,test,/home/dheirav/Code/Deepfake_Detection/deepfake-project/dataset_builder/test/ai_generated/stylegan3_03309.png
data_sources/ai_generated/StyleGAN/stylegan3_03318.png,data_sources/ai_generated/StyleGAN,ai_generated,1024,1024,1.0,JPEG,122012,d917297d77d1662681029308aef4a7d2,6fc55656b46aa378f8e5d6daf632030f50d4226a2ec43ca3cddb79114b65658f,1.0,8fa574a0624ba7cb,ok,177.81923528220702,True,True,cluster_00640,test,/home/dheirav/Code/Deepfake_Detection/deepfake-project/dataset_builder/test/ai_generated/stylegan3_03318.png
data_sources/ai_generated/StyleGAN/stylegan3_03324.png,data_sources/ai_generated/StyleGAN,ai_generated,1024,1024,1.0,JPEG,137271,c5885452a8a9fcd9c7a8623e365853d3,f7ca3081e8fef5744514fb0ee8255c647fb4a77f24fcaac77f03870e27cd0a6a,1.0,bff84192c19ec29a,ok,242.40025244368007,True,True,cluster_00188,test,/home/dheirav/Code/Deepfake_Detection/deepfake-project/dataset_builder/test/ai_generated/stylegan3_03324.png
data_sources/ai_generated/StyleGAN/stylegan3_03325.png,data_sources/ai_generated/StyleGAN,ai_generated,1024,1024,1.0,JPEG,105574,3eae3f579653af9b10999bc6a3d627ee,570bf21c4b2de592555a1d2664a24efb844863c5e9b369c670e810b7fb49dccc,1.0,8c40b4e367339e9e,ok,216.4005202830558,True,True,cluster_01546,test,/home/dheirav/Code/Deepfake_Detection/deepfake-project/dataset_builder/test/ai_generated/stylegan3_03325.png
data_sources/ai_generated/StyleGAN/stylegan3_03336.png,data_sources/ai_generated/StyleGAN,ai_generated,1024,1024,1.0,JPEG,115075,525bcb51e1d0ced05fa955273b8b419c,60bd9eea476791fb92a14de0277d54da6e2d257f6f846b9a79ef33d2e8a81eca,1.0,bd7150f0d38b870b,ok,227.39163770472706,True,True,cluster_00980,test,/home/dheirav/Code/Deepfake_Detection/deepfake-project/dataset_builder/test/ai_generated/stylegan3_03336.png
data_sources/ai_generated/StyleGAN/stylegan3_03339.png,data_sources/ai_generated/StyleGAN,ai_generated,1024,1024,1.0,JPEG,107940,363742a47ad9d03878dcda1c41690cb8,c58cb7adf6995a1cdeb7495ae84fe9f8a6b22d61a6698cb93032739f56bd3854,1.0,95b8bdd46880ced6,ok,86.65746803493585,True,True,cluster_01391,test,/home/dheirav/Code/Deepfake_Detection/deepfake-project/dataset_builder/test/ai_generated/stylegan3_03339.png
data_sources/ai_generated/StyleGAN/stylegan3_03343.png,data_sources/ai_generated/StyleGAN,ai_generated,1024,1024,1.0,JPEG,123206,43e2de76fa92d061075e73faaf9772af,fc040fc0e708a61d33fd8033c4ace7fdac176631e7f851e009a6acaeaf5b77c7,1.0,eae18197ad74948e,ok,326.2373638153076,True,True,cluster_00576,test,/home/dheirav/Code/Deepfake_Detection/deepfake-project/dataset_builder/test/ai_generated/stylegan3_03343.png
data_sources/ai_generated/StyleGAN/stylegan3_03344.png,data_sources/ai_generated/StyleGAN,ai_generated,1024,1024,1.0,JPEG,108063,55d41d0dbb1a38537ea38ede9a56c1f5,467683ff01fc606c999a816151f2491d3896b93c583ed26263edd34c20321a65,1.0,abb6f4874b2152b8,ok,133.32626901566982,True,True,cluster_01385,test,/home/dheirav/Code/Deepfake_Detection/deepfake-project/dataset_builder/test/ai_generated/stylegan3_03344.png
data_sources/ai_generated/StyleGAN/stylegan3_03355.png,data_sources/ai_generated/StyleGAN,ai_generated,1024,1024,1.0,JPEG,105017,cc86b0883c6fef4467c4e6004085539b,ab00a170064630510167bcaf2673cd20025636fbff9607d76d648391f029da25,1.0,8a6830a575fdc2cd,ok,139.8850915104813,True,True,cluster_01582,test,/home/dheirav/Code/Deepfake_Detection/deepfake-project/dataset_builder/test/ai_generated/stylegan3_03355.png
data_sources/ai_generated/StyleGAN/stylegan3_03356.png,data_sources/ai_generated/StyleGAN,ai_generated,1024,1024,1.0,JPEG,103347,94ff0d2f0869d3ef64077e480c5e660c,152c7e568f9d71ead2007d451e3d505ebef6333c3bac2d18fa4e26164c075bb4,1.0,9b126477c570cbd2,ok,109.69434252638072,True,True,cluster_01673,test,/home/dheirav/Code/Deepfake_Detection/deepfake-project/dataset_builder/test/ai_generated/stylegan3_03356.png
data_sources/ai_generated/StyleGAN/stylegan3_03358.png,data_sources/ai_generated/StyleGAN,ai_generated,1024,1024,1.0,JPEG,156957,e49c969edc8574f3b51bdf64a9d8d830,ff7083afadb780c4ed4bf301f7da7d2f9a0c3661dbaa53de5d405e5b43a9d8a5,1.0,8a5774a88775879a,ok,184.24137382419485,True,True,cluster_00039,test,/home/dheirav/Code/Deepfake_Detection/deepfake-project/dataset_builder/test/ai_generated/stylegan3_03358.png
data_sources/ai_generated/StyleGAN/stylegan3_03368.png,data_sources/ai_generated/StyleGAN,ai_generated,1024,1024,1.0,JPEG,118407,dd6db5f77bc9fd3554665387fa519657,285a8220a56ea5fa2b70e3c6ef23270a23b0c87764bf3e4a7536f09b50d83a35,1.0,c7de6a21a171839d,ok,196.35822204511715,True,True,cluster_00828,test,/home/dheirav/Code/Deepfake_Detection/deepfake-project/dataset_builder/test/ai_generated/stylegan3_03368.png
data_sources/ai_generated/StyleGAN/stylegan3_03376.png,data_sources/ai_generated/StyleGAN,ai_generated,1024,1024,1.0,JPEG,155557,0f8b591e1eed4d57bd7edcd600b042a2,205f0058bb973435d0e134b9db116ed36463ee87d7c8ca92a035ada525741644,1.0,a00bf5c5ceb5ca94,ok,674.9034679167223,True,True,cluster_00043,test,/home/dheirav/Code/Deepfake_Detection/deepfake-project/dataset_builder/test/ai_generated/stylegan3_03376.png
data_sources/ai_generated/StyleGAN/stylegan3_03379.png,data_sources/ai_generated/StyleGAN,ai_generated,1024,1024,1.0,JPEG,117635,c2f6728de8964121b294b519fb9f1adb,9c78085d35f9ce8a5124cbf01b91bbe0a4334f6eec35b09499dd44b7d0250afe,1.0,c1f29fb4b9a4228d,ok,105.33157118759118,True,True,cluster_00855,test,/home/dheirav/Code/Deepfake_Detection/deepfake-project/dataset_builder/test/ai_generated/stylegan3_03379.png
data_sources/ai_generated/StyleGAN/stylegan3_03380.png,data_sources/ai_generated/StyleGAN,ai_generated,1024,1024,1.0,JPEG,124424,f2717d96edc3b71733faaa22dd54328d,a8552cac0d55af277947a4996dbb7a826581e64a74f308346ebffae96b64c065,1.0,dc7861276f401faa,ok,83.84056671354392,True,True,cluster_00526,test,/home/dheirav/Code/Deepfake_Detection/deepfake-project/dataset_builder/test/ai_generated/stylegan3_03380.png
data_sources/ai_generated/StyleGAN/stylegan3_03387.png,data_sources/ai_generated/StyleGAN,ai_generated,1024,1024,1.0,JPEG,98358,e21f180f865dbb12fc0164bb5215eed5,3e5320c732ae3a719d8c07a80c29960572a9a20706e018857891438f535686b1,1.0,c31c1fc63974f0c9,ok,148.94658175920537,True,True,cluster_01922,test,/home/dheirav/Code/Deepfake_Detection/deepfake-project/dataset_builder/test/ai_generated/stylegan3_03387.png
data_sources/ai_generated/StyleGAN/stylegan3_03391.png,data_sources/ai_generated/StyleGAN,ai_generated,1024,1024,1.0,JPEG,128134,038a4c77e9107913729489a9401f3f02,83aae605829b926580f4fc8c61d717c215c2942b32775c7755ea03ba43810d0c,1.0,ceb8205a725557cd,ok,161.75229917393517,True,True,cluster_00402,test,/home/dheirav/Code/Deepfake_Detection/deepfake-project/dataset_builder/test/ai_generated/stylegan3_03391.png
data_sources/ai_generated/StyleGAN/stylegan3_03400.png,data_sources/ai_generated/StyleGAN,ai_generated,1024,1024,1.0,JPEG,131148,e65410de47269bba3b28e8e7bdaae874,b1edcbf294543890feac07181334ed99fe07288704393b788a7e3bd8a74e3d11,1.0,cf112a76717c524b,ok,255.1480998898296,True,True,cluster_00316,test,/home/dheirav/Code/Deepfake_Detection/deepfake-project/dataset_builder/test/ai_generated/stylegan3_03400.png
data_sources/ai_generated/StyleGAN/stylegan3_03404.png,data_sources/ai_generated/StyleGAN,ai_generated,1024,1024,1.0,JPEG,102859,49169a9a090118252f7c0846de0c3b75,e04552ff36b010c6512b6450415f1326702ef6d979229eb1ef1910182db6eda6,1.0,ab29e5da8685da07,ok,126.61698950604477,True,True,cluster_01708,test,/home/dheirav/Code/Deepfake_Detection/deepfake-project/dataset_builder/test/ai_generated/stylegan3_03404.png
data_sources/ai_generated/StyleGAN/stylegan3_03408.png,data_sources/ai_generated/StyleGAN,ai_generated,1024,1024,1.0,JPEG,110635,a668da560ff26511bf2ac297d6b61f6d,1b566a5be4e9d3225ab132811dad750b7d89fcdae8c637b2888d9d2cc4fb1e19,1.0,986c27522e73d6c9,ok,136.23034570582146,True,True,cluster_01257,test,/home/dheirav/Code/Deepfake_Detection/deepfake-project/dataset_builder/test/ai_generated/stylegan3_03408.png
data_sources/ai_generated/StyleGAN/stylegan3_03426.png,data_sources/ai_generated/StyleGAN,ai_generated,1024,1024,1.0,JPEG,108170,a77d26cc64abc51ce4b601a3e6697599,2c52c6f11958b589504658042fe36d69cbb1380e3b3d888d869f5a809c8e8445,1.0,b1526b4b64675699,ok,148.06819364773307,True,True,cluster_01377,test,/home/dheirav/Code/Deepfake_Detection/deepfake-project/dataset_builder/test/ai_generated/stylegan3_03426.png
data_sources/ai_generated/StyleGAN/stylegan3_03434.png,data_sources/ai_generated/StyleGAN,ai_generated,1024,1024,1.0,JPEG,136105,0f60eb445a43080d6c1c5ddd04b7b67d,69ccee02e33fedbfaf0a93585e223b969fd76c6154fd412454e8a4598c6c7421,1.0,9ee4017725fe82d8,ok,261.49093367720707,True,True,cluster_00208,test,/home/dheirav/Code/Deepfake_Detection/deepfake-project/dataset_builder/test/ai_generated/stylegan3_03434.png
data_sources/ai_generated/StyleGAN/stylegan3_03439.png,data_sources/ai_generated/StyleGAN,ai_generated,1024,1024,1.0,JPEG,119262,692564d86b45b64ffcdd309dd448005c,5f4f82fae75142665d4b24ddfea06fba6504957c3be73eede1f644c44f3a8f8f,1.0,88f5a082d30fdfcc,ok,249.82185966683656,True,True,cluster_00783,test,/home/dheirav/Code/Deepfake_Detection/deepfake-project/dataset_builder/test/ai_generated/stylegan3_03439.png
data_sources/ai_generated/StyleGAN/stylegan3_03440.png,data_sources/ai_generated/StyleGAN,ai_generated,1024,1024,1.0,JPEG,104639,e7ab85a64544be7279ca64f20af73d71,d89f3408429fd492f7aad0a0bbe142c7f0678518514ea3247ab89b48979dd4ff,1.0,ca232e37f85192d3,ok,138.79715631532508,True,True,cluster_01597,test,/home/dheirav/Code/Deepfake_Detection/deepfake-project/dataset_builder/test/ai_generated/stylegan3_03440.png
data_sources/ai_generated/StyleGAN/stylegan3_03462.png,data_sources/ai_generated/StyleGAN,ai_generated,1024,1024,1.0,JPEG,119714,30a3bc3380f5dd542859143404e5817d,90c756b456a20eb80efa15b3e4c47a9df15a14f31fae2945ff99545a2efcdb49,1.0,bee261672666ce88,ok,132.09459902429717,True,True,cluster_00760,test,/home/dheirav/Code/Deepfake_Detection/deepfake-project/dataset_builder/test/ai_generated/stylegan3_03462.png
data_sources/ai_generated/StyleGAN/stylegan3_03463.png,data_sources/ai_generated/StyleGAN,ai_generated,1024,1024,1.0,JPEG,126038,7d996d5cf7fb028feae231d50c066643,ca39f130cbdcc6e5c6ee50ad4cead0b2b67f5ba1eeae2d1dbe9344b082b9ec2a,1.0,ebaa7af2a540c28e,ok,195.90764711955757,True,True,cluster_00464,test,/home/dheirav/Code/Deepfake_Detection/deepfake-project/dataset_builder/test/ai_generated/stylegan3_03463.png
data_sources/ai_generated/StyleGAN/stylegan3_03476.png,data_sources/ai_generated/StyleGAN,ai_generated,1024,1024,1.0,JPEG,115366,c306e3c46e66ca9e00ffb18b43e6f185,d56cd0036ba3c8f17c31c9d758940adda9006ffeea590fada79e57737813fa72,1.0,c6302f35256ac69f,ok,242.73642253125487,True,True,cluster_00972,test,/home/dheirav/Code/Deepfake_Detection/deepfake-project/dataset_builder/test/ai_generated/stylegan3_03476.png
data_sources/ai_generated/StyleGAN/stylegan3_03479.png,data_sources/ai_generated/StyleGAN,ai_generated,1024,1024,1.0,JPEG,105259,e4c0bc03e03b1bae4361fee17a661436,0366bc8b9dce1e71b0b67b9a764ac3881d797ac311d2010c9be1a7d8c852884c,1.0,f3bacf828c38889b,ok,152.66681203453388,True,True,cluster_01566,test,/home/dheirav/Code/Deepfake_Detection/deepfake-project/dataset_builder/test/ai_generated/stylegan3_03479.png
data_sources/ai_generated/StyleGAN/stylegan3_03484.png,data_sources/ai_generated/StyleGAN,ai_generated,1024,1024,1.0,JPEG,139187,165a49b22f0b18f2191e416690b94340,db85f591708d4e46e43d99dd15297bef4ffe9c88423467777b76888e974c1476,1.0,fc9ea383641e8e89,ok,324.66827406725395,True,True,cluster_00161,test,/home/dheirav/Code/Deepfake_Detection/deepfake-project/dataset_builder/test/ai_generated/stylegan3_03484.png
data_sources/ai_generated/StyleGAN/stylegan3_03485.png,data_sources/ai_generated/StyleGAN,ai_generated,1024,1024,1.0,JPEG,137505,546466448784b7ab7e301cc6fd096014,651af5751d2af1a69083937567ec51bab509369b9f5f794cc4ab611f415643f4,1.0,e0c9de1061b683df,ok,178.83026190374125,True,True,cluster_00181,test,/home/dheirav/Code/Deepfake_Detection/deepfake-project/dataset_builder/test/ai_generated/stylegan3_03485.png
data_sources/ai_generated/StyleGAN/stylegan3_03494.png,data_sources/ai_generated/StyleGAN,ai_generated,1024,1024,1.0,JPEG,114978,27f703f2ee5a878e99183948fd6619ec,acad6c8d84c979c317a263dd67fbe393613e8be25b65cc2c7935f0812e17214c,1.0,863e307233939bcb,ok,172.7159563023951,True,True,cluster_00984,test,/home/dheirav/Code/Deepfake_Detection/deepfake-project/dataset_builder/test/ai_generated/stylegan3_03494.png
data_sources/ai_generated/StyleGAN/stylegan3_03499.png,data_sources/ai_generated/StyleGAN,ai_generated,1024,1024,1.0,JPEG,106148,de00ad96beffe64b826897986aad4b72,49f33adadd1e866569358fa29e80a3c5e60a7b67608900c2bdc89c335d949aeb,1.0,fecfa1f02170c48d,ok,235.1459995062096,True,True,cluster_01512,test,/home/dheirav/Code/Deepfake_Detection/deepfake-project/dataset_builder/test/ai_generated/stylegan3_03499.png
data_sources/ai_generated/StyleGAN/stylegan3_03508.png,data_sources/ai_generated/StyleGAN,ai_generated,1024,1024,1.0,JPEG,125608,bdaa53ff735e7ef65ac3a8cbcc15132a,215b1e94d8949f0978cbb0c9cbaa9fdabed4316dbd55627b8fb7cb019810ea6b,1.0,b4666b88547246df,ok,184.67707247772705,True,True,cluster_00478,test,/home/dheirav/Code/Deepfake_Detection/deepfake-project/dataset_builder/test/ai_generated/stylegan3_03508.png
data_sources/ai_generated/StyleGAN/stylegan3_03516.png,data_sources/ai_generated/StyleGAN,ai_generated,1024,1024,1.0,JPEG,107773,6795ce805403942dfbe21cc7c239fc24,e1b260c98e2c0353256f410e792c79ab5d4aedeaa95278b85b6b1a9557db82f5,1.0,f00771e3e4c70e8b,ok,155.56909610288767,True,True,cluster_01406,test,/home/dheirav/Code/Deepfake_Detection/deepfake-project/dataset_builder/test/ai_generated/stylegan3_03516.png
data_sources/ai_generated/StyleGAN/stylegan3_03527.png,data_sources/ai_generated/StyleGAN,ai_generated,1024,1024,1.0,JPEG,123494,1a5ba060622f597b38647721affbad3d,1863e6a7f9e036cdbe33d3ad5904af0716699ccc8276b673f2fdedd119a6ea15,1.0,9f726485f071d2cc,ok,201.46834651902367,True,True,cluster_00561,test,/home/dheirav/Code/Deepfake_Detection/deepfake-project/dataset_builder/test/ai_generated/stylegan3_03527.png
data_sources/ai_generated/StyleGAN/stylegan3_03532.png,data_sources/ai_generated/StyleGAN,ai_generated,1024,1024,1.0,JPEG,103015,85ba83b0569f3ce38c59d22e1e1c50e1,2de3c0854119b0609ec8c1d5c332cf6d9bdc376e577d77d7ae035121c1055bbb,1.0,cf4134772278df81,ok,118.19303699220472,True,True,cluster_01695,test,/home/dheirav/Code/Deepfake_Detection/deepfake-project/dataset_builder/test/ai_generated/stylegan3_03532.png
data_sources/ai_generated/StyleGAN/stylegan3_03567.png,data_sources/ai_generated/StyleGAN,ai_generated,1024,1024,1.0,JPEG,132001,cefd6ae57658672c7177c5c2f1e33aae,5de5468b61f71708ae1f91ee1476ccaf8f9ce1bcc6e4b16242e6db48dc434f77,1.0,987cf1e4656286da,ok,194.65002281081615,True,True,cluster_00300,test,/home/dheirav/Code/Deepfake_Detection/deepfake-project/dataset_builder/test/ai_generated/stylegan3_03567.png
data_sources/ai_generated/StyleGAN/stylegan3_03578.png,data_sources/ai_generated/StyleGAN,ai_generated,1024,1024,1.0,JPEG,109957,fef9ab1ef53dcac5eaa9995035ad9235,b9a529b8fafafe9c5057969b6f86a6598f615c3a7f22e333757dec5c789b688d,1.0,eae82524676ce2d5,ok,90.88103663030779,True,True,cluster_01292,test,/home/dheirav/Code/Deepfake_Detection/deepfake-project/dataset_builder/test/ai_generated/stylegan3_03578.png
data_sources/ai_generated/StyleGAN/stylegan3_03584.png,data_sources/ai_generated/StyleGAN,ai_generated,1024,1024,1.0,JPEG,147355,e2969da157f9a20771224c88f1435b6f,0e9156682b3fba9392c13d4b7b5e5a2abb23db94e9bcee95d2078d83bcce0492,1.0,cd43330d315aed4d,ok,296.4309987341949,True,True,cluster_00084,test,/home/dheirav/Code/Deepfake_Detection/deepfake-project/dataset_builder/test/ai_generated/stylegan3_03584.png
data_sources/ai_generated/StyleGAN/stylegan3_03585.png,data_sources/ai_generated/StyleGAN,ai_generated,1024,1024,1.0,JPEG,136722,9e12dd676117098cb405ad38412fbef3,3495eadcb1dcbbe10c421c52cb78bf13f5f4f2d03cd2d3a3a8799984feee926c,1.0,d73cf21302fc8c72,ok,346.11042478848583,True,True,cluster_00198,test,/home/dheirav/Code/Deepfake_Detection/deepfake-project/dataset_builder/test/ai_generated/stylegan3_03585.png
data_sources/ai_generated/StyleGAN/stylegan3_03602.png,data_sources/ai_generated/StyleGAN,ai_generated,1024,1024,1.0,JPEG,118553,2b266e754efe0754fd46e2e5f270d53b,54ea0b809d3d8c290b329fe9b5831ec18bc3ea4db2150111c22aea53c88db8d9,1.0,97237d16347c4ac9,ok,80.45094658949165,True,True,cluster_00820,test,/home/dheirav/Code/Deepfake_Detection/deepfake-project/dataset_builder/test/ai_generated/stylegan3_03602.png
data_sources/ai_generated/StyleGAN/stylegan3_03606.png,data_sources/ai_generated/StyleGAN,ai_generated,1024,1024,1.0,JPEG,135705,d12ad4df7aa7b8284a11ce190d609275,a62bbddb8f1cb5047ec15d3b0a0cf3ae4f3298148a5a8ec562de2c7f063ed703,1.0,dc0a297a242bfe8b,ok,134.11360613593934,True,True,cluster_00221,test,/home/dheirav/Code/Deepfake_Detection/deepfake-project/dataset_builder/test/ai_generated/stylegan3_03606.png
data_sources/ai_generated/StyleGAN/stylegan3_03609.png,data_sources/ai_generated/StyleGAN,ai_generated,1024,1024,1.0,JPEG,116698,63d840ec942c1e9199f339d17d9442d9,e3d2ca5136850a5eb2be6cfa3eb3b84123c3205807c6e8ff1f9b8cdd19293bdc,1.0,ef21b451926d7685,ok,90.1726079079881,True,True,cluster_00913,test,/home/dheirav/Code/Deepfake_Detection/deepfake-project/dataset_builder/test/ai_generated/stylegan3_03609.png
data_sources/ai_generated/StyleGAN/stylegan3_03619.png,data_sources/ai_generated/StyleGAN,ai_generated,1024,1024,1.0,JPEG,107539,0f33067a4f76265446aa0f63b9fd8d9b,cef7ad4887fea2483b220e771ed5923c3dd18f02b023a5b73c0780cf3a455d7f,1.0,cfb534f0b0c99ec0,ok,133.74622457114947,True,True,cluster_01421,test,/home/dheirav/Code/Deepfake_Detection/deepfake-project/dataset_builder/test/ai_generated/stylegan3_03619.png
data_sources/ai_generated/StyleGAN/stylegan3_03628.png,data_sources/ai_generated/StyleGAN,ai_generated,1024,1024,1.0,JPEG,115616,bb8ac9e7eed2c771ee74a8a8baa6e8cf,f0f2954430fc1c01a1a2a2b5dd9e925a4e542469539fc5e064c30a5fdae849c8,1.0,b0d21fa1052fc39f,ok,104.10729799652108,True,True,cluster_00954,test,/home/dheirav/Code/Deepfake_Detection/deepfake-project/dataset_builder/test/ai_generated/stylegan3_03628.png
data_sources/ai_generated/StyleGAN/stylegan3_03636.png,data_sources/ai_generated/StyleGAN,ai_generated,1024,1024,1.0,JPEG,113777,3dcd14f28a3f1d2c3841ec94a4d77b8e,b9643ed114f5c7f8329a94981dba620466e0c3ac457573b7704edc6087fd6e80,1.0,9a0b1efd7d2d2023,ok,121.10609789792215,True,True,cluster_01066,test,/home/dheirav/Code/Deepfake_Detection/deepfake-project/dataset_builder/test/ai_generated/stylegan3_03636.png
data_sources/ai_generated/StyleGAN/stylegan3_03639.png,data_sources/ai_generated/StyleGAN,ai_generated,1024,1024,1.0,JPEG,105929,473c01f6e03bdcbc92517ad3d4a58788,813eb9cc6278a1b3ccc4513cf1e3c2fbfcdd4e5b4fa22f2b37d54574ef68f50a,1.0,da3565e6d4589991,ok,189.06431395824984,True,True,cluster_01522,test,/home/dheirav/Code/Deepfake_Detection/deepfake-project/dataset_builder/test/ai_generated/stylegan3_03639.png
data_sources/ai_generated/StyleGAN/stylegan3_03650.png,data_sources/ai_generated/StyleGAN,ai_generated,1024,1024,1.0,JPEG,100432,cc7078146c174b1962d28b2896b5eb96,5037701de7d4159a48f86246a1382f33c81673b1a746589cd199e3503b59c8e8,1.0,893474b6e2b0de8b,ok,152.30055384250227,True,True,cluster_01832,test,/home/dheirav/Code/Deepfake_Detection/deepfake-project/dataset_builder/test/ai_generated/stylegan3_03650.png
data_sources/ai_generated/StyleGAN/stylegan3_03653.png,data_sources/ai_generated/StyleGAN,ai_generated,1024,1024,1.0,JPEG,107015,a93a8bbebb733a3eb7234bb8eb3e7d99,45f8cd4911d490152026c406a6f2088ed4b481104e37c1e8eb3d0c1020b01f1c,1.0,eafa25e106ed868c,ok,159.84591182604248,True,True,cluster_01452,test,/home/dheirav/Code/Deepfake_Detection/deepfake-project/dataset_builder/test/ai_generated/stylegan3_03653.png
data_sources/ai_generated/StyleGAN/stylegan3_03656.png,data_sources/ai_generated/StyleGAN,ai_generated,1024,1024,1.0,JPEG,107505,a620e33449a785479dc68886475df913,58154e48452110e96e07d9071567752590c35d2710099d74e75972730479cdc3,1.0,abb8f4d2c79a8988,ok,112.08408319615046,True,True,cluster_01422,test,/home/dheirav/Code/Deepfake_Detection/deepfake-project/dataset_builder/test/ai_generated/stylegan3_03656.png
data_sources/ai_generated/StyleGAN/stylegan3_03658.png,data_sources/ai_generated/StyleGAN,ai_generated,1024,1024,1.0,JPEG,127689,ea2100189f52288bcaa6e17bb403ea84,46cf18054a684c52363bbadf2775c7d2744939bf3819bc45c794e089f9e23778,1.0,c08a2f3f25387a9d,ok,199.98085123634883,True,True,cluster_00415,test,/home/dheirav/Code/Deepfake_Detection/deepfake-project/dataset_builder/test/ai_generated/stylegan3_03658.png
data_sources/ai_generated/StyleGAN/stylegan3_03662.png,data_sources/ai_generated/StyleGAN,ai_generated,1024,1024,1.0,JPEG,99570,9081418278b57d133ed59204aedf131b,89b28332f8979cb0c7c2257a05548cd5d4e4c7c998e6ca6e7e9cd3cae3380487,1.0,a0ad3eda7812cf8a,ok,171.7251479139086,True,True,cluster_01876,test,/home/dheirav/Code/Deepfake_Detection/deepfake-project/dataset_builder/test/ai_generated/stylegan3_03662.png
data_sources/ai_generated/StyleGAN/stylegan3_03665.png,data_sources/ai_generated/StyleGAN,ai_generated,1024,1024,1.0,JPEG,111420,9e35180e6fe52be04ea158b803395dad,271602c2e74710527b8b5a9c32e6bb5db39e55bc8c0d7122fdc7f73d6943a4fd,1.0,8fb43eb03033578b,ok,198.61564615796306,True,True,cluster_01211,test,/home/dheirav/Code/Deepfake_Detection/deepfake-project/dataset_builder/test/ai_generated/stylegan3_03665.png
data_sources/ai_generated/StyleGAN/stylegan3_03680.png,data_sources/ai_generated/StyleGAN,ai_generated,1024,1024,1.0,JPEG,120391,d213e946d0ce34239ede596f01304f01,23a45fa79194f31a6fc9f75f91dd85e3b2bb4767b0ea60360b98b604deb836ff,1.0,bf61f286f800d29b,ok,265.2322497236273,True,True,cluster_00719,test,/home/dheirav/Code/Deepfake_Detection/deepfake-project/dataset_builder/test/ai_generated/stylegan3_03680.png
data_sources/ai_generated/StyleGAN/stylegan3_03687.png,data_sources/ai_generated/StyleGAN,ai_generated,1024,1024,1.0,JPEG,120205,fc6295aa7500474b4442d2790ccd4f81,ac7bb35eefc1df78d1e380ba1fa738b0c000941ffcf5f2d06505a6363fb38d4a,1.0,baa1a18fad64a695,ok,705.9167419797159,True,True,cluster_00738,test,/home/dheirav/Code/Deepfake_Detection/deepfake-project/dataset_builder/test/ai_generated/stylegan3_03687.png
data_sources/ai_generated/StyleGAN/stylegan3_03690.png,data_sources/ai_generated/StyleGAN,ai_generated,1024,1024,1.0,JPEG,98291,14c0b815b61ea7f79526991b2078d199,339056f399667c5cac561fa93d3a8ea000b88e4924d03f3108f2a8e9f0ffdbaf,1.0,c612edabcc28999d,ok,180.84809572491116,True,True,cluster_01927,test,/home/dheirav/Code/Deepfake_Detection/deepfake-project/dataset_builder/test/ai_generated/stylegan3_03690.png
data_sources/ai_generated/StyleGAN/stylegan3_03697.png,data_sources/ai_generated/StyleGAN,ai_generated,1024,1024,1.0,JPEG,120373,c8ba037d8208581ff306e2f63e38661b,314ae2d4552619fdc4c50c82ad4e9314bac29405270c6ca8ae00245cc744647f,1.0,cb353ca331cbc38c,ok,116.5029697308164,True,True,cluster_00722,test,/home/dheirav/Code/Deepfake_Detection/deepfake-project/dataset_builder/test/ai_generated/stylegan3_03697.png
data_sources/ai_generated/StyleGAN/stylegan3_03705.png,data_sources/ai_generated/StyleGAN,ai_generated,1024,1024,1.0,JPEG,107268,426b12902849251cd77d1f78562299af,bff8e087a17c936fc14b28a63fab60fb592d71d65c355638c5039155fd55f4ba,1.0,f85e2528626d77a1,ok,114.97986196340935,True,True,cluster_01433,test,/home/dheirav/Code/Deepfake_Detection/deepfake-project/dataset_builder/test/ai_generated/stylegan3_03705.png
data_sources/ai_generated/StyleGAN/stylegan3_03706.png,data_sources/ai_generated/StyleGAN,ai_generated,1024,1024,1.0,JPEG,157633,abd3923404c7972f9837775ed1b37607,5ed95f11ed6c768615d0720152dcb77abd79398183d014c63004d69930db6b38,1.0,99e46b212775c38e,ok,346.4934967921836,True,True,cluster_00033,test,/home/dheirav/Code/Deepfake_Detection/deepfake-project/dataset_builder/test/ai_generated/stylegan3_03706.png
data_sources/ai_generated/StyleGAN/stylegan3_03713.png,data_sources/ai_generated/StyleGAN,ai_generated,1024,1024,1.0,JPEG,108829,6f13931c550a1102f459546f4e41186d,72ecd6dcb652e827204252921c52b48ba29cbdfd9cd1ca8a9569e3ed50119e4d,1.0,c3556ab5027f968c,ok,169.75240029980972,True,True,cluster_01344,test,/home/dheirav/Code/Deepfake_Detection/deepfake-project/dataset_builder/test/ai_generated/stylegan3_03713.png
data_sources/ai_generated/StyleGAN/stylegan3_03714.png,data_sources/ai_generated/StyleGAN,ai_generated,1024,1024,1.0,JPEG,118158,a7b99645251839448c8ff98ae96e3d26,fb6ece3836181c204acc36d0fa57615263fcd6ba0bdac04c8e89d15dede953d5,1.0,b4433aba7b120b9d,ok,154.85063072701357,True,True,cluster_00839,test,/home/dheirav/Code/Deepfake_Detection/deepfake-project/dataset_builder/test/ai_generated/stylegan3_03714.png
data_sources/ai_generated/StyleGAN/stylegan3_03721.png,data_sources/ai_generated/StyleGAN,ai_generated,1024,1024,1.0,JPEG,98555,75048c3492f705809aa08deeb7f8eb96,44feb197da4007bd94f5fbc8cf89633524ad0ad00e8684e9d205578887c3e603,1.0,d0257dc7878d03a7,ok,131.1845497530803,True,True,cluster_01915,test,/home/dheirav/Code/Deepfake_Detection/deepfake-project/dataset_builder/test/ai_generated/stylegan3_03721.png
data_sources/ai_generated/StyleGAN/stylegan3_03722.png,data_sources/ai_generated/StyleGAN,ai_generated,1024,1024,1.0,JPEG,134553,130b7f953302865f6727343b028e75d6,b3d94d0cec75258c2aa120561bd692ebaccb3bc5f76881fbe83e59c430bbb28a,1.0,cafa1e5228f582ce,ok,171.37045410635528,True,True,cluster_00244,test,/home/dheirav/Code/Deepfake_Detection/deepfake-project/dataset_builder/test/ai_generated/stylegan3_03722.png
data_sources/ai_generated/StyleGAN/stylegan3_03725.png,data_sources/ai_generated/StyleGAN,ai_generated,1024,1024,1.0,JPEG,99453,427356ad7b107f06eb02e09845d7c36a,27df90ecd12d2dd4c2e891412d592e59a6f65d719fa330b2b982782cc0c7394b,1.0,94969b9bda486978,ok,86.00250242039328,True,True,cluster_01879,test,/home/dheirav/Code/Deepfake_Detection/deepfake-project/dataset_builder/test/ai_generated/stylegan3_03725.png
data_sources/ai_generated/StyleGAN/stylegan3_03750.png,data_sources/ai_generated/StyleGAN,ai_generated,1024,1024,1.0,JPEG,106863,8e45cd11de0c2321cb32af95eecf1979,e22d0f8ae80708201266f7ec2d84d67b606007836e0d17b1a51cc889bd9c5bca,1.0,f078636369cac58b,ok,93.04339598119259,True,True,cluster_01465,test,/home/dheirav/Code/Deepfake_Detection/deepfake-project/dataset_builder/test/ai_generated/stylegan3_03750.png
data_sources/ai_generated/StyleGAN/stylegan3_03764.png,data_sources/ai_generated/StyleGAN,ai_generated,1024,1024,1.0,JPEG,134762,e7ca77a2597a121f261b12cb57857c33,4bdc1e98729a6dd1572407b076719251471f6953e971d88eb32da63c60e817e4,1.0,e86829b7c48ad5cb,ok,210.6743935204567,True,True,cluster_00239,test,/home/dheirav/Code/Deepfake_Detection/deepfake-project/dataset_builder/test/ai_generated/stylegan3_03764.png
data_sources/ai_generated/StyleGAN/stylegan3_03765.png,data_sources/ai_generated/StyleGAN,ai_generated,1024,1024,1.0,JPEG,102302,a660eb801d3efea9277ce093b220f098,4e5c95335d85d43b5469578a3f26de0a936f21a754c7b54f83b12213b1431936,1.0,f52a02f4639ec89e,ok,107.39505650452338,True,True,cluster_01737,test,/home/dheirav/Code/Deepfake_Detection/deepfake-project/dataset_builder/test/ai_generated/stylegan3_03765.png
data_sources/ai_generated/StyleGAN/stylegan3_03768.png,data_sources/ai_generated/StyleGAN,ai_generated,1024,1024,1.0,JPEG,136802,27ea1dc39a493724611f2ec209d88101,b186310c20bc1ca9ed437d4c52f8c44236152df3aa5500a26e3fac2e51da6c68,1.0,9e566572665ac28b,ok,308.83577797467296,True,True,cluster_00197,test,/home/dheirav/Code/Deepfake_Detection/deepfake-project/dataset_builder/test/ai_generated/stylegan3_03768.png
data_sources/ai_generated/StyleGAN/stylegan3_03772.png,data_sources/ai_generated/StyleGAN,ai_generated,1024,1024,1.0,JPEG,102297,47e5ceb938239afd16b2271c735b2368,4bc61b81fe9abddbc035e48c6effa33bfffac92ca9d5a838d41c70db8a55172e,1.0,96657a47284da5d9,ok,125.56534711969196,True,True,cluster_01738,test,/home/dheirav/Code/Deepfake_Detection/deepfake-project/dataset_builder/test/ai_generated/stylegan3_03772.png
data_sources/ai_generated/StyleGAN/stylegan3_03781.png,data_sources/ai_generated/StyleGAN,ai_generated,1024,1024,1.0,JPEG,129132,3c7b9cbf190f84be954a901d07c4b1cc,dbaa7c8d74a15dc4ce0113907870b847fde150369fea81a613d3679518955954,1.0,dea5b1563438b6d0,ok,281.2673028285561,True,True,cluster_00364,test,/home/dheirav/Code/Deepfake_Detection/deepfake-project/dataset_builder/test/ai_generated/stylegan3_03781.png
data_sources/ai_generated/StyleGAN/stylegan3_03792.png,data_sources/ai_generated/StyleGAN,ai_generated,1024,1024,1.0,JPEG,106971,79fca9988d15eae0c41041b60d8c1c3b,38bf501ee4c6ef3eb066e89183afdd3434dedb810ae82f06fd447d007a719da4,1.0,c34c6c747072f3c3,ok,299.72609151443515,True,True,cluster_01455,test,/home/dheirav/Code/Deepfake_Detection/deepfake-project/dataset_builder/test/ai_generated/stylegan3_03792.png
data_sources/ai_generated/StyleGAN/stylegan3_03793.png,data_sources/ai_generated/StyleGAN,ai_generated,1024,1024,1.0,JPEG,120277,50311891049f0079542fa011d87f1971,e9b002bb55bf097eea77b47c9e70ee7b0a9c5888e15f4e2e290b9e0ceef691f6,1.0,89852fe634e472a7,ok,128.53509616633434,True,True,cluster_00735,test,/home/dheirav/Code/Deepfake_Detection/deepfake-project/dataset_builder/test/ai_generated/stylegan3_03793.png
data_sources/ai_generated/StyleGAN/stylegan3_03795.png,data_sources/ai_generated/StyleGAN,ai_generated,1024,1024,1.0,JPEG,149478,bf45b5f39fbcb9d6c2a090d54df4c8d8,784fbec25c34c979a9b020a4892082c9dd75cf401b5ca1ee9fc9fa8644502a3e,1.0,dfa1f486a09982dd,ok,295.4022164632188,True,True,cluster_00069,test,/home/dheirav/Code/Deepfake_Detection/deepfake-project/dataset_builder/test/ai_generated/stylegan3_03795.png
data_sources/ai_generated/StyleGAN/stylegan3_03802.png,data_sources/ai_generated/StyleGAN,ai_generated,1024,1024,1.0,JPEG,96924,5f9058535fc6e32bfb831a2e0dd81af9,a5de7a1fd0ca9240524d7774176afbdce3c7ede94603ada1396c4db059f9329b,1.0,bae952e1612dc18f,ok,205.4190864177035,True,True,cluster_01980,test,/home/dheirav/Code/Deepfake_Detection/deepfake-project/dataset_builder/test/ai_generated/stylegan3_03802.png
data_sources/ai_generated/StyleGAN/stylegan3_03803.png,data_sources/ai_generated/StyleGAN,ai_generated,1024,1024,1.0,JPEG,112086,d774840aed202450ebbc3403f8d2688f,4d42c5fb14c512a9a8f9a4be13ef524f57eb811d3d47a30e26b46831768bf024,1.0,8db53692323adb98,ok,113.49649998708628,True,True,cluster_01163,test,/home/dheirav/Code/Deepfake_Detection/deepfake-project/dataset_builder/test/ai_generated/stylegan3_03803.png
data_sources/ai_generated/StyleGAN/stylegan3_03808.png,data_sources/ai_generated/StyleGAN,ai_generated,1024,1024,1.0,JPEG,103009,a5e3b8af761c8075814225c7edb7320c,3ee408a334a24a5682a57a273f98377fad0e2eced1643281ec738d34e51f62c0,1.0,cb7c3472b24b83ca,ok,90.85059307422489,True,True,cluster_01696,test,/home/dheirav/Code/Deepfake_Detection/deepfake-project/dataset_builder/test/ai_generated/stylegan3_03808.png
data_sources/ai_generated/StyleGAN/stylegan3_03812.png,data_sources/ai_generated/StyleGAN,ai_generated,1024,1024,1.0,JPEG,140620,c61bf274287bba12967cc02483e4f6ef,63d2fa8e48988da90b6d16a3601fae5ab2c5b05e044fb81f642a9e56224f1b9c,1.0,8a84ab6d713b52d6,ok,556.1137330320116,True,True,cluster_00138,test,/home/dheirav/Code/Deepfake_Detection/deepfake-project/dataset_builder/test/ai_generated/stylegan3_03812.png
data_sources/ai_generated/StyleGAN/stylegan3_03825.png,data_sources/ai_generated/StyleGAN,ai_generated,1024,1024,1.0,JPEG,108694,b472407be3fec56e42e823db891f161d,a8e209f6395ea769e78cb0d929453ad9f02da60b3262b4520c721adbbf1d2d4a,1.0,dd6ba5c220cf9a89,ok,96.08390227273048,True,True,cluster_01353,test,/home/dheirav/Code/Deepfake_Detection/deepfake-project/dataset_builder/test/ai_generated/stylegan3_03825.png
data_sources/ai_generated/StyleGAN/stylegan3_03826.png,data_sources/ai_generated/StyleGAN,ai_generated,1024,1024,1.0,JPEG,109735,246369216239d91cd089e39efb755c2f,bcd892388834f152465c4a74e1843bd0d51162af4984393ec28a820267ddc299,1.0,d5347aafc15083cb,ok,97.91617282462448,True,True,cluster_01304,test,/home/dheirav/Code/Deepfake_Detection/deepfake-project/dataset_builder/test/ai_generated/stylegan3_03826.png
data_sources/ai_generated/StyleGAN/stylegan3_03836.png,data_sources/ai_generated/StyleGAN,ai_generated,1024,1024,1.0,JPEG,115210,f43c95c55f4655ae59116c35f5352975,a8ef57cd29359a52d957b13aeab56c5629381c9c17baaf5b8b9c82280e7116a5,1.0,f8586307646c92df,ok,93.11450767045608,True,True,cluster_00978,test,/home/dheirav/Code/Deepfake_Detection/deepfake-project/dataset_builder/test/ai_generated/stylegan3_03836.png
data_sources/ai_generated/StyleGAN/stylegan3_03841.png,data_sources/ai_generated/StyleGAN,ai_generated,1024,1024,1.0,JPEG,119720,9d62fe5b293361d4b53f1cef9a2124cd,9e0ff3bf62753fc6824fc36ff0ccf8fc38e22652e9f23308b6872c6c13035602,1.0,af157af47230d2d0,ok,163.4570052707486,True,True,cluster_00758,test,/home/dheirav/Code/Deepfake_Detection/deepfake-project/dataset_builder/test/ai_generated/stylegan3_03841.png
data_sources/ai_generated/StyleGAN/stylegan3_03844.png,data_sources/ai_generated/StyleGAN,ai_generated,1024,1024,1.0,JPEG,96407,63198152615069ffcd9387cb07dc0e5c,5a55b031ef9efe376d564a3e0889a0aa34c084270f5b1066947b99a1c9e8e5a3,1.0,d4e0f987b524a68e,ok,96.24063966529411,True,True,cluster_01998,test,/home/dheirav/Code/Deepfake_Detection/deepfake-project/dataset_builder/test/ai_generated/stylegan3_03844.png
data_sources/ai_generated/StyleGAN/stylegan3_03848.png,data_sources/ai_generated/StyleGAN,ai_generated,1024,1024,1.0,JPEG,109931,c396e49e934300ad1e53b9f88c7f605e,b5d532d7bcfe6be60519e37ad91e1a4702c00ebbc4f2b47d225347b2f6f3eb55,1.0,ebaca4e1915783c6,ok,287.46395838382523,True,True,cluster_01294,test,/home/dheirav/Code/Deepfake_Detection/deepfake-project/dataset_builder/test/ai_generated/stylegan3_03848.png
data_sources/ai_generated/StyleGAN/stylegan3_03850.png,data_sources/ai_generated/StyleGAN,ai_generated,1024,1024,1.0,JPEG,97799,7dc7646465bbfc34a96a048c8eed5f3c,96777fd637f03234f4192a2370d363fd7e1c3a392aa0f53cd06cb16398c23c43,1.0,9c5167326235cbce,ok,112.14921610508372,True,True,cluster_01943,test,/home/dheirav/Code/Deepfake_Detection/deepfake-project/dataset_builder/test/ai_generated/stylegan3_03850.png
data_sources/ai_generated/StyleGAN/stylegan3_03852.png,data_sources/ai_generated/StyleGAN,ai_generated,1024,1024,1.0,JPEG,110608,fa881e924ef81a2d867c98e77f71d2ba,930026d52d53e4d7faedd9b86347b5b2edb1058c96d583f62520588b18e95751,1.0,c2c40f780f9f89da,ok,199.23476356625537,True,True,cluster_01258,test,/home/dheirav/Code/Deepfake_Detection/deepfake-project/dataset_builder/test/ai_generated/stylegan3_03852.png
data_sources/ai_generated/StyleGAN/stylegan3_03862.png,data_sources/ai_generated/StyleGAN,ai_generated,1024,1024,1.0,JPEG,141070,2b3cc204fa652c644e7a7e03ff4e314b,f9305b9cccfc459ec95f80746acbfd76cdef9c1a0ece7162e797f835bc2d5c93,1.0,cb34e136f60a86da,ok,136.42190741994636,True,True,cluster_00133,test,/home/dheirav/Code/Deepfake_Detection/deepfake-project/dataset_builder/test/ai_generated/stylegan3_03862.png
data_sources/ai_generated/StyleGAN/stylegan3_03866.png,data_sources/ai_generated/StyleGAN,ai_generated,1024,1024,1.0,JPEG,112897,65020bf1b8ec48d747d88da59272364f,de63b8c0e1c1dc05f0ffa5c430eaebebd6adbad5016880fc7865f5a0ef638267,1.0,8ea9fc3d7014e38a,ok,150.6452347978256,True,True,cluster_01116,test,/home/dheirav/Code/Deepfake_Detection/deepfake-project/dataset_builder/test/ai_generated/stylegan3_03866.png
data_sources/ai_generated/StyleGAN/stylegan3_03870.png,data_sources/ai_generated/StyleGAN,ai_generated,1024,1024,1.0,JPEG,101942,4723632e14559387175646b6202313cf,36abd244832afb03b1640751e805e0adea6fba2c989642dcbc148cdc59d221ca,1.0,d82f3403f6498fd2,ok,117.95924359024139,True,True,cluster_01749,test,/home/dheirav/Code/Deepfake_Detection/deepfake-project/dataset_builder/test/ai_generated/stylegan3_03870.png
data_sources/ai_generated/StyleGAN/stylegan3_03886.png,data_sources/ai_generated/StyleGAN,ai_generated,1024,1024,1.0,JPEG,98432,fd4305f82bf1b7294d8f129eeacb5e9d,80fa800a82e7c437f1f6320d0c6d369cd104776bfaff08cc3cb475b4b850ce7e,1.0,8b7a2d067c98d0db,ok,158.28964078905025,True,True,cluster_01919,test,/home/dheirav/Code/Deepfake_Detection/deepfake-project/dataset_builder/test/ai_generated/stylegan3_03886.png
data_sources/ai_generated/StyleGAN/stylegan3_03888.png,data_sources/ai_generated/StyleGAN,ai_generated,1024,1024,1.0,JPEG,109221,9d1f36d7addccf4008b52c28fbf238f5,3ca35bdd28d137139f3f3c2cd2acfe50f359bbb9fbd8b2e9ce353695fbdff4f7,1.0,e897051a38ffa38c,ok,84.49569105657338,True,True,cluster_01327,test,/home/dheirav/Code/Deepfake_Detection/deepfake-project/dataset_builder/test/ai_generated/stylegan3_03888.png
data_sources/ai_generated/StyleGAN/stylegan3_03902.png,data_sources/ai_generated/StyleGAN,ai_generated,1024,1024,1.0,JPEG,104131,299c3e0484a4ac5d3e7cef1f326f34a0,a0515e6c8f61d4d87c998c702ebc48f6e4eaf0e6d4e21f8802873277992bb426,1.0,ad7c01f6d00bbe92,ok,178.89652797486633,True,True,cluster_01629,test,/home/dheirav/Code/Deepfake_Detection/deepfake-project/dataset_builder/test/ai_generated/stylegan3_03902.png
data_sources/ai_generated/StyleGAN/stylegan3_03904.png,data_sources/ai_generated/StyleGAN,ai_generated,1024,1024,1.0,JPEG,107253,3decef55108da6a537d8f1c79cfe896d,ced0a8efcb48d0f9204c6976feabef842bd19b6d83ab6f5e4755712e8ac07037,1.0,851e3c3df035f095,ok,85.87829017557306,True,True,cluster_01435,test,/home/dheirav/Code/Deepfake_Detection/deepfake-project/dataset_builder/test/ai_generated/stylegan3_03904.png
data_sources/ai_generated/StyleGAN/stylegan3_03908.png,data_sources/ai_generated/StyleGAN,ai_generated,1024,1024,1.0,JPEG,99595,7d5be4888b5fa6712a2dbc467a792ac0,7d8980e73a38862679171a3966c522d13602f5ca745166b6df12f874963dc4b3,1.0,d9cc3c663261b3c3,ok,95.46691814284623,True,True,cluster_01875,test,/home/dheirav/Code/Deepfake_Detection/deepfake-project/dataset_builder/test/ai_generated/stylegan3_03908.png
data_sources/ai_generated/StyleGAN/stylegan3_03909.png,data_sources/ai_generated/StyleGAN,ai_generated,1024,1024,1.0,JPEG,100605,ff8b87dbb022ccbe527e39c0f26f67a2,fd5d52bc0d4e625e23c5d9e05722725b308341bfcd39be90ba4b7738005ecbeb,1.0,8a68f477274486de,ok,129.24169209017418,True,True,cluster_01823,test,/home/dheirav/Code/Deepfake_Detection/deepfake-project/dataset_builder/test/ai_generated/stylegan3_03909.png
data_sources/ai_generated/StyleGAN/stylegan3_03926.png,data_sources/ai_generated/StyleGAN,ai_generated,1024,1024,1.0,JPEG,111469,e9fec2db1e508f4be2c503f22ca4bb88,35a67eb9e2df9a000e78df12dd1b573f3452c9749990f51a0b72674f2b58916e,1.0,9b7a60c5d5d91683,ok,85.17312043717538,True,True,cluster_01208,test,/home/dheirav/Code/Deepfake_Detection/deepfake-project/dataset_builder/test/ai_generated/stylegan3_03926.png
data_sources/ai_generated/StyleGAN/stylegan3_03927.png,data_sources/ai_generated/StyleGAN,ai_generated,1024,1024,1.0,JPEG,99291,362f8607cbd2d8018a660c1476fcf99d,e21d2b5576d0135a7c5d08dec2bc906cf1dd133733bce931485ac16b5acca06d,1.0,82ad5abd50315b9b,ok,174.83477543251405,True,True,cluster_01884,test,/home/dheirav/Code/Deepfake_Detection/deepfake-project/dataset_builder/test/ai_generated/stylegan3_03927.png
data_sources/ai_generated/StyleGAN/stylegan3_03930.png,data_sources/ai_generated/StyleGAN,ai_generated,1024,1024,1.0,JPEG,104150,6cbb11b74ca6900c64900360458812af,2676f37a6659ca72a2410af7fad8e18d52fd426adbf8ece1f8ba833c197f69e0,1.0,a9373ed493059e8c,ok,91.1009396887157,True,True,cluster_01628,test,/home/dheirav/Code/Deepfake_Detection/deepfake-project/dataset_builder/test/ai_generated/stylegan3_03930.png
data_sources/ai_generated/StyleGAN/stylegan3_03937.png,data_sources/ai_generated/StyleGAN,ai_generated,1024,1024,1.0,JPEG,119813,3dd8219d50358d413558e2d3123aed8f,42238d5bce0ad8c03b96f4e9dc054e25f696a183a685578f388315ef9bac42bf,1.0,8d763c5233a9868f,ok,133.66893951914972,True,True,cluster_00752,test,/home/dheirav/Code/Deepfake_Detection/deepfake-project/dataset_builder/test/ai_generated/stylegan3_03937.png
data_sources/ai_generated/StyleGAN/stylegan3_03940.png,data_sources/ai_generated/StyleGAN,ai_generated,1024,1024,1.0,JPEG,103769,9dd37dc7a51c8ac6c3345570299364b0,98f902cc87f9e49e765818762f3249c8e9e25bdaa8a025e0b22ee212d528f75a,1.0,aeac96d1dac7c0c2,ok,84.8572424790318,True,True,cluster_01652,test,/home/dheirav/Code/Deepfake_Detection/deepfake-project/dataset_builder/test/ai_generated/stylegan3_03940.png
data_sources/ai_generated/StyleGAN/stylegan3_03941.png,data_sources/ai_generated/StyleGAN,ai_generated,1024,1024,1.0,JPEG,106066,0f05983e7988247afaa383060c189852,ee5501627ec3da1be30fcfd5d0a1d20f9f5259b954e6b3fd1f7a1e04bdb3bded,1.0,d85029e32c73979b,ok,182.20534696558656,True,True,cluster_01515,test,/home/dheirav/Code/Deepfake_Detection/deepfake-project/dataset_builder/test/ai_generated/stylegan3_03941.png
data_sources/ai_generated/StyleGAN/stylegan3_03943.png,data_sources/ai_generated/StyleGAN,ai_generated,1024,1024,1.0,JPEG,120646,4480b4e10237287e2bd2c1531df2bb2b,ad9aae10b20673940646013ea990e3c5c6f3d8080c46437e97d8957732d201bd,1.0,f068e3a5a792c48f,ok,115.56166944628694,True,True,cluster_00702,test,/home/dheirav/Code/Deepfake_Detection/deepfake-project/dataset_builder/test/ai_generated/stylegan3_03943.png
data_sources/ai_generated/StyleGAN/stylegan3_03949.png,data_sources/ai_generated/StyleGAN,ai_generated,1024,1024,1.0,JPEG,121348,03c3ea913fdcacf9dfd96d63c7b4d17f,27e7d5c0d7923f33f7ee027de9c258427482a085469b46d2a36d20aa6bc59e9c,1.0,9e6930979fcd4834,ok,116.8423282683325,True,True,cluster_00672,test,/home/dheirav/Code/Deepfake_Detection/deepfake-project/dataset_builder/test/ai_generated/stylegan3_03949.png
data_sources/ai_generated/StyleGAN/stylegan3_03951.png,data_sources/ai_generated/StyleGAN,ai_generated,1024,1024,1.0,JPEG,112662,e89d6c6d7399f1d5949b5e37050aa380,9be25c74c3c4bb247d048fa6749c05f0e35c613bf2504d00f00a0d0f59417066,1.0,c1c5044e3737379b,ok,179.42221227546906,True,True,cluster_01138,test,/home/dheirav/Code/Deepfake_Detection/deepfake-project/dataset_builder/test/ai_generated/stylegan3_03951.png
data_sources/ai_generated/StyleGAN/stylegan3_03963.png,data_sources/ai_generated/StyleGAN,ai_generated,1024,1024,1.0,JPEG,112828,1989a4b580f3a11fd109f5d57f7cc65d,3cd24849db506e3d4cd4e608517f796d808443c1c14b400e57565b5eb911aa91,1.0,d058632b66e5768e,ok,208.08681734137645,True,True,cluster_01124,test,/home/dheirav/Code/Deepfake_Detection/deepfake-project/dataset_builder/test/ai_generated/stylegan3_03963.png
data_sources/ai_generated/StyleGAN/stylegan3_03982.png,data_sources/ai_generated/StyleGAN,ai_generated,1024,1024,1.0,JPEG,98790,e1478c22101c4a57c9f32db1fccd3825,5464d9b3605f4afc2739568372fb96737955a5da9c16ac5ccdd24b269c3c04ca,1.0,9c6a712f2574c69a,ok,153.94684546344433,True,True,cluster_01905,test,/home/dheirav/Code/Deepfake_Detection/deepfake-project/dataset_builder/test/ai_generated/stylegan3_03982.png
data_sources/ai_generated/StyleGAN/stylegan3_03988.png,data_sources/ai_generated/StyleGAN,ai_generated,1024,1024,1.0,JPEG,97412,3d05e0b0276c86c5f454ebcf2894b204,91f6ec0d916fecf21ef459a17881c200fef7ef68007ab6f644e14da4afdb8e8c,1.0,acbe5870b0d3d385,ok,84.35349244132158,True,True,cluster_01957,test,/home/dheirav/Code/Deepfake_Detection/deepfake-project/dataset_builder/test/ai_generated/stylegan3_03988.png
data_sources/ai_generated/StyleGAN/stylegan3_03994.png,data_sources/ai_generated/StyleGAN,ai_generated,1024,1024,1.0,JPEG,102933,ba9ff06860304b29b2ec460ea3d98394,8a990dd092857c263c889adbfb118916e53a6a34269cfb5eb0dcc02d9472e92f,1.0,c77fe237e52402c2,ok,125.87796302005788,True,True,cluster_01703,test,/home/dheirav/Code/Deepfake_Detection/deepfake-project/dataset_builder/test/ai_generated/stylegan3_03994.png
data_sources/ai_generated/StyleGAN/stylegan3_03999.png,data_sources/ai_generated/StyleGAN,ai_generated,1024,1024,1.0,JPEG,124340,1b37a79cd1b924d4e0834ae3951c8019,c9182d953e42c4ac2b3f9f9dcff16513d06a11a26386797a83db3cc7d695d9e9,1.0,a387de5cc8791513,ok,108.58491974384287,True,True,cluster_00528,test,/home/dheirav/Code/Deepfake_Detection/deepfake-project/dataset_builder/test/ai_generated/stylegan3_03999.png
data_sources/ai_generated/StyleGAN/stylegan3_00008.png,data_sources/ai_generated/StyleGAN,ai_generated,1024,1024,1.0,JPEG,106830,335a93dbca5647f202198e540cc7b281,183eca08e4b10cd4e77d7ebe345378e1c6ead8c46a8750730b2e0cea9d7d30f8,1.0,a9fc78f0a093c29b,ok,268.5248494136094,True,True,cluster_01470,train,/home/dheirav/Code/Deepfake_Detection/deepfake-project/dataset_builder/train/ai_generated/stylegan3_00008.png
data_sources/ai_generated/StyleGAN/stylegan3_00014.png,data_sources/ai_generated/StyleGAN,ai_generated,1024,1024,1.0,JPEG,136368,72ed7ab148b32459ba485e7edeba83c7,40e5d73ad6b402406a98a88b04427ea7737cd864944b54b77576d7943b4db9b6,1.0,9bd24bca4d2d0e99,ok,202.0976456449634,True,True,cluster_00202,train,/home/dheirav/Code/Deepfake_Detection/deepfake-project/dataset_builder/train/ai_generated/stylegan3_00014.png
data_sources/ai_generated/StyleGAN/stylegan3_00016.png,data_sources/ai_generated/StyleGAN,ai_generated,1024,1024,1.0,JPEG,115587,0aa3c7b0bc47c30b0d5be15375ea8605,fda9da743191ff93378c3e16fd54bc98097132d7fe391c3de58df08df28ffb2e,1.0,8b2d346339499add,ok,151.3052021139265,True,True,cluster_00955,train,/home/dheirav/Code/Deepfake_Detection/deepfake-project/dataset_builder/train/ai_generated/stylegan3_00016.png
data_sources/ai_generated/StyleGAN/stylegan3_00020.png,data_sources/ai_generated/StyleGAN,ai_generated,1024,1024,1.0,JPEG,124161,3515449038a8036bfc83194d46ca2255,a02f061040fcb033f1891bf5012fbe6e96e24a7c83270289cb3c7bf226ff485e,1.0,cabf26e0350fc29c,ok,108.39374868895447,True,True,cluster_00537,train,/home/dheirav/Code/Deepfake_Detection/deepfake-project/dataset_builder/train/ai_generated/stylegan3_00020.png
data_sources/ai_generated/StyleGAN/stylegan3_00023.png,data_sources/ai_generated/StyleGAN,ai_generated,1024,1024,1.0,JPEG,111645,60a991619e804bed5bbe23a30d4173b8,18a725a6898080ebacb9af4d7bb52efd2b89aa4800cbd4349def1348171c0031,1.0,d04e61e36345ae9e,ok,181.93614373393575,True,True,cluster_01190,train,/home/dheirav/Code/Deepfake_Detection/deepfake-project/dataset_builder/train/ai_generated/stylegan3_00023.png
data_sources/ai_generated/StyleGAN/stylegan3_00042.png,data_sources/ai_generated/StyleGAN,ai_generated,1024,1024,1.0,JPEG,124956,c30a115d9a0e3646d41ef729f091b1d0,c70535a5ac64c895bb2da1c7aa1255b19bcb6aa564f33f27e878ed0a8c9533b5,1.0,c89e1721ead4cadc,ok,159.27117653021924,True,True,cluster_00502,train,/home/dheirav/Code/Deepfake_Detection/deepfake-project/dataset_builder/train/ai_generated/stylegan3_00042.png
data_sources/ai_generated/StyleGAN/stylegan3_00050.png,data_sources/ai_generated/StyleGAN,ai_generated,1024,1024,1.0,JPEG,112514,a433cb0ec9dd12c5305f0d5421504d49,1d069be43332017bdf16fe8ce59cb85641fc657e1027fc63170adbad412a70d8,1.0,f1706b4e694a918f,ok,259.3909158388623,True,True,cluster_01142,train,/home/dheirav/Code/Deepfake_Detection/deepfake-project/dataset_builder/train/ai_generated/stylegan3_00050.png
data_sources/ai_generated/StyleGAN/stylegan3_00053.png,data_sources/ai_generated/StyleGAN,ai_generated,1024,1024,1.0,JPEG,138103,f2026ecd8bcaa3f7c21acbb5352604b5,c212aa61325baf3bc734247ae4a1fb06fb4a3e713a7476b7218008eb7d5b9ad0,1.0,8d2674b5703c07de,ok,262.6630407500634,True,True,cluster_00174,train,/home/dheirav/Code/Deepfake_Detection/deepfake-project/dataset_builder/train/ai_generated/stylegan3_00053.png
data_sources/ai_generated/StyleGAN/stylegan3_00055.png,data_sources/ai_generated/StyleGAN,ai_generated,1024,1024,1.0,JPEG,99983,3e18fa16c9eb2e6b4158278dcdb7631d,a46a68d8c719191deb214a533cd71137289873eb7a6c39f8a330e598b7ae7433,1.0,a900f7d683303bde,ok,244.90851013373685,True,True,cluster_01857,train,/home/dheirav/Code/Deepfake_Detection/deepfake-project/dataset_builder/train/ai_generated/stylegan3_00055.png
data_sources/ai_generated/StyleGAN/stylegan3_00060.png,data_sources/ai_generated/StyleGAN,ai_generated,1024,1024,1.0,JPEG,114154,95770ad86d7fb23f33938e1407a684c7,9b5c2936dcf3ee3d36a781b59d52c42bd829eb5e7d98fe4e3e1ee245ea41da61,1.0,996a68636d718787,ok,205.7015245678922,True,True,cluster_01041,train,/home/dheirav/Code/Deepfake_Detection/deepfake-project/dataset_builder/train/ai_generated/stylegan3_00060.png
data_sources/ai_generated/StyleGAN/stylegan3_00061.png,data_sources/ai_generated/StyleGAN,ai_generated,1024,1024,1.0,JPEG,110192,5d5a114faa85f0d0be58ab0c2b0e8c86,1b2cc8c34e5c4b11bd15ebce96295faaa8e5831bd3432c8bbfe6d2d4ff3888dc,1.0,f8e3cbe62c2883ca,ok,174.62353551761674,True,True,cluster_01284,train,/home/dheirav/Code/Deepfake_Detection/deepfake-project/dataset_builder/train/ai_generated/stylegan3_00061.png
data_sources/ai_generated/StyleGAN/stylegan3_00065.png,data_sources/ai_generated/StyleGAN,ai_generated,1024,1024,1.0,JPEG,115522,8a1b8cd5515d70cc6b61d8fbb52b430f,54c1889cfbbff644ace6ba8ffbaf6f4266d501ab6297278c7e3d311e6a1bc9a4,1.0,c1c9f8e0e30387cf,ok,203.92568791063144,True,True,cluster_00958,train,/home/dheirav/Code/Deepfake_Detection/deepfake-project/dataset_builder/train/ai_generated/stylegan3_00065.png
data_sources/ai_generated/StyleGAN/stylegan3_00079.png,data_sources/ai_generated/StyleGAN,ai_generated,1024,1024,1.0,JPEG,123898,bd5f12e414f03c1bf9adfab1fc727cd6,57f9a9987972fd9218b4473385abec42ab7274a27dd6aeb4ecd085dcfb57c35c,1.0,c0075e3c7d3ee0ca,ok,164.97651279752245,True,True,cluster_00549,train,/home/dheirav/Code/Deepfake_Detection/deepfake-project/dataset_builder/train/ai_generated/stylegan3_00079.png
data_sources/ai_generated/StyleGAN/stylegan3_00080.png,data_sources/ai_generated/StyleGAN,ai_generated,1024,1024,1.0,JPEG,122379,26f91362e8cf80ea32e5fa2435f6fdad,52c3b1aa3a45aebe90e487ee83d490333e77f7a67137f49b858fa1313d845301,1.0,ce69bc93995e8d04,ok,236.55680844414383,True,True,cluster_00616,train,/home/dheirav/Code/Deepfake_Detection/deepfake-project/dataset_builder/train/ai_generated/stylegan3_00080.png
data_sources/ai_generated/StyleGAN/stylegan3_00081.png,data_sources/ai_generated/StyleGAN,ai_generated,1024,1024,1.0,JPEG,116925,339260a864748b4419bd596ea8866f16,3ac6e35cb5e945f3c5319281bac7dc2cbd452e24c29abc2d86d1e119830d2080,1.0,abbf7400b35c338a,ok,89.48538359603845,True,True,cluster_00901,train,/home/dheirav/Code/Deepfake_Detection/deepfake-project/dataset_builder/train/ai_generated/stylegan3_00081.png
data_sources/ai_generated/StyleGAN/stylegan3_00088.png,data_sources/ai_generated/StyleGAN,ai_generated,1024,1024,1.0,JPEG,120357,325ab82f62c3dc57b61fcf6a24b4cffd,cb44c0e5c2c38e643378ab591328ca36cf2af965ff9da417a2855a9bc28b86b5,1.0,cf333c72307982ce,ok,140.49859771981937,True,True,cluster_00725,train,/home/dheirav/Code/Deepfake_Detection/deepfake-project/dataset_builder/train/ai_generated/stylegan3_00088.png
data_sources/ai_generated/StyleGAN/stylegan3_00089.png,data_sources/ai_generated/StyleGAN,ai_generated,1024,1024,1.0,JPEG,122035,ed9ebaa06f762fa28a575d316c5035e4,2b46261756bde622f8345e80d843e6a39755ee4230af8423e07fa3b8e63d34ef,1.0,9e52392665ccd59a,ok,159.3942087173018,True,True,cluster_00636,train,/home/dheirav/Code/Deepfake_Detection/deepfake-project/dataset_builder/train/ai_generated/stylegan3_00089.png
data_sources/ai_generated/StyleGAN/stylegan3_00093.png,data_sources/ai_generated/StyleGAN,ai_generated,1024,1024,1.0,JPEG,126844,62548b18c298419bd6bb3274b2fcd824,e1f7fe9fe90df7907cb25ed18a8b59d8216379b1de4cbc880b0f58bdd5483f45,1.0,fee0e1dfa500a295,ok,114.27208934216378,True,True,cluster_00438,train,/home/dheirav/Code/Deepfake_Detection/deepfake-project/dataset_builder/train/ai_generated/stylegan3_00093.png
data_sources/ai_generated/StyleGAN/stylegan3_00094.png,data_sources/ai_generated/StyleGAN,ai_generated,1024,1024,1.0,JPEG,105713,5ea67bda12b7b0c6d10cd1981340da86,04089cbdaf1e801c4a229ad8d241d0a3a00beb3f0c7f4759e20fd6a404c4b8f4,1.0,ef91c08f8f281f25,ok,91.1454414399186,True,True,cluster_01536,train,/home/dheirav/Code/Deepfake_Detection/deepfake-project/dataset_builder/train/ai_generated/stylegan3_00094.png
data_sources/ai_generated/StyleGAN/stylegan3_00100.png,data_sources/ai_generated/StyleGAN,ai_generated,1024,1024,1.0,JPEG,122153,a7d431fae69d5a211a8b6b35e7951da8,babab7d841bbfcf41f45642efe65fdc614b4028f473a4274cc9668c47afa5812,1.0,89b9f5e5a020c3cf,ok,133.514435591248,True,True,cluster_00626,train,/home/dheirav/Code/Deepfake_Detection/deepfake-project/dataset_builder/train/ai_generated/stylegan3_00100.png
data_sources/ai_generated/StyleGAN/stylegan3_00106.png,data_sources/ai_generated/StyleGAN,ai_generated,1024,1024,1.0,JPEG,117417,8a9e654194457889bfe3a3b686b990b1,b3f7a57c220d4e7a59668f6a7ac4bca5186b75671a589619dd8754c2d0f24be0,1.0,dcf0216bb46bd245,ok,319.77929877093993,True,True,cluster_00874,train,/home/dheirav/Code/Deepfake_Detection/deepfake-project/dataset_builder/train/ai_generated/stylegan3_00106.png
data_sources/ai_generated/StyleGAN/stylegan3_00113.png,data_sources/ai_generated/StyleGAN,ai_generated,1024,1024,1.0,JPEG,131174,4d181403cff7b874f313c20ba6803a1e,c980be591e926da43fc0d69b651723406bae8be0a59ee55a050c439a6c4c142f,1.0,82627052f69fcb8b,ok,388.7461145149199,True,True,cluster_00314,train,/home/dheirav/Code/Deepfake_Detection/deepfake-project/dataset_builder/train/ai_generated/stylegan3_00113.png
data_sources/ai_generated/StyleGAN/stylegan3_00114.png,data_sources/ai_generated/StyleGAN,ai_generated,1024,1024,1.0,JPEG,103658,f0fbbea085c9d338fae085090b4cf873,a041b1e4f24dddc48549b9d48d68037d4d03f48435c8aebfd70b943127d8c7f6,1.0,9eef415af668a20a,ok,113.43710040419592,True,True,cluster_01658,train,/home/dheirav/Code/Deepfake_Detection/deepfake-project/dataset_builder/train/ai_generated/stylegan3_00114.png
data_sources/ai_generated/StyleGAN/stylegan3_00132.png,data_sources/ai_generated/StyleGAN,ai_generated,1024,1024,1.0,JPEG,109481,0bf90dde50b066694f76474c53523246,bb2b33a05d46e01ca4bf238a7072c1afeb1b352a995e9cacfc9ca889641e2c24,1.0,8b123575e233d798,ok,110.61689088192269,True,True,cluster_01313,train,/home/dheirav/Code/Deepfake_Detection/deepfake-project/dataset_builder/train/ai_generated/stylegan3_00132.png
data_sources/ai_generated/StyleGAN/stylegan3_00142.png,data_sources/ai_generated/StyleGAN,ai_generated,1024,1024,1.0,JPEG,122227,f18aca71cf1108cafe16dd810546d80a,237abc8320786589289fc34371f66d8e4c76e37ffa4963522383cacdb6c8584f,1.0,904f316ee136cb99,ok,329.19999558994357,True,True,cluster_00623,train,/home/dheirav/Code/Deepfake_Detection/deepfake-project/dataset_builder/train/ai_generated/stylegan3_00142.png
data_sources/ai_generated/StyleGAN/stylegan3_00150.png,data_sources/ai_generated/StyleGAN,ai_generated,1024,1024,1.0,JPEG,151263,4acc79fb59b1ca93cd8021b4930f3ad5,83ada81fa5e12b149429d7a4a0a22744158438fefe567852e0faee9d2a561d1b,1.0,b4a7f0c083c3c39f,ok,434.901989265133,True,True,cluster_00060,train,/home/dheirav/Code/Deepfake_Detection/deepfake-project/dataset_builder/train/ai_generated/stylegan3_00150.png
data_sources/ai_generated/StyleGAN/stylegan3_00152.png,data_sources/ai_generated/StyleGAN,ai_generated,1024,1024,1.0,JPEG,101217,0f7ae67f4448a2491c6d760a75759b13,ed569c1fb15fcc4243168d2da3c9e0e09ae439efdd9cbe7a4e9d46698630f56f,1.0,8fb436f3b02dc2c8,ok,152.43682640352836,True,True,cluster_01783,train,/home/dheirav/Code/Deepfake_Detection/deepfake-project/dataset_builder/train/ai_generated/stylegan3_00152.png
data_sources/ai_generated/StyleGAN/stylegan3_00157.png,data_sources/ai_generated/StyleGAN,ai_generated,1024,1024,1.0,JPEG,130368,532db29e64645db143c67537ffa9f09a,0a3e50a6567327c7e46082956bb83d20fca044a65c5ea6fbf2c278b4ba34675e,1.0,9a683843b5ddda92,ok,111.45542486387058,True,True,cluster_00334,train,/home/dheirav/Code/Deepfake_Detection/deepfake-project/dataset_builder/train/ai_generated/stylegan3_00157.png
data_sources/ai_generated/StyleGAN/stylegan3_00159.png,data_sources/ai_generated/StyleGAN,ai_generated,1024,1024,1.0,JPEG,125340,3d69725afef13f8e758c604975c9651c,94c24dab52b4afdbbe60a1bbad9c7a0c78d69f16c3c3cc38978d2f06e22f7e58,1.0,dc1f61616221dfca,ok,106.49610230058079,True,True,cluster_00491,train,/home/dheirav/Code/Deepfake_Detection/deepfake-project/dataset_builder/train/ai_generated/stylegan3_00159.png
data_sources/ai_generated/StyleGAN/stylegan3_00165.png,data_sources/ai_generated/StyleGAN,ai_generated,1024,1024,1.0,JPEG,119046,4b7761145a01f7a1a8b0c0aba9c227c9,52f2dd1c508d383f6336adee6607e6d9209e931042557f24983a0319d65f2105,1.0,de4f792738742382,ok,402.1421954603784,True,True,cluster_00797,train,/home/dheirav/Code/Deepfake_Detection/deepfake-project/dataset_builder/train/ai_generated/stylegan3_00165.png
data_sources/ai_generated/StyleGAN/stylegan3_00166.png,data_sources/ai_generated/StyleGAN,ai_generated,1024,1024,1.0,JPEG,105742,a32536aa50b13256fcbeab522f965c43,1291ddb207b3774c3c62b4ebe85c97c602ed4924c40e315db5ee6521bb7ed27d,1.0,8def5cda7928118a,ok,114.88895510806377,True,True,cluster_01532,train,/home/dheirav/Code/Deepfake_Detection/deepfake-project/dataset_builder/train/ai_generated/stylegan3_00166.png
data_sources/ai_generated/StyleGAN/stylegan3_00169.png,data_sources/ai_generated/StyleGAN,ai_generated,1024,1024,1.0,JPEG,146432,57fe070cb138b3b048d3524a8597f07c,8e6c7014e208ed59554a5706858b377894e8b108f983607475b39ccb9dfb8363,1.0,f41a4b350577169e,ok,314.8061176948795,True,True,cluster_00094,train,/home/dheirav/Code/Deepfake_Detection/deepfake-project/dataset_builder/train/ai_generated/stylegan3_00169.png
data_sources/ai_generated/StyleGAN/stylegan3_00176.png,data_sources/ai_generated/StyleGAN,ai_generated,1024,1024,1.0,JPEG,125758,0529cde5f91fb1639d91b27c83df9ce8,a93818c5c9355bfad892bee0eebd8a1c894ec6ba1abebd00a5fccc0e607df09e,1.0,c53f3692980d66ce,ok,85.82827426450876,True,True,cluster_00474,train,/home/dheirav/Code/Deepfake_Detection/deepfake-project/dataset_builder/train/ai_generated/stylegan3_00176.png
data_sources/ai_generated/StyleGAN/stylegan3_00182.png,data_sources/ai_generated/StyleGAN,ai_generated,1024,1024,1.0,JPEG,101018,2f46bee05002f9062692d84f857b61dc,fbd0051dbc5937e3e6d54ece2926d0b5a07dbdbfd75a3331887d78135f918b48,1.0,e8a855a32dd6ad91,ok,115.32298654035185,True,True,cluster_01795,train,/home/dheirav/Code/Deepfake_Detection/deepfake-project/dataset_builder/train/ai_generated/stylegan3_00182.png
data_sources/ai_generated/StyleGAN/stylegan3_00183.png,data_sources/ai_generated/StyleGAN,ai_generated,1024,1024,1.0,JPEG,108539,0dab84bd8b14a17ef406ac0be0a3d29b,a90943538cce6bb450f6ad3c4100d23582b36d4233f97e0aef430e963eaa68f1,1.0,d8eb25f4e548d2c1,ok,112.59049094036072,True,True,cluster_01361,train,/home/dheirav/Code/Deepfake_Detection/deepfake-project/dataset_builder/train/ai_generated/stylegan3_00183.png
data_sources/ai_generated/StyleGAN/stylegan3_00191.png,data_sources/ai_generated/StyleGAN,ai_generated,1024,1024,1.0,JPEG,100356,8f0c61166b09042b41faf8faefffeecb,d94e0bcb4fed0b59c5ea3b5e77cd1b26864c8bd625c76a13feb52fb6816969dd,1.0,fa60e105c56ee58e,ok,99.50777588905385,True,True,cluster_01839,train,/home/dheirav/Code/Deepfake_Detection/deepfake-project/dataset_builder/train/ai_generated/stylegan3_00191.png
data_sources/ai_generated/StyleGAN/stylegan3_00196.png,data_sources/ai_generated/StyleGAN,ai_generated,1024,1024,1.0,JPEG,107155,b2b90acade44db574d4435d7ca4aadce,06385ac280f4a8f7a16c49fb9e154020b6f75f44a9e7a7efbf702def05c570b3,1.0,9a6a6b2d65659295,ok,278.78554879688363,True,True,cluster_01443,train,/home/dheirav/Code/Deepfake_Detection/deepfake-project/dataset_builder/train/ai_generated/stylegan3_00196.png
data_sources/ai_generated/StyleGAN/stylegan3_00202.png,data_sources/ai_generated/StyleGAN,ai_generated,1024,1024,1.0,JPEG,124772,c1ec20dc88f59a0a5fd4ec62c19f7974,63fd3cae593f98e954103cd12ff0255e523d1e2bc5361cccf65891a87496b5fb,1.0,ca1075f17055b1cf,ok,124.68853457235582,True,True,cluster_00511,train,/home/dheirav/Code/Deepfake_Detection/deepfake-project/dataset_builder/train/ai_generated/stylegan3_00202.png
data_sources/ai_generated/StyleGAN/stylegan3_00203.png,data_sources/ai_generated/StyleGAN,ai_generated,1024,1024,1.0,JPEG,140468,2925ae0af5179c69f55bde669c4f7f2e,6e71f8bbbbf1e852b5e1b32caad1780c875fee675bf5bffd175aa91544314100,1.0,8d287a22a5dd87d9,ok,108.60672506236642,True,True,cluster_00143,train,/home/dheirav/Code/Deepfake_Detection/deepfake-project/dataset_builder/train/ai_generated/stylegan3_00203.png
data_sources/ai_generated/StyleGAN/stylegan3_00209.png,data_sources/ai_generated/StyleGAN,ai_generated,1024,1024,1.0,JPEG,127736,882454d0efafb03368056e58f7129505,a14fa9f79e0940a8108123b3b0e0829b770496069618ae9f0e9efe1f3e48453c,1.0,9a164ab02f5add99,ok,378.5248288008006,True,True,cluster_00412,train,/home/dheirav/Code/Deepfake_Detection/deepfake-project/dataset_builder/train/ai_generated/stylegan3_00209.png
data_sources/ai_generated/StyleGAN/stylegan3_00211.png,data_sources/ai_generated/StyleGAN,ai_generated,1024,1024,1.0,JPEG,97080,76bc1fe5e10209606569a25eed258bc2,ddf4961e55729510714dcac3bbc2a5dee44007c1ce745164b95e85def74f00ec,1.0,f0682be327e187ca,ok,103.43776080963923,True,True,cluster_01972,train,/home/dheirav/Code/Deepfake_Detection/deepfake-project/dataset_builder/train/ai_generated/stylegan3_00211.png
data_sources/ai_generated/StyleGAN/stylegan3_00223.png,data_sources/ai_generated/StyleGAN,ai_generated,1024,1024,1.0,JPEG,103715,29a12d6096c718c55ad2ca853d9c99af,8ebf5f037c43de8a44f944f25cbd413f70c88318c6fc773b575a699bc8fe014d,1.0,acbd1e70b0129b97,ok,115.85656617462425,True,True,cluster_01655,train,/home/dheirav/Code/Deepfake_Detection/deepfake-project/dataset_builder/train/ai_generated/stylegan3_00223.png
data_sources/ai_generated/StyleGAN/stylegan3_00225.png,data_sources/ai_generated/StyleGAN,ai_generated,1024,1024,1.0,JPEG,117855,eecb986ef073ca1cb20691ff5a4f0db7,38115e2419053a8e898b6be7ca09df8c0c9b140ba2a285b90075d24442553a91,1.0,89e161a7a6ce879c,ok,82.97977533152061,True,True,cluster_00849,train,/home/dheirav/Code/Deepfake_Detection/deepfake-project/dataset_builder/train/ai_generated/stylegan3_00225.png
data_sources/ai_generated/StyleGAN/stylegan3_00236.png,data_sources/ai_generated/StyleGAN,ai_generated,1024,1024,1.0,JPEG,139632,724248809c59d943ac55dcf3f005e7e1,c65583bea48a5605663623e819dc3c763d08039a4ded6f20f22fd9a6f8c89775,1.0,c1971e8a2d0d6dad,ok,208.23966779341208,True,True,cluster_00155,train,/home/dheirav/Code/Deepfake_Detection/deepfake-project/dataset_builder/train/ai_generated/stylegan3_00236.png
data_sources/ai_generated/StyleGAN/stylegan3_00241.png,data_sources/ai_generated/StyleGAN,ai_generated,1024,1024,1.0,JPEG,147454,39c83179b8879700b7815c4b4a0ee8c9,519cba9e86c58799fe3aee6bbffd3f19f6f99883e0852427db1849a6eabdc20c,1.0,df9b38b5313c228a,ok,161.00989532261156,True,True,cluster_00083,train,/home/dheirav/Code/Deepfake_Detection/deepfake-project/dataset_builder/train/ai_generated/stylegan3_00241.png
data_sources/ai_generated/StyleGAN/stylegan3_00251.png,data_sources/ai_generated/StyleGAN,ai_generated,1024,1024,1.0,JPEG,117498,d3ef0b42df8816ba809999d5906b087d,d746b9ba392c04ef70f222d8b607ddf21d63f8c8c0b39dc955481ec74c79c4e0,1.0,da13783be529c664,ok,81.76279945022179,True,True,cluster_00865,train,/home/dheirav/Code/Deepfake_Detection/deepfake-project/dataset_builder/train/ai_generated/stylegan3_00251.png
data_sources/ai_generated/StyleGAN/stylegan3_00256.png,data_sources/ai_generated/StyleGAN,ai_generated,1024,1024,1.0,JPEG,129451,503853c39ac91f7ecb992d18273fda6e,d74b621964f182cbab528562c7b3a14deacd84169f472aa526c798959166bc21,1.0,d2420f4b2d6f8f89,ok,181.09470699634403,True,True,cluster_00357,train,/home/dheirav/Code/Deepfake_Detection/deepfake-project/dataset_builder/train/ai_generated/stylegan3_00256.png
data_sources/ai_generated/StyleGAN/stylegan3_00258.png,data_sources/ai_generated/StyleGAN,ai_generated,1024,1024,1.0,JPEG,116332,f1c99222c8f30db7112fb9674ac721f2,681500074c4706e6df804c3ad1464b7e90c272a3c85cd2bd32e0c8b1d44e7c7f,1.0,c30c3f70b00bf7ca,ok,88.21133273700161,True,True,cluster_00930,train,/home/dheirav/Code/Deepfake_Detection/deepfake-project/dataset_builder/train/ai_generated/stylegan3_00258.png
data_sources/ai_generated/StyleGAN/stylegan3_00261.png,data_sources/ai_generated/StyleGAN,ai_generated,1024,1024,1.0,JPEG,119184,8355c2c1d21a5b9e3c7cb23a6838305d,fe0e5a81fe3b364205aa0cb73e007ae2623f858bdc80e36ad4217a21b087bd15,1.0,9e6869636555a69a,ok,127.44321360945105,True,True,cluster_00787,train,/home/dheirav/Code/Deepfake_Detection/deepfake-project/dataset_builder/train/ai_generated/stylegan3_00261.png
data_sources/ai_generated/StyleGAN/stylegan3_00268.png,data_sources/ai_generated/StyleGAN,ai_generated,1024,1024,1.0,JPEG,146070,69df6579c8ed86e2fe871071176ebe62,095865340e70099a49fd12ad9dd09707e213a7c84c4fed146b722686d6deb639,1.0,b4d26989b5999699,ok,849.2988507535692,True,True,cluster_00097,train,/home/dheirav/Code/Deepfake_Detection/deepfake-project/dataset_builder/train/ai_generated/stylegan3_00268.png
data_sources/ai_generated/StyleGAN/stylegan3_00269.png,data_sources/ai_generated/StyleGAN,ai_generated,1024,1024,1.0,JPEG,102996,b68ccbb64144b3aa778363229af002d3,e5eb61f4755a522131bc0a826386366e1fe77312ac1df5651d34ecb2dc522b6a,1.0,96c178736869b6c9,ok,101.77933973212839,True,True,cluster_01699,train,/home/dheirav/Code/Deepfake_Detection/deepfake-project/dataset_builder/train/ai_generated/stylegan3_00269.png
data_sources/ai_generated/StyleGAN/stylegan3_00282.png,data_sources/ai_generated/StyleGAN,ai_generated,1024,1024,1.0,JPEG,99973,f5dc70d5a1397e35297be9f9ddd36aa7,dddec8a4dfff8830dbe7e8dedecb61e06543ec84bc5f4a62a8b2f69965a94c8c,1.0,f85cd50562569ada,ok,120.69012042189934,True,True,cluster_01858,train,/home/dheirav/Code/Deepfake_Detection/deepfake-project/dataset_builder/train/ai_generated/stylegan3_00282.png
data_sources/ai_generated/StyleGAN/stylegan3_00289.png,data_sources/ai_generated/StyleGAN,ai_generated,1024,1024,1.0,JPEG,119606,0da965c7c8aed59838d479d4ffb8ab42,3e0449b1dacf0e54d180e6e3defd3f127d5242912fb1f71d8b52f4367bd5951f,1.0,ebaa52f4355ad284,ok,177.21555504276233,True,True,cluster_00765,train,/home/dheirav/Code/Deepfake_Detection/deepfake-project/dataset_builder/train/ai_generated/stylegan3_00289.png
data_sources/ai_generated/StyleGAN/stylegan3_00294.png,data_sources/ai_generated/StyleGAN,ai_generated,1024,1024,1.0,JPEG,134414,ffaf1299d820f21cf0cf9c89b9410beb,b0607daceb514a154e842f12f4225be31fb0bc847e2992c7b43b24ad2a1b4ecc,1.0,b91aa386ea189bd9,ok,170.0216522958217,True,True,cluster_00249,train,/home/dheirav/Code/Deepfake_Detection/deepfake-project/dataset_builder/train/ai_generated/stylegan3_00294.png
data_sources/ai_generated/StyleGAN/stylegan3_00300.png,data_sources/ai_generated/StyleGAN,ai_generated,1024,1024,1.0,JPEG,97450,107e297470c396970262f6b9da3b26c3,c54e13ed956c28b2ae01ed90284349a7ea2ef6d649c1a5d1a45f4c9cb459ddd0,1.0,f8e203e7612bd683,ok,110.26207636666274,True,True,cluster_01954,train,/home/dheirav/Code/Deepfake_Detection/deepfake-project/dataset_builder/train/ai_generated/stylegan3_00300.png
data_sources/ai_generated/StyleGAN/stylegan3_00306.png,data_sources/ai_generated/StyleGAN,ai_generated,1024,1024,1.0,JPEG,114118,984c9b41eee5b6771bafce0122df6f2a,bf1af3581b1cad30e6ad6a221ad07952405f534550fd6f4c0c2db8cd0b0aedfc,1.0,9c1769622574f792,ok,112.60955108126564,True,True,cluster_01044,train,/home/dheirav/Code/Deepfake_Detection/deepfake-project/dataset_builder/train/ai_generated/stylegan3_00306.png
data_sources/ai_generated/StyleGAN/stylegan3_00315.png,data_sources/ai_generated/StyleGAN,ai_generated,1024,1024,1.0,JPEG,133096,9e3efdf53ecb0b490ff1d1729659e084,5ea0e4946bf27c2fbdc8f328b675ed929dd10f071f5c6e0ac648d93b73777cc5,1.0,aaaa75aa265c8ace,ok,162.2787669354584,True,True,cluster_00272,train,/home/dheirav/Code/Deepfake_Detection/deepfake-project/dataset_builder/train/ai_generated/stylegan3_00315.png
data_sources/ai_generated/StyleGAN/stylegan3_00320.png,data_sources/ai_generated/StyleGAN,ai_generated,1024,1024,1.0,JPEG,131297,01c90268d897640b73a121c452696894,0a7c2031955551e41a4bac79dbc9b750e497148ae8c2d224645a91b971daa322,1.0,834a36755114dbcf,ok,120.67528629287608,True,True,cluster_00309,train,/home/dheirav/Code/Deepfake_Detection/deepfake-project/dataset_builder/train/ai_generated/stylegan3_00320.png
data_sources/ai_generated/StyleGAN/stylegan3_00325.png,data_sources/ai_generated/StyleGAN,ai_generated,1024,1024,1.0,JPEG,124307,893771dae3fa7b53017f4b72a219d7c1,8d593496d037c4fd6beed5df42b7ee89e6d3db262fd807667b795cd5ffda96c6,1.0,eeeaf0911141dec6,ok,166.60992781195,True,True,cluster_00531,train,/home/dheirav/Code/Deepfake_Detection/deepfake-project/dataset_builder/train/ai_generated/stylegan3_00325.png
data_sources/ai_generated/StyleGAN/stylegan3_00326.png,data_sources/ai_generated/StyleGAN,ai_generated,1024,1024,1.0,JPEG,102470,702f96c8bfc4de5f0be9c331c8192fee,7d5d5f1480f5e1473ab2d73b5b11c8744c4ed4691986ce7399022dc151cc3a6d,1.0,aeb130e6b3cc92ca,ok,148.88757010504102,True,True,cluster_01728,train,/home/dheirav/Code/Deepfake_Detection/deepfake-project/dataset_builder/train/ai_generated/stylegan3_00326.png
data_sources/ai_generated/StyleGAN/stylegan3_00333.png,data_sources/ai_generated/StyleGAN,ai_generated,1024,1024,1.0,JPEG,97433,6e4b075129b1acc6bad58f984036fb08,0d88225ac0cbd0b6b06fa43bebc4e874e89e52ad74d0f9d87580983be4b07a6e,1.0,a3aa42d2c1c3d2df,ok,123.8933747396186,True,True,cluster_01955,train,/home/dheirav/Code/Deepfake_Detection/deepfake-project/dataset_builder/train/ai_generated/stylegan3_00333.png
data_sources/ai_generated/StyleGAN/stylegan3_00338.png,data_sources/ai_generated/StyleGAN,ai_generated,1024,1024,1.0,JPEG,104170,f607c395347ce167e402e3c6e241e1b5,737979885b292b3c5dd96092936248da99391a3f35e10476bd5897de9826249f,1.0,87991e1f7a28f289,ok,84.19413725664708,True,True,cluster_01627,train,/home/dheirav/Code/Deepfake_Detection/deepfake-project/dataset_builder/train/ai_generated/stylegan3_00338.png
data_sources/ai_generated/StyleGAN/stylegan3_00341.png,data_sources/ai_generated/StyleGAN,ai_generated,1024,1024,1.0,JPEG,123740,f187de4014577dfebc4153d7cbd76ffd,0dee4e0ef27e7d03015964fccc25a29a6d8e1c241e8d2db1eed204cbe3722bf0,1.0,de854b1e29788f98,ok,121.49806897656163,True,True,cluster_00557,train,/home/dheirav/Code/Deepfake_Detection/deepfake-project/dataset_builder/train/ai_generated/stylegan3_00341.png
data_sources/ai_generated/StyleGAN/stylegan3_00342.png,data_sources/ai_generated/StyleGAN,ai_generated,1024,1024,1.0,JPEG,177210,646090d731691339788873145115ecf5,d5dd0f88276725733f92461a7cc2a2d81bb0978bcad5523b1d0f7e1f97069572,1.0,fac4e182052f369f,ok,474.0023207157418,True,True,cluster_00004,train,/home/dheirav/Code/Deepfake_Detection/deepfake-project/dataset_builder/train/ai_generated/stylegan3_00342.png
data_sources/ai_generated/StyleGAN/stylegan3_00348.png,data_sources/ai_generated/StyleGAN,ai_generated,1024,1024,1.0,JPEG,113885,24bb89d4bedcd64587cab3c0145ebd03,64b0dd35a4b048394657c91914229d1cd54bed39e361d4dbaa7b7db5058a7416,1.0,8bc73cea60bcca98,ok,153.77508627499537,True,True,cluster_01061,train,/home/dheirav/Code/Deepfake_Detection/deepfake-project/dataset_builder/train/ai_generated/stylegan3_00348.png
data_sources/ai_generated/StyleGAN/stylegan3_00352.png,data_sources/ai_generated/StyleGAN,ai_generated,1024,1024,1.0,JPEG,105629,a6ed9df0ef1d32c7cbed2911e4e307a0,7c698f6a5749c1ff499bca4bf4639da770b09df9e552e6ec3e5d4e9ea5a55af8,1.0,a50d3ef6303292db,ok,110.48189238055691,True,True,cluster_01544,train,/home/dheirav/Code/Deepfake_Detection/deepfake-project/dataset_builder/train/ai_generated/stylegan3_00352.png
data_sources/ai_generated/StyleGAN/stylegan3_00367.png,data_sources/ai_generated/StyleGAN,ai_generated,1024,1024,1.0,JPEG,109306,6b66ee021c14572bdb8a87505242db2f,eca78dbf837f81a414940996991315730f1abc9a377c999a8eed1fd9716def4e,1.0,fe6760e482c2a7ca,ok,90.61563447976005,True,True,cluster_01324,train,/home/dheirav/Code/Deepfake_Detection/deepfake-project/dataset_builder/train/ai_generated/stylegan3_00367.png
data_sources/ai_generated/StyleGAN/stylegan3_00370.png,data_sources/ai_generated/StyleGAN,ai_generated,1024,1024,1.0,JPEG,110312,fd52d42db4c8c239d5103ece9628fc4b,f92178a086900cd9e24f2d77135fba958ea8bb9650f8c505676794a7a289a2c2,1.0,8bd4acd2d4070b5f,ok,144.30710837429706,True,True,cluster_01279,train,/home/dheirav/Code/Deepfake_Detection/deepfake-project/dataset_builder/train/ai_generated/stylegan3_00370.png
data_sources/ai_generated/StyleGAN/stylegan3_00374.png,data_sources/ai_generated/StyleGAN,ai_generated,1024,1024,1.0,JPEG,98362,3f2858d3e3e5db9390662379c36d362a,bbc8de5fb33c99d951abd701e408a0485193e6b4b084ae1d91972232212c85f4,1.0,c3c88f69247f31d8,ok,92.31503200528732,True,True,cluster_01921,train,/home/dheirav/Code/Deepfake_Detection/deepfake-project/dataset_builder/train/ai_generated/stylegan3_00374.png
data_sources/ai_generated/StyleGAN/stylegan3_00378.png,data_sources/ai_generated/StyleGAN,ai_generated,1024,1024,1.0,JPEG,103826,5304b8cfb76e848e2caea52ab2ea26d4,70081ce3a535aa54f4f222cb13c4e90b86e1dc1c05570141eea218e56293c65d,1.0,da2b2956b65897d0,ok,109.73995674124214,True,True,cluster_01649,train,/home/dheirav/Code/Deepfake_Detection/deepfake-project/dataset_builder/train/ai_generated/stylegan3_00378.png
data_sources/ai_generated/StyleGAN/stylegan3_00387.png,data_sources/ai_generated/StyleGAN,ai_generated,1024,1024,1.0,JPEG,109417,4da40ccd3258a2012376f55f573f31d7,fe91f69f2267d465e9c3b77696fe8069d5e7b088562deb8c18e7b7d0ee12a5e4,1.0,cf3865b2632b9386,ok,113.3594766958704,True,True,cluster_01317,train,/home/dheirav/Code/Deepfake_Detection/deepfake-project/dataset_builder/train/ai_generated/stylegan3_00387.png
data_sources/ai_generated/StyleGAN/stylegan3_00395.png,data_sources/ai_generated/StyleGAN,ai_generated,1024,1024,1.0,JPEG,121382,664b480168cf55313236e1c94b48ea4e,da01225a042b341ea573496f20f076be9fd20311b77f8251278254da96b5be03,1.0,abd236de7a741488,ok,186.05546089669127,True,True,cluster_00669,train,/home/dheirav/Code/Deepfake_Detection/deepfake-project/dataset_builder/train/ai_generated/stylegan3_00395.png
data_sources/ai_generated/StyleGAN/stylegan3_00414.png,data_sources/ai_generated/StyleGAN,ai_generated,1024,1024,1.0,JPEG,123443,c6ace9f4172e855cca0852f464caa11b,817ab54dcddb0866e1a9cc24d20da62fe417010dea4f81fde2dbfaedc36af5d1,1.0,9c9597d653d89a88,ok,446.9592121434898,True,True,cluster_00567,train,/home/dheirav/Code/Deepfake_Detection/deepfake-project/dataset_builder/train/ai_generated/stylegan3_00414.png
data_sources/ai_generated/StyleGAN/stylegan3_00416.png,data_sources/ai_generated/StyleGAN,ai_generated,1024,1024,1.0,JPEG,147994,919dac6f17f149e337f552889662782d,09a6847a8f48611f59df8cd392eb07d9ab1609247a4011e2c70667fd444d52f5,1.0,ca811f165e6a57d8,ok,370.54615798323357,True,True,cluster_00080,train,/home/dheirav/Code/Deepfake_Detection/deepfake-project/dataset_builder/train/ai_generated/stylegan3_00416.png
data_sources/ai_generated/StyleGAN/stylegan3_00420.png,data_sources/ai_generated/StyleGAN,ai_generated,1024,1024,1.0,JPEG,102294,275e65d2827df6b4d7328ce5ee8289f5,97f525da618daeccf3c6b7b223381311748da7a8a0ff55a3298802a5a6d0111f,1.0,fea3a9a321a78586,ok,509.2124075448335,True,True,cluster_01739,train,/home/dheirav/Code/Deepfake_Detection/deepfake-project/dataset_builder/train/ai_generated/stylegan3_00420.png
data_sources/ai_generated/StyleGAN/stylegan3_00421.png,data_sources/ai_generated/StyleGAN,ai_generated,1024,1024,1.0,JPEG,103550,e09a4db5dde53d11aba420bf468d95cd,677042e9d65a2ab31011283b6f1d2393357f44d0da9715d50451b4629f69fa34,1.0,8ff4f4d2d2383289,ok,116.23459270776128,True,True,cluster_01664,train,/home/dheirav/Code/Deepfake_Detection/deepfake-project/dataset_builder/train/ai_generated/stylegan3_00421.png
data_sources/ai_generated/StyleGAN/stylegan3_00423.png,data_sources/ai_generated/StyleGAN,ai_generated,1024,1024,1.0,JPEG,153077,baa5d59334b8f6ebefa2883ea3234e56,f606b7a2dc494e939497f99c0a69511301aa69a4787d892406bb6d3d9aee6c2f,1.0,ea15ada349e17a85,ok,571.4418654363508,True,True,cluster_00056,train,/home/dheirav/Code/Deepfake_Detection/deepfake-project/dataset_builder/train/ai_generated/stylegan3_00423.png
data_sources/ai_generated/StyleGAN/stylegan3_00424.png,data_sources/ai_generated/StyleGAN,ai_generated,1024,1024,1.0,JPEG,97215,1286d05587726a795f4ec1a076a8a3f7,663d80d4d00c733d2052fe8a448e4e0a9a515a68d81225aef01c3a616c3341c0,1.0,9ea1d0d2ea68a71b,ok,108.12035362844108,True,True,cluster_01964,train,/home/dheirav/Code/Deepfake_Detection/deepfake-project/dataset_builder/train/ai_generated/stylegan3_00424.png
data_sources/ai_generated/StyleGAN/stylegan3_00438.png,data_sources/ai_generated/StyleGAN,ai_generated,1024,1024,1.0,JPEG,142990,c415f76a0ff66c0ca623a13d82bcd9f5,cf543572a1c00e65df2188815d24c1a6f273b68476d7a19151c5b81d91eb37af,1.0,c93b78b2312d29ce,ok,124.81514215044444,True,True,cluster_00118,train,/home/dheirav/Code/Deepfake_Detection/deepfake-project/dataset_builder/train/ai_generated/stylegan3_00438.png
data_sources/ai_generated/StyleGAN/stylegan3_00447.png,data_sources/ai_generated/StyleGAN,ai_generated,1024,1024,1.0,JPEG,96863,cdddb0e8c36908bd0c52077441e9c630,2345b50b7bdd2cfba86ee19981be956547b9215ac53be138173aa1168c341291,1.0,da24f8a524bd879c,ok,89.67196762349977,True,True,cluster_01981,train,/home/dheirav/Code/Deepfake_Detection/deepfake-project/dataset_builder/train/ai_generated/stylegan3_00447.png
data_sources/ai_generated/StyleGAN/stylegan3_00448.png,data_sources/ai_generated/StyleGAN,ai_generated,1024,1024,1.0,JPEG,115522,dbf0ac7a0bebc03c86d8b8df8cc8d31b,0e751ad9356df6adafc9847e3ecca13f0c9846c5f027935da8ceb75a48ac7df5,1.0,de7d6462245982dd,ok,136.52782442959779,True,True,cluster_00959,train,/home/dheirav/Code/Deepfake_Detection/deepfake-project/dataset_builder/train/ai_generated/stylegan3_00448.png
data_sources/ai_generated/StyleGAN/stylegan3_00455.png,data_sources/ai_generated/StyleGAN,ai_generated,1024,1024,1.0,JPEG,100710,9e557a8b78c661c89902ca9c48925ea1,f4e6c0bab9ccfd34d8d921d9d9933855687ba2225a7fec473f2c51a4e4eff2f7,1.0,cb3a649bc75907c8,ok,117.78961844929924,True,True,cluster_01814,train,/home/dheirav/Code/Deepfake_Detection/deepfake-project/dataset_builder/train/ai_generated/stylegan3_00455.png
data_sources/ai_generated/StyleGAN/stylegan3_00457.png,data_sources/ai_generated/StyleGAN,ai_generated,1024,1024,1.0,JPEG,122021,dfbb9a95bb08b1b511d9ce1df35ae1db,59101956cef85404b19ad7c0b2c698198f5070dd3a014c5a31f85e3462ce53c9,1.0,fa7a667124759886,ok,161.50316524383015,True,True,cluster_00639,train,/home/dheirav/Code/Deepfake_Detection/deepfake-project/dataset_builder/train/ai_generated/stylegan3_00457.png
data_sources/ai_generated/StyleGAN/stylegan3_00460.png,data_sources/ai_generated/StyleGAN,ai_generated,1024,1024,1.0,JPEG,107661,4c49fc9fb3f44532771c3e34216a6c43,126d0ad52810f269123a7f94c76013b8bb52b59030fbf5642b40b559926ed356,1.0,e85845637707a78b,ok,80.03394942772047,True,True,cluster_01413,train,/home/dheirav/Code/Deepfake_Detection/deepfake-project/dataset_builder/train/ai_generated/stylegan3_00460.png
data_sources/ai_generated/StyleGAN/stylegan3_00462.png,data_sources/ai_generated/StyleGAN,ai_generated,1024,1024,1.0,JPEG,162113,fbaba0559dc5a653a520828abdebd61f,3c4ab169eb78eafecce2052810732a3132d947046aa5de952353477203124af9,1.0,dc7e207f27610783,ok,322.18791110408245,True,True,cluster_00024,train,/home/dheirav/Code/Deepfake_Detection/deepfake-project/dataset_builder/train/ai_generated/stylegan3_00462.png
data_sources/ai_generated/StyleGAN/stylegan3_00470.png,data_sources/ai_generated/StyleGAN,ai_generated,1024,1024,1.0,JPEG,100327,63398148307e9cfe3121c6355f877581,2e1cddfd47d17c53c79e6bbfe6b4021e911353286fd6cb6a4263a25e37195f3b,1.0,8f7eb573b0318a88,ok,259.39139045871616,True,True,cluster_01841,train,/home/dheirav/Code/Deepfake_Detection/deepfake-project/dataset_builder/train/ai_generated/stylegan3_00470.png
data_sources/ai_generated/StyleGAN/stylegan3_00486.png,data_sources/ai_generated/StyleGAN,ai_generated,1024,1024,1.0,JPEG,107053,3d3e64a1bb92edbe45b268ea60952512,69a738db48a67060d24b608e19a94fc53ff9bb9449dcd8ec92e42818e9704f1e,1.0,986a79666456d59a,ok,126.64710890910555,True,True,cluster_01449,train,/home/dheirav/Code/Deepfake_Detection/deepfake-project/dataset_builder/train/ai_generated/stylegan3_00486.png
data_sources/ai_generated/StyleGAN/stylegan3_00501.png,data_sources/ai_generated/StyleGAN,ai_generated,1024,1024,1.0,JPEG,111474,f2ce39d431e821001633abf02d6ff354,a19838405caf2db2a5aedb30b032f67dcaffb1f8b36bd242a8754f6d9759e930,1.0,f2e8ea877705018f,ok,87.7105616603476,True,True,cluster_01206,train,/home/dheirav/Code/Deepfake_Detection/deepfake-project/dataset_builder/train/ai_generated/stylegan3_00501.png
data_sources/ai_generated/StyleGAN/stylegan3_00505.png,data_sources/ai_generated/StyleGAN,ai_generated,1024,1024,1.0,JPEG,99609,196a372a4514ab9ba0fae31829574847,1183f3fa2f9a5506cde767f7368d3d35cc0324b32a8637f6e221b922eb5ea8cd,1.0,f96825f6d6d2c288,ok,147.82288643652188,True,True,cluster_01873,train,/home/dheirav/Code/Deepfake_Detection/deepfake-project/dataset_builder/train/ai_generated/stylegan3_00505.png
data_sources/ai_generated/StyleGAN/stylegan3_00508.png,data_sources/ai_generated/StyleGAN,ai_generated,1024,1024,1.0,JPEG,105555,c3e3980e522ab4ac5756a13c659f9385,5b26a9dbfacfee3fe3d3592d7f06469fcfed004ce20ab2722a24d87366f680e9,1.0,d128c46f257d96c6,ok,122.82264804621718,True,True,cluster_01547,train,/home/dheirav/Code/Deepfake_Detection/deepfake-project/dataset_builder/train/ai_generated/stylegan3_00508.png
data_sources/ai_generated/StyleGAN/stylegan3_00518.png,data_sources/ai_generated/StyleGAN,ai_generated,1024,1024,1.0,JPEG,102849,dc9454271f1689531a72e05febdfdd5e,9a982a6b3d6bbe45e5e9f8360acccd50e5aef03fd3d2324d069cd1929210bc4d,1.0,92cee93a6569e512,ok,180.4451111328153,True,True,cluster_01709,train,/home/dheirav/Code/Deepfake_Detection/deepfake-project/dataset_builder/train/ai_generated/stylegan3_00518.png
data_sources/ai_generated/StyleGAN/stylegan3_00524.png,data_sources/ai_generated/StyleGAN,ai_generated,1024,1024,1.0,JPEG,116506,cee8c6145b9467394f99aa0510947fb0,40070ff14104fc58335e4c4096b96b6a0fe919c05fa16a81d4a1c80d8cc1e2a4,1.0,d0819cc2db6f6b1c,ok,144.52568875101497,True,True,cluster_00919,train,/home/dheirav/Code/Deepfake_Detection/deepfake-project/dataset_builder/train/ai_generated/stylegan3_00524.png
data_sources/ai_generated/StyleGAN/stylegan3_00527.png,data_sources/ai_generated/StyleGAN,ai_generated,1024,1024,1.0,JPEG,101582,54504d7455a08f164c352ea550e48ca2,ac16fe52e350993ebb2f7c1b68277c3e347a65c70e63a69fc4d732b5ba6002cf,1.0,9bac25b666988a8f,ok,88.93263515813214,True,True,cluster_01763,train,/home/dheirav/Code/Deepfake_Detection/deepfake-project/dataset_builder/train/ai_generated/stylegan3_00527.png
data_sources/ai_generated/StyleGAN/stylegan3_00535.png,data_sources/ai_generated/StyleGAN,ai_generated,1024,1024,1.0,JPEG,104505,1601acbd4ddd42512dd4f09b0f83a057,6db4d75bc18f160a0ec7cb85acd0205b20beec187061a52e539c80bbed105657,1.0,ea6a29a3a3b4878e,ok,194.3083246609567,True,True,cluster_01606,train,/home/dheirav/Code/Deepfake_Detection/deepfake-project/dataset_builder/train/ai_generated/stylegan3_00535.png
data_sources/ai_generated/StyleGAN/stylegan3_00536.png,data_sources/ai_generated/StyleGAN,ai_generated,1024,1024,1.0,JPEG,119356,0f73c748f7318c5c9941eb84ef5415d1,f11cb90f21fd027ee26f003d0f4b485a023daff5188c674845966b0cf3740493,1.0,fef0e085a528c78e,ok,159.55747886485824,True,True,cluster_00776,train,/home/dheirav/Code/Deepfake_Detection/deepfake-project/dataset_builder/train/ai_generated/stylegan3_00536.png
data_sources/ai_generated/StyleGAN/stylegan3_00540.png,data_sources/ai_generated/StyleGAN,ai_generated,1024,1024,1.0,JPEG,124015,4e960f4b68445c6c119f7945cc12e77b,167b32786b1c6a4c84ae80f8338148d22651c935a482c0563076a0822945780e,1.0,8783dd15617a7389,ok,212.7724833646207,True,True,cluster_00544,train,/home/dheirav/Code/Deepfake_Detection/deepfake-project/dataset_builder/train/ai_generated/stylegan3_00540.png
data_sources/ai_generated/StyleGAN/stylegan3_00541.png,data_sources/ai_generated/StyleGAN,ai_generated,1024,1024,1.0,JPEG,172315,053bafba770cdecf00aff635bf21f8de,f034d8b84dd0971a96eda76e50102e6f44e916f5bb07e140d54fd6664309860a,1.0,c0d683b585015fdf,ok,580.2102365826104,True,True,cluster_00008,train,/home/dheirav/Code/Deepfake_Detection/deepfake-project/dataset_builder/train/ai_generated/stylegan3_00541.png
data_sources/ai_generated/StyleGAN/stylegan3_00543.png,data_sources/ai_generated/StyleGAN,ai_generated,1024,1024,1.0,JPEG,104447,b678a6da8928a057eefaf7560a5693a1,3034a6b948296c42458003c7519d00a02e3d202df49deecd6855696c2b3c8593,1.0,8f2b34fa90d88bca,ok,84.88167294125014,True,True,cluster_01610,train,/home/dheirav/Code/Deepfake_Detection/deepfake-project/dataset_builder/train/ai_generated/stylegan3_00543.png
data_sources/ai_generated/StyleGAN/stylegan3_00544.png,data_sources/ai_generated/StyleGAN,ai_generated,1024,1024,1.0,JPEG,109136,239946aadfaceaee8fa25debbc768c92,bea57f05d33b44d0d15615ac0687781f06d179beb0fd2eee838224e3704493b1,1.0,9f7a3823616585d6,ok,84.48074222258492,True,True,cluster_01331,train,/home/dheirav/Code/Deepfake_Detection/deepfake-project/dataset_builder/train/ai_generated/stylegan3_00544.png
data_sources/ai_generated/StyleGAN/stylegan3_00546.png,data_sources/ai_generated/StyleGAN,ai_generated,1024,1024,1.0,JPEG,97829,cbadbffd6a39cc86175e947add367784,85a494cc8f496cecd0de123c4dbf05daa432d21a730928fdeb9be573935daad1,1.0,8ba534d23299e3ce,ok,91.15779911284244,True,True,cluster_01942,train,/home/dheirav/Code/Deepfake_Detection/deepfake-project/dataset_builder/train/ai_generated/stylegan3_00546.png
data_sources/ai_generated/StyleGAN/stylegan3_00551.png,data_sources/ai_generated/StyleGAN,ai_generated,1024,1024,1.0,JPEG,103239,6a70fb4d191a38d0ebeb8b7c2f287b94,e69337784e66f07c3d7bbcbfa38cfab524aa3e2ece6a4bceeeb882ff3adf226c,1.0,db247027f01cdbd2,ok,111.83312958995428,True,True,cluster_01684,train,/home/dheirav/Code/Deepfake_Detection/deepfake-project/dataset_builder/train/ai_generated/stylegan3_00551.png
data_sources/ai_generated/StyleGAN/stylegan3_00553.png,data_sources/ai_generated/StyleGAN,ai_generated,1024,1024,1.0,JPEG,102585,f131ef23e99ba302c03e208d5aea97cf,9357873f85946b450ab4def3bdb884c886658b18e7b3fac24ad0e7f4f34fac53,1.0,9e2069e725dc939a,ok,110.52040348362698,True,True,cluster_01722,train,/home/dheirav/Code/Deepfake_Detection/deepfake-project/dataset_builder/train/ai_generated/stylegan3_00553.png
data_sources/ai_generated/StyleGAN/stylegan3_00554.png,data_sources/ai_generated/StyleGAN,ai_generated,1024,1024,1.0,JPEG,121337,2823e64491a59a9f21629b76c0641964,ce6e3a585105afb7e450cf202f4fe268ae9280c3546116f64583acc7db86e47f,1.0,a5ad3ef0f22093ca,ok,120.54308035916526,True,True,cluster_00673,train,/home/dheirav/Code/Deepfake_Detection/deepfake-project/dataset_builder/train/ai_generated/stylegan3_00554.png
data_sources/ai_generated/StyleGAN/stylegan3_00556.png,data_sources/ai_generated/StyleGAN,ai_generated,1024,1024,1.0,JPEG,120581,c2a141c4569f7f3ea2185244efa5f673,443f28f0fa1c60768d27f97f498fbea465042e33b1652aa8f5b0a8e8464fe277,1.0,8ee568d6251a67e8,ok,105.48779582616316,True,True,cluster_00708,train,/home/dheirav/Code/Deepfake_Detection/deepfake-project/dataset_builder/train/ai_generated/stylegan3_00556.png
data_sources/ai_generated/StyleGAN/stylegan3_00559.png,data_sources/ai_generated/StyleGAN,ai_generated,1024,1024,1.0,JPEG,111391,eeb39dc828312dc4fa530be73af7f7c1,fed5102608d4b31c6d9321092a96a47cf7d3be76ff9ccf940b466b5b9c437ce4,1.0,9c5678356123dcb3,ok,213.1952533198055,True,True,cluster_01213,train,/home/dheirav/Code/Deepfake_Detection/deepfake-project/dataset_builder/train/ai_generated/stylegan3_00559.png
data_sources/ai_generated/StyleGAN/stylegan3_00565.png,data_sources/ai_generated/StyleGAN,ai_generated,1024,1024,1.0,JPEG,122418,cbdc6a52f139f43eec888bd2962a4555,5a295dda6fec50206aaa79eb2b67079d09161c732cea1c3631a5b70a59bf7e76,1.0,8a8bde837843c2db,ok,213.141739829668,True,True,cluster_00612,train,/home/dheirav/Code/Deepfake_Detection/deepfake-project/dataset_builder/train/ai_generated/stylegan3_00565.png
data_sources/ai_generated/StyleGAN/stylegan3_00568.png,data_sources/ai_generated/StyleGAN,ai_generated,1024,1024,1.0,JPEG,123467,de7fd8496e1a5d22c72183f769d8df42,cf6cc8cdd1536460b694e0abafec9815f5beb4a409414b4129bc361c3a52df39,1.0,edd278522529728f,ok,143.4853368838667,True,True,cluster_00563,train,/home/dheirav/Code/Deepfake_Detection/deepfake-project/dataset_builder/train/ai_generated/stylegan3_00568.png
data_sources/ai_generated/StyleGAN/stylegan3_00575.png,data_sources/ai_generated/StyleGAN,ai_generated,1024,1024,1.0,JPEG,150613,ffd5e11e79de78d2f9383415a0ae3923,d2f09bcb74151da327c2abce8c1f311bc9ff123e7360cdf1fe4a7c874242c9d0,1.0,daa530e2b7c98693,ok,250.44828650540052,True,True,cluster_00062,train,/home/dheirav/Code/Deepfake_Detection/deepfake-project/dataset_builder/train/ai_generated/stylegan3_00575.png
data_sources/ai_generated/StyleGAN/stylegan3_00577.png,data_sources/ai_generated/StyleGAN,ai_generated,1024,1024,1.0,JPEG,102123,a9a6bcb6dc4938e10e5aa3a12606bd62,1aced574d2690b185dcb9418b82decb5ad5dd2c2f1911271f3dac2cb6b9315c0,1.0,af11345ad341cb5b,ok,96.07513390945678,True,True,cluster_01745,train,/home/dheirav/Code/Deepfake_Detection/deepfake-project/dataset_builder/train/ai_generated/stylegan3_00577.png
data_sources/ai_generated/StyleGAN/stylegan3_00581.png,data_sources/ai_generated/StyleGAN,ai_generated,1024,1024,1.0,JPEG,102252,c199f66456062f8764b24b659daec369,3988280fd7cf392addea84f3bdda03b92ac7b102e16b60f65cf25bd57d839344,1.0,bbf48053842fcf1a,ok,278.08965960335524,True,True,cluster_01741,train,/home/dheirav/Code/Deepfake_Detection/deepfake-project/dataset_builder/train/ai_generated/stylegan3_00581.png
data_sources/ai_generated/StyleGAN/stylegan3_00585.png,data_sources/ai_generated/StyleGAN,ai_generated,1024,1024,1.0,JPEG,109544,9db6f072ecaa4afc61e0b57ac162f7d5,f94a9f11db8dd5017108d3de3c06195615e2d6ad5e494290e40cbe8e6e31fccd,1.0,98a1a786864f5bd9,ok,110.48526756372303,True,True,cluster_01311,train,/home/dheirav/Code/Deepfake_Detection/deepfake-project/dataset_builder/train/ai_generated/stylegan3_00585.png
data_sources/ai_generated/StyleGAN/stylegan3_00593.png,data_sources/ai_generated/StyleGAN,ai_generated,1024,1024,1.0,JPEG,115303,ec85fa95d7819241bdc220dacda992cc,c22af40e705ad863e575ad627af5a3b08f24c227911c26a1d0ee4f7c7dbddfaf,1.0,faa595878a8a8b99,ok,193.16278552960915,True,True,cluster_00973,train,/home/dheirav/Code/Deepfake_Detection/deepfake-project/dataset_builder/train/ai_generated/stylegan3_00593.png
data_sources/ai_generated/StyleGAN/stylegan3_00596.png,data_sources/ai_generated/StyleGAN,ai_generated,1024,1024,1.0,JPEG,132980,bd444fe931fa0eb8ecc4fe21abfe76df,0db4d35c4d500928501c37620c64d88376acce346a84690762ff445f53929173,1.0,9e496147a75ac29d,ok,112.78055185713674,True,True,cluster_00274,train,/home/dheirav/Code/Deepfake_Detection/deepfake-project/dataset_builder/train/ai_generated/stylegan3_00596.png
data_sources/ai_generated/StyleGAN/stylegan3_00598.png,data_sources/ai_generated/StyleGAN,ai_generated,1024,1024,1.0,JPEG,110180,f65560010987537f87e657f35628b031,deb38c1129349abcb8e2c30f5a59e607f22e09be7b70cc7981878476b01590b9,1.0,cf3e6036e14dcc86,ok,81.95535087579628,True,True,cluster_01286,train,/home/dheirav/Code/Deepfake_Detection/deepfake-project/dataset_builder/train/ai_generated/stylegan3_00598.png
data_sources/ai_generated/StyleGAN/stylegan3_00604.png,data_sources/ai_generated/StyleGAN,ai_generated,1024,1024,1.0,JPEG,121123,1b07c4d0e23e6c85fa77d55420fdda7d,71a55e4512030b801325bb87e249dc5018960fdce6a67830f7a5cb53742a51f3,1.0,c0bd0713f4f0d693,ok,163.55556773680925,True,True,cluster_00679,train,/home/dheirav/Code/Deepfake_Detection/deepfake-project/dataset_builder/train/ai_generated/stylegan3_00604.png
data_sources/ai_generated/StyleGAN/stylegan3_00607.png,data_sources/ai_generated/StyleGAN,ai_generated,1024,1024,1.0,JPEG,140025,344c197a8cd6a25fea670ae45306fb80,81f8056c8083763520052372a96f17400f3d19176b744ff2a6ef205e67368dce,1.0,d40a796305faa7ca,ok,212.0263147320283,True,True,cluster_00149,train,/home/dheirav/Code/Deepfake_Detection/deepfake-project/dataset_builder/train/ai_generated/stylegan3_00607.png
data_sources/ai_generated/StyleGAN/stylegan3_00615.png,data_sources/ai_generated/StyleGAN,ai_generated,1024,1024,1.0,JPEG,120806,64d3231facd8b9052a62569a344ea123,743684ecab38d734fb79fb471594537b1969001bdcc3cbb5b5db8811a1793d2a,1.0,9e792743a55a968a,ok,199.92970275686457,True,True,cluster_00697,train,/home/dheirav/Code/Deepfake_Detection/deepfake-project/dataset_builder/train/ai_generated/stylegan3_00615.png
data_sources/ai_generated/StyleGAN/stylegan3_00619.png,data_sources/ai_generated/StyleGAN,ai_generated,1024,1024,1.0,JPEG,164506,d77cbd92cb90a43780cc73b3233d6b80,9c720e8f733a3c5fdbd9b49ecace8e67b52fbf536b49c9289a7fe377d6d0d086,1.0,d86323466f4685de,ok,521.2410114847578,True,True,cluster_00020,train,/home/dheirav/Code/Deepfake_Detection/deepfake-project/dataset_builder/train/ai_generated/stylegan3_00619.png
data_sources/ai_generated/StyleGAN/stylegan3_00620.png,data_sources/ai_generated/StyleGAN,ai_generated,1024,1024,1.0,JPEG,113093,d16a3779895fb5c223fdcc1e4656b966,6851ea4c59ef9fb80aae1c9cbc24b0d346fa80522e02da3abb02b81ab877a8ee,1.0,dea0fcb72100d29f,ok,126.02567632061161,True,True,cluster_01105,train,/home/dheirav/Code/Deepfake_Detection/deepfake-project/dataset_builder/train/ai_generated/stylegan3_00620.png
data_sources/ai_generated/StyleGAN/stylegan3_00624.png,data_sources/ai_generated/StyleGAN,ai_generated,1024,1024,1.0,JPEG,124860,82204310e2faecd8002030a14ef68bd3,b9b30b9af9e13041c23652ce36a1764f838ef506e41027e642f0603917777b7e,1.0,8a0a747570b89fd3,ok,118.33474913187092,True,True,cluster_00508,train,/home/dheirav/Code/Deepfake_Detection/deepfake-project/dataset_builder/train/ai_generated/stylegan3_00624.png
data_sources/ai_generated/StyleGAN/stylegan3_00632.png,data_sources/ai_generated/StyleGAN,ai_generated,1024,1024,1.0,JPEG,101734,f218e0498342c144564b2fc41f40c021,b302c773fcf873feef33826d1a4aaf4073ab08e79f075c8bee488bf1ad239d07,1.0,aaf4a4cb704a279e,ok,86.32604761398397,True,True,cluster_01755,train,/home/dheirav/Code/Deepfake_Detection/deepfake-project/dataset_builder/train/ai_generated/stylegan3_00632.png
data_sources/ai_generated/StyleGAN/stylegan3_00633.png,data_sources/ai_generated/StyleGAN,ai_generated,1024,1024,1.0,JPEG,106463,1b34a94f54f7cef241dac55c0c14579b,86ed4a2018f74c3e42087a3b063fb1341cf91f2480e98019ad787ba3f8da1167,1.0,caeb2b257cb8c4c4,ok,88.73803275124281,True,True,cluster_01494,train,/home/dheirav/Code/Deepfake_Detection/deepfake-project/dataset_builder/train/ai_generated/stylegan3_00633.png
data_sources/ai_generated/StyleGAN/stylegan3_00636.png,data_sources/ai_generated/StyleGAN,ai_generated,1024,1024,1.0,JPEG,130154,91d87ac4a0bc94937afc09d2fd92f743,dbe357a5172c714c316ddea8ed03f714e49882752762b352d86848c2f4902fc9,1.0,ad47723fb118c986,ok,163.3772150936047,True,True,cluster_00341,train,/home/dheirav/Code/Deepfake_Detection/deepfake-project/dataset_builder/train/ai_generated/stylegan3_00636.png
data_sources/ai_generated/StyleGAN/stylegan3_00639.png,data_sources/ai_generated/StyleGAN,ai_generated,1024,1024,1.0,JPEG,129626,e1f95a1aebf2b15191503545ce6f4c48,53bdabf8cb0e4452647e55c3b9809ee176786062570f55d2867c6f0ff13edc88,1.0,afb574b27038a2d2,ok,123.19463884418565,True,True,cluster_00351,train,/home/dheirav/Code/Deepfake_Detection/deepfake-project/dataset_builder/train/ai_generated/stylegan3_00639.png
data_sources/ai_generated/StyleGAN/stylegan3_00646.png,data_sources/ai_generated/StyleGAN,ai_generated,1024,1024,1.0,JPEG,121170,f83dda2c4df489999a33bedbd3662ccd,9d9c1c533f19551a0dc8a01ffc84980e7f920217af246a7504b59b228d7e8677,1.0,9cc085c27b2de39d,ok,85.52543830451032,True,True,cluster_00677,train,/home/dheirav/Code/Deepfake_Detection/deepfake-project/dataset_builder/train/ai_generated/stylegan3_00646.png
data_sources/ai_generated/StyleGAN/stylegan3_00652.png,data_sources/ai_generated/StyleGAN,ai_generated,1024,1024,1.0,JPEG,137979,32bdd49c9f8f8d539c681257d1da143b,23915422705c32a0e72bee79b23daab43d189e4d8db03e46d51dc71bba38aeb2,1.0,cdcaa53e07161e9c,ok,584.8041705336509,True,True,cluster_00176,train,/home/dheirav/Code/Deepfake_Detection/deepfake-project/dataset_builder/train/ai_generated/stylegan3_00652.png
data_sources/ai_generated/StyleGAN/stylegan3_00656.png,data_sources/ai_generated/StyleGAN,ai_generated,1024,1024,1.0,JPEG,96833,27b2af35d4195963156815944320e07d,71fe7308630c9f251cc0a327f7b60d7eb8d1f4268e95ffc195d9eaf1f082d186,1.0,bfa06f1005bae2d3,ok,83.21949763584053,True,True,cluster_01983,train,/home/dheirav/Code/Deepfake_Detection/deepfake-project/dataset_builder/train/ai_generated/stylegan3_00656.png
data_sources/ai_generated/StyleGAN/stylegan3_00665.png,data_sources/ai_generated/StyleGAN,ai_generated,1024,1024,1.0,JPEG,109200,67aec26cf29a0586e426470c5751df47,b45557da292a7ed9dd4a206e7d2235847722108cbc87250655bed68b3a9b66f5,1.0,f3ff7030f03093c2,ok,157.823590191786,True,True,cluster_01328,train,/home/dheirav/Code/Deepfake_Detection/deepfake-project/dataset_builder/train/ai_generated/stylegan3_00665.png
data_sources/ai_generated/StyleGAN/stylegan3_00673.png,data_sources/ai_generated/StyleGAN,ai_generated,1024,1024,1.0,JPEG,114254,54b481b300fb699eaf1f64b886a9d08a,1d8fd452a98c60f9c4ddfef41dbe6ef92ce5cb42d5b5488b956d9bd141574b75,1.0,f8158687529edacc,ok,364.3534016054973,True,True,cluster_01035,train,/home/dheirav/Code/Deepfake_Detection/deepfake-project/dataset_builder/train/ai_generated/stylegan3_00673.png
data_sources/ai_generated/StyleGAN/stylegan3_00683.png,data_sources/ai_generated/StyleGAN,ai_generated,1024,1024,1.0,JPEG,124028,c749ebbf2801773686110d2b090c09bc,aefe4e13a91d52d091ccb3255f45f68339192795c64519be814fcfa4c9b26160,1.0,c7703e32f073d0d8,ok,137.49027970629686,True,True,cluster_00543,train,/home/dheirav/Code/Deepfake_Detection/deepfake-project/dataset_builder/train/ai_generated/stylegan3_00683.png
data_sources/ai_generated/StyleGAN/stylegan3_00684.png,data_sources/ai_generated/StyleGAN,ai_generated,1024,1024,1.0,JPEG,104610,01cc74a10ea68ef37b7e6ae13b75efd6,1877514365e3fd73160b3d7d63abb0375b5c8cf6ac03c4e21b97fe0da73dd5cd,1.0,ea8b85d896699ac9,ok,119.1748142241122,True,True,cluster_01598,train,/home/dheirav/Code/Deepfake_Detection/deepfake-project/dataset_builder/train/ai_generated/stylegan3_00684.png
data_sources/ai_generated/StyleGAN/stylegan3_00689.png,data_sources/ai_generated/StyleGAN,ai_generated,1024,1024,1.0,JPEG,114931,fe2451b70b73a81d010b444af26decd2,32904c28629e17d6f36dabddaf234ffdc95e6d59742c30df9d04ca04c9a609c4,1.0,dfa0a1d6ce0a899b,ok,147.75470915972255,True,True,cluster_00986,train,/home/dheirav/Code/Deepfake_Detection/deepfake-project/dataset_builder/train/ai_generated/stylegan3_00689.png
data_sources/ai_generated/StyleGAN/stylegan3_00695.png,data_sources/ai_generated/StyleGAN,ai_generated,1024,1024,1.0,JPEG,121092,3e45bab395396005e6621bc616c75b3d,5344363df019295b6d4f6c1536c8ec4b7f24ec54736e08769e96be685fd2873f,1.0,cf2d34b231d8c6cc,ok,187.28876492375275,True,True,cluster_00681,train,/home/dheirav/Code/Deepfake_Detection/deepfake-project/dataset_builder/train/ai_generated/stylegan3_00695.png
data_sources/ai_generated/StyleGAN/stylegan3_00723.png,data_sources/ai_generated/StyleGAN,ai_generated,1024,1024,1.0,JPEG,115952,15cbd82fcf7fe1e17b52d879266784b1,61810f8c5caa15b72486d64283a42df03f133a441f5c9d37d0d9976f384ad599,1.0,c8aaae84151f3ef8,ok,80.76520568141041,True,True,cluster_00943,train,/home/dheirav/Code/Deepfake_Detection/deepfake-project/dataset_builder/train/ai_generated/stylegan3_00723.png
data_sources/ai_generated/StyleGAN/stylegan3_00746.png,data_sources/ai_generated/StyleGAN,ai_generated,1024,1024,1.0,JPEG,139879,0701973b12bad51021cf95a4edb17e9c,6c6c4f2929ed44c80971a5594bb0c3af9e240766a70db1bad3e6fb4315b2a3da,1.0,9bc4ed66603d0adc,ok,210.07919591560398,True,True,cluster_00151,train,/home/dheirav/Code/Deepfake_Detection/deepfake-project/dataset_builder/train/ai_generated/stylegan3_00746.png
data_sources/ai_generated/StyleGAN/stylegan3_00747.png,data_sources/ai_generated/StyleGAN,ai_generated,1024,1024,1.0,JPEG,102570,82e51af0dfa143def5046cedd6f0e6e0,78bccae2dde2786798f9f521900c282ac2ad8666c548be9084e4ba2d57c22719,1.0,bd9f50f442b440af,ok,113.95133506707134,True,True,cluster_01723,train,/home/dheirav/Code/Deepfake_Detection/deepfake-project/dataset_builder/train/ai_generated/stylegan3_00747.png
data_sources/ai_generated/StyleGAN/stylegan3_00748.png,data_sources/ai_generated/StyleGAN,ai_generated,1024,1024,1.0,JPEG,118433,ef800c8518e19e64c9255186a01ad10f,cf152e09c27883b9abda320f4fb03f5d40a800956aa31961382ec50d59304df5,1.0,83dbba92713961c9,ok,131.64268198178522,True,True,cluster_00827,train,/home/dheirav/Code/Deepfake_Detection/deepfake-project/dataset_builder/train/ai_generated/stylegan3_00748.png
data_sources/ai_generated/StyleGAN/stylegan3_00749.png,data_sources/ai_generated/StyleGAN,ai_generated,1024,1024,1.0,JPEG,135416,9376ba4ab81fcbfa0b58714e6bb36d4b,d57f6f3362f11665ffde3dfa1fea33462c1b487d514416d63cac37d483c5d52f,1.0,f86a23e28e8cee1c,ok,380.1322951823885,True,True,cluster_00229,train,/home/dheirav/Code/Deepfake_Detection/deepfake-project/dataset_builder/train/ai_generated/stylegan3_00749.png
data_sources/ai_generated/StyleGAN/stylegan3_00752.png,data_sources/ai_generated/StyleGAN,ai_generated,1024,1024,1.0,JPEG,103759,258f6d9be3d0f7c5543b4372936676aa,2651637a38f20fce2b148ada82d1f789e7d6300547a4cf6120ad9efafaf354f0,1.0,9e6d3b961948c786,ok,147.75543458530495,True,True,cluster_01654,train,/home/dheirav/Code/Deepfake_Detection/deepfake-project/dataset_builder/train/ai_generated/stylegan3_00752.png
data_sources/ai_generated/StyleGAN/stylegan3_00754.png,data_sources/ai_generated/StyleGAN,ai_generated,1024,1024,1.0,JPEG,108804,eb9b86a5b153397d3028a3ce5444d3db,aed3f2c162ab993b8d5f55ec486257350ad17dc4cf5039b21629fe0952361847,1.0,dfe468c3018d9e8d,ok,125.06578023865586,True,True,cluster_01347,train,/home/dheirav/Code/Deepfake_Detection/deepfake-project/dataset_builder/train/ai_generated/stylegan3_00754.png
data_sources/ai_generated/StyleGAN/stylegan3_00766.png,data_sources/ai_generated/StyleGAN,ai_generated,1024,1024,1.0,JPEG,114432,965852239cc7bd45972e07722ef96130,52097bcc68c8c0f94ae5e23dde493ec535f39783869cc6971c7f3cf9bcee8df5,1.0,94695a855e9a9e99,ok,326.63533665126204,True,True,cluster_01023,train,/home/dheirav/Code/Deepfake_Detection/deepfake-project/dataset_builder/train/ai_generated/stylegan3_00766.png
data_sources/ai_generated/StyleGAN/stylegan3_00767.png,data_sources/ai_generated/StyleGAN,ai_generated,1024,1024,1.0,JPEG,119344,31659929c26d123b08f61645c2c0d594,2643cb9d5309e1ad95dd776c8dd0652e7209b451f0e760058d8f0a10b76673d5,1.0,90c56b6ae168c3db,ok,189.1822147159255,True,True,cluster_00777,train,/home/dheirav/Code/Deepfake_Detection/deepfake-project/dataset_builder/train/ai_generated/stylegan3_00767.png
data_sources/ai_generated/StyleGAN/stylegan3_00768.png,data_sources/ai_generated/StyleGAN,ai_generated,1024,1024,1.0,JPEG,133864,606ac4fd62280bf71336e211e85b6c50,295989e79e647b33e2340b158885b8b5beb354677b54975ddd336aae66b0aa39,1.0,97126837743dca96,ok,173.1276491463859,True,True,cluster_00259,train,/home/dheirav/Code/Deepfake_Detection/deepfake-project/dataset_builder/train/ai_generated/stylegan3_00768.png
data_sources/ai_generated/StyleGAN/stylegan3_00778.png,data_sources/ai_generated/StyleGAN,ai_generated,1024,1024,1.0,JPEG,137020,adc39f10e10fcd86f2dc6bdc64a2d13a,f174b040b0c32380e18333414f97b49d37c523b7e38ab3d486a578536d21cf5e,1.0,8b5da2dde1aec188,ok,223.91393127934765,True,True,cluster_00192,train,/home/dheirav/Code/Deepfake_Detection/deepfake-project/dataset_builder/train/ai_generated/stylegan3_00778.png
data_sources/ai_generated/StyleGAN/stylegan3_00779.png,data_sources/ai_generated/StyleGAN,ai_generated,1024,1024,1.0,JPEG,138298,2211aaeaa8ccd783dd34af85caf1e7a8,bc6e001294b27f288f15696e89ba453fb2ea3b78de9d0c6da334a531e75b8ca5,1.0,ee6915a0959a971e,ok,1663.0914965391707,True,True,cluster_00172,train,/home/dheirav/Code/Deepfake_Detection/deepfake-project/dataset_builder/train/ai_generated/stylegan3_00779.png
data_sources/ai_generated/StyleGAN/stylegan3_00782.png,data_sources/ai_generated/StyleGAN,ai_generated,1024,1024,1.0,JPEG,107307,bbe9f034b28795941a8d0da7a40c169e,5168195404919e8c9ff05f4edc0b24e83fbcae624954dfdee7cc038d2bdc9c20,1.0,eaa91761a735c28d,ok,216.16395114030456,True,True,cluster_01430,train,/home/dheirav/Code/Deepfake_Detection/deepfake-project/dataset_builder/train/ai_generated/stylegan3_00782.png
data_sources/ai_generated/StyleGAN/stylegan3_00783.png,data_sources/ai_generated/StyleGAN,ai_generated,1024,1024,1.0,JPEG,105200,84a8fa2425069256d00c8b318afc61ad,e9bddc847d76aa0a0e441eeaa0d2e119e3e118f7a40f2ea31111c0084b1738ba,1.0,f8636ba7a55c908a,ok,135.40762901432754,True,True,cluster_01569,train,/home/dheirav/Code/Deepfake_Detection/deepfake-project/dataset_builder/train/ai_generated/stylegan3_00783.png
data_sources/ai_generated/StyleGAN/stylegan3_00785.png,data_sources/ai_generated/StyleGAN,ai_generated,1024,1024,1.0,JPEG,128462,a0b8d1fb4497e738c2db2a38954c53fd,603c9e2d69952e3e7429013b8b8cb0b719392c6a8230c106f28cc3b0f0cd4fbd,1.0,9a6465b4649ad69b,ok,367.45518848601205,True,True,cluster_00390,train,/home/dheirav/Code/Deepfake_Detection/deepfake-project/dataset_builder/train/ai_generated/stylegan3_00785.png
data_sources/ai_generated/StyleGAN/stylegan3_00791.png,data_sources/ai_generated/StyleGAN,ai_generated,1024,1024,1.0,JPEG,105358,82df3d8d08278465a7750d497fc4fc6a,5b8ed43ad6e982af2f47cb8375270e912c99cdea4b7e682d818c91502d9e097b,1.0,970f3472b05983cf,ok,98.67804508037807,True,True,cluster_01558,train,/home/dheirav/Code/Deepfake_Detection/deepfake-project/dataset_builder/train/ai_generated/stylegan3_00791.png
data_sources/ai_generated/StyleGAN/stylegan3_00793.png,data_sources/ai_generated/StyleGAN,ai_generated,1024,1024,1.0,JPEG,150166,ad360a82741ade36f480a3c8252aae1e,06a546089b455481850531b34e4da7525a69b59515ab5c5e789c1c04accbe94f,1.0,c93a165e1d251d5e,ok,151.8811931426717,True,True,cluster_00064,train,/home/dheirav/Code/Deepfake_Detection/deepfake-project/dataset_builder/train/ai_generated/stylegan3_00793.png
data_sources/ai_generated/StyleGAN/stylegan3_00807.png,data_sources/ai_generated/StyleGAN,ai_generated,1024,1024,1.0,JPEG,128481,f77b7c6096309670a5bbb774c9050856,2c8389cbca52cbdc979478364094a79e3ac244b21af7ae10c4074cc00adc5f32,1.0,9af8612566fc8696,ok,158.17784678135286,True,True,cluster_00389,train,/home/dheirav/Code/Deepfake_Detection/deepfake-project/dataset_builder/train/ai_generated/stylegan3_00807.png
data_sources/ai_generated/StyleGAN/stylegan3_00813.png,data_sources/ai_generated/StyleGAN,ai_generated,1024,1024,1.0,JPEG,118391,c2b7f955cc424353ca063db3df59a652,3e6cc106bb565fc44cff64a36014a3cba87657cc1070b1b43278b1cfc05879c8,1.0,efb5f082c189c3c9,ok,272.6704053844941,True,True,cluster_00829,train,/home/dheirav/Code/Deepfake_Detection/deepfake-project/dataset_builder/train/ai_generated/stylegan3_00813.png
data_sources/ai_generated/StyleGAN/stylegan3_00814.png,data_sources/ai_generated/StyleGAN,ai_generated,1024,1024,1.0,JPEG,105150,59e496b508af1b672a813f47a68ff5e7,bd71a84287ce768281ffa772268b6f61be9a8052d7156a9ba4befdad3aef4cbe,1.0,9f6530c3f38ac38a,ok,154.13542018920177,True,True,cluster_01572,train,/home/dheirav/Code/Deepfake_Detection/deepfake-project/dataset_builder/train/ai_generated/stylegan3_00814.png
data_sources/ai_generated/StyleGAN/stylegan3_00817.png,data_sources/ai_generated/StyleGAN,ai_generated,1024,1024,1.0,JPEG,102787,f56973e135db7168b95f9223f65e0bb7,717507f4bf55b1c8f197c1fc7783e211bc2629782c4126018631df6d589e9a37,1.0,dee06130a331fad3,ok,90.30123120947155,True,True,cluster_01713,train,/home/dheirav/Code/Deepfake_Detection/deepfake-project/dataset_builder/train/ai_generated/stylegan3_00817.png
data_sources/ai_generated/StyleGAN/stylegan3_00830.png,data_sources/ai_generated/StyleGAN,ai_generated,1024,1024,1.0,JPEG,121961,0ffe75906d65dd92912edbc90171a1be,de1adec03af5349107bfc83cadeae5f6132a575715c542844f674bcc6a54d9b5,1.0,9aa029b73534d799,ok,164.89994054269846,True,True,cluster_00645,train,/home/dheirav/Code/Deepfake_Detection/deepfake-project/dataset_builder/train/ai_generated/stylegan3_00830.png
data_sources/ai_generated/StyleGAN/stylegan3_00831.png,data_sources/ai_generated/StyleGAN,ai_generated,1024,1024,1.0,JPEG,119344,ab6a341d202c5bf88d732ccbfcdb7926,ed8eff0f435dbdedcc169fe9faf7eecdabea2f8c2daaec4f8bc5c41f1aaf68bf,1.0,95d25ae36a7146d8,ok,385.56736609253034,True,True,cluster_00778,train,/home/dheirav/Code/Deepfake_Detection/deepfake-project/dataset_builder/train/ai_generated/stylegan3_00831.png
data_sources/ai_generated/StyleGAN/stylegan3_00833.png,data_sources/ai_generated/StyleGAN,ai_generated,1024,1024,1.0,JPEG,108320,69eef7d3b6a01fd10695c0d5784171ce,bc3959c85bb8e0a0351779fa9138e7ddad3df8cc0ee6c3e054fb01d241c23448,1.0,fabe61a1d6c105d8,ok,125.73413596389582,True,True,cluster_01366,train,/home/dheirav/Code/Deepfake_Detection/deepfake-project/dataset_builder/train/ai_generated/stylegan3_00833.png
data_sources/ai_generated/StyleGAN/stylegan3_00851.png,data_sources/ai_generated/StyleGAN,ai_generated,1024,1024,1.0,JPEG,112884,cf3386a27b5c1aa334ebf6d996fcd26e,a90ad2ac4c52c52f90dad9bd9a38067bfcb2e479d34e31167ca65a7df267f4cd,1.0,8da57cb63034739a,ok,204.06772134981196,True,True,cluster_01118,train,/home/dheirav/Code/Deepfake_Detection/deepfake-project/dataset_builder/train/ai_generated/stylegan3_00851.png
data_sources/ai_generated/StyleGAN/stylegan3_00854.png,data_sources/ai_generated/StyleGAN,ai_generated,1024,1024,1.0,JPEG,114843,f506f0ec1090b56b4bc20966b8077ba6,ea368f593e2c6ddf87ab861fc0e9a98900c59066968e03defa353d2519fddbbd,1.0,a5afe63638361398,ok,138.0625902167376,True,True,cluster_00995,train,/home/dheirav/Code/Deepfake_Detection/deepfake-project/dataset_builder/train/ai_generated/stylegan3_00854.png
data_sources/ai_generated/StyleGAN/stylegan3_00867.png,data_sources/ai_generated/StyleGAN,ai_generated,1024,1024,1.0,JPEG,141103,e7de6be46e06341c47f3468d1efd55e0,cc6e53fdf5eea1914dd8d6b1b8d0b4305d9ffa2881a3daee4ce1e43cced94773,1.0,f18e6a1a45f8169b,ok,263.85431641800096,True,True,cluster_00132,train,/home/dheirav/Code/Deepfake_Detection/deepfake-project/dataset_builder/train/ai_generated/stylegan3_00867.png
data_sources/ai_generated/StyleGAN/stylegan3_00871.png,data_sources/ai_generated/StyleGAN,ai_generated,1024,1024,1.0,JPEG,109066,cb2406f394ef5836fc239ca78a72f70f,10dfbc8e45095d592db5c485e73de568f92d606efb8c7eb76bb83be871e7d855,1.0,988c67943598d3db,ok,298.34247576924724,True,True,cluster_01336,train,/home/dheirav/Code/Deepfake_Detection/deepfake-project/dataset_builder/train/ai_generated/stylegan3_00871.png
data_sources/ai_generated/StyleGAN/stylegan3_00875.png,data_sources/ai_generated/StyleGAN,ai_generated,1024,1024,1.0,JPEG,122988,332c22d0a91254e67e0a1b1c999e1702,e0315bbc2ba6f82e6747d77078c65689c0fcd02584b0661a275208ada9146a6b,1.0,dd8e21d0bd5722d8,ok,98.20271336522183,True,True,cluster_00584,train,/home/dheirav/Code/Deepfake_Detection/deepfake-project/dataset_builder/train/ai_generated/stylegan3_00875.png
data_sources/ai_generated/StyleGAN/stylegan3_00881.png,data_sources/ai_generated/StyleGAN,ai_generated,1024,1024,1.0,JPEG,113971,f1ed4e4f35117f1edf4b8da68a9d248f,6d4a2c5554132b0936a9d0ef8d83c55f91f58c4ba5bd22b0afd6e776b167e84b,1.0,f8e32be3a38a838a,ok,171.7714544508553,True,True,cluster_01056,train,/home/dheirav/Code/Deepfake_Detection/deepfake-project/dataset_builder/train/ai_generated/stylegan3_00881.png
data_sources/ai_generated/StyleGAN/stylegan3_00888.png,data_sources/ai_generated/StyleGAN,ai_generated,1024,1024,1.0,JPEG,100927,8da91aad64a197d9898a2093ef862164,afb517c7dadd3324f0e217d657d60a133d5de9864323e31345a9f5ed3bf6e312,1.0,9cd27927272772c2,ok,82.26602036534949,True,True,cluster_01800,train,/home/dheirav/Code/Deepfake_Detection/deepfake-project/dataset_builder/train/ai_generated/stylegan3_00888.png
data_sources/ai_generated/StyleGAN/stylegan3_00900.png,data_sources/ai_generated/StyleGAN,ai_generated,1024,1024,1.0,JPEG,102776,cffff71b269049da03726dce323ab583,17b7b8b9a29cbe0f3124c2ef20caae8fdef9f9698a9431b96fbe2f0029dee7d3,1.0,c15b4aa57c85768e,ok,129.34254689550195,True,True,cluster_01715,train,/home/dheirav/Code/Deepfake_Detection/deepfake-project/dataset_builder/train/ai_generated/stylegan3_00900.png
data_sources/ai_generated/StyleGAN/stylegan3_00901.png,data_sources/ai_generated/StyleGAN,ai_generated,1024,1024,1.0,JPEG,112764,219593d03a2e6092b77d69c7fe071e21,05ef30374c37e002a2240557c372475f3c4da8a957f25f8ab8e17a9db14500d4,1.0,8d707a93b1ad70ca,ok,368.60943507787204,True,True,cluster_01130,train,/home/dheirav/Code/Deepfake_Detection/deepfake-project/dataset_builder/train/ai_generated/stylegan3_00901.png
data_sources/ai_generated/StyleGAN/stylegan3_00904.png,data_sources/ai_generated/StyleGAN,ai_generated,1024,1024,1.0,JPEG,132577,efb48ce59a1bac490e4529c640d2a140,f9a680bc69a8bf0aa4137813ca9c8e4abf41b069b400d6fa95d407c231c33599,1.0,affcb404dc329c92,ok,200.861948672521,True,True,cluster_00284,train,/home/dheirav/Code/Deepfake_Detection/deepfake-project/dataset_builder/train/ai_generated/stylegan3_00904.png
data_sources/ai_generated/StyleGAN/stylegan3_00913.png,data_sources/ai_generated/StyleGAN,ai_generated,1024,1024,1.0,JPEG,165232,2f2e8bd8030bb91a6b82c28e34d4f487,82527d7efcdaf9d12dbade732543adadf3930ee44c6637ab44cb7f2d7d312bc4,1.0,dc24634303fdd68d,ok,418.0959363796246,True,True,cluster_00017,train,/home/dheirav/Code/Deepfake_Detection/deepfake-project/dataset_builder/train/ai_generated/stylegan3_00913.png
data_sources/ai_generated/StyleGAN/stylegan3_00914.png,data_sources/ai_generated/StyleGAN,ai_generated,1024,1024,1.0,JPEG,109799,521528250a372c2507af4267df7132d7,a30fe4ba6f5b3e0f367d54d9de9bb553a2704f08dd47a3b6ec69538dae9bc2bd,1.0,ca2b7e36207692d6,ok,83.6462848187648,True,True,cluster_01300,train,/home/dheirav/Code/Deepfake_Detection/deepfake-project/dataset_builder/train/ai_generated/stylegan3_00914.png
data_sources/ai_generated/StyleGAN/stylegan3_00925.png,data_sources/ai_generated/StyleGAN,ai_generated,1024,1024,1.0,JPEG,111469,5569e977f1f64c64aa16e1e51460e68f,451b719527c4f12015f0597b7f79c9bc1df7e8a0718e331508b4d68953f1f3d9,1.0,85b32cf2a950ea8f,ok,87.06951959201888,True,True,cluster_01207,train,/home/dheirav/Code/Deepfake_Detection/deepfake-project/dataset_builder/train/ai_generated/stylegan3_00925.png
data_sources/ai_generated/StyleGAN/stylegan3_00928.png,data_sources/ai_generated/StyleGAN,ai_generated,1024,1024,1.0,JPEG,110426,5e3ee20207dbd025109b0b84a00d2675,e44a68fcf03a707bb9892f35b1d802e6fe4e2dcba75cefb4299b56ed3da89150,1.0,c9bd3f3470351ea0,ok,128.55231358357466,True,True,cluster_01273,train,/home/dheirav/Code/Deepfake_Detection/deepfake-project/dataset_builder/train/ai_generated/stylegan3_00928.png
data_sources/ai_generated/StyleGAN/stylegan3_00938.png,data_sources/ai_generated/StyleGAN,ai_generated,1024,1024,1.0,JPEG,108639,feac2ca414ee3feb3072ea29e0e3cebc,eaca8c7d92dbd6b42f62a1f4e209d46b41d0d0e15ca1599b6213b3700469b930,1.0,bb7478f001f849ce,ok,153.87246536375824,True,True,cluster_01358,train,/home/dheirav/Code/Deepfake_Detection/deepfake-project/dataset_builder/train/ai_generated/stylegan3_00938.png
data_sources/ai_generated/StyleGAN/stylegan3_00951.png,data_sources/ai_generated/StyleGAN,ai_generated,1024,1024,1.0,JPEG,98061,f6f4af0fdb053532af1a1bf2de4c3f19,9a59e319cad35cd94228ef718c68ae1968dd17dc2279b843b7742bb66e8d3e7e,1.0,d7d007ce082d4b9f,ok,100.21504519645532,True,True,cluster_01936,train,/home/dheirav/Code/Deepfake_Detection/deepfake-project/dataset_builder/train/ai_generated/stylegan3_00951.png
data_sources/ai_generated/StyleGAN/stylegan3_00952.png,data_sources/ai_generated/StyleGAN,ai_generated,1024,1024,1.0,JPEG,142064,85dd9d49e107eaf98c0b20abff2e96e2,e46de732fb5415e10057f05115473054c6f645344d8d593f562f53ce5610fb3b,1.0,c31cb7cec40d0fd4,ok,227.00482340821227,True,True,cluster_00125,train,/home/dheirav/Code/Deepfake_Detection/deepfake-project/dataset_builder/train/ai_generated/stylegan3_00952.png
data_sources/ai_generated/StyleGAN/stylegan3_00955.png,data_sources/ai_generated/StyleGAN,ai_generated,1024,1024,1.0,JPEG,122287,85fb710f6b38dc1451f150d88079820e,ed776fc1864f180244a976f049d1a500d39f9fbb4f365af3656acd91a27b65d2,1.0,bf2591c5978a0397,ok,98.21203977047753,True,True,cluster_00620,train,/home/dheirav/Code/Deepfake_Detection/deepfake-project/dataset_builder/train/ai_generated/stylegan3_00955.png
data_sources/ai_generated/StyleGAN/stylegan3_00958.png,data_sources/ai_generated/StyleGAN,ai_generated,1024,1024,1.0,JPEG,108528,c2b09a28c285524992a2466d1272835b,f1b588085ee5cbc009b2f0943df5307938c6421a4799ab3dda54d5c39487b8c0,1.0,af8034b54bf036cb,ok,161.51720899664994,True,True,cluster_01362,train,/home/dheirav/Code/Deepfake_Detection/deepfake-project/dataset_builder/train/ai_generated/stylegan3_00958.png
data_sources/ai_generated/StyleGAN/stylegan3_00960.png,data_sources/ai_generated/StyleGAN,ai_generated,1024,1024,1.0,JPEG,110881,56b6ba3cb591d414d23e5fd8015a7a01,c9a1f723dfcefe11725845800eb2358b147e534f57f874cb1239951ecaded006,1.0,97213f6b257a42d8,ok,108.22919365069446,True,True,cluster_01236,train,/home/dheirav/Code/Deepfake_Detection/deepfake-project/dataset_builder/train/ai_generated/stylegan3_00960.png
data_sources/ai_generated/StyleGAN/stylegan3_00961.png,data_sources/ai_generated/StyleGAN,ai_generated,1024,1024,1.0,JPEG,119312,bd3fe632fb8cdd373cf0e346e6de68fe,e22ac500ef791c9a544a321b830a09f48683d4a85735f10862f1ea756726f5b5,1.0,9fb53c206001ff8f,ok,203.48480366127382,True,True,cluster_00780,train,/home/dheirav/Code/Deepfake_Detection/deepfake-project/dataset_builder/train/ai_generated/stylegan3_00961.png
data_sources/ai_generated/StyleGAN/stylegan3_00965.png,data_sources/ai_generated/StyleGAN,ai_generated,1024,1024,1.0,JPEG,104124,f57dd86accbb8c2eec16df3e38a31537,da83704220f5711eae21a6c615fd281dc604a76f2236c37d5b1befc27d256eb5,1.0,cbf2628349998e8f,ok,105.93580871760787,True,True,cluster_01631,train,/home/dheirav/Code/Deepfake_Detection/deepfake-project/dataset_builder/train/ai_generated/stylegan3_00965.png
data_sources/ai_generated/StyleGAN/stylegan3_00973.png,data_sources/ai_generated/StyleGAN,ai_generated,1024,1024,1.0,JPEG,112978,62bb7dbc917dde6bfd1dd31b80874f62,3efba9cd8b5201b51f493e67875fcacde969650d46fcaec3568315fc204249c6,1.0,bc50ef958674c2d2,ok,101.53741451394941,True,True,cluster_01111,train,/home/dheirav/Code/Deepfake_Detection/deepfake-project/dataset_builder/train/ai_generated/stylegan3_00973.png
data_sources/ai_generated/StyleGAN/stylegan3_00981.png,data_sources/ai_generated/StyleGAN,ai_generated,1024,1024,1.0,JPEG,118180,429e913c679bcb4332b5a1e9cfb42125,31d1b0be9cadf9c9ad310ce4c641693afe99f65e39a4c4aee0fb2153b839c572,1.0,9b28e9d1e06d619b,ok,388.57078361283845,True,True,cluster_00837,train,/home/dheirav/Code/Deepfake_Detection/deepfake-project/dataset_builder/train/ai_generated/stylegan3_00981.png
data_sources/ai_generated/StyleGAN/stylegan3_00993.png,data_sources/ai_generated/StyleGAN,ai_generated,1024,1024,1.0,JPEG,108670,2697fb8bb5fad19db26e2b8d219ff351,e53c2b168afbbfcb58abf30a63f89f15dc7d18e10120266b6c3375472c41685a,1.0,837f6f1dd0305a16,ok,183.88014579377702,True,True,cluster_01356,train,/home/dheirav/Code/Deepfake_Detection/deepfake-project/dataset_builder/train/ai_generated/stylegan3_00993.png
data_sources/ai_generated/StyleGAN/stylegan3_00995.png,data_sources/ai_generated/StyleGAN,ai_generated,1024,1024,1.0,JPEG,133902,957d206e74f232bafc02128d0dd5c8f7,0691e167cc62cdcb993ddff79064e0dd044d1e26da25d38aa1132e2bc767e5e6,1.0,96f038b71a4b295e,ok,143.00280047859997,True,True,cluster_00258,train,/home/dheirav/Code/Deepfake_Detection/deepfake-project/dataset_builder/train/ai_generated/stylegan3_00995.png
data_sources/ai_generated/StyleGAN/stylegan3_00999.png,data_sources/ai_generated/StyleGAN,ai_generated,1024,1024,1.0,JPEG,130361,a94711f4243b15a1f5fdaca4b25a16e8,730e53b75a447bcf5492976229a18154d992ac96e83ee62e22074f3cd782ddad,1.0,b8ae65e52560719b,ok,181.3009879851515,True,True,cluster_00338,train,/home/dheirav/Code/Deepfake_Detection/deepfake-project/dataset_builder/train/ai_generated/stylegan3_00999.png
data_sources/ai_generated/StyleGAN/stylegan3_01002.png,data_sources/ai_generated/StyleGAN,ai_generated,1024,1024,1.0,JPEG,120988,4b30e4231baa8e7406bd543ca52f5d4a,d76e7743005d5caf0087f845cb16f588928fd062218ca523d57c1d381980e5ed,1.0,ad1f34b4323c6297,ok,206.9160526586265,True,True,cluster_00692,train,/home/dheirav/Code/Deepfake_Detection/deepfake-project/dataset_builder/train/ai_generated/stylegan3_01002.png
data_sources/ai_generated/StyleGAN/stylegan3_01006.png,data_sources/ai_generated/StyleGAN,ai_generated,1024,1024,1.0,JPEG,109371,ad93b43bf4b0bca54cf8aa311f0b90c4,f556c07dd06cedcd2d6105a6f26c2b1ba54ef1a30308da89d1febbde26415629,1.0,80b72a7b7031bb8b,ok,113.86325809799654,True,True,cluster_01322,train,/home/dheirav/Code/Deepfake_Detection/deepfake-project/dataset_builder/train/ai_generated/stylegan3_01006.png
data_sources/ai_generated/StyleGAN/stylegan3_01013.png,data_sources/ai_generated/StyleGAN,ai_generated,1024,1024,1.0,JPEG,113928,31299eca7c45da32d40657ba40775808,9367278bd0c14a828d68e813600ca937e314b13351f36f4818ee38bad24d106f,1.0,cbb46f7034149ed8,ok,172.44867938896545,True,True,cluster_01060,train,/home/dheirav/Code/Deepfake_Detection/deepfake-project/dataset_builder/train/ai_generated/stylegan3_01013.png
data_sources/ai_generated/StyleGAN/stylegan3_01016.png,data_sources/ai_generated/StyleGAN,ai_generated,1024,1024,1.0,JPEG,113779,5f98c8d5e22195a590eee6b39cda11ac,49812dcff5c230115c1666da97726433630e60979430024f2a3a197d70cf1b63,1.0,d2a1de257ea856c8,ok,144.4681012901674,True,True,cluster_01065,train,/home/dheirav/Code/Deepfake_Detection/deepfake-project/dataset_builder/train/ai_generated/stylegan3_01016.png
data_sources/ai_generated/StyleGAN/stylegan3_01026.png,data_sources/ai_generated/StyleGAN,ai_generated,1024,1024,1.0,JPEG,100126,d6f1755975a294c4dfe3ccf77a8682b5,ca0002a49b8a2bdaf22085ddb49095ed0713a997d6a0ea890143656951c27b79,1.0,d03fb570c5748a96,ok,83.94943208986297,True,True,cluster_01853,train,/home/dheirav/Code/Deepfake_Detection/deepfake-project/dataset_builder/train/ai_generated/stylegan3_01026.png
data_sources/ai_generated/StyleGAN/stylegan3_01036.png,data_sources/ai_generated/StyleGAN,ai_generated,1024,1024,1.0,JPEG,112115,ec438ba658bb6b0c426ff132821a4a05,40bacf321585a1bfbe8d6d26115426656013196c4a5d211625f46fdec0b1bf4c,1.0,9516b810b1b9dbda,ok,87.49857574037651,True,True,cluster_01162,train,/home/dheirav/Code/Deepfake_Detection/deepfake-project/dataset_builder/train/ai_generated/stylegan3_01036.png
data_sources/ai_generated/StyleGAN/stylegan3_01037.png,data_sources/ai_generated/StyleGAN,ai_generated,1024,1024,1.0,JPEG,105793,c15e22b4f7c7e13c7abea4cbfae1a992,ef813e6a139ba147557c6f84f8610b2b3368649e1da19c848d6a398a34b3cc44,1.0,cef061276241dade,ok,185.39647769927885,True,True,cluster_01530,train,/home/dheirav/Code/Deepfake_Detection/deepfake-project/dataset_builder/train/ai_generated/stylegan3_01037.png
data_sources/ai_generated/StyleGAN/stylegan3_01038.png,data_sources/ai_generated/StyleGAN,ai_generated,1024,1024,1.0,JPEG,105274,298c81105c6452eca42bbe2e4e2e6028,9c6d47c587b27a3a7e8a7daf998c5e5bef995171dbdde02900f926c6b6b9f736,1.0,8f38329331397bc9,ok,99.81083578549351,True,True,cluster_01564,train,/home/dheirav/Code/Deepfake_Detection/deepfake-project/dataset_builder/train/ai_generated/stylegan3_01038.png
data_sources/ai_generated/StyleGAN/stylegan3_01048.png,data_sources/ai_generated/StyleGAN,ai_generated,1024,1024,1.0,JPEG,112305,e075398981403005cba5ecbd424a9d27,3ba93ed9b6e338e6b7e11525dc3ddd77ba7911c04ae89e4bed63732b69191c44,1.0,ea2b61a5a556969a,ok,440.3591087539098,True,True,cluster_01156,train,/home/dheirav/Code/Deepfake_Detection/deepfake-project/dataset_builder/train/ai_generated/stylegan3_01048.png
data_sources/ai_generated/StyleGAN/stylegan3_01055.png,data_sources/ai_generated/StyleGAN,ai_generated,1024,1024,1.0,JPEG,112375,051e8a3f3ba112487cce9f187c6223db,3ea6bffa3158b8913acc2c94b86c8a0daa5b4f512d92a630e8dae11d97e9defe,1.0,97e5729d74785282,ok,117.19751547323176,True,True,cluster_01150,train,/home/dheirav/Code/Deepfake_Detection/deepfake-project/dataset_builder/train/ai_generated/stylegan3_01055.png
data_sources/ai_generated/StyleGAN/stylegan3_01057.png,data_sources/ai_generated/StyleGAN,ai_generated,1024,1024,1.0,JPEG,122840,bf3eee0b1ea7e2867a1565c04e06e2c7,84f676ca81632bd86a8661da543cee1d7869cd345ffa65552904d748c87808dc,1.0,8bb4f4c2c2ca8bcd,ok,156.30866048449752,True,True,cluster_00588,train,/home/dheirav/Code/Deepfake_Detection/deepfake-project/dataset_builder/train/ai_generated/stylegan3_01057.png
data_sources/ai_generated/StyleGAN/stylegan3_01068.png,data_sources/ai_generated/StyleGAN,ai_generated,1024,1024,1.0,JPEG,115694,8499486a7e34da1c87ca1ae8df799ab0,ddaa658c844993423c9a16934ac0f06e181846110dabbab000dcc937a85f4ed9,1.0,dee0618fcf292391,ok,113.41278462604441,True,True,cluster_00952,train,/home/dheirav/Code/Deepfake_Detection/deepfake-project/dataset_builder/train/ai_generated/stylegan3_01068.png
data_sources/ai_generated/StyleGAN/stylegan3_01077.png,data_sources/ai_generated/StyleGAN,ai_generated,1024,1024,1.0,JPEG,122521,08f1559de7998a74d2ebba5f480889f3,a37b29d044f760f7d9402b86d9238bfe47f07726a6c2ea3f7657ad8333e142de,1.0,b4e247d7e458b4a8,ok,149.04903469863254,True,True,cluster_00608,train,/home/dheirav/Code/Deepfake_Detection/deepfake-project/dataset_builder/train/ai_generated/stylegan3_01077.png
data_sources/ai_generated/StyleGAN/stylegan3_01088.png,data_sources/ai_generated/StyleGAN,ai_generated,1024,1024,1.0,JPEG,125255,69599ae9c11e8bc0c2e7048a7027f157,17e66f7c4abe9dde21de0af820c3610588f76b7cf5e5ea74b17c5990442d20d1,1.0,9ad129d7aa5e8a58,ok,199.5722585175235,True,True,cluster_00494,train,/home/dheirav/Code/Deepfake_Detection/deepfake-project/dataset_builder/train/ai_generated/stylegan3_01088.png
data_sources/ai_generated/StyleGAN/stylegan3_01089.png,data_sources/ai_generated/StyleGAN,ai_generated,1024,1024,1.0,JPEG,117450,a0dd6647aa9fe0e99dcb2eeb141239e5,20614173d6861cffb2774237662ddfe754cd5021391c13c17c7c8bdaf9313151,1.0,9c5a2135e670d69d,ok,98.71562851063116,True,True,cluster_00871,train,/home/dheirav/Code/Deepfake_Detection/deepfake-project/dataset_builder/train/ai_generated/stylegan3_01089.png
data_sources/ai_generated/StyleGAN/stylegan3_01090.png,data_sources/ai_generated/StyleGAN,ai_generated,1024,1024,1.0,JPEG,108606,22becb024da63cc0a32471ddb82014eb,ba44d5b991adb0bd6a66aff153556363a9917c94ed036339d48e559a996816ed,1.0,8bb47cf230f18a8b,ok,166.80057787614982,True,True,cluster_01359,train,/home/dheirav/Code/Deepfake_Detection/deepfake-project/dataset_builder/train/ai_generated/stylegan3_01090.png
data_sources/ai_generated/StyleGAN/stylegan3_01091.png,data_sources/ai_generated/StyleGAN,ai_generated,1024,1024,1.0,JPEG,112657,dd78372af85786cb9761641cb2807556,659abdd75de3cd6aad89329cde69095cc37e88ce87749469d76c1ce02d39cfe4,1.0,cb5d5402377de08e,ok,208.926036285,True,True,cluster_01139,train,/home/dheirav/Code/Deepfake_Detection/deepfake-project/dataset_builder/train/ai_generated/stylegan3_01091.png
data_sources/ai_generated/StyleGAN/stylegan3_01095.png,data_sources/ai_generated/StyleGAN,ai_generated,1024,1024,1.0,JPEG,122385,a3183dc57e7375910f229052b037509a,35b6f3fec18396b1c36a1cf41ef29d2e6112c809dc198766c4197dca409ab014,1.0,dce9e9e724c4858c,ok,93.96796841084779,True,True,cluster_00615,train,/home/dheirav/Code/Deepfake_Detection/deepfake-project/dataset_builder/train/ai_generated/stylegan3_01095.png
data_sources/ai_generated/StyleGAN/stylegan3_01096.png,data_sources/ai_generated/StyleGAN,ai_generated,1024,1024,1.0,JPEG,106522,2d49f36d0d596f29c6ccfaa8dbebb98c,c1430d1181357ed366555c625116126a5a0f24001fb12a52863a96831d0611b5,1.0,9f453852387a738b,ok,87.22568020646486,True,True,cluster_01482,train,/home/dheirav/Code/Deepfake_Detection/deepfake-project/dataset_builder/train/ai_generated/stylegan3_01096.png
data_sources/ai_generated/StyleGAN/stylegan3_01098.png,data_sources/ai_generated/StyleGAN,ai_generated,1024,1024,1.0,JPEG,125443,174945df7406aa66fe42cc6d4482f2a9,71126d8b3c22603a00fbde6b6ed050805116e05da69187235a6712e326bfee38,1.0,c30a769543971fd1,ok,166.48426518554965,True,True,cluster_00485,train,/home/dheirav/Code/Deepfake_Detection/deepfake-project/dataset_builder/train/ai_generated/stylegan3_01098.png
data_sources/ai_generated/StyleGAN/stylegan3_01100.png,data_sources/ai_generated/StyleGAN,ai_generated,1024,1024,1.0,JPEG,127948,21a934d646d9721bdd2c2501c3d562c9,f8a89f743ba66e82562aa337ee244c6dc5e02b304727b1e680b032d99b21f7cf,1.0,d87a27e3e509d219,ok,129.3140833881762,True,True,cluster_00404,train,/home/dheirav/Code/Deepfake_Detection/deepfake-project/dataset_builder/train/ai_generated/stylegan3_01100.png
data_sources/ai_generated/StyleGAN/stylegan3_01109.png,data_sources/ai_generated/StyleGAN,ai_generated,1024,1024,1.0,JPEG,105071,827a27cbcb43d81873a32ec499e96af9,9701ecd2041f67fcbe17313768bf0307d247620b67aaab99119ec5428585beb2,1.0,96f868c249c7ce8e,ok,189.27918896601477,True,True,cluster_01579,train,/home/dheirav/Code/Deepfake_Detection/deepfake-project/dataset_builder/train/ai_generated/stylegan3_01109.png
data_sources/ai_generated/StyleGAN/stylegan3_01111.png,data_sources/ai_generated/StyleGAN,ai_generated,1024,1024,1.0,JPEG,117573,513eddebb717bbcfe407f40459f17655,04f46c6fcd5538c816ac88abfd40dbec6b59fe98172787425b87d8cb75df29a8,1.0,9fcba8273424329f,ok,110.91954815431018,True,True,cluster_00860,train,/home/dheirav/Code/Deepfake_Detection/deepfake-project/dataset_builder/train/ai_generated/stylegan3_01111.png
data_sources/ai_generated/StyleGAN/stylegan3_01112.png,data_sources/ai_generated/StyleGAN,ai_generated,1024,1024,1.0,JPEG,131462,25db20875fd1a628edb784ac1d3c9610,5e2691d6db78e762a910a87119366e2c2c2a87c9d43b9ee1f8d7e6c6184d8a98,1.0,ebb4bc3cb00a92ce,ok,185.41924026945708,True,True,cluster_00304,train,/home/dheirav/Code/Deepfake_Detection/deepfake-project/dataset_builder/train/ai_generated/stylegan3_01112.png
data_sources/ai_generated/StyleGAN/stylegan3_01114.png,data_sources/ai_generated/StyleGAN,ai_generated,1024,1024,1.0,JPEG,150084,31e885bfead7c118126e72cc6bdf1d12,aad33cec17cbf0efcd59977834ef136fe954c013698c27bdf5f1865eec95ff34,1.0,ff6b2af100b0cb86,ok,627.8946477909258,True,True,cluster_00065,train,/home/dheirav/Code/Deepfake_Detection/deepfake-project/dataset_builder/train/ai_generated/stylegan3_01114.png
data_sources/ai_generated/StyleGAN/stylegan3_01120.png,data_sources/ai_generated/StyleGAN,ai_generated,1024,1024,1.0,JPEG,113736,5b582cc293ab1733e48277ca9efaf41c,af2f611c3e3797fa8247d155bdd05c8ee6383c3fc27e6bdd1cf392f2d7eefcc3,1.0,ead077ab706170c3,ok,175.82070445791663,True,True,cluster_01068,train,/home/dheirav/Code/Deepfake_Detection/deepfake-project/dataset_builder/train/ai_generated/stylegan3_01120.png
data_sources/ai_generated/StyleGAN/stylegan3_01123.png,data_sources/ai_generated/StyleGAN,ai_generated,1024,1024,1.0,JPEG,104964,b01d61afad9f3f5a650cdcf381d70629,d0cc2e0d01e42b65f537916b2511a73cee87b47c0cc2df44f6417aa22e8ddf2c,1.0,caf405b552b4938f,ok,110.7068653054157,True,True,cluster_01584,train,/home/dheirav/Code/Deepfake_Detection/deepfake-project/dataset_builder/train/ai_generated/stylegan3_01123.png
data_sources/ai_generated/StyleGAN/stylegan3_01128.png,data_sources/ai_generated/StyleGAN,ai_generated,1024,1024,1.0,JPEG,114090,d3fa357321b55bb44880860a7605103f,a1b959732492af148639b3170a5e7e5e914fe8be6d7397553fb6d2523f2b7d61,1.0,bcd9c2d29ee26982,ok,129.29409198756548,True,True,cluster_01048,train,/home/dheirav/Code/Deepfake_Detection/deepfake-project/dataset_builder/train/ai_generated/stylegan3_01128.png
data_sources/ai_generated/StyleGAN/stylegan3_01129.png,data_sources/ai_generated/StyleGAN,ai_generated,1024,1024,1.0,JPEG,116400,37f50e5058678e5f9f5701791d44e22e,0862c8f5f6cb2170fcfd1578c0acf80c063eec52877a6fe0ebec2efc47cce40a,1.0,f02f2bd705c0cacb,ok,113.33423319939082,True,True,cluster_00925,train,/home/dheirav/Code/Deepfake_Detection/deepfake-project/dataset_builder/train/ai_generated/stylegan3_01129.png
data_sources/ai_generated/StyleGAN/stylegan3_01140.png,data_sources/ai_generated/StyleGAN,ai_generated,1024,1024,1.0,JPEG,119597,87365cc9411018fdb54ec2f4d8be1f26,fb3243fbcca114f3f84d26b28d23c952c65aab98b439f72b12b36ac6bbf04a2b,1.0,f0f3389207c861ef,ok,106.59871735219986,True,True,cluster_00766,train,/home/dheirav/Code/Deepfake_Detection/deepfake-project/dataset_builder/train/ai_generated/stylegan3_01140.png
data_sources/ai_generated/StyleGAN/stylegan3_01143.png,data_sources/ai_generated/StyleGAN,ai_generated,1024,1024,1.0,JPEG,137652,87db31acd8eea7ad4ab441bb67b9739e,211cb97644850e35ea9d0d16fd0b6dfe1357188a28928d8d27a2799e334927e8,1.0,989979d25c38dad8,ok,154.79254138073884,True,True,cluster_00179,train,/home/dheirav/Code/Deepfake_Detection/deepfake-project/dataset_builder/train/ai_generated/stylegan3_01143.png
data_sources/ai_generated/StyleGAN/stylegan3_01155.png,data_sources/ai_generated/StyleGAN,ai_generated,1024,1024,1.0,JPEG,105400,8853b2376f49cd998b0c897b4c6497b1,dd6756559cc5d4c6f03f44517df41b456cdb39b5fd731ffe66cc48b35f5ba043,1.0,9f7d7d20e07013d2,ok,84.84302404864047,True,True,cluster_01555,train,/home/dheirav/Code/Deepfake_Detection/deepfake-project/dataset_builder/train/ai_generated/stylegan3_01155.png
data_sources/ai_generated/StyleGAN/stylegan3_01157.png,data_sources/ai_generated/StyleGAN,ai_generated,1024,1024,1.0,JPEG,112734,d5c39519ee9833d2c575872b81e447f7,11786fb0063bea308b0fa6b580565f6c2bceff98938392436b44d25c541a889c,1.0,fef97083c225c8d4,ok,118.58761456108093,True,True,cluster_01134,train,/home/dheirav/Code/Deepfake_Detection/deepfake-project/dataset_builder/train/ai_generated/stylegan3_01157.png
data_sources/ai_generated/StyleGAN/stylegan3_01158.png,data_sources/ai_generated/StyleGAN,ai_generated,1024,1024,1.0,JPEG,117465,d41982dbe0fbefa7c693df492e5873a0,d9e9c3d4fe79d8576404bb7febda4a5edfc8a2b2968bdb2aeb08bab0c9441cc8,1.0,9f2c7c20b65352da,ok,212.84531399016032,True,True,cluster_00868,train,/home/dheirav/Code/Deepfake_Detection/deepfake-project/dataset_builder/train/ai_generated/stylegan3_01158.png
data_sources/ai_generated/StyleGAN/stylegan3_01163.png,data_sources/ai_generated/StyleGAN,ai_generated,1024,1024,1.0,JPEG,110937,368e3b3dcff87b5b322aa4edfdedc50b,036adccf93445266ec8aa0865468a367b708287710f2aec605645bce947e645e,1.0,e261e306a7869fc3,ok,94.83304746098293,True,True,cluster_01233,train,/home/dheirav/Code/Deepfake_Detection/deepfake-project/dataset_builder/train/ai_generated/stylegan3_01163.png
data_sources/ai_generated/StyleGAN/stylegan3_01171.png,data_sources/ai_generated/StyleGAN,ai_generated,1024,1024,1.0,JPEG,109379,0c7b7fe47f6b77546d45d7f92003890d,b81e341b2e09a432b81683587521d7cc035cd9396e4b11484df28979ee14e475,1.0,813d659ee31887f8,ok,103.6950797999707,True,True,cluster_01320,train,/home/dheirav/Code/Deepfake_Detection/deepfake-project/dataset_builder/train/ai_generated/stylegan3_01171.png
data_sources/ai_generated/StyleGAN/stylegan3_01173.png,data_sources/ai_generated/StyleGAN,ai_generated,1024,1024,1.0,JPEG,118067,8c5152b525ec79e4203870281bc18c7a,2a01fa6b9f4b150befc906d3a6af14e833537f69b1559f705b4a5b849a92417e,1.0,ca2c62b1f9318f8d,ok,106.47922354946695,True,True,cluster_00844,train,/home/dheirav/Code/Deepfake_Detection/deepfake-project/dataset_builder/train/ai_generated/stylegan3_01173.png
data_sources/ai_generated/StyleGAN/stylegan3_01174.png,data_sources/ai_generated/StyleGAN,ai_generated,1024,1024,1.0,JPEG,120502,8c87c7c677c1c5a122b1b4e210e8ccb9,2b1e1d40c3a22313a8b0e344ef77107677b7fd986ecfc0d50ab16cc30486e5ae,1.0,d21fbc62f02f8398,ok,153.8086862301534,True,True,cluster_00715,train,/home/dheirav/Code/Deepfake_Detection/deepfake-project/dataset_builder/train/ai_generated/stylegan3_01174.png
data_sources/ai_generated/StyleGAN/stylegan3_01176.png,data_sources/ai_generated/StyleGAN,ai_generated,1024,1024,1.0,JPEG,111246,2b89b418564ff7dcd26f4b1e576cc591,6d1e413fb56263e7c7911fe4b98951e536b298258c3dc71dff331faf1cdcfa37,1.0,9f78a173a1258aa7,ok,84.40081699457005,True,True,cluster_01221,train,/home/dheirav/Code/Deepfake_Detection/deepfake-project/dataset_builder/train/ai_generated/stylegan3_01176.png
data_sources/ai_generated/StyleGAN/stylegan3_01178.png,data_sources/ai_generated/StyleGAN,ai_generated,1024,1024,1.0,JPEG,113190,aa222717d9690a964f77012219672711,b3a25df41a430f93e5cdc020ec972340d906bf4876e8016d65091d5d491fc830,1.0,e83d61a562a596c7,ok,199.0219665499426,True,True,cluster_01099,train,/home/dheirav/Code/Deepfake_Detection/deepfake-project/dataset_builder/train/ai_generated/stylegan3_01178.png
data_sources/ai_generated/StyleGAN/stylegan3_01184.png,data_sources/ai_generated/StyleGAN,ai_generated,1024,1024,1.0,JPEG,124068,5f721e43537df7c92fb5b0f06e661595,6433914485842edd4b2d270614a2692b090b85396cb3e188f77b79b5babc1518,1.0,dfd5a094871a4a9e,ok,134.4155010254899,True,True,cluster_00541,train,/home/dheirav/Code/Deepfake_Detection/deepfake-project/dataset_builder/train/ai_generated/stylegan3_01184.png
data_sources/ai_generated/StyleGAN/stylegan3_01186.png,data_sources/ai_generated/StyleGAN,ai_generated,1024,1024,1.0,JPEG,118296,a1628194bf2427352bb10e6a1ecece55,f6cefd308d8b38d5e3872c7d2430c740117a434a69d704ce2abe901a28d00c40,1.0,d8dc296726642e9e,ok,104.36218218608609,True,True,cluster_00834,train,/home/dheirav/Code/Deepfake_Detection/deepfake-project/dataset_builder/train/ai_generated/stylegan3_01186.png
data_sources/ai_generated/StyleGAN/stylegan3_01200.png,data_sources/ai_generated/StyleGAN,ai_generated,1024,1024,1.0,JPEG,136054,b98f72000a4cbe68c0eed77c0f429ad1,5499c93e93e4115415f366c09afba52bff9410eaef5b61b0a1330ca73d368b6d,1.0,cd0f3436703cc3da,ok,287.96273952637785,True,True,cluster_00210,train,/home/dheirav/Code/Deepfake_Detection/deepfake-project/dataset_builder/train/ai_generated/stylegan3_01200.png
data_sources/ai_generated/StyleGAN/stylegan3_01204.png,data_sources/ai_generated/StyleGAN,ai_generated,1024,1024,1.0,JPEG,98459,40d763d5238bfdeb6c82ce1d29b796b2,04b8a7937eedd42e301d6520384d3087910575babced222c07aeeb2c56ad5960,1.0,baf861a5cc9e849a,ok,304.69168144748886,True,True,cluster_01918,train,/home/dheirav/Code/Deepfake_Detection/deepfake-project/dataset_builder/train/ai_generated/stylegan3_01204.png
data_sources/ai_generated/StyleGAN/stylegan3_01218.png,data_sources/ai_generated/StyleGAN,ai_generated,1024,1024,1.0,JPEG,117477,7362e4abae679385e34e8f0407fd05ad,a8e8753acf5686db3bb881d864f8fd2c94621c0aff7e7a4afb1d26d1c909d438,1.0,d0a72123272737cf,ok,93.15854814903287,True,True,cluster_00866,train,/home/dheirav/Code/Deepfake_Detection/deepfake-project/dataset_builder/train/ai_generated/stylegan3_01218.png
data_sources/ai_generated/StyleGAN/stylegan3_01220.png,data_sources/ai_generated/StyleGAN,ai_generated,1024,1024,1.0,JPEG,109777,b441f33335e743b318469f56f2050c95,fa3b6dbbdda42b04e8c80e1398816ebb33b2445249c304d9e39e95ea2123ce97,1.0,c96134e1e3cdc69c,ok,210.27088614683814,True,True,cluster_01302,train,/home/dheirav/Code/Deepfake_Detection/deepfake-project/dataset_builder/train/ai_generated/stylegan3_01220.png
data_sources/ai_generated/StyleGAN/stylegan3_01235.png,data_sources/ai_generated/StyleGAN,ai_generated,1024,1024,1.0,JPEG,133265,0bba77ed7534f9a7050c85ea61c88053,9d9e9ed10cbb98a9184ef992d095834f827d53af6b6b178783b5de1ea80f34a3,1.0,de7c60e2e450668f,ok,143.5801952478796,True,True,cluster_00268,train,/home/dheirav/Code/Deepfake_Detection/deepfake-project/dataset_builder/train/ai_generated/stylegan3_01235.png
data_sources/ai_generated/StyleGAN/stylegan3_01237.png,data_sources/ai_generated/StyleGAN,ai_generated,1024,1024,1.0,JPEG,112393,08f22ebda696bf2a9068606e6697a783,616b82c594d435e4d5f01c54869f51683ade6c26e9dcbc998508f4311c37d19f,1.0,9eacb092f16c670e,ok,116.62782236438579,True,True,cluster_01147,train,/home/dheirav/Code/Deepfake_Detection/deepfake-project/dataset_builder/train/ai_generated/stylegan3_01237.png
data_sources/ai_generated/StyleGAN/stylegan3_01242.png,data_sources/ai_generated/StyleGAN,ai_generated,1024,1024,1.0,JPEG,117817,358ac33247eb49afe88cc3c3ebeb62ea,af14322feb3718931416c04e859a0620e78ba433c4874bbe62aafe1276d3b5b8,1.0,daa121b77590dad8,ok,214.16454513264762,True,True,cluster_00850,train,/home/dheirav/Code/Deepfake_Detection/deepfake-project/dataset_builder/train/ai_generated/stylegan3_01242.png
data_sources/ai_generated/StyleGAN/stylegan3_01243.png,data_sources/ai_generated/StyleGAN,ai_generated,1024,1024,1.0,JPEG,140497,b23d44111cedaef2237fa4f4dfa619f5,f38852567e47b59332311eba723b22b6b6d3213f19ad99934130c98a5168f989,1.0,bf8dc0d74063b8c3,ok,292.69308656638896,True,True,cluster_00142,train,/home/dheirav/Code/Deepfake_Detection/deepfake-project/dataset_builder/train/ai_generated/stylegan3_01243.png
data_sources/ai_generated/StyleGAN/stylegan3_01248.png,data_sources/ai_generated/StyleGAN,ai_generated,1024,1024,1.0,JPEG,101143,c4b3caee5de454652b3ed7b48710241e,644f72c9ce197e70cde6895a3535566a205c4b8d2f01c93fd2e97fb02455f3e5,1.0,a4df499649b7419c,ok,145.79326393314113,True,True,cluster_01786,train,/home/dheirav/Code/Deepfake_Detection/deepfake-project/dataset_builder/train/ai_generated/stylegan3_01248.png
data_sources/ai_generated/StyleGAN/stylegan3_01253.png,data_sources/ai_generated/StyleGAN,ai_generated,1024,1024,1.0,JPEG,102949,67bdab6686b6c7f97d2f793a75071f34,41bd2eedbd64499ca19b9313bcbc074b12e4891cba32bc26117189075792e91c,1.0,f4f2792b68690e89,ok,84.50214583192428,True,True,cluster_01702,train,/home/dheirav/Code/Deepfake_Detection/deepfake-project/dataset_builder/train/ai_generated/stylegan3_01253.png
data_sources/ai_generated/StyleGAN/stylegan3_01255.png,data_sources/ai_generated/StyleGAN,ai_generated,1024,1024,1.0,JPEG,111755,195176b76d88dd99f1c9f664a991a7f8,8ba1bbea3da07de4bae79f981ca5a622fc1fafd5b49228f113fc663af79f9e8b,1.0,cc9f9d141cf0f981,ok,270.71727298778933,True,True,cluster_01183,train,/home/dheirav/Code/Deepfake_Detection/deepfake-project/dataset_builder/train/ai_generated/stylegan3_01255.png
data_sources/ai_generated/StyleGAN/stylegan3_01256.png,data_sources/ai_generated/StyleGAN,ai_generated,1024,1024,1.0,JPEG,128813,d105934581dacd2f53d736be0c33c34d,0c3ca10ff80a8903faedd9f8e8453f2495c73e93a17bb345bd8f1585c2b202b9,1.0,d1e983df252a262d,ok,104.86424607068238,True,True,cluster_00373,train,/home/dheirav/Code/Deepfake_Detection/deepfake-project/dataset_builder/train/ai_generated/stylegan3_01256.png
data_sources/ai_generated/StyleGAN/stylegan3_01264.png,data_sources/ai_generated/StyleGAN,ai_generated,1024,1024,1.0,JPEG,127664,3df7cf312841c57a3984dbc09ccba7c7,4b1b76b39cd0bec27c35f27cac3e032031f0c944e47874e09b4552cee66c9ec6,1.0,c9bb74da233c42d8,ok,109.73218725329207,True,True,cluster_00417,train,/home/dheirav/Code/Deepfake_Detection/deepfake-project/dataset_builder/train/ai_generated/stylegan3_01264.png
data_sources/ai_generated/StyleGAN/stylegan3_01273.png,data_sources/ai_generated/StyleGAN,ai_generated,1024,1024,1.0,JPEG,120288,d04c59f1ed0a8dc4d1c7e1ae6478608e,e6a58973204c53a8a7acd770e25649317d7e1dc571e856d36e4853cbc50231fe,1.0,d00b6b6d2d7c259a,ok,207.5102356387278,True,True,cluster_00733,train,/home/dheirav/Code/Deepfake_Detection/deepfake-project/dataset_builder/train/ai_generated/stylegan3_01273.png
data_sources/ai_generated/StyleGAN/stylegan3_01279.png,data_sources/ai_generated/StyleGAN,ai_generated,1024,1024,1.0,JPEG,102972,28e0a12156563d6b38b69dce84293aa1,ee3d84eb159b917969de39065c03ebaf0fc3b185f8a8f365e3dc6915306d58c2,1.0,d9b420e237e3928f,ok,98.49790245250097,True,True,cluster_01700,train,/home/dheirav/Code/Deepfake_Detection/deepfake-project/dataset_builder/train/ai_generated/stylegan3_01279.png
data_sources/ai_generated/StyleGAN/stylegan3_01286.png,data_sources/ai_generated/StyleGAN,ai_generated,1024,1024,1.0,JPEG,118245,522785a6561e8fe62b835670dfa0b772,2dca59eff6427fb25da2b9a0324caf3ca3ee916383f5d0d9708d7ed11bf1ae24,1.0,de6d70226048f7dc,ok,80.26136294264052,True,True,cluster_00835,train,/home/dheirav/Code/Deepfake_Detection/deepfake-project/dataset_builder/train/ai_generated/stylegan3_01286.png
data_sources/ai_generated/StyleGAN/stylegan3_01288.png,data_sources/ai_generated/StyleGAN,ai_generated,1024,1024,1.0,JPEG,121377,9eaab552c7b47464bc627f20f8f43d86,d79385fd2bc11cdcac5b4f758407154905bda6b01c097b21a7aa4af215a2271c,1.0,9c7328ab87b1f60a,ok,83.89101594114618,True,True,cluster_00670,train,/home/dheirav/Code/Deepfake_Detection/deepfake-project/dataset_builder/train/ai_generated/stylegan3_01288.png
data_sources/ai_generated/StyleGAN/stylegan3_01291.png,data_sources/ai_generated/StyleGAN,ai_generated,1024,1024,1.0,JPEG,98995,0cdff3a46e1a0519dec00816031d799a,6326f2c356238288d43b1b91d3d0e8d7963e4c9aa6b9f5b9fdcea47d6194ba3e,1.0,da3e7c20a3490fec,ok,93.87648580071618,True,True,cluster_01900,train,/home/dheirav/Code/Deepfake_Detection/deepfake-project/dataset_builder/train/ai_generated/stylegan3_01291.png
data_sources/ai_generated/StyleGAN/stylegan3_01295.png,data_sources/ai_generated/StyleGAN,ai_generated,1024,1024,1.0,JPEG,116033,c509510e8a47ae4e58b158fda0ef5bb7,f1e7c96187c8c26f680f647bd4f8ee3a172111c0ccf56b71aaeb6e9f8fa68de5,1.0,b2e7eb8e4c18d898,ok,285.3127904870744,True,True,cluster_00940,train,/home/dheirav/Code/Deepfake_Detection/deepfake-project/dataset_builder/train/ai_generated/stylegan3_01295.png
data_sources/ai_generated/StyleGAN/stylegan3_01296.png,data_sources/ai_generated/StyleGAN,ai_generated,1024,1024,1.0,JPEG,124790,9d09bdd1dcf96c793e91ebc74347eda7,a6fde5606566ead50c3e40fb35bc23ff53bea07829f3866abd57e7b142245b2c,1.0,cc80fd17281a3fda,ok,88.62942498013945,True,True,cluster_00510,train,/home/dheirav/Code/Deepfake_Detection/deepfake-project/dataset_builder/train/ai_generated/stylegan3_01296.png
data_sources/ai_generated/StyleGAN/stylegan3_01304.png,data_sources/ai_generated/StyleGAN,ai_generated,1024,1024,1.0,JPEG,106828,2dd00f4c90a02640da6c62f8e919545e,5196a6af5c20c8bfe0473b11f67921a7736649326e08b84b65aaf7082a75eb76,1.0,96706a838d571f8b,ok,272.15063741622623,True,True,cluster_01471,train,/home/dheirav/Code/Deepfake_Detection/deepfake-project/dataset_builder/train/ai_generated/stylegan3_01304.png
data_sources/ai_generated/StyleGAN/stylegan3_01309.png,data_sources/ai_generated/StyleGAN,ai_generated,1024,1024,1.0,JPEG,103922,b7148ca0936d14438a54689e85f787fb,0812131cc27d9eb6d6df03ffbfb487adbba221125bc22ea8f26eff14adbaf509,1.0,d8e06ae723aec28b,ok,404.06448982963684,True,True,cluster_01645,train,/home/dheirav/Code/Deepfake_Detection/deepfake-project/dataset_builder/train/ai_generated/stylegan3_01309.png
data_sources/ai_generated/StyleGAN/stylegan3_01315.png,data_sources/ai_generated/StyleGAN,ai_generated,1024,1024,1.0,JPEG,102552,730045a18e275d67c3cb8a84526a3be6,68989218963c68a2968481ac9cbea22b0bd330829b8cef2370fc606817b72357,1.0,eb0af812f3130bcd,ok,83.26914771401425,True,True,cluster_01724,train,/home/dheirav/Code/Deepfake_Detection/deepfake-project/dataset_builder/train/ai_generated/stylegan3_01315.png
data_sources/ai_generated/StyleGAN/stylegan3_01316.png,data_sources/ai_generated/StyleGAN,ai_generated,1024,1024,1.0,JPEG,108044,41ff62b29ac33e7d59ac5bdab91c9da3,909bff2af8fc89aae0adb4f9076ebb44994c364edf42a5ad16a796a500bd2dad,1.0,8d3535b2ca586a7a,ok,188.3170974869999,True,True,cluster_01386,train,/home/dheirav/Code/Deepfake_Detection/deepfake-project/dataset_builder/train/ai_generated/stylegan3_01316.png
data_sources/ai_generated/StyleGAN/stylegan3_01318.png,data_sources/ai_generated/StyleGAN,ai_generated,1024,1024,1.0,JPEG,130591,ed65e14b37cb64059729b4e7b0e37b58,51891236cf73a1dd11e19bb7d84a9586cbd143f623d145fb00021697d3e2af7c,1.0,9fd878716261a68d,ok,180.220612460128,True,True,cluster_00327,train,/home/dheirav/Code/Deepfake_Detection/deepfake-project/dataset_builder/train/ai_generated/stylegan3_01318.png
data_sources/ai_generated/StyleGAN/stylegan3_01319.png,data_sources/ai_generated/StyleGAN,ai_generated,1024,1024,1.0,JPEG,134509,28a0a53f07116d498617598474256732,ce29d9fb239a8c90c7b578fd34ac9b08f3368ef323319e16549b90faed3238f0,1.0,891c32e353ae8add,ok,465.66062879308805,True,True,cluster_00246,train,/home/dheirav/Code/Deepfake_Detection/deepfake-project/dataset_builder/train/ai_generated/stylegan3_01319.png
data_sources/ai_generated/StyleGAN/stylegan3_01320.png,data_sources/ai_generated/StyleGAN,ai_generated,1024,1024,1.0,JPEG,127460,7ed774068552259176166478231dcb08,13339aaff8a9324710ecf7cc5b2e6549b759d7a808a2bc9803f6c3e80b6d2563,1.0,dc8aac878e78e0ba,ok,87.77798071816505,True,True,cluster_00424,train,/home/dheirav/Code/Deepfake_Detection/deepfake-project/dataset_builder/train/ai_generated/stylegan3_01320.png
data_sources/ai_generated/StyleGAN/stylegan3_01324.png,data_sources/ai_generated/StyleGAN,ai_generated,1024,1024,1.0,JPEG,206799,b0457e1fa32355a981c3225ed217be89,010c48de952f271195a55c44e5737c3ed5216bb78d129590ab82a2c796f3cce1,1.0,99786565a4e9cad1,ok,1388.6258549738995,True,True,cluster_00001,train,/home/dheirav/Code/Deepfake_Detection/deepfake-project/dataset_builder/train/ai_generated/stylegan3_01324.png
data_sources/ai_generated/StyleGAN/stylegan3_01326.png,data_sources/ai_generated/StyleGAN,ai_generated,1024,1024,1.0,JPEG,114055,a3418bbff61cfa2d034dd2106b53891e,56b481fb9772992f00f9ec992c46da94a577eaa2b783fcc9e3129b12efc31b71,1.0,8256ffe1e440b68b,ok,310.4973816564951,True,True,cluster_01053,train,/home/dheirav/Code/Deepfake_Detection/deepfake-project/dataset_builder/train/ai_generated/stylegan3_01326.png
data_sources/ai_generated/StyleGAN/stylegan3_01327.png,data_sources/ai_generated/StyleGAN,ai_generated,1024,1024,1.0,JPEG,108899,e5d3596771be15a8b79556f8afa6c8f2,3ce589066caed99f96aeb907dbb78782dea948a340a73c69419910bb7057d87f,1.0,bd9685a84d2d6c74,ok,82.46270323857607,True,True,cluster_01340,train,/home/dheirav/Code/Deepfake_Detection/deepfake-project/dataset_builder/train/ai_generated/stylegan3_01327.png
data_sources/ai_generated/StyleGAN/stylegan3_01328.png,data_sources/ai_generated/StyleGAN,ai_generated,1024,1024,1.0,JPEG,102478,47f54c2ff5560e2be23ac9091dd31623,1482b4915b5554a78a130a970c13933866cb58b796a59c40fb14e7a823898d77,1.0,fea029a525a5a796,ok,233.87436666468324,True,True,cluster_01727,train,/home/dheirav/Code/Deepfake_Detection/deepfake-project/dataset_builder/train/ai_generated/stylegan3_01328.png
data_sources/ai_generated/StyleGAN/stylegan3_01330.png,data_sources/ai_generated/StyleGAN,ai_generated,1024,1024,1.0,JPEG,132890,01892759eba973b07cbb3df0b4c8e1d8,6a9d9d67d8a7b2933f31f04bee7b89c37ede008bc8297b92421b0240792b9494,1.0,dae829e72175f482,ok,126.98328848682193,True,True,cluster_00276,train,/home/dheirav/Code/Deepfake_Detection/deepfake-project/dataset_builder/train/ai_generated/stylegan3_01330.png
data_sources/ai_generated/StyleGAN/stylegan3_01345.png,data_sources/ai_generated/StyleGAN,ai_generated,1024,1024,1.0,JPEG,117309,0d2fd0b7801595476202ad202106e08d,bcc72876a35c015e6cb6436d805176feee663a8aeeb05d63b0a7153b8f7b7737,1.0,c9b71e723930bb88,ok,103.56739987736273,True,True,cluster_00881,train,/home/dheirav/Code/Deepfake_Detection/deepfake-project/dataset_builder/train/ai_generated/stylegan3_01345.png
data_sources/ai_generated/StyleGAN/stylegan3_01350.png,data_sources/ai_generated/StyleGAN,ai_generated,1024,1024,1.0,JPEG,116240,c990b8c1234a5c3c1d57fef8bb1ffe3a,fa370553b08894e634fd7f04145f59276daa1490d066c57538cf05082989fa67,1.0,f85c6361657306da,ok,129.2060562223196,True,True,cluster_00932,train,/home/dheirav/Code/Deepfake_Detection/deepfake-project/dataset_builder/train/ai_generated/stylegan3_01350.png
data_sources/ai_generated/StyleGAN/stylegan3_01351.png,data_sources/ai_generated/StyleGAN,ai_generated,1024,1024,1.0,JPEG,117273,b06d3b7ec6048c90fbc7829e2014fed4,767ed277fe15bed7d9ecee14d3bb01ff46d139d03171786fe2519bfe034b35fd,1.0,c92f3468b125a3d7,ok,82.5750606643187,True,True,cluster_00884,train,/home/dheirav/Code/Deepfake_Detection/deepfake-project/dataset_builder/train/ai_generated/stylegan3_01351.png
data_sources/ai_generated/StyleGAN/stylegan3_01355.png,data_sources/ai_generated/StyleGAN,ai_generated,1024,1024,1.0,JPEG,114185,0fcf8151cbf63209502fc200cab51500,475a53b526cd9804d991d26ac7cbf8ce7791b2144b07a0b29aa72bb7265677ab,1.0,da1d65276674829e,ok,177.3546246134201,True,True,cluster_01039,train,/home/dheirav/Code/Deepfake_Detection/deepfake-project/dataset_builder/train/ai_generated/stylegan3_01355.png
data_sources/ai_generated/StyleGAN/stylegan3_01358.png,data_sources/ai_generated/StyleGAN,ai_generated,1024,1024,1.0,JPEG,98044,f72cb6b45cf898dfb1294d64aba8e36a,6f4b4530071691b518b25af285ef5e13082cd95ca3c1d168922161eb34056bda,1.0,ee3db0b053a15ee0,ok,110.16037556015362,True,True,cluster_01937,train,/home/dheirav/Code/Deepfake_Detection/deepfake-project/dataset_builder/train/ai_generated/stylegan3_01358.png
data_sources/ai_generated/StyleGAN/stylegan3_01373.png,data_sources/ai_generated/StyleGAN,ai_generated,1024,1024,1.0,JPEG,114303,52596d4cbe82767e42291e3c89613e45,f5869a175cb6563a17f190bc118cb2854735c230422f9c09bde9be777095eaf3,1.0,a5b63a707871c3c9,ok,220.18844818176055,True,True,cluster_01030,train,/home/dheirav/Code/Deepfake_Detection/deepfake-project/dataset_builder/train/ai_generated/stylegan3_01373.png
data_sources/ai_generated/StyleGAN/stylegan3_01374.png,data_sources/ai_generated/StyleGAN,ai_generated,1024,1024,1.0,JPEG,107765,bc4caf3bd8ba2c3651a7ea23a6a7511c,747b4543abb5287bf950451614723b56a7ed37e95727df0f39a406c420028673,1.0,e9e017d6c81fda88,ok,110.47743720990547,True,True,cluster_01408,train,/home/dheirav/Code/Deepfake_Detection/deepfake-project/dataset_builder/train/ai_generated/stylegan3_01374.png
data_sources/ai_generated/StyleGAN/stylegan3_01375.png,data_sources/ai_generated/StyleGAN,ai_generated,1024,1024,1.0,JPEG,135216,1c6ecd4cb581b6393e623768cf64bff9,2b56f633e6c42655170a1dfd626a03e13ab7e95111080f09ed47afdddd7f951d,1.0,9eb5707b6209ce25,ok,162.8374446147418,True,True,cluster_00230,train,/home/dheirav/Code/Deepfake_Detection/deepfake-project/dataset_builder/train/ai_generated/stylegan3_01375.png
data_sources/ai_generated/StyleGAN/stylegan3_01378.png,data_sources/ai_generated/StyleGAN,ai_generated,1024,1024,1.0,JPEG,116350,77e5da7d1c5fc8e9ca8220f57f21321e,a803c60e3ad610d51969eecfd0270895ce73e68defe62ef6ae7b0229a80df66e,1.0,c1173e707178c1cf,ok,189.42065681390426,True,True,cluster_00929,train,/home/dheirav/Code/Deepfake_Detection/deepfake-project/dataset_builder/train/ai_generated/stylegan3_01378.png
data_sources/ai_generated/StyleGAN/stylegan3_01381.png,data_sources/ai_generated/StyleGAN,ai_generated,1024,1024,1.0,JPEG,122386,82adca36502c5a8c7f2a811947982ed0,de8bef6be7dc2f82d0fef918b52e7defe49d4d3287d19c0045e5aee98f527077,1.0,8f7174b6f208929b,ok,370.81879106748136,True,True,cluster_00614,train,/home/dheirav/Code/Deepfake_Detection/deepfake-project/dataset_builder/train/ai_generated/stylegan3_01381.png
data_sources/ai_generated/StyleGAN/stylegan3_01388.png,data_sources/ai_generated/StyleGAN,ai_generated,1024,1024,1.0,JPEG,113429,613a999f31d4ff4ef1ba64a813651bac,fbdf57df541d628e7d80b21199b6d15acd3fcf509ec5b7fac46a2a27bcba5fe4,1.0,cb3c6d326703d2c9,ok,120.31749403484626,True,True,cluster_01084,train,/home/dheirav/Code/Deepfake_Detection/deepfake-project/dataset_builder/train/ai_generated/stylegan3_01388.png
data_sources/ai_generated/StyleGAN/stylegan3_01389.png,data_sources/ai_generated/StyleGAN,ai_generated,1024,1024,1.0,JPEG,126524,6941e7e6b33dd8f81d4120b976601597,f3fd127d881346966b51ad47d8a483be4bcb2e44a151ac8bd98b42cd5655e1f3,1.0,9aa7782530673697,ok,446.42197872039003,True,True,cluster_00446,train,/home/dheirav/Code/Deepfake_Detection/deepfake-project/dataset_builder/train/ai_generated/stylegan3_01389.png
data_sources/ai_generated/StyleGAN/stylegan3_01402.png,data_sources/ai_generated/StyleGAN,ai_generated,1024,1024,1.0,JPEG,126179,322f02fdf20bf3c00cce5d2c0354c6f3,6c5d2922865c91742d6bc56cddd7aae5c674fff7507248554a22c8fa1f4b6ea8,1.0,de9c0fd0b158a1f2,ok,555.2556674452487,True,True,cluster_00460,train,/home/dheirav/Code/Deepfake_Detection/deepfake-project/dataset_builder/train/ai_generated/stylegan3_01402.png
data_sources/ai_generated/StyleGAN/stylegan3_01405.png,data_sources/ai_generated/StyleGAN,ai_generated,1024,1024,1.0,JPEG,111289,09d4ef02ec3be9d5c72d973e90872c8d,2952bedc9997d2a08fcb2fc50daab1979c039ffd5a5e441c7560a98178b743fc,1.0,9e6b7823254c978b,ok,98.48826165395076,True,True,cluster_01218,train,/home/dheirav/Code/Deepfake_Detection/deepfake-project/dataset_builder/train/ai_generated/stylegan3_01405.png
data_sources/ai_generated/StyleGAN/stylegan3_01412.png,data_sources/ai_generated/StyleGAN,ai_generated,1024,1024,1.0,JPEG,106924,c371709303999b80f6acca7f2befed30,988960c8bb2b749467d9288142adcbce711e40dc0bdc55e7e9a0456b87451af2,1.0,f8fee1d13c83b090,ok,153.59739283438736,True,True,cluster_01461,train,/home/dheirav/Code/Deepfake_Detection/deepfake-project/dataset_builder/train/ai_generated/stylegan3_01412.png
data_sources/ai_generated/StyleGAN/stylegan3_01414.png,data_sources/ai_generated/StyleGAN,ai_generated,1024,1024,1.0,JPEG,114842,a7431947acfb0a0488c32d59abc38e8e,c3f2ff41c710e95c00a3e8ad6dbfee7672deab5905102e934a14cf00b18b8080,1.0,fa64e0a707c0cecd,ok,126.97846151812337,True,True,cluster_00996,train,/home/dheirav/Code/Deepfake_Detection/deepfake-project/dataset_builder/train/ai_generated/stylegan3_01414.png
data_sources/ai_generated/StyleGAN/stylegan3_01423.png,data_sources/ai_generated/StyleGAN,ai_generated,1024,1024,1.0,JPEG,97891,fd36265390b88bbf54d1466f3b8ebfff,e0778e40031fa969a6f5518485ae63d5dbba67536f2263ae60211e2127c993f9,1.0,ba6165e584de919a,ok,159.6373624103789,True,True,cluster_01941,train,/home/dheirav/Code/Deepfake_Detection/deepfake-project/dataset_builder/train/ai_generated/stylegan3_01423.png
data_sources/ai_generated/StyleGAN/stylegan3_01430.png,data_sources/ai_generated/StyleGAN,ai_generated,1024,1024,1.0,JPEG,106422,3798219c256b5f72de37dabaf802e9ad,50207970053727e7976284638dbc2a5b281b0e51ea9e75b3951345de13c55bab,1.0,de42fc3a2e2b8e03,ok,113.61486106604207,True,True,cluster_01497,train,/home/dheirav/Code/Deepfake_Detection/deepfake-project/dataset_builder/train/ai_generated/stylegan3_01430.png
data_sources/ai_generated/StyleGAN/stylegan3_01433.png,data_sources/ai_generated/StyleGAN,ai_generated,1024,1024,1.0,JPEG,141523,a6784411d27b7bc01dc8f694815fa226,595ed57c9622707f0baae71ca8a0d5da2adbbdc61b59d88949e92f98efcfebfb,1.0,8f342dd2e35bd0c8,ok,326.56827316005,True,True,cluster_00128,train,/home/dheirav/Code/Deepfake_Detection/deepfake-project/dataset_builder/train/ai_generated/stylegan3_01433.png
data_sources/ai_generated/StyleGAN/stylegan3_01455.png,data_sources/ai_generated/StyleGAN,ai_generated,1024,1024,1.0,JPEG,133450,1aa57fd41bbb96123b1ba1256a4eee17,9ff9ce27c90c74e1f70b69da9d9283b5c694e80d5e7e08d26af92fda82146b75,1.0,ba1e6f8194d285d9,ok,128.71219775291593,True,True,cluster_00263,train,/home/dheirav/Code/Deepfake_Detection/deepfake-project/dataset_builder/train/ai_generated/stylegan3_01455.png
data_sources/ai_generated/StyleGAN/stylegan3_01457.png,data_sources/ai_generated/StyleGAN,ai_generated,1024,1024,1.0,JPEG,101823,e435e6f0cdcc973a9300032fc6ee7da3,672a39df30f3dbea90f5aa040e99d0e2762a36df4533fbbdd10db8a984089b40,1.0,ca2b31a7938d87a5,ok,143.94172277428152,True,True,cluster_01752,train,/home/dheirav/Code/Deepfake_Detection/deepfake-project/dataset_builder/train/ai_generated/stylegan3_01457.png
data_sources/ai_generated/StyleGAN/stylegan3_01461.png,data_sources/ai_generated/StyleGAN,ai_generated,1024,1024,1.0,JPEG,113114,5d24a942c8039f06328524203c476963,b0687dc5058b039cc95e5a2d534f44e377f7c78b92d3f9931d502005d126ab8f,1.0,d4f5f2968c68a097,ok,102.370026040654,True,True,cluster_01104,train,/home/dheirav/Code/Deepfake_Detection/deepfake-project/dataset_builder/train/ai_generated/stylegan3_01461.png
data_sources/ai_generated/StyleGAN/stylegan3_01464.png,data_sources/ai_generated/StyleGAN,ai_generated,1024,1024,1.0,JPEG,100574,3edd69b5a3f967c190f11e3a78bd4702,c9a68d71050220b22b0109ecaf3c68bb800e3543850eb6fdb3c80a633f66d444,1.0,aaf530d2d389c5cc,ok,98.61297301990908,True,True,cluster_01825,train,/home/dheirav/Code/Deepfake_Detection/deepfake-project/dataset_builder/train/ai_generated/stylegan3_01464.png
data_sources/ai_generated/StyleGAN/stylegan3_01465.png,data_sources/ai_generated/StyleGAN,ai_generated,1024,1024,1.0,JPEG,115222,178a6406fee03d6ea8075eafe602fffc,4d4cad64b4fb167b428fa517e85876d3bfffeca0fab5b1f6cef1ce95814bda43,1.0,ef78ec808271ead1,ok,167.42976638904292,True,True,cluster_00977,train,/home/dheirav/Code/Deepfake_Detection/deepfake-project/dataset_builder/train/ai_generated/stylegan3_01465.png
data_sources/ai_generated/StyleGAN/stylegan3_01468.png,data_sources/ai_generated/StyleGAN,ai_generated,1024,1024,1.0,JPEG,117130,f05923bfc68a21cd5f18763795899a0d,b3e9a0739008c573cbab42c6cdf3daea4d9f154f4966476df216391f17db3133,1.0,dae921a7254e9696,ok,95.04070851369761,True,True,cluster_00891,train,/home/dheirav/Code/Deepfake_Detection/deepfake-project/dataset_builder/train/ai_generated/stylegan3_01468.png
data_sources/ai_generated/StyleGAN/stylegan3_01469.png,data_sources/ai_generated/StyleGAN,ai_generated,1024,1024,1.0,JPEG,103998,1a53dc4a501c6339eadac96ab45a87f1,bc1fb9857947f8fd49a3afa43fe1b52d1327310491ec970dcced1f76440cfc9d,1.0,f150676a2e6ba98a,ok,143.44871327874353,True,True,cluster_01640,train,/home/dheirav/Code/Deepfake_Detection/deepfake-project/dataset_builder/train/ai_generated/stylegan3_01469.png
data_sources/ai_generated/StyleGAN/stylegan3_01470.png,data_sources/ai_generated/StyleGAN,ai_generated,1024,1024,1.0,JPEG,140424,486ab3c55716dfacc93352b1f23d39fe,bfd4cb93dc127abf901d26071221238135eb904b692ac0b27e2c9b917cde5568,1.0,90f22b0f64e2a6db,ok,202.84294760449754,True,True,cluster_00146,train,/home/dheirav/Code/Deepfake_Detection/deepfake-project/dataset_builder/train/ai_generated/stylegan3_01470.png
data_sources/ai_generated/StyleGAN/stylegan3_01487.png,data_sources/ai_generated/StyleGAN,ai_generated,1024,1024,1.0,JPEG,127869,2e301becc08c906c4034ddc0e2125517,d5467012cb653972b9613caba7b3bda8c1da954362b17669d6374e1d8bde99b1,1.0,9aa16d962558f29d,ok,123.82972801701453,True,True,cluster_00409,train,/home/dheirav/Code/Deepfake_Detection/deepfake-project/dataset_builder/train/ai_generated/stylegan3_01487.png
data_sources/ai_generated/StyleGAN/stylegan3_01488.png,data_sources/ai_generated/StyleGAN,ai_generated,1024,1024,1.0,JPEG,111803,360f840ba291972db51fc1a28cc7be3f,6d48be1063bb03da7c4e90b82d51eb22bf53accce3aa005db51c991c82aabb10,1.0,af3cb0d6961899b8,ok,230.67500782756542,True,True,cluster_01179,train,/home/dheirav/Code/Deepfake_Detection/deepfake-project/dataset_builder/train/ai_generated/stylegan3_01488.png
data_sources/ai_generated/StyleGAN/stylegan3_01492.png,data_sources/ai_generated/StyleGAN,ai_generated,1024,1024,1.0,JPEG,130368,0fea641d85bb6f927cceb2f822b0fc96,d2b8648a74d5ed618e1b4759d4e7d095910e67ce2ddb085ef0c37816f577c645,1.0,c6717dc33c18328f,ok,164.91581821342606,True,True,cluster_00335,train,/home/dheirav/Code/Deepfake_Detection/deepfake-project/dataset_builder/train/ai_generated/stylegan3_01492.png
data_sources/ai_generated/StyleGAN/stylegan3_01497.png,data_sources/ai_generated/StyleGAN,ai_generated,1024,1024,1.0,JPEG,103888,45c36ee72deb3a0e07c29d6d1db8a4f5,43f4bdc4ddc289a2f53b48c5b7c9f725c90f39b7bf719ca97c63238bc872e85b,1.0,becbf04dc00ec61e,ok,250.43789095666943,True,True,cluster_01647,train,/home/dheirav/Code/Deepfake_Detection/deepfake-project/dataset_builder/train/ai_generated/stylegan3_01497.png
data_sources/ai_generated/StyleGAN/stylegan3_01505.png,data_sources/ai_generated/StyleGAN,ai_generated,1024,1024,1.0,JPEG,97181,c591b663e29c71c13dd2e3542f2f87a0,84eae8af6f74fe3ea4af0d0773bd3963880e9ad8c131cd7f96f33aed6deb6b7d,1.0,dc6b69666564a2d2,ok,100.40501265265539,True,True,cluster_01968,train,/home/dheirav/Code/Deepfake_Detection/deepfake-project/dataset_builder/train/ai_generated/stylegan3_01505.png
data_sources/ai_generated/StyleGAN/stylegan3_01519.png,data_sources/ai_generated/StyleGAN,ai_generated,1024,1024,1.0,JPEG,106014,54dc7d2cd8ae6e4f07892a2f1df670f5,2594409328419975f75a764bf8533a12a73f139a3d88710c6dacd320ce00b858,1.0,9a656387aa9c6599,ok,82.07349380313826,True,True,cluster_01517,train,/home/dheirav/Code/Deepfake_Detection/deepfake-project/dataset_builder/train/ai_generated/stylegan3_01519.png
data_sources/ai_generated/StyleGAN/stylegan3_01520.png,data_sources/ai_generated/StyleGAN,ai_generated,1024,1024,1.0,JPEG,117405,9ea5e5547051769501f890cd68e02036,27177b5ba0b8370e7007271cb2374ea253d0e65a35c85589fb5973251f15b5c7,1.0,cbb72e323f223491,ok,107.471090220115,True,True,cluster_00876,train,/home/dheirav/Code/Deepfake_Detection/deepfake-project/dataset_builder/train/ai_generated/stylegan3_01520.png
data_sources/ai_generated/StyleGAN/stylegan3_01524.png,data_sources/ai_generated/StyleGAN,ai_generated,1024,1024,1.0,JPEG,113274,6f61f9e4582b7cc9f4c64d8ee288cee7,24998b718373b2aae886ae6b79a6d20c5688452540f929aeac3611d451e64a79,1.0,df60622f270587d6,ok,82.326235509463,True,True,cluster_01094,train,/home/dheirav/Code/Deepfake_Detection/deepfake-project/dataset_builder/train/ai_generated/stylegan3_01524.png
data_sources/ai_generated/StyleGAN/stylegan3_01527.png,data_sources/ai_generated/StyleGAN,ai_generated,1024,1024,1.0,JPEG,114254,aa28550047ffdbd902cdf9b76e41e8ac,4f2b921ee3cef9a3fc2ac00cfd0ff08eb7fdeefee7d1d42338bd1f62b19def9b,1.0,df003dc2b44fa2dc,ok,128.31861661543007,True,True,cluster_01036,train,/home/dheirav/Code/Deepfake_Detection/deepfake-project/dataset_builder/train/ai_generated/stylegan3_01527.png
data_sources/ai_generated/StyleGAN/stylegan3_01535.png,data_sources/ai_generated/StyleGAN,ai_generated,1024,1024,1.0,JPEG,123395,3f003f1f9115bede558ca62c4ec6eee3,43d83b86d0faa73f79c480da1b88d433fc2f1e372e358b0b5713bd8c1b18433c,1.0,9a226967670d979a,ok,228.43541353003457,True,True,cluster_00570,train,/home/dheirav/Code/Deepfake_Detection/deepfake-project/dataset_builder/train/ai_generated/stylegan3_01535.png
data_sources/ai_generated/StyleGAN/stylegan3_01537.png,data_sources/ai_generated/StyleGAN,ai_generated,1024,1024,1.0,JPEG,108179,c7ac284e6504d37db4cabe1e862843aa,f585ea17ba52c70e56eff55e539b5cf9b8e4c963ab4de8ee7a11b7b4742b6c54,1.0,dc422f858856dadb,ok,137.68737405864425,True,True,cluster_01376,train,/home/dheirav/Code/Deepfake_Detection/deepfake-project/dataset_builder/train/ai_generated/stylegan3_01537.png
data_sources/ai_generated/StyleGAN/stylegan3_01541.png,data_sources/ai_generated/StyleGAN,ai_generated,1024,1024,1.0,JPEG,112895,b464002f8dd776d995c175e60bc25396,f631bbb84b01ee27efd863245fc09b381a60e1384bc39d6a943878749c408127,1.0,b8e063a665b58799,ok,218.4451123514409,True,True,cluster_01117,train,/home/dheirav/Code/Deepfake_Detection/deepfake-project/dataset_builder/train/ai_generated/stylegan3_01541.png
data_sources/ai_generated/StyleGAN/stylegan3_01542.png,data_sources/ai_generated/StyleGAN,ai_generated,1024,1024,1.0,JPEG,113491,6c8eddd27ad5b0a6de2febe997f64adb,9343bff74b862f43f69db3d3525654ecfc7986dc1c7636f0f3fbc64f3727cb85,1.0,8ce1fab668bcc388,ok,174.45492645549433,True,True,cluster_01081,train,/home/dheirav/Code/Deepfake_Detection/deepfake-project/dataset_builder/train/ai_generated/stylegan3_01542.png
data_sources/ai_generated/StyleGAN/stylegan3_01546.png,data_sources/ai_generated/StyleGAN,ai_generated,1024,1024,1.0,JPEG,131765,1808163eacea7dbeea9f08290c24806f,d0a73700fbc74e327a1fc5f76344b2827c4b74b629dad45e28e06a33d6adf2de,1.0,c4031ebe3071f39b,ok,120.93974778122265,True,True,cluster_00302,train,/home/dheirav/Code/Deepfake_Detection/deepfake-project/dataset_builder/train/ai_generated/stylegan3_01546.png
data_sources/ai_generated/StyleGAN/stylegan3_01549.png,data_sources/ai_generated/StyleGAN,ai_generated,1024,1024,1.0,JPEG,198973,3d7b196752fde2c2678bbcfbd948d5cf,8d64b8cfb224332f75ecab1fa01c43536e0c661ad3fbc70a91c20dc9f48bf640,1.0,999dfb177009d28a,ok,778.3155854111537,True,True,cluster_00002,train,/home/dheirav/Code/Deepfake_Detection/deepfake-project/dataset_builder/train/ai_generated/stylegan3_01549.png
data_sources/ai_generated/StyleGAN/stylegan3_01550.png,data_sources/ai_generated/StyleGAN,ai_generated,1024,1024,1.0,JPEG,98181,7295e704e26e4e35a3b91bfa1e33d7f2,91811a9aecec0cbd2f11e860d41276c4c407a524ec9f3cfcf5c04f02f9949d69,1.0,96297863656ae58d,ok,163.65544641244924,True,True,cluster_01933,train,/home/dheirav/Code/Deepfake_Detection/deepfake-project/dataset_builder/train/ai_generated/stylegan3_01550.png
data_sources/ai_generated/StyleGAN/stylegan3_01553.png,data_sources/ai_generated/StyleGAN,ai_generated,1024,1024,1.0,JPEG,106176,a6a9c45bfee894330abc47b60f2c7996,ff860a8ad8a9e78ae2a44adadd222e5028a8174540a86b75b266ccfbb40c4da7,1.0,83fc296e706163c7,ok,139.27459205783722,True,True,cluster_01507,train,/home/dheirav/Code/Deepfake_Detection/deepfake-project/dataset_builder/train/ai_generated/stylegan3_01553.png
data_sources/ai_generated/StyleGAN/stylegan3_01563.png,data_sources/ai_generated/StyleGAN,ai_generated,1024,1024,1.0,JPEG,111737,aa34c0c3fc8e6706f1e155055a9cfc89,5694fe514f4c8f1d111c29482337810bc0300cb0a872f2d139fb334fc107754b,1.0,fa522121652756df,ok,89.33245750480273,True,True,cluster_01187,train,/home/dheirav/Code/Deepfake_Detection/deepfake-project/dataset_builder/train/ai_generated/stylegan3_01563.png
data_sources/ai_generated/StyleGAN/stylegan3_01564.png,data_sources/ai_generated/StyleGAN,ai_generated,1024,1024,1.0,JPEG,107818,6206b53aa9b63158da1c26e89fde2732,1727f7890530f5d201237172dc6268a6852b7b08f794d67793feb4dff0e51f48,1.0,ab87fca3d2919292,ok,97.68440176150762,True,True,cluster_01403,train,/home/dheirav/Code/Deepfake_Detection/deepfake-project/dataset_builder/train/ai_generated/stylegan3_01564.png
data_sources/ai_generated/StyleGAN/stylegan3_01585.png,data_sources/ai_generated/StyleGAN,ai_generated,1024,1024,1.0,JPEG,141125,9274147617a6d4ef4af12bca67a5f1d8,5d17a4e1cef43cc23e58f87f94be9f053b7cf4a14ca77624ae7c1ade8213917f,1.0,c7f15ae36347228a,ok,139.07495032391216,True,True,cluster_00131,train,/home/dheirav/Code/Deepfake_Detection/deepfake-project/dataset_builder/train/ai_generated/stylegan3_01585.png
data_sources/ai_generated/StyleGAN/stylegan3_01606.png,data_sources/ai_generated/StyleGAN,ai_generated,1024,1024,1.0,JPEG,112036,198ed90db7c1b331d93b59f35bff5b44,0efb3ac0ff169fd3de8708df75bb5b6dabc48c497ec20a6b8edf4c29b60679ad,1.0,9ab62df535307492,ok,150.75702557678503,True,True,cluster_01166,train,/home/dheirav/Code/Deepfake_Detection/deepfake-project/dataset_builder/train/ai_generated/stylegan3_01606.png
data_sources/ai_generated/StyleGAN/stylegan3_01609.png,data_sources/ai_generated/StyleGAN,ai_generated,1024,1024,1.0,JPEG,113125,9ca8370cb6b029432eb142f36072cd06,8d4b7292db68d3861c14d2c109c6454bc762f0c63bdbe387f262ac918d3682d1,1.0,b8bc8f41ec219397,ok,96.9587409430669,True,True,cluster_01102,train,/home/dheirav/Code/Deepfake_Detection/deepfake-project/dataset_builder/train/ai_generated/stylegan3_01609.png
data_sources/ai_generated/StyleGAN/stylegan3_01612.png,data_sources/ai_generated/StyleGAN,ai_generated,1024,1024,1.0,JPEG,126127,c57ac33efaa93016c17060202d68d3cb,5bcf1d23cdcf5f19c15e11c2dbe25470ac3fa431581485d456d117cb67fdff87,1.0,df302522f70dd6c8,ok,225.76094752404242,True,True,cluster_00461,train,/home/dheirav/Code/Deepfake_Detection/deepfake-project/dataset_builder/train/ai_generated/stylegan3_01612.png
data_sources/ai_generated/StyleGAN/stylegan3_01614.png,data_sources/ai_generated/StyleGAN,ai_generated,1024,1024,1.0,JPEG,117276,7022de8643cdd8f3b52aee6c5cc18282,3434cf4854ca41bc1e7d2052c1e53e0076667395ddba963043a6f52b05628830,1.0,bea534b272da83c1,ok,165.50795745324285,True,True,cluster_00883,train,/home/dheirav/Code/Deepfake_Detection/deepfake-project/dataset_builder/train/ai_generated/stylegan3_01614.png
data_sources/ai_generated/StyleGAN/stylegan3_01617.png,data_sources/ai_generated/StyleGAN,ai_generated,1024,1024,1.0,JPEG,97750,6ce30ee08e27c54fc8842622a775a113,01cc8055f175b7b0f10aeed1b77c3f4f2f5a698e4fe456f55ada8db6f3f7c48c,1.0,96693e6b3268c33c,ok,230.47715467979918,True,True,cluster_01947,train,/home/dheirav/Code/Deepfake_Detection/deepfake-project/dataset_builder/train/ai_generated/stylegan3_01617.png
data_sources/ai_generated/StyleGAN/stylegan3_01623.png,data_sources/ai_generated/StyleGAN,ai_generated,1024,1024,1.0,JPEG,121045,8c8bc9ca08122113a529e3f892446ccd,0aa49ee3ddf63209037b162e927a85f2d48231cba5d1d4e2442199db83cb20c8,1.0,ab0ba5b55026e787,ok,141.6594919307936,True,True,cluster_00687,train,/home/dheirav/Code/Deepfake_Detection/deepfake-project/dataset_builder/train/ai_generated/stylegan3_01623.png
data_sources/ai_generated/StyleGAN/stylegan3_01627.png,data_sources/ai_generated/StyleGAN,ai_generated,1024,1024,1.0,JPEG,100309,3df053e95fcd46460a6842f11b543f0b,74a277055591cddb8ae5c526aba7ce566c0fc4426af3a04e0c269b22ab5b22b6,1.0,982d3c6772629a8f,ok,80.53678800897615,True,True,cluster_01843,train,/home/dheirav/Code/Deepfake_Detection/deepfake-project/dataset_builder/train/ai_generated/stylegan3_01627.png
data_sources/ai_generated/StyleGAN/stylegan3_01628.png,data_sources/ai_generated/StyleGAN,ai_generated,1024,1024,1.0,JPEG,96371,1701d9bc52b4757adb12b71028ac9a63,f6cc6bd8a4353216bed93acc6a905aa15f8c628746a66141db0a157cd59b509a,1.0,c9cf25047724b3ce,ok,236.3651683714188,True,True,cluster_01999,train,/home/dheirav/Code/Deepfake_Detection/deepfake-project/dataset_builder/train/ai_generated/stylegan3_01628.png
data_sources/ai_generated/StyleGAN/stylegan3_01629.png,data_sources/ai_generated/StyleGAN,ai_generated,1024,1024,1.0,JPEG,128760,489ee337e5c38f76393282d49d277117,c83cf6c79362275d8be52732fe92a7b1d65031b625d520f5a464d9b62900b518,1.0,bca26707642e678e,ok,246.80869749873722,True,True,cluster_00376,train,/home/dheirav/Code/Deepfake_Detection/deepfake-project/dataset_builder/train/ai_generated/stylegan3_01629.png
data_sources/ai_generated/StyleGAN/stylegan3_01631.png,data_sources/ai_generated/StyleGAN,ai_generated,1024,1024,1.0,JPEG,153547,0872d8fc823a8373dd875fc7265fde81,52d6276d6b32e9662b854a2006851e6855c7d15dea75fb9ada728d0ab5b538dc,1.0,d74fe04e142f90cb,ok,402.1127747718118,True,True,cluster_00055,train,/home/dheirav/Code/Deepfake_Detection/deepfake-project/dataset_builder/train/ai_generated/stylegan3_01631.png
data_sources/ai_generated/StyleGAN/stylegan3_01632.png,data_sources/ai_generated/StyleGAN,ai_generated,1024,1024,1.0,JPEG,104706,fb09f53175315460dc77ac3aff5c51c1,69050eac6edc812de0a9b72b035364f9d952efee2fdd99c7f131ecf71c05f35d,1.0,aef0a507e534869b,ok,111.02220416187993,True,True,cluster_01594,train,/home/dheirav/Code/Deepfake_Detection/deepfake-project/dataset_builder/train/ai_generated/stylegan3_01632.png
data_sources/ai_generated/StyleGAN/stylegan3_01638.png,data_sources/ai_generated/StyleGAN,ai_generated,1024,1024,1.0,JPEG,104898,62e2856573411b975c23304a7100c30c,d82ba6f267ce66278610548a88ab00edb7d776134fbfa161e51525669d9822d6,1.0,962978277a1e81db,ok,94.18713465018571,True,True,cluster_01586,train,/home/dheirav/Code/Deepfake_Detection/deepfake-project/dataset_builder/train/ai_generated/stylegan3_01638.png
data_sources/ai_generated/StyleGAN/stylegan3_01646.png,data_sources/ai_generated/StyleGAN,ai_generated,1024,1024,1.0,JPEG,121058,201505db4969895dd24fa15a8daa0894,7d1fc24fe6d37004ee166f4695c9febb52eedf718e1150da6c8b9db696b7b236,1.0,b84b07e143b6c796,ok,133.69206603172643,True,True,cluster_00684,train,/home/dheirav/Code/Deepfake_Detection/deepfake-project/dataset_builder/train/ai_generated/stylegan3_01646.png
data_sources/ai_generated/StyleGAN/stylegan3_01653.png,data_sources/ai_generated/StyleGAN,ai_generated,1024,1024,1.0,JPEG,145057,05ba190cf483ee7f7f142059309e1017,6bfff0325cc49b3635321cbd437909e9e0e97c47d2ae70e9c522aef4b71e46cc,1.0,eb212c173cbe38cc,ok,279.9520386792127,True,True,cluster_00103,train,/home/dheirav/Code/Deepfake_Detection/deepfake-project/dataset_builder/train/ai_generated/stylegan3_01653.png
data_sources/ai_generated/StyleGAN/stylegan3_01659.png,data_sources/ai_generated/StyleGAN,ai_generated,1024,1024,1.0,JPEG,117131,d8cf365c80e23a4b52e9a4ff9e02fa33,61e762ff326235aafcd6d5ceafccf15d1232131a72a3862e43b7adceffe4618f,1.0,c05e2f7e3434335a,ok,148.3376611434942,True,True,cluster_00890,train,/home/dheirav/Code/Deepfake_Detection/deepfake-project/dataset_builder/train/ai_generated/stylegan3_01659.png
data_sources/ai_generated/StyleGAN/stylegan3_01660.png,data_sources/ai_generated/StyleGAN,ai_generated,1024,1024,1.0,JPEG,154128,39c0ff8106fcc6dddbac6db17d0000e5,cfe8f91b8093c34ab9bab854d36a5fdfbebebd69a3bee590353c8e36f6b90f02,1.0,9d500a676f2b8799,ok,308.49246169714024,True,True,cluster_00049,train,/home/dheirav/Code/Deepfake_Detection/deepfake-project/dataset_builder/train/ai_generated/stylegan3_01660.png
data_sources/ai_generated/StyleGAN/stylegan3_01662.png,data_sources/ai_generated/StyleGAN,ai_generated,1024,1024,1.0,JPEG,105702,a6e3ac4bdc2bf503a785c28d8444e153,f6a2e1d50a9290fd3cc66c0e55ef1e3940cc883a23f6edfa82cad99d3600d0bd,1.0,8fb92c87e44f1a98,ok,160.21708768652658,True,True,cluster_01538,train,/home/dheirav/Code/Deepfake_Detection/deepfake-project/dataset_builder/train/ai_generated/stylegan3_01662.png
data_sources/ai_generated/StyleGAN/stylegan3_01663.png,data_sources/ai_generated/StyleGAN,ai_generated,1024,1024,1.0,JPEG,147019,d634b327cfcb7e2d334e1403b1ce78d3,fdb51b7175f3d2fdb2a92b1c70fa58d6c3100dfd74d8cba0d3bb999854ee05b7,1.0,e7ba30d2b1c2cfc0,ok,206.62555804705968,True,True,cluster_00086,train,/home/dheirav/Code/Deepfake_Detection/deepfake-project/dataset_builder/train/ai_generated/stylegan3_01663.png
data_sources/ai_generated/StyleGAN/stylegan3_01671.png,data_sources/ai_generated/StyleGAN,ai_generated,1024,1024,1.0,JPEG,173054,4f21187c539cd1dd75d542a88f118744,926bd5ff547a8953dc6b0b44ad3418b7b3e74802c0d4c590c4398a1c8200d772,1.0,8bb0c7d38b6d4545,ok,454.5977995214889,True,True,cluster_00005,train,/home/dheirav/Code/Deepfake_Detection/deepfake-project/dataset_builder/train/ai_generated/stylegan3_01671.png
data_sources/ai_generated/StyleGAN/stylegan3_01673.png,data_sources/ai_generated/StyleGAN,ai_generated,1024,1024,1.0,JPEG,131004,37c81a72e9887f936f3cd150c9dde79d,ffd29680e3a8e534d737baccf6dd36c14ebab3c6abc0b9c2e7c9a0f3c96865be,1.0,de617063256a339b,ok,81.2378775492316,True,True,cluster_00318,train,/home/dheirav/Code/Deepfake_Detection/deepfake-project/dataset_builder/train/ai_generated/stylegan3_01673.png
data_sources/ai_generated/StyleGAN/stylegan3_01684.png,data_sources/ai_generated/StyleGAN,ai_generated,1024,1024,1.0,JPEG,116591,a3a42e998b24ae154d3e4396f309a4ec,7fc82dd357d3e9ef3d351112f9d0f72c215008bf840e0b782982678b4c6a39b3,1.0,d29c2d33226647cf,ok,105.658761857645,True,True,cluster_00914,train,/home/dheirav/Code/Deepfake_Detection/deepfake-project/dataset_builder/train/ai_generated/stylegan3_01684.png
data_sources/ai_generated/StyleGAN/stylegan3_01687.png,data_sources/ai_generated/StyleGAN,ai_generated,1024,1024,1.0,JPEG,104481,6cd2d86d7bf4720a4e5020a539f96bd5,3aec92d2ce609fddb7f3d651e776eee7c159c5b35def898c58c9270c422315ec,1.0,e896f5e22468979c,ok,87.61555457670693,True,True,cluster_01608,train,/home/dheirav/Code/Deepfake_Detection/deepfake-project/dataset_builder/train/ai_generated/stylegan3_01687.png
data_sources/ai_generated/StyleGAN/stylegan3_01688.png,data_sources/ai_generated/StyleGAN,ai_generated,1024,1024,1.0,JPEG,103956,f7040ce3dd32b67f3c8f858d11bf6375,22244086dc4a4ee2483fb6868059e47e31320501cc73eaee52a20efb9409a7fd,1.0,de6320f6870adb15,ok,117.77394233285668,True,True,cluster_01642,train,/home/dheirav/Code/Deepfake_Detection/deepfake-project/dataset_builder/train/ai_generated/stylegan3_01688.png
data_sources/ai_generated/StyleGAN/stylegan3_01692.png,data_sources/ai_generated/StyleGAN,ai_generated,1024,1024,1.0,JPEG,136406,ce953dc291b112453ff360812fda999b,53b376c059119d7314ccaa47b1ab47b502b6afc04fd93fbd09df9d957a3219c4,1.0,9ceb68e5a44685da,ok,255.45144649682334,True,True,cluster_00201,train,/home/dheirav/Code/Deepfake_Detection/deepfake-project/dataset_builder/train/ai_generated/stylegan3_01692.png
data_sources/ai_generated/StyleGAN/stylegan3_01694.png,data_sources/ai_generated/StyleGAN,ai_generated,1024,1024,1.0,JPEG,113121,6841790cb03a11767ca6ce54ce30c2bd,01653fe0bd348162a91a11636eab935f29d0c0188878fe48919a770d0b239aa7,1.0,97855ee01afa2157,ok,130.84222138252517,True,True,cluster_01103,train,/home/dheirav/Code/Deepfake_Detection/deepfake-project/dataset_builder/train/ai_generated/stylegan3_01694.png
data_sources/ai_generated/StyleGAN/stylegan3_01697.png,data_sources/ai_generated/StyleGAN,ai_generated,1024,1024,1.0,JPEG,98460,143d4e5ee88ff0d316bd1088fbfeed40,63fffdf012b91b02a8f1606e0061ee9946dae3ffe8d633a38d646d40c3176a53,1.0,bffc60f241d0c383,ok,101.33450372771675,True,True,cluster_01917,train,/home/dheirav/Code/Deepfake_Detection/deepfake-project/dataset_builder/train/ai_generated/stylegan3_01697.png
data_sources/ai_generated/StyleGAN/stylegan3_01705.png,data_sources/ai_generated/StyleGAN,ai_generated,1024,1024,1.0,JPEG,117556,c20c17358cf969d5aa84905c977fd4a1,cafed3ef0a3299b4747b55137f4447709f13b8d4e541f11dd144ec68267aa5ba,1.0,887f1d9a18786b5a,ok,88.54152895678908,True,True,cluster_00862,train,/home/dheirav/Code/Deepfake_Detection/deepfake-project/dataset_builder/train/ai_generated/stylegan3_01705.png
data_sources/ai_generated/StyleGAN/stylegan3_01710.png,data_sources/ai_generated/StyleGAN,ai_generated,1024,1024,1.0,JPEG,127009,ecb588b7c8cbe336799fd201624fac66,8c8e696eec6cfb1a213475ba5562662ef6a57019d212924b2f7c4642744d9ba7,1.0,c9343cd3f1dce0c4,ok,377.9087492838506,True,True,cluster_00434,train,/home/dheirav/Code/Deepfake_Detection/deepfake-project/dataset_builder/train/ai_generated/stylegan3_01710.png
data_sources/ai_generated/StyleGAN/stylegan3_01719.png,data_sources/ai_generated/StyleGAN,ai_generated,1024,1024,1.0,JPEG,101372,82011459914d33f0bf0060ee68233113,47b916c3707984c42553fc4a1290a3c4829a7a655aed2380f412d10c71684589,1.0,9b3e28f2a0fb80d9,ok,274.1053409543674,True,True,cluster_01778,train,/home/dheirav/Code/Deepfake_Detection/deepfake-project/dataset_builder/train/ai_generated/stylegan3_01719.png
data_sources/ai_generated/StyleGAN/stylegan3_01724.png,data_sources/ai_generated/StyleGAN,ai_generated,1024,1024,1.0,JPEG,123460,7ef73b03cf9608057f62337c50e464df,cf471f59e16ddc811e1f36ec933a1b48ca35304cbbb96949a6f5209ff5461cfb,1.0,cbbcf182431c639e,ok,223.30983978428316,True,True,cluster_00564,train,/home/dheirav/Code/Deepfake_Detection/deepfake-project/dataset_builder/train/ai_generated/stylegan3_01724.png
data_sources/ai_generated/StyleGAN/stylegan3_01727.png,data_sources/ai_generated/StyleGAN,ai_generated,1024,1024,1.0,JPEG,125374,60734425bb8bf0b4a8b0e8f6a882244f,20b81c9c07e7da5727786d185a3b067e73858260a9eb781af445edff84633b68,1.0,fa3a65e5c485926a,ok,135.89283342071212,True,True,cluster_00488,train,/home/dheirav/Code/Deepfake_Detection/deepfake-project/dataset_builder/train/ai_generated/stylegan3_01727.png
data_sources/ai_generated/StyleGAN/stylegan3_01732.png,data_sources/ai_generated/StyleGAN,ai_generated,1024,1024,1.0,JPEG,103545,17f2a3f44b57389e93d423eb325e91a6,274ae988227256c613023069604f65c727639c8f1c9c45df4f38f7aeb0be4a81,1.0,eb2fb44382dd039a,ok,136.11645316373324,True,True,cluster_01665,train,/home/dheirav/Code/Deepfake_Detection/deepfake-project/dataset_builder/train/ai_generated/stylegan3_01732.png
data_sources/ai_generated/StyleGAN/stylegan3_01736.png,data_sources/ai_generated/StyleGAN,ai_generated,1024,1024,1.0,JPEG,117572,e0164f34aa8aa6e694cc951ae4219f44,f552cd3cea8c1fdec64ded8af0149560acdfab9042a3466552240daa9b59194a,1.0,9ff0282b475daa98,ok,83.64384386780148,True,True,cluster_00861,train,/home/dheirav/Code/Deepfake_Detection/deepfake-project/dataset_builder/train/ai_generated/stylegan3_01736.png
data_sources/ai_generated/StyleGAN/stylegan3_01742.png,data_sources/ai_generated/StyleGAN,ai_generated,1024,1024,1.0,JPEG,125461,cc6140bd4b3523610a1fa18edbf69cb6,3b401a74c662e9fff345b2e082b732446e944e0e3cfa9497a9bf8b0155da4a8d,1.0,9f0a3527366a87d2,ok,240.21576113485838,True,True,cluster_00481,train,/home/dheirav/Code/Deepfake_Detection/deepfake-project/dataset_builder/train/ai_generated/stylegan3_01742.png
data_sources/ai_generated/StyleGAN/stylegan3_01756.png,data_sources/ai_generated/StyleGAN,ai_generated,1024,1024,1.0,JPEG,153646,ec2cd04f8f2749f6403af2367e58538d,0de4a18a6724088fad84b9c6826054c76e075df0e7aa8a4be76d0e0115d52401,1.0,eea2f4a2a54ca798,ok,608.9388720066408,True,True,cluster_00052,train,/home/dheirav/Code/Deepfake_Detection/deepfake-project/dataset_builder/train/ai_generated/stylegan3_01756.png
data_sources/ai_generated/StyleGAN/stylegan3_01757.png,data_sources/ai_generated/StyleGAN,ai_generated,1024,1024,1.0,JPEG,112025,660200ca27905a0b0d4773569e45d3e8,82ea45619851a8c1649c2c055d745f89fb723c5b1e983d6ac8d249f36ea2f3df,1.0,d18d2ffa2623238b,ok,94.04994349594563,True,True,cluster_01167,train,/home/dheirav/Code/Deepfake_Detection/deepfake-project/dataset_builder/train/ai_generated/stylegan3_01757.png
data_sources/ai_generated/StyleGAN/stylegan3_01759.png,data_sources/ai_generated/StyleGAN,ai_generated,1024,1024,1.0,JPEG,107919,e4331d8ccf76c3a87776ab956f6fbeb7,a7370c51dba682eb343057361a4a78a04d23efc2ee832d941fdc30772dddeacc,1.0,f14367a266ccb49a,ok,119.91555181404328,True,True,cluster_01394,train,/home/dheirav/Code/Deepfake_Detection/deepfake-project/dataset_builder/train/ai_generated/stylegan3_01759.png
data_sources/ai_generated/StyleGAN/stylegan3_01774.png,data_sources/ai_generated/StyleGAN,ai_generated,1024,1024,1.0,JPEG,126937,44011e6abd650afc110440ee84066726,500fa6ef9c22cfde56ec29e8fffa0fabb3d86d44582c5139d2085dd78a098fb2,1.0,fa4a6562a558a35d,ok,211.9725593712928,True,True,cluster_00436,train,/home/dheirav/Code/Deepfake_Detection/deepfake-project/dataset_builder/train/ai_generated/stylegan3_01774.png
data_sources/ai_generated/StyleGAN/stylegan3_01776.png,data_sources/ai_generated/StyleGAN,ai_generated,1024,1024,1.0,JPEG,116214,6a0371667cdf4f9a9169c1b7f73f017d,cabc348bac65c732927f16a7ea56a1a23cdd80532254866f49bb61ab24838255,1.0,c93f4e306dc58699,ok,143.74659632515883,True,True,cluster_00935,train,/home/dheirav/Code/Deepfake_Detection/deepfake-project/dataset_builder/train/ai_generated/stylegan3_01776.png
data_sources/ai_generated/StyleGAN/stylegan3_01785.png,data_sources/ai_generated/StyleGAN,ai_generated,1024,1024,1.0,JPEG,106618,5edb34b8c2f5d93dcb64058d992e7aed,9bd73eccca617138262cb3543241178c3f20e08ff19f292b25ba55791c3657be,1.0,fd1d20f237d203c3,ok,143.06582901671842,True,True,cluster_01479,train,/home/dheirav/Code/Deepfake_Detection/deepfake-project/dataset_builder/train/ai_generated/stylegan3_01785.png
data_sources/ai_generated/StyleGAN/stylegan3_01793.png,data_sources/ai_generated/StyleGAN,ai_generated,1024,1024,1.0,JPEG,120871,692f44afb7e316a10f72ce8dfd90b7c4,ce538d7cb69c267fb14361594f46f03137e5e964804104fe25d1c6c459324131,1.0,8f74702262db8b8f,ok,83.55975055618092,True,True,cluster_00695,train,/home/dheirav/Code/Deepfake_Detection/deepfake-project/dataset_builder/train/ai_generated/stylegan3_01793.png
data_sources/ai_generated/StyleGAN/stylegan3_01804.png,data_sources/ai_generated/StyleGAN,ai_generated,1024,1024,1.0,JPEG,128299,62cb0c1eea606dcfb653afcaed0578c9,dbaf16930b5c72c738f3b9047e5854a61a7729f73efaaa17783e827fee3a95e6,1.0,a18357e0764a8ede,ok,214.18490184828624,True,True,cluster_00394,train,/home/dheirav/Code/Deepfake_Detection/deepfake-project/dataset_builder/train/ai_generated/stylegan3_01804.png
data_sources/ai_generated/StyleGAN/stylegan3_01808.png,data_sources/ai_generated/StyleGAN,ai_generated,1024,1024,1.0,JPEG,133102,96e0c47e4a24195941db185fee7b222b,34e0398db720a5377e10fc30942ea7366892d10b4bd629dfa577dbe9ae82a33d,1.0,a8fa05e12552d79e,ok,375.6136969164909,True,True,cluster_00271,train,/home/dheirav/Code/Deepfake_Detection/deepfake-project/dataset_builder/train/ai_generated/stylegan3_01808.png
data_sources/ai_generated/StyleGAN/stylegan3_01810.png,data_sources/ai_generated/StyleGAN,ai_generated,1024,1024,1.0,JPEG,167319,e045860cb36c770e92dcbb5d4a685788,2ea7f3eae3f9e93ebd1a6fe244b9320e60a7296c7efabc016219c176642b7ab8,1.0,df1f34eee02a828a,ok,396.10909814288607,True,True,cluster_00015,train,/home/dheirav/Code/Deepfake_Detection/deepfake-project/dataset_builder/train/ai_generated/stylegan3_01810.png
data_sources/ai_generated/StyleGAN/stylegan3_01812.png,data_sources/ai_generated/StyleGAN,ai_generated,1024,1024,1.0,JPEG,105336,ef1d1e99cba4d93886e77d4b370f4b52,e75dbc7cf6908979e89d3ac23ac53e6bbd1821fe04749ca5281c33e52a627440,1.0,dc8f788772247a89,ok,150.43979442899217,True,True,cluster_01561,train,/home/dheirav/Code/Deepfake_Detection/deepfake-project/dataset_builder/train/ai_generated/stylegan3_01812.png
data_sources/ai_generated/StyleGAN/stylegan3_01814.png,data_sources/ai_generated/StyleGAN,ai_generated,1024,1024,1.0,JPEG,121462,36404f2718ff9c00589385b90d051237,4a01ec557a989b5eb6f73e9cee5d3684727054247bb9f8ed9964df0ce5844448,1.0,cb09f2c2d92ff08c,ok,105.4932178004965,True,True,cluster_00664,train,/home/dheirav/Code/Deepfake_Detection/deepfake-project/dataset_builder/train/ai_generated/stylegan3_01814.png
data_sources/ai_generated/StyleGAN/stylegan3_01818.png,data_sources/ai_generated/StyleGAN,ai_generated,1024,1024,1.0,JPEG,119313,e74b472a878b1a812fbd4a39ba2d07b2,575297954870e0d00b8524a194e6ad5ba353ac3366d2fd212841c2a0586204f2,1.0,ebf726a01123dec8,ok,275.19503679087114,True,True,cluster_00779,train,/home/dheirav/Code/Deepfake_Detection/deepfake-project/dataset_builder/train/ai_generated/stylegan3_01818.png
data_sources/ai_generated/StyleGAN/stylegan3_01824.png,data_sources/ai_generated/StyleGAN,ai_generated,1024,1024,1.0,JPEG,105089,447f6874a915c412eb3b57d2f6f44838,ed3da7a6fa7567fc655df91d19063c0d42d7719a8c6706af47b77183c0cae16d,1.0,d20b7b93027d2fc8,ok,109.58158678711334,True,True,cluster_01578,train,/home/dheirav/Code/Deepfake_Detection/deepfake-project/dataset_builder/train/ai_generated/stylegan3_01824.png
data_sources/ai_generated/StyleGAN/stylegan3_01833.png,data_sources/ai_generated/StyleGAN,ai_generated,1024,1024,1.0,JPEG,101076,630d5dda747ba191d0229f792a44b28c,e048e5801ba1a481b33facdc4a659dd1a9df8aba966bfdd435748ac533800712,1.0,e1a9a5b330f312ce,ok,80.03587192952455,True,True,cluster_01790,train,/home/dheirav/Code/Deepfake_Detection/deepfake-project/dataset_builder/train/ai_generated/stylegan3_01833.png
data_sources/ai_generated/StyleGAN/stylegan3_01839.png,data_sources/ai_generated/StyleGAN,ai_generated,1024,1024,1.0,JPEG,106788,77d026a9978bb2d892e60d6badc8990b,f4c5a09e13a0ca6ae7d579bbd9fd8004297cd24f3a903ebe9035df110f01ed5a,1.0,bf6db050d28acb86,ok,229.54122373176506,True,True,cluster_01472,train,/home/dheirav/Code/Deepfake_Detection/deepfake-project/dataset_builder/train/ai_generated/stylegan3_01839.png
data_sources/ai_generated/StyleGAN/stylegan3_01842.png,data_sources/ai_generated/StyleGAN,ai_generated,1024,1024,1.0,JPEG,100424,91f639235a25c240c20728331b101472,0c6766053c7785369569c8e0a2a1255fa00f67902eb8c004239cb13b74bf7e92,1.0,9a646b366379858b,ok,132.90554137311753,True,True,cluster_01834,train,/home/dheirav/Code/Deepfake_Detection/deepfake-project/dataset_builder/train/ai_generated/stylegan3_01842.png
data_sources/ai_generated/StyleGAN/stylegan3_01847.png,data_sources/ai_generated/StyleGAN,ai_generated,1024,1024,1.0,JPEG,108204,0a60d80f6ba6495235d1c65fcb9d32c9,e82053b337d37b9b8f0f2118f91c580db54d4580974bb74a1a52ea0e2a187171,1.0,af5f3eb4343440a6,ok,146.28863851526694,True,True,cluster_01372,train,/home/dheirav/Code/Deepfake_Detection/deepfake-project/dataset_builder/train/ai_generated/stylegan3_01847.png
data_sources/ai_generated/StyleGAN/stylegan3_01858.png,data_sources/ai_generated/StyleGAN,ai_generated,1024,1024,1.0,JPEG,104908,1de6b6b3c74a5be2a1626fe82fa6ab0f,47b424f367579814bebe0f8171bd6981c67c69222ccf42a738041ba6e742e6f0,1.0,c2873e2f353c329c,ok,98.68974841893122,True,True,cluster_01585,train,/home/dheirav/Code/Deepfake_Detection/deepfake-project/dataset_builder/train/ai_generated/stylegan3_01858.png
data_sources/ai_generated/StyleGAN/stylegan3_01861.png,data_sources/ai_generated/StyleGAN,ai_generated,1024,1024,1.0,JPEG,111739,865c00eb47d370ed2278ccab5ce6a5fe,5e3a8e726a8c8d9bd4ca6614c8885e5e756aa88253690904f2aa3715ab7030b5,1.0,8fc4bd83354a2ed8,ok,82.9155401072785,True,True,cluster_01186,train,/home/dheirav/Code/Deepfake_Detection/deepfake-project/dataset_builder/train/ai_generated/stylegan3_01861.png
data_sources/ai_generated/StyleGAN/stylegan3_01871.png,data_sources/ai_generated/StyleGAN,ai_generated,1024,1024,1.0,JPEG,125007,9c1db4dca3a6d9f6a6c56e7c37292432,75ccfca4c33f1dc0c095757d737bfb848e91f8798ee1b414721a531295bcfc0d,1.0,bf22f0c2c1cd42cf,ok,225.92304990462435,True,True,cluster_00501,train,/home/dheirav/Code/Deepfake_Detection/deepfake-project/dataset_builder/train/ai_generated/stylegan3_01871.png
data_sources/ai_generated/StyleGAN/stylegan3_01874.png,data_sources/ai_generated/StyleGAN,ai_generated,1024,1024,1.0,JPEG,99068,862e3fd30235c7bafa2e6335c359fb7b,1a63e24b518f147451dd6566c4d30805bc9d907eec6e578582f8013d859bbaa0,1.0,98d5df57502096d6,ok,202.98200414351595,True,True,cluster_01894,train,/home/dheirav/Code/Deepfake_Detection/deepfake-project/dataset_builder/train/ai_generated/stylegan3_01874.png
data_sources/ai_generated/StyleGAN/stylegan3_01875.png,data_sources/ai_generated/StyleGAN,ai_generated,1024,1024,1.0,JPEG,124081,a8a27e69a5b8dd751532a8a69082498f,61c26939738d01c55fb3575987a5e7556d85075c10c3da3bd2cc9289053e6f88,1.0,a8e578a4c20bc7db,ok,114.57427531971825,True,True,cluster_00540,train,/home/dheirav/Code/Deepfake_Detection/deepfake-project/dataset_builder/train/ai_generated/stylegan3_01875.png
data_sources/ai_generated/StyleGAN/stylegan3_01879.png,data_sources/ai_generated/StyleGAN,ai_generated,1024,1024,1.0,JPEG,97030,f073ca3a3fcf2c659cc9f3f627f9b233,58a1bfe1adccec6ed256df581c951b685ccef4fb8948bfacdd79677a1f16dcea,1.0,be2d81929aa8dadc,ok,157.37340066343944,True,True,cluster_01975,train,/home/dheirav/Code/Deepfake_Detection/deepfake-project/dataset_builder/train/ai_generated/stylegan3_01879.png
data_sources/ai_generated/StyleGAN/stylegan3_01883.png,data_sources/ai_generated/StyleGAN,ai_generated,1024,1024,1.0,JPEG,104347,33bba7995f7d66699c418073e237f0d5,3699586afdbf33a552d7d71a8d716bcf0833a98fbb7f6859c6ce49a364aa3265,1.0,e73c7abc01d0cf82,ok,80.86786060011946,True,True,cluster_01614,train,/home/dheirav/Code/Deepfake_Detection/deepfake-project/dataset_builder/train/ai_generated/stylegan3_01883.png
data_sources/ai_generated/StyleGAN/stylegan3_01890.png,data_sources/ai_generated/StyleGAN,ai_generated,1024,1024,1.0,JPEG,127171,57afc45467a3d1fdaf1da2e0ffe4ec43,fe30ee67923e403a7e2a4569ced593991abed142e80f682f6ee7955c7cf4eb38,1.0,95929f5e2a78189d,ok,120.70437824769397,True,True,cluster_00430,train,/home/dheirav/Code/Deepfake_Detection/deepfake-project/dataset_builder/train/ai_generated/stylegan3_01890.png
data_sources/ai_generated/StyleGAN/stylegan3_01894.png,data_sources/ai_generated/StyleGAN,ai_generated,1024,1024,1.0,JPEG,126748,8dcee8cb6cbdfc68e35e6c342ac2afab,887c53720a27373cd8c7674146d19d5df7715c22af289b6d4f391df2a5edb41b,1.0,aa2b7a65389dc08f,ok,113.49230180958693,True,True,cluster_00441,train,/home/dheirav/Code/Deepfake_Detection/deepfake-project/dataset_builder/train/ai_generated/stylegan3_01894.png
data_sources/ai_generated/StyleGAN/stylegan3_01898.png,data_sources/ai_generated/StyleGAN,ai_generated,1024,1024,1.0,JPEG,126431,a95ed856b8e06b61ff7b95815dc3c9c0,0bff3b4852da4ea9dd6e257767d6a02e67e6c64cd3242a31aafd6e25ecba8742,1.0,8a032df725d7429d,ok,172.74994687264552,True,True,cluster_00450,train,/home/dheirav/Code/Deepfake_Detection/deepfake-project/dataset_builder/train/ai_generated/stylegan3_01898.png
data_sources/ai_generated/StyleGAN/stylegan3_01917.png,data_sources/ai_generated/StyleGAN,ai_generated,1024,1024,1.0,JPEG,105726,9870af67483f3cbffd5e4487954eb0d2,a36f9108e9c3bb5d3c7e20e7a3a99e387143f54cbb9565cefdc215207e9e621f,1.0,db6275d3e488641b,ok,90.07574229355305,True,True,cluster_01534,train,/home/dheirav/Code/Deepfake_Detection/deepfake-project/dataset_builder/train/ai_generated/stylegan3_01917.png
data_sources/ai_generated/StyleGAN/stylegan3_01918.png,data_sources/ai_generated/StyleGAN,ai_generated,1024,1024,1.0,JPEG,147908,19dce889bb5c1fe928086d0125589775,c2b5e28ba5c9734ec08d80ad3d53d1ee55f49118cd9d739e874fd4805ec77bd4,1.0,c9fc6c42351bc2cb,ok,207.48792318075627,True,True,cluster_00082,train,/home/dheirav/Code/Deepfake_Detection/deepfake-project/dataset_builder/train/ai_generated/stylegan3_01918.png
data_sources/ai_generated/StyleGAN/stylegan3_01920.png,data_sources/ai_generated/StyleGAN,ai_generated,1024,1024,1.0,JPEG,107427,6d8e160714210132e0fa92fbc7593ec2,c7ea71c570fa94ce610a16f7d302b4c4103eaaf454d856105d2c06a3a1f58775,1.0,886a29d6aeb4d99c,ok,83.43255030846558,True,True,cluster_01427,train,/home/dheirav/Code/Deepfake_Detection/deepfake-project/dataset_builder/train/ai_generated/stylegan3_01920.png
data_sources/ai_generated/StyleGAN/stylegan3_01921.png,data_sources/ai_generated/StyleGAN,ai_generated,1024,1024,1.0,JPEG,102269,422f5918ef96debd236e8c34c017aa44,58321e974482b3270e3728979fd8aec0dde1368f862e66032ea50f90e6f76a19,1.0,8ef520b6f300dace,ok,99.67062968019218,True,True,cluster_01740,train,/home/dheirav/Code/Deepfake_Detection/deepfake-project/dataset_builder/train/ai_generated/stylegan3_01921.png
data_sources/ai_generated/StyleGAN/stylegan3_01924.png,data_sources/ai_generated/StyleGAN,ai_generated,1024,1024,1.0,JPEG,142841,fa1b7fb7ae503265012c03a9bdf88c1b,d07c03a4286fb1e0b7b00c6c5139dffdfd2c12b0bc419a1bc0bff3ec4c6f1c47,1.0,df8074a36771c3c8,ok,237.57734478803104,True,True,cluster_00120,train,/home/dheirav/Code/Deepfake_Detection/deepfake-project/dataset_builder/train/ai_generated/stylegan3_01924.png
data_sources/ai_generated/StyleGAN/stylegan3_01925.png,data_sources/ai_generated/StyleGAN,ai_generated,1024,1024,1.0,JPEG,103422,fd5304ebe4332b434c7881664fee6cff,aa3dcba0d6f788e022f4b4406eae6a0429319e756c534a5dbf88ce2fdac26967,1.0,a5243af2d39288df,ok,214.6463975745491,True,True,cluster_01670,train,/home/dheirav/Code/Deepfake_Detection/deepfake-project/dataset_builder/train/ai_generated/stylegan3_01925.png
data_sources/ai_generated/StyleGAN/stylegan3_01926.png,data_sources/ai_generated/StyleGAN,ai_generated,1024,1024,1.0,JPEG,114180,cb57a58078824ee407c24ea9a9ac6bd8,a2967909961b7ee0d53cc794591810cb3e2c10b6894bbbb410ea3b49ebf97e4c,1.0,9d6b3c67a15c8689,ok,179.16784737304167,True,True,cluster_01040,train,/home/dheirav/Code/Deepfake_Detection/deepfake-project/dataset_builder/train/ai_generated/stylegan3_01926.png
data_sources/ai_generated/StyleGAN/stylegan3_01930.png,data_sources/ai_generated/StyleGAN,ai_generated,1024,1024,1.0,JPEG,121871,d678b356ada670b1d866742de4d5a462,e870dba6a06b77ba5a1f83a175319ba3b203faf6320826fc84e673a05f322200,1.0,fe924a82151d37ce,ok,177.7317368090653,True,True,cluster_00650,train,/home/dheirav/Code/Deepfake_Detection/deepfake-project/dataset_builder/train/ai_generated/stylegan3_01930.png
data_sources/ai_generated/StyleGAN/stylegan3_01931.png,data_sources/ai_generated/StyleGAN,ai_generated,1024,1024,1.0,JPEG,112967,d73ba9af21709f57bafab804c0256703,f005247c87fb6d054720160ed7642284d20b620245eef7b43d12e6615b4f2aa6,1.0,8379dcd6f005a58d,ok,122.68086902332924,True,True,cluster_01113,train,/home/dheirav/Code/Deepfake_Detection/deepfake-project/dataset_builder/train/ai_generated/stylegan3_01931.png
data_sources/ai_generated/StyleGAN/stylegan3_01934.png,data_sources/ai_generated/StyleGAN,ai_generated,1024,1024,1.0,JPEG,111254,1ff8265a0a430e8a9a1d9507fd303fae,6a04a9d717bf3d38a5ed1e4efec743d79497c2f155ee4af475e9386120f7dbbc,1.0,e1da60977c39e20d,ok,146.72865928133888,True,True,cluster_01220,train,/home/dheirav/Code/Deepfake_Detection/deepfake-project/dataset_builder/train/ai_generated/stylegan3_01934.png
data_sources/ai_generated/StyleGAN/stylegan3_01935.png,data_sources/ai_generated/StyleGAN,ai_generated,1024,1024,1.0,JPEG,111438,a67639cada852ef1c53d9791d9ec7ac0,1abc0aab36e874ede710d12e82259738cf573ce3c387982f2e1c4aafdea15e6d,1.0,b869297264e5a3da,ok,82.61345853794774,True,True,cluster_01210,train,/home/dheirav/Code/Deepfake_Detection/deepfake-project/dataset_builder/train/ai_generated/stylegan3_01935.png
data_sources/ai_generated/StyleGAN/stylegan3_01941.png,data_sources/ai_generated/StyleGAN,ai_generated,1024,1024,1.0,JPEG,96592,7651c2d554874bd9f8e5789b3c750016,f942d7429a712954c8f4e26c6b885fcd735065d1af06022f34f41e8e3201cb00,1.0,c19fa6c3a48986cf,ok,99.51833027750305,True,True,cluster_01991,train,/home/dheirav/Code/Deepfake_Detection/deepfake-project/dataset_builder/train/ai_generated/stylegan3_01941.png
data_sources/ai_generated/StyleGAN/stylegan3_01943.png,data_sources/ai_generated/StyleGAN,ai_generated,1024,1024,1.0,JPEG,137216,9cc997f07b7b2b6195aca362425d4d46,5a7e3e8c642cd7eb9750ca75b713b50cd6bf2773bc791a8eea3a7b8123871c3a,1.0,96d97e1b052a4bca,ok,257.7377500216015,True,True,cluster_00190,train,/home/dheirav/Code/Deepfake_Detection/deepfake-project/dataset_builder/train/ai_generated/stylegan3_01943.png
data_sources/ai_generated/StyleGAN/stylegan3_01957.png,data_sources/ai_generated/StyleGAN,ai_generated,1024,1024,1.0,JPEG,125838,cea6008bbc72a587c7501cb0694ae74d,b3790ffe41ab7b05fb3aa5d800627e5c2061575489c3a3ba6d0e28b69b4fbbc1,1.0,9e941a8b7d6c8a8d,ok,395.8463452364366,True,True,cluster_00472,train,/home/dheirav/Code/Deepfake_Detection/deepfake-project/dataset_builder/train/ai_generated/stylegan3_01957.png
data_sources/ai_generated/StyleGAN/stylegan3_01964.png,data_sources/ai_generated/StyleGAN,ai_generated,1024,1024,1.0,JPEG,117079,ac62d41359187783dab9b95fcf81b778,456e6c7c6de31604c4c9288f4076a5144b491e0b8a51ab2ed98667e907d032d7,1.0,da6570a3b1dc8acc,ok,225.72674598720818,True,True,cluster_00894,train,/home/dheirav/Code/Deepfake_Detection/deepfake-project/dataset_builder/train/ai_generated/stylegan3_01964.png
data_sources/ai_generated/StyleGAN/stylegan3_01965.png,data_sources/ai_generated/StyleGAN,ai_generated,1024,1024,1.0,JPEG,115438,e8a2242833106ee8c0ae0e11776a76d8,6cfe330dfc50b429a29669e80f2c79f962285e1aecbea766b2cf328d1cc45d15,1.0,a5abd0f6a35cd288,ok,158.5000724139245,True,True,cluster_00964,train,/home/dheirav/Code/Deepfake_Detection/deepfake-project/dataset_builder/train/ai_generated/stylegan3_01965.png
data_sources/ai_generated/StyleGAN/stylegan3_01986.png,data_sources/ai_generated/StyleGAN,ai_generated,1024,1024,1.0,JPEG,146242,e2649a03210dacfd950d59dbd8dd4509,5ae9d0ed9ea73150cf69f42bc254be2702d6c3e9b9e26c664823f128af40a469,1.0,9ef6d4c2c28a8b8b,ok,212.43210652226023,True,True,cluster_00095,train,/home/dheirav/Code/Deepfake_Detection/deepfake-project/dataset_builder/train/ai_generated/stylegan3_01986.png
data_sources/ai_generated/StyleGAN/stylegan3_01988.png,data_sources/ai_generated/StyleGAN,ai_generated,1024,1024,1.0,JPEG,124683,8c247cb98c177af86c46cb93c5c49a57,332ffd048e12512c699fd858909fb58155bb8dcbde33ec09850854b86af26cf8,1.0,d7f18587f0fc9003,ok,204.23268121937508,True,True,cluster_00517,train,/home/dheirav/Code/Deepfake_Detection/deepfake-project/dataset_builder/train/ai_generated/stylegan3_01988.png
data_sources/ai_generated/StyleGAN/stylegan3_01989.png,data_sources/ai_generated/StyleGAN,ai_generated,1024,1024,1.0,JPEG,126285,9955e4c41476eb39b6fa1901c5ff0d16,c82a37a2cdae69230152b5bddfa1ad55b944f51b7f1d555240403ac0e7ae189d,1.0,db207d02fa0de30f,ok,187.51578040608638,True,True,cluster_00458,train,/home/dheirav/Code/Deepfake_Detection/deepfake-project/dataset_builder/train/ai_generated/stylegan3_01989.png
data_sources/ai_generated/StyleGAN/stylegan3_01992.png,data_sources/ai_generated/StyleGAN,ai_generated,1024,1024,1.0,JPEG,155687,2234883ac01c948bfd59b72f8217bef0,862840a97263a8fd9a933c174f9b7e07bf3d3289bfcdc530206f6e11853ad74e,1.0,bcd16be52160cb99,ok,381.8434214433655,True,True,cluster_00042,train,/home/dheirav/Code/Deepfake_Detection/deepfake-project/dataset_builder/train/ai_generated/stylegan3_01992.png
data_sources/ai_generated/StyleGAN/stylegan3_01996.png,data_sources/ai_generated/StyleGAN,ai_generated,1024,1024,1.0,JPEG,139021,f2dfd9296f10b4a643d703866b314ca3,99d79e101f4dfd75fa5ddd8b6132161d80fc4ca8d8d51e8c8af908dd910c1903,1.0,c0a93576a662df8a,ok,168.86966037673756,True,True,cluster_00164,train,/home/dheirav/Code/Deepfake_Detection/deepfake-project/dataset_builder/train/ai_generated/stylegan3_01996.png
data_sources/ai_generated/StyleGAN/stylegan3_01999.png,data_sources/ai_generated/StyleGAN,ai_generated,1024,1024,1.0,JPEG,139018,f829167d484dbcf3b8493bf292f7de8c,8518e7b24b0d28dcae54065f90731a422c43334e49523f3cf4bf0cde07f45f6f,1.0,c17e63e06c6f82e2,ok,525.8671331368349,True,True,cluster_00165,train,/home/dheirav/Code/Deepfake_Detection/deepfake-project/dataset_builder/train/ai_generated/stylegan3_01999.png
data_sources/ai_generated/StyleGAN/stylegan3_02009.png,data_sources/ai_generated/StyleGAN,ai_generated,1024,1024,1.0,JPEG,108160,483bd90905a7817ced4eae93da6f6e14,be3ccfee76c50dc820b8d3234a59a8c4d2f6b0e7bcf85b90a7417652220c73a4,1.0,d15a6f3b24549c99,ok,205.18156501656534,True,True,cluster_01379,train,/home/dheirav/Code/Deepfake_Detection/deepfake-project/dataset_builder/train/ai_generated/stylegan3_02009.png
data_sources/ai_generated/StyleGAN/stylegan3_02014.png,data_sources/ai_generated/StyleGAN,ai_generated,1024,1024,1.0,JPEG,97244,c5dad644db62d8fb519faa0605b75c47,af5a5755fe3b3252f455bd09c9394c1a2ed2f70a5de912b11dc246919836c688,1.0,c71627a1656563ce,ok,251.24864569393685,True,True,cluster_01963,train,/home/dheirav/Code/Deepfake_Detection/deepfake-project/dataset_builder/train/ai_generated/stylegan3_02014.png
data_sources/ai_generated/StyleGAN/stylegan3_02015.png,data_sources/ai_generated/StyleGAN,ai_generated,1024,1024,1.0,JPEG,128625,739bb6475fec6a49b5e870c6bd895d85,590c749419ffa63975102e48e8267365d59a120facec5c9a23ddfff78a6765d0,1.0,cb3d7ce2e043c38a,ok,149.07342656163019,True,True,cluster_00381,train,/home/dheirav/Code/Deepfake_Detection/deepfake-project/dataset_builder/train/ai_generated/stylegan3_02015.png
data_sources/ai_generated/StyleGAN/stylegan3_02024.png,data_sources/ai_generated/StyleGAN,ai_generated,1024,1024,1.0,JPEG,117612,d0237cfa72a2b32d6b469e90ac0590a7,3cc4d7a644f8363ab131c057b59de57a35fb61366be643f460615d218b0c5ac6,1.0,cd3d3432720df0cd,ok,168.92018689861288,True,True,cluster_00859,train,/home/dheirav/Code/Deepfake_Detection/deepfake-project/dataset_builder/train/ai_generated/stylegan3_02024.png
data_sources/ai_generated/StyleGAN/stylegan3_02025.png,data_sources/ai_generated/StyleGAN,ai_generated,1024,1024,1.0,JPEG,98237,678bad35b8a487f47ba8bbaf0f421700,650cda5ec579fa273d1741fae8d8b0496e69c55d357ad950fe1a2e9702acb37e,1.0,9aea152b652d8ad5,ok,84.6957330666446,True,True,cluster_01930,train,/home/dheirav/Code/Deepfake_Detection/deepfake-project/dataset_builder/train/ai_generated/stylegan3_02025.png
data_sources/ai_generated/StyleGAN/stylegan3_02036.png,data_sources/ai_generated/StyleGAN,ai_generated,1024,1024,1.0,JPEG,125009,c670ed275825fe8790f90071616fd1e8,e1dd6c14d7b01aa7c82e7419947ff8a7b9e8665c7215f72595f1c00904d4a9cd,1.0,db3e6856680dab8c,ok,117.9860012447316,True,True,cluster_00500,train,/home/dheirav/Code/Deepfake_Detection/deepfake-project/dataset_builder/train/ai_generated/stylegan3_02036.png
data_sources/ai_generated/StyleGAN/stylegan3_02047.png,data_sources/ai_generated/StyleGAN,ai_generated,1024,1024,1.0,JPEG,115876,9a77a38b3cac0940b1a11aec1d565654,4b03651a46d23147def8849a97c8e7b3fe44249873160bae459905866e6dc368,1.0,c93b7e84d5851b58,ok,148.69293260010357,True,True,cluster_00946,train,/home/dheirav/Code/Deepfake_Detection/deepfake-project/dataset_builder/train/ai_generated/stylegan3_02047.png
data_sources/ai_generated/StyleGAN/stylegan3_02048.png,data_sources/ai_generated/StyleGAN,ai_generated,1024,1024,1.0,JPEG,123045,18e13ebd4c5e283e3ad3a248c8af28e0,fdb60c7d0271436d9f0ff8ccef0008e5b0cf554804c2d9e4a38b218333bc76ef,1.0,ef7a31b483b4c28c,ok,135.536380765363,True,True,cluster_00582,train,/home/dheirav/Code/Deepfake_Detection/deepfake-project/dataset_builder/train/ai_generated/stylegan3_02048.png
data_sources/ai_generated/StyleGAN/stylegan3_02052.png,data_sources/ai_generated/StyleGAN,ai_generated,1024,1024,1.0,JPEG,124041,adf9c3ca7b42a913332a6d8a62b6d593,4422d4b8949643d934a4d012bcd6e4d3b25221cdf83c3dfb9e0e40776365b804,1.0,b6cdd9e4d5060a4d,ok,122.20936299854657,True,True,cluster_00542,train,/home/dheirav/Code/Deepfake_Detection/deepfake-project/dataset_builder/train/ai_generated/stylegan3_02052.png
data_sources/ai_generated/StyleGAN/stylegan3_02057.png,data_sources/ai_generated/StyleGAN,ai_generated,1024,1024,1.0,JPEG,115815,494e913665bd35776c3b74bd08068df3,a0fe6e5419edc876d88de7ba4830625a88b73c25d11ffb4cd64c1d13ae7f8b91,1.0,977878656262959e,ok,283.2679157252678,True,True,cluster_00948,train,/home/dheirav/Code/Deepfake_Detection/deepfake-project/dataset_builder/train/ai_generated/stylegan3_02057.png
data_sources/ai_generated/StyleGAN/stylegan3_02060.png,data_sources/ai_generated/StyleGAN,ai_generated,1024,1024,1.0,JPEG,107606,fd2078addfad63375f087f4e96701522,d6ae1dbe7650cb3b9cf8d840029859f05d842a9b1e1a1de6644e25b179169a06,1.0,d68a90cf4f0d4da5,ok,86.97530047762756,True,True,cluster_01416,train,/home/dheirav/Code/Deepfake_Detection/deepfake-project/dataset_builder/train/ai_generated/stylegan3_02060.png
data_sources/ai_generated/StyleGAN/stylegan3_02063.png,data_sources/ai_generated/StyleGAN,ai_generated,1024,1024,1.0,JPEG,112845,9ec5ec35c3562bab7f98e7e786a25966,81ea13b9b8bcf2b6a350337881cd5af6a07c03e4c8b3008fc367f83c8d6558c7,1.0,adbcb6d73038d08c,ok,85.01395185025376,True,True,cluster_01123,train,/home/dheirav/Code/Deepfake_Detection/deepfake-project/dataset_builder/train/ai_generated/stylegan3_02063.png
data_sources/ai_generated/StyleGAN/stylegan3_02066.png,data_sources/ai_generated/StyleGAN,ai_generated,1024,1024,1.0,JPEG,128302,8428675b31883041acb5ae8bd3f1917d,493bff0b678127a952e08716a04e1c15ab2d54a52c63c32841ff7196fa9b4c38,1.0,88a5694366ad87d7,ok,242.8869857773534,True,True,cluster_00393,train,/home/dheirav/Code/Deepfake_Detection/deepfake-project/dataset_builder/train/ai_generated/stylegan3_02066.png
data_sources/ai_generated/StyleGAN/stylegan3_02069.png,data_sources/ai_generated/StyleGAN,ai_generated,1024,1024,1.0,JPEG,97698,ee8792094808d2db804f8fbf1c78ac50,aa51723c2fbfa250de898fca8301407706e158cc84e42a6d013d21f75fece0bc,1.0,b61bf0c0c1c1c7cf,ok,151.49595323354785,True,True,cluster_01949,train,/home/dheirav/Code/Deepfake_Detection/deepfake-project/dataset_builder/train/ai_generated/stylegan3_02069.png
data_sources/ai_generated/StyleGAN/stylegan3_02070.png,data_sources/ai_generated/StyleGAN,ai_generated,1024,1024,1.0,JPEG,115678,1602da8e07f73b3ae58307cf32773ffe,283b5fce0a2349573f98964333228b06d257e9e58e71c0c31d60f9171bc4fa7b,1.0,aba07cf4707472d2,ok,164.00517555802705,True,True,cluster_00953,train,/home/dheirav/Code/Deepfake_Detection/deepfake-project/dataset_builder/train/ai_generated/stylegan3_02070.png
data_sources/ai_generated/StyleGAN/stylegan3_02073.png,data_sources/ai_generated/StyleGAN,ai_generated,1024,1024,1.0,JPEG,108103,104f9fe423d3d49f1267a4fd8bd1d89c,1e99ec5e1474f95f528e41d0a09a6e82f05446aaf576b65e5e9b225bc63735df,1.0,a9a50aa7552bd2ce,ok,106.46505523531869,True,True,cluster_01383,train,/home/dheirav/Code/Deepfake_Detection/deepfake-project/dataset_builder/train/ai_generated/stylegan3_02073.png
data_sources/ai_generated/StyleGAN/stylegan3_02074.png,data_sources/ai_generated/StyleGAN,ai_generated,1024,1024,1.0,JPEG,146788,36137bbcbecd7cf7f78d59e365a30a9a,be234e45002c1a77805eacb5268f58b20e4b8f3dff4344cf57853a38bdd635fa,1.0,d07a03ef664d948d,ok,1427.7226571718702,True,True,cluster_00089,train,/home/dheirav/Code/Deepfake_Detection/deepfake-project/dataset_builder/train/ai_generated/stylegan3_02074.png
data_sources/ai_generated/StyleGAN/stylegan3_02085.png,data_sources/ai_generated/StyleGAN,ai_generated,1024,1024,1.0,JPEG,169185,d4e6f5dd342fdcb3e40adb13b5823b44,e0b592235ab9b45f2a27dfd428ff29aa3d1c2772bd5b378eddfa8d83c12efa01,1.0,eaa595961f49d2d0,ok,540.1931684682495,True,True,cluster_00013,train,/home/dheirav/Code/Deepfake_Detection/deepfake-project/dataset_builder/train/ai_generated/stylegan3_02085.png
data_sources/ai_generated/StyleGAN/stylegan3_02086.png,data_sources/ai_generated/StyleGAN,ai_generated,1024,1024,1.0,JPEG,114761,ed825258b7fb202c09b6a714028bc571,ebcb72c256ed483859eb2fc34b90195ff73a05baad2c9bb5361cc18f66d2bda0,1.0,8d58b272b141b7cb,ok,214.07223572378183,True,True,cluster_01000,train,/home/dheirav/Code/Deepfake_Detection/deepfake-project/dataset_builder/train/ai_generated/stylegan3_02086.png
data_sources/ai_generated/StyleGAN/stylegan3_02098.png,data_sources/ai_generated/StyleGAN,ai_generated,1024,1024,1.0,JPEG,113368,86395b16b94fb502df41e9549fc88f59,14825c668f6e26048ebcb32675c8aede47662830c49ed65aeca49be44ee63942,1.0,c85b2db531226bd6,ok,196.75453491193184,True,True,cluster_01087,train,/home/dheirav/Code/Deepfake_Detection/deepfake-project/dataset_builder/train/ai_generated/stylegan3_02098.png
data_sources/ai_generated/StyleGAN/stylegan3_02106.png,data_sources/ai_generated/StyleGAN,ai_generated,1024,1024,1.0,JPEG,140548,754f57c0b2b59c374464ae6cfe23046a,54ef49d3bef44bd222ac5653bcd3f4d1cecd631f7c057b968a3d6b5aed539d1d,1.0,85572225f815cfce,ok,182.6178681196143,True,True,cluster_00141,train,/home/dheirav/Code/Deepfake_Detection/deepfake-project/dataset_builder/train/ai_generated/stylegan3_02106.png
data_sources/ai_generated/StyleGAN/stylegan3_02107.png,data_sources/ai_generated/StyleGAN,ai_generated,1024,1024,1.0,JPEG,125656,911d5d261e5f83794e05d973202c4a2f,f616162a3247ca1432b733e03def7f13c60cb848922237fddddd2f59e4d36ea7,1.0,975fa020d2b0df9a,ok,104.92593860309626,True,True,cluster_00477,train,/home/dheirav/Code/Deepfake_Detection/deepfake-project/dataset_builder/train/ai_generated/stylegan3_02107.png
data_sources/ai_generated/StyleGAN/stylegan3_02110.png,data_sources/ai_generated/StyleGAN,ai_generated,1024,1024,1.0,JPEG,107029,cae6d328abf64337231282cd52bf3211,95344c336b6e03ac22f0a7d13a3c684f08da1cbb95dd226a98f59afb074e839f,1.0,8ea5297e656aa24d,ok,87.2371919857651,True,True,cluster_01450,train,/home/dheirav/Code/Deepfake_Detection/deepfake-project/dataset_builder/train/ai_generated/stylegan3_02110.png
data_sources/ai_generated/StyleGAN/stylegan3_02112.png,data_sources/ai_generated/StyleGAN,ai_generated,1024,1024,1.0,JPEG,116067,f4329c4ee1ee648a1d6b2576e636fdff,09a96e03a53c47fd64a087baf257b7efa90633b33852464d836c3b93097f275e,1.0,84343e7bbb00cd9e,ok,101.89904809289783,True,True,cluster_00939,train,/home/dheirav/Code/Deepfake_Detection/deepfake-project/dataset_builder/train/ai_generated/stylegan3_02112.png
data_sources/ai_generated/StyleGAN/stylegan3_02114.png,data_sources/ai_generated/StyleGAN,ai_generated,1024,1024,1.0,JPEG,101461,14cc60ab3049dabcfbeecf9fb4a45a6b,faf7f2d36b4220550121ccbe7561a390f4561d0622310dc144d88c575f7ce404,1.0,cf34f5e2703ac2c8,ok,94.59120070336849,True,True,cluster_01770,train,/home/dheirav/Code/Deepfake_Detection/deepfake-project/dataset_builder/train/ai_generated/stylegan3_02114.png
data_sources/ai_generated/StyleGAN/stylegan3_02115.png,data_sources/ai_generated/StyleGAN,ai_generated,1024,1024,1.0,JPEG,106512,5f9dea9367bd163e1af879aa268730b5,78221582712b954a2c8b8e0d6b9528e673cc13871ff90ba996091f3fd36324ba,1.0,ba5a0165e467d69a,ok,183.92074099551877,True,True,cluster_01484,train,/home/dheirav/Code/Deepfake_Detection/deepfake-project/dataset_builder/train/ai_generated/stylegan3_02115.png
data_sources/ai_generated/StyleGAN/stylegan3_02117.png,data_sources/ai_generated/StyleGAN,ai_generated,1024,1024,1.0,JPEG,97337,e64f20f0982347dad8b487efe7958731,6aa10a18d17e38c81fd6760f5b73759e1ed4a5f4aa393acaa49e0b3509c25bdc,1.0,d5851bde2d5e409a,ok,81.98595416810349,True,True,cluster_01959,train,/home/dheirav/Code/Deepfake_Detection/deepfake-project/dataset_builder/train/ai_generated/stylegan3_02117.png
data_sources/ai_generated/StyleGAN/stylegan3_02122.png,data_sources/ai_generated/StyleGAN,ai_generated,1024,1024,1.0,JPEG,111112,b8c6f59dd2c3bac9987f2d31ae7d4e80,e126d6b456ed02a5a2907752131361db6077ce47ee1570599f5f00e729364784,1.0,9b7a61e66426d29a,ok,187.9819145014044,True,True,cluster_01227,train,/home/dheirav/Code/Deepfake_Detection/deepfake-project/dataset_builder/train/ai_generated/stylegan3_02122.png
data_sources/ai_generated/StyleGAN/stylegan3_02123.png,data_sources/ai_generated/StyleGAN,ai_generated,1024,1024,1.0,JPEG,100675,de93bbc36f699b712777322390e8cf98,15ecfdc44e28196a7b8f7ba16ef37f8e536a423d233e941e0446805e59e76550,1.0,ecf8f4a180a3b6c3,ok,85.49254702768576,True,True,cluster_01817,train,/home/dheirav/Code/Deepfake_Detection/deepfake-project/dataset_builder/train/ai_generated/stylegan3_02123.png
data_sources/ai_generated/StyleGAN/stylegan3_02137.png,data_sources/ai_generated/StyleGAN,ai_generated,1024,1024,1.0,JPEG,121004,90a997cf8d6f4cbd20680d755e6e654e,a7cdb52bd06a1609cf822eb2a29c0d61f603fa1d2a584fcba1b97b6a049e484a,1.0,fa3574f236929780,ok,131.74562703851552,True,True,cluster_00690,train,/home/dheirav/Code/Deepfake_Detection/deepfake-project/dataset_builder/train/ai_generated/stylegan3_02137.png
data_sources/ai_generated/StyleGAN/stylegan3_02138.png,data_sources/ai_generated/StyleGAN,ai_generated,1024,1024,1.0,JPEG,110663,b58cec83ec7e9107c9e8731b62429aaa,9b7c2f48172ae22c0e8e1fdc7fac2fbe4fd9ede15185062c7cca13f67e66a4aa,1.0,c8a51e72382ebc9d,ok,120.36908721906002,True,True,cluster_01255,train,/home/dheirav/Code/Deepfake_Detection/deepfake-project/dataset_builder/train/ai_generated/stylegan3_02138.png
data_sources/ai_generated/StyleGAN/stylegan3_02139.png,data_sources/ai_generated/StyleGAN,ai_generated,1024,1024,1.0,JPEG,119241,1a7f519ae5efef8bb46d4441d7b4785a,ea17ef7ca307fb62722508bdf0e7c7b56fb295bce608164ae3d6249b7a42da3a,1.0,b0a4a0d2d9f9f2d2,ok,112.3214330561159,True,True,cluster_00784,train,/home/dheirav/Code/Deepfake_Detection/deepfake-project/dataset_builder/train/ai_generated/stylegan3_02139.png
data_sources/ai_generated/StyleGAN/stylegan3_02151.png,data_sources/ai_generated/StyleGAN,ai_generated,1024,1024,1.0,JPEG,105411,3cf92854bd86af56756607e332208b5a,546fccab716b56819514f21c5fc64c67867e37025bce712a7016ae03a6b6fcf4,1.0,c9edc4816fad2664,ok,88.33701794015997,True,True,cluster_01553,train,/home/dheirav/Code/Deepfake_Detection/deepfake-project/dataset_builder/train/ai_generated/stylegan3_02151.png
data_sources/ai_generated/StyleGAN/stylegan3_02156.png,data_sources/ai_generated/StyleGAN,ai_generated,1024,1024,1.0,JPEG,100638,7c449f46925bbf870aeb23deef7dc747,42b2499965edd0f0a911c7d25661f8478b3520d1f42dfd0058fb7be57617c623,1.0,c9b748a77887348b,ok,87.27995965448554,True,True,cluster_01822,train,/home/dheirav/Code/Deepfake_Detection/deepfake-project/dataset_builder/train/ai_generated/stylegan3_02156.png
data_sources/ai_generated/StyleGAN/stylegan3_02163.png,data_sources/ai_generated/StyleGAN,ai_generated,1024,1024,1.0,JPEG,97079,74cc89b03c90688163e9357d5e1da7b5,188804b2bbeccc5c3179f3be146885f4de2ddd8b67ae8b8bde9c124789376df0,1.0,d20c692f742c70bf,ok,113.03098443602993,True,True,cluster_01973,train,/home/dheirav/Code/Deepfake_Detection/deepfake-project/dataset_builder/train/ai_generated/stylegan3_02163.png
data_sources/ai_generated/StyleGAN/stylegan3_02165.png,data_sources/ai_generated/StyleGAN,ai_generated,1024,1024,1.0,JPEG,122563,2cd9705bbfc8b06e2b45a2d503a43d4d,48c4b1a1d1589acaf06050f5363ed3b652bf152d6a9a670994bb2ec697d1cc52,1.0,fca4b0d28bc987cc,ok,229.23168105393415,True,True,cluster_00606,train,/home/dheirav/Code/Deepfake_Detection/deepfake-project/dataset_builder/train/ai_generated/stylegan3_02165.png
data_sources/ai_generated/StyleGAN/stylegan3_02170.png,data_sources/ai_generated/StyleGAN,ai_generated,1024,1024,1.0,JPEG,106880,2b1793e44786cf802464253f2292f082,1136ac7835030d5306db02ba1fb58b7c107a50d6c570279d6dce733470318213,1.0,ca3b3d7320558f86,ok,133.84180715324237,True,True,cluster_01463,train,/home/dheirav/Code/Deepfake_Detection/deepfake-project/dataset_builder/train/ai_generated/stylegan3_02170.png
data_sources/ai_generated/StyleGAN/stylegan3_02175.png,data_sources/ai_generated/StyleGAN,ai_generated,1024,1024,1.0,JPEG,127143,eefad8a63dd64b9d30894a3c1fa961d2,f971cba737cf6c760832fdca66ec0dfd09d60d840fe2e0b84ea32c63a8025e3d,1.0,b8e197c76c4a9698,ok,107.68639875232111,True,True,cluster_00431,train,/home/dheirav/Code/Deepfake_Detection/deepfake-project/dataset_builder/train/ai_generated/stylegan3_02175.png
data_sources/ai_generated/StyleGAN/stylegan3_02184.png,data_sources/ai_generated/StyleGAN,ai_generated,1024,1024,1.0,JPEG,118817,14450c7473df71b50c001df681172437,0382f71c04e20c698e8b0a759695ee519da795a1fa55a481d0422d0a093dc8a8,1.0,bd2e07ad2590969b,ok,81.3479108102465,True,True,cluster_00811,train,/home/dheirav/Code/Deepfake_Detection/deepfake-project/dataset_builder/train/ai_generated/stylegan3_02184.png
data_sources/ai_generated/StyleGAN/stylegan3_02191.png,data_sources/ai_generated/StyleGAN,ai_generated,1024,1024,1.0,JPEG,99827,67ec304ae77fef8a6ba159eaf61dc70e,5ed0c994eb6354c14eb050e3b110b5e051e041eb16076c59c6e057eb57571402,1.0,b7c9f8cee004c38e,ok,88.83953936602391,True,True,cluster_01864,train,/home/dheirav/Code/Deepfake_Detection/deepfake-project/dataset_builder/train/ai_generated/stylegan3_02191.png
data_sources/ai_generated/StyleGAN/stylegan3_02200.png,data_sources/ai_generated/StyleGAN,ai_generated,1024,1024,1.0,JPEG,118338,f224a1c7ea8a2f54b263f7887813d5b0,19ad1727bcdf440cda0bc129ff236a67158b397a00f7e05f274cd08412294e46,1.0,8a746d2ec6dc88ba,ok,135.2285831442632,True,True,cluster_00832,train,/home/dheirav/Code/Deepfake_Detection/deepfake-project/dataset_builder/train/ai_generated/stylegan3_02200.png
data_sources/ai_generated/StyleGAN/stylegan3_02204.png,data_sources/ai_generated/StyleGAN,ai_generated,1024,1024,1.0,JPEG,116968,3d6a011353ed671d97a247034bc1fa16,6db2a0f1202bade11b7aaa779927b929c88f825056aa1cf1559598092b6c77e3,1.0,99ebab2764048edc,ok,111.11830454609299,True,True,cluster_00898,train,/home/dheirav/Code/Deepfake_Detection/deepfake-project/dataset_builder/train/ai_generated/stylegan3_02204.png
data_sources/ai_generated/StyleGAN/stylegan3_02207.png,data_sources/ai_generated/StyleGAN,ai_generated,1024,1024,1.0,JPEG,103394,ea19f038c549f87dcbb579c0738fb9e3,5009664ccc3a2e88e662e60f61cab9cb72f41649961152418ad9d5451233d082,1.0,9b4aad274d2ca64e,ok,120.62069032716587,True,True,cluster_01672,train,/home/dheirav/Code/Deepfake_Detection/deepfake-project/dataset_builder/train/ai_generated/stylegan3_02207.png
data_sources/ai_generated/StyleGAN/stylegan3_02209.png,data_sources/ai_generated/StyleGAN,ai_generated,1024,1024,1.0,JPEG,97997,027c901d14366d10947359c3266e5bcb,fbe2f0e33870e38247955cb7706d3d1f334aec964643570a6a38c6cc9b06f632,1.0,b6f801e1898b86df,ok,212.61891713779187,True,True,cluster_01939,train,/home/dheirav/Code/Deepfake_Detection/deepfake-project/dataset_builder/train/ai_generated/stylegan3_02209.png
data_sources/ai_generated/StyleGAN/stylegan3_02213.png,data_sources/ai_generated/StyleGAN,ai_generated,1024,1024,1.0,JPEG,155273,438a9154282b4b62a6876bc4d0548353,0fa4d9ab62fa0bce07eb7e50be80d0069636ba72bfcff26338958306eaa18b32,1.0,93c9f660f26b84c9,ok,494.928751399726,True,True,cluster_00044,train,/home/dheirav/Code/Deepfake_Detection/deepfake-project/dataset_builder/train/ai_generated/stylegan3_02213.png
data_sources/ai_generated/StyleGAN/stylegan3_02214.png,data_sources/ai_generated/StyleGAN,ai_generated,1024,1024,1.0,JPEG,118443,1e1ec17f9e7f183981988cc6dc2c1ba7,2420f7dcb5afa7d443154ba0043eedbb3c162b1bdb83178b1b42e1cff9dd8778,1.0,cf4624676169e2da,ok,102.30291503107583,True,True,cluster_00825,train,/home/dheirav/Code/Deepfake_Detection/deepfake-project/dataset_builder/train/ai_generated/stylegan3_02214.png
data_sources/ai_generated/StyleGAN/stylegan3_02216.png,data_sources/ai_generated/StyleGAN,ai_generated,1024,1024,1.0,JPEG,114217,0461e8bf88efd8aac641d64acc2095a6,b603a1d3d3005136cecd559f8d6ed2e220a25ecc3846079b90b88510f6961523,1.0,c1ed6d1f50585b49,ok,139.65318775077955,True,True,cluster_01037,train,/home/dheirav/Code/Deepfake_Detection/deepfake-project/dataset_builder/train/ai_generated/stylegan3_02216.png
data_sources/ai_generated/StyleGAN/stylegan3_02224.png,data_sources/ai_generated/StyleGAN,ai_generated,1024,1024,1.0,JPEG,135873,8ccc8d9db29ed048a9583ac4c373a235,441c205080c95edef4dccde1d0940018b362cc831e11b712b70711e91bd9ce36,1.0,b95b07a1e38dd02d,ok,306.97612939104044,True,True,cluster_00218,train,/home/dheirav/Code/Deepfake_Detection/deepfake-project/dataset_builder/train/ai_generated/stylegan3_02224.png
data_sources/ai_generated/StyleGAN/stylegan3_02227.png,data_sources/ai_generated/StyleGAN,ai_generated,1024,1024,1.0,JPEG,143584,1a0fee15f379271ff1aea21396405f75,2f5a162436174382c2a9f4ae3e71c5c22601da67529103a0c10c7b85688ebdc7,1.0,aa7ca18291dad2d7,ok,213.98924383243042,True,True,cluster_00115,train,/home/dheirav/Code/Deepfake_Detection/deepfake-project/dataset_builder/train/ai_generated/stylegan3_02227.png
data_sources/ai_generated/StyleGAN/stylegan3_02232.png,data_sources/ai_generated/StyleGAN,ai_generated,1024,1024,1.0,JPEG,98111,e994a42494520e378d844b7ecfef3937,c8fe9366acaae49de32f336233359941afb86a1d5107e4eb42b5ab228b47c358,1.0,9a572bd3849a9a99,ok,324.85135292004895,True,True,cluster_01935,train,/home/dheirav/Code/Deepfake_Detection/deepfake-project/dataset_builder/train/ai_generated/stylegan3_02232.png
data_sources/ai_generated/StyleGAN/stylegan3_02233.png,data_sources/ai_generated/StyleGAN,ai_generated,1024,1024,1.0,JPEG,128984,ad8d777bbfe2c7569df369bd4cf34e46,98e4b98e9a8c19bf52ba8225657e04cbc175fa61be4184d9161f1e788492189b,1.0,cff42a2260797399,ok,222.52636090337813,True,True,cluster_00368,train,/home/dheirav/Code/Deepfake_Detection/deepfake-project/dataset_builder/train/ai_generated/stylegan3_02233.png
data_sources/ai_generated/StyleGAN/stylegan3_02238.png,data_sources/ai_generated/StyleGAN,ai_generated,1024,1024,1.0,JPEG,133188,ee9c13759ea4edc599db9ee766f2e90c,56172ca83350a7874577c5ce20a602206fa6d7e123b158edc1fb218fd07ec8e6,1.0,a37e25adc4a5989c,ok,362.47451107876157,True,True,cluster_00269,train,/home/dheirav/Code/Deepfake_Detection/deepfake-project/dataset_builder/train/ai_generated/stylegan3_02238.png
data_sources/ai_generated/StyleGAN/stylegan3_02240.png,data_sources/ai_generated/StyleGAN,ai_generated,1024,1024,1.0,JPEG,111558,a5ec9557e2e41f1560173eddd2cc5a93,41ebc54245b3ab05febfdf4fe2817ee7726c7aec9486e8f8df411316555ab57f,1.0,e185838307ef1fcc,ok,145.5014885696937,True,True,cluster_01197,train,/home/dheirav/Code/Deepfake_Detection/deepfake-project/dataset_builder/train/ai_generated/stylegan3_02240.png
data_sources/ai_generated/StyleGAN/stylegan3_02247.png,data_sources/ai_generated/StyleGAN,ai_generated,1024,1024,1.0,JPEG,102894,71e55f61b4a004324e3640b7be8a7bcb,b4b997d04dd866d34d48ead1a76a196d7a6895cce36c1c051f82f89ab697430a,1.0,d0e82be52566839f,ok,101.5845193754858,True,True,cluster_01706,train,/home/dheirav/Code/Deepfake_Detection/deepfake-project/dataset_builder/train/ai_generated/stylegan3_02247.png
data_sources/ai_generated/StyleGAN/stylegan3_02249.png,data_sources/ai_generated/StyleGAN,ai_generated,1024,1024,1.0,JPEG,107213,0570425788b95c431299f4708648b42b,9033aedca734d020a505be27fa877643b0501c2dc74a94e1030f730f07f55e60,1.0,9e096d6526f2969a,ok,80.51102104956226,True,True,cluster_01437,train,/home/dheirav/Code/Deepfake_Detection/deepfake-project/dataset_builder/train/ai_generated/stylegan3_02249.png
data_sources/ai_generated/StyleGAN/stylegan3_02252.png,data_sources/ai_generated/StyleGAN,ai_generated,1024,1024,1.0,JPEG,169415,a70addbf88ed4a6c1440154cf9da2f88,608cf4ad549908af4b8ef740020933310aef2472646472f66ea330f448048a94,1.0,fef0e183a7088e8e,ok,639.5065984660239,True,True,cluster_00012,train,/home/dheirav/Code/Deepfake_Detection/deepfake-project/dataset_builder/train/ai_generated/stylegan3_02252.png
data_sources/ai_generated/StyleGAN/stylegan3_02256.png,data_sources/ai_generated/StyleGAN,ai_generated,1024,1024,1.0,JPEG,107903,e65738f40689df85df7a693c33d598a8,03242f4c9447d26ed350bcd5e118e89968741969d5e77c6cc9214b76c676376a,1.0,de217827f20ec09f,ok,162.58211616755216,True,True,cluster_01397,train,/home/dheirav/Code/Deepfake_Detection/deepfake-project/dataset_builder/train/ai_generated/stylegan3_02256.png
data_sources/ai_generated/StyleGAN/stylegan3_02264.png,data_sources/ai_generated/StyleGAN,ai_generated,1024,1024,1.0,JPEG,140435,b517b582287afb6b6b9e85dad538433b,47baa2c3eb4378dadcda2827fe5f8985539ac69dcc89f76f54b5d8c2ed84f101,1.0,d87e212527f896c5,ok,242.86869621131336,True,True,cluster_00144,train,/home/dheirav/Code/Deepfake_Detection/deepfake-project/dataset_builder/train/ai_generated/stylegan3_02264.png
data_sources/ai_generated/StyleGAN/stylegan3_02270.png,data_sources/ai_generated/StyleGAN,ai_generated,1024,1024,1.0,JPEG,126319,93ccf4bd6cd6a43a737a49ea9283b3c3,22b718be5fc385d0317b8f4c21f9ea1ced53b5272dd6198b80134d1a036942cf,1.0,db1e6967666486b0,ok,88.63105106349303,True,True,cluster_00457,train,/home/dheirav/Code/Deepfake_Detection/deepfake-project/dataset_builder/train/ai_generated/stylegan3_02270.png
data_sources/ai_generated/StyleGAN/stylegan3_02277.png,data_sources/ai_generated/StyleGAN,ai_generated,1024,1024,1.0,JPEG,121359,9b8efa6a013b534de5a768c965f40d75,15e1f242e422bf52d74402e65a95f1aefaf46afd24f0a7f20b8004a2bf9d5adf,1.0,bf42b053b251399e,ok,102.60344754739252,True,True,cluster_00671,train,/home/dheirav/Code/Deepfake_Detection/deepfake-project/dataset_builder/train/ai_generated/stylegan3_02277.png
data_sources/ai_generated/StyleGAN/stylegan3_02284.png,data_sources/ai_generated/StyleGAN,ai_generated,1024,1024,1.0,JPEG,102196,f2e7ee04f6fa553115cd9896255d08a7,e24664d08ba419dbc924b2d1f0d06da59516e732a54c975725510272e885f6cb,1.0,812f7e227021f3de,ok,110.12700759130438,True,True,cluster_01742,train,/home/dheirav/Code/Deepfake_Detection/deepfake-project/dataset_builder/train/ai_generated/stylegan3_02284.png
data_sources/ai_generated/StyleGAN/stylegan3_02287.png,data_sources/ai_generated/StyleGAN,ai_generated,1024,1024,1.0,JPEG,135685,3bb2cc416aa6e57151cb497ce22308d3,0ab19864e3db7d694cfa12445f9e85fb4824494ae15ef77d484c62ab519296f5,1.0,b6f1baa09345518f,ok,108.40171432493662,True,True,cluster_00223,train,/home/dheirav/Code/Deepfake_Detection/deepfake-project/dataset_builder/train/ai_generated/stylegan3_02287.png
data_sources/ai_generated/StyleGAN/stylegan3_02291.png,data_sources/ai_generated/StyleGAN,ai_generated,1024,1024,1.0,JPEG,102315,f240cfc427cbfe61a5ac74988077db0d,466cec392aba7c9323bd6c647e82daf4812a4046f8d2b2d6a1d9e7f4e72b9c67,1.0,c7524c276c66c9d9,ok,243.5120649815908,True,True,cluster_01736,train,/home/dheirav/Code/Deepfake_Detection/deepfake-project/dataset_builder/train/ai_generated/stylegan3_02291.png
data_sources/ai_generated/StyleGAN/stylegan3_02295.png,data_sources/ai_generated/StyleGAN,ai_generated,1024,1024,1.0,JPEG,127596,abfe2831fb3a3643a472362fc3655735,1d8ec3b8ff937287d72a258d7dea89fd189c95701f283b0cbbf9a52cb1318e15,1.0,897452a3a7ab50db,ok,109.98325034385834,True,True,cluster_00419,train,/home/dheirav/Code/Deepfake_Detection/deepfake-project/dataset_builder/train/ai_generated/stylegan3_02295.png
data_sources/ai_generated/StyleGAN/stylegan3_02300.png,data_sources/ai_generated/StyleGAN,ai_generated,1024,1024,1.0,JPEG,156530,d61fb1bc7f1ad2372138a861ad7bd9ec,92b21f1039f896940c71f4efe4b595c3419dd67e8e5a81d555ae8a5e252879e9,1.0,e3e9a587949eb0c2,ok,219.8964651765991,True,True,cluster_00040,train,/home/dheirav/Code/Deepfake_Detection/deepfake-project/dataset_builder/train/ai_generated/stylegan3_02300.png
data_sources/ai_generated/StyleGAN/stylegan3_02313.png,data_sources/ai_generated/StyleGAN,ai_generated,1024,1024,1.0,JPEG,120644,235c8836598cef85487495b140fa4e5d,034811a505fb52c87c3a5d30e2b13e10b6431dd65680cd8dd340411038fdc0f6,1.0,970e61eb67613589,ok,118.97508239640956,True,True,cluster_00703,train,/home/dheirav/Code/Deepfake_Detection/deepfake-project/dataset_builder/train/ai_generated/stylegan3_02313.png
data_sources/ai_generated/StyleGAN/stylegan3_02324.png,data_sources/ai_generated/StyleGAN,ai_generated,1024,1024,1.0,JPEG,134888,1d478198c40d90f341bb974e07757ea3,1535efae74b674dfae11182c73b31aa5a431f5e05f5c8a8785de4a31adca2d33,1.0,ceb134f0b0c592de,ok,173.62181637109825,True,True,cluster_00235,train,/home/dheirav/Code/Deepfake_Detection/deepfake-project/dataset_builder/train/ai_generated/stylegan3_02324.png
data_sources/ai_generated/StyleGAN/stylegan3_02326.png,data_sources/ai_generated/StyleGAN,ai_generated,1024,1024,1.0,JPEG,125371,b1272682fc21a96b0d065ad5291cef30,541a4b71d4c34485249f0b122b48e2219ea127716b01af8c09ffa9333fb30eba,1.0,94976ae8496ad399,ok,151.7687343960997,True,True,cluster_00489,train,/home/dheirav/Code/Deepfake_Detection/deepfake-project/dataset_builder/train/ai_generated/stylegan3_02326.png
data_sources/ai_generated/StyleGAN/stylegan3_02334.png,data_sources/ai_generated/StyleGAN,ai_generated,1024,1024,1.0,JPEG,107937,e18f5a9a8080e453f808e8794e3734b1,7fc91645197c78c2d7db6acbf00b2cdebb45a22a78126c79687cf5d55f4d714b,1.0,8bd460b26163f6cb,ok,84.76024075698568,True,True,cluster_01392,train,/home/dheirav/Code/Deepfake_Detection/deepfake-project/dataset_builder/train/ai_generated/stylegan3_02334.png
data_sources/ai_generated/StyleGAN/stylegan3_02341.png,data_sources/ai_generated/StyleGAN,ai_generated,1024,1024,1.0,JPEG,107206,f61cb3a8bd5ba797b403085d581037db,65ac3d47b464afb4931e300ee3093c763242a13b4bf75ed9ceec13f6a540f7fd,1.0,ca0775663c2d92cb,ok,175.82254497561277,True,True,cluster_01438,train,/home/dheirav/Code/Deepfake_Detection/deepfake-project/dataset_builder/train/ai_generated/stylegan3_02341.png
data_sources/ai_generated/StyleGAN/stylegan3_02342.png,data_sources/ai_generated/StyleGAN,ai_generated,1024,1024,1.0,JPEG,107018,faf802eab484281201c2e1e11c9b983c,69d936f5b6ce8691a914b088e6553d53aeeaac017877e76da8613c20558338be,1.0,ead82d23e12527cd,ok,167.60353050631144,True,True,cluster_01451,train,/home/dheirav/Code/Deepfake_Detection/deepfake-project/dataset_builder/train/ai_generated/stylegan3_02342.png
data_sources/ai_generated/StyleGAN/stylegan3_02343.png,data_sources/ai_generated/StyleGAN,ai_generated,1024,1024,1.0,JPEG,129136,9ed2d81eb747745f797e7c328ef8a5d1,ce6a72cf408c4b8f4299aa9907efb21ff1a0b9295165b9b9809b4c92af238855,1.0,ca1d7463738c99d8,ok,237.18950438870525,True,True,cluster_00363,train,/home/dheirav/Code/Deepfake_Detection/deepfake-project/dataset_builder/train/ai_generated/stylegan3_02343.png
data_sources/ai_generated/StyleGAN/stylegan3_02348.png,data_sources/ai_generated/StyleGAN,ai_generated,1024,1024,1.0,JPEG,153676,601041b55662ed6f6f39b44ffbe877ff,c98329930440a9b86782ff351118c62477280c9c08e5888d2537d9c13866aa18,1.0,8d1fe0d7c309928f,ok,189.3481655439682,True,True,cluster_00051,train,/home/dheirav/Code/Deepfake_Detection/deepfake-project/dataset_builder/train/ai_generated/stylegan3_02348.png
data_sources/ai_generated/StyleGAN/stylegan3_02349.png,data_sources/ai_generated/StyleGAN,ai_generated,1024,1024,1.0,JPEG,122374,8c708bf7fc676c03836c07b859612ba9,fa316a0e84eeaabf5efcfc52569b22a1fe9872a25660cde172ebc8f8585ceeba,1.0,c39c2eb3a4649b99,ok,95.78903007402187,True,True,cluster_00617,train,/home/dheirav/Code/Deepfake_Detection/deepfake-project/dataset_builder/train/ai_generated/stylegan3_02349.png
data_sources/ai_generated/StyleGAN/stylegan3_02351.png,data_sources/ai_generated/StyleGAN,ai_generated,1024,1024,1.0,JPEG,130561,cf458b31a623dad4788fcde1ea8efc89,e64a915564e43ec3e57fac18bf36417e6828fd68eaafe12d3275b00bf4bc3870,1.0,fea0b0c307dece88,ok,91.90966033293807,True,True,cluster_00328,train,/home/dheirav/Code/Deepfake_Detection/deepfake-project/dataset_builder/train/ai_generated/stylegan3_02351.png
data_sources/ai_generated/StyleGAN/stylegan3_02358.png,data_sources/ai_generated/StyleGAN,ai_generated,1024,1024,1.0,JPEG,111800,025daf4ef2b708af7b0bb14a8309b25f,7b5eae07db5df7d721cdec6c4357a515c1bf3d675594115b9163a3a1d621a4a2,1.0,9a9457c265ea8acb,ok,82.81471987309396,True,True,cluster_01180,train,/home/dheirav/Code/Deepfake_Detection/deepfake-project/dataset_builder/train/ai_generated/stylegan3_02358.png
data_sources/ai_generated/StyleGAN/stylegan3_02359.png,data_sources/ai_generated/StyleGAN,ai_generated,1024,1024,1.0,JPEG,119933,272ac8a41c84d296cb614ea89a05befd,1a20b6e10c3b402b9936d52f558482f13199a9c0991b7b2c4df5b9fd2a047281,1.0,a9bc3cb4b061b29b,ok,97.93437719664871,True,True,cluster_00748,train,/home/dheirav/Code/Deepfake_Detection/deepfake-project/dataset_builder/train/ai_generated/stylegan3_02359.png
data_sources/ai_generated/StyleGAN/stylegan3_02366.png,data_sources/ai_generated/StyleGAN,ai_generated,1024,1024,1.0,JPEG,105838,2c47670a19ed23f8ded3079bc08afca7,5c2fa48b5dbc0918f3b6b5075ce758aa5cdca2366f60561ae12609231a45bfe9,1.0,de2021577469f2da,ok,127.58013856343678,True,True,cluster_01526,train,/home/dheirav/Code/Deepfake_Detection/deepfake-project/dataset_builder/train/ai_generated/stylegan3_02366.png
data_sources/ai_generated/StyleGAN/stylegan3_02371.png,data_sources/ai_generated/StyleGAN,ai_generated,1024,1024,1.0,JPEG,138590,81fde22de21da84bc0ae623676c17768,7b74413feb947493f3fde3329d420867dcd293064cb403735e04bcaa5074918e,1.0,89bc34b67270b8cb,ok,379.33345927495606,True,True,cluster_00168,train,/home/dheirav/Code/Deepfake_Detection/deepfake-project/dataset_builder/train/ai_generated/stylegan3_02371.png
data_sources/ai_generated/StyleGAN/stylegan3_02372.png,data_sources/ai_generated/StyleGAN,ai_generated,1024,1024,1.0,JPEG,104547,2d9f63fcf1e97cd03f05b6258451efd1,29cdbb9f3d6d42500ab25a6b64ab4950b4e87d35fc1db05a978d5b611266b3cb,1.0,9c6a1f2f2d70b0d2,ok,92.73869767716587,True,True,cluster_01604,train,/home/dheirav/Code/Deepfake_Detection/deepfake-project/dataset_builder/train/ai_generated/stylegan3_02372.png
data_sources/ai_generated/StyleGAN/stylegan3_02375.png,data_sources/ai_generated/StyleGAN,ai_generated,1024,1024,1.0,JPEG,120966,02c47a543bf1250de3768f66d1ea6411,1e94bb1166a2b18db43e16cdf41746f4fbff6788f20d082292fb200d2fefe909,1.0,b749f0f0d8c1c791,ok,217.23992059257483,True,True,cluster_00693,train,/home/dheirav/Code/Deepfake_Detection/deepfake-project/dataset_builder/train/ai_generated/stylegan3_02375.png
data_sources/ai_generated/StyleGAN/stylegan3_02390.png,data_sources/ai_generated/StyleGAN,ai_generated,1024,1024,1.0,JPEG,106775,b2c244b3db8cb178781fdc90d5f19155,d63e4e9bdca8454c2fdaf9d720bcb94b91cf9fe586bc15172b9055fb0df58443,1.0,caea29a7a72c869a,ok,94.5053023337241,True,True,cluster_01474,train,/home/dheirav/Code/Deepfake_Detection/deepfake-project/dataset_builder/train/ai_generated/stylegan3_02390.png
data_sources/ai_generated/StyleGAN/stylegan3_02394.png,data_sources/ai_generated/StyleGAN,ai_generated,1024,1024,1.0,JPEG,100558,5c4535c48f3db36c83c06d79de2e95ac,b9c2e046061a5eff8e200611cec4d765d27efa1ebeacb97a45b5a99a30246f1a,1.0,e99f177274598289,ok,95.95889371772408,True,True,cluster_01826,train,/home/dheirav/Code/Deepfake_Detection/deepfake-project/dataset_builder/train/ai_generated/stylegan3_02394.png
data_sources/ai_generated/StyleGAN/stylegan3_02396.png,data_sources/ai_generated/StyleGAN,ai_generated,1024,1024,1.0,JPEG,144280,e483a6e2d8cdf7218d65892ad6f33f34,d892add2617b6819d9c40be8c4c763a7a1f37bcbb24e9c7ce7ccd14ef9693708,1.0,cc3176c811ad33cf,ok,273.55982819842393,True,True,cluster_00111,train,/home/dheirav/Code/Deepfake_Detection/deepfake-project/dataset_builder/train/ai_generated/stylegan3_02396.png
data_sources/ai_generated/StyleGAN/stylegan3_02410.png,data_sources/ai_generated/StyleGAN,ai_generated,1024,1024,1.0,JPEG,110593,4b45a9e7d71b5cf8c88fac541fdf985d,97c5dcc6f0739c52d72044894a202a1561608f3d8d0f0096628e47937410b7ad,1.0,9e7d7866b158ca88,ok,152.0808153098542,True,True,cluster_01261,train,/home/dheirav/Code/Deepfake_Detection/deepfake-project/dataset_builder/train/ai_generated/stylegan3_02410.png
data_sources/ai_generated/StyleGAN/stylegan3_02417.png,data_sources/ai_generated/StyleGAN,ai_generated,1024,1024,1.0,JPEG,126413,bd8f91c0be6a293ddb8f668867f97759,2815dc8a868b725b5110cafecde619bfed24beb3d1073c49e6acf9d06cc2a930,1.0,dedc488afd682a38,ok,93.28744496811123,True,True,cluster_00452,train,/home/dheirav/Code/Deepfake_Detection/deepfake-project/dataset_builder/train/ai_generated/stylegan3_02417.png
data_sources/ai_generated/StyleGAN/stylegan3_02426.png,data_sources/ai_generated/StyleGAN,ai_generated,1024,1024,1.0,JPEG,125930,4f5b0fff45332ac32b60166cb2c7ef2d,45587c3a08eef9a20f67670a608566a90431e00a1fd5fb2bdf9a13b4cba5461f,1.0,efe1b016b19292ce,ok,205.60972978826612,True,True,cluster_00469,train,/home/dheirav/Code/Deepfake_Detection/deepfake-project/dataset_builder/train/ai_generated/stylegan3_02426.png
data_sources/ai_generated/StyleGAN/stylegan3_02436.png,data_sources/ai_generated/StyleGAN,ai_generated,1024,1024,1.0,JPEG,119972,ce011dc0a3e2758ef7fd2c69d956bdef,2a92fb8570e5b09d21935ba3245f16ac6484d1025b0aeb678532344fb15b4268,1.0,ebc4345a307296de,ok,132.24378472541866,True,True,cluster_00747,train,/home/dheirav/Code/Deepfake_Detection/deepfake-project/dataset_builder/train/ai_generated/stylegan3_02436.png
data_sources/ai_generated/StyleGAN/stylegan3_02440.png,data_sources/ai_generated/StyleGAN,ai_generated,1024,1024,1.0,JPEG,148133,d6d148ba48717cb4f489587b9dab744d,00eeed13edbf69080b4b80ecf9748ae563d26656d244ad8e115833803b112381,1.0,8ff27cc2e60d320d,ok,442.33453966524394,True,True,cluster_00079,train,/home/dheirav/Code/Deepfake_Detection/deepfake-project/dataset_builder/train/ai_generated/stylegan3_02440.png
data_sources/ai_generated/StyleGAN/stylegan3_02442.png,data_sources/ai_generated/StyleGAN,ai_generated,1024,1024,1.0,JPEG,103026,27da8c135cee2e58db4da361e3dd662d,e6d2317c1121db4f4bae3be874067df25940ce12e7f1abde9daf23dfc7d01118,1.0,8f0c6138e7342fb3,ok,267.56826863972583,True,True,cluster_01694,train,/home/dheirav/Code/Deepfake_Detection/deepfake-project/dataset_builder/train/ai_generated/stylegan3_02442.png
data_sources/ai_generated/StyleGAN/stylegan3_02446.png,data_sources/ai_generated/StyleGAN,ai_generated,1024,1024,1.0,JPEG,100503,7fbfd50b0d4828db62dc49b9ac110bfe,71dbdbc0f788d3b3a30fdc8b3caccb2b8142547ac8c5e4cbba4f0abfbef66fa1,1.0,9f6920472548b7dd,ok,107.11934469640255,True,True,cluster_01830,train,/home/dheirav/Code/Deepfake_Detection/deepfake-project/dataset_builder/train/ai_generated/stylegan3_02446.png
data_sources/ai_generated/StyleGAN/stylegan3_02449.png,data_sources/ai_generated/StyleGAN,ai_generated,1024,1024,1.0,JPEG,144909,a788868573d74af07f4e5f6fad44ad4f,beb68a5e640f3973864e8009205f0a375e25a5d50a7770ea4cb036f723183fa0,1.0,d487f8e6217c96c1,ok,368.9343422409938,True,True,cluster_00105,train,/home/dheirav/Code/Deepfake_Detection/deepfake-project/dataset_builder/train/ai_generated/stylegan3_02449.png
data_sources/ai_generated/StyleGAN/stylegan3_02452.png,data_sources/ai_generated/StyleGAN,ai_generated,1024,1024,1.0,JPEG,108679,2e3aa156d2a3e1295fda743f9785eb0a,703ac04d1b436aacbc9ad79094116f1b11c7699978397c24ddbef7184ebb6f55,1.0,85b535bb6b10d2ca,ok,151.703603084301,True,True,cluster_01355,train,/home/dheirav/Code/Deepfake_Detection/deepfake-project/dataset_builder/train/ai_generated/stylegan3_02452.png
data_sources/ai_generated/StyleGAN/stylegan3_02457.png,data_sources/ai_generated/StyleGAN,ai_generated,1024,1024,1.0,JPEG,100260,f216579a12a5e5609d8f89cea887df12,ec9d99ac5317aa8503d9982479b6230b0ad9db8dfe69bca1b614809167ebca76,1.0,bdda8d8abc682568,ok,105.56068170003346,True,True,cluster_01846,train,/home/dheirav/Code/Deepfake_Detection/deepfake-project/dataset_builder/train/ai_generated/stylegan3_02457.png
data_sources/ai_generated/StyleGAN/stylegan3_02459.png,data_sources/ai_generated/StyleGAN,ai_generated,1024,1024,1.0,JPEG,103265,5ebd9500b7a256ee32b3d2f38e4c15d4,4592d04d763734398a94435b617211cdb653ac8b1b5cf040561014623c201197,1.0,cdfa34323018d7da,ok,156.36468060980314,True,True,cluster_01681,train,/home/dheirav/Code/Deepfake_Detection/deepfake-project/dataset_builder/train/ai_generated/stylegan3_02459.png
data_sources/ai_generated/StyleGAN/stylegan3_02461.png,data_sources/ai_generated/StyleGAN,ai_generated,1024,1024,1.0,JPEG,100699,67502e22d949d8949526fe107ab6a5f5,7e9b63042b5f16782897fdcd5a63e8351ada28208bab957380f9b601dc632d0d,1.0,dd2e602766089fd9,ok,82.8892457275906,True,True,cluster_01816,train,/home/dheirav/Code/Deepfake_Detection/deepfake-project/dataset_builder/train/ai_generated/stylegan3_02461.png
data_sources/ai_generated/StyleGAN/stylegan3_02477.png,data_sources/ai_generated/StyleGAN,ai_generated,1024,1024,1.0,JPEG,111556,51a59ee9af26d3fdd7a518f655a3a16c,b82caf22244bf96590800d8f75e69acedf84501f74bf53bb743cc93aa52997a3,1.0,8679713ce136c68e,ok,218.1653631356894,True,True,cluster_01198,train,/home/dheirav/Code/Deepfake_Detection/deepfake-project/dataset_builder/train/ai_generated/stylegan3_02477.png
data_sources/ai_generated/StyleGAN/stylegan3_02480.png,data_sources/ai_generated/StyleGAN,ai_generated,1024,1024,1.0,JPEG,110344,f4d93f0fa93bbfc5a14515aff230b481,6fde3717ff431af60f7272cacd1986548d56a0e5a9cfee789365d1cb3c89a59a,1.0,811e576a6c6c7ad2,ok,86.96006220672916,True,True,cluster_01277,train,/home/dheirav/Code/Deepfake_Detection/deepfake-project/dataset_builder/train/ai_generated/stylegan3_02480.png
data_sources/ai_generated/StyleGAN/stylegan3_02481.png,data_sources/ai_generated/StyleGAN,ai_generated,1024,1024,1.0,JPEG,97413,6bac9ed6a67674fd96c4655051401c94,ae1ecd52cbd2aa2bfab7204620fba1bc6ce31a638c84b466fd4489495c52992a,1.0,cab5f582531afe08,ok,156.01237180120273,True,True,cluster_01956,train,/home/dheirav/Code/Deepfake_Detection/deepfake-project/dataset_builder/train/ai_generated/stylegan3_02481.png
data_sources/ai_generated/StyleGAN/stylegan3_02486.png,data_sources/ai_generated/StyleGAN,ai_generated,1024,1024,1.0,JPEG,106841,b41bb059fe247b30c4b2a0550354973e,a4b2f0c3e3bede550bec29552ad077339b74c494884d81e1da3ce7fedeaf5afb,1.0,92d28bcbaf4b4b09,ok,98.03681524472995,True,True,cluster_01467,train,/home/dheirav/Code/Deepfake_Detection/deepfake-project/dataset_builder/train/ai_generated/stylegan3_02486.png
data_sources/ai_generated/StyleGAN/stylegan3_02491.png,data_sources/ai_generated/StyleGAN,ai_generated,1024,1024,1.0,JPEG,109689,7e0901125eadf7d56ce10b8d5f61591a,3c1765703d3fc9d5f1859edee44ac6bcbcee423eda1cc2d26c1443898517bfd5,1.0,cb7c2532f00ff08b,ok,159.46596713270992,True,True,cluster_01305,train,/home/dheirav/Code/Deepfake_Detection/deepfake-project/dataset_builder/train/ai_generated/stylegan3_02491.png
data_sources/ai_generated/StyleGAN/stylegan3_02495.png,data_sources/ai_generated/StyleGAN,ai_generated,1024,1024,1.0,JPEG,121537,67095c7f1f533b5f89b5466f59826052,9ae36db7655bec2819d28aa03da907025425715c187970cda32edb8aafe07ca1,1.0,c7aead763078129a,ok,94.69408886301153,True,True,cluster_00660,train,/home/dheirav/Code/Deepfake_Detection/deepfake-project/dataset_builder/train/ai_generated/stylegan3_02495.png
data_sources/ai_generated/StyleGAN/stylegan3_02504.png,data_sources/ai_generated/StyleGAN,ai_generated,1024,1024,1.0,JPEG,128247,aad949f2215606a4337c62b832dfbfd0,81735edc53e0c8bcd6cfc7f00751f724479dc9742038d2c332f84fd50a278ac6,1.0,986b3563b4ddd288,ok,281.0935959134939,True,True,cluster_00399,train,/home/dheirav/Code/Deepfake_Detection/deepfake-project/dataset_builder/train/ai_generated/stylegan3_02504.png
data_sources/ai_generated/StyleGAN/stylegan3_02506.png,data_sources/ai_generated/StyleGAN,ai_generated,1024,1024,1.0,JPEG,103767,4d3235c51faf37c914e92328ce3d5023,392af8157f48d00cdfef47a9822e9d1ce3edf735b67becc7bb620e0700a3aa2f,1.0,8ae33592361b969b,ok,99.45646368451617,True,True,cluster_01653,train,/home/dheirav/Code/Deepfake_Detection/deepfake-project/dataset_builder/train/ai_generated/stylegan3_02506.png
data_sources/ai_generated/StyleGAN/stylegan3_02509.png,data_sources/ai_generated/StyleGAN,ai_generated,1024,1024,1.0,JPEG,117764,0090e8bbec3e42fe9193be18a66f2e36,e75387880057562f231b30c9bda1e46e03209b87164e1de048e53ee5a158d107,1.0,92c4ea5b394becc8,ok,261.46797427019817,True,True,cluster_00852,train,/home/dheirav/Code/Deepfake_Detection/deepfake-project/dataset_builder/train/ai_generated/stylegan3_02509.png
data_sources/ai_generated/StyleGAN/stylegan3_02516.png,data_sources/ai_generated/StyleGAN,ai_generated,1024,1024,1.0,JPEG,112786,ab38a0477f570d649640304b62bae6eb,931dc47073f3eee5dc3fd53069698ec4f13d15001acccf9caa8d4790878ad49e,1.0,ffe0f0c2a34c9398,ok,97.11268997192383,True,True,cluster_01128,train,/home/dheirav/Code/Deepfake_Detection/deepfake-project/dataset_builder/train/ai_generated/stylegan3_02516.png
data_sources/ai_generated/StyleGAN/stylegan3_02518.png,data_sources/ai_generated/StyleGAN,ai_generated,1024,1024,1.0,JPEG,111965,f51bdfa5d73b6f6c16f8fc45c6f7cebc,a7f4094585ddb121ba850195ff08430049d197527d116011b1b0b0e0a1d1249c,1.0,cb3c617521649f96,ok,103.23986351466374,True,True,cluster_01170,train,/home/dheirav/Code/Deepfake_Detection/deepfake-project/dataset_builder/train/ai_generated/stylegan3_02518.png
data_sources/ai_generated/StyleGAN/stylegan3_02521.png,data_sources/ai_generated/StyleGAN,ai_generated,1024,1024,1.0,JPEG,107892,ae89de87e37cffed9cccfc7e071f2e31,5c8a757395bbd571474f3b6c37b52db811d75aad8e954ef81a32e8e2b73623f9,1.0,b8b84183ee968edc,ok,247.92111575341184,True,True,cluster_01400,train,/home/dheirav/Code/Deepfake_Detection/deepfake-project/dataset_builder/train/ai_generated/stylegan3_02521.png
data_sources/ai_generated/StyleGAN/stylegan3_02522.png,data_sources/ai_generated/StyleGAN,ai_generated,1024,1024,1.0,JPEG,114091,1422517cb6078c2e9345c2ea041f753e,7a30f301b49653f39e260e90f7ce306d2fcd8bcd97491287d2254addc5c8af0b,1.0,c2d605c25f3d43cd,ok,257.30784117032357,True,True,cluster_01047,train,/home/dheirav/Code/Deepfake_Detection/deepfake-project/dataset_builder/train/ai_generated/stylegan3_02522.png
data_sources/ai_generated/StyleGAN/stylegan3_02523.png,data_sources/ai_generated/StyleGAN,ai_generated,1024,1024,1.0,JPEG,114274,a760a5c76dda4ce17fba8d159ce092b8,53617018b1d1f6f5993d6fbcdbef80e8bfde882a17e369c8512ba999ebfe1ca5,1.0,b55fd7d0824a2b8a,ok,85.07546424027532,True,True,cluster_01034,train,/home/dheirav/Code/Deepfake_Detection/deepfake-project/dataset_builder/train/ai_generated/stylegan3_02523.png
data_sources/ai_generated/StyleGAN/stylegan3_02533.png,data_sources/ai_generated/StyleGAN,ai_generated,1024,1024,1.0,JPEG,105440,1e834c81febe6fbfeb6c4a0e671c9242,9b9b0858853c73b9860f15f04901148123554426a3022e0aa87f13daaabf8542,1.0,d46338e469bcc69a,ok,162.0113161821937,True,True,cluster_01550,train,/home/dheirav/Code/Deepfake_Detection/deepfake-project/dataset_builder/train/ai_generated/stylegan3_02533.png
data_sources/ai_generated/StyleGAN/stylegan3_02536.png,data_sources/ai_generated/StyleGAN,ai_generated,1024,1024,1.0,JPEG,129296,2c7b09d4f5837f0ad086bf5a50f6831a,1ac1f8981e6792ad34f56d37d70b95c0fca9b82c44925f5588aae4f7b329f1c7,1.0,cad22570035a7ecf,ok,178.4114861725893,True,True,cluster_00361,train,/home/dheirav/Code/Deepfake_Detection/deepfake-project/dataset_builder/train/ai_generated/stylegan3_02536.png
data_sources/ai_generated/StyleGAN/stylegan3_02542.png,data_sources/ai_generated/StyleGAN,ai_generated,1024,1024,1.0,JPEG,110531,b4cd5d5d4d0a57ac8cc402a95c35f48d,ac7e94c1b6354cf082ba69df175d216ab5a8f7df4ddbf075acd6343a73ac27fe,1.0,cc1b2fa6349c9e98,ok,183.71753106015603,True,True,cluster_01267,train,/home/dheirav/Code/Deepfake_Detection/deepfake-project/dataset_builder/train/ai_generated/stylegan3_02542.png
data_sources/ai_generated/StyleGAN/stylegan3_02556.png,data_sources/ai_generated/StyleGAN,ai_generated,1024,1024,1.0,JPEG,104767,916602a901002b5eb84ea1ea97212c2f,1bc44bc47c7577febcaf577faa5c2063ed54da76472dcd9facd86cfef7a467bc,1.0,ad3df2d609f009d8,ok,227.20873741422014,True,True,cluster_01590,train,/home/dheirav/Code/Deepfake_Detection/deepfake-project/dataset_builder/train/ai_generated/stylegan3_02556.png
data_sources/ai_generated/StyleGAN/stylegan3_02561.png,data_sources/ai_generated/StyleGAN,ai_generated,1024,1024,1.0,JPEG,103705,1c65bed157086b11db2f91ebcc2dd367,7dccd7fccb5bb2cd8d14ca83ac902e157a2046e84f7e5f58c29e6a9cdb25d43a,1.0,b602596f786d644e,ok,89.59451372730018,True,True,cluster_01656,train,/home/dheirav/Code/Deepfake_Detection/deepfake-project/dataset_builder/train/ai_generated/stylegan3_02561.png
data_sources/ai_generated/StyleGAN/stylegan3_02565.png,data_sources/ai_generated/StyleGAN,ai_generated,1024,1024,1.0,JPEG,100513,fe6b3aa8d1a7717a329791a81412634e,190bf4342a7964e35aaba3cd1e00299431de350b184329e3d97d676e9b87c42e,1.0,ad2f343c303ca3da,ok,255.16331994466233,True,True,cluster_01828,train,/home/dheirav/Code/Deepfake_Detection/deepfake-project/dataset_builder/train/ai_generated/stylegan3_02565.png
data_sources/ai_generated/StyleGAN/stylegan3_02567.png,data_sources/ai_generated/StyleGAN,ai_generated,1024,1024,1.0,JPEG,117354,2a1bc14c44bd3ada8d029aa815486bfc,1ee847e4aa4990a7090cbddafb3cce0c0f7baa6ff92dab83932732b3434ab4f5,1.0,9e082a62237db79d,ok,98.37293301639055,True,True,cluster_00878,train,/home/dheirav/Code/Deepfake_Detection/deepfake-project/dataset_builder/train/ai_generated/stylegan3_02567.png
data_sources/ai_generated/StyleGAN/stylegan3_02570.png,data_sources/ai_generated/StyleGAN,ai_generated,1024,1024,1.0,JPEG,119212,19578cac7cb01e2f860b52360d1fce5d,6533ff70028bd5c2daa024e19a43fd5ba7e9994a6b8519877454e9eb039896ca,1.0,9f6d61e077207097,ok,132.68294620513916,True,True,cluster_00785,train,/home/dheirav/Code/Deepfake_Detection/deepfake-project/dataset_builder/train/ai_generated/stylegan3_02570.png
data_sources/ai_generated/StyleGAN/stylegan3_02571.png,data_sources/ai_generated/StyleGAN,ai_generated,1024,1024,1.0,JPEG,105921,df7fe31d93d53bbb0975b9a98ff044ba,76d750494af9ce8ea305ccb208287a85c15efe7911319f8896f0b0faf81a332f,1.0,afe0c34f6c199499,ok,96.98160138328967,True,True,cluster_01523,train,/home/dheirav/Code/Deepfake_Detection/deepfake-project/dataset_builder/train/ai_generated/stylegan3_02571.png
data_sources/ai_generated/StyleGAN/stylegan3_02576.png,data_sources/ai_generated/StyleGAN,ai_generated,1024,1024,1.0,JPEG,106172,66e94d0838b564cd5fd9efeb9d7c71e8,7d3b4135cf0492685ff26d78bb7ca2f9a80f690d388907428d5f1367677e00dc,1.0,ad3ef4c0b3e083cc,ok,386.8755578493501,True,True,cluster_01509,train,/home/dheirav/Code/Deepfake_Detection/deepfake-project/dataset_builder/train/ai_generated/stylegan3_02576.png
data_sources/ai_generated/StyleGAN/stylegan3_02579.png,data_sources/ai_generated/StyleGAN,ai_generated,1024,1024,1.0,JPEG,112424,315adc3238478c15096ba260d30195bf,806fea4eaa20fa4c47c6e420ba3a9db748272f25e612987ade33dcc58bc240f5,1.0,bfbd4fe001aac09a,ok,175.23663802632558,True,True,cluster_01145,train,/home/dheirav/Code/Deepfake_Detection/deepfake-project/dataset_builder/train/ai_generated/stylegan3_02579.png
data_sources/ai_generated/StyleGAN/stylegan3_02582.png,data_sources/ai_generated/StyleGAN,ai_generated,1024,1024,1.0,JPEG,119031,c7e9ab686b5c120dcc9f84076a163742,588ba383fac467df68f51b32fb9b04a283ea0b4b71bd657f3b95b87019c0aa4b,1.0,8c8d3c5c745cd798,ok,147.5534076610311,True,True,cluster_00798,train,/home/dheirav/Code/Deepfake_Detection/deepfake-project/dataset_builder/train/ai_generated/stylegan3_02582.png
data_sources/ai_generated/StyleGAN/stylegan3_02583.png,data_sources/ai_generated/StyleGAN,ai_generated,1024,1024,1.0,JPEG,105963,dfd4bf9130b1acc57ec03ed52f897977,3a989188bd5f14b309b3e028bd7f487894d4f0553da72428b624a21d4a773e16,1.0,926db26aa56be09a,ok,147.93859184504157,True,True,cluster_01519,train,/home/dheirav/Code/Deepfake_Detection/deepfake-project/dataset_builder/train/ai_generated/stylegan3_02583.png
data_sources/ai_generated/StyleGAN/stylegan3_02585.png,data_sources/ai_generated/StyleGAN,ai_generated,1024,1024,1.0,JPEG,114639,27099a41e0b312f90845c07846d0c2a9,690d17748e395deb6f83a2707ad471a17e26bec10fc19474ae3f1e0d4510ead0,1.0,ce923cb27329cb8c,ok,92.97824023084013,True,True,cluster_01013,train,/home/dheirav/Code/Deepfake_Detection/deepfake-project/dataset_builder/train/ai_generated/stylegan3_02585.png
data_sources/ai_generated/StyleGAN/stylegan3_02590.png,data_sources/ai_generated/StyleGAN,ai_generated,1024,1024,1.0,JPEG,118616,988c6c5d3d6348cdad5e38d67e43364e,960fd4e3d13072867e523ae974fc5d69e9fa315cf847dea181ec5492a4bc9944,1.0,c3bf7c347023f2c0,ok,121.30319362148201,True,True,cluster_00818,train,/home/dheirav/Code/Deepfake_Detection/deepfake-project/dataset_builder/train/ai_generated/stylegan3_02590.png
data_sources/ai_generated/StyleGAN/stylegan3_02594.png,data_sources/ai_generated/StyleGAN,ai_generated,1024,1024,1.0,JPEG,123979,73e246c6215650e66af94cce4167c213,ec592dca57297a83f63ede274ca6e99ca456952406b6645eaff022d69d4f66a2,1.0,cd9275967308dec8,ok,162.17440970128155,True,True,cluster_00547,train,/home/dheirav/Code/Deepfake_Detection/deepfake-project/dataset_builder/train/ai_generated/stylegan3_02594.png
data_sources/ai_generated/StyleGAN/stylegan3_02596.png,data_sources/ai_generated/StyleGAN,ai_generated,1024,1024,1.0,JPEG,121921,6ceef3d0b50903a32f13a77959ba93cf,f4e812fd51ec6f151678d1629b090debc042f481c6262c1047230722eb407101,1.0,fe01a9f30380fc97,ok,86.5549871936928,True,True,cluster_00647,train,/home/dheirav/Code/Deepfake_Detection/deepfake-project/dataset_builder/train/ai_generated/stylegan3_02596.png
data_sources/ai_generated/StyleGAN/stylegan3_02601.png,data_sources/ai_generated/StyleGAN,ai_generated,1024,1024,1.0,JPEG,119013,f7d54f6dce59fad8019746437bb61ec3,1c65e42a77b0b0b360df437fb1c8cb4d1748c412c56b78389f9b07fa10a77087,1.0,da2aa746f44837d2,ok,121.1979744220007,True,True,cluster_00799,train,/home/dheirav/Code/Deepfake_Detection/deepfake-project/dataset_builder/train/ai_generated/stylegan3_02601.png
data_sources/ai_generated/StyleGAN/stylegan3_02607.png,data_sources/ai_generated/StyleGAN,ai_generated,1024,1024,1.0,JPEG,135620,778d1cf5b5922e4bd0dc75bfe0bf26ed,e41d40d1667086429d01e9e466a45386e1b2c2a82bcc177782211d7154af8db1,1.0,8e033cd3f23c82de,ok,143.1497713300305,True,True,cluster_00225,train,/home/dheirav/Code/Deepfake_Detection/deepfake-project/dataset_builder/train/ai_generated/stylegan3_02607.png
data_sources/ai_generated/StyleGAN/stylegan3_02613.png,data_sources/ai_generated/StyleGAN,ai_generated,1024,1024,1.0,JPEG,112711,68bf77d5619977e3beadfb1a52296c6c,d6d6b9662907001c8c530d68a82b57024aaf82a08d8f448e4d6d14f051ced28b,1.0,dfa834e1a2cad2ca,ok,105.05376337956022,True,True,cluster_01136,train,/home/dheirav/Code/Deepfake_Detection/deepfake-project/dataset_builder/train/ai_generated/stylegan3_02613.png
data_sources/ai_generated/StyleGAN/stylegan3_02618.png,data_sources/ai_generated/StyleGAN,ai_generated,1024,1024,1.0,JPEG,112258,d553a54b78ea86fd736644af70fc5038,29b985bba7de8a071a12c1782034ab271eafc7d0bad45fcac33957b16a4f451c,1.0,def16386866e2386,ok,182.73805330575027,True,True,cluster_01158,train,/home/dheirav/Code/Deepfake_Detection/deepfake-project/dataset_builder/train/ai_generated/stylegan3_02618.png
data_sources/ai_generated/StyleGAN/stylegan3_02620.png,data_sources/ai_generated/StyleGAN,ai_generated,1024,1024,1.0,JPEG,136198,f7305af14f8bcde0b37032a652440e02,c462a0a1f2075f3743f4f34f949977e61a5ca7a3664c7a7792fb63c4501ca1db,1.0,eaa515d2990ececc,ok,228.74937791912816,True,True,cluster_00205,train,/home/dheirav/Code/Deepfake_Detection/deepfake-project/dataset_builder/train/ai_generated/stylegan3_02620.png
data_sources/ai_generated/StyleGAN/stylegan3_02622.png,data_sources/ai_generated/StyleGAN,ai_generated,1024,1024,1.0,JPEG,126463,65222292a156daca8556da5069e8131d,30f7cf1f9e2cba0bae97036dd0ec9350b0bf164d856d95c39ec22da4014acbdb,1.0,cb237126355887cf,ok,122.78944740252336,True,True,cluster_00448,train,/home/dheirav/Code/Deepfake_Detection/deepfake-project/dataset_builder/train/ai_generated/stylegan3_02622.png
data_sources/ai_generated/StyleGAN/stylegan3_02631.png,data_sources/ai_generated/StyleGAN,ai_generated,1024,1024,1.0,JPEG,132740,04ef0ef9b6be9ecf35b415398926c95d,0c12eb4c54b15baa7e40ecf853f213a97e9e4cf7b5ba08678021af5652ef9b08,1.0,c9043e32703ff2f8,ok,136.53653996947742,True,True,cluster_00278,train,/home/dheirav/Code/Deepfake_Detection/deepfake-project/dataset_builder/train/ai_generated/stylegan3_02631.png
data_sources/ai_generated/StyleGAN/stylegan3_02632.png,data_sources/ai_generated/StyleGAN,ai_generated,1024,1024,1.0,JPEG,116477,87501a0e417c7e29a86d2a67bab84196,c25c0a52d2b33ee1157dcca350eebb186e4fcdbb9e3a8a8a0e90e4bdd1ae8413,1.0,daaf39c6114063af,ok,180.89170158950486,True,True,cluster_00920,train,/home/dheirav/Code/Deepfake_Detection/deepfake-project/dataset_builder/train/ai_generated/stylegan3_02632.png
data_sources/ai_generated/StyleGAN/stylegan3_02634.png,data_sources/ai_generated/StyleGAN,ai_generated,1024,1024,1.0,JPEG,121022,407a9e5b3affb037645a62b8edcb8736,2accd86766f9dad52e12f5b02a3d4e8be077d37aeedd50830882cdde7a36038f,1.0,e8e52196919c96cf,ok,297.2294210508553,True,True,cluster_00688,train,/home/dheirav/Code/Deepfake_Detection/deepfake-project/dataset_builder/train/ai_generated/stylegan3_02634.png
data_sources/ai_generated/StyleGAN/stylegan3_02635.png,data_sources/ai_generated/StyleGAN,ai_generated,1024,1024,1.0,JPEG,103075,675a30c1688ed3459054f4e92c5805d0,932cdcb843d7fa932eb32c526f4ca839d9f3fefa415744d6bd88d6867402121e,1.0,d47a2be1a316978a,ok,119.22377489956034,True,True,cluster_01693,train,/home/dheirav/Code/Deepfake_Detection/deepfake-project/dataset_builder/train/ai_generated/stylegan3_02635.png
data_sources/ai_generated/StyleGAN/stylegan3_02642.png,data_sources/ai_generated/StyleGAN,ai_generated,1024,1024,1.0,JPEG,119156,5be52c83f8dc7d375f306aa88ddb3577,bc0306e077d3d88cc3e3d1dfa58c4d714dba1893042e05bfdc56387d69dae2d1,1.0,c8d1a896bb68bbc8,ok,146.91521462745732,True,True,cluster_00789,train,/home/dheirav/Code/Deepfake_Detection/deepfake-project/dataset_builder/train/ai_generated/stylegan3_02642.png
data_sources/ai_generated/StyleGAN/stylegan3_02647.png,data_sources/ai_generated/StyleGAN,ai_generated,1024,1024,1.0,JPEG,98745,f5cd6132a65b06a6e87906597edcf0f5,bebf8944ca3b40fe832351b9d57a7f24d83b4b4c2238b53b2efa6ba4a90d2cfe,1.0,bf2f70f430b0d2d0,ok,136.73572082168175,True,True,cluster_01909,train,/home/dheirav/Code/Deepfake_Detection/deepfake-project/dataset_builder/train/ai_generated/stylegan3_02647.png
data_sources/ai_generated/StyleGAN/stylegan3_02648.png,data_sources/ai_generated/StyleGAN,ai_generated,1024,1024,1.0,JPEG,104514,f0472e3f2f419e0f74441b2dcd4f9b88,2435b47c82676aeee10b76f0474193135e9852a9c11f84c725d25480bb49eb07,1.0,ad293d50e33a8eca,ok,93.38605756394736,True,True,cluster_01605,train,/home/dheirav/Code/Deepfake_Detection/deepfake-project/dataset_builder/train/ai_generated/stylegan3_02648.png
data_sources/ai_generated/StyleGAN/stylegan3_02650.png,data_sources/ai_generated/StyleGAN,ai_generated,1024,1024,1.0,JPEG,115997,e4525f27d39ef70e0d12835aab7e130b,f1fd39f804dbfe9e2f8f2ce5af52ef992eb6ee355b39f14f9cd3f9bc7f74fa7c,1.0,cd2c70b33359e58c,ok,159.54707590507223,True,True,cluster_00941,train,/home/dheirav/Code/Deepfake_Detection/deepfake-project/dataset_builder/train/ai_generated/stylegan3_02650.png
data_sources/ai_generated/StyleGAN/stylegan3_02653.png,data_sources/ai_generated/StyleGAN,ai_generated,1024,1024,1.0,JPEG,110716,ac260ae8e07ffa2e6207bed4821b50d7,6f3c18b444f6d56f6471878ba74329742ef1b44641ad8945c7975f1474e27959,1.0,c92bbc7630741787,ok,103.49053477985488,True,True,cluster_01252,train,/home/dheirav/Code/Deepfake_Detection/deepfake-project/dataset_builder/train/ai_generated/stylegan3_02653.png
data_sources/ai_generated/StyleGAN/stylegan3_02655.png,data_sources/ai_generated/StyleGAN,ai_generated,1024,1024,1.0,JPEG,102928,5bab2c5145cae80b7d7e12732317a1b9,5e89b57b6571d36159a00f6b2b453ececfffb11091f9d32109e1223365e78f89,1.0,cc03f9e61cf08c8f,ok,176.31946342786154,True,True,cluster_01704,train,/home/dheirav/Code/Deepfake_Detection/deepfake-project/dataset_builder/train/ai_generated/stylegan3_02655.png
data_sources/ai_generated/StyleGAN/stylegan3_02664.png,data_sources/ai_generated/StyleGAN,ai_generated,1024,1024,1.0,JPEG,112759,09acbf4c6a46e24c452c3cc49e50a4f1,296eb5559b68dabacebb8e5d782eefcffb5e595079dea6e046b3296161bdc92f,1.0,8bd471b4b56c8a87,ok,100.49093712092052,True,True,cluster_01131,train,/home/dheirav/Code/Deepfake_Detection/deepfake-project/dataset_builder/train/ai_generated/stylegan3_02664.png
data_sources/ai_generated/StyleGAN/stylegan3_02673.png,data_sources/ai_generated/StyleGAN,ai_generated,1024,1024,1.0,JPEG,124886,71f663b1a0b393410d141020c9ded966,6422dae125083c105ea83eb05fcab9e11657943f9a017ac244702d906607089e,1.0,f1f805b914e87fc0,ok,101.89190604988471,True,True,cluster_00506,train,/home/dheirav/Code/Deepfake_Detection/deepfake-project/dataset_builder/train/ai_generated/stylegan3_02673.png
data_sources/ai_generated/StyleGAN/stylegan3_02677.png,data_sources/ai_generated/StyleGAN,ai_generated,1024,1024,1.0,JPEG,142904,d21410bdb6a50248f9ced23c716d572c,7915d6c4808109c10ae62a47d5d5cf3c2137385d84bb14ed96c1d20fff94e244,1.0,df482512e609ded9,ok,331.781116144054,True,True,cluster_00119,train,/home/dheirav/Code/Deepfake_Detection/deepfake-project/dataset_builder/train/ai_generated/stylegan3_02677.png
data_sources/ai_generated/StyleGAN/stylegan3_02685.png,data_sources/ai_generated/StyleGAN,ai_generated,1024,1024,1.0,JPEG,143051,62558ce4f851e8a975f981a408de4894,4fee82435391c0ee9c2c2e62ab077379da110808ad58e64bfb4288e335e143e6,1.0,ba6823a1e588979f,ok,341.2728221928701,True,True,cluster_00117,train,/home/dheirav/Code/Deepfake_Detection/deepfake-project/dataset_builder/train/ai_generated/stylegan3_02685.png
data_sources/ai_generated/StyleGAN/stylegan3_02695.png,data_sources/ai_generated/StyleGAN,ai_generated,1024,1024,1.0,JPEG,106518,867f2ae1f70da2cf3ba7fb425f68d1f0,337cec83f301e211760d02df5594c48cd1dd4fb6f6a5258a56bfc761ac24ad18,1.0,cd908ec7350d968f,ok,101.07974227575687,True,True,cluster_01483,train,/home/dheirav/Code/Deepfake_Detection/deepfake-project/dataset_builder/train/ai_generated/stylegan3_02695.png
data_sources/ai_generated/StyleGAN/stylegan3_02696.png,data_sources/ai_generated/StyleGAN,ai_generated,1024,1024,1.0,JPEG,96553,785c269e2ceed5b469107299843bc9d2,01ef83eb19d7710bfa74341cf4ea767251c7b1009c5bde3e8536b467a4be165c,1.0,cbb86d30707be298,ok,85.4097064287489,True,True,cluster_01993,train,/home/dheirav/Code/Deepfake_Detection/deepfake-project/dataset_builder/train/ai_generated/stylegan3_02696.png
data_sources/ai_generated/StyleGAN/stylegan3_02706.png,data_sources/ai_generated/StyleGAN,ai_generated,1024,1024,1.0,JPEG,110269,d8710ce6a4aff88e45a712b422669f05,a5e18494c9d49f36acb18966185df4e08e0ad27cd9fb45279e265aa04e13e936,1.0,bffd34cad2c8c802,ok,99.77053145430455,True,True,cluster_01281,train,/home/dheirav/Code/Deepfake_Detection/deepfake-project/dataset_builder/train/ai_generated/stylegan3_02706.png
data_sources/ai_generated/StyleGAN/stylegan3_02708.png,data_sources/ai_generated/StyleGAN,ai_generated,1024,1024,1.0,JPEG,124125,984c4afb4e7dcec11b911ffd216e749f,942bbf8f8cc1838c699d78187273c94a6db4f85eb0d0bd9846f5819f353e24b5,1.0,cbbf69126515469a,ok,128.47752531247897,True,True,cluster_00539,train,/home/dheirav/Code/Deepfake_Detection/deepfake-project/dataset_builder/train/ai_generated/stylegan3_02708.png
data_sources/ai_generated/StyleGAN/stylegan3_02710.png,data_sources/ai_generated/StyleGAN,ai_generated,1024,1024,1.0,JPEG,111783,21a310897c42bb93bc7747c334b2ffc9,e7c117c7700de527e04ab720b7e4009a13e1acb3c70b4fdd11884a3fbbdbc5e1,1.0,efa42c30347392cf,ok,170.43806256146854,True,True,cluster_01181,train,/home/dheirav/Code/Deepfake_Detection/deepfake-project/dataset_builder/train/ai_generated/stylegan3_02710.png
data_sources/ai_generated/StyleGAN/stylegan3_02713.png,data_sources/ai_generated/StyleGAN,ai_generated,1024,1024,1.0,JPEG,101463,1d3c3ac586b0b4e771e773d8d508e6ec,ea34eb292a339dbe334d589d26ade09bfc95484dd18fac3cb25d84cfb7ea2b0e,1.0,ed6f30b41bb443a4,ok,97.63620294850261,True,True,cluster_01769,train,/home/dheirav/Code/Deepfake_Detection/deepfake-project/dataset_builder/train/ai_generated/stylegan3_02713.png
data_sources/ai_generated/StyleGAN/stylegan3_02723.png,data_sources/ai_generated/StyleGAN,ai_generated,1024,1024,1.0,JPEG,110755,d2eb8990d4fc5dc8258bf5087ae08eba,6cce977b2066428923658c0b0a07fd6334ed4ea65f2af8fe3e394263a27a5037,1.0,ce2a24b2b597da86,ok,85.61578460065994,True,True,cluster_01248,train,/home/dheirav/Code/Deepfake_Detection/deepfake-project/dataset_builder/train/ai_generated/stylegan3_02723.png
data_sources/ai_generated/StyleGAN/stylegan3_02724.png,data_sources/ai_generated/StyleGAN,ai_generated,1024,1024,1.0,JPEG,146638,e92adbbba193222994e8dfb9079986ca,f259637e764d89f59797997451b2f4a7f9b916d2d69bbc2f9159d2824c0af3cc,1.0,9a5e622767251bd2,ok,137.32592508048037,True,True,cluster_00091,train,/home/dheirav/Code/Deepfake_Detection/deepfake-project/dataset_builder/train/ai_generated/stylegan3_02724.png
data_sources/ai_generated/StyleGAN/stylegan3_02725.png,data_sources/ai_generated/StyleGAN,ai_generated,1024,1024,1.0,JPEG,115399,1b7f94b646535ce82c5e1dd4184d6038,1b631d9df2261dffeccbc7a0c9b3aadabf49d44936be0d247351ccf03d7996cf,1.0,cad7abd4e97006c8,ok,95.30987738296608,True,True,cluster_00969,train,/home/dheirav/Code/Deepfake_Detection/deepfake-project/dataset_builder/train/ai_generated/stylegan3_02725.png
data_sources/ai_generated/StyleGAN/stylegan3_02730.png,data_sources/ai_generated/StyleGAN,ai_generated,1024,1024,1.0,JPEG,101070,dd7f4ceaaa337d56d4589359e6245f74,33fc45307a0d486573e33b7d0fb05b3a656baa49a1e74641f0fb637852e28724,1.0,f18f2f7c203ca394,ok,82.63004207458197,True,True,cluster_01791,train,/home/dheirav/Code/Deepfake_Detection/deepfake-project/dataset_builder/train/ai_generated/stylegan3_02730.png
data_sources/ai_generated/StyleGAN/stylegan3_02741.png,data_sources/ai_generated/StyleGAN,ai_generated,1024,1024,1.0,JPEG,100368,8e056957dd5dadd49454c80e7a92282c,0cfc7a8060e501b8cd9c36f6470e2e2a2a5e3c73fa35df640ff465b39309ae47,1.0,ebe61ca5142397ca,ok,213.02028698979024,True,True,cluster_01837,train,/home/dheirav/Code/Deepfake_Detection/deepfake-project/dataset_builder/train/ai_generated/stylegan3_02741.png
data_sources/ai_generated/StyleGAN/stylegan3_02747.png,data_sources/ai_generated/StyleGAN,ai_generated,1024,1024,1.0,JPEG,108719,d4b5556fbb934531c68dab0932251100,c64fbfc188d13d3b95d3ac60c14b84e9763eff4fe8503403ef6cbad4b1a4ab34,1.0,e318c4078ef51f8e,ok,155.91394684118038,True,True,cluster_01352,train,/home/dheirav/Code/Deepfake_Detection/deepfake-project/dataset_builder/train/ai_generated/stylegan3_02747.png
data_sources/ai_generated/StyleGAN/stylegan3_02749.png,data_sources/ai_generated/StyleGAN,ai_generated,1024,1024,1.0,JPEG,148868,7344bd7ab7a21905619a885bb4d8c8e7,05ffaba793dcd3653f5aed7d8b334610889b0f868214f2be60345f514e0c6ba0,1.0,e3f9d6f99211940a,ok,232.53762357427235,True,True,cluster_00074,train,/home/dheirav/Code/Deepfake_Detection/deepfake-project/dataset_builder/train/ai_generated/stylegan3_02749.png
data_sources/ai_generated/StyleGAN/stylegan3_02755.png,data_sources/ai_generated/StyleGAN,ai_generated,1024,1024,1.0,JPEG,101471,9e385010c3b07310089e294ccd78c0b9,5629a56cf7111a73c17e518509765e37e6f5db8d713ec69f5a70ca3e71a21d8f,1.0,ea7865a127e187c3,ok,103.09461633618685,True,True,cluster_01768,train,/home/dheirav/Code/Deepfake_Detection/deepfake-project/dataset_builder/train/ai_generated/stylegan3_02755.png
data_sources/ai_generated/StyleGAN/stylegan3_02761.png,data_sources/ai_generated/StyleGAN,ai_generated,1024,1024,1.0,JPEG,110109,60e5f72ce7b9e26385c0332208a16e02,020674240d5002412a20fc91e512ce84b74449b737a2cd926e5d68c9d799054e,1.0,da15673466094ff8,ok,209.2778195532582,True,True,cluster_01288,train,/home/dheirav/Code/Deepfake_Detection/deepfake-project/dataset_builder/train/ai_generated/stylegan3_02761.png
data_sources/ai_generated/StyleGAN/stylegan3_02764.png,data_sources/ai_generated/StyleGAN,ai_generated,1024,1024,1.0,JPEG,112723,69f2e9084553eec7c1224d39cf4aebf8,f6941408ff08db5f18ea7427f8453a3a866b2329c67185d6c3f3bbe4d9bbb434,1.0,cd0f24367c3932da,ok,120.21207427885383,True,True,cluster_01135,train,/home/dheirav/Code/Deepfake_Detection/deepfake-project/dataset_builder/train/ai_generated/stylegan3_02764.png
data_sources/ai_generated/StyleGAN/stylegan3_02779.png,data_sources/ai_generated/StyleGAN,ai_generated,1024,1024,1.0,JPEG,124880,e7d14caadc24d81d9bbf946942d692b3,7061535edcfbbc38ac6aa95672e2c90a6abd5a55abce9c11db409c7044a88919,1.0,c0df06b231f687cc,ok,290.47384157110986,True,True,cluster_00507,train,/home/dheirav/Code/Deepfake_Detection/deepfake-project/dataset_builder/train/ai_generated/stylegan3_02779.png
data_sources/ai_generated/StyleGAN/stylegan3_02781.png,data_sources/ai_generated/StyleGAN,ai_generated,1024,1024,1.0,JPEG,109935,8519e6ff70f88f1bdc7eb375dd7bf073,4b38d057e4a019c751a38f09c5f4d80d7e4fcd375ddb3d971f2bbba68722e6ab,1.0,ad3d763070a087db,ok,128.9165639769262,True,True,cluster_01293,train,/home/dheirav/Code/Deepfake_Detection/deepfake-project/dataset_builder/train/ai_generated/stylegan3_02781.png
data_sources/ai_generated/StyleGAN/stylegan3_02789.png,data_sources/ai_generated/StyleGAN,ai_generated,1024,1024,1.0,JPEG,118517,3eb620e7c5190d212b82c73a7207c0c1,95c4ed5e570b2b433b5512430d4b132939132e64267dd389a03fefb1921a5b43,1.0,cb306dd3cd1d3426,ok,219.61269815380996,True,True,cluster_00822,train,/home/dheirav/Code/Deepfake_Detection/deepfake-project/dataset_builder/train/ai_generated/stylegan3_02789.png
data_sources/ai_generated/StyleGAN/stylegan3_02791.png,data_sources/ai_generated/StyleGAN,ai_generated,1024,1024,1.0,JPEG,105110,ccb4d5f7d5a560037352ce375e1fc2b2,303cd0d3f9d7c7a49a20037316562822e74bcbb4cf0faa3f05bc0d6bc3f88f04,1.0,af3c70f0f20993c3,ok,91.54471037464734,True,True,cluster_01575,train,/home/dheirav/Code/Deepfake_Detection/deepfake-project/dataset_builder/train/ai_generated/stylegan3_02791.png
data_sources/ai_generated/StyleGAN/stylegan3_02793.png,data_sources/ai_generated/StyleGAN,ai_generated,1024,1024,1.0,JPEG,101402,921a63052b27672c9a74cd6a7a0b7fbb,34c8924a8d0e9d7f68b1d9e10750c7961ee82365c25a6864b5ba7691d9d38a40,1.0,d8a967762642978b,ok,166.5501403721246,True,True,cluster_01777,train,/home/dheirav/Code/Deepfake_Detection/deepfake-project/dataset_builder/train/ai_generated/stylegan3_02793.png
data_sources/ai_generated/StyleGAN/stylegan3_02794.png,data_sources/ai_generated/StyleGAN,ai_generated,1024,1024,1.0,JPEG,167519,b9d53c213dd92c049b45822b5600940d,d1879e6750e9b093c65f60fd3cb8b68b8e01435f2aaa8e0252e5890ed65d9121,1.0,8b56502fa974763c,ok,650.7722716838471,True,True,cluster_00014,train,/home/dheirav/Code/Deepfake_Detection/deepfake-project/dataset_builder/train/ai_generated/stylegan3_02794.png
data_sources/ai_generated/StyleGAN/stylegan3_02799.png,data_sources/ai_generated/StyleGAN,ai_generated,1024,1024,1.0,JPEG,115827,e0adc10eab4004b26ce4af7173762a6a,2731277f4e254142f28842343a3c5d4dbd4bd4becc4f73eba052f5011304ca4d,1.0,da297823756867d2,ok,166.22648143768214,True,True,cluster_00947,train,/home/dheirav/Code/Deepfake_Detection/deepfake-project/dataset_builder/train/ai_generated/stylegan3_02799.png
data_sources/ai_generated/StyleGAN/stylegan3_02801.png,data_sources/ai_generated/StyleGAN,ai_generated,1024,1024,1.0,JPEG,108923,f69f7f95173471efa1261b2e164b5fe2,541ae1865f5d9c225c6c537b40a5c24d262f44153068ae39f5450cc07ba455af,1.0,e1b7c482ea5c7507,ok,84.28060082253069,True,True,cluster_01339,train,/home/dheirav/Code/Deepfake_Detection/deepfake-project/dataset_builder/train/ai_generated/stylegan3_02801.png
data_sources/ai_generated/StyleGAN/stylegan3_02809.png,data_sources/ai_generated/StyleGAN,ai_generated,1024,1024,1.0,JPEG,124902,963321ad29d88b4f38f8ce73b86c1780,ac32dbf3185ca7d9b212923f61b268e9d7d0840107299a06f8b5c1fb25d23081,1.0,e080a2d2b61ffa8f,ok,154.40420722961062,True,True,cluster_00505,train,/home/dheirav/Code/Deepfake_Detection/deepfake-project/dataset_builder/train/ai_generated/stylegan3_02809.png
data_sources/ai_generated/StyleGAN/stylegan3_02813.png,data_sources/ai_generated/StyleGAN,ai_generated,1024,1024,1.0,JPEG,140550,143561f6b45ed4424873f9f62ae87f57,a00b2546b6c3029df01627c615fefb70c3137131964607adbfe4e5f7922b4d90,1.0,9ce1e1e6651a9699,ok,152.1715410147881,True,True,cluster_00140,train,/home/dheirav/Code/Deepfake_Detection/deepfake-project/dataset_builder/train/ai_generated/stylegan3_02813.png
data_sources/ai_generated/StyleGAN/stylegan3_02821.png,data_sources/ai_generated/StyleGAN,ai_generated,1024,1024,1.0,JPEG,140588,97d36f48d904c36c83b38da86e143e03,f7e8636fa0693bdeb1d96949da98460b691ee7921c0882d846c0c4e5ecb7d6b2,1.0,9f60614b25dd968b,ok,120.45411664360654,True,True,cluster_00139,train,/home/dheirav/Code/Deepfake_Detection/deepfake-project/dataset_builder/train/ai_generated/stylegan3_02821.png
data_sources/ai_generated/StyleGAN/stylegan3_02827.png,data_sources/ai_generated/StyleGAN,ai_generated,1024,1024,1.0,JPEG,112548,33a0abd79af807d60986d83ea8a31549,5b5e1daa46d2f780a5577361816356877aa57cb6a1db9c6e614bc36338c24af0,1.0,be1af4e842783399,ok,225.74496552791874,True,True,cluster_01141,train,/home/dheirav/Code/Deepfake_Detection/deepfake-project/dataset_builder/train/ai_generated/stylegan3_02827.png
data_sources/ai_generated/StyleGAN/stylegan3_02832.png,data_sources/ai_generated/StyleGAN,ai_generated,1024,1024,1.0,JPEG,107604,c10e48f0a4b1aa8ff2ca223d72849fc0,d814ef2c61a7190ce48d30f3789e02f6d2cf3b0feebba463b501b05f7744f5b2,1.0,cef1a1e6c48bc2cc,ok,156.27499008126324,True,True,cluster_01417,train,/home/dheirav/Code/Deepfake_Detection/deepfake-project/dataset_builder/train/ai_generated/stylegan3_02832.png
data_sources/ai_generated/StyleGAN/stylegan3_02837.png,data_sources/ai_generated/StyleGAN,ai_generated,1024,1024,1.0,JPEG,135847,2c2c56fa94191870df5baac5c6020704,5158b38f949d1bcc6c39b1f59776733105c0299a33cfe8a2bd76aef84b274af1,1.0,cd21fea1a242decc,ok,147.72069250939876,True,True,cluster_00219,train,/home/dheirav/Code/Deepfake_Detection/deepfake-project/dataset_builder/train/ai_generated/stylegan3_02837.png
data_sources/ai_generated/StyleGAN/stylegan3_02839.png,data_sources/ai_generated/StyleGAN,ai_generated,1024,1024,1.0,JPEG,122058,3b3e7ebb492fefc680f84812d1cb78a4,e341ab0d601b624cbc0f568b7707cdb37e0882f0b049272d17e955b5bdbae58d,1.0,ab923057746c75d4,ok,582.7939822309045,True,True,cluster_00634,train,/home/dheirav/Code/Deepfake_Detection/deepfake-project/dataset_builder/train/ai_generated/stylegan3_02839.png
data_sources/ai_generated/StyleGAN/stylegan3_02845.png,data_sources/ai_generated/StyleGAN,ai_generated,1024,1024,1.0,JPEG,108211,949bbc232f586df00b13e08de7ea6930,b906ee771d096dc9b3907eee377e61b35fa49b3f6090fb280eda2c7c0a1ed21f,1.0,da2971a7240ed69d,ok,140.94961070718907,True,True,cluster_01371,train,/home/dheirav/Code/Deepfake_Detection/deepfake-project/dataset_builder/train/ai_generated/stylegan3_02845.png
data_sources/ai_generated/StyleGAN/stylegan3_02846.png,data_sources/ai_generated/StyleGAN,ai_generated,1024,1024,1.0,JPEG,119983,ce855918654dd283d9be12df0f7a020f,163e94182620bb82b36803965a55b62cefc6643c66546f3218729dee86f28598,1.0,f8eb41ea6728278a,ok,86.6532288020826,True,True,cluster_00746,train,/home/dheirav/Code/Deepfake_Detection/deepfake-project/dataset_builder/train/ai_generated/stylegan3_02846.png
data_sources/ai_generated/StyleGAN/stylegan3_02855.png,data_sources/ai_generated/StyleGAN,ai_generated,1024,1024,1.0,JPEG,106459,07ea0ef2e48a935ba4c6cc74ecc0979e,d3c13cc32bcc3ed817d1184b093f6b354597600b1f8cf8448f84a4d8e4ee2031,1.0,a4fc5bf0740af04b,ok,174.19782351406226,True,True,cluster_01495,train,/home/dheirav/Code/Deepfake_Detection/deepfake-project/dataset_builder/train/ai_generated/stylegan3_02855.png
data_sources/ai_generated/StyleGAN/stylegan3_02858.png,data_sources/ai_generated/StyleGAN,ai_generated,1024,1024,1.0,JPEG,99351,358bc07c3a6c7e7153b46a4723286ce6,c11b8b0042446bfb2a3da05c8c87ef7e2948e90e998415998b63fdf794ff98ab,1.0,9bd4f5d2814a87cc,ok,98.55921738670077,True,True,cluster_01881,train,/home/dheirav/Code/Deepfake_Detection/deepfake-project/dataset_builder/train/ai_generated/stylegan3_02858.png
data_sources/ai_generated/StyleGAN/stylegan3_02865.png,data_sources/ai_generated/StyleGAN,ai_generated,1024,1024,1.0,JPEG,118651,86c01719bb3ab2c01bef40664e332757,44e2d481899ec305c02b6acca0609686f9c4140266673d2520c3fb0e34280f3d,1.0,a5b8b6c0cac19ed9,ok,242.0150815414881,True,True,cluster_00817,train,/home/dheirav/Code/Deepfake_Detection/deepfake-project/dataset_builder/train/ai_generated/stylegan3_02865.png
data_sources/ai_generated/StyleGAN/stylegan3_02876.png,data_sources/ai_generated/StyleGAN,ai_generated,1024,1024,1.0,JPEG,109374,1dfa7461a142d8c8de18ecbd17259fca,645521845a1e25f3f0a862d2890708287b9ebb5e1edd9d99f0d208e2901e3c0d,1.0,d4786985ac95d6aa,ok,146.59583408859544,True,True,cluster_01321,train,/home/dheirav/Code/Deepfake_Detection/deepfake-project/dataset_builder/train/ai_generated/stylegan3_02876.png
data_sources/ai_generated/StyleGAN/stylegan3_02883.png,data_sources/ai_generated/StyleGAN,ai_generated,1024,1024,1.0,JPEG,122945,3c71fbf18b186f39673ef7a4c94b1b09,550fde44856939a9c57c5317645ec123c5c3ee5b57dac9ef8c950fbd930664bf,1.0,9e7a20a537a68795,ok,108.08117567349746,True,True,cluster_00585,train,/home/dheirav/Code/Deepfake_Detection/deepfake-project/dataset_builder/train/ai_generated/stylegan3_02883.png
data_sources/ai_generated/StyleGAN/stylegan3_02885.png,data_sources/ai_generated/StyleGAN,ai_generated,1024,1024,1.0,JPEG,139950,bb7914c7351902089f641ca83524fb5b,41fb86758e2fc4a816b34c961a61dd33d6e2b7a0eab0a867ac50ae048db94a72,1.0,d0c2948451bdfbcd,ok,84.29959860417512,True,True,cluster_00150,train,/home/dheirav/Code/Deepfake_Detection/deepfake-project/dataset_builder/train/ai_generated/stylegan3_02885.png
data_sources/ai_generated/StyleGAN/stylegan3_02886.png,data_sources/ai_generated/StyleGAN,ai_generated,1024,1024,1.0,JPEG,122111,9a2c587f275fa67c332869f93593c819,7a469da3a531cf72318fa612db521e3e5e0db84d7c84ab7fbafb7d19ae6da142,1.0,cb302432716dcf8f,ok,84.15829181186473,True,True,cluster_00630,train,/home/dheirav/Code/Deepfake_Detection/deepfake-project/dataset_builder/train/ai_generated/stylegan3_02886.png
data_sources/ai_generated/StyleGAN/stylegan3_02891.png,data_sources/ai_generated/StyleGAN,ai_generated,1024,1024,1.0,JPEG,101026,a9cc74efbd97bad5fbe76f5ba6288ddc,b59da6f5ed823d8cdb473ed74dd135e77fd69deeabe0f6a24ffc2411c2ddc1df,1.0,caa779a431e1829f,ok,91.63360751024447,True,True,cluster_01794,train,/home/dheirav/Code/Deepfake_Detection/deepfake-project/dataset_builder/train/ai_generated/stylegan3_02891.png
data_sources/ai_generated/StyleGAN/stylegan3_02905.png,data_sources/ai_generated/StyleGAN,ai_generated,1024,1024,1.0,JPEG,96948,d24003cf3f314e1ee8814b628ab04bef,b22c6484710dd7e02d1479b90dc557be583b9b271479951d52d4db052fa5fa48,1.0,fae865e12465968e,ok,91.6684900148748,True,True,cluster_01979,train,/home/dheirav/Code/Deepfake_Detection/deepfake-project/dataset_builder/train/ai_generated/stylegan3_02905.png
data_sources/ai_generated/StyleGAN/stylegan3_02914.png,data_sources/ai_generated/StyleGAN,ai_generated,1024,1024,1.0,JPEG,130502,72104c8734c3dae4c7a5f72d82a3c92a,804a040bf6f7ad0cf2183ec726f0793c045c2a878614712c691ebf5d4869f455,1.0,bebf24a57608aac8,ok,164.90725105418824,True,True,cluster_00331,train,/home/dheirav/Code/Deepfake_Detection/deepfake-project/dataset_builder/train/ai_generated/stylegan3_02914.png
data_sources/ai_generated/StyleGAN/stylegan3_02929.png,data_sources/ai_generated/StyleGAN,ai_generated,1024,1024,1.0,JPEG,131236,369057b5d10aa690808f97a46b535410,66e2a1d935e0e1712da576525242aeab90fe05dd15151a5ab322aa1b59b841c7,1.0,ba877df02760c392,ok,255.33660755232168,True,True,cluster_00313,train,/home/dheirav/Code/Deepfake_Detection/deepfake-project/dataset_builder/train/ai_generated/stylegan3_02929.png
data_sources/ai_generated/StyleGAN/stylegan3_02934.png,data_sources/ai_generated/StyleGAN,ai_generated,1024,1024,1.0,JPEG,129821,e3bf98eb313c92553a75e055bfee2c38,71dad988a92b2f22d230339da1feb6b12473c16337443f4a3be4f0f1d452a9ad,1.0,d31b332624277d8d,ok,332.39668079331386,True,True,cluster_00348,train,/home/dheirav/Code/Deepfake_Detection/deepfake-project/dataset_builder/train/ai_generated/stylegan3_02934.png
data_sources/ai_generated/StyleGAN/stylegan3_02942.png,data_sources/ai_generated/StyleGAN,ai_generated,1024,1024,1.0,JPEG,120128,c99b55dfa681078112e4653212dd8ecd,b1a4f4d971081007a1f8228eb4e606eec030dcf0efe823f0950e7009698ac5f1,1.0,c270db4bf03aa4b5,ok,141.03455613083403,True,True,cluster_00741,train,/home/dheirav/Code/Deepfake_Detection/deepfake-project/dataset_builder/train/ai_generated/stylegan3_02942.png
data_sources/ai_generated/StyleGAN/stylegan3_02946.png,data_sources/ai_generated/StyleGAN,ai_generated,1024,1024,1.0,JPEG,108198,506ad0bfbde4cfe15464aa0403458048,5ccf260d6b424291363bef83e29699c4d07d50556392d60d4171ab200e789298,1.0,ca3435b27919c9ce,ok,126.1241261551877,True,True,cluster_01374,train,/home/dheirav/Code/Deepfake_Detection/deepfake-project/dataset_builder/train/ai_generated/stylegan3_02946.png
data_sources/ai_generated/StyleGAN/stylegan3_02949.png,data_sources/ai_generated/StyleGAN,ai_generated,1024,1024,1.0,JPEG,112329,e636c94334b997aba2c58ade5a4af0ca,149af80cf4b52506e8bce1e3b9164040f0afb753bad20b0a575355f55803bbeb,1.0,cffa3424b2075e86,ok,109.3061169652492,True,True,cluster_01154,train,/home/dheirav/Code/Deepfake_Detection/deepfake-project/dataset_builder/train/ai_generated/stylegan3_02949.png
data_sources/ai_generated/StyleGAN/stylegan3_02952.png,data_sources/ai_generated/StyleGAN,ai_generated,1024,1024,1.0,JPEG,100601,658a5197d8ce6c9cca3e4b3a87bde706,61136a1203428ef05014e5c885a36841a12d003d5c7e31620eccc832876aa129,1.0,d84321562577b6cb,ok,100.99622932350665,True,True,cluster_01824,train,/home/dheirav/Code/Deepfake_Detection/deepfake-project/dataset_builder/train/ai_generated/stylegan3_02952.png
data_sources/ai_generated/StyleGAN/stylegan3_02957.png,data_sources/ai_generated/StyleGAN,ai_generated,1024,1024,1.0,JPEG,116789,15fecfd44a6661f2fba3ef9820e1fbcc,4475b756a403b786ada163b2d1f12e43e4c46ed7825b5f6c68b695c1e6fdb58d,1.0,8b2525e4f47692dc,ok,449.81807675340303,True,True,cluster_00906,train,/home/dheirav/Code/Deepfake_Detection/deepfake-project/dataset_builder/train/ai_generated/stylegan3_02957.png
data_sources/ai_generated/StyleGAN/stylegan3_02960.png,data_sources/ai_generated/StyleGAN,ai_generated,1024,1024,1.0,JPEG,131390,d40644dda2e35e44351f4d3bf87e69c6,7009cce1bcc567f26f80b8ae468b8586b264aebb6f7b107916dcf9e75ffc1de2,1.0,9e607b30a708cf9d,ok,96.25347896825042,True,True,cluster_00306,train,/home/dheirav/Code/Deepfake_Detection/deepfake-project/dataset_builder/train/ai_generated/stylegan3_02960.png
data_sources/ai_generated/StyleGAN/stylegan3_02969.png,data_sources/ai_generated/StyleGAN,ai_generated,1024,1024,1.0,JPEG,97703,8d36d27f062046b05c2d3046a9bc701f,bdbf1fb020f9b2e1622bdd2d09e44f00f3d76eecba2488a88f0a542f7ff5cee6,1.0,ba9661a7650c969e,ok,82.18373773569965,True,True,cluster_01948,train,/home/dheirav/Code/Deepfake_Detection/deepfake-project/dataset_builder/train/ai_generated/stylegan3_02969.png
data_sources/ai_generated/StyleGAN/stylegan3_02970.png,data_sources/ai_generated/StyleGAN,ai_generated,1024,1024,1.0,JPEG,152453,c7cd407a4dd2c27bf9a42f8b5f6b5e89,15c893d2441625b97ed94dc1c66be0a26906cd50cb0e9b42ffbf3d40488529d2,1.0,dc3833836165e7cc,ok,415.45921896706204,True,True,cluster_00057,train,/home/dheirav/Code/Deepfake_Detection/deepfake-project/dataset_builder/train/ai_generated/stylegan3_02970.png
data_sources/ai_generated/StyleGAN/stylegan3_02972.png,data_sources/ai_generated/StyleGAN,ai_generated,1024,1024,1.0,JPEG,104065,7456751c8ea59d85cc293898cc53fe18,44151da54f68fa59748207f12271a140fbe96d5a8547ea031de3554278bde146,1.0,f11ea991bce19a89,ok,85.79512872626128,True,True,cluster_01636,train,/home/dheirav/Code/Deepfake_Detection/deepfake-project/dataset_builder/train/ai_generated/stylegan3_02972.png
data_sources/ai_generated/StyleGAN/stylegan3_02973.png,data_sources/ai_generated/StyleGAN,ai_generated,1024,1024,1.0,JPEG,130855,8d7dc26ea74427c87fa5521156c44180,2697cc82f40b9cec0aee10aaf1fa16a6ca32928f2fdcdbca28cdf28825d421d8,1.0,e1f13eb9b03c238c,ok,204.94633153346416,True,True,cluster_00323,train,/home/dheirav/Code/Deepfake_Detection/deepfake-project/dataset_builder/train/ai_generated/stylegan3_02973.png
data_sources/ai_generated/StyleGAN/stylegan3_02977.png,data_sources/ai_generated/StyleGAN,ai_generated,1024,1024,1.0,JPEG,109876,876332a526f0d090b5f9c1616a1a8de7,0ce65a0b5d93977d6445534c9cdb005ea12cf1cc23fa1af58f98cf6b76da2e55,1.0,da3b65e524cc929a,ok,138.68222676333878,True,True,cluster_01297,train,/home/dheirav/Code/Deepfake_Detection/deepfake-project/dataset_builder/train/ai_generated/stylegan3_02977.png
data_sources/ai_generated/StyleGAN/stylegan3_02980.png,data_sources/ai_generated/StyleGAN,ai_generated,1024,1024,1.0,JPEG,145052,77090203d2bf3d7652f0f63e8b017a5d,6fc362148f92176f0e2e1528dc9a00aaee4a06fa6885c2b6aec8ffe4f7f9afe2,1.0,cbf0bc82d3ab828d,ok,628.4934814328988,True,True,cluster_00104,train,/home/dheirav/Code/Deepfake_Detection/deepfake-project/dataset_builder/train/ai_generated/stylegan3_02980.png
data_sources/ai_generated/StyleGAN/stylegan3_02986.png,data_sources/ai_generated/StyleGAN,ai_generated,1024,1024,1.0,JPEG,125068,52fc1f099581ebedc4d47d16b9ca2265,cd2ea288eb13e4ac733ba9011f4c91659d8dd4a572374b748a017c3892274b76,1.0,9f5d300232597bcd,ok,127.14877950234859,True,True,cluster_00498,train,/home/dheirav/Code/Deepfake_Detection/deepfake-project/dataset_builder/train/ai_generated/stylegan3_02986.png
data_sources/ai_generated/StyleGAN/stylegan3_02987.png,data_sources/ai_generated/StyleGAN,ai_generated,1024,1024,1.0,JPEG,104122,2fdc66408540c5dc29eca2d23d5446ca,9284a2c16934e7a0d6e7073defbd7821906d36ec41e7f3988b7f2e503cf43601,1.0,cfb474d243038bce,ok,149.36519682186824,True,True,cluster_01632,train,/home/dheirav/Code/Deepfake_Detection/deepfake-project/dataset_builder/train/ai_generated/stylegan3_02987.png
data_sources/ai_generated/StyleGAN/stylegan3_02993.png,data_sources/ai_generated/StyleGAN,ai_generated,1024,1024,1.0,JPEG,102998,e2d3b2e162a535924446f1b32ffc0613,e935bd4f52746a4dea2cb8eb883a1ffd3af86bb319812be711c0ca6dad2bc52a,1.0,9c4661722cd59e9d,ok,385.8930965434373,True,True,cluster_01698,train,/home/dheirav/Code/Deepfake_Detection/deepfake-project/dataset_builder/train/ai_generated/stylegan3_02993.png
data_sources/ai_generated/StyleGAN/stylegan3_02996.png,data_sources/ai_generated/StyleGAN,ai_generated,1024,1024,1.0,JPEG,116108,3165a3c02f832ec04ae340599b3e0b4b,01b0024a9ab4e7bc14f749afbe1acb04b339606aecbc7a755999078eed7aa222,1.0,ef343432933b93c8,ok,105.70364124361367,True,True,cluster_00937,train,/home/dheirav/Code/Deepfake_Detection/deepfake-project/dataset_builder/train/ai_generated/stylegan3_02996.png
data_sources/ai_generated/StyleGAN/stylegan3_02997.png,data_sources/ai_generated/StyleGAN,ai_generated,1024,1024,1.0,JPEG,107275,edb3f6a371ec43dec2c10e305672dcda,a1d40243eeacca48a0b02e0c2411fecfbb2dbb7f45d9ecb3ce8e01968843e63d,1.0,90f76bb36c21d48a,ok,225.51165768291588,True,True,cluster_01432,train,/home/dheirav/Code/Deepfake_Detection/deepfake-project/dataset_builder/train/ai_generated/stylegan3_02997.png
data_sources/ai_generated/StyleGAN/stylegan3_02998.png,data_sources/ai_generated/StyleGAN,ai_generated,1024,1024,1.0,JPEG,134421,18764003796db62e23f224befdbe85fe,e4138927a41ce153b94f061dbe40b66d7922f7b396858fe599550d98a25d0522,1.0,8a2d5ecdd4017277,ok,327.7232302344336,True,True,cluster_00248,train,/home/dheirav/Code/Deepfake_Detection/deepfake-project/dataset_builder/train/ai_generated/stylegan3_02998.png
data_sources/ai_generated/StyleGAN/stylegan3_03003.png,data_sources/ai_generated/StyleGAN,ai_generated,1024,1024,1.0,JPEG,125461,d50b3a08476a1a46ad7230a9751514f8,67af7388fcabf38a3ea4ab1541e3ba4cef9ed1149d3f47721a77723a2c655ae9,1.0,cda534f0f076d688,ok,212.57511126820367,True,True,cluster_00482,train,/home/dheirav/Code/Deepfake_Detection/deepfake-project/dataset_builder/train/ai_generated/stylegan3_03003.png
data_sources/ai_generated/StyleGAN/stylegan3_03004.png,data_sources/ai_generated/StyleGAN,ai_generated,1024,1024,1.0,JPEG,122633,ecee557b84e04fec1540d237a891f712,15a3a505eccd543e38f95a07bcca79eac31bc0da517f16830a12e7b41f433689,1.0,d8c76baca4949699,ok,116.5538072569243,True,True,cluster_00601,train,/home/dheirav/Code/Deepfake_Detection/deepfake-project/dataset_builder/train/ai_generated/stylegan3_03004.png
data_sources/ai_generated/StyleGAN/stylegan3_03022.png,data_sources/ai_generated/StyleGAN,ai_generated,1024,1024,1.0,JPEG,124839,77011df2b30a74e61b4fbff925c87a95,d588682189f807d8cc6ab058d8756b8f4901218a75c041b65fb5abf75bfc2a9e,1.0,9eddb2c34151f588,ok,355.04661827594737,True,True,cluster_00509,train,/home/dheirav/Code/Deepfake_Detection/deepfake-project/dataset_builder/train/ai_generated/stylegan3_03022.png
data_sources/ai_generated/StyleGAN/stylegan3_03029.png,data_sources/ai_generated/StyleGAN,ai_generated,1024,1024,1.0,JPEG,126860,9cb4ca312d7d23dee79f5d67d7ce4126,dae58676543d9fae44d62eb3b2c22ffd9afdffdb7c46e8702ac8c51ab82001f5,1.0,9c5b610fa17c179a,ok,113.45816305965036,True,True,cluster_00437,train,/home/dheirav/Code/Deepfake_Detection/deepfake-project/dataset_builder/train/ai_generated/stylegan3_03029.png
data_sources/ai_generated/StyleGAN/stylegan3_03032.png,data_sources/ai_generated/StyleGAN,ai_generated,1024,1024,1.0,JPEG,140375,be4ec4da0d7024c82fbebf7d1b2bd0dd,6929dbe552144456e54bce8354b24e75a7e367f5da510bd72260f56f6dd11103,1.0,98fca3816565d68d,ok,120.52040004511855,True,True,cluster_00147,train,/home/dheirav/Code/Deepfake_Detection/deepfake-project/dataset_builder/train/ai_generated/stylegan3_03032.png
data_sources/ai_generated/StyleGAN/stylegan3_03034.png,data_sources/ai_generated/StyleGAN,ai_generated,1024,1024,1.0,JPEG,124728,c14e3751781e8a0f47a9920ef2d5d2c7,3b31f0386bdec795339683af2673955c87b4268ff20fcef25019e7eca5f96f0e,1.0,8e5d69a5e00fc28f,ok,634.1900061764172,True,True,cluster_00515,train,/home/dheirav/Code/Deepfake_Detection/deepfake-project/dataset_builder/train/ai_generated/stylegan3_03034.png
data_sources/ai_generated/StyleGAN/stylegan3_03037.png,data_sources/ai_generated/StyleGAN,ai_generated,1024,1024,1.0,JPEG,105138,26b6e77f27864d805c189ba5b181f1f4,86a60fa18a36676d577a833f62cd17134027fdfdbe10e21763089b4d6a975e36,1.0,a8e3d6a552ae96c8,ok,302.48866080972584,True,True,cluster_01574,train,/home/dheirav/Code/Deepfake_Detection/deepfake-project/dataset_builder/train/ai_generated/stylegan3_03037.png
data_sources/ai_generated/StyleGAN/stylegan3_03039.png,data_sources/ai_generated/StyleGAN,ai_generated,1024,1024,1.0,JPEG,96775,57d434531c377db545b7b706cbafe920,a2176164edf286b4e438c0a0c7bbd001c8665ed03455591bb6dd55e9019795fa,1.0,cae325a7b5949698,ok,155.26847722945874,True,True,cluster_01984,train,/home/dheirav/Code/Deepfake_Detection/deepfake-project/dataset_builder/train/ai_generated/stylegan3_03039.png
data_sources/ai_generated/StyleGAN/stylegan3_03041.png,data_sources/ai_generated/StyleGAN,ai_generated,1024,1024,1.0,JPEG,117501,e2142bdeeffac2c60d1cbac948e3ba48,d468e4f228a62e8e759ed732b930df6bad9ac7ba520e88560a5059149d7ff1f7,1.0,c33c25d2f71932d8,ok,165.23699473254143,True,True,cluster_00864,train,/home/dheirav/Code/Deepfake_Detection/deepfake-project/dataset_builder/train/ai_generated/stylegan3_03041.png
data_sources/ai_generated/StyleGAN/stylegan3_03042.png,data_sources/ai_generated/StyleGAN,ai_generated,1024,1024,1.0,JPEG,120628,f5e3bf80f240bd0df177ef53044ee81b,95602046dd6bc7bf1473a7559cfc4db6d7cdb8e91f6f50ab0dc0e1da72a1226b,1.0,d885631f2234fe8b,ok,132.78156849840525,True,True,cluster_00705,train,/home/dheirav/Code/Deepfake_Detection/deepfake-project/dataset_builder/train/ai_generated/stylegan3_03042.png
data_sources/ai_generated/StyleGAN/stylegan3_03043.png,data_sources/ai_generated/StyleGAN,ai_generated,1024,1024,1.0,JPEG,104895,223de459e771e46c84fee81773834d7f,d6356c617971ccbc1999f7195b20d30fccacc5e9be61576bbc07183c40ec97fd,1.0,8d3c36f07389c3cc,ok,134.9631032823445,True,True,cluster_01587,train,/home/dheirav/Code/Deepfake_Detection/deepfake-project/dataset_builder/train/ai_generated/stylegan3_03043.png
data_sources/ai_generated/StyleGAN/stylegan3_03054.png,data_sources/ai_generated/StyleGAN,ai_generated,1024,1024,1.0,JPEG,124197,514dee925a2f3684ee280ce36fe87b93,e55f39b2399263858c084c4099412ec7b88c3a7774d0c8e8e416543bd9ab9628,1.0,8f386932a5ca8ecb,ok,127.60488172756959,True,True,cluster_00535,train,/home/dheirav/Code/Deepfake_Detection/deepfake-project/dataset_builder/train/ai_generated/stylegan3_03054.png
data_sources/ai_generated/StyleGAN/stylegan3_03059.png,data_sources/ai_generated/StyleGAN,ai_generated,1024,1024,1.0,JPEG,130968,d07efb591c6d06d0478ae01fdbcbb656,68f37c7915da44e9a3e6ba9f9bbe91bca8a4e34a688b5f3e1eed8db10f62c15a,1.0,98c6d79a60e8db98,ok,141.01352553811648,True,True,cluster_00319,train,/home/dheirav/Code/Deepfake_Detection/deepfake-project/dataset_builder/train/ai_generated/stylegan3_03059.png
data_sources/ai_generated/StyleGAN/stylegan3_03062.png,data_sources/ai_generated/StyleGAN,ai_generated,1024,1024,1.0,JPEG,118571,b0624f37ad5d2cacb4656f7e1a16cdd6,d5a06438a92a3dae668f9e59ad122a5d1b3954c08c53ca0f9a57f8e75a2c3d62,1.0,ca0abd782176cb96,ok,205.74767873933064,True,True,cluster_00819,train,/home/dheirav/Code/Deepfake_Detection/deepfake-project/dataset_builder/train/ai_generated/stylegan3_03062.png
data_sources/ai_generated/StyleGAN/stylegan3_03070.png,data_sources/ai_generated/StyleGAN,ai_generated,1024,1024,1.0,JPEG,119281,cbf0fef287d37f27e3c7eb9c18061058,841f7f3c6c053d699870646644dbc1ae1e81959a1fa362fdae405cd4f5756c41,1.0,cb4cb54bb240afd2,ok,85.50880619152667,True,True,cluster_00782,train,/home/dheirav/Code/Deepfake_Detection/deepfake-project/dataset_builder/train/ai_generated/stylegan3_03070.png
data_sources/ai_generated/StyleGAN/stylegan3_03072.png,data_sources/ai_generated/StyleGAN,ai_generated,1024,1024,1.0,JPEG,102005,d840a00fe04727667db4568fe8762a6d,b9f54347fca0d0ff48cd00cd8bf5eb586e708ddb0edce087e4bd93b5041d83f7,1.0,fd9170f012e193cb,ok,114.80313490467597,True,True,cluster_01748,train,/home/dheirav/Code/Deepfake_Detection/deepfake-project/dataset_builder/train/ai_generated/stylegan3_03072.png
data_sources/ai_generated/StyleGAN/stylegan3_03090.png,data_sources/ai_generated/StyleGAN,ai_generated,1024,1024,1.0,JPEG,131559,00bb06b62366695d67ad36959e7f3aff,dc3e84570db92254214a02f507c66f879e610e20346335d5d38ef0ff9c3b2e44,1.0,cc013e3b31677a8e,ok,513.7370573746,True,True,cluster_00303,train,/home/dheirav/Code/Deepfake_Detection/deepfake-project/dataset_builder/train/ai_generated/stylegan3_03090.png
data_sources/ai_generated/StyleGAN/stylegan3_03100.png,data_sources/ai_generated/StyleGAN,ai_generated,1024,1024,1.0,JPEG,101560,35a69aebcb0faac88936d31b6481617d,d6e5fb1fa5881b59529fd7725414ebeb2a6dab2ceb2392bd8553636723553171,1.0,9ae029a5d59e969c,ok,82.19776723986433,True,True,cluster_01764,train,/home/dheirav/Code/Deepfake_Detection/deepfake-project/dataset_builder/train/ai_generated/stylegan3_03100.png
data_sources/ai_generated/StyleGAN/stylegan3_03107.png,data_sources/ai_generated/StyleGAN,ai_generated,1024,1024,1.0,JPEG,116780,ccacdbd2f88c8486baf840ee6d3b3480,0e51104249bbe1009d8716a4457629d22833d6e0eafd4683b09f0de140737f2f,1.0,d3963d3035a0d2db,ok,118.64254371728748,True,True,cluster_00907,train,/home/dheirav/Code/Deepfake_Detection/deepfake-project/dataset_builder/train/ai_generated/stylegan3_03107.png
data_sources/ai_generated/StyleGAN/stylegan3_03112.png,data_sources/ai_generated/StyleGAN,ai_generated,1024,1024,1.0,JPEG,103572,f5d35d938da009f9c86f9dedf3a25b25,781a8a1d188785d40663a2d3b428144a158d8782df7dcdb2ecb87f6cd6c7d690,1.0,8d3076c3ce1c93ba,ok,137.14426881746382,True,True,cluster_01663,train,/home/dheirav/Code/Deepfake_Detection/deepfake-project/dataset_builder/train/ai_generated/stylegan3_03112.png
data_sources/ai_generated/StyleGAN/stylegan3_03115.png,data_sources/ai_generated/StyleGAN,ai_generated,1024,1024,1.0,JPEG,106369,d9bf4241266dbbcfc8d148ea90dcc226,f0a8f43ff061d6944283ea731e7c7c4adaea7e2f4c92a4b825dc3d1a26a9eda2,1.0,cf1338d73328c2ae,ok,86.61191175376007,True,True,cluster_01499,train,/home/dheirav/Code/Deepfake_Detection/deepfake-project/dataset_builder/train/ai_generated/stylegan3_03115.png
data_sources/ai_generated/StyleGAN/stylegan3_03116.png,data_sources/ai_generated/StyleGAN,ai_generated,1024,1024,1.0,JPEG,102010,65220c7f4c0a62bd17de1f9082e0311d,3e53ae2e43513fe8aeb6757a37cd2d260e51b6dc1e0d33137bc4dfe81dba9a70,1.0,cdf878222ae5e29c,ok,121.70077762518486,True,True,cluster_01747,train,/home/dheirav/Code/Deepfake_Detection/deepfake-project/dataset_builder/train/ai_generated/stylegan3_03116.png
data_sources/ai_generated/StyleGAN/stylegan3_03119.png,data_sources/ai_generated/StyleGAN,ai_generated,1024,1024,1.0,JPEG,108861,84b65e878b49a1f242e42411a8fd86c6,93b88e8cd0b4f199d3af990a66678e2a63e6ab91e3b6d542196146fb377df6bf,1.0,da68e3a3a574a68c,ok,221.63825412900405,True,True,cluster_01341,train,/home/dheirav/Code/Deepfake_Detection/deepfake-project/dataset_builder/train/ai_generated/stylegan3_03119.png
data_sources/ai_generated/StyleGAN/stylegan3_03122.png,data_sources/ai_generated/StyleGAN,ai_generated,1024,1024,1.0,JPEG,105142,ca0467de2fdc913f4ca67824d168be8d,31f61955db8de598022e9081beed4559024e1b6330c6cf7227dcf588936c1f64,1.0,d492c7aaac2d958d,ok,81.42157170528299,True,True,cluster_01573,train,/home/dheirav/Code/Deepfake_Detection/deepfake-project/dataset_builder/train/ai_generated/stylegan3_03122.png
data_sources/ai_generated/StyleGAN/stylegan3_03124.png,data_sources/ai_generated/StyleGAN,ai_generated,1024,1024,1.0,JPEG,121920,e4289967a89ab4db9b66f06d7570e55c,bc802dfa3f3f272121beb038a295eaac5b9797be900372ae006b66394ba01ea3,1.0,cb153d52702a37da,ok,92.52873367303891,True,True,cluster_00648,train,/home/dheirav/Code/Deepfake_Detection/deepfake-project/dataset_builder/train/ai_generated/stylegan3_03124.png
data_sources/ai_generated/StyleGAN/stylegan3_03125.png,data_sources/ai_generated/StyleGAN,ai_generated,1024,1024,1.0,JPEG,117468,c078d7bea6665c45bd2dd29a55888d22,e1ded8625dd3ebd5f22ed5ba9fab8321f74324dfa49a24e7179bfb702d3078e9,1.0,ca3024d34d1d769f,ok,83.74339105736635,True,True,cluster_00867,train,/home/dheirav/Code/Deepfake_Detection/deepfake-project/dataset_builder/train/ai_generated/stylegan3_03125.png
data_sources/ai_generated/StyleGAN/stylegan3_03131.png,data_sources/ai_generated/StyleGAN,ai_generated,1024,1024,1.0,JPEG,103800,47cb7f58524c4729fe2c83c7028d6cb5,2abd7c0f0886383ece0a431cea6e8499da323885463fa6b2f154e0cfb0dda828,1.0,b0ad82437d2dd68b,ok,204.32662675228397,True,True,cluster_01651,train,/home/dheirav/Code/Deepfake_Detection/deepfake-project/dataset_builder/train/ai_generated/stylegan3_03131.png
data_sources/ai_generated/StyleGAN/stylegan3_03137.png,data_sources/ai_generated/StyleGAN,ai_generated,1024,1024,1.0,JPEG,131078,9e929675ed882415cf1a8b2612abd23a,3c8cc07e051e5f320e5a6b31169410fc52d03bf4af684e8837fd72cec3cfba44,1.0,adb7b2ba19c980cc,ok,167.76228262088262,True,True,cluster_00317,train,/home/dheirav/Code/Deepfake_Detection/deepfake-project/dataset_builder/train/ai_generated/stylegan3_03137.png
data_sources/ai_generated/StyleGAN/stylegan3_03139.png,data_sources/ai_generated/StyleGAN,ai_generated,1024,1024,1.0,JPEG,111572,c5ee3802883e45b744751bb186776b20,191a72bb948060acd0356962acac6433842409d3f3d59a5323379566efa61bc9,1.0,ea6a25a171e98787,ok,127.18217849585926,True,True,cluster_01196,train,/home/dheirav/Code/Deepfake_Detection/deepfake-project/dataset_builder/train/ai_generated/stylegan3_03139.png
data_sources/ai_generated/StyleGAN/stylegan3_03144.png,data_sources/ai_generated/StyleGAN,ai_generated,1024,1024,1.0,JPEG,112379,f506f1d2d50af2d61f3b31a459e5d2ad,515a289e7c152be781fc3944a057c2179b3bac3c7e1eeca066406d581f26b207,1.0,dbfbbeb03000d8c9,ok,102.9397688170975,True,True,cluster_01149,train,/home/dheirav/Code/Deepfake_Detection/deepfake-project/dataset_builder/train/ai_generated/stylegan3_03144.png
data_sources/ai_generated/StyleGAN/stylegan3_03151.png,data_sources/ai_generated/StyleGAN,ai_generated,1024,1024,1.0,JPEG,118871,07df8d75f563585e2a3bc927ea4a7079,1e2aa5edaa87386810465252a6b3e14405dbc0939b4a772278f38760ad35c370,1.0,bf26a0d4d4aae097,ok,100.79562074299518,True,True,cluster_00807,train,/home/dheirav/Code/Deepfake_Detection/deepfake-project/dataset_builder/train/ai_generated/stylegan3_03151.png
data_sources/ai_generated/StyleGAN/stylegan3_03152.png,data_sources/ai_generated/StyleGAN,ai_generated,1024,1024,1.0,JPEG,126367,6adab1d0b6e76ce065f4d24bf9cf3938,2ba82dbafdfbe2eeb827c232e612b9053d6e489cc7781d20cc1f3f624302c604,1.0,fa7125c28eea129b,ok,236.57289329445388,True,True,cluster_00456,train,/home/dheirav/Code/Deepfake_Detection/deepfake-project/dataset_builder/train/ai_generated/stylegan3_03152.png
data_sources/ai_generated/StyleGAN/stylegan3_03158.png,data_sources/ai_generated/StyleGAN,ai_generated,1024,1024,1.0,JPEG,114645,bf8f7fe8420a273ed0b01c3271e3ec1e,8a1844d7a3b55b181a98b11f5899845bef64600f3a00ee509249b14d1872d06f,1.0,cb743ca2740f929e,ok,101.24253940443941,True,True,cluster_01011,train,/home/dheirav/Code/Deepfake_Detection/deepfake-project/dataset_builder/train/ai_generated/stylegan3_03158.png
data_sources/ai_generated/StyleGAN/stylegan3_03160.png,data_sources/ai_generated/StyleGAN,ai_generated,1024,1024,1.0,JPEG,110435,87c50720e03c9e33db06cd92bfe8d59f,355eadd5fce829f8ca9df3e63ebbad1223c5c41c9681f9262025e387dbe16b5d,1.0,9e6878e52574369a,ok,87.28075032737979,True,True,cluster_01272,train,/home/dheirav/Code/Deepfake_Detection/deepfake-project/dataset_builder/train/ai_generated/stylegan3_03160.png
data_sources/ai_generated/StyleGAN/stylegan3_03162.png,data_sources/ai_generated/StyleGAN,ai_generated,1024,1024,1.0,JPEG,104121,83a0c1f506ed026a189e6e7a97105a7e,e0a4135f2e778ef2b8da69a6472deae7b43ef96060198833c0c89057b61fd401,1.0,9ccf0bdee870e203,ok,197.8181041749039,True,True,cluster_01633,train,/home/dheirav/Code/Deepfake_Detection/deepfake-project/dataset_builder/train/ai_generated/stylegan3_03162.png
data_sources/ai_generated/StyleGAN/stylegan3_03169.png,data_sources/ai_generated/StyleGAN,ai_generated,1024,1024,1.0,JPEG,122756,feceb66b821848c6db5cf958fbaabcb1,af62fdc4b39a0a7c5a628de92d459a1c0f0746f5abb1bf5f567b8c45789f6ef4,1.0,fae029e1676425d6,ok,190.28572446660473,True,True,cluster_00593,train,/home/dheirav/Code/Deepfake_Detection/deepfake-project/dataset_builder/train/ai_generated/stylegan3_03169.png
data_sources/ai_generated/StyleGAN/stylegan3_03173.png,data_sources/ai_generated/StyleGAN,ai_generated,1024,1024,1.0,JPEG,120109,7a7636370761abc75e81650d824ecc5e,f6ac92d5901ebc843d2ec4fedd0f4375746397faa42be3ee1b4bc9791debca99,1.0,906e63a7ac48da9b,ok,231.43796750617912,True,True,cluster_00742,train,/home/dheirav/Code/Deepfake_Detection/deepfake-project/dataset_builder/train/ai_generated/stylegan3_03173.png
data_sources/ai_generated/StyleGAN/stylegan3_03175.png,data_sources/ai_generated/StyleGAN,ai_generated,1024,1024,1.0,JPEG,105493,625c5cbbde401b0bd7aa3ebbe3b175d3,90ef0e74da295c6d5a4c8fb1b74b003d554f1f8ce0e942e2c5ac8e294e3f998a,1.0,9cbe9bc27243529a,ok,83.44995835697046,True,True,cluster_01548,train,/home/dheirav/Code/Deepfake_Detection/deepfake-project/dataset_builder/train/ai_generated/stylegan3_03175.png
data_sources/ai_generated/StyleGAN/stylegan3_03185.png,data_sources/ai_generated/StyleGAN,ai_generated,1024,1024,1.0,JPEG,172464,c38559105bed14b50c06582deb9cd2b7,ac42eea785fc9a5644094881c2284080c9b118deee3823eaf87ae957009160d1,1.0,9ce785d6163856d8,ok,561.0704018476815,True,True,cluster_00007,train,/home/dheirav/Code/Deepfake_Detection/deepfake-project/dataset_builder/train/ai_generated/stylegan3_03185.png
data_sources/ai_generated/StyleGAN/stylegan3_03187.png,data_sources/ai_generated/StyleGAN,ai_generated,1024,1024,1.0,JPEG,107109,aab3779ce7002a3c16ca75d734006e16,d69e235da4f452457618656a6b456ad5a2bb5069f5444bd63ae5f4189b9b7310,1.0,eeb9e5a4da0482cb,ok,115.5558809440663,True,True,cluster_01447,train,/home/dheirav/Code/Deepfake_Detection/deepfake-project/dataset_builder/train/ai_generated/stylegan3_03187.png
data_sources/ai_generated/StyleGAN/stylegan3_03192.png,data_sources/ai_generated/StyleGAN,ai_generated,1024,1024,1.0,JPEG,138919,04920498929eb02c657623009a776058,5d6099f030ee78f2571fc4a64b168f3b463d8118497860410dfac80759d34c53,1.0,ad0cc8347d2fa2ad,ok,274.4038381872233,True,True,cluster_00166,train,/home/dheirav/Code/Deepfake_Detection/deepfake-project/dataset_builder/train/ai_generated/stylegan3_03192.png
data_sources/ai_generated/StyleGAN/stylegan3_03197.png,data_sources/ai_generated/StyleGAN,ai_generated,1024,1024,1.0,JPEG,103113,51d8051f3c35f709d71737e1a7e5a3f7,9d0206b318082013e9f985a7b2c731590c6892b2f34cb3097435a3343ed768d1,1.0,a452f0b6a0a9dfca,ok,112.34600633100126,True,True,cluster_01691,train,/home/dheirav/Code/Deepfake_Detection/deepfake-project/dataset_builder/train/ai_generated/stylegan3_03197.png
data_sources/ai_generated/StyleGAN/stylegan3_03200.png,data_sources/ai_generated/StyleGAN,ai_generated,1024,1024,1.0,JPEG,101227,9e1e6c8fffa3bf7c6bf9580ada8efa81,ecfe272e0489d0093b298381da705860c06b623b060fcafb74546bf8bc8b800f,1.0,8c9869f32d78879c,ok,107.2211666078656,True,True,cluster_01781,train,/home/dheirav/Code/Deepfake_Detection/deepfake-project/dataset_builder/train/ai_generated/stylegan3_03200.png
data_sources/ai_generated/StyleGAN/stylegan3_03202.png,data_sources/ai_generated/StyleGAN,ai_generated,1024,1024,1.0,JPEG,155980,ff343ba044ab3ce136bed113e05b9718,b4546b50866de6c04e7070540f6276ba4d0c7c11d800b8e2b16f92528865a11e,1.0,cb2829232d3facf2,ok,337.0446157003161,True,True,cluster_00041,train,/home/dheirav/Code/Deepfake_Detection/deepfake-project/dataset_builder/train/ai_generated/stylegan3_03202.png
data_sources/ai_generated/StyleGAN/stylegan3_03206.png,data_sources/ai_generated/StyleGAN,ai_generated,1024,1024,1.0,JPEG,109556,948756c29a8c97a6462273c7fbcc24b7,8e7a7633072caedf08ac3f916a6f71adc66e75940ba68f02df7347ea2b4e34ed,1.0,bd4f80346127d6cb,ok,112.59290323125606,True,True,cluster_01310,train,/home/dheirav/Code/Deepfake_Detection/deepfake-project/dataset_builder/train/ai_generated/stylegan3_03206.png
data_sources/ai_generated/StyleGAN/stylegan3_03209.png,data_sources/ai_generated/StyleGAN,ai_generated,1024,1024,1.0,JPEG,123429,1ed48c574a78ede5e0b6e296b83cb13b,cb80ead26fe3773a826593f4f9895b9a8bd8d640f94f007be3e844613b1fcdb6,1.0,e1c68e1a193d3f0e,ok,195.14006661943858,True,True,cluster_00568,train,/home/dheirav/Code/Deepfake_Detection/deepfake-project/dataset_builder/train/ai_generated/stylegan3_03209.png
data_sources/ai_generated/StyleGAN/stylegan3_03213.png,data_sources/ai_generated/StyleGAN,ai_generated,1024,1024,1.0,JPEG,103454,d3a6a6dd9fff0eec33fa74a30048b59b,1648461d1529b4b5e1bfa66a7b5e782b324fa48b1867183a55bdca3fc100a8f0,1.0,cb706ad2c48fde88,ok,110.35921308084559,True,True,cluster_01668,train,/home/dheirav/Code/Deepfake_Detection/deepfake-project/dataset_builder/train/ai_generated/stylegan3_03213.png
data_sources/ai_generated/StyleGAN/stylegan3_03221.png,data_sources/ai_generated/StyleGAN,ai_generated,1024,1024,1.0,JPEG,96487,9dc32410f6cb9723abe196d9a4818c04,e3066c15280b57b52a7f780afd7f1a869e04ddf863f0f523822c3faac35ea8d7,1.0,ca122d33646d7697,ok,164.28295898385113,True,True,cluster_01995,train,/home/dheirav/Code/Deepfake_Detection/deepfake-project/dataset_builder/train/ai_generated/stylegan3_03221.png
data_sources/ai_generated/StyleGAN/stylegan3_03234.png,data_sources/ai_generated/StyleGAN,ai_generated,1024,1024,1.0,JPEG,104500,33e1de01a110a6e7023f73e06073968b,1e925e0ba16128d52081785dc8c6130de7ee7dc358ad3e80befa1803b077b58d,1.0,aa6aa4c087da9bda,ok,105.55588607196023,True,True,cluster_01607,train,/home/dheirav/Code/Deepfake_Detection/deepfake-project/dataset_builder/train/ai_generated/stylegan3_03234.png
data_sources/ai_generated/StyleGAN/stylegan3_03235.png,data_sources/ai_generated/StyleGAN,ai_generated,1024,1024,1.0,JPEG,101437,18a52d9f5df05bc247ccd11bfad3e889,dc36fe92d6d3c52cd9393a535c047d57c2885f499d7c19b1e142d4bebf120461,1.0,b8f5618604baa69f,ok,102.49398896356341,True,True,cluster_01775,train,/home/dheirav/Code/Deepfake_Detection/deepfake-project/dataset_builder/train/ai_generated/stylegan3_03235.png
data_sources/ai_generated/StyleGAN/stylegan3_03237.png,data_sources/ai_generated/StyleGAN,ai_generated,1024,1024,1.0,JPEG,106702,f2233e977818dd5e3ac03f8b7eb0c21c,cc6d869e0e3231f06979439553873fc420f2f61c4b4a0e6a71a4616f1a233117,1.0,8b451ef43428b3db,ok,81.95251485373592,True,True,cluster_01477,train,/home/dheirav/Code/Deepfake_Detection/deepfake-project/dataset_builder/train/ai_generated/stylegan3_03237.png
data_sources/ai_generated/StyleGAN/stylegan3_03245.png,data_sources/ai_generated/StyleGAN,ai_generated,1024,1024,1.0,JPEG,115527,34014b4ea32bb02630a57d10ccd7d942,e9be07326bc129ff359fe93e5a34b09618d7811a7b4b26834683f5dddfee797e,1.0,807d7165f0a89797,ok,135.9647035539083,True,True,cluster_00957,train,/home/dheirav/Code/Deepfake_Detection/deepfake-project/dataset_builder/train/ai_generated/stylegan3_03245.png
data_sources/ai_generated/StyleGAN/stylegan3_03248.png,data_sources/ai_generated/StyleGAN,ai_generated,1024,1024,1.0,JPEG,122103,4559eb03dacee5fc8802f4031b1d7c0f,63b5ce1eebea8b942fbeed74fd0d6b71f259622371240954f40389391e95c1f1,1.0,8fad825f5238d8d4,ok,462.2692155425384,True,True,cluster_00632,train,/home/dheirav/Code/Deepfake_Detection/deepfake-project/dataset_builder/train/ai_generated/stylegan3_03248.png
data_sources/ai_generated/StyleGAN/stylegan3_03249.png,data_sources/ai_generated/StyleGAN,ai_generated,1024,1024,1.0,JPEG,113027,767dfab3f6596759f732e9a18708a81e,639c0d5b15ca53b45c25e18659e0750219220bf0c236d49d39526ac30eccbeff,1.0,d34b24722ea54a9f,ok,176.46435061241112,True,True,cluster_01108,train,/home/dheirav/Code/Deepfake_Detection/deepfake-project/dataset_builder/train/ai_generated/stylegan3_03249.png
data_sources/ai_generated/StyleGAN/stylegan3_03252.png,data_sources/ai_generated/StyleGAN,ai_generated,1024,1024,1.0,JPEG,118116,3750095b17bc649fe52a787331a6a9d2,c56fd5404f44e2c800233bd485b5111324cd631d8d73b539281dc69b511468d1,1.0,fe5e61e36560868a,ok,194.78603579732226,True,True,cluster_00842,train,/home/dheirav/Code/Deepfake_Detection/deepfake-project/dataset_builder/train/ai_generated/stylegan3_03252.png
data_sources/ai_generated/StyleGAN/stylegan3_03254.png,data_sources/ai_generated/StyleGAN,ai_generated,1024,1024,1.0,JPEG,121973,56a7e523abaffa36eb0526f630cff46e,21b7691e74f7257172250d1c728d298a1192f125d810b6db8ed5011ff094fef4,1.0,ec783161b5619cc7,ok,265.42418171401,True,True,cluster_00644,train,/home/dheirav/Code/Deepfake_Detection/deepfake-project/dataset_builder/train/ai_generated/stylegan3_03254.png
data_sources/ai_generated/StyleGAN/stylegan3_03261.png,data_sources/ai_generated/StyleGAN,ai_generated,1024,1024,1.0,JPEG,124763,454b9fada10712507cb70dc4a90e01b1,d7fd6d94e5725c8300d38d05e12f86887f65c5fb2961a7921e8a4ea2bf0ce01a,1.0,8ff42096c39bd689,ok,307.4931182148284,True,True,cluster_00512,train,/home/dheirav/Code/Deepfake_Detection/deepfake-project/dataset_builder/train/ai_generated/stylegan3_03261.png
data_sources/ai_generated/StyleGAN/stylegan3_03263.png,data_sources/ai_generated/StyleGAN,ai_generated,1024,1024,1.0,JPEG,108154,9839eacff6f021504cd5c84c07dba56c,f0a180dd322604be0fad4c1b0fc4552de4c29308504ed2a77f3a1f314936267d,1.0,957e2562b641d28f,ok,112.64664315752452,True,True,cluster_01380,train,/home/dheirav/Code/Deepfake_Detection/deepfake-project/dataset_builder/train/ai_generated/stylegan3_03263.png
data_sources/ai_generated/StyleGAN/stylegan3_03268.png,data_sources/ai_generated/StyleGAN,ai_generated,1024,1024,1.0,JPEG,124568,4016f81e0e000a10250fa588a76fa01e,1cd5970daa0f97ba0b72c30324a985f8806d5a01e00a1b5c759243d4c7ac1213,1.0,b4a132fb6358ab8a,ok,86.80391565765512,True,True,cluster_00522,train,/home/dheirav/Code/Deepfake_Detection/deepfake-project/dataset_builder/train/ai_generated/stylegan3_03268.png
data_sources/ai_generated/StyleGAN/stylegan3_03274.png,data_sources/ai_generated/StyleGAN,ai_generated,1024,1024,1.0,JPEG,107736,172ffab1f968cf2f24bd99629ac69242,7dec05ff3cad24789579829d2ca3e0438305eea2faac246e52ad0babc8168fff,1.0,9707687a25783e95,ok,117.46000099110825,True,True,cluster_01410,train,/home/dheirav/Code/Deepfake_Detection/deepfake-project/dataset_builder/train/ai_generated/stylegan3_03274.png
data_sources/ai_generated/StyleGAN/stylegan3_03275.png,data_sources/ai_generated/StyleGAN,ai_generated,1024,1024,1.0,JPEG,111489,424bc0a0ae5cf18fd558eda3cdbee3fe,51c6dca5b1d2111ea4c95988f4ba18e6bea62dd8d382cf6f8d4ae579c0a42b1a,1.0,aef4a592c26daa85,ok,192.86678600143108,True,True,cluster_01205,train,/home/dheirav/Code/Deepfake_Detection/deepfake-project/dataset_builder/train/ai_generated/stylegan3_03275.png
data_sources/ai_generated/StyleGAN/stylegan3_03279.png,data_sources/ai_generated/StyleGAN,ai_generated,1024,1024,1.0,JPEG,135639,fbfd14a70180ef892def9a6a9a9bdc24,7d52e20a8b57f5e4fd3eed0bac4ef363f8be4a8d0889bc6a2c9e51be8c7850a5,1.0,d41e7d7a6870258b,ok,272.87138469669196,True,True,cluster_00224,train,/home/dheirav/Code/Deepfake_Detection/deepfake-project/dataset_builder/train/ai_generated/stylegan3_03279.png
data_sources/ai_generated/StyleGAN/stylegan3_03285.png,data_sources/ai_generated/StyleGAN,ai_generated,1024,1024,1.0,JPEG,112799,3fc5552f88ed9beb3f0713eea40a71f0,db885ac8ae8b0b432920ce38e3a8a2ee080ee09ba65c0c2c471c738c670d5bb3,1.0,cfe76cd2206ac2cc,ok,86.75809147729524,True,True,cluster_01126,train,/home/dheirav/Code/Deepfake_Detection/deepfake-project/dataset_builder/train/ai_generated/stylegan3_03285.png
data_sources/ai_generated/StyleGAN/stylegan3_03286.png,data_sources/ai_generated/StyleGAN,ai_generated,1024,1024,1.0,JPEG,112864,f937e0e9da7b4b7051737d71aee58266,c19ec5e40e2f1771d037fff783faa95f19c2a2481e4fa18787fe834f46423820,1.0,d267786e2ba8c394,ok,246.21425236178038,True,True,cluster_01119,train,/home/dheirav/Code/Deepfake_Detection/deepfake-project/dataset_builder/train/ai_generated/stylegan3_03286.png
data_sources/ai_generated/StyleGAN/stylegan3_03293.png,data_sources/ai_generated/StyleGAN,ai_generated,1024,1024,1.0,JPEG,102411,d0c3a419dda7553b0fbc705d44564a89,f0b12506fae2c4021a782e857208a0cdebb789a4c7a7d923ce7b0d1f86777b2f,1.0,c2bf24367439b0d9,ok,105.32836918814792,True,True,cluster_01731,train,/home/dheirav/Code/Deepfake_Detection/deepfake-project/dataset_builder/train/ai_generated/stylegan3_03293.png
data_sources/ai_generated/StyleGAN/stylegan3_03294.png,data_sources/ai_generated/StyleGAN,ai_generated,1024,1024,1.0,JPEG,105103,611fe1b4a6f151035ffc2cd3b9b17521,26fed8f8747d20c61a15c4c0fea6e8597e5ea9839bb3429edd40619bb4219c9c,1.0,8a2b7a632169e2cf,ok,87.96623561737852,True,True,cluster_01576,train,/home/dheirav/Code/Deepfake_Detection/deepfake-project/dataset_builder/train/ai_generated/stylegan3_03294.png
data_sources/ai_generated/StyleGAN/stylegan3_03296.png,data_sources/ai_generated/StyleGAN,ai_generated,1024,1024,1.0,JPEG,102849,1843b9a5f6bb34372ffc73d68f8c6975,b6debe4444b5d8b3d6074170408d7519c2ead1c078cfc2ad67b3718c4fd79c6e,1.0,8f7978b06029d2de,ok,82.16315541668064,True,True,cluster_01710,train,/home/dheirav/Code/Deepfake_Detection/deepfake-project/dataset_builder/train/ai_generated/stylegan3_03296.png
data_sources/ai_generated/StyleGAN/stylegan3_03302.png,data_sources/ai_generated/StyleGAN,ai_generated,1024,1024,1.0,JPEG,110866,a8568b685122e019d1f16a19fb2920a1,0dccafee6a8a8621d2d3ee1ee390270bf873682dfb8aaf2f27f4e6cdd1856fe4,1.0,ef8be0994b2964e4,ok,81.13686031242742,True,True,cluster_01239,train,/home/dheirav/Code/Deepfake_Detection/deepfake-project/dataset_builder/train/ai_generated/stylegan3_03302.png
data_sources/ai_generated/StyleGAN/stylegan3_03304.png,data_sources/ai_generated/StyleGAN,ai_generated,1024,1024,1.0,JPEG,126807,ca52a5e40fc381111622bf0df675b420,c835726c55ae7ff1d217f560c114a7ceaead8d206c303c05d9745ed98e199e32,1.0,cea435b632c7d28a,ok,107.59166240233662,True,True,cluster_00439,train,/home/dheirav/Code/Deepfake_Detection/deepfake-project/dataset_builder/train/ai_generated/stylegan3_03304.png
data_sources/ai_generated/StyleGAN/stylegan3_03311.png,data_sources/ai_generated/StyleGAN,ai_generated,1024,1024,1.0,JPEG,139186,df76cd31f86930ace6e6a1f00722e7f3,102f639d1336a05e62d85521501f2630b8aebc383ceea4f164e603bc8b7dab97,1.0,dbb570d2259d4698,ok,346.10528330165835,True,True,cluster_00162,train,/home/dheirav/Code/Deepfake_Detection/deepfake-project/dataset_builder/train/ai_generated/stylegan3_03311.png
data_sources/ai_generated/StyleGAN/stylegan3_03314.png,data_sources/ai_generated/StyleGAN,ai_generated,1024,1024,1.0,JPEG,104127,5da1829fe202342fe40f9f5cdb91bea9,efece7bcfccd98349f87624986163e39b98fa77a5d626c0a86b4a5a05b87d502,1.0,e43f3ef03801d3c9,ok,139.70995806180775,True,True,cluster_01630,train,/home/dheirav/Code/Deepfake_Detection/deepfake-project/dataset_builder/train/ai_generated/stylegan3_03314.png
data_sources/ai_generated/StyleGAN/stylegan3_03320.png,data_sources/ai_generated/StyleGAN,ai_generated,1024,1024,1.0,JPEG,103180,b2ca117f9fe238ea7680f0a4a007b20e,cad2dd5409eac55dc71778c51e45d2fd4dffe3f784d4552e8535706f5073bf51,1.0,cef1a1a6b4ce908e,ok,202.43782233693855,True,True,cluster_01687,train,/home/dheirav/Code/Deepfake_Detection/deepfake-project/dataset_builder/train/ai_generated/stylegan3_03320.png
data_sources/ai_generated/StyleGAN/stylegan3_03326.png,data_sources/ai_generated/StyleGAN,ai_generated,1024,1024,1.0,JPEG,125913,32209e9a5b1ede4a422ea567dc638fd0,e6092dcdd3b1eac7892abf72ba33a9795577d363e2543d05320beb3b0bee9073,1.0,cdb134f3f2f0d082,ok,111.48844658460348,True,True,cluster_00470,train,/home/dheirav/Code/Deepfake_Detection/deepfake-project/dataset_builder/train/ai_generated/stylegan3_03326.png
data_sources/ai_generated/StyleGAN/stylegan3_03328.png,data_sources/ai_generated/StyleGAN,ai_generated,1024,1024,1.0,JPEG,99143,b53d141119e79e4a9ff58040340aeab1,1032778f3c044e29286bc9400bdf0a09565271098c32fce20fa968da5885b689,1.0,dc6e31f019c8aec6,ok,99.21996397453768,True,True,cluster_01890,train,/home/dheirav/Code/Deepfake_Detection/deepfake-project/dataset_builder/train/ai_generated/stylegan3_03328.png
data_sources/ai_generated/StyleGAN/stylegan3_03334.png,data_sources/ai_generated/StyleGAN,ai_generated,1024,1024,1.0,JPEG,123803,b32689f2c5c6cef08228d69270d0c085,28d388bcdb77e28d6045b748638944cb0f0078466dca4bfa1940f8b0d7a4dc5d,1.0,f6a86be0a54b868e,ok,154.01138363239806,True,True,cluster_00553,train,/home/dheirav/Code/Deepfake_Detection/deepfake-project/dataset_builder/train/ai_generated/stylegan3_03334.png
data_sources/ai_generated/StyleGAN/stylegan3_03351.png,data_sources/ai_generated/StyleGAN,ai_generated,1024,1024,1.0,JPEG,121450,93384db2700829caf9488283ba991486,8d6b05f7f50718df00e680f7ce3225a5d8f3e383cae3748fdbe254c19af57fff,1.0,9f5f7be120a14391,ok,81.25868305694075,True,True,cluster_00665,train,/home/dheirav/Code/Deepfake_Detection/deepfake-project/dataset_builder/train/ai_generated/stylegan3_03351.png
data_sources/ai_generated/StyleGAN/stylegan3_03362.png,data_sources/ai_generated/StyleGAN,ai_generated,1024,1024,1.0,JPEG,111273,77d0bb8071dacde5549a325386330e03,f4bb5ca31c471a2cffc65771099bc43644ce38b569a4476438d897f7301bb7ba,1.0,d1944a167b2f8397,ok,151.16846062038894,True,True,cluster_01219,train,/home/dheirav/Code/Deepfake_Detection/deepfake-project/dataset_builder/train/ai_generated/stylegan3_03362.png
data_sources/ai_generated/StyleGAN/stylegan3_03364.png,data_sources/ai_generated/StyleGAN,ai_generated,1024,1024,1.0,JPEG,137283,4d5eaf178e792b8231b2b356fb6508ba,c541cf615e481c8a0806f84366ca8a7eb52db66ed9b0bce9614112d04c60a868,1.0,b4b503c2d3cb83cd,ok,153.38647225187378,True,True,cluster_00187,train,/home/dheirav/Code/Deepfake_Detection/deepfake-project/dataset_builder/train/ai_generated/stylegan3_03364.png
data_sources/ai_generated/StyleGAN/stylegan3_03369.png,data_sources/ai_generated/StyleGAN,ai_generated,1024,1024,1.0,JPEG,114381,3df52350d892122c7e3f4df12b91d209,9d95c86e53b768bac1d48518c0bec29621b594ad655049a1ed426a352aa1e878,1.0,a6353ac3d9093c8f,ok,102.40577398997902,True,True,cluster_01026,train,/home/dheirav/Code/Deepfake_Detection/deepfake-project/dataset_builder/train/ai_generated/stylegan3_03369.png
data_sources/ai_generated/StyleGAN/stylegan3_03370.png,data_sources/ai_generated/StyleGAN,ai_generated,1024,1024,1.0,JPEG,123386,d7f8f9e184f29230cd2c2f7bcd363172,20aa675a4d26ecb0f27479ed89f6915df91f9ac752e62be6644cd30d34d8f360,1.0,d24ddee1492f40ad,ok,128.0927982162102,True,True,cluster_00571,train,/home/dheirav/Code/Deepfake_Detection/deepfake-project/dataset_builder/train/ai_generated/stylegan3_03370.png
data_sources/ai_generated/StyleGAN/stylegan3_03384.png,data_sources/ai_generated/StyleGAN,ai_generated,1024,1024,1.0,JPEG,99750,01c3e110ebf8f5803929341d6d6bf9b7,7f05bc3c49e05bf8f9e4b6a520bc8bd7bfc6151cc23ed978c4a36d75bbb93b13,1.0,e8ec3534f131d28e,ok,86.86489036384955,True,True,cluster_01869,train,/home/dheirav/Code/Deepfake_Detection/deepfake-project/dataset_builder/train/ai_generated/stylegan3_03384.png
data_sources/ai_generated/StyleGAN/stylegan3_03386.png,data_sources/ai_generated/StyleGAN,ai_generated,1024,1024,1.0,JPEG,103399,de43f159371e490296c6fb959a6e16a8,2ff45282cd664ea43c8a5fed21475dc7efed03bf3bff52aeec214335b8ecf9ff,1.0,faa8a19617da9a98,ok,111.06783485412598,True,True,cluster_01671,train,/home/dheirav/Code/Deepfake_Detection/deepfake-project/dataset_builder/train/ai_generated/stylegan3_03386.png
data_sources/ai_generated/StyleGAN/stylegan3_03412.png,data_sources/ai_generated/StyleGAN,ai_generated,1024,1024,1.0,JPEG,110513,6d57aa716fb5fd3f5c3bc6200da6f781,6cf101ee5b8fadc6cda89d6ae302d0b1607c67856fc13d9692423d2146d8b339,1.0,da03632d642f67d8,ok,84.0421950990776,True,True,cluster_01269,train,/home/dheirav/Code/Deepfake_Detection/deepfake-project/dataset_builder/train/ai_generated/stylegan3_03412.png
data_sources/ai_generated/StyleGAN/stylegan3_03414.png,data_sources/ai_generated/StyleGAN,ai_generated,1024,1024,1.0,JPEG,114761,9ac0f235ee4f87a3cf7867bab864464b,fa18d39d6cacf1805e27bb08b381a6b2fc8b8f3480d99b13cb2499aa66a8468d,1.0,d4dce0a0a035bd9f,ok,87.16137011312729,True,True,cluster_01001,train,/home/dheirav/Code/Deepfake_Detection/deepfake-project/dataset_builder/train/ai_generated/stylegan3_03414.png
data_sources/ai_generated/StyleGAN/stylegan3_03420.png,data_sources/ai_generated/StyleGAN,ai_generated,1024,1024,1.0,JPEG,108745,515373d47192911598f81aeddcfedf06,a534e9933c1de22b92f5803f9a59389f53cdf377aa1643c0901809160c22907d,1.0,dbb4b6f6b080a1c3,ok,362.9690189300417,True,True,cluster_01350,train,/home/dheirav/Code/Deepfake_Detection/deepfake-project/dataset_builder/train/ai_generated/stylegan3_03420.png
data_sources/ai_generated/StyleGAN/stylegan3_03425.png,data_sources/ai_generated/StyleGAN,ai_generated,1024,1024,1.0,JPEG,110064,d03f2b69e87f24b2a882c50a1f66421d,e03b8504ca03fe379539fa4e37370e1a6fa251d3c7128a2f82f369a0a0cc13fa,1.0,9f7974633408969b,ok,164.522536393255,True,True,cluster_01290,train,/home/dheirav/Code/Deepfake_Detection/deepfake-project/dataset_builder/train/ai_generated/stylegan3_03425.png
data_sources/ai_generated/StyleGAN/stylegan3_03428.png,data_sources/ai_generated/StyleGAN,ai_generated,1024,1024,1.0,JPEG,114862,8e366195f4d682f9cf4e21f5547b38cd,cbd4903705a111c01f23eb9d3448433e315a08f6b93a1399a2e4ca7fd79b6382,1.0,cb6d75e0724bc0cc,ok,86.42259401449701,True,True,cluster_00993,train,/home/dheirav/Code/Deepfake_Detection/deepfake-project/dataset_builder/train/ai_generated/stylegan3_03428.png
data_sources/ai_generated/StyleGAN/stylegan3_03430.png,data_sources/ai_generated/StyleGAN,ai_generated,1024,1024,1.0,JPEG,124234,f98e79c34dac85780b025734fc6d3942,73f947f1e24ac378c46b67f4d71310c2c914c34f1b22fb400cd33c2400b6a9c0,1.0,cac7880e7f2c57c8,ok,143.3759381994023,True,True,cluster_00533,train,/home/dheirav/Code/Deepfake_Detection/deepfake-project/dataset_builder/train/ai_generated/stylegan3_03430.png
data_sources/ai_generated/StyleGAN/stylegan3_03431.png,data_sources/ai_generated/StyleGAN,ai_generated,1024,1024,1.0,JPEG,129001,f781c32470f2fbbba927eb7aecb01fac,a41d21c38d067081762f7eb4eaf60e9edac9dc84ddb8ca0fc9f41f1125e8833a,1.0,9cd67066292a770f,ok,197.04657631330244,True,True,cluster_00366,train,/home/dheirav/Code/Deepfake_Detection/deepfake-project/dataset_builder/train/ai_generated/stylegan3_03431.png
data_sources/ai_generated/StyleGAN/stylegan3_03433.png,data_sources/ai_generated/StyleGAN,ai_generated,1024,1024,1.0,JPEG,149993,97c6ea91e246aa569de9d0554729c0b5,087d6d7798dfe802e3113dcf05ce07c5976aa8f095d941dd38e214b61970a1bd,1.0,cf8130173155bb9e,ok,125.82439397443886,True,True,cluster_00066,train,/home/dheirav/Code/Deepfake_Detection/deepfake-project/dataset_builder/train/ai_generated/stylegan3_03433.png
data_sources/ai_generated/StyleGAN/stylegan3_03438.png,data_sources/ai_generated/StyleGAN,ai_generated,1024,1024,1.0,JPEG,114815,3b36f8c013cee0da18d1b9922bd98066,3dfdcd011659327ad195d9abd31cac079ca7ffb5e1692b830fb23d5f655da540,1.0,ba60a097d3dfce02,ok,135.62808052320815,True,True,cluster_00997,train,/home/dheirav/Code/Deepfake_Detection/deepfake-project/dataset_builder/train/ai_generated/stylegan3_03438.png
data_sources/ai_generated/StyleGAN/stylegan3_03442.png,data_sources/ai_generated/StyleGAN,ai_generated,1024,1024,1.0,JPEG,104652,dcd4200260c4b99569d9bc98c374f3c2,6462123e0a7a17d80e3195795401eb1a78a2a1ffdc3746df73246feed2010b7a,1.0,8a527ea5f0ca139d,ok,270.6995551853761,True,True,cluster_01595,train,/home/dheirav/Code/Deepfake_Detection/deepfake-project/dataset_builder/train/ai_generated/stylegan3_03442.png
data_sources/ai_generated/StyleGAN/stylegan3_03453.png,data_sources/ai_generated/StyleGAN,ai_generated,1024,1024,1.0,JPEG,97211,b2b1259f13c2c4d1004f15ed67e8e850,a087abc8f2fc5b6df323e5c2d8038cbe10626a8c0b9eafd55bf117597ee7296a,1.0,8a297d77607ac38a,ok,86.14602553076111,True,True,cluster_01965,train,/home/dheirav/Code/Deepfake_Detection/deepfake-project/dataset_builder/train/ai_generated/stylegan3_03453.png
data_sources/ai_generated/StyleGAN/stylegan3_03460.png,data_sources/ai_generated/StyleGAN,ai_generated,1024,1024,1.0,JPEG,100313,9572588567af4a7df673962f215bbe06,04b49fadd4ec2fc5385f8d12853ab7063b8f1e57e33d74636c84c154e810ea24,1.0,edd225f423f403d4,ok,84.91781420912594,True,True,cluster_01842,train,/home/dheirav/Code/Deepfake_Detection/deepfake-project/dataset_builder/train/ai_generated/stylegan3_03460.png
data_sources/ai_generated/StyleGAN/stylegan3_03466.png,data_sources/ai_generated/StyleGAN,ai_generated,1024,1024,1.0,JPEG,100302,40be02c210726ad46af156c0c97127bf,3274dd3a6436c583ac1dd86738e2faa422dc6d86b828e4921b8078139217b5c2,1.0,d9a532e29689cd9a,ok,174.4216814038509,True,True,cluster_01844,train,/home/dheirav/Code/Deepfake_Detection/deepfake-project/dataset_builder/train/ai_generated/stylegan3_03466.png
data_sources/ai_generated/StyleGAN/stylegan3_03472.png,data_sources/ai_generated/StyleGAN,ai_generated,1024,1024,1.0,JPEG,127015,0734eb658d86a7f26bb1b7009924d7ea,9a6a3401f9530cf1a8b5dc267dda9d5d7bcbfc49c93ee6bcb75f6e571f939cb7,1.0,dcaf22db642016cf,ok,119.67256779452055,True,True,cluster_00433,train,/home/dheirav/Code/Deepfake_Detection/deepfake-project/dataset_builder/train/ai_generated/stylegan3_03472.png
data_sources/ai_generated/StyleGAN/stylegan3_03473.png,data_sources/ai_generated/StyleGAN,ai_generated,1024,1024,1.0,JPEG,116442,a289429cb71c29c7f940578a5eca16f9,5b4c53720da05ba235ab6fe836e9f1bd54043573727e1725d6343418bcfccb29,1.0,eb6a65a1652d54a3,ok,272.3149880056507,True,True,cluster_00922,train,/home/dheirav/Code/Deepfake_Detection/deepfake-project/dataset_builder/train/ai_generated/stylegan3_03473.png
data_sources/ai_generated/StyleGAN/stylegan3_03482.png,data_sources/ai_generated/StyleGAN,ai_generated,1024,1024,1.0,JPEG,116764,7299099676d1de85e2a87b07f1fd6211,d6b138f0611c12c38c603d428beedb70157f6ea0925dd616f2de08346b74f64d,1.0,ca35252a36f8f2d8,ok,96.24531426382237,True,True,cluster_00908,train,/home/dheirav/Code/Deepfake_Detection/deepfake-project/dataset_builder/train/ai_generated/stylegan3_03482.png
data_sources/ai_generated/StyleGAN/stylegan3_03483.png,data_sources/ai_generated/StyleGAN,ai_generated,1024,1024,1.0,JPEG,107137,0ff1ea4080b01b5b838e2f6fd95cbf4c,a949be572a7a34e6c64b506070a2dad06aad83ce61c98086d8a7dbbbe75f78ed,1.0,e44bde047d353a8a,ok,82.24440193104965,True,True,cluster_01446,train,/home/dheirav/Code/Deepfake_Detection/deepfake-project/dataset_builder/train/ai_generated/stylegan3_03483.png
data_sources/ai_generated/StyleGAN/stylegan3_03486.png,data_sources/ai_generated/StyleGAN,ai_generated,1024,1024,1.0,JPEG,132525,f8ba16403a1c5abb309e59e17876a7a6,b039336e1e7ec3088a9d9ca19393f64a0939c3bfa5a26279f3e1bd90529cea24,1.0,c68f1ea8a8bca8b9,ok,644.8884260938858,True,True,cluster_00286,train,/home/dheirav/Code/Deepfake_Detection/deepfake-project/dataset_builder/train/ai_generated/stylegan3_03486.png
data_sources/ai_generated/StyleGAN/stylegan3_03492.png,data_sources/ai_generated/StyleGAN,ai_generated,1024,1024,1.0,JPEG,112743,249740cd8575f27281653c98b4f4a89f,bc31d758ff95e0b9387aa13fa885a5cce932808dbe170010ef4a2f178d29ebbc,1.0,9af5a992928b8bca,ok,310.50015471047664,True,True,cluster_01132,train,/home/dheirav/Code/Deepfake_Detection/deepfake-project/dataset_builder/train/ai_generated/stylegan3_03492.png
data_sources/ai_generated/StyleGAN/stylegan3_03496.png,data_sources/ai_generated/StyleGAN,ai_generated,1024,1024,1.0,JPEG,100797,14600d86ad0e9e1f889903aa1b943cd2,f4afd15b9db7b9b012f70b99fada846ad6c6a595c31a3d82300b1f0b5f694fe6,1.0,e7387490c1390fbb,ok,94.00027447074172,True,True,cluster_01807,train,/home/dheirav/Code/Deepfake_Detection/deepfake-project/dataset_builder/train/ai_generated/stylegan3_03496.png
data_sources/ai_generated/StyleGAN/stylegan3_03504.png,data_sources/ai_generated/StyleGAN,ai_generated,1024,1024,1.0,JPEG,101432,6ec5510d3000cfd2b54f18ace96e55d4,88da8bb02f181ca7bf8792a639a29eaf004def093ebaf930ce85fc802c6002f0,1.0,ed3e40b2533cb0d5,ok,93.69502365676453,True,True,cluster_01776,train,/home/dheirav/Code/Deepfake_Detection/deepfake-project/dataset_builder/train/ai_generated/stylegan3_03504.png
data_sources/ai_generated/StyleGAN/stylegan3_03514.png,data_sources/ai_generated/StyleGAN,ai_generated,1024,1024,1.0,JPEG,113061,f095457394433417a99259420570fdd2,6b698a4ec830373e1a870722a1b8477975a4d7908cfb09274b8b42fe2fc69863,1.0,f482fd07f45a055a,ok,80.28518485836594,True,True,cluster_01107,train,/home/dheirav/Code/Deepfake_Detection/deepfake-project/dataset_builder/train/ai_generated/stylegan3_03514.png
data_sources/ai_generated/StyleGAN/stylegan3_03525.png,data_sources/ai_generated/StyleGAN,ai_generated,1024,1024,1.0,JPEG,123189,b0e7dda97f2b60a49008de17e603d5aa,6fb2cd99b47b268165c8ae536ae8f6bb03b81a6f0a3a0687712c9b5877401b84,1.0,8fb474c36749868d,ok,151.51280387397856,True,True,cluster_00578,train,/home/dheirav/Code/Deepfake_Detection/deepfake-project/dataset_builder/train/ai_generated/stylegan3_03525.png
data_sources/ai_generated/StyleGAN/stylegan3_03533.png,data_sources/ai_generated/StyleGAN,ai_generated,1024,1024,1.0,JPEG,101457,e98601a51f8ce282be1b957e11b7374c,ab25cb685311c1b96f231bcea97075d9d9b1cd398ac9ddfc5da309679e4f069a,1.0,b17df3c2ca8c48c9,ok,293.69428783816693,True,True,cluster_01772,train,/home/dheirav/Code/Deepfake_Detection/deepfake-project/dataset_builder/train/ai_generated/stylegan3_03533.png
data_sources/ai_generated/StyleGAN/stylegan3_03534.png,data_sources/ai_generated/StyleGAN,ai_generated,1024,1024,1.0,JPEG,144868,81d8b77db22b9733065a7db53d96d590,bb7609b1b43665c8fbf30eb49e30fba49484b712e479f4f3d070dd560625e6dd,1.0,fa9141c764ee9e88,ok,506.0661142398458,True,True,cluster_00107,train,/home/dheirav/Code/Deepfake_Detection/deepfake-project/dataset_builder/train/ai_generated/stylegan3_03534.png
data_sources/ai_generated/StyleGAN/stylegan3_03544.png,data_sources/ai_generated/StyleGAN,ai_generated,1024,1024,1.0,JPEG,121167,28ff5c6f6d406d0fa600e35bcca38802,b08576e29ad3cd8ffd44b7e52345bdc36783a453f1583b9ce160e4d80e33847c,1.0,9fc87077007ce19e,ok,169.43024246405912,True,True,cluster_00678,train,/home/dheirav/Code/Deepfake_Detection/deepfake-project/dataset_builder/train/ai_generated/stylegan3_03544.png
data_sources/ai_generated/StyleGAN/stylegan3_03550.png,data_sources/ai_generated/StyleGAN,ai_generated,1024,1024,1.0,JPEG,118322,c5356576908368b2334e7d7c45f04882,ec322a6f6f7896b4659262d383addbb19c6ab6e3c8405ff50e7705934e7ba3ab,1.0,cdf20d337833c8c3,ok,139.1673421131336,True,True,cluster_00833,train,/home/dheirav/Code/Deepfake_Detection/deepfake-project/dataset_builder/train/ai_generated/stylegan3_03550.png
data_sources/ai_generated/StyleGAN/stylegan3_03551.png,data_sources/ai_generated/StyleGAN,ai_generated,1024,1024,1.0,JPEG,136915,3677a185404cc1c7ecacc071ca246f28,59995e5e813677122afef978fc692337d9711f09c9b8a2f4db57a383ebcea00a,1.0,baab35356400d6de,ok,245.94976423633852,True,True,cluster_00194,train,/home/dheirav/Code/Deepfake_Detection/deepfake-project/dataset_builder/train/ai_generated/stylegan3_03551.png
data_sources/ai_generated/StyleGAN/stylegan3_03552.png,data_sources/ai_generated/StyleGAN,ai_generated,1024,1024,1.0,JPEG,109478,b62b7924ae0d9f20f9245c0253f2c933,bf22428fffe265c1f2df304831868d8860d1c0b464c03c62411952def6b18280,1.0,cbd32da07c2d0adc,ok,360.2195648813131,True,True,cluster_01314,train,/home/dheirav/Code/Deepfake_Detection/deepfake-project/dataset_builder/train/ai_generated/stylegan3_03552.png
data_sources/ai_generated/StyleGAN/stylegan3_03553.png,data_sources/ai_generated/StyleGAN,ai_generated,1024,1024,1.0,JPEG,126449,4dc34ee7d6197913fe122df850fbb33e,367631606ec782ffa330e5ea0b8f0bea2f75889894e1001db610b59cdd1707fb,1.0,beacb052e18fc2c5,ok,173.56757380788528,True,True,cluster_00449,train,/home/dheirav/Code/Deepfake_Detection/deepfake-project/dataset_builder/train/ai_generated/stylegan3_03553.png
data_sources/ai_generated/StyleGAN/stylegan3_03555.png,data_sources/ai_generated/StyleGAN,ai_generated,1024,1024,1.0,JPEG,136561,8cbf73aa4839a2ba6bb8fedb0a5b4a72,f3c0d8d5879e8bac23eaa016ace36100ba1d5e621ddb7375e3a1f380b0a28fe4,1.0,96b1da4a6c6ea4ca,ok,362.08195290608273,True,True,cluster_00199,train,/home/dheirav/Code/Deepfake_Detection/deepfake-project/dataset_builder/train/ai_generated/stylegan3_03555.png
data_sources/ai_generated/StyleGAN/stylegan3_03562.png,data_sources/ai_generated/StyleGAN,ai_generated,1024,1024,1.0,JPEG,109819,fef0b3f1502927b29218fb9f31febd82,a2a91ae21cd8f81ccb1bcb8a696ca895a202fd5545715d6aa09dc36af3810e11,1.0,ca25f512702fc7c3,ok,123.28610066388407,True,True,cluster_01299,train,/home/dheirav/Code/Deepfake_Detection/deepfake-project/dataset_builder/train/ai_generated/stylegan3_03562.png
data_sources/ai_generated/StyleGAN/stylegan3_03563.png,data_sources/ai_generated/StyleGAN,ai_generated,1024,1024,1.0,JPEG,110707,69b0b1ad410ca55a50a39c9ed8c7bcc6,3287488f4aa102f7ba7930ddd790f3587af953a21fb143041b4bdde30c1b28c4,1.0,abbcb430f414d2d6,ok,113.92323725433289,True,True,cluster_01254,train,/home/dheirav/Code/Deepfake_Detection/deepfake-project/dataset_builder/train/ai_generated/stylegan3_03563.png
data_sources/ai_generated/StyleGAN/stylegan3_03564.png,data_sources/ai_generated/StyleGAN,ai_generated,1024,1024,1.0,JPEG,106481,723c63944fdcc8272971f7fbbaf4d4eb,93ab5c94703a9f1e274301a8db728a39a613a9692dc5d5147cac553800aea980,1.0,bdc08bd50b9f80cd,ok,320.8649403394629,True,True,cluster_01492,train,/home/dheirav/Code/Deepfake_Detection/deepfake-project/dataset_builder/train/ai_generated/stylegan3_03564.png
data_sources/ai_generated/StyleGAN/stylegan3_03574.png,data_sources/ai_generated/StyleGAN,ai_generated,1024,1024,1.0,JPEG,135693,6f3926223e57e26ae8fc9dde816edba1,308af1798ab3898636c751a1d169080b7245cad396992a55e5c731ca3825f746,1.0,cb839f683d78829a,ok,113.38761879689628,True,True,cluster_00222,train,/home/dheirav/Code/Deepfake_Detection/deepfake-project/dataset_builder/train/ai_generated/stylegan3_03574.png
data_sources/ai_generated/StyleGAN/stylegan3_03580.png,data_sources/ai_generated/StyleGAN,ai_generated,1024,1024,1.0,JPEG,139304,4d99f9818e80bd393a8c177536453dc0,01d54bc46a7200d168652e00367dc1fdaad0ee798d73641a0a37ebdcc668a93a,1.0,dad4c98d4c2d64da,ok,153.74724578647874,True,True,cluster_00159,train,/home/dheirav/Code/Deepfake_Detection/deepfake-project/dataset_builder/train/ai_generated/stylegan3_03580.png
data_sources/ai_generated/StyleGAN/stylegan3_03581.png,data_sources/ai_generated/StyleGAN,ai_generated,1024,1024,1.0,JPEG,128266,ab3cfb02bfb3c8129409e5acbd610370,9fb9db852e13205564994055102e208916959dbdf208fecbd5ddd89f3764d78b,1.0,df2c2076f3299389,ok,81.54467977247896,True,True,cluster_00396,train,/home/dheirav/Code/Deepfake_Detection/deepfake-project/dataset_builder/train/ai_generated/stylegan3_03581.png
data_sources/ai_generated/StyleGAN/stylegan3_03588.png,data_sources/ai_generated/StyleGAN,ai_generated,1024,1024,1.0,JPEG,100672,025339e1627e419e5aeda91ae9ece717,9ef551c04f55e47b82d2c24125f2f332bfd1c78fefaa1aee59f3f73269dd2989,1.0,c23c2b76607cb3c9,ok,94.04786864895141,True,True,cluster_01818,train,/home/dheirav/Code/Deepfake_Detection/deepfake-project/dataset_builder/train/ai_generated/stylegan3_03588.png
data_sources/ai_generated/StyleGAN/stylegan3_03590.png,data_sources/ai_generated/StyleGAN,ai_generated,1024,1024,1.0,JPEG,113189,26a10d78f937bf53debafe835e7b6ec0,efc3f48f18cd5967316e05e545c9c4e122aac7a5b0650e850c8496b96e3a2b98,1.0,e9bef2523039928b,ok,253.67579749935248,True,True,cluster_01100,train,/home/dheirav/Code/Deepfake_Detection/deepfake-project/dataset_builder/train/ai_generated/stylegan3_03590.png
data_sources/ai_generated/StyleGAN/stylegan3_03592.png,data_sources/ai_generated/StyleGAN,ai_generated,1024,1024,1.0,JPEG,105946,e473ad68062356813ee5da6841488b14,86354c9a57017660a66cd182b9e8eadde99a4aa531e20b9323e589fbb6dfed46,1.0,c83f603703f80ff8,ok,145.88240518735165,True,True,cluster_01521,train,/home/dheirav/Code/Deepfake_Detection/deepfake-project/dataset_builder/train/ai_generated/stylegan3_03592.png
data_sources/ai_generated/StyleGAN/stylegan3_03597.png,data_sources/ai_generated/StyleGAN,ai_generated,1024,1024,1.0,JPEG,125357,e39147c82a3ccca485700de326c887f5,b42e68b60ce43211aea87628bdd5ffbdfd71ae68388b7ffd82141e4b33062ccc,1.0,9ef46ec6ea58a281,ok,85.96505726790929,True,True,cluster_00490,train,/home/dheirav/Code/Deepfake_Detection/deepfake-project/dataset_builder/train/ai_generated/stylegan3_03597.png
data_sources/ai_generated/StyleGAN/stylegan3_03598.png,data_sources/ai_generated/StyleGAN,ai_generated,1024,1024,1.0,JPEG,130373,e96377f476b80a93634936b7f6795fd8,3b3cedc3e9a3bce709bb4f642f03c789d9cc9c7c3ad80e3ac5eb0b81ba2963ab,1.0,dbc6380e7145e58e,ok,134.04189430177212,True,True,cluster_00333,train,/home/dheirav/Code/Deepfake_Detection/deepfake-project/dataset_builder/train/ai_generated/stylegan3_03598.png
data_sources/ai_generated/StyleGAN/stylegan3_03604.png,data_sources/ai_generated/StyleGAN,ai_generated,1024,1024,1.0,JPEG,109782,5ccdebf9ed2decf65c1669fd3e9160d4,3cf53cc6fbeaeeb248ff0af56342a62b2261942d52605701f024bdff8b656bf5,1.0,930f3cd8338b64dc,ok,151.74308379494687,True,True,cluster_01301,train,/home/dheirav/Code/Deepfake_Detection/deepfake-project/dataset_builder/train/ai_generated/stylegan3_03604.png
data_sources/ai_generated/StyleGAN/stylegan3_03614.png,data_sources/ai_generated/StyleGAN,ai_generated,1024,1024,1.0,JPEG,99808,7141951e31f82d294bc1680a7b7aee4f,c51cd33034597981de6e17c33a0275094b158e705b030f7d87a461c7424bef10,1.0,d39c21ee0578c29f,ok,106.4498262402112,True,True,cluster_01865,train,/home/dheirav/Code/Deepfake_Detection/deepfake-project/dataset_builder/train/ai_generated/stylegan3_03614.png
data_sources/ai_generated/StyleGAN/stylegan3_03616.png,data_sources/ai_generated/StyleGAN,ai_generated,1024,1024,1.0,JPEG,104250,333885384d214e050a76572f21dba49a,14fec71c021919f7c687736547a2e66cc8a7ebbc8b2f276aa67d8a9dabe92f4d,1.0,c982fc267e3f068c,ok,133.06559561050017,True,True,cluster_01623,train,/home/dheirav/Code/Deepfake_Detection/deepfake-project/dataset_builder/train/ai_generated/stylegan3_03616.png
data_sources/ai_generated/StyleGAN/stylegan3_03626.png,data_sources/ai_generated/StyleGAN,ai_generated,1024,1024,1.0,JPEG,120340,702e780e3c0e9d757645d16a64d9e1f1,a9b0489cf0a85e9bf63f53bfa601001cc3f556ca4b183984bc134fd6495f51c6,1.0,93807c7e7871b4cc,ok,150.28862854430827,True,True,cluster_00728,train,/home/dheirav/Code/Deepfake_Detection/deepfake-project/dataset_builder/train/ai_generated/stylegan3_03626.png
data_sources/ai_generated/StyleGAN/stylegan3_03633.png,data_sources/ai_generated/StyleGAN,ai_generated,1024,1024,1.0,JPEG,96647,f1dce5eaede7881205d697671ed251c1,ffa520a9364c70cf38e5a2e9103461073319ff38dd65d5d2f5a12cf9b15090bf,1.0,9c6269e7614e8f8a,ok,94.20559480834982,True,True,cluster_01989,train,/home/dheirav/Code/Deepfake_Detection/deepfake-project/dataset_builder/train/ai_generated/stylegan3_03633.png
data_sources/ai_generated/StyleGAN/stylegan3_03634.png,data_sources/ai_generated/StyleGAN,ai_generated,1024,1024,1.0,JPEG,134845,3f5ed8cc4870f14dcd2eed69cc4b510b,201880528ce9fb3d875ad7c2947fa5e1fc1234abdb315d75135247d04372ee0c,1.0,af5a74976aa98298,ok,141.21688267754416,True,True,cluster_00237,train,/home/dheirav/Code/Deepfake_Detection/deepfake-project/dataset_builder/train/ai_generated/stylegan3_03634.png
data_sources/ai_generated/StyleGAN/stylegan3_03635.png,data_sources/ai_generated/StyleGAN,ai_generated,1024,1024,1.0,JPEG,100363,367350e22d62407a2001d67b00ac5f7a,b27964257a76c967decc7e882d470738f46d2d0c3ca306beae423237e7d6d6ce,1.0,cd903693b123a3cf,ok,92.84906892579966,True,True,cluster_01838,train,/home/dheirav/Code/Deepfake_Detection/deepfake-project/dataset_builder/train/ai_generated/stylegan3_03635.png
data_sources/ai_generated/StyleGAN/stylegan3_03645.png,data_sources/ai_generated/StyleGAN,ai_generated,1024,1024,1.0,JPEG,123383,b9cf2cf6ee5ee3e517161f2a3eef0b45,feb786fe0a5bf090c237ef87af453fe3ab1b17e49725d98b9505767ea16448e2,1.0,9ba434d263c383cf,ok,301.3869244546476,True,True,cluster_00572,train,/home/dheirav/Code/Deepfake_Detection/deepfake-project/dataset_builder/train/ai_generated/stylegan3_03645.png
data_sources/ai_generated/StyleGAN/stylegan3_03652.png,data_sources/ai_generated/StyleGAN,ai_generated,1024,1024,1.0,JPEG,106299,f3a4b058cef0ca0337974eff459142bc,730d35c3c6684cbbba76eb53cd86750278966cc9263f5454399fecd5b7367210,1.0,fae1a165a55486da,ok,157.16254116650725,True,True,cluster_01500,train,/home/dheirav/Code/Deepfake_Detection/deepfake-project/dataset_builder/train/ai_generated/stylegan3_03652.png
data_sources/ai_generated/StyleGAN/stylegan3_03654.png,data_sources/ai_generated/StyleGAN,ai_generated,1024,1024,1.0,JPEG,130330,a63322460b70c0c7cc7fc821ef80617a,6be74ee124e1aa9bf3b0d61e80aed36d78521a55dfbf83ff8e8aa645f7caa257,1.0,ee1f760475fc04c8,ok,125.47406215483261,True,True,cluster_00339,train,/home/dheirav/Code/Deepfake_Detection/deepfake-project/dataset_builder/train/ai_generated/stylegan3_03654.png
data_sources/ai_generated/StyleGAN/stylegan3_03667.png,data_sources/ai_generated/StyleGAN,ai_generated,1024,1024,1.0,JPEG,111226,45b8ee0b75206384cc6e951acdea26d1,33833f4ccbedaf53e6c07d60988411774496f84fc03c09991c7210fe7cb9b4fb,1.0,9ba4f5b260d3c09b,ok,171.95080841046635,True,True,cluster_01222,train,/home/dheirav/Code/Deepfake_Detection/deepfake-project/dataset_builder/train/ai_generated/stylegan3_03667.png
data_sources/ai_generated/StyleGAN/stylegan3_03674.png,data_sources/ai_generated/StyleGAN,ai_generated,1024,1024,1.0,JPEG,135824,9a6dfe148f4cb66df920b01c193db372,42c321c55d766db53aa8b5e03a5fa6349268e1da3054aa5bd059ee63512890ee,1.0,b5b8d2ad6805d393,ok,202.03460025275757,True,True,cluster_00220,train,/home/dheirav/Code/Deepfake_Detection/deepfake-project/dataset_builder/train/ai_generated/stylegan3_03674.png
data_sources/ai_generated/StyleGAN/stylegan3_03676.png,data_sources/ai_generated/StyleGAN,ai_generated,1024,1024,1.0,JPEG,107794,3b42bcf11e0065143e7ceeff78f90b7a,5a7b3446fb7ae5a2ec73a01f2489fa1414bdc365c041bcab7d1112a863d22244,1.0,f8bcac9e8c388699,ok,236.88625526282704,True,True,cluster_01404,train,/home/dheirav/Code/Deepfake_Detection/deepfake-project/dataset_builder/train/ai_generated/stylegan3_03676.png
data_sources/ai_generated/StyleGAN/stylegan3_03677.png,data_sources/ai_generated/StyleGAN,ai_generated,1024,1024,1.0,JPEG,120444,f4f1266c3db05ebcfecfa7b04c2480e7,b60b37fadc963d7fa7be81748eb2ab6fa67c078b18e9164a409b308906e5f632,1.0,9e6a2b6a6465949d,ok,179.55602931543302,True,True,cluster_00717,train,/home/dheirav/Code/Deepfake_Detection/deepfake-project/dataset_builder/train/ai_generated/stylegan3_03677.png
data_sources/ai_generated/StyleGAN/stylegan3_03678.png,data_sources/ai_generated/StyleGAN,ai_generated,1024,1024,1.0,JPEG,133485,ac554722e70167faaabe2e2d86370905,8728a25d0cf5e89b55b7aa7baaf953ee01dcac985399fbddd1ec030739e0ff96,1.0,f858ee61b760538c,ok,142.53367606991378,True,True,cluster_00262,train,/home/dheirav/Code/Deepfake_Detection/deepfake-project/dataset_builder/train/ai_generated/stylegan3_03678.png
data_sources/ai_generated/StyleGAN/stylegan3_03681.png,data_sources/ai_generated/StyleGAN,ai_generated,1024,1024,1.0,JPEG,113347,d1e14e12f106e242171c10f9458db2ab,7ff3d45c878dba68257d4318b50a4ce3b17872d196e41f29a57254657f3035ea,1.0,ce212805e51fc79f,ok,124.45620526704806,True,True,cluster_01091,train,/home/dheirav/Code/Deepfake_Detection/deepfake-project/dataset_builder/train/ai_generated/stylegan3_03681.png
data_sources/ai_generated/StyleGAN/stylegan3_03682.png,data_sources/ai_generated/StyleGAN,ai_generated,1024,1024,1.0,JPEG,132131,7f60ecac62216f88264e6f9ccd1b3f2c,bae15153e582824ff844014553d0fd8cf946301e51116c4925c7efda8d5a1b0e,1.0,a1eb30b3c087cb9d,ok,418.2387540915479,True,True,cluster_00293,train,/home/dheirav/Code/Deepfake_Detection/deepfake-project/dataset_builder/train/ai_generated/stylegan3_03682.png
data_sources/ai_generated/StyleGAN/stylegan3_03691.png,data_sources/ai_generated/StyleGAN,ai_generated,1024,1024,1.0,JPEG,135979,a7afdc8d994b0a8c524c822b6730a401,f4bca552137431fa814164562c4c1538cd025f0e6455eccc26ab746b3fd9d71d,1.0,9eb078e2dc4c86dc,ok,187.84427044488257,True,True,cluster_00213,train,/home/dheirav/Code/Deepfake_Detection/deepfake-project/dataset_builder/train/ai_generated/stylegan3_03691.png
data_sources/ai_generated/StyleGAN/stylegan3_03695.png,data_sources/ai_generated/StyleGAN,ai_generated,1024,1024,1.0,JPEG,101560,530d213917d3390e916395b16bc634a1,092dafbfa782d49f305f9e9bbac284fe75cb082a395663a55c17c25d90c5a44f,1.0,964a583a787127cf,ok,87.5142211898019,True,True,cluster_01765,train,/home/dheirav/Code/Deepfake_Detection/deepfake-project/dataset_builder/train/ai_generated/stylegan3_03695.png
data_sources/ai_generated/StyleGAN/stylegan3_03701.png,data_sources/ai_generated/StyleGAN,ai_generated,1024,1024,1.0,JPEG,110831,cb53bee51124a08550ca42f3434116c8,245a47f0c4d52eac33158396c2c1cf6b1af032e7c5f4aab8ea7ee1f68b275b45,1.0,855a24d7743c93d9,ok,82.59611641016,True,True,cluster_01243,train,/home/dheirav/Code/Deepfake_Detection/deepfake-project/dataset_builder/train/ai_generated/stylegan3_03701.png
data_sources/ai_generated/StyleGAN/stylegan3_03704.png,data_sources/ai_generated/StyleGAN,ai_generated,1024,1024,1.0,JPEG,121989,9686b24bbb7f4f9ffb44ffdf724ccec6,6631ef2103514aad9fbe37740b39a79730aafea738eb00dff4a9a1b5f2a8c61e,1.0,837e25307eb54f90,ok,115.65726927018477,True,True,cluster_00643,train,/home/dheirav/Code/Deepfake_Detection/deepfake-project/dataset_builder/train/ai_generated/stylegan3_03704.png
data_sources/ai_generated/StyleGAN/stylegan3_03707.png,data_sources/ai_generated/StyleGAN,ai_generated,1024,1024,1.0,JPEG,110874,4b6a4e4a0159a3cea592a0cea8b487dd,677c53a9a9f170c6e58901088477569511ef13b0c05039f683b8e91e86bf058b,1.0,da2c7127f50a9e89,ok,155.82488344134524,True,True,cluster_01237,train,/home/dheirav/Code/Deepfake_Detection/deepfake-project/dataset_builder/train/ai_generated/stylegan3_03707.png
data_sources/ai_generated/StyleGAN/stylegan3_03719.png,data_sources/ai_generated/StyleGAN,ai_generated,1024,1024,1.0,JPEG,121692,49cb8da5197d20068d389e101b8f713e,8623fd2037f4b32ffbf73732f49a2873b494fe43a1eade7fb6daa1f54e61b135,1.0,8bbc65e6069e9899,ok,86.50118921168087,True,True,cluster_00655,train,/home/dheirav/Code/Deepfake_Detection/deepfake-project/dataset_builder/train/ai_generated/stylegan3_03719.png
data_sources/ai_generated/StyleGAN/stylegan3_03726.png,data_sources/ai_generated/StyleGAN,ai_generated,1024,1024,1.0,JPEG,113363,d22eec5856ad5d47d1b2125f776afe40,a22888c9db0bf72da4fc4ae70a8223da7a006b03c9b329a49a210a23c9ca4afa,1.0,d20dbe2c643d85da,ok,84.65041505955378,True,True,cluster_01088,train,/home/dheirav/Code/Deepfake_Detection/deepfake-project/dataset_builder/train/ai_generated/stylegan3_03726.png
data_sources/ai_generated/StyleGAN/stylegan3_03733.png,data_sources/ai_generated/StyleGAN,ai_generated,1024,1024,1.0,JPEG,122626,d5d6b724e29202af04f0061c0df2f83c,36ebcc1e1165c40eba6e4898740edd8987d313afee837d7519593dadd8954829,1.0,da5525232078e6df,ok,97.18122191002385,True,True,cluster_00602,train,/home/dheirav/Code/Deepfake_Detection/deepfake-project/dataset_builder/train/ai_generated/stylegan3_03733.png
data_sources/ai_generated/StyleGAN/stylegan3_03734.png,data_sources/ai_generated/StyleGAN,ai_generated,1024,1024,1.0,JPEG,111708,20b01125d20aee204fe6d50a5427e6d8,6388c113c6faff324831f25011c746c103e55dd6b4b614e78a8fa959652a316f,1.0,ca202f72257fb45a,ok,93.06271071349238,True,True,cluster_01188,train,/home/dheirav/Code/Deepfake_Detection/deepfake-project/dataset_builder/train/ai_generated/stylegan3_03734.png
data_sources/ai_generated/StyleGAN/stylegan3_03736.png,data_sources/ai_generated/StyleGAN,ai_generated,1024,1024,1.0,JPEG,118973,3e98e4b1dbd2dbbd9412920264872af9,b5d1c3bed2e19fd75a3d005e4d4ed242f6f55658cab85324aad48c7e9b61441a,1.0,8b3674c2c32d2fd8,ok,183.23410192635401,True,True,cluster_00800,train,/home/dheirav/Code/Deepfake_Detection/deepfake-project/dataset_builder/train/ai_generated/stylegan3_03736.png
data_sources/ai_generated/StyleGAN/stylegan3_03741.png,data_sources/ai_generated/StyleGAN,ai_generated,1024,1024,1.0,JPEG,127125,f816ab5c4c04c57aa8363c598cc79c4b,829214704699a15d655b6fd4293c8b05c57056b59abab2eddade6da86163933d,1.0,e29eab303d20778d,ok,145.75300016509937,True,True,cluster_00432,train,/home/dheirav/Code/Deepfake_Detection/deepfake-project/dataset_builder/train/ai_generated/stylegan3_03741.png
data_sources/ai_generated/StyleGAN/stylegan3_03748.png,data_sources/ai_generated/StyleGAN,ai_generated,1024,1024,1.0,JPEG,127870,38d1ae6b8de56bd2f8ec81b124b9c93a,2229094c0a81dac028ba3b831e9e9a31022a1e697099266a0032e8edef2845a6,1.0,ea5a2f91343a929b,ok,140.86867617616372,True,True,cluster_00408,train,/home/dheirav/Code/Deepfake_Detection/deepfake-project/dataset_builder/train/ai_generated/stylegan3_03748.png
data_sources/ai_generated/StyleGAN/stylegan3_03753.png,data_sources/ai_generated/StyleGAN,ai_generated,1024,1024,1.0,JPEG,122920,e9c25691053a2c9b83dab29fe5d5a68d,d83f5b89649ed8b452f6bf9ef61fab3012902577482e221e496a80d7391bfe7f,1.0,f1864b4c6c6c2b9d,ok,679.5978613984626,True,True,cluster_00586,train,/home/dheirav/Code/Deepfake_Detection/deepfake-project/dataset_builder/train/ai_generated/stylegan3_03753.png
data_sources/ai_generated/StyleGAN/stylegan3_03757.png,data_sources/ai_generated/StyleGAN,ai_generated,1024,1024,1.0,JPEG,99115,3418ea4239f9f26455eb1d416f41f63e,debccc029d20abe1c7ef92a480411cefd6b62883ce8a9789f854bb160e96a287,1.0,85b53d5230196bcf,ok,102.81807776092953,True,True,cluster_01891,train,/home/dheirav/Code/Deepfake_Detection/deepfake-project/dataset_builder/train/ai_generated/stylegan3_03757.png
data_sources/ai_generated/StyleGAN/stylegan3_03762.png,data_sources/ai_generated/StyleGAN,ai_generated,1024,1024,1.0,JPEG,157715,70bdd87032ee4971c9e7cc19d3f5149a,9ba587e11aeedf25261585c240cfc181fabc770b7a3033a6fb738e45302fd82a,1.0,daa13ee234a882df,ok,826.1549442381353,True,True,cluster_00031,train,/home/dheirav/Code/Deepfake_Detection/deepfake-project/dataset_builder/train/ai_generated/stylegan3_03762.png
data_sources/ai_generated/StyleGAN/stylegan3_03769.png,data_sources/ai_generated/StyleGAN,ai_generated,1024,1024,1.0,JPEG,116792,3ab64e1c661e6a53a413d6823ea366fe,50cf590bc83975c8681441464275f558efa266a0d7216624fb7ede4f1d19ce1e,1.0,9d6578d6d59c1898,ok,108.03042899385036,True,True,cluster_00905,train,/home/dheirav/Code/Deepfake_Detection/deepfake-project/dataset_builder/train/ai_generated/stylegan3_03769.png
data_sources/ai_generated/StyleGAN/stylegan3_03774.png,data_sources/ai_generated/StyleGAN,ai_generated,1024,1024,1.0,JPEG,107174,b5bdd605199ea25d98fa9bbe442e589f,a03acc8f0e16609fe46727bd6b320ac0f4a1a3d4d1ef6bc706057bf2995d01cb,1.0,dfc129227f306699,ok,83.375276532719,True,True,cluster_01441,train,/home/dheirav/Code/Deepfake_Detection/deepfake-project/dataset_builder/train/ai_generated/stylegan3_03774.png
data_sources/ai_generated/StyleGAN/stylegan3_03779.png,data_sources/ai_generated/StyleGAN,ai_generated,1024,1024,1.0,JPEG,130651,70c1fb38ea667fb441296d8589d4b9d4,b270e0741ad7905da31eee5dc1c61103a774443ab4331373897c0b5741855c17,1.0,c7502e3b741b0dcd,ok,187.53806787715348,True,True,cluster_00326,train,/home/dheirav/Code/Deepfake_Detection/deepfake-project/dataset_builder/train/ai_generated/stylegan3_03779.png
data_sources/ai_generated/StyleGAN/stylegan3_03784.png,data_sources/ai_generated/StyleGAN,ai_generated,1024,1024,1.0,JPEG,117086,dc56b14839ef0b3e1b3cd22ef249418f,629a7a21553760ae87fbc67e32da04afbc8736d2d2c5ca02a513b151980a4ff7,1.0,dc4079772170d3da,ok,104.90742107991537,True,True,cluster_00893,train,/home/dheirav/Code/Deepfake_Detection/deepfake-project/dataset_builder/train/ai_generated/stylegan3_03784.png
data_sources/ai_generated/StyleGAN/stylegan3_03791.png,data_sources/ai_generated/StyleGAN,ai_generated,1024,1024,1.0,JPEG,100767,d081438493c23aa3bc803ea9a3c2936c,c1624af785d2dd736513b11749762e8e083a6f3c31debda8a0e36321bb5e28f1,1.0,e82c14b5d78a878f,ok,92.70660511785172,True,True,cluster_01810,train,/home/dheirav/Code/Deepfake_Detection/deepfake-project/dataset_builder/train/ai_generated/stylegan3_03791.png
data_sources/ai_generated/StyleGAN/stylegan3_03794.png,data_sources/ai_generated/StyleGAN,ai_generated,1024,1024,1.0,JPEG,120388,d6955bc57b5e229c6a29f9f2c0e62b7b,54c7c0522b3f1a2136f9646982793588a2695fb6820473c9355c85cd3d857592,1.0,feb580d28e8a8a1f,ok,174.00431088735692,True,True,cluster_00720,train,/home/dheirav/Code/Deepfake_Detection/deepfake-project/dataset_builder/train/ai_generated/stylegan3_03794.png
data_sources/ai_generated/StyleGAN/stylegan3_03796.png,data_sources/ai_generated/StyleGAN,ai_generated,1024,1024,1.0,JPEG,123632,f50ac685b5ef7baca608b78e75c3ab87,0787abb2b9561a3d609a0f4057dbf8c613927b48f3200c255ce767a2b27a215c,1.0,cba73497908b97c8,ok,118.40609444408528,True,True,cluster_00558,train,/home/dheirav/Code/Deepfake_Detection/deepfake-project/dataset_builder/train/ai_generated/stylegan3_03796.png
data_sources/ai_generated/StyleGAN/stylegan3_03810.png,data_sources/ai_generated/StyleGAN,ai_generated,1024,1024,1.0,JPEG,117951,5d062c3cabdc5040c7a0569c9cb6d24f,15463382b6ff82b6b815c51f2541383858744332805890927dfefcdedcba94cc,1.0,9c782f2325dc869e,ok,448.1472450840374,True,True,cluster_00845,train,/home/dheirav/Code/Deepfake_Detection/deepfake-project/dataset_builder/train/ai_generated/stylegan3_03810.png
data_sources/ai_generated/StyleGAN/stylegan3_03818.png,data_sources/ai_generated/StyleGAN,ai_generated,1024,1024,1.0,JPEG,119715,aa39d4d62711ce11de26e257f78a2bd1,a159c86bf867cd5a2a6b6913ccb5df57ba00dbb10e2f228f49d881f060f8e804,1.0,bb02feb6301d90da,ok,81.34148584859213,True,True,cluster_00759,train,/home/dheirav/Code/Deepfake_Detection/deepfake-project/dataset_builder/train/ai_generated/stylegan3_03818.png
data_sources/ai_generated/StyleGAN/stylegan3_03821.png,data_sources/ai_generated/StyleGAN,ai_generated,1024,1024,1.0,JPEG,105336,331f88d241a303689aa590452723fc36,69cb31d6e4540e361a403f95372f1a01b4ec73fd09ed83b4097f6675390e9790,1.0,96693c61b15f83d4,ok,80.39238147396463,True,True,cluster_01562,train,/home/dheirav/Code/Deepfake_Detection/deepfake-project/dataset_builder/train/ai_generated/stylegan3_03821.png
data_sources/ai_generated/StyleGAN/stylegan3_03822.png,data_sources/ai_generated/StyleGAN,ai_generated,1024,1024,1.0,JPEG,142781,32a3a9ed2d114867b1235d5104741b12,b603d87691dcd9f69a91ca7548c65ae3d99649400d245c3a79332ec731fd0132,1.0,c7500a123b7f0fce,ok,260.33425601332783,True,True,cluster_00121,train,/home/dheirav/Code/Deepfake_Detection/deepfake-project/dataset_builder/train/ai_generated/stylegan3_03822.png
data_sources/ai_generated/StyleGAN/stylegan3_03832.png,data_sources/ai_generated/StyleGAN,ai_generated,1024,1024,1.0,JPEG,99020,6e552ec246087e206c6c5c6b2a57e4f7,c2644dd589e1dd303d6cf3afe5b03a8dfcf2a353593077996aeb21f59dee146e,1.0,f8a4a3d247f4c3a8,ok,104.3474120830906,True,True,cluster_01899,train,/home/dheirav/Code/Deepfake_Detection/deepfake-project/dataset_builder/train/ai_generated/stylegan3_03832.png
data_sources/ai_generated/StyleGAN/stylegan3_03834.png,data_sources/ai_generated/StyleGAN,ai_generated,1024,1024,1.0,JPEG,113672,b8fb8285960ce634afa1bb697b5202ea,b13659f690476c1f31c7c2a4648136ec2b507e096a875cbf4ea72cfe0b449af5,1.0,9e7b6aa260e89783,ok,134.1920840422972,True,True,cluster_01071,train,/home/dheirav/Code/Deepfake_Detection/deepfake-project/dataset_builder/train/ai_generated/stylegan3_03834.png
data_sources/ai_generated/StyleGAN/stylegan3_03837.png,data_sources/ai_generated/StyleGAN,ai_generated,1024,1024,1.0,JPEG,132449,e1e56f86d40bf79b9b84270322b062d3,1332e500cb2616827b489df2b5cfa42dd27accf7beab970d3a2ee0b8ba678dea,1.0,f0506ba365ad468f,ok,368.73097206988314,True,True,cluster_00288,train,/home/dheirav/Code/Deepfake_Detection/deepfake-project/dataset_builder/train/ai_generated/stylegan3_03837.png
data_sources/ai_generated/StyleGAN/stylegan3_03839.png,data_sources/ai_generated/StyleGAN,ai_generated,1024,1024,1.0,JPEG,108266,cc6bbccc916653d95d9bc9c231ac1ce1,441f99c9e6a6964e50d197fdf21665663b40e2c9efd440533ce1fd07a02451ab,1.0,db3f7516e09e8288,ok,167.5191399841824,True,True,cluster_01368,train,/home/dheirav/Code/Deepfake_Detection/deepfake-project/dataset_builder/train/ai_generated/stylegan3_03839.png
data_sources/ai_generated/StyleGAN/stylegan3_03846.png,data_sources/ai_generated/StyleGAN,ai_generated,1024,1024,1.0,JPEG,100722,285b7d46620e008933184e85bc7108ff,4eb1807554ecbcb0899ebbf277127c22519f0f844282fda8e83fbe9fffeb3810,1.0,9b0769832d5c2cbd,ok,84.68818090460263,True,True,cluster_01812,train,/home/dheirav/Code/Deepfake_Detection/deepfake-project/dataset_builder/train/ai_generated/stylegan3_03846.png
data_sources/ai_generated/StyleGAN/stylegan3_03855.png,data_sources/ai_generated/StyleGAN,ai_generated,1024,1024,1.0,JPEG,120274,fd123946d0daef33c271228cf58807e7,4749d1652c60a06107ac552a38eef134a5a64fd2598356c7c7abd9ccf2223a7b,1.0,d0eae3e6640687dc,ok,125.3295926359924,True,True,cluster_00736,train,/home/dheirav/Code/Deepfake_Detection/deepfake-project/dataset_builder/train/ai_generated/stylegan3_03855.png
data_sources/ai_generated/StyleGAN/stylegan3_03858.png,data_sources/ai_generated/StyleGAN,ai_generated,1024,1024,1.0,JPEG,121014,094ec3c8b1d6c85b72ad5111f0829129,fb2e68686cb70696aa81fa069373ec82e47f7d479cf709231202ac1bc2af3537,1.0,ee69e13835305a9b,ok,119.71428409474538,True,True,cluster_00689,train,/home/dheirav/Code/Deepfake_Detection/deepfake-project/dataset_builder/train/ai_generated/stylegan3_03858.png
data_sources/ai_generated/StyleGAN/stylegan3_03875.png,data_sources/ai_generated/StyleGAN,ai_generated,1024,1024,1.0,JPEG,130829,08f1a0c7ddad84545b95c24f453f2521,c7760a43e44680834b78da0711e4038769157a8aecf6444f3a305fe52924e777,1.0,f7c3198635c096da,ok,532.7904268951243,True,True,cluster_00324,train,/home/dheirav/Code/Deepfake_Detection/deepfake-project/dataset_builder/train/ai_generated/stylegan3_03875.png
data_sources/ai_generated/StyleGAN/stylegan3_03876.png,data_sources/ai_generated/StyleGAN,ai_generated,1024,1024,1.0,JPEG,140730,b8c47d85093b18cbd56e6bde428306ef,c100aa51659396bbda23b0a661192c689286618100e4a7fa0b1c2d0511098eec,1.0,8bd5aab632958a8e,ok,229.50823221143122,True,True,cluster_00136,train,/home/dheirav/Code/Deepfake_Detection/deepfake-project/dataset_builder/train/ai_generated/stylegan3_03876.png
data_sources/ai_generated/StyleGAN/stylegan3_03879.png,data_sources/ai_generated/StyleGAN,ai_generated,1024,1024,1.0,JPEG,123539,6db18f61914b330069122a78c40787be,4af0136547de7e1348cb1a797aabdca2671d3261088c7bab6d5838bbed7418b8,1.0,defe6828756108d5,ok,102.93207703530788,True,True,cluster_00559,train,/home/dheirav/Code/Deepfake_Detection/deepfake-project/dataset_builder/train/ai_generated/stylegan3_03879.png
data_sources/ai_generated/StyleGAN/stylegan3_03882.png,data_sources/ai_generated/StyleGAN,ai_generated,1024,1024,1.0,JPEG,120353,dd2400a0c725688878e2eac5540b1329,2653b98b111a23b3cf88195c18acdadb0f2a93289f1368cc33c526ec8e14306b,1.0,dac964836699c2dd,ok,92.91856057284167,True,True,cluster_00726,train,/home/dheirav/Code/Deepfake_Detection/deepfake-project/dataset_builder/train/ai_generated/stylegan3_03882.png
data_sources/ai_generated/StyleGAN/stylegan3_03884.png,data_sources/ai_generated/StyleGAN,ai_generated,1024,1024,1.0,JPEG,100723,8d4735d0cf897514875260cd110f4b15,4c0288f2cf7c7c761b5df7fd5f6f51213cbf826dd38671a0414c608dfc403854,1.0,caf928b4a5389a9d,ok,102.46391368190869,True,True,cluster_01811,train,/home/dheirav/Code/Deepfake_Detection/deepfake-project/dataset_builder/train/ai_generated/stylegan3_03884.png
data_sources/ai_generated/StyleGAN/stylegan3_03885.png,data_sources/ai_generated/StyleGAN,ai_generated,1024,1024,1.0,JPEG,110838,252e00b1b5974a8e91bdbfc00c8de308,1bf1323d84ea2817b60f9de952f3d7bd7a994f4d69631684585215ea408b993f,1.0,fd67f092ac448e89,ok,96.08180189142877,True,True,cluster_01242,train,/home/dheirav/Code/Deepfake_Detection/deepfake-project/dataset_builder/train/ai_generated/stylegan3_03885.png
data_sources/ai_generated/StyleGAN/stylegan3_03891.png,data_sources/ai_generated/StyleGAN,ai_generated,1024,1024,1.0,JPEG,105689,0520ccf39477666a0c9d857f4f4bc11b,a5ed2a941c57c2064394c778c080975d526e823c02feb44abb0eb17bfeaf62f6,1.0,81d717df0569968a,ok,124.52591291978024,True,True,cluster_01540,train,/home/dheirav/Code/Deepfake_Detection/deepfake-project/dataset_builder/train/ai_generated/stylegan3_03891.png
data_sources/ai_generated/StyleGAN/stylegan3_03892.png,data_sources/ai_generated/StyleGAN,ai_generated,1024,1024,1.0,JPEG,133560,4aa609f8956e68cfe7ad2a7fb1b48d5c,77e68083d77bbaca7c6cf569174450c70fb3d0f49661407e3bfa778cc7ba8884,1.0,a5c9d2e7213d01de,ok,521.1607672791132,True,True,cluster_00261,train,/home/dheirav/Code/Deepfake_Detection/deepfake-project/dataset_builder/train/ai_generated/stylegan3_03892.png
data_sources/ai_generated/StyleGAN/stylegan3_03894.png,data_sources/ai_generated/StyleGAN,ai_generated,1024,1024,1.0,JPEG,99201,3fce54e70dd427fea498ab303e9fd1d1,4aafc4079111771513d7694c76770a2f2ccf298d2e4f6b7ee75f566949478a92,1.0,e5a1fec2c0819ddc,ok,112.26473706142767,True,True,cluster_01889,train,/home/dheirav/Code/Deepfake_Detection/deepfake-project/dataset_builder/train/ai_generated/stylegan3_03894.png
data_sources/ai_generated/StyleGAN/stylegan3_03898.png,data_sources/ai_generated/StyleGAN,ai_generated,1024,1024,1.0,JPEG,115270,35bcdeb91b5d9aa3f56e56d76806db37,1dd10ff901a1b82fd5aeb39e3ab3b54d7eaf97473682d80da734dbdbef31f427,1.0,baac279504e8c7ae,ok,747.9422615847686,True,True,cluster_00974,train,/home/dheirav/Code/Deepfake_Detection/deepfake-project/dataset_builder/train/ai_generated/stylegan3_03898.png
data_sources/ai_generated/StyleGAN/stylegan3_03915.png,data_sources/ai_generated/StyleGAN,ai_generated,1024,1024,1.0,JPEG,125982,499e2b67ac9b8e36748823b28bac0d4b,7e4f584f1af281516aef011a075cb010f17fb1bb634c61801b8fae20fce4fdc5,1.0,ad800a8b7d5d7d98,ok,126.4810035473556,True,True,cluster_00467,train,/home/dheirav/Code/Deepfake_Detection/deepfake-project/dataset_builder/train/ai_generated/stylegan3_03915.png
data_sources/ai_generated/StyleGAN/stylegan3_03921.png,data_sources/ai_generated/StyleGAN,ai_generated,1024,1024,1.0,JPEG,110714,a82cdb9b5acbb6990f9336be4337b16b,1400256bf265de2d86bb24fb1d431ea21bb6799c55a8b5a5548988a0d859fcbc,1.0,ff20f443814baf91,ok,151.14216868746638,True,True,cluster_01253,train,/home/dheirav/Code/Deepfake_Detection/deepfake-project/dataset_builder/train/ai_generated/stylegan3_03921.png
data_sources/ai_generated/StyleGAN/stylegan3_03924.png,data_sources/ai_generated/StyleGAN,ai_generated,1024,1024,1.0,JPEG,108200,25632f21bc8d28071b5547b9847be260,d09d810e3a0bc541dcad8a6d9ad0f7d7d937ab23c9fd695c75ef562423512d06,1.0,81b63db27032c3cf,ok,171.1044756924348,True,True,cluster_01373,train,/home/dheirav/Code/Deepfake_Detection/deepfake-project/dataset_builder/train/ai_generated/stylegan3_03924.png
data_sources/ai_generated/StyleGAN/stylegan3_03928.png,data_sources/ai_generated/StyleGAN,ai_generated,1024,1024,1.0,JPEG,119727,4321d88dc83383c063059b5daa7a7909,daf97f2c8ab1433f0c4aef28b05585a022d7b76194161a034ce5e18871d527c6,1.0,82373c3772528fc5,ok,115.95261478336668,True,True,cluster_00757,train,/home/dheirav/Code/Deepfake_Detection/deepfake-project/dataset_builder/train/ai_generated/stylegan3_03928.png
data_sources/ai_generated/StyleGAN/stylegan3_03932.png,data_sources/ai_generated/StyleGAN,ai_generated,1024,1024,1.0,JPEG,120380,4f08cc85a91e7bbc481bad5ae8969e11,07b1df9f26adb02288b91d2da59d8a50dcd425a54d67a44e61148005de04acfe,1.0,9e6e61077138d393,ok,105.48384078194795,True,True,cluster_00721,train,/home/dheirav/Code/Deepfake_Detection/deepfake-project/dataset_builder/train/ai_generated/stylegan3_03932.png
data_sources/ai_generated/StyleGAN/stylegan3_03933.png,data_sources/ai_generated/StyleGAN,ai_generated,1024,1024,1.0,JPEG,120022,b8911db66e096a5c7e1b0f8cc5e860f8,80ab8b56893be0bd6369f4770974b23484e1bef8d4440c1eaf6d9f09676e3874,1.0,aaf2e9d3e0c2c589,ok,366.92374228849076,True,True,cluster_00744,train,/home/dheirav/Code/Deepfake_Detection/deepfake-project/dataset_builder/train/ai_generated/stylegan3_03933.png
data_sources/ai_generated/StyleGAN/stylegan3_03938.png,data_sources/ai_generated/StyleGAN,ai_generated,1024,1024,1.0,JPEG,97074,35451b18ad34db15758904f1ee06985a,fed98adbec07973da9f65438105b7da93e51936c6dbcadc50430ec36ca0278ac,1.0,adf830b2f283d383,ok,285.744922636888,True,True,cluster_01974,train,/home/dheirav/Code/Deepfake_Detection/deepfake-project/dataset_builder/train/ai_generated/stylegan3_03938.png
data_sources/ai_generated/StyleGAN/stylegan3_03944.png,data_sources/ai_generated/StyleGAN,ai_generated,1024,1024,1.0,JPEG,109588,2eb845a8e902f0b3cf833d3dcf8cc505,e9af585d64d894357e8ddb57b754847aa541cec189aafd8573d083ce824d079a,1.0,81bf6092bd1f1c78,ok,301.73045111385625,True,True,cluster_01309,train,/home/dheirav/Code/Deepfake_Detection/deepfake-project/dataset_builder/train/ai_generated/stylegan3_03944.png
data_sources/ai_generated/StyleGAN/stylegan3_03946.png,data_sources/ai_generated/StyleGAN,ai_generated,1024,1024,1.0,JPEG,103949,76092cdc7cc0a77e8ffbeb53b80bd289,ba96471056834512625811a177a6186b5bc11e0f17f674d361a9bf27e6d9eadd,1.0,c0bf365b36b805d2,ok,109.53933983093792,True,True,cluster_01643,train,/home/dheirav/Code/Deepfake_Detection/deepfake-project/dataset_builder/train/ai_generated/stylegan3_03946.png
data_sources/ai_generated/StyleGAN/stylegan3_03953.png,data_sources/ai_generated/StyleGAN,ai_generated,1024,1024,1.0,JPEG,111623,4a5975fffacd43c539a9f3dd94583587,79f43455e8baa104fee4fae1a178d8666c094c8ab33f701659fa0157b16e3199,1.0,af643c9090cf46cf,ok,101.0574674604786,True,True,cluster_01193,train,/home/dheirav/Code/Deepfake_Detection/deepfake-project/dataset_builder/train/ai_generated/stylegan3_03953.png
data_sources/ai_generated/StyleGAN/stylegan3_03954.png,data_sources/ai_generated/StyleGAN,ai_generated,1024,1024,1.0,JPEG,116228,fea68ee87d9c44781023e7affd36c0b0,7f944ce25227d6ca88da5343ac95a49a187b0680ea9a4a78950996cf37e586c9,1.0,bde2608b82757387,ok,104.05331144457796,True,True,cluster_00933,train,/home/dheirav/Code/Deepfake_Detection/deepfake-project/dataset_builder/train/ai_generated/stylegan3_03954.png
data_sources/ai_generated/StyleGAN/stylegan3_03956.png,data_sources/ai_generated/StyleGAN,ai_generated,1024,1024,1.0,JPEG,133968,ab3bcbec2fc8429a90008d0b42988039,467ab84e9480901dac752e12db927b920ce724e0eab90ba9ce69b92ccc36f722,1.0,9c433172b3718bc7,ok,138.09735511900726,True,True,cluster_00256,train,/home/dheirav/Code/Deepfake_Detection/deepfake-project/dataset_builder/train/ai_generated/stylegan3_03956.png
data_sources/ai_generated/StyleGAN/stylegan3_03962.png,data_sources/ai_generated/StyleGAN,ai_generated,1024,1024,1.0,JPEG,97085,de5a8e9208d32947c6ca9214faa378ca,66ec596fdf1d75d4849479f8eef6d8dc92e9c2681097de637b8b0cdccd2c545a,1.0,bccfe0c007e09f93,ok,195.52365193909552,True,True,cluster_01971,train,/home/dheirav/Code/Deepfake_Detection/deepfake-project/dataset_builder/train/ai_generated/stylegan3_03962.png
data_sources/ai_generated/StyleGAN/stylegan3_03965.png,data_sources/ai_generated/StyleGAN,ai_generated,1024,1024,1.0,JPEG,112977,80bfa6fc935817c2f1710ad2992d5363,bb27c9f645a659b4890d85dcf199afb850bdbe6df9f8cbdca5a06dd93bee7e00,1.0,da2131c3f1e8c6ce,ok,99.31650311544945,True,True,cluster_01112,train,/home/dheirav/Code/Deepfake_Detection/deepfake-project/dataset_builder/train/ai_generated/stylegan3_03965.png
data_sources/ai_generated/StyleGAN/stylegan3_03966.png,data_sources/ai_generated/StyleGAN,ai_generated,1024,1024,1.0,JPEG,136141,ac91e2b3c22e7e4bfe0b7faabd4343e8,6f19fa5365eac2adfbcdb4318c1ba5d99f0bb5b735e9a0a4af252c46fbe2872d,1.0,c3475e243c3c3ed8,ok,109.62292671121759,True,True,cluster_00207,train,/home/dheirav/Code/Deepfake_Detection/deepfake-project/dataset_builder/train/ai_generated/stylegan3_03966.png
data_sources/ai_generated/StyleGAN/stylegan3_03967.png,data_sources/ai_generated/StyleGAN,ai_generated,1024,1024,1.0,JPEG,115374,f5719b20649802a812751f5072ae6062,f8346d2d124cd3f24811a8aae62a0b80b4d73e3883ef5980420cbaf4f237bdda,1.0,83a82f17619dc59d,ok,147.3627900399433,True,True,cluster_00970,train,/home/dheirav/Code/Deepfake_Detection/deepfake-project/dataset_builder/train/ai_generated/stylegan3_03967.png
data_sources/ai_generated/StyleGAN/stylegan3_03973.png,data_sources/ai_generated/StyleGAN,ai_generated,1024,1024,1.0,JPEG,136049,4804bffbd0e9d9db8c49607990799ad5,8a0abf32b2fd545dc2d0a53a2d61274b635a8986cf1839b36ad7e1f6b3c66378,1.0,de0738f02730779a,ok,541.5155355030427,True,True,cluster_00211,train,/home/dheirav/Code/Deepfake_Detection/deepfake-project/dataset_builder/train/ai_generated/stylegan3_03973.png
data_sources/ai_generated/StyleGAN/stylegan3_03978.png,data_sources/ai_generated/StyleGAN,ai_generated,1024,1024,1.0,JPEG,108840,2a3d05e430df854b5cda4c7702589dc3,645c41e7db6a1392315a90783e5e13599d05bc39cd2aa45155eda6154eb88b43,1.0,8d963cf03a6033f6,ok,203.85668847587561,True,True,cluster_01343,train,/home/dheirav/Code/Deepfake_Detection/deepfake-project/dataset_builder/train/ai_generated/stylegan3_03978.png
data_sources/ai_generated/StyleGAN/stylegan3_03979.png,data_sources/ai_generated/StyleGAN,ai_generated,1024,1024,1.0,JPEG,96658,b61556d5c8bf8058c34bf315ddfebc62,3f0896bc1ebedc45b21eea8177b9be2223b45c9158de793591c9591706f955c3,1.0,952df4c6ded84988,ok,99.11606979364296,True,True,cluster_01987,train,/home/dheirav/Code/Deepfake_Detection/deepfake-project/dataset_builder/train/ai_generated/stylegan3_03979.png
data_sources/ai_generated/StyleGAN/stylegan3_00002.png,data_sources/ai_generated/StyleGAN,ai_generated,1024,1024,1.0,JPEG,108338,eb078ccbcc3a5b1c87e82209815d91b9,626be62c74b30cfdbd80e2822909c4604260093733463bafe568cf3da7ee8e4d,1.0,944a6ba524deca9e,ok,116.57827947366968,True,True,cluster_01365,val,/home/dheirav/Code/Deepfake_Detection/deepfake-project/dataset_builder/val/ai_generated/stylegan3_00002.png
data_sources/ai_generated/StyleGAN/stylegan3_00003.png,data_sources/ai_generated/StyleGAN,ai_generated,1024,1024,1.0,JPEG,136063,a7439917c41e284051c82aae4db8ad1c,228d8f54d95f5ee5ddad267dd375fba733749d6a30178e16719e68b32b343480,1.0,e2b06c9332c2c9ef,ok,714.4170236212731,True,True,cluster_00209,val,/home/dheirav/Code/Deepfake_Detection/deepfake-project/dataset_builder/val/ai_generated/stylegan3_00003.png
data_sources/ai_generated/StyleGAN/stylegan3_00007.png,data_sources/ai_generated/StyleGAN,ai_generated,1024,1024,1.0,JPEG,102588,113cd8e83e0acf32270b24102d0bbbba,5831ce0e36e26d06663f7e899042151107fb9b3fdf595712661aa7e90bca7536,1.0,e33f3e707062b382,ok,109.70720285633797,True,True,cluster_01721,val,/home/dheirav/Code/Deepfake_Detection/deepfake-project/dataset_builder/val/ai_generated/stylegan3_00007.png
data_sources/ai_generated/StyleGAN/stylegan3_00019.png,data_sources/ai_generated/StyleGAN,ai_generated,1024,1024,1.0,JPEG,107262,ae0e3358bb6cdd1e0bb83d59f0368024,ea0ffa2702031c7981295704b3c9962150364259c494aab4b97e5a8b02cc1df5,1.0,e2e60d9f383c9c8c,ok,232.60475280586616,True,True,cluster_01434,val,/home/dheirav/Code/Deepfake_Detection/deepfake-project/dataset_builder/val/ai_generated/stylegan3_00019.png
data_sources/ai_generated/StyleGAN/stylegan3_00028.png,data_sources/ai_generated/StyleGAN,ai_generated,1024,1024,1.0,JPEG,118783,b7a63749b1177ef578498aacab1613a0,02552d9ee7d47fccce5efa3129bc534e38082bacaad2ad0c24057c53d536b0fe,1.0,cb3e247076ef0398,ok,128.08729665295323,True,True,cluster_00813,val,/home/dheirav/Code/Deepfake_Detection/deepfake-project/dataset_builder/val/ai_generated/stylegan3_00028.png
data_sources/ai_generated/StyleGAN/stylegan3_00033.png,data_sources/ai_generated/StyleGAN,ai_generated,1024,1024,1.0,JPEG,110424,769e314ba8b010335e7235eeb407c0a6,5e1ae76a2a24cafcdce32cab2e02a4bce760b1e9a62e6769e891fb0fa14f0d18,1.0,aef4a1a73626968c,ok,117.33562729161986,True,True,cluster_01274,val,/home/dheirav/Code/Deepfake_Detection/deepfake-project/dataset_builder/val/ai_generated/stylegan3_00033.png
data_sources/ai_generated/StyleGAN/stylegan3_00037.png,data_sources/ai_generated/StyleGAN,ai_generated,1024,1024,1.0,JPEG,137650,b5dab49ad77f6b324792c112f6e95365,e18d0852f25da0088aa4f0c91719976e04132d8bffa9c9c74afab67a12ccb3de,1.0,8e5934796266c6ce,ok,94.01914661041428,True,True,cluster_00180,val,/home/dheirav/Code/Deepfake_Detection/deepfake-project/dataset_builder/val/ai_generated/stylegan3_00037.png
data_sources/ai_generated/StyleGAN/stylegan3_00041.png,data_sources/ai_generated/StyleGAN,ai_generated,1024,1024,1.0,JPEG,134571,9be2d0e8ac58b894e62996aab16ea3eb,b9804acc0cc1a8c98f5ead4b6815aab056eebc5d9be7c4c8f236019f4cf7cb77,1.0,9a4e6127656cd6aa,ok,200.05920675738795,True,True,cluster_00243,val,/home/dheirav/Code/Deepfake_Detection/deepfake-project/dataset_builder/val/ai_generated/stylegan3_00041.png
data_sources/ai_generated/StyleGAN/stylegan3_00045.png,data_sources/ai_generated/StyleGAN,ai_generated,1024,1024,1.0,JPEG,130436,570eba42c1e805900f53b46ee57a373a,89694f27762a134348e9b2555ae153003b54234fead9c30a89d534b1d87f0147,1.0,9aa5e0f3526ac39a,ok,135.1753358211854,True,True,cluster_00332,val,/home/dheirav/Code/Deepfake_Detection/deepfake-project/dataset_builder/val/ai_generated/stylegan3_00045.png
data_sources/ai_generated/StyleGAN/stylegan3_00051.png,data_sources/ai_generated/StyleGAN,ai_generated,1024,1024,1.0,JPEG,133437,0b5101cc2e6d1b36bb9df09a8b99c9bc,ffb37588b56b332b7d6243ba72e7c8bb792b7cbf7e4d781dd0d36a0812e9490f,1.0,89b71cdb2908d6ce,ok,451.691457304114,True,True,cluster_00264,val,/home/dheirav/Code/Deepfake_Detection/deepfake-project/dataset_builder/val/ai_generated/stylegan3_00051.png
data_sources/ai_generated/StyleGAN/stylegan3_00052.png,data_sources/ai_generated/StyleGAN,ai_generated,1024,1024,1.0,JPEG,107894,a41370b2c8b985d9f7126a483600f394,ee2ab3350888b410d5882052ae3affe76164b35f0835d38047deee38fd09f400,1.0,c5873437393d83cc,ok,94.74349287837593,True,True,cluster_01399,val,/home/dheirav/Code/Deepfake_Detection/deepfake-project/dataset_builder/val/ai_generated/stylegan3_00052.png
data_sources/ai_generated/StyleGAN/stylegan3_00066.png,data_sources/ai_generated/StyleGAN,ai_generated,1024,1024,1.0,JPEG,109477,886816db763c9e681113c729fe736539,451d879a7d7eb628644089a8bb666fd5ee73daab339b32c82f76553525014021,1.0,c7f8fc07e00ad88d,ok,192.18517112626796,True,True,cluster_01315,val,/home/dheirav/Code/Deepfake_Detection/deepfake-project/dataset_builder/val/ai_generated/stylegan3_00066.png
data_sources/ai_generated/StyleGAN/stylegan3_00073.png,data_sources/ai_generated/StyleGAN,ai_generated,1024,1024,1.0,JPEG,121081,6f3e9741857b0afad568fa6da9cc39f8,ba10834442594e83e4b11e32e0b1c58eb76707f7add972e4db70004826926431,1.0,8bd07ea2f98d9087,ok,95.56652923425918,True,True,cluster_00683,val,/home/dheirav/Code/Deepfake_Detection/deepfake-project/dataset_builder/val/ai_generated/stylegan3_00073.png
data_sources/ai_generated/StyleGAN/stylegan3_00078.png,data_sources/ai_generated/StyleGAN,ai_generated,1024,1024,1.0,JPEG,100136,09d3419c841b583b9e64a954d9a007a9,194baa2f1960acf0f67dfb383e9826caccf8728760ef42e35ecdabefa823f0c9,1.0,9e283522b23ed3dc,ok,81.98752294827773,True,True,cluster_01851,val,/home/dheirav/Code/Deepfake_Detection/deepfake-project/dataset_builder/val/ai_generated/stylegan3_00078.png
data_sources/ai_generated/StyleGAN/stylegan3_00083.png,data_sources/ai_generated/StyleGAN,ai_generated,1024,1024,1.0,JPEG,125123,f16521206a7780bfe662449d7e265f1a,89c22c983fe1463b5f94ebf3fcebfb74a16b6b0119d253d05eb5d5e323fc6b7e,1.0,963569c08f8a87de,ok,154.03149000246685,True,True,cluster_00496,val,/home/dheirav/Code/Deepfake_Detection/deepfake-project/dataset_builder/val/ai_generated/stylegan3_00083.png
data_sources/ai_generated/StyleGAN/stylegan3_00085.png,data_sources/ai_generated/StyleGAN,ai_generated,1024,1024,1.0,JPEG,99028,c0f963cdf35b04758666d160ff363bff,67a88313f0aa2376d44c50bd27158fb2caa9bc14709ae9d90929a920448afa60,1.0,d8712b237488d0ff,ok,101.73198626609155,True,True,cluster_01896,val,/home/dheirav/Code/Deepfake_Detection/deepfake-project/dataset_builder/val/ai_generated/stylegan3_00085.png
data_sources/ai_generated/StyleGAN/stylegan3_00086.png,data_sources/ai_generated/StyleGAN,ai_generated,1024,1024,1.0,JPEG,144808,101d08684b976987b7e925917aa77cf4,4cc815313e1cc24f258ccf3f5e8aa416a7db01a82e10fab2365f3e6331859adb,1.0,9c5a2961256eb69e,ok,267.8419057237006,True,True,cluster_00108,val,/home/dheirav/Code/Deepfake_Detection/deepfake-project/dataset_builder/val/ai_generated/stylegan3_00086.png
data_sources/ai_generated/StyleGAN/stylegan3_00099.png,data_sources/ai_generated/StyleGAN,ai_generated,1024,1024,1.0,JPEG,128329,67134ec6a177fab84523eac0c572cb5a,704d46b913f6e473e261fe1b4b8bab055be7eaf952f8b4f9c10887ac06d407ad,1.0,abb4f4aae80dca2a,ok,696.9851448785882,True,True,cluster_00392,val,/home/dheirav/Code/Deepfake_Detection/deepfake-project/dataset_builder/val/ai_generated/stylegan3_00099.png
data_sources/ai_generated/StyleGAN/stylegan3_00110.png,data_sources/ai_generated/StyleGAN,ai_generated,1024,1024,1.0,JPEG,148334,b8793d32facc3e0a554ae2a22929a3c0,96af40daaaf2afb9637f32bac50dabbfee2d4473d8b09c8483a5ad238452ac38,1.0,8bf86c8d398fc419,ok,96.95493086136048,True,True,cluster_00077,val,/home/dheirav/Code/Deepfake_Detection/deepfake-project/dataset_builder/val/ai_generated/stylegan3_00110.png
data_sources/ai_generated/StyleGAN/stylegan3_00117.png,data_sources/ai_generated/StyleGAN,ai_generated,1024,1024,1.0,JPEG,124637,b893722e503a80a425b42e9f4a60d5d2,ad6521081c6f0a3f33f9336e612360496392bddfc5693bcccc74f1e5f59d4448,1.0,9679686d856a3393,ok,317.95285202719606,True,True,cluster_00520,val,/home/dheirav/Code/Deepfake_Detection/deepfake-project/dataset_builder/val/ai_generated/stylegan3_00117.png
data_sources/ai_generated/StyleGAN/stylegan3_00122.png,data_sources/ai_generated/StyleGAN,ai_generated,1024,1024,1.0,JPEG,117087,8ea7536d8b906e2a6c299afff3bc6976,d4a0a206baf8f9cff88a71be8b24539a706e4356df125cafbf8d623d2a07dee1,1.0,8fb034d732d993c8,ok,117.27010011022412,True,True,cluster_00892,val,/home/dheirav/Code/Deepfake_Detection/deepfake-project/dataset_builder/val/ai_generated/stylegan3_00122.png
data_sources/ai_generated/StyleGAN/stylegan3_00129.png,data_sources/ai_generated/StyleGAN,ai_generated,1024,1024,1.0,JPEG,130665,bc71b4e09be6cbea80482653e912b99a,b52f7381f9483d40ee3493d99faad6604630a17f13f6fc0f5b0cb16ebdb3aeff,1.0,c0873c3b392c33de,ok,122.74707192699043,True,True,cluster_00325,val,/home/dheirav/Code/Deepfake_Detection/deepfake-project/dataset_builder/val/ai_generated/stylegan3_00129.png
data_sources/ai_generated/StyleGAN/stylegan3_00133.png,data_sources/ai_generated/StyleGAN,ai_generated,1024,1024,1.0,JPEG,109057,03e4e8f190d0488076797a332da8820e,441a1139893f4f1f1499b552e2ed8fde21c554abae49f61ab557ba4cd6070d04,1.0,e0b73db4bdd002cc,ok,84.12661693628979,True,True,cluster_01338,val,/home/dheirav/Code/Deepfake_Detection/deepfake-project/dataset_builder/val/ai_generated/stylegan3_00133.png
data_sources/ai_generated/StyleGAN/stylegan3_00137.png,data_sources/ai_generated/StyleGAN,ai_generated,1024,1024,1.0,JPEG,132125,168c7dbdd95b49b6d68e294afd22ad39,239fef826ac55a20cc6075b244fbd4921687129a674ea9a30b1444260bb889c0,1.0,8f23fdd4c5970688,ok,880.7454392798098,True,True,cluster_00294,val,/home/dheirav/Code/Deepfake_Detection/deepfake-project/dataset_builder/val/ai_generated/stylegan3_00137.png
data_sources/ai_generated/StyleGAN/stylegan3_00146.png,data_sources/ai_generated/StyleGAN,ai_generated,1024,1024,1.0,JPEG,96534,7794a2ec45b02d6c62a6f5d00d9615c7,b9bb7a7ebf228998379a9ebc5a54f3550c1dc458eb0b2cc481a95f800488cfea,1.0,d26c63a626bb829b,ok,137.85790010856633,True,True,cluster_01994,val,/home/dheirav/Code/Deepfake_Detection/deepfake-project/dataset_builder/val/ai_generated/stylegan3_00146.png
data_sources/ai_generated/StyleGAN/stylegan3_00149.png,data_sources/ai_generated/StyleGAN,ai_generated,1024,1024,1.0,JPEG,101585,a971d7dd265dd6c325ce208085d9ba1c,b97f42600ee803db49d97e1e821b10a804983731794d80f6724ee1f056a4d1f0,1.0,c49706a93768bf94,ok,120.2125120073824,True,True,cluster_01762,val,/home/dheirav/Code/Deepfake_Detection/deepfake-project/dataset_builder/val/ai_generated/stylegan3_00149.png
data_sources/ai_generated/StyleGAN/stylegan3_00156.png,data_sources/ai_generated/StyleGAN,ai_generated,1024,1024,1.0,JPEG,98860,cc22a0c33c5d420ea337346f54b9e637,804ea44e936ddd702222635f6cc3af671f597ac261a334fb01937e71a9e01abb,1.0,d1466f8c6c44ee9c,ok,120.34913062551277,True,True,cluster_01903,val,/home/dheirav/Code/Deepfake_Detection/deepfake-project/dataset_builder/val/ai_generated/stylegan3_00156.png
data_sources/ai_generated/StyleGAN/stylegan3_00162.png,data_sources/ai_generated/StyleGAN,ai_generated,1024,1024,1.0,JPEG,154290,60daefb1a35711b481cdf4df4f5b6d54,8036cd9af2df338ad945ccbd0d78e71ba5e2d41d12a2f176d26f10685443bb24,1.0,dc890f0d5c70f2d3,ok,356.59711820952,True,True,cluster_00048,val,/home/dheirav/Code/Deepfake_Detection/deepfake-project/dataset_builder/val/ai_generated/stylegan3_00162.png
data_sources/ai_generated/StyleGAN/stylegan3_00177.png,data_sources/ai_generated/StyleGAN,ai_generated,1024,1024,1.0,JPEG,114871,1273e7417d7aca9b40d3cf8d4d21797f,14e73fe8a8ca96ebeeeaa09046b84155cb3e0c235629cf2abdcc737cfc10e23b,1.0,94427f2a7e381b99,ok,142.7374145965441,True,True,cluster_00991,val,/home/dheirav/Code/Deepfake_Detection/deepfake-project/dataset_builder/val/ai_generated/stylegan3_00177.png
data_sources/ai_generated/StyleGAN/stylegan3_00178.png,data_sources/ai_generated/StyleGAN,ai_generated,1024,1024,1.0,JPEG,111672,711d818833a88f10e33e1fbe9c1ae822,d5137f10431448bc61c418c0f4074345d62fdfe0f29d777b75acf34ccd7db8f2,1.0,87f0a583c60de2de,ok,116.65336602738535,True,True,cluster_01189,val,/home/dheirav/Code/Deepfake_Detection/deepfake-project/dataset_builder/val/ai_generated/stylegan3_00178.png
data_sources/ai_generated/StyleGAN/stylegan3_00185.png,data_sources/ai_generated/StyleGAN,ai_generated,1024,1024,1.0,JPEG,119508,7d856cc493cb9b9f34e433eecc12e746,ce1bf5ad5c0ba8789b6feb56acfcfb805a866e03215f4909a13201a3b3cce766,1.0,dfe021cfa42daa91,ok,148.2399421496666,True,True,cluster_00769,val,/home/dheirav/Code/Deepfake_Detection/deepfake-project/dataset_builder/val/ai_generated/stylegan3_00185.png
data_sources/ai_generated/StyleGAN/stylegan3_00188.png,data_sources/ai_generated/StyleGAN,ai_generated,1024,1024,1.0,JPEG,96952,d40a11a899ceee6ac56a2d7d0d0a132b,46c7f900bdf4767805a22c7e3595d16928c18b2e603d78b75f5568b284124e14,1.0,d6aa5eab2c25a685,ok,122.9063730037951,True,True,cluster_01977,val,/home/dheirav/Code/Deepfake_Detection/deepfake-project/dataset_builder/val/ai_generated/stylegan3_00188.png
data_sources/ai_generated/StyleGAN/stylegan3_00199.png,data_sources/ai_generated/StyleGAN,ai_generated,1024,1024,1.0,JPEG,125762,77e673d3e7c906abb9a1e752fd8ddf65,edd719aedd76e783f47aeec47e44a63935c0534088c0dd67824dbebbfe8c9593,1.0,cfe0fcc0f009878f,ok,493.74134273911375,True,True,cluster_00473,val,/home/dheirav/Code/Deepfake_Detection/deepfake-project/dataset_builder/val/ai_generated/stylegan3_00199.png
data_sources/ai_generated/StyleGAN/stylegan3_00205.png,data_sources/ai_generated/StyleGAN,ai_generated,1024,1024,1.0,JPEG,109884,b025d32e05dcee7992406b4d067c64f5,72543876392efb1318a217c0c3b8c28f8d658e12d4920ec5bd1eb35f3d0831f9,1.0,da596963256986e3,ok,131.65442451051692,True,True,cluster_01296,val,/home/dheirav/Code/Deepfake_Detection/deepfake-project/dataset_builder/val/ai_generated/stylegan3_00205.png
data_sources/ai_generated/StyleGAN/stylegan3_00208.png,data_sources/ai_generated/StyleGAN,ai_generated,1024,1024,1.0,JPEG,107347,7b51c34e9820f476408280715b0964f3,204cc14ac130605ba9a1d1a304ddaba7556a8efe191d17be71ee207cf8b1cadb,1.0,8f6c207233d2a3cf,ok,210.4944769290996,True,True,cluster_01429,val,/home/dheirav/Code/Deepfake_Detection/deepfake-project/dataset_builder/val/ai_generated/stylegan3_00208.png
data_sources/ai_generated/StyleGAN/stylegan3_00210.png,data_sources/ai_generated/StyleGAN,ai_generated,1024,1024,1.0,JPEG,105326,e3c5a3049fff0d9b1e515440c8a39051,f9cd72511e82d97c86daac71debed00458984d60f76d7b8178d7e2f18cdfeb16,1.0,aaf570829349df89,ok,338.2375457355374,True,True,cluster_01563,val,/home/dheirav/Code/Deepfake_Detection/deepfake-project/dataset_builder/val/ai_generated/stylegan3_00210.png
data_sources/ai_generated/StyleGAN/stylegan3_00213.png,data_sources/ai_generated/StyleGAN,ai_generated,1024,1024,1.0,JPEG,120642,096bb6f6e1f111284ca43c625957e510,8cf9bc74c671af16af572d451ccc0975fddf4bc1e063ab0bfb8c1dcf90c495cd,1.0,de3f3400a41fb791,ok,105.97775217308663,True,True,cluster_00704,val,/home/dheirav/Code/Deepfake_Detection/deepfake-project/dataset_builder/val/ai_generated/stylegan3_00213.png
data_sources/ai_generated/StyleGAN/stylegan3_00232.png,data_sources/ai_generated/StyleGAN,ai_generated,1024,1024,1.0,JPEG,117313,52838a8adf6d2360ee1538c4247c4830,f3a5843a05272e54d96bf0a2665fb883bdd82476507376e16f80f5d23e1485fd,1.0,9c37349a56994ad5,ok,148.40989668861948,True,True,cluster_00879,val,/home/dheirav/Code/Deepfake_Detection/deepfake-project/dataset_builder/val/ai_generated/stylegan3_00232.png
data_sources/ai_generated/StyleGAN/stylegan3_00235.png,data_sources/ai_generated/StyleGAN,ai_generated,1024,1024,1.0,JPEG,120734,c7213781d9b37566f790cdcd623d6852,bf6fa2f8dd900acf5770cbcba81109cf19b8040379db187a1abff0a0ee053e35,1.0,cd4ab43212b577d2,ok,112.19191835934815,True,True,cluster_00699,val,/home/dheirav/Code/Deepfake_Detection/deepfake-project/dataset_builder/val/ai_generated/stylegan3_00235.png
data_sources/ai_generated/StyleGAN/stylegan3_00237.png,data_sources/ai_generated/StyleGAN,ai_generated,1024,1024,1.0,JPEG,104601,9900e2323e1f94af5e28d132c585270e,a79e7426fd7ec1ff441961fe1726beccc7a803a25bfc40dba1c8798600c0571e,1.0,bf7ef8c09834d092,ok,97.10239310374891,True,True,cluster_01599,val,/home/dheirav/Code/Deepfake_Detection/deepfake-project/dataset_builder/val/ai_generated/stylegan3_00237.png
data_sources/ai_generated/StyleGAN/stylegan3_00238.png,data_sources/ai_generated/StyleGAN,ai_generated,1024,1024,1.0,JPEG,129451,f2873889086b3c7ac42ffb79c26a713e,5d3792fa6a9e68b2117f106a0fb76928c9cd0bbc66c268d889d1b904d5b50154,1.0,e72f2ad4a82c92d3,ok,211.63262750206923,True,True,cluster_00356,val,/home/dheirav/Code/Deepfake_Detection/deepfake-project/dataset_builder/val/ai_generated/stylegan3_00238.png
data_sources/ai_generated/StyleGAN/stylegan3_00245.png,data_sources/ai_generated/StyleGAN,ai_generated,1024,1024,1.0,JPEG,102540,8983b29c32b9bd794f6ac7845a997a0e,9dc9ea00fcec5ac82713ca874a9701898c73ce52e237772e3c95ef9e15cb5b48,1.0,8aeae1e5a0969e9c,ok,88.02733611710937,True,True,cluster_01725,val,/home/dheirav/Code/Deepfake_Detection/deepfake-project/dataset_builder/val/ai_generated/stylegan3_00245.png
data_sources/ai_generated/StyleGAN/stylegan3_00246.png,data_sources/ai_generated/StyleGAN,ai_generated,1024,1024,1.0,JPEG,119389,3a89708c169685f15f530d3f3789b54e,6f8c7cfa81e47bfee2fa85d284cb9f3515fc81a1bffe1a85bb836da34eaf0a73,1.0,8017399aab2aeecb,ok,255.59590755492437,True,True,cluster_00772,val,/home/dheirav/Code/Deepfake_Detection/deepfake-project/dataset_builder/val/ai_generated/stylegan3_00246.png
data_sources/ai_generated/StyleGAN/stylegan3_00249.png,data_sources/ai_generated/StyleGAN,ai_generated,1024,1024,1.0,JPEG,128776,432176a8971c31906152ae09943f3425,aa3461faa686dc81f39de23fa5a0ccb2d3b775b96b85b4e8e1422f239c4c2012,1.0,cf702f7770d8808e,ok,165.31804179784282,True,True,cluster_00374,val,/home/dheirav/Code/Deepfake_Detection/deepfake-project/dataset_builder/val/ai_generated/stylegan3_00249.png
data_sources/ai_generated/StyleGAN/stylegan3_00267.png,data_sources/ai_generated/StyleGAN,ai_generated,1024,1024,1.0,JPEG,111634,d5b6c913a1b40006a16e27bb3c110258,d28912979f62ab1abba79b32b7db4d3ad975722c07a33027ca4e5b087509b7d4,1.0,ade460b67036d3d2,ok,208.9785275960084,True,True,cluster_01191,val,/home/dheirav/Code/Deepfake_Detection/deepfake-project/dataset_builder/val/ai_generated/stylegan3_00267.png
data_sources/ai_generated/StyleGAN/stylegan3_00273.png,data_sources/ai_generated/StyleGAN,ai_generated,1024,1024,1.0,JPEG,106484,6bc45535e309d46d13e337e043da5028,139fe47ea3889f3f86abc1eeee06f8347e0ed5a34765851c1addbef6f177b3e6,1.0,cd3736b6720d8bc0,ok,86.80959292954867,True,True,cluster_01491,val,/home/dheirav/Code/Deepfake_Detection/deepfake-project/dataset_builder/val/ai_generated/stylegan3_00273.png
data_sources/ai_generated/StyleGAN/stylegan3_00274.png,data_sources/ai_generated/StyleGAN,ai_generated,1024,1024,1.0,JPEG,110506,98b5151e83b836404c967c18e4b44943,777ecd4c505e8d5124931579f6f9ba7bb09f6baf3bd84bfb8b6c2dab7d4bc807,1.0,df85e5c202dc2acb,ok,99.82291922505465,True,True,cluster_01270,val,/home/dheirav/Code/Deepfake_Detection/deepfake-project/dataset_builder/val/ai_generated/stylegan3_00274.png
data_sources/ai_generated/StyleGAN/stylegan3_00281.png,data_sources/ai_generated/StyleGAN,ai_generated,1024,1024,1.0,JPEG,122566,c1938fa528ae9ba551dba910b470e0a8,74418cbe495ea8baf8b7e7898d7d4e57496ab75370173d25b704f3044c9f5338,1.0,845322777f28ce8b,ok,93.92247999981919,True,True,cluster_00605,val,/home/dheirav/Code/Deepfake_Detection/deepfake-project/dataset_builder/val/ai_generated/stylegan3_00281.png
data_sources/ai_generated/StyleGAN/stylegan3_00292.png,data_sources/ai_generated/StyleGAN,ai_generated,1024,1024,1.0,JPEG,97531,dc453a2a51fac4219478cb9f144414ce,ffd985fa4a3a72bc1351779ab449510fe400c6f826ff0889b93a33c7bb707754,1.0,8d103d57b0cd968f,ok,114.49735925339971,True,True,cluster_01952,val,/home/dheirav/Code/Deepfake_Detection/deepfake-project/dataset_builder/val/ai_generated/stylegan3_00292.png
data_sources/ai_generated/StyleGAN/stylegan3_00295.png,data_sources/ai_generated/StyleGAN,ai_generated,1024,1024,1.0,JPEG,122040,164c613c450e113578fb3ce6c31fbd22,77c223b5c6466259817450934182726b2eaa06595264f39f26130b0b05fe246e,1.0,94e260ed6fdc9688,ok,104.38332300218372,True,True,cluster_00635,val,/home/dheirav/Code/Deepfake_Detection/deepfake-project/dataset_builder/val/ai_generated/stylegan3_00295.png
data_sources/ai_generated/StyleGAN/stylegan3_00297.png,data_sources/ai_generated/StyleGAN,ai_generated,1024,1024,1.0,JPEG,120547,23e82e72901237d94610033491204ace,eb79f11f6faf40eef532ef24ba997a308b2e7f9424de0b650af3dea1246d2df8,1.0,8df092e1d329cecc,ok,80.25576141182319,True,True,cluster_00710,val,/home/dheirav/Code/Deepfake_Detection/deepfake-project/dataset_builder/val/ai_generated/stylegan3_00297.png
data_sources/ai_generated/StyleGAN/stylegan3_00303.png,data_sources/ai_generated/StyleGAN,ai_generated,1024,1024,1.0,JPEG,145655,ee10ba11265c894fe30aaebe205808ef,d534133ffa52eb059e169e82d9b0d40045382b683b5ffc7423ea59a84a0199c4,1.0,8bb458d2e949cdc9,ok,538.73316856191,True,True,cluster_00101,val,/home/dheirav/Code/Deepfake_Detection/deepfake-project/dataset_builder/val/ai_generated/stylegan3_00303.png
data_sources/ai_generated/StyleGAN/stylegan3_00314.png,data_sources/ai_generated/StyleGAN,ai_generated,1024,1024,1.0,JPEG,115468,38799bc6c021fd7e5a33d0d41860da9c,66cb84736c2ac151683658542a94e2a8799b64ac266b9a3dda5f9e354a0dc24b,1.0,9c4b60436d6dd68d,ok,231.72967050122583,True,True,cluster_00963,val,/home/dheirav/Code/Deepfake_Detection/deepfake-project/dataset_builder/val/ai_generated/stylegan3_00314.png
data_sources/ai_generated/StyleGAN/stylegan3_00328.png,data_sources/ai_generated/StyleGAN,ai_generated,1024,1024,1.0,JPEG,100521,64a4e1acd69475118b19c2dec9a752cb,4f94a6b86a96d45e660732951b93feaf8532a338c4ce5416d976a1ef3754c91d,1.0,b0850bc57887fa9d,ok,266.1259379900148,True,True,cluster_01827,val,/home/dheirav/Code/Deepfake_Detection/deepfake-project/dataset_builder/val/ai_generated/stylegan3_00328.png
data_sources/ai_generated/StyleGAN/stylegan3_00331.png,data_sources/ai_generated/StyleGAN,ai_generated,1024,1024,1.0,JPEG,110542,6d4bd8fe700652fff3a94688f8d5138f,253c4f5d98ace157e07b9e98e0bf52e1620101ed6b9a1426959a599afce06fac,1.0,cfd32cd322198e8d,ok,120.98945700749755,True,True,cluster_01266,val,/home/dheirav/Code/Deepfake_Detection/deepfake-project/dataset_builder/val/ai_generated/stylegan3_00331.png
data_sources/ai_generated/StyleGAN/stylegan3_00337.png,data_sources/ai_generated/StyleGAN,ai_generated,1024,1024,1.0,JPEG,114738,7c0095e38a3a86864f3e8f5a137b0f97,b9fb4e8f470b112a200bb2623b8ebc49b0d567d24906e937a31ccea6d591c7c6,1.0,c9a727f7730103c9,ok,187.58892917592945,True,True,cluster_01004,val,/home/dheirav/Code/Deepfake_Detection/deepfake-project/dataset_builder/val/ai_generated/stylegan3_00337.png
data_sources/ai_generated/StyleGAN/stylegan3_00340.png,data_sources/ai_generated/StyleGAN,ai_generated,1024,1024,1.0,JPEG,123344,df08e71b80c37ebaba0122a77b17cc0f,0104557ee97eea1b008ccad30d8c09e08926f5d0ff53d4a1f73d129d5a17d728,1.0,eae96927752125c5,ok,255.04142551417678,True,True,cluster_00575,val,/home/dheirav/Code/Deepfake_Detection/deepfake-project/dataset_builder/val/ai_generated/stylegan3_00340.png
data_sources/ai_generated/StyleGAN/stylegan3_00349.png,data_sources/ai_generated/StyleGAN,ai_generated,1024,1024,1.0,JPEG,118932,d36a293c3575c68465660b65d52a8888,66961f1e6e0131d97f00a77793b0e9c2cfe9cd46a105723e75af7d05c3fc98df,1.0,9e1378436a57a1ab,ok,101.71238393565636,True,True,cluster_00804,val,/home/dheirav/Code/Deepfake_Detection/deepfake-project/dataset_builder/val/ai_generated/stylegan3_00349.png
data_sources/ai_generated/StyleGAN/stylegan3_00355.png,data_sources/ai_generated/StyleGAN,ai_generated,1024,1024,1.0,JPEG,127734,e20656c5879047d1d50a6f490f3a1791,3448c7bf4c9ff0ff28a6ee213c3e4aa07e8cf6abc55354bf486676075950ac7b,1.0,f4e18aa78d94959a,ok,355.49155018152305,True,True,cluster_00413,val,/home/dheirav/Code/Deepfake_Detection/deepfake-project/dataset_builder/val/ai_generated/stylegan3_00355.png
data_sources/ai_generated/StyleGAN/stylegan3_00359.png,data_sources/ai_generated/StyleGAN,ai_generated,1024,1024,1.0,JPEG,100655,251241212131c4c7cdc7a98f600ae962,302f3a97af547ea76efd6376db7fcdc3b1355a52becc746758b4b27243086977,1.0,b87d52207728a78f,ok,111.73582490037279,True,True,cluster_01821,val,/home/dheirav/Code/Deepfake_Detection/deepfake-project/dataset_builder/val/ai_generated/stylegan3_00359.png
data_sources/ai_generated/StyleGAN/stylegan3_00364.png,data_sources/ai_generated/StyleGAN,ai_generated,1024,1024,1.0,JPEG,105809,23f93ef3fa06915b389b0c59ac5bb690,d3f35a0787c521765c835da38ebd55394dd2bfbdb32dcfa6619c3c30957ebe60,1.0,bf2930f657e02ec0,ok,88.10780765848813,True,True,cluster_01528,val,/home/dheirav/Code/Deepfake_Detection/deepfake-project/dataset_builder/val/ai_generated/stylegan3_00364.png
data_sources/ai_generated/StyleGAN/stylegan3_00396.png,data_sources/ai_generated/StyleGAN,ai_generated,1024,1024,1.0,JPEG,120930,57e4be40eecbc50f6f80f44f08ac1b38,8ce226815bb5116119f0c28f988388f23132fe5f500da6e1f7f6f3f9a9bc2926,1.0,cb3334323a0157df,ok,85.50892359626505,True,True,cluster_00694,val,/home/dheirav/Code/Deepfake_Detection/deepfake-project/dataset_builder/val/ai_generated/stylegan3_00396.png
data_sources/ai_generated/StyleGAN/stylegan3_00397.png,data_sources/ai_generated/StyleGAN,ai_generated,1024,1024,1.0,JPEG,100656,54b668c4a13b8b71fdcb7a550822df22,6dd96f268c7fd75c850901023ccda36dde03a9fdf15231359077a63176c7d18e,1.0,af8a52e833f9c0cc,ok,250.64672826040987,True,True,cluster_01820,val,/home/dheirav/Code/Deepfake_Detection/deepfake-project/dataset_builder/val/ai_generated/stylegan3_00397.png
data_sources/ai_generated/StyleGAN/stylegan3_00402.png,data_sources/ai_generated/StyleGAN,ai_generated,1024,1024,1.0,JPEG,124669,441e1764ef8951a4b3b02b0597482073,93e9395b1831906f23f615745d65d7ac82000b2c39eb2218ff4c7e2d41e04d97,1.0,f95f81802d7fa381,ok,174.18420765301198,True,True,cluster_00518,val,/home/dheirav/Code/Deepfake_Detection/deepfake-project/dataset_builder/val/ai_generated/stylegan3_00402.png
data_sources/ai_generated/StyleGAN/stylegan3_00407.png,data_sources/ai_generated/StyleGAN,ai_generated,1024,1024,1.0,JPEG,138419,2ce876e429168fd589a03bc9dcd0dcc3,519fff11af414ccf86510af21fd6c880bd63cac550a7576c876e9ef46718c3c8,1.0,d002d7d2fcae078e,ok,284.65741060299376,True,True,cluster_00171,val,/home/dheirav/Code/Deepfake_Detection/deepfake-project/dataset_builder/val/ai_generated/stylegan3_00407.png
data_sources/ai_generated/StyleGAN/stylegan3_00413.png,data_sources/ai_generated/StyleGAN,ai_generated,1024,1024,1.0,JPEG,137180,db0e7d0e78a5fc67c8fdf9025f19abe1,8a2d02ea4d291a578add75bdb65f7b84470b45ae525f525fa24f01c06c77d872,1.0,da2df9560d48f04b,ok,481.61056551115945,True,True,cluster_00191,val,/home/dheirav/Code/Deepfake_Detection/deepfake-project/dataset_builder/val/ai_generated/stylegan3_00413.png
data_sources/ai_generated/StyleGAN/stylegan3_00418.png,data_sources/ai_generated/StyleGAN,ai_generated,1024,1024,1.0,JPEG,125455,ef4ea0a1a38bd861411a1a679ba298c8,b3a51ed41102817ad06c00e5b27456746ebfdaec34a75935a660fb7a459215a6,1.0,9e951d5e1c18b29b,ok,238.8265782137023,True,True,cluster_00483,val,/home/dheirav/Code/Deepfake_Detection/deepfake-project/dataset_builder/val/ai_generated/stylegan3_00418.png
data_sources/ai_generated/StyleGAN/stylegan3_00425.png,data_sources/ai_generated/StyleGAN,ai_generated,1024,1024,1.0,JPEG,98331,13a7cb588e3bbbe1b7d6c9b503a86fd2,053c036054020f5648a61a31340038ae70e2a21e584e7ba778c0907af975c575,1.0,a50cde7e3820c3cf,ok,91.08864492468638,True,True,cluster_01923,val,/home/dheirav/Code/Deepfake_Detection/deepfake-project/dataset_builder/val/ai_generated/stylegan3_00425.png
data_sources/ai_generated/StyleGAN/stylegan3_00426.png,data_sources/ai_generated/StyleGAN,ai_generated,1024,1024,1.0,JPEG,121401,492485afc1c5bd67074931beb3a5501f,e5e5e6bee71cfdbdf1475f98c035b34c17af7fc149835793ebb6699ac63bea5b,1.0,eeab28f1b5b0918a,ok,264.2816184168296,True,True,cluster_00668,val,/home/dheirav/Code/Deepfake_Detection/deepfake-project/dataset_builder/val/ai_generated/stylegan3_00426.png
data_sources/ai_generated/StyleGAN/stylegan3_00428.png,data_sources/ai_generated/StyleGAN,ai_generated,1024,1024,1.0,JPEG,122366,3df8cc5c8bdfb9f0e5590ff4fe18ce20,1ceff09a664a1d679be834570e10c5e0d24a19651d4ea18cf9a5a6fbd038b5c9,1.0,8b38f6c7303ca7c8,ok,235.14632224664092,True,True,cluster_00619,val,/home/dheirav/Code/Deepfake_Detection/deepfake-project/dataset_builder/val/ai_generated/stylegan3_00428.png
data_sources/ai_generated/StyleGAN/stylegan3_00430.png,data_sources/ai_generated/StyleGAN,ai_generated,1024,1024,1.0,JPEG,109338,1d9255dfc6c1df4fbbfcbe3bba68bbfd,573fed657ff9598c8b068075ac10b409de5bbe649cbd75163a01e51052b91605,1.0,b6247ca6d912ce9c,ok,126.29925520470351,True,True,cluster_01323,val,/home/dheirav/Code/Deepfake_Detection/deepfake-project/dataset_builder/val/ai_generated/stylegan3_00430.png
data_sources/ai_generated/StyleGAN/stylegan3_00431.png,data_sources/ai_generated/StyleGAN,ai_generated,1024,1024,1.0,JPEG,106089,94f69bd86d8f3bd9bc6a3330e580f8dd,0a1a947ed54ae3327dafaa7d71008a7e912d32812a1dba6e7370f72e26629f40,1.0,809b3330333fd3cd,ok,326.5898839932114,True,True,cluster_01514,val,/home/dheirav/Code/Deepfake_Detection/deepfake-project/dataset_builder/val/ai_generated/stylegan3_00431.png
data_sources/ai_generated/StyleGAN/stylegan3_00434.png,data_sources/ai_generated/StyleGAN,ai_generated,1024,1024,1.0,JPEG,112357,5f6bcdc865d55e21dfca04e7eeffa773,797565d4aa73a0fa3f6d318862978bcce2ceaab3b1f409f23fb586e48a391f82,1.0,9c8e63132e742add,ok,93.13030252078806,True,True,cluster_01152,val,/home/dheirav/Code/Deepfake_Detection/deepfake-project/dataset_builder/val/ai_generated/stylegan3_00434.png
data_sources/ai_generated/StyleGAN/stylegan3_00443.png,data_sources/ai_generated/StyleGAN,ai_generated,1024,1024,1.0,JPEG,120997,145dd46de7e4abbb82542583e8d74ebb,d690e86f4b4af21abb9c912f211fd3142a664cd442bba582361a42c6887dcb3c,1.0,c2173eb27908d9da,ok,230.4998247981702,True,True,cluster_00691,val,/home/dheirav/Code/Deepfake_Detection/deepfake-project/dataset_builder/val/ai_generated/stylegan3_00443.png
data_sources/ai_generated/StyleGAN/stylegan3_00444.png,data_sources/ai_generated/StyleGAN,ai_generated,1024,1024,1.0,JPEG,107140,803585393f88698801ee64b2ad7d7b1c,7ffd1522ee8a5c483f74a8ad5bbe3dd38a8a54aa81be439cc0a7041514ec9401,1.0,ce386033623cce9f,ok,130.24005105116157,True,True,cluster_01445,val,/home/dheirav/Code/Deepfake_Detection/deepfake-project/dataset_builder/val/ai_generated/stylegan3_00444.png
data_sources/ai_generated/StyleGAN/stylegan3_00445.png,data_sources/ai_generated/StyleGAN,ai_generated,1024,1024,1.0,JPEG,122805,4850089995590097ccf8a4cde202476e,523fa3a444caf6f912d98fc6b82557e56492f7bf33dac0a28dc51560bd8af0dd,1.0,966f31d4e24a63ca,ok,149.37180892388278,True,True,cluster_00590,val,/home/dheirav/Code/Deepfake_Detection/deepfake-project/dataset_builder/val/ai_generated/stylegan3_00445.png
data_sources/ai_generated/StyleGAN/stylegan3_00446.png,data_sources/ai_generated/StyleGAN,ai_generated,1024,1024,1.0,JPEG,159420,c9b07e97fb86c36330f868704174d19d,07c1a799d4627261002f24a5bec4fc1a56aedcfd6bca97c478c6afcf242625de,1.0,81a55fd6881ada9b,ok,340.55511814271085,True,True,cluster_00026,val,/home/dheirav/Code/Deepfake_Detection/deepfake-project/dataset_builder/val/ai_generated/stylegan3_00446.png
data_sources/ai_generated/StyleGAN/stylegan3_00450.png,data_sources/ai_generated/StyleGAN,ai_generated,1024,1024,1.0,JPEG,124244,a055fea77a0496143ddd9c1fd48dbf6c,badf1d2d4a14114d2f9cf5842e8cbb89b6eb621617c6b53e92ccfc72b99d9e9c,1.0,9e0f28f4fd70d181,ok,362.4704720635626,True,True,cluster_00532,val,/home/dheirav/Code/Deepfake_Detection/deepfake-project/dataset_builder/val/ai_generated/stylegan3_00450.png
data_sources/ai_generated/StyleGAN/stylegan3_00456.png,data_sources/ai_generated/StyleGAN,ai_generated,1024,1024,1.0,JPEG,127773,5829540703a8421f167c96f79012370d,c10e3e5092a68277f1b85937fb14d1aaa31a2106645deeeaadfe33426f144919,1.0,dee021272746a7cb,ok,156.4515492468454,True,True,cluster_00411,val,/home/dheirav/Code/Deepfake_Detection/deepfake-project/dataset_builder/val/ai_generated/stylegan3_00456.png
data_sources/ai_generated/StyleGAN/stylegan3_00484.png,data_sources/ai_generated/StyleGAN,ai_generated,1024,1024,1.0,JPEG,99940,b1d8c00c7513c782e2ecaffbf71ea263,ddbd25efe8c2456701a095285e7d605ba50f256d7a75997fb820ea050024e139,1.0,cf313583318fb788,ok,153.585022043916,True,True,cluster_01861,val,/home/dheirav/Code/Deepfake_Detection/deepfake-project/dataset_builder/val/ai_generated/stylegan3_00484.png
data_sources/ai_generated/StyleGAN/stylegan3_00493.png,data_sources/ai_generated/StyleGAN,ai_generated,1024,1024,1.0,JPEG,104569,0d71d26aeedadfc2174dc8ca6a115c11,0f77e8eaf578b2b12836bb4e281b762cdde0c56682e9a81553ab1890aaa710b5,1.0,bea7a0a07752a38b,ok,85.72833946052924,True,True,cluster_01603,val,/home/dheirav/Code/Deepfake_Detection/deepfake-project/dataset_builder/val/ai_generated/stylegan3_00493.png
data_sources/ai_generated/StyleGAN/stylegan3_00499.png,data_sources/ai_generated/StyleGAN,ai_generated,1024,1024,1.0,JPEG,117770,a88900933daca0f23772b437acf8a795,416813b455e518446b3ad128dd7d9ffa1ef549ade0b65a7b75126ff5434d0dbf,1.0,cf7a172103354af6,ok,95.20964803919196,True,True,cluster_00851,val,/home/dheirav/Code/Deepfake_Detection/deepfake-project/dataset_builder/val/ai_generated/stylegan3_00499.png
data_sources/ai_generated/StyleGAN/stylegan3_00500.png,data_sources/ai_generated/StyleGAN,ai_generated,1024,1024,1.0,JPEG,109750,3d06e0b9b22e61cd2031a7dfa56f7559,0a6cf3285c00102a7781bef0d3b3e2643e978a93b41a5337dbd91cbcf785b97c,1.0,efb03493b1619bc2,ok,97.02188647610365,True,True,cluster_01303,val,/home/dheirav/Code/Deepfake_Detection/deepfake-project/dataset_builder/val/ai_generated/stylegan3_00500.png
data_sources/ai_generated/StyleGAN/stylegan3_00502.png,data_sources/ai_generated/StyleGAN,ai_generated,1024,1024,1.0,JPEG,117282,2aeb54658778c48d220532cc1cd958e8,be6cabe04ecaee4ed9d3e16a253d349346945cddce3877f59eb98501c8909862,1.0,9acd2c7d641c25ce,ok,146.7927128378651,True,True,cluster_00882,val,/home/dheirav/Code/Deepfake_Detection/deepfake-project/dataset_builder/val/ai_generated/stylegan3_00502.png
data_sources/ai_generated/StyleGAN/stylegan3_00503.png,data_sources/ai_generated/StyleGAN,ai_generated,1024,1024,1.0,JPEG,132295,4dffae21d6e9d43d6e4eaef037393a59,23fb57205b0d30f8d8380da8c24a72bc28cd82b11c56faaacc3338e171328d18,1.0,fa6921e1252db497,ok,515.5769486201816,True,True,cluster_00290,val,/home/dheirav/Code/Deepfake_Detection/deepfake-project/dataset_builder/val/ai_generated/stylegan3_00503.png
data_sources/ai_generated/StyleGAN/stylegan3_00511.png,data_sources/ai_generated/StyleGAN,ai_generated,1024,1024,1.0,JPEG,135026,a143f7e2bec60a706b43b766e72bb9ef,07a6d5ef06a787bbeb30e5063b6ca5362422d30e7d2b3eb7cd81efa67f44c376,1.0,9956706362cb939b,ok,272.5619411410298,True,True,cluster_00234,val,/home/dheirav/Code/Deepfake_Detection/deepfake-project/dataset_builder/val/ai_generated/stylegan3_00511.png
data_sources/ai_generated/StyleGAN/stylegan3_00515.png,data_sources/ai_generated/StyleGAN,ai_generated,1024,1024,1.0,JPEG,108168,86818d4c8e943320c552be30e4dbc3e1,be5226d70e9d58bd2f99dc1b9ed143c6f76b0a9eba9554d62a3b85753296e8d9,1.0,c3fc34103db392ce,ok,92.20967889175425,True,True,cluster_01378,val,/home/dheirav/Code/Deepfake_Detection/deepfake-project/dataset_builder/val/ai_generated/stylegan3_00515.png
data_sources/ai_generated/StyleGAN/stylegan3_00521.png,data_sources/ai_generated/StyleGAN,ai_generated,1024,1024,1.0,JPEG,135040,687fc2edc80539b546195ca540304622,274b84b0abc3af7f1e0101e88ed542bc24bbc6fcb61082cc4b194cb4e5ff529b,1.0,b2d05b571f12179a,ok,322.91216612659264,True,True,cluster_00233,val,/home/dheirav/Code/Deepfake_Detection/deepfake-project/dataset_builder/val/ai_generated/stylegan3_00521.png
data_sources/ai_generated/StyleGAN/stylegan3_00523.png,data_sources/ai_generated/StyleGAN,ai_generated,1024,1024,1.0,JPEG,136186,179edc74cd156d94e4710e8fdf5062e0,8d7fd840c9e419b6a7f1e0ca6d4362fd8058fa5170564a6cfe8959bc49ebe06b,1.0,a52ef2a0518fc3cd,ok,214.74475250905016,True,True,cluster_00206,val,/home/dheirav/Code/Deepfake_Detection/deepfake-project/dataset_builder/val/ai_generated/stylegan3_00523.png
data_sources/ai_generated/StyleGAN/stylegan3_00537.png,data_sources/ai_generated/StyleGAN,ai_generated,1024,1024,1.0,JPEG,132647,2bec646af4d24bbb897f3e34e14ae6ec,ad9baf634f6d448646c7123c829722885406ae9f7a25840c4883db10a3198e3a,1.0,8b7d7cb230a1e3c8,ok,170.86967467708382,True,True,cluster_00280,val,/home/dheirav/Code/Deepfake_Detection/deepfake-project/dataset_builder/val/ai_generated/stylegan3_00537.png
data_sources/ai_generated/StyleGAN/stylegan3_00547.png,data_sources/ai_generated/StyleGAN,ai_generated,1024,1024,1.0,JPEG,116512,00169e4977cfc08e974874ea5c6aa8b5,26452cfdbb5d242488822a46427fd0e3255af5c6445812255642ff7c4f8300a5,1.0,bcfefca4a064809e,ok,94.56546080525732,True,True,cluster_00918,val,/home/dheirav/Code/Deepfake_Detection/deepfake-project/dataset_builder/val/ai_generated/stylegan3_00547.png
data_sources/ai_generated/StyleGAN/stylegan3_00548.png,data_sources/ai_generated/StyleGAN,ai_generated,1024,1024,1.0,JPEG,112008,ec05e574496a7db172c2cbdd40bd9333,e5bb83de9d5279d6fcedf488acef281a41698e01032b912159f2eb194c8404df,1.0,be1b2325256dc68d,ok,182.0009075577691,True,True,cluster_01168,val,/home/dheirav/Code/Deepfake_Detection/deepfake-project/dataset_builder/val/ai_generated/stylegan3_00548.png
data_sources/ai_generated/StyleGAN/stylegan3_00550.png,data_sources/ai_generated/StyleGAN,ai_generated,1024,1024,1.0,JPEG,132605,402e3dd78ff63118f16c8b25cc7029b9,95ca18605fe585af47494da167fdb5fdeac6a15da77b802ad4d03f65329ed0cb,1.0,da46387ebb6d8b00,ok,141.55960316395795,True,True,cluster_00282,val,/home/dheirav/Code/Deepfake_Detection/deepfake-project/dataset_builder/val/ai_generated/stylegan3_00550.png
data_sources/ai_generated/StyleGAN/stylegan3_00557.png,data_sources/ai_generated/StyleGAN,ai_generated,1024,1024,1.0,JPEG,127937,7fe6613e63f8aa3892aab7e9493de87d,ce92c74f635b614b8e439145940f378a4196019d03bcbcd388794051d6a287c9,1.0,deaae096415c47f8,ok,191.00041102321754,True,True,cluster_00406,val,/home/dheirav/Code/Deepfake_Detection/deepfake-project/dataset_builder/val/ai_generated/stylegan3_00557.png
data_sources/ai_generated/StyleGAN/stylegan3_00580.png,data_sources/ai_generated/StyleGAN,ai_generated,1024,1024,1.0,JPEG,180001,ddeb1529b828ad6331972659503caf65,b139259a326a0412720ad173ba06f4b509ccfe8c8fd781b11296f1e37d2c095c,1.0,ea4ba463b06371cb,ok,1102.84051347713,True,True,cluster_00003,val,/home/dheirav/Code/Deepfake_Detection/deepfake-project/dataset_builder/val/ai_generated/stylegan3_00580.png
data_sources/ai_generated/StyleGAN/stylegan3_00588.png,data_sources/ai_generated/StyleGAN,ai_generated,1024,1024,1.0,JPEG,122001,3edb9d1dfe1385f21fc36599331a8920,95ec1cd5bac9f3a72cbbeadabafefd248f9407041e777d071bd70e6d9c43ab38,1.0,e95a1dd6ab292196,ok,382.5796163100712,True,True,cluster_00641,val,/home/dheirav/Code/Deepfake_Detection/deepfake-project/dataset_builder/val/ai_generated/stylegan3_00588.png
data_sources/ai_generated/StyleGAN/stylegan3_00595.png,data_sources/ai_generated/StyleGAN,ai_generated,1024,1024,1.0,JPEG,126379,7daa8a3a92ec960ce7e0aec39712cfc6,915ae82d8136f3c7225000affb4730d9bc79772072958480c3d17e939230b2c7,1.0,dec6f1b2211d168d,ok,159.77275987964458,True,True,cluster_00455,val,/home/dheirav/Code/Deepfake_Detection/deepfake-project/dataset_builder/val/ai_generated/stylegan3_00595.png
data_sources/ai_generated/StyleGAN/stylegan3_00597.png,data_sources/ai_generated/StyleGAN,ai_generated,1024,1024,1.0,JPEG,105781,b287d51ccd81138b378f2ecc551ed198,a9d20030d4ae0acb4a099fcb484e3a67e2b057bccf71c730000d0de6fcd01474,1.0,8fb534323099b2cf,ok,87.95839229481862,True,True,cluster_01531,val,/home/dheirav/Code/Deepfake_Detection/deepfake-project/dataset_builder/val/ai_generated/stylegan3_00597.png
data_sources/ai_generated/StyleGAN/stylegan3_00601.png,data_sources/ai_generated/StyleGAN,ai_generated,1024,1024,1.0,JPEG,137387,3f4c818a92395688495db628cc643930,45d5c5cd85e8d1c26fd3daeb5a85a746bd90fd78e6e576a92033f41c1f04f0e2,1.0,cb283d94e7c88bd8,ok,303.7816158407331,True,True,cluster_00186,val,/home/dheirav/Code/Deepfake_Detection/deepfake-project/dataset_builder/val/ai_generated/stylegan3_00601.png
data_sources/ai_generated/StyleGAN/stylegan3_00610.png,data_sources/ai_generated/StyleGAN,ai_generated,1024,1024,1.0,JPEG,115791,dc38a268964e10e9712401776944fa3e,f873601a722aaccd4966e7158884d3e681bcec8a1b287f93c860b72fec6c32bd,1.0,dfc138cee38c2398,ok,117.91458822472123,True,True,cluster_00949,val,/home/dheirav/Code/Deepfake_Detection/deepfake-project/dataset_builder/val/ai_generated/stylegan3_00610.png
data_sources/ai_generated/StyleGAN/stylegan3_00621.png,data_sources/ai_generated/StyleGAN,ai_generated,1024,1024,1.0,JPEG,135053,c16f1e8d623d161b55deccc999c5e69e,c2004747460078603748e1676e0b48bc2634ab6fdeee56b953a5e51872de7ac1,1.0,aa1e2524b63356d7,ok,412.2772692804537,True,True,cluster_00232,val,/home/dheirav/Code/Deepfake_Detection/deepfake-project/dataset_builder/val/ai_generated/stylegan3_00621.png
data_sources/ai_generated/StyleGAN/stylegan3_00625.png,data_sources/ai_generated/StyleGAN,ai_generated,1024,1024,1.0,JPEG,126703,aeb55def0c39e9d86b55c0f27cd6448b,92ebbcb289c1620d997bfbf833b991a1fd5bfaf11e1815a85b1fe507ff3b3e56,1.0,ef175ab0315292ce,ok,194.3514883611633,True,True,cluster_00442,val,/home/dheirav/Code/Deepfake_Detection/deepfake-project/dataset_builder/val/ai_generated/stylegan3_00625.png
data_sources/ai_generated/StyleGAN/stylegan3_00640.png,data_sources/ai_generated/StyleGAN,ai_generated,1024,1024,1.0,JPEG,106992,5744495d9ae250c7d0ed605eaef1e55c,bfc2d10eb13637a5decf973f88b673f64a515dc1802b466e7fd9239bc22eb7bb,1.0,d9ac60c42779b3d8,ok,83.67129165559072,True,True,cluster_01454,val,/home/dheirav/Code/Deepfake_Detection/deepfake-project/dataset_builder/val/ai_generated/stylegan3_00640.png
data_sources/ai_generated/StyleGAN/stylegan3_00644.png,data_sources/ai_generated/StyleGAN,ai_generated,1024,1024,1.0,JPEG,116432,f4715622ebac128e9bfd4cd10127d72e,f1a6fcb8e2d878f55b185aaa7e75d9ef4507379210d5a53d413216b1a600b0e9,1.0,d515f35a4b786861,ok,110.52570150236352,True,True,cluster_00923,val,/home/dheirav/Code/Deepfake_Detection/deepfake-project/dataset_builder/val/ai_generated/stylegan3_00644.png
data_sources/ai_generated/StyleGAN/stylegan3_00648.png,data_sources/ai_generated/StyleGAN,ai_generated,1024,1024,1.0,JPEG,99024,f4ee0ef62a6b1d538c7d8ecdbaf69ce0,6a07ff8cd34484df13e13e05eabcbfc1219b2a0b13a94af6d4a14fbbdc3b27dd,1.0,eb9f85e116097299,ok,93.87079019838347,True,True,cluster_01897,val,/home/dheirav/Code/Deepfake_Detection/deepfake-project/dataset_builder/val/ai_generated/stylegan3_00648.png
data_sources/ai_generated/StyleGAN/stylegan3_00655.png,data_sources/ai_generated/StyleGAN,ai_generated,1024,1024,1.0,JPEG,113659,80fb142bf7526670154fb58ed8303b43,4d3fd4208fc2ed9616cd94d5cc5ad5e37921c1cd841aa6e042ddfbe3d2815887,1.0,fae021e725c79686,ok,131.45452741466215,True,True,cluster_01073,val,/home/dheirav/Code/Deepfake_Detection/deepfake-project/dataset_builder/val/ai_generated/stylegan3_00655.png
data_sources/ai_generated/StyleGAN/stylegan3_00658.png,data_sources/ai_generated/StyleGAN,ai_generated,1024,1024,1.0,JPEG,156959,43f405e96f5180b0e2d07f50e9b0608c,96f3b92764de8db5c3955b13b37693a6ad9b5fdc5cadbdc58958010dc2428a61,1.0,c91f743b7219c6c8,ok,372.9320133081055,True,True,cluster_00038,val,/home/dheirav/Code/Deepfake_Detection/deepfake-project/dataset_builder/val/ai_generated/stylegan3_00658.png
data_sources/ai_generated/StyleGAN/stylegan3_00669.png,data_sources/ai_generated/StyleGAN,ai_generated,1024,1024,1.0,JPEG,107778,15983a4e397b38e51d5c83653b288de6,aae0e94f480e1cc04347f4d72f8a5e08aa3c6ef141d3e550a7cca9f87fdd8418,1.0,bbf461c3448bd689,ok,122.96089776646113,True,True,cluster_01405,val,/home/dheirav/Code/Deepfake_Detection/deepfake-project/dataset_builder/val/ai_generated/stylegan3_00669.png
data_sources/ai_generated/StyleGAN/stylegan3_00671.png,data_sources/ai_generated/StyleGAN,ai_generated,1024,1024,1.0,JPEG,111631,8ae0c3dad0f6e70bc357bb8152259aee,6508167f67a4d2b6f18a7d6527a556d98a571e92eb72e4edfc53831c91301a02,1.0,dc3f2570b629cab0,ok,133.58190626495974,True,True,cluster_01192,val,/home/dheirav/Code/Deepfake_Detection/deepfake-project/dataset_builder/val/ai_generated/stylegan3_00671.png
data_sources/ai_generated/StyleGAN/stylegan3_00679.png,data_sources/ai_generated/StyleGAN,ai_generated,1024,1024,1.0,JPEG,123789,876189c3b2652cd1cb72fdd78cb1366e,830687d1c8e7c15e4c353ef14345b8b79a9b31afc753e760211b1dd7d8ecfbe8,1.0,a9892c96753f229e,ok,103.51929980679415,True,True,cluster_00555,val,/home/dheirav/Code/Deepfake_Detection/deepfake-project/dataset_builder/val/ai_generated/stylegan3_00679.png
data_sources/ai_generated/StyleGAN/stylegan3_00690.png,data_sources/ai_generated/StyleGAN,ai_generated,1024,1024,1.0,JPEG,121958,3e1f198c79c6caf637d238919a3c6f47,b725ac074f50ef7fd67d94d0ae0ac25de9b09c0d5d9f8520e732a81104dbcb4e,1.0,de75a0c3838d879c,ok,168.62240409405422,True,True,cluster_00646,val,/home/dheirav/Code/Deepfake_Detection/deepfake-project/dataset_builder/val/ai_generated/stylegan3_00690.png
data_sources/ai_generated/StyleGAN/stylegan3_00714.png,data_sources/ai_generated/StyleGAN,ai_generated,1024,1024,1.0,JPEG,111539,cce0473c34b3ffafccca692bd0aae26f,0177c3e9c52652135a6f071dea60eb42dc61f9b109404748121d02ba552ed58f,1.0,87a81b5f6b28e592,ok,206.29448688936827,True,True,cluster_01199,val,/home/dheirav/Code/Deepfake_Detection/deepfake-project/dataset_builder/val/ai_generated/stylegan3_00714.png
data_sources/ai_generated/StyleGAN/stylegan3_00719.png,data_sources/ai_generated/StyleGAN,ai_generated,1024,1024,1.0,JPEG,132002,7d97746acf6762cfda9315930c55f7d1,bdfe7b4c610d3788da6618dbb9136e43f6e1628a178cf8dd3a6347108eaefd56,1.0,c7c3f856a170de09,ok,210.82946485782213,True,True,cluster_00299,val,/home/dheirav/Code/Deepfake_Detection/deepfake-project/dataset_builder/val/ai_generated/stylegan3_00719.png
data_sources/ai_generated/StyleGAN/stylegan3_00729.png,data_sources/ai_generated/StyleGAN,ai_generated,1024,1024,1.0,JPEG,102519,f402b42a7f0b8c94f5c774fd32b0eec0,028265ecf5fb9764eec5abe38fdaa9d40d71a5fd200ff853b723e2a67e9cbe82,1.0,8bc15c8f287c74d5,ok,103.07840060146464,True,True,cluster_01726,val,/home/dheirav/Code/Deepfake_Detection/deepfake-project/dataset_builder/val/ai_generated/stylegan3_00729.png
data_sources/ai_generated/StyleGAN/stylegan3_00737.png,data_sources/ai_generated/StyleGAN,ai_generated,1024,1024,1.0,JPEG,122636,ff0e19ced469adf55e2d4bc240696edd,b5ac54977f5563631fcac8c7f3e3f45768f174a1b8f2628e9720c9c138f82bd9,1.0,9e40fa05781fd29e,ok,253.0730512954142,True,True,cluster_00600,val,/home/dheirav/Code/Deepfake_Detection/deepfake-project/dataset_builder/val/ai_generated/stylegan3_00737.png
data_sources/ai_generated/StyleGAN/stylegan3_00738.png,data_sources/ai_generated/StyleGAN,ai_generated,1024,1024,1.0,JPEG,101154,7b0ebe3083ae272b78bb2917232632ee,1b3746bb3a5f7fa79c3e08d665ae56afb74cd4d2189a57f7e02b6b8bd15668a4,1.0,c90d7e3660e286cf,ok,98.88957081618628,True,True,cluster_01785,val,/home/dheirav/Code/Deepfake_Detection/deepfake-project/dataset_builder/val/ai_generated/stylegan3_00738.png
data_sources/ai_generated/StyleGAN/stylegan3_00759.png,data_sources/ai_generated/StyleGAN,ai_generated,1024,1024,1.0,JPEG,125682,620fb1ea8360773cd305e876955d5fc2,e7480995e7ef327867c8ecff66026ffa6fc741e4ddcf285eafc8b8311db3d120,1.0,9aa5f001d50fc69f,ok,139.35560409688333,True,True,cluster_00475,val,/home/dheirav/Code/Deepfake_Detection/deepfake-project/dataset_builder/val/ai_generated/stylegan3_00759.png
data_sources/ai_generated/StyleGAN/stylegan3_00761.png,data_sources/ai_generated/StyleGAN,ai_generated,1024,1024,1.0,JPEG,149270,003d2137230b33e3d44d1176d6e017f1,5ace4abe09c9176251d147387f96a483d1c51f14706a9c62890ee59624cbab74,1.0,f89641e7246a66d9,ok,456.08602561370833,True,True,cluster_00071,val,/home/dheirav/Code/Deepfake_Detection/deepfake-project/dataset_builder/val/ai_generated/stylegan3_00761.png
data_sources/ai_generated/StyleGAN/stylegan3_00765.png,data_sources/ai_generated/StyleGAN,ai_generated,1024,1024,1.0,JPEG,120613,3d4fd74ef568a5677b10568caa10addb,7492e3206f375e5b411d1cb72af5f955f24a33af07f5f64981afc506bbcbea90,1.0,d02568372d2e7fc2,ok,80.66361999066339,True,True,cluster_00706,val,/home/dheirav/Code/Deepfake_Detection/deepfake-project/dataset_builder/val/ai_generated/stylegan3_00765.png
data_sources/ai_generated/StyleGAN/stylegan3_00770.png,data_sources/ai_generated/StyleGAN,ai_generated,1024,1024,1.0,JPEG,126420,32c1a64e6486a76b26fd312864184670,25ba01d8a6b62f8bda602489edac8d7d34f9cfd80a175367c8da67f4e3557251,1.0,cf58a0d7841f2e78,ok,135.11295049544424,True,True,cluster_00451,val,/home/dheirav/Code/Deepfake_Detection/deepfake-project/dataset_builder/val/ai_generated/stylegan3_00770.png
data_sources/ai_generated/StyleGAN/stylegan3_00772.png,data_sources/ai_generated/StyleGAN,ai_generated,1024,1024,1.0,JPEG,113934,c2191adb0e7e3723fe0cccb79f0f7489,47f8102627f0e5be8504ad8762d962af145c9a63b464da260bea34502207cd2d,1.0,9a47712ea33cdb0a,ok,89.86363127804361,True,True,cluster_01059,val,/home/dheirav/Code/Deepfake_Detection/deepfake-project/dataset_builder/val/ai_generated/stylegan3_00772.png
data_sources/ai_generated/StyleGAN/stylegan3_00774.png,data_sources/ai_generated/StyleGAN,ai_generated,1024,1024,1.0,JPEG,131265,9295dec1d791468cb3473f6b2bbdc917,c2956e33c2ad46de10149f04d785025ed3cae2bda9f5e2f2a6bde71554226298,1.0,e12b179d5a55c0cd,ok,185.6430558706042,True,True,cluster_00311,val,/home/dheirav/Code/Deepfake_Detection/deepfake-project/dataset_builder/val/ai_generated/stylegan3_00774.png
data_sources/ai_generated/StyleGAN/stylegan3_00784.png,data_sources/ai_generated/StyleGAN,ai_generated,1024,1024,1.0,JPEG,122691,054dd4ffd45e482cd4d208c562867ff9,c98c895a3e7914439f7a7d3f2f81ae9013b13057c750af386092f1b778a1a9f3,1.0,abaf7cb470748690,ok,142.4691771119833,True,True,cluster_00597,val,/home/dheirav/Code/Deepfake_Detection/deepfake-project/dataset_builder/val/ai_generated/stylegan3_00784.png
data_sources/ai_generated/StyleGAN/stylegan3_00786.png,data_sources/ai_generated/StyleGAN,ai_generated,1024,1024,1.0,JPEG,112962,9ef86c2a4f82181872223d8a49c67290,0e23fde414a62bbf85624d2df0145913f7211d7af1265ab770bb223c6943990f,1.0,ad1572b272aa83cb,ok,133.7146540690992,True,True,cluster_01114,val,/home/dheirav/Code/Deepfake_Detection/deepfake-project/dataset_builder/val/ai_generated/stylegan3_00786.png
data_sources/ai_generated/StyleGAN/stylegan3_00808.png,data_sources/ai_generated/StyleGAN,ai_generated,1024,1024,1.0,JPEG,148697,9581122f8c8c44be9e19e55dbd4750f8,303abb4b7116297e680a1abd5b5bf0c438701db55b1d211c27d16e94c808db16,1.0,9ec279672057a5d8,ok,245.4216695062205,True,True,cluster_00076,val,/home/dheirav/Code/Deepfake_Detection/deepfake-project/dataset_builder/val/ai_generated/stylegan3_00808.png
data_sources/ai_generated/StyleGAN/stylegan3_00810.png,data_sources/ai_generated/StyleGAN,ai_generated,1024,1024,1.0,JPEG,117453,e3ce3c6cd6902c55a405873c72daa1e6,a8a2e7f01776627752245a41078da7bd9a10d1cc971c099812ca58db42ac6ef3,1.0,8df976e231010bcf,ok,163.6277838483802,True,True,cluster_00870,val,/home/dheirav/Code/Deepfake_Detection/deepfake-project/dataset_builder/val/ai_generated/stylegan3_00810.png
data_sources/ai_generated/StyleGAN/stylegan3_00822.png,data_sources/ai_generated/StyleGAN,ai_generated,1024,1024,1.0,JPEG,102332,d9a1e56f09acdb77b7a72bf62c1ff7cb,b510b1b27ffefc46ecd8fcfd4b2f8d322bffa5ff647f86badfa4beffc675bfce,1.0,da2f218e8fe8229d,ok,151.05709355151973,True,True,cluster_01734,val,/home/dheirav/Code/Deepfake_Detection/deepfake-project/dataset_builder/val/ai_generated/stylegan3_00822.png
data_sources/ai_generated/StyleGAN/stylegan3_00823.png,data_sources/ai_generated/StyleGAN,ai_generated,1024,1024,1.0,JPEG,105631,4ab98abec782e860f88c1c6647d66d59,35afbab63025a7e8b8b797b55e10a64e86a6f2f90d6c0d3c1b6341851a914a43,1.0,a879a197c297dc8c,ok,146.45567915516494,True,True,cluster_01543,val,/home/dheirav/Code/Deepfake_Detection/deepfake-project/dataset_builder/val/ai_generated/stylegan3_00823.png
data_sources/ai_generated/StyleGAN/stylegan3_00825.png,data_sources/ai_generated/StyleGAN,ai_generated,1024,1024,1.0,JPEG,139850,1090266e7a26ea6614368534537568e1,61801a446637bb6472769b1213c6f48c7c5452aaaa86b4c752e16fca43a51edf,1.0,ac94bea10bdd888f,ok,375.17813082437704,True,True,cluster_00153,val,/home/dheirav/Code/Deepfake_Detection/deepfake-project/dataset_builder/val/ai_generated/stylegan3_00825.png
data_sources/ai_generated/StyleGAN/stylegan3_00826.png,data_sources/ai_generated/StyleGAN,ai_generated,1024,1024,1.0,JPEG,105199,417d0bb1202cf9cda233f60eda2bd8fa,06b808821cf5c30fb190940a980a312b05475ebc5a64ece171a73b90036d8ce7,1.0,da81bdbe959a9098,ok,139.15830319101858,True,True,cluster_01570,val,/home/dheirav/Code/Deepfake_Detection/deepfake-project/dataset_builder/val/ai_generated/stylegan3_00826.png
data_sources/ai_generated/StyleGAN/stylegan3_00834.png,data_sources/ai_generated/StyleGAN,ai_generated,1024,1024,1.0,JPEG,130517,afe905de845e9e869c428fc8b1a41ff7,bf026fa083207b204f014ed731388ef8a6a154fc70663122ef0f43528232d075,1.0,c1891a476f676497,ok,156.46464464978544,True,True,cluster_00329,val,/home/dheirav/Code/Deepfake_Detection/deepfake-project/dataset_builder/val/ai_generated/stylegan3_00834.png
data_sources/ai_generated/StyleGAN/stylegan3_00844.png,data_sources/ai_generated/StyleGAN,ai_generated,1024,1024,1.0,JPEG,113623,dece42fa13f12d53658380d4d14f6689,910624a11a32480f5f7ca4f30b6e00d43e6e721f4448fb410e8d5aef231b4c93,1.0,cb7c2572307cb750,ok,116.47203440195881,True,True,cluster_01075,val,/home/dheirav/Code/Deepfake_Detection/deepfake-project/dataset_builder/val/ai_generated/stylegan3_00844.png
data_sources/ai_generated/StyleGAN/stylegan3_00846.png,data_sources/ai_generated/StyleGAN,ai_generated,1024,1024,1.0,JPEG,118492,a3ac437d0271b35c3b7c16b48d3298b2,0869d1a4c385f83b64686ffed9eb92b411b599bfa2d566d1bfcecfe2575d6492,1.0,c3523d1bb03d5b58,ok,307.7538418354005,True,True,cluster_00824,val,/home/dheirav/Code/Deepfake_Detection/deepfake-project/dataset_builder/val/ai_generated/stylegan3_00846.png
data_sources/ai_generated/StyleGAN/stylegan3_00850.png,data_sources/ai_generated/StyleGAN,ai_generated,1024,1024,1.0,JPEG,101812,e27a10232cdf8524613e42990d582dd8,b7691dc79b576e699ed7182e63de6c3fe55dc5bac4caf4789b44c5221b3d507a,1.0,cd3ab70ef169850c,ok,156.91633748738968,True,True,cluster_01754,val,/home/dheirav/Code/Deepfake_Detection/deepfake-project/dataset_builder/val/ai_generated/stylegan3_00850.png
data_sources/ai_generated/StyleGAN/stylegan3_00856.png,data_sources/ai_generated/StyleGAN,ai_generated,1024,1024,1.0,JPEG,112185,e269d917dce6096a1e088bbe5e0a13c5,03d515582c119ab8ee297ca7af76337e0ede0d8e02dffab894ad193bcdd07989,1.0,bae82185e52dd6d2,ok,161.1616496242932,True,True,cluster_01160,val,/home/dheirav/Code/Deepfake_Detection/deepfake-project/dataset_builder/val/ai_generated/stylegan3_00856.png
data_sources/ai_generated/StyleGAN/stylegan3_00857.png,data_sources/ai_generated/StyleGAN,ai_generated,1024,1024,1.0,JPEG,125487,c2ec6b61be7c439cd1c1bccfee02f54a,e272093d7af46e8ff1535d7ad09f0ef2dba84859bc9f35b5f61e8414fda691d2,1.0,daefe10be029f680,ok,259.88529327639026,True,True,cluster_00480,val,/home/dheirav/Code/Deepfake_Detection/deepfake-project/dataset_builder/val/ai_generated/stylegan3_00857.png
data_sources/ai_generated/StyleGAN/stylegan3_00859.png,data_sources/ai_generated/StyleGAN,ai_generated,1024,1024,1.0,JPEG,106280,3a8a4cb3aebc227500f58cca17432741,05482f59e9921f5cdb5ba2caeeda269211313bcfdd5c2770032e7783879dd8d2,1.0,8dd3408365dfc38d,ok,121.29933051191256,True,True,cluster_01501,val,/home/dheirav/Code/Deepfake_Detection/deepfake-project/dataset_builder/val/ai_generated/stylegan3_00859.png
data_sources/ai_generated/StyleGAN/stylegan3_00863.png,data_sources/ai_generated/StyleGAN,ai_generated,1024,1024,1.0,JPEG,121883,befb64035e2774895042d34288bf4797,21843ebb4be39e7bc4c998703586fa6155cdb26574083c9e7ff765be01df31ad,1.0,a53f3cb0f1a1a1ca,ok,112.81885951220374,True,True,cluster_00649,val,/home/dheirav/Code/Deepfake_Detection/deepfake-project/dataset_builder/val/ai_generated/stylegan3_00863.png
data_sources/ai_generated/StyleGAN/stylegan3_00869.png,data_sources/ai_generated/StyleGAN,ai_generated,1024,1024,1.0,JPEG,111826,d431df34682431282cdd93a6ea00ab64,e20cf988d2605b9fe44b274a51c21d57b1a15c6f7bc090bb161e483414b771ec,1.0,974e686e2468ab9d,ok,113.92741085294163,True,True,cluster_01178,val,/home/dheirav/Code/Deepfake_Detection/deepfake-project/dataset_builder/val/ai_generated/stylegan3_00869.png
data_sources/ai_generated/StyleGAN/stylegan3_00870.png,data_sources/ai_generated/StyleGAN,ai_generated,1024,1024,1.0,JPEG,124467,d96a9b4f54fbd97886cff4ac91d21027,bf6676605db6651952884ebc2601f1bcb3ff5f646f4963bb088b3a57e84a3f1a,1.0,981fe1919fd0334e,ok,281.02177810537614,True,True,cluster_00525,val,/home/dheirav/Code/Deepfake_Detection/deepfake-project/dataset_builder/val/ai_generated/stylegan3_00870.png
data_sources/ai_generated/StyleGAN/stylegan3_00874.png,data_sources/ai_generated/StyleGAN,ai_generated,1024,1024,1.0,JPEG,117639,bf8320bbdc7b73242d3730edc6cfc367,bb80b9375c3c6e6bbef0cc35caec70bafc8c43c36b3ce7b9160ef0634f657f3b,1.0,98da828b6d2db275,ok,123.96548523904403,True,True,cluster_00854,val,/home/dheirav/Code/Deepfake_Detection/deepfake-project/dataset_builder/val/ai_generated/stylegan3_00874.png
data_sources/ai_generated/StyleGAN/stylegan3_00879.png,data_sources/ai_generated/StyleGAN,ai_generated,1024,1024,1.0,JPEG,109143,24d59ad88a25c47d0848a61a1fb01a29,63610972bd5dc36d20627791f54f0642e3c1585854c44445a3b8c5dffc88672d,1.0,fa7e01a1e016b7f0,ok,153.03932420983526,True,True,cluster_01330,val,/home/dheirav/Code/Deepfake_Detection/deepfake-project/dataset_builder/val/ai_generated/stylegan3_00879.png
data_sources/ai_generated/StyleGAN/stylegan3_00880.png,data_sources/ai_generated/StyleGAN,ai_generated,1024,1024,1.0,JPEG,134444,878d59f7ae179c8bf7281580be95aeb6,2dbc949563e5fd81c84bbe7586d805f1157d3f0346477d850147ebc5037fd7c3,1.0,adf702f04383d38b,ok,253.85678392916085,True,True,cluster_00247,val,/home/dheirav/Code/Deepfake_Detection/deepfake-project/dataset_builder/val/ai_generated/stylegan3_00880.png
data_sources/ai_generated/StyleGAN/stylegan3_00898.png,data_sources/ai_generated/StyleGAN,ai_generated,1024,1024,1.0,JPEG,106885,e6ba7ba29efaf1d1f4b39a731d7ce013,fdb38e0b894bb855ea700bdd5e7da61402350faf158fcc8d5c497b33205e6c2b,1.0,fbb57482c0cbc389,ok,166.49266711578,True,True,cluster_01462,val,/home/dheirav/Code/Deepfake_Detection/deepfake-project/dataset_builder/val/ai_generated/stylegan3_00898.png
data_sources/ai_generated/StyleGAN/stylegan3_00899.png,data_sources/ai_generated/StyleGAN,ai_generated,1024,1024,1.0,JPEG,118660,88de56b2eddcb4cebd1475f7f0b3ecc9,b63bee5b95d7a7afdf8b89af4d7505c1ca6a268257b8ba7b9bdd13ee15690f59,1.0,ba25e117ed02bb0d,ok,157.6871547121409,True,True,cluster_00815,val,/home/dheirav/Code/Deepfake_Detection/deepfake-project/dataset_builder/val/ai_generated/stylegan3_00899.png
data_sources/ai_generated/StyleGAN/stylegan3_00907.png,data_sources/ai_generated/StyleGAN,ai_generated,1024,1024,1.0,JPEG,128553,3aa8d41404ad5af3c7972ca6b738089f,61e7a6c7f5a511e04ebed0593f6e89e5e6e6cf4bb0241f05f946c8049a77c23d,1.0,cb72bd82c8a42b3e,ok,955.329158159125,True,True,cluster_00384,val,/home/dheirav/Code/Deepfake_Detection/deepfake-project/dataset_builder/val/ai_generated/stylegan3_00907.png
data_sources/ai_generated/StyleGAN/stylegan3_00910.png,data_sources/ai_generated/StyleGAN,ai_generated,1024,1024,1.0,JPEG,104983,a56ce08804030bd645f828d7e72e1fa8,143787135944aebf009c0551a27e45333815ffb94505047308cfe0362221aaaa,1.0,840d367ab4327bce,ok,148.96754308874006,True,True,cluster_01583,val,/home/dheirav/Code/Deepfake_Detection/deepfake-project/dataset_builder/val/ai_generated/stylegan3_00910.png
data_sources/ai_generated/StyleGAN/stylegan3_00919.png,data_sources/ai_generated/StyleGAN,ai_generated,1024,1024,1.0,JPEG,120351,4cafee7cc0895dc7055ffe0125959e8e,638b3d4dab7fdfa46687733e325da6f5d95f369c2a538373ec3f439eb7233c48,1.0,b0e87aa5290dcb9d,ok,171.58764159702332,True,True,cluster_00727,val,/home/dheirav/Code/Deepfake_Detection/deepfake-project/dataset_builder/val/ai_generated/stylegan3_00919.png
data_sources/ai_generated/StyleGAN/stylegan3_00920.png,data_sources/ai_generated/StyleGAN,ai_generated,1024,1024,1.0,JPEG,113730,0819e794aad88b55777d93131e496fc4,0ead5ccac1bd3e052bac988eb77cba090270b001badf88d2ad0003017d64c96f,1.0,ca4237ab702dcf70,ok,133.9811735149915,True,True,cluster_01069,val,/home/dheirav/Code/Deepfake_Detection/deepfake-project/dataset_builder/val/ai_generated/stylegan3_00920.png
data_sources/ai_generated/StyleGAN/stylegan3_00921.png,data_sources/ai_generated/StyleGAN,ai_generated,1024,1024,1.0,JPEG,116220,63327a75f738679df4b91bdcbef7e0f8,a26b930387a0f014ce9c3ca2d07f6349b79578babe548137b0c103438d30cce7,1.0,ecbc78b454c1d2ca,ok,155.303323680404,True,True,cluster_00934,val,/home/dheirav/Code/Deepfake_Detection/deepfake-project/dataset_builder/val/ai_generated/stylegan3_00921.png
data_sources/ai_generated/StyleGAN/stylegan3_00922.png,data_sources/ai_generated/StyleGAN,ai_generated,1024,1024,1.0,JPEG,116412,858e0c00c00f501370416b43f6fe6c12,ff8b59e3c101f1e83f04e811d92194d69cc6b94de122661becc016215d87a1a0,1.0,d0737b83c86871b3,ok,84.90627722979752,True,True,cluster_00924,val,/home/dheirav/Code/Deepfake_Detection/deepfake-project/dataset_builder/val/ai_generated/stylegan3_00922.png
data_sources/ai_generated/StyleGAN/stylegan3_00924.png,data_sources/ai_generated/StyleGAN,ai_generated,1024,1024,1.0,JPEG,130200,90ef11685377c58c455548c5f88d9e80,1d5f61ff9b6a3a49b8b9f7266eaa76ff3d439f47aa55e059a5b0f7f7bc155cde,1.0,ca8325b73435b69a,ok,229.25080611690646,True,True,cluster_00340,val,/home/dheirav/Code/Deepfake_Detection/deepfake-project/dataset_builder/val/ai_generated/stylegan3_00924.png
data_sources/ai_generated/StyleGAN/stylegan3_00926.png,data_sources/ai_generated/StyleGAN,ai_generated,1024,1024,1.0,JPEG,110513,97ab4379020bec28ab36ff83da686ef0,56a08aba03ea69b82c43d6ebf9143e1eeb4f55842d892a4524b866a1ed39d550,1.0,cd3876b4323993ca,ok,207.40970014406776,True,True,cluster_01268,val,/home/dheirav/Code/Deepfake_Detection/deepfake-project/dataset_builder/val/ai_generated/stylegan3_00926.png
data_sources/ai_generated/StyleGAN/stylegan3_00931.png,data_sources/ai_generated/StyleGAN,ai_generated,1024,1024,1.0,JPEG,101210,1ea20099ae2f143cc420ca7046141c00,874c11c3e1a65c23c83316f6c9460c09e716378e14feea3027f1a211365bdbc2,1.0,9b3ce0a7c2ca9a8b,ok,139.49119281584623,True,True,cluster_01784,val,/home/dheirav/Code/Deepfake_Detection/deepfake-project/dataset_builder/val/ai_generated/stylegan3_00931.png
data_sources/ai_generated/StyleGAN/stylegan3_00933.png,data_sources/ai_generated/StyleGAN,ai_generated,1024,1024,1.0,JPEG,130957,a17e6aeb5f3d741c5e0283fbffa311ab,ca0c216205016b1a7aae84c671faac5fdf5d571c8287fcaa48c973c701a9ef7e,1.0,92a5aa56cdea8cd8,ok,109.8074632986536,True,True,cluster_00321,val,/home/dheirav/Code/Deepfake_Detection/deepfake-project/dataset_builder/val/ai_generated/stylegan3_00933.png
data_sources/ai_generated/StyleGAN/stylegan3_00945.png,data_sources/ai_generated/StyleGAN,ai_generated,1024,1024,1.0,JPEG,135066,9eee71474e385722367b5d0ed7647309,84e6b5416c2b79c1ef1569e5a4b69d1acd014463edf5e6a0676d455623071a2b,1.0,cbcf3e64326592c2,ok,506.17299343701507,True,True,cluster_00231,val,/home/dheirav/Code/Deepfake_Detection/deepfake-project/dataset_builder/val/ai_generated/stylegan3_00945.png
data_sources/ai_generated/StyleGAN/stylegan3_00946.png,data_sources/ai_generated/StyleGAN,ai_generated,1024,1024,1.0,JPEG,136839,29937e8e272cddd439694b5c64494d35,b5ac67cf6dcdd96c00189183011ac4fe481c4d58c4b070c19ff0c6a8f6b28318,1.0,dad3243337747286,ok,494.1179835131542,True,True,cluster_00196,val,/home/dheirav/Code/Deepfake_Detection/deepfake-project/dataset_builder/val/ai_generated/stylegan3_00946.png
data_sources/ai_generated/StyleGAN/stylegan3_00948.png,data_sources/ai_generated/StyleGAN,ai_generated,1024,1024,1.0,JPEG,103104,604f712fe71f406d50be6f9915c5f476,0475ff4cca2e7245dd503dde01dddfb06c5acb2f1115a4647e5ace29bd12fb98,1.0,ef3934f0f08dc2c8,ok,140.7501115467157,True,True,cluster_01692,val,/home/dheirav/Code/Deepfake_Detection/deepfake-project/dataset_builder/val/ai_generated/stylegan3_00948.png
data_sources/ai_generated/StyleGAN/stylegan3_00949.png,data_sources/ai_generated/StyleGAN,ai_generated,1024,1024,1.0,JPEG,103200,74771db976e3ff6a9f6a6abf9fc1aba7,7e02cbe32fd3d22afa598f9e26095418473ff3587e45eca47652ef92f2420992,1.0,de0970e13743b6ca,ok,91.3834928861679,True,True,cluster_01686,val,/home/dheirav/Code/Deepfake_Detection/deepfake-project/dataset_builder/val/ai_generated/stylegan3_00949.png
data_sources/ai_generated/StyleGAN/stylegan3_00969.png,data_sources/ai_generated/StyleGAN,ai_generated,1024,1024,1.0,JPEG,140370,ed47ae737291c4f8134646a8c9ac56d5,c0051f5f2b38d1984c499dbe3eff4690e257e6c1795cfc0d3c6eb4064fb849ac,1.0,cbe361e764dc8898,ok,160.07276252977317,True,True,cluster_00148,val,/home/dheirav/Code/Deepfake_Detection/deepfake-project/dataset_builder/val/ai_generated/stylegan3_00969.png
data_sources/ai_generated/StyleGAN/stylegan3_00976.png,data_sources/ai_generated/StyleGAN,ai_generated,1024,1024,1.0,JPEG,139878,98dd9f0e088e2d8f46fcde069080ec73,b3398da4afc93705f04e5ccf5ccaeb40f83bd1f25d4d6e8d3473329abf90f483,1.0,8db632a3702b93ce,ok,480.60582446796514,True,True,cluster_00152,val,/home/dheirav/Code/Deepfake_Detection/deepfake-project/dataset_builder/val/ai_generated/stylegan3_00976.png
data_sources/ai_generated/StyleGAN/stylegan3_00978.png,data_sources/ai_generated/StyleGAN,ai_generated,1024,1024,1.0,JPEG,110830,41da5fada569c6c4eee937c5fe788177,4d81cd3bb55d6242a8013203ef9cbace0440c49d6e318d1f8236db55311bbd13,1.0,9f29617e64fc82d0,ok,139.2455426329752,True,True,cluster_01244,val,/home/dheirav/Code/Deepfake_Detection/deepfake-project/dataset_builder/val/ai_generated/stylegan3_00978.png
data_sources/ai_generated/StyleGAN/stylegan3_00982.png,data_sources/ai_generated/StyleGAN,ai_generated,1024,1024,1.0,JPEG,101060,2bfa7cfeb7ef09a86efa3d12618e93e2,901816d1df278d950a91a4a2be4d883570a3be28c165fb64bbdf14431ae54184,1.0,fa2a79e128e8a5ca,ok,80.05522822002149,True,True,cluster_01793,val,/home/dheirav/Code/Deepfake_Detection/deepfake-project/dataset_builder/val/ai_generated/stylegan3_00982.png
data_sources/ai_generated/StyleGAN/stylegan3_00994.png,data_sources/ai_generated/StyleGAN,ai_generated,1024,1024,1.0,JPEG,120664,44fed5176988c162dc14b627e582c79f,e28f1be7be04eed3b8e4fd10c378a3ccf2ce206bdef347d88acc72893260971a,1.0,de9718a339645ad8,ok,204.99513044812193,True,True,cluster_00701,val,/home/dheirav/Code/Deepfake_Detection/deepfake-project/dataset_builder/val/ai_generated/stylegan3_00994.png
data_sources/ai_generated/StyleGAN/stylegan3_00996.png,data_sources/ai_generated/StyleGAN,ai_generated,1024,1024,1.0,JPEG,98315,9a8e9a937b5dac6e2b9ec7fd62804dbd,f8ad598c27c096e852206b453d4ba176d67e4a086f8dcd5def638c143f8b5ff0,1.0,8b3f7002f21d96d9,ok,353.18258180310556,True,True,cluster_01924,val,/home/dheirav/Code/Deepfake_Detection/deepfake-project/dataset_builder/val/ai_generated/stylegan3_00996.png
data_sources/ai_generated/StyleGAN/stylegan3_01000.png,data_sources/ai_generated/StyleGAN,ai_generated,1024,1024,1.0,JPEG,104339,0ad23d768c8e3213480d53eb75024377,c7962b0ddcd55084e1ab36aeafe4a46dcaf8f259b0380a788f30dd2718bd585c,1.0,d0fae7f2921a831a,ok,509.2650574412827,True,True,cluster_01615,val,/home/dheirav/Code/Deepfake_Detection/deepfake-project/dataset_builder/val/ai_generated/stylegan3_01000.png
data_sources/ai_generated/StyleGAN/stylegan3_01003.png,data_sources/ai_generated/StyleGAN,ai_generated,1024,1024,1.0,JPEG,122477,af0b8c94d722c3bce209f1358e94005d,7d5fe0be5e90eb1a0339bbb2a3ea1569206b37eeac275ca93ceee1a8b736d749,1.0,eee5051e3600dade,ok,198.0385450275125,True,True,cluster_00610,val,/home/dheirav/Code/Deepfake_Detection/deepfake-project/dataset_builder/val/ai_generated/stylegan3_01003.png
data_sources/ai_generated/StyleGAN/stylegan3_01007.png,data_sources/ai_generated/StyleGAN,ai_generated,1024,1024,1.0,JPEG,101437,e3bc76d3b70191476f7c94f68b0b9346,3864e939f56adbd9726620ead342c12baaf6477b86f5acfa5a761d19ed8a2c49,1.0,a5b67abaf0c9c188,ok,103.12855294348174,True,True,cluster_01774,val,/home/dheirav/Code/Deepfake_Detection/deepfake-project/dataset_builder/val/ai_generated/stylegan3_01007.png
data_sources/ai_generated/StyleGAN/stylegan3_01014.png,data_sources/ai_generated/StyleGAN,ai_generated,1024,1024,1.0,JPEG,126394,7a4a31d849a789016bf00b393933704f,46b48c2478e552bd23303492b7ef1d65069e09592ea2a605fb0292c84e87ad2a,1.0,de6c2170f2398787,ok,86.17658890885559,True,True,cluster_00453,val,/home/dheirav/Code/Deepfake_Detection/deepfake-project/dataset_builder/val/ai_generated/stylegan3_01014.png
data_sources/ai_generated/StyleGAN/stylegan3_01024.png,data_sources/ai_generated/StyleGAN,ai_generated,1024,1024,1.0,JPEG,120447,7fff32858505bba92a5763934579c41c,24395ac7c0cb2011d7619f1b413e03d4787c27df1129f73aa161425fec5d9c49,1.0,cbbcb4f25249928d,ok,331.2681913877086,True,True,cluster_00716,val,/home/dheirav/Code/Deepfake_Detection/deepfake-project/dataset_builder/val/ai_generated/stylegan3_01024.png
data_sources/ai_generated/StyleGAN/stylegan3_01031.png,data_sources/ai_generated/StyleGAN,ai_generated,1024,1024,1.0,JPEG,99227,fdfbbe213d92c6d3de21f69edd786123,ba084bd532a442b5a7b0fda49ccf074919ae24cc4d8a5ac9e536c2b9cb9a111c,1.0,eb162574744487cf,ok,87.27772074747827,True,True,cluster_01888,val,/home/dheirav/Code/Deepfake_Detection/deepfake-project/dataset_builder/val/ai_generated/stylegan3_01031.png
data_sources/ai_generated/StyleGAN/stylegan3_01034.png,data_sources/ai_generated/StyleGAN,ai_generated,1024,1024,1.0,JPEG,102458,06d84a422da34a93b9b84dc08b3e5850,34852537699776c0a8a3c222f1477a6e283f2858eda3f3e30777365c719dab72,1.0,9f693572225d82cd,ok,256.3231763171779,True,True,cluster_01730,val,/home/dheirav/Code/Deepfake_Detection/deepfake-project/dataset_builder/val/ai_generated/stylegan3_01034.png
data_sources/ai_generated/StyleGAN/stylegan3_01047.png,data_sources/ai_generated/StyleGAN,ai_generated,1024,1024,1.0,JPEG,137414,be0ec2e82590a8bd7a93f35cef62f8b5,3ea08a08777b1918a9007120ae88c2cf8ea9970f91b486f77ca73c68f6685dda,1.0,88070ff2570de2db,ok,95.75172900780672,True,True,cluster_00185,val,/home/dheirav/Code/Deepfake_Detection/deepfake-project/dataset_builder/val/ai_generated/stylegan3_01047.png
data_sources/ai_generated/StyleGAN/stylegan3_01064.png,data_sources/ai_generated/StyleGAN,ai_generated,1024,1024,1.0,JPEG,122369,a69d8a9cee2a6d001ec65b50d781ff19,e1d9e2bc94e8f48b7ed94386a82737a132e0660c04228cb4b0882f6777c5b25f,1.0,f2f29b9ec80c50dc,ok,117.46224613649247,True,True,cluster_00618,val,/home/dheirav/Code/Deepfake_Detection/deepfake-project/dataset_builder/val/ai_generated/stylegan3_01064.png
data_sources/ai_generated/StyleGAN/stylegan3_01074.png,data_sources/ai_generated/StyleGAN,ai_generated,1024,1024,1.0,JPEG,112567,80efccec5a4278a4588c1bd85edf733f,2566a29dd8ebd27606980091b5fa2eb209de820a7ad1741e5b842a489c0cde8a,1.0,f863a9c3444aad3d,ok,166.9777325977329,True,True,cluster_01140,val,/home/dheirav/Code/Deepfake_Detection/deepfake-project/dataset_builder/val/ai_generated/stylegan3_01074.png
data_sources/ai_generated/StyleGAN/stylegan3_01080.png,data_sources/ai_generated/StyleGAN,ai_generated,1024,1024,1.0,JPEG,134278,ae4e912f4420822599d362bcc35ff59f,55621913562d4f0c096e393422844fa39b6df72e808b1b5dd00ea6d3b9d5fb43,1.0,9fe819d0984f4dcc,ok,245.8507954667111,True,True,cluster_00250,val,/home/dheirav/Code/Deepfake_Detection/deepfake-project/dataset_builder/val/ai_generated/stylegan3_01080.png
data_sources/ai_generated/StyleGAN/stylegan3_01081.png,data_sources/ai_generated/StyleGAN,ai_generated,1024,1024,1.0,JPEG,102845,819e77d677228f68723cc1cb1ee912c9,f72a3ea8ad2648433d5819ac3337e4d96488ffba292fbb1a85d46aba078a33e8,1.0,b1d66fc16da90698,ok,141.73277028636855,True,True,cluster_01711,val,/home/dheirav/Code/Deepfake_Detection/deepfake-project/dataset_builder/val/ai_generated/stylegan3_01081.png
data_sources/ai_generated/StyleGAN/stylegan3_01101.png,data_sources/ai_generated/StyleGAN,ai_generated,1024,1024,1.0,JPEG,99701,9d85b476ffeef4ee98d51d28b78ec303,e844205c72b20d37f12dd4f0a539a206cc189c0dc8bfc74643281acffa62a10a,1.0,bd2fb2e4a2d0989a,ok,84.29546451444094,True,True,cluster_01871,val,/home/dheirav/Code/Deepfake_Detection/deepfake-project/dataset_builder/val/ai_generated/stylegan3_01101.png
data_sources/ai_generated/StyleGAN/stylegan3_01117.png,data_sources/ai_generated/StyleGAN,ai_generated,1024,1024,1.0,JPEG,110561,27b6921ed04c21ac621a9269d0485eff,ff41fe263b7b3efac06bfa02e833966a1db6a393fab14c2c2a7bf362372e077c,1.0,dbfc752320d2409f,ok,112.09505080827148,True,True,cluster_01263,val,/home/dheirav/Code/Deepfake_Detection/deepfake-project/dataset_builder/val/ai_generated/stylegan3_01117.png
data_sources/ai_generated/StyleGAN/stylegan3_01118.png,data_sources/ai_generated/StyleGAN,ai_generated,1024,1024,1.0,JPEG,122620,7ec6870fa20f891aa13c11443d9d8b69,27d4d69bb00f5a3f6ff8f4384cae9abe4a5e7f3ccba1ff690241ca7d51f3e64a,1.0,bc8270637fe0578a,ok,368.03766313779386,True,True,cluster_00603,val,/home/dheirav/Code/Deepfake_Detection/deepfake-project/dataset_builder/val/ai_generated/stylegan3_01118.png
data_sources/ai_generated/StyleGAN/stylegan3_01119.png,data_sources/ai_generated/StyleGAN,ai_generated,1024,1024,1.0,JPEG,116569,c8e6b3512f65775a4ecbb6c56757d5fd,eee1864e98e50737f4d314884dfdac313ba8e7b6dd3b717e63fd46320bdb7fcc,1.0,813d363234b0f797,ok,165.3636105455189,True,True,cluster_00916,val,/home/dheirav/Code/Deepfake_Detection/deepfake-project/dataset_builder/val/ai_generated/stylegan3_01119.png
data_sources/ai_generated/StyleGAN/stylegan3_01132.png,data_sources/ai_generated/StyleGAN,ai_generated,1024,1024,1.0,JPEG,114411,a49b8f45a2a024fbb21b17035c0df6ad,2a9789759c607739cb8785c648f51a4980eecabe9b0dd5041d11a6c295d96429,1.0,db4221e72fc8879c,ok,112.7223044064558,True,True,cluster_01025,val,/home/dheirav/Code/Deepfake_Detection/deepfake-project/dataset_builder/val/ai_generated/stylegan3_01132.png
data_sources/ai_generated/StyleGAN/stylegan3_01136.png,data_sources/ai_generated/StyleGAN,ai_generated,1024,1024,1.0,JPEG,100470,b9b91666074335601e8fba41dbc0c931,83bfdbd20e5f5e50514a216f8ca2282a7c57f5422be8a57ef53895ee81bb43d2,1.0,afa91af4f46480dc,ok,138.94504327453615,True,True,cluster_01831,val,/home/dheirav/Code/Deepfake_Detection/deepfake-project/dataset_builder/val/ai_generated/stylegan3_01136.png
data_sources/ai_generated/StyleGAN/stylegan3_01162.png,data_sources/ai_generated/StyleGAN,ai_generated,1024,1024,1.0,JPEG,98750,f4dfc21c91127a4abd7779e72f6bf2df,3e6562f43413ad91b7d1441f54a463a840b3459be00962c17efdec51304cf8d5,1.0,cdf23ed13819c8cc,ok,82.45513176887378,True,True,cluster_01908,val,/home/dheirav/Code/Deepfake_Detection/deepfake-project/dataset_builder/val/ai_generated/stylegan3_01162.png
data_sources/ai_generated/StyleGAN/stylegan3_01168.png,data_sources/ai_generated/StyleGAN,ai_generated,1024,1024,1.0,JPEG,110733,494f9639582451b786d71476346c9b4a,9751159bc30c11a36234cac197dd0336d7d52ec5b97e2b25d2df4eb993d93409,1.0,bdf42883a69bc2d1,ok,152.85200313169383,True,True,cluster_01251,val,/home/dheirav/Code/Deepfake_Detection/deepfake-project/dataset_builder/val/ai_generated/stylegan3_01168.png
data_sources/ai_generated/StyleGAN/stylegan3_01175.png,data_sources/ai_generated/StyleGAN,ai_generated,1024,1024,1.0,JPEG,121057,abaca840dc79c64fa2b39819cac30751,79c114d2f18d58906c700f6cf03fa5beaf96c08186acc79e0674bf927920960d,1.0,cb747de060c3329e,ok,95.52985488823833,True,True,cluster_00685,val,/home/dheirav/Code/Deepfake_Detection/deepfake-project/dataset_builder/val/ai_generated/stylegan3_01175.png
data_sources/ai_generated/StyleGAN/stylegan3_01189.png,data_sources/ai_generated/StyleGAN,ai_generated,1024,1024,1.0,JPEG,124954,3b1ef016def8677cad5dea81dba8e264,cdcceda5085adbfcf7376da00f1898372f2dc692c85f5fdceefab87a875c9682,1.0,8ef5d04628eef3c0,ok,94.60889856459744,True,True,cluster_00503,val,/home/dheirav/Code/Deepfake_Detection/deepfake-project/dataset_builder/val/ai_generated/stylegan3_01189.png
data_sources/ai_generated/StyleGAN/stylegan3_01195.png,data_sources/ai_generated/StyleGAN,ai_generated,1024,1024,1.0,JPEG,115140,5e1e2e6cdce03e8a9163e85287e806e0,7dec217527ad524ba4fccb8c791660b6a6bd9ec4d0ae8b71fc3b7658b07e07e3,1.0,c8f7f0a2828d9e9c,ok,119.70425917867306,True,True,cluster_00979,val,/home/dheirav/Code/Deepfake_Detection/deepfake-project/dataset_builder/val/ai_generated/stylegan3_01195.png
data_sources/ai_generated/StyleGAN/stylegan3_01199.png,data_sources/ai_generated/StyleGAN,ai_generated,1024,1024,1.0,JPEG,147937,39b6b1fc0575dfc0ea83450c12c3791a,699d9814d7d0280e24a920e29e6be8d71bd6198959af139b9fc84badf2bb254d,1.0,b57df47022a5a0d3,ok,363.8893908281898,True,True,cluster_00081,val,/home/dheirav/Code/Deepfake_Detection/deepfake-project/dataset_builder/val/ai_generated/stylegan3_01199.png
data_sources/ai_generated/StyleGAN/stylegan3_01207.png,data_sources/ai_generated/StyleGAN,ai_generated,1024,1024,1.0,JPEG,108101,61770240a9ba7c87917c75fe0e984dc4,76d2cab0ff65742cfc50dbc2f71dd321a81c92b76de3eedaebac83412da51a3a,1.0,db642d362d9330cb,ok,122.85415931914667,True,True,cluster_01384,val,/home/dheirav/Code/Deepfake_Detection/deepfake-project/dataset_builder/val/ai_generated/stylegan3_01207.png
data_sources/ai_generated/StyleGAN/stylegan3_01221.png,data_sources/ai_generated/StyleGAN,ai_generated,1024,1024,1.0,JPEG,110829,6139cc3f53c48328ba99b4d89b93a860,99a64e75feff7be27b3c393f3cb60a787e7464117929a665b4b5243c0f1ced1a,1.0,ad8b00f47b257297,ok,245.57365702086827,True,True,cluster_01245,val,/home/dheirav/Code/Deepfake_Detection/deepfake-project/dataset_builder/val/ai_generated/stylegan3_01221.png
data_sources/ai_generated/StyleGAN/stylegan3_01222.png,data_sources/ai_generated/StyleGAN,ai_generated,1024,1024,1.0,JPEG,142208,c4542bc1a61882eb82a3ad56a7a23c29,e70693bf0028e82932967431fdae34f4c43f5b0e3ecc9b04f716af19b8bd1994,1.0,da0575a0747526d7,ok,684.0799387613332,True,True,cluster_00124,val,/home/dheirav/Code/Deepfake_Detection/deepfake-project/dataset_builder/val/ai_generated/stylegan3_01222.png
data_sources/ai_generated/StyleGAN/stylegan3_01226.png,data_sources/ai_generated/StyleGAN,ai_generated,1024,1024,1.0,JPEG,113624,e53b20104b29b086c8dfaabd86e9b7c5,0220f09113a92f27dadbf3c8f4450b06c0cbeed73509d1c2631b3826ba913cff,1.0,cfb63c553066c2d2,ok,181.74678660126568,True,True,cluster_01074,val,/home/dheirav/Code/Deepfake_Detection/deepfake-project/dataset_builder/val/ai_generated/stylegan3_01226.png
data_sources/ai_generated/StyleGAN/stylegan3_01231.png,data_sources/ai_generated/StyleGAN,ai_generated,1024,1024,1.0,JPEG,123898,a6dda03ab22d919de5babf27662f9abc,200e6377d37e26f739c2ba79729f02cb98c8a38827eaa08fc956465454001e30,1.0,9e956113753ce689,ok,275.5316034736379,True,True,cluster_00550,val,/home/dheirav/Code/Deepfake_Detection/deepfake-project/dataset_builder/val/ai_generated/stylegan3_01231.png
data_sources/ai_generated/StyleGAN/stylegan3_01239.png,data_sources/ai_generated/StyleGAN,ai_generated,1024,1024,1.0,JPEG,125288,a50d788596f8610531308d9d3dd2bcf6,5c667a74edf29017ee160e5f42b4b4b9f65ee14ff1d49759c68ba8f2297bc6fd,1.0,a3132fd5de48da44,ok,413.68757792057926,True,True,cluster_00492,val,/home/dheirav/Code/Deepfake_Detection/deepfake-project/dataset_builder/val/ai_generated/stylegan3_01239.png
data_sources/ai_generated/StyleGAN/stylegan3_01240.png,data_sources/ai_generated/StyleGAN,ai_generated,1024,1024,1.0,JPEG,144898,685f796490801439d8277034ea6a6aa1,d2621201570ebbb1925cb7bb3218c019e2fc401ad58f1c6e55e878a113b2b6f9,1.0,9e292df574d88998,ok,166.61428017743944,True,True,cluster_00106,val,/home/dheirav/Code/Deepfake_Detection/deepfake-project/dataset_builder/val/ai_generated/stylegan3_01240.png
data_sources/ai_generated/StyleGAN/stylegan3_01241.png,data_sources/ai_generated/StyleGAN,ai_generated,1024,1024,1.0,JPEG,123814,6317d40bc1fdd72f456d7f0a4b4f0976,039acb206ddd37b10c30e77de975522b82da3ef0b123726ceb79fa9ffac71670,1.0,c6237b87bc18f183,ok,92.29102038409383,True,True,cluster_00552,val,/home/dheirav/Code/Deepfake_Detection/deepfake-project/dataset_builder/val/ai_generated/stylegan3_01241.png
data_sources/ai_generated/StyleGAN/stylegan3_01244.png,data_sources/ai_generated/StyleGAN,ai_generated,1024,1024,1.0,JPEG,107917,c96749daf71dd7283b94cb4bfbd0803f,a41ed300ac8130dab38e6a09d4d1d72508dc4901a8643c1eee9d54f932946835,1.0,daa501bfa0da9ac9,ok,125.65692001074422,True,True,cluster_01395,val,/home/dheirav/Code/Deepfake_Detection/deepfake-project/dataset_builder/val/ai_generated/stylegan3_01244.png
data_sources/ai_generated/StyleGAN/stylegan3_01251.png,data_sources/ai_generated/StyleGAN,ai_generated,1024,1024,1.0,JPEG,127002,c13655052bb7fdff280b76ef8aa87526,d9eda4813818bc6dc0dee85f4a03c88b390ce671fdf4f3d5920f07df22a30334,1.0,ca2d24177d3015df,ok,145.47607947973302,True,True,cluster_00435,val,/home/dheirav/Code/Deepfake_Detection/deepfake-project/dataset_builder/val/ai_generated/stylegan3_01251.png
data_sources/ai_generated/StyleGAN/stylegan3_01274.png,data_sources/ai_generated/StyleGAN,ai_generated,1024,1024,1.0,JPEG,114695,cc85207fef4da75f3a7a8a9983d29b4f,c4622503f5723581d18ebc5c85c74217bf4d7ee48eec1ed1783b8a7cb2d481e3,1.0,e86ae1a081f585df,ok,197.6210074749751,True,True,cluster_01009,val,/home/dheirav/Code/Deepfake_Detection/deepfake-project/dataset_builder/val/ai_generated/stylegan3_01274.png
data_sources/ai_generated/StyleGAN/stylegan3_01277.png,data_sources/ai_generated/StyleGAN,ai_generated,1024,1024,1.0,JPEG,128752,ca01d3603e7271b70d6988a95894ba08,b21192332a33a9b63e3bda37eeb339592469e3ca3268fe530f4c389f8cfff8ce,1.0,c78770a43fd82b8a,ok,116.52510130184874,True,True,cluster_00378,val,/home/dheirav/Code/Deepfake_Detection/deepfake-project/dataset_builder/val/ai_generated/stylegan3_01277.png
data_sources/ai_generated/StyleGAN/stylegan3_01285.png,data_sources/ai_generated/StyleGAN,ai_generated,1024,1024,1.0,JPEG,104337,f5bebe9c922889d611cc1e8b2b9891f7,d39be977661b01f38c6d84cffaa9b32a82afb20d81d120cf69cbfd51a8a370ae,1.0,ad2d7e32f003d29a,ok,96.07055363278778,True,True,cluster_01616,val,/home/dheirav/Code/Deepfake_Detection/deepfake-project/dataset_builder/val/ai_generated/stylegan3_01285.png
data_sources/ai_generated/StyleGAN/stylegan3_01290.png,data_sources/ai_generated/StyleGAN,ai_generated,1024,1024,1.0,JPEG,96476,d653c808e462ada889424b181cc27114,b2ce631c70398faf809a9ecf15626a101c90d2a3257bdfdd53df973ec79a66b8,1.0,fffa0ce1e0c08c9c,ok,181.64290594192332,True,True,cluster_01996,val,/home/dheirav/Code/Deepfake_Detection/deepfake-project/dataset_builder/val/ai_generated/stylegan3_01290.png
data_sources/ai_generated/StyleGAN/stylegan3_01292.png,data_sources/ai_generated/StyleGAN,ai_generated,1024,1024,1.0,JPEG,98410,e1c02bd1173f108199f4ed002e34980c,0839f2f888ff40adca79070622e855f4f4a62595d6256fa86c9f70e720027fb3,1.0,8dc47e687168d3c9,ok,163.16206428017807,True,True,cluster_01920,val,/home/dheirav/Code/Deepfake_Detection/deepfake-project/dataset_builder/val/ai_generated/stylegan3_01292.png
data_sources/ai_generated/StyleGAN/stylegan3_01297.png,data_sources/ai_generated/StyleGAN,ai_generated,1024,1024,1.0,JPEG,103925,830dc419a4180dd0961c0f7b00253958,83d8566529e975871941a17be4106c79fff5c1b4b289fa3ea9d44db1dd86c49d,1.0,e081bfb7f474208e,ok,121.64117287707268,True,True,cluster_01644,val,/home/dheirav/Code/Deepfake_Detection/deepfake-project/dataset_builder/val/ai_generated/stylegan3_01297.png
data_sources/ai_generated/StyleGAN/stylegan3_01300.png,data_sources/ai_generated/StyleGAN,ai_generated,1024,1024,1.0,JPEG,125127,6bf7477e1198fb6b8b6ef175fc3b690f,6c83a1c95e4add533e37b906e84f26e7b5ffde8284405dcb768920260b9cffca,1.0,8fa135973027d38e,ok,188.10875319664774,True,True,cluster_00495,val,/home/dheirav/Code/Deepfake_Detection/deepfake-project/dataset_builder/val/ai_generated/stylegan3_01300.png
data_sources/ai_generated/StyleGAN/stylegan3_01310.png,data_sources/ai_generated/StyleGAN,ai_generated,1024,1024,1.0,JPEG,132048,e6e2c27d38aa429bebbd655f77a6b58d,3935fcba3e88535763c31d96a48ff18fa3f28b5ce736ce957fb3f6059d816291,1.0,98be618734623fd8,ok,208.73352809769037,True,True,cluster_00296,val,/home/dheirav/Code/Deepfake_Detection/deepfake-project/dataset_builder/val/ai_generated/stylegan3_01310.png
data_sources/ai_generated/StyleGAN/stylegan3_01332.png,data_sources/ai_generated/StyleGAN,ai_generated,1024,1024,1.0,JPEG,105966,bdb908ff6547fbb4d14f2f3b218d910d,2611576506b08d1afd8491bb142e9a838c01f6a92fdec28fe35e12a761292e6a,1.0,c40bfe3070bb07da,ok,122.96040420108962,True,True,cluster_01518,val,/home/dheirav/Code/Deepfake_Detection/deepfake-project/dataset_builder/val/ai_generated/stylegan3_01332.png
data_sources/ai_generated/StyleGAN/stylegan3_01343.png,data_sources/ai_generated/StyleGAN,ai_generated,1024,1024,1.0,JPEG,139691,01825fbfaf432cba4e230d1a9e2182ce,cb6acda2929b7575104becc6feaedb6bd37576abeb96bed77543b63b7b21ac67,1.0,ecc6b146b3259acc,ok,231.67835707410174,True,True,cluster_00154,val,/home/dheirav/Code/Deepfake_Detection/deepfake-project/dataset_builder/val/ai_generated/stylegan3_01343.png
data_sources/ai_generated/StyleGAN/stylegan3_01348.png,data_sources/ai_generated/StyleGAN,ai_generated,1024,1024,1.0,JPEG,131256,56f4d0720e0341a13c360a544514ff51,ed00331a8e758ac545945a70f7377c652020c4da2553299a3753ef16959ccb2e,1.0,ee45a1d3d1428eda,ok,123.8887208429951,True,True,cluster_00312,val,/home/dheirav/Code/Deepfake_Detection/deepfake-project/dataset_builder/val/ai_generated/stylegan3_01348.png
data_sources/ai_generated/StyleGAN/stylegan3_01357.png,data_sources/ai_generated/StyleGAN,ai_generated,1024,1024,1.0,JPEG,101728,5ed09648cb52e598bbaa0e5dfce38d7d,e465911a700d8847705f849e122cc04b0fe4f5c16a1ec348e3f7c961b2531876,1.0,e37ae58587b41694,ok,101.44159489235516,True,True,cluster_01758,val,/home/dheirav/Code/Deepfake_Detection/deepfake-project/dataset_builder/val/ai_generated/stylegan3_01357.png
data_sources/ai_generated/StyleGAN/stylegan3_01361.png,data_sources/ai_generated/StyleGAN,ai_generated,1024,1024,1.0,JPEG,144264,9e77dae224d647cc5f410dd89bff00af,2af455bb5e984a0264575986acf13519b35f6b81e986bc52141dad609cf7032b,1.0,8ff0b5c7504c2b3c,ok,396.33252103507033,True,True,cluster_00112,val,/home/dheirav/Code/Deepfake_Detection/deepfake-project/dataset_builder/val/ai_generated/stylegan3_01361.png
data_sources/ai_generated/StyleGAN/stylegan3_01363.png,data_sources/ai_generated/StyleGAN,ai_generated,1024,1024,1.0,JPEG,140975,5b8e3e982e2dea29c23223a9facfaff7,2efe60a23561712c3eaad06874533aa3b9cd66c8ab921f9aed0a287c819ced73,1.0,adf052b43ad686d8,ok,135.8434237564934,True,True,cluster_00134,val,/home/dheirav/Code/Deepfake_Detection/deepfake-project/dataset_builder/val/ai_generated/stylegan3_01363.png
data_sources/ai_generated/StyleGAN/stylegan3_01364.png,data_sources/ai_generated/StyleGAN,ai_generated,1024,1024,1.0,JPEG,107504,9182af9e8bf2089eb35145b73285b380,9b1744c04ee05a9a29f9a4648350de34b7a0cb640b05403c026791890a75d037,1.0,afb470b24383c3cb,ok,108.02046489714758,True,True,cluster_01423,val,/home/dheirav/Code/Deepfake_Detection/deepfake-project/dataset_builder/val/ai_generated/stylegan3_01364.png
data_sources/ai_generated/StyleGAN/stylegan3_01365.png,data_sources/ai_generated/StyleGAN,ai_generated,1024,1024,1.0,JPEG,114875,019eacb9dfe8d334792e1c1ab44519dc,2a1183d4c3a81d5115f17416d79b96c31fec3fd50c7fb94a5fad397b68625bad,1.0,c9adea92c80dce8e,ok,176.49251248546256,True,True,cluster_00990,val,/home/dheirav/Code/Deepfake_Detection/deepfake-project/dataset_builder/val/ai_generated/stylegan3_01365.png
data_sources/ai_generated/StyleGAN/stylegan3_01395.png,data_sources/ai_generated/StyleGAN,ai_generated,1024,1024,1.0,JPEG,110102,6cf6d23221d1f0636cee183db0d074e0,890df14396148601761824aba321681f69004d3d0d60e80df31bf7cdf96ccae2,1.0,eac6e58c0535d29d,ok,170.39957819064782,True,True,cluster_01289,val,/home/dheirav/Code/Deepfake_Detection/deepfake-project/dataset_builder/val/ai_generated/stylegan3_01395.png
data_sources/ai_generated/StyleGAN/stylegan3_01396.png,data_sources/ai_generated/StyleGAN,ai_generated,1024,1024,1.0,JPEG,149220,e3a14f82bf31369458b670e25c134dae,c85e1b6d271229b3025d5a54c0b6c85188a85bf4a3253f7565ac36e7c9d5dfec,1.0,faae61a46096d29b,ok,538.2241019423661,True,True,cluster_00072,val,/home/dheirav/Code/Deepfake_Detection/deepfake-project/dataset_builder/val/ai_generated/stylegan3_01396.png
data_sources/ai_generated/StyleGAN/stylegan3_01397.png,data_sources/ai_generated/StyleGAN,ai_generated,1024,1024,1.0,JPEG,128770,26812d1c9e6e9552bab2326f1cacf796,20d515680ab1c8c87881be3b862994d9e983764239c55d5ffc4e53c2b2eca036,1.0,ef2a7874f121a1cc,ok,94.22510242029148,True,True,cluster_00375,val,/home/dheirav/Code/Deepfake_Detection/deepfake-project/dataset_builder/val/ai_generated/stylegan3_01397.png
data_sources/ai_generated/StyleGAN/stylegan3_01401.png,data_sources/ai_generated/StyleGAN,ai_generated,1024,1024,1.0,JPEG,110804,c38878d01a047c80c5e96711a7f86950,16e131c270ec6a890731eb49fba5d766984d707157d18bc07031a5f9839acf3d,1.0,dd0a71a447d883de,ok,110.14739608764285,True,True,cluster_01246,val,/home/dheirav/Code/Deepfake_Detection/deepfake-project/dataset_builder/val/ai_generated/stylegan3_01401.png
data_sources/ai_generated/StyleGAN/stylegan3_01411.png,data_sources/ai_generated/StyleGAN,ai_generated,1024,1024,1.0,JPEG,110842,a36b4a4e4575e8c3577a2ebe718c84d7,8ef97dff1f77963398afee04720ac84ab81d4fb23b2638c33f8c390d4f4c4cd0,1.0,a73f30f6303b80da,ok,133.5873562982306,True,True,cluster_01241,val,/home/dheirav/Code/Deepfake_Detection/deepfake-project/dataset_builder/val/ai_generated/stylegan3_01411.png
data_sources/ai_generated/StyleGAN/stylegan3_01413.png,data_sources/ai_generated/StyleGAN,ai_generated,1024,1024,1.0,JPEG,139129,4e721e45b02599f7f613de48af107c17,4b07fbf2edb78cb2aa33e22f8bdf151e306705ff61f3aca50ccae210285e3142,1.0,8d507452761cd6de,ok,167.16023094086904,True,True,cluster_00163,val,/home/dheirav/Code/Deepfake_Detection/deepfake-project/dataset_builder/val/ai_generated/stylegan3_01413.png
data_sources/ai_generated/StyleGAN/stylegan3_01420.png,data_sources/ai_generated/StyleGAN,ai_generated,1024,1024,1.0,JPEG,110181,e3255f9a58f0d3a4a680190d76e90715,e9b9c27c1731a990a443e45afb2d444fcdb16b24f8baf1624b8925ce3182715d,1.0,8a7c2575741f9383,ok,88.4015235104016,True,True,cluster_01285,val,/home/dheirav/Code/Deepfake_Detection/deepfake-project/dataset_builder/val/ai_generated/stylegan3_01420.png
data_sources/ai_generated/StyleGAN/stylegan3_01429.png,data_sources/ai_generated/StyleGAN,ai_generated,1024,1024,1.0,JPEG,134715,a5dabba713fe5f6006cbedbda51f4d73,117d2479e23c5921f5034714d79f0ee2a46c2b5c79b9c737e92c393f22dafab6,1.0,8b3164c63698f3d3,ok,148.8081481788895,True,True,cluster_00241,val,/home/dheirav/Code/Deepfake_Detection/deepfake-project/dataset_builder/val/ai_generated/stylegan3_01429.png
data_sources/ai_generated/StyleGAN/stylegan3_01431.png,data_sources/ai_generated/StyleGAN,ai_generated,1024,1024,1.0,JPEG,98639,c080073850bba22f15a544da64a0ec08,010409f4a36d4bad6c1f176c712d061abea50d08a72de1685c13fa375c2f71df,1.0,b7fb34f270b0c380,ok,94.63222269626203,True,True,cluster_01914,val,/home/dheirav/Code/Deepfake_Detection/deepfake-project/dataset_builder/val/ai_generated/stylegan3_01431.png
data_sources/ai_generated/StyleGAN/stylegan3_01446.png,data_sources/ai_generated/StyleGAN,ai_generated,1024,1024,1.0,JPEG,105432,2efd0b3363b8b9cd6e5a1780d3510384,bf8fe886b577e60a9ba7f991e7b094a364c59957e425573a7b464c264647b1b3,1.0,fd7956707c508cd0,ok,364.8235615404983,True,True,cluster_01551,val,/home/dheirav/Code/Deepfake_Detection/deepfake-project/dataset_builder/val/ai_generated/stylegan3_01446.png
data_sources/ai_generated/StyleGAN/stylegan3_01459.png,data_sources/ai_generated/StyleGAN,ai_generated,1024,1024,1.0,JPEG,133031,359c914ecbd282f4aabcc3678737f2bf,4125d6d620f6a2c6ea0ed86291a951e3493c1a7eed39dd4ceb204cac2f94ef81,1.0,a58ddef4719482c9,ok,404.08132297577583,True,True,cluster_00273,val,/home/dheirav/Code/Deepfake_Detection/deepfake-project/dataset_builder/val/ai_generated/stylegan3_01459.png
data_sources/ai_generated/StyleGAN/stylegan3_01463.png,data_sources/ai_generated/StyleGAN,ai_generated,1024,1024,1.0,JPEG,115424,ae599ce052eb3cd936297b9c03b1afb2,e0eb2c815b46b7e1ce985888ee897bf100d150efe9e7e60e96e4046a9d300ea5,1.0,9e6b7825253cc696,ok,204.34347097431504,True,True,cluster_00968,val,/home/dheirav/Code/Deepfake_Detection/deepfake-project/dataset_builder/val/ai_generated/stylegan3_01463.png
data_sources/ai_generated/StyleGAN/stylegan3_01471.png,data_sources/ai_generated/StyleGAN,ai_generated,1024,1024,1.0,JPEG,108822,df794aa227056b7ac2a2f10a8586f59f,a47c7dc91ea7278c821f002798234e76137ded67a60f7ac93c8640eb41c6ad75,1.0,cee2390715dc9f0c,ok,98.60186612095913,True,True,cluster_01345,val,/home/dheirav/Code/Deepfake_Detection/deepfake-project/dataset_builder/val/ai_generated/stylegan3_01471.png
data_sources/ai_generated/StyleGAN/stylegan3_01474.png,data_sources/ai_generated/StyleGAN,ai_generated,1024,1024,1.0,JPEG,162747,bd60bdd50239fb540961d15b5530cf17,f9cd467a050a562aac09de9a096b53723495cd69012da63854318e900d0126be,1.0,ca35ec42750bd5ca,ok,619.8792818367801,True,True,cluster_00023,val,/home/dheirav/Code/Deepfake_Detection/deepfake-project/dataset_builder/val/ai_generated/stylegan3_01474.png
data_sources/ai_generated/StyleGAN/stylegan3_01485.png,data_sources/ai_generated/StyleGAN,ai_generated,1024,1024,1.0,JPEG,98698,085af7488e5b45838e3bb6b4419d9eb6,5903bb8afd4dd164c135d0da86546baaea235419703875292860959acb8f6257,1.0,de6a29f42356838d,ok,106.03880703947559,True,True,cluster_01912,val,/home/dheirav/Code/Deepfake_Detection/deepfake-project/dataset_builder/val/ai_generated/stylegan3_01485.png
data_sources/ai_generated/StyleGAN/stylegan3_01494.png,data_sources/ai_generated/StyleGAN,ai_generated,1024,1024,1.0,JPEG,103322,95403de76baaf4771da758e68d154228,14e6fd8f881f985d22d222b67070d051a4b095f547b42e34e5c5a370beb6dd32,1.0,f7c23de22768039c,ok,343.5474576945261,True,True,cluster_01674,val,/home/dheirav/Code/Deepfake_Detection/deepfake-project/dataset_builder/val/ai_generated/stylegan3_01494.png
data_sources/ai_generated/StyleGAN/stylegan3_01498.png,data_sources/ai_generated/StyleGAN,ai_generated,1024,1024,1.0,JPEG,136297,19c5f3690846620e75a35150f133c1ea,4e659474f0ad13eb12f1fb07a6740b0ab78fa0727befd3b0f783cf73cfd81c63,1.0,f55cf4560bf0428b,ok,947.4206425953744,True,True,cluster_00204,val,/home/dheirav/Code/Deepfake_Detection/deepfake-project/dataset_builder/val/ai_generated/stylegan3_01498.png
data_sources/ai_generated/StyleGAN/stylegan3_01499.png,data_sources/ai_generated/StyleGAN,ai_generated,1024,1024,1.0,JPEG,104588,55be35ef753c699dc00307bbb8f349b5,fef64d4fb6fadd87145a61b834d23cec59545f248765a8505d931f044ceb01d6,1.0,d06b63842fe09fd8,ok,196.87728781359962,True,True,cluster_01602,val,/home/dheirav/Code/Deepfake_Detection/deepfake-project/dataset_builder/val/ai_generated/stylegan3_01499.png
data_sources/ai_generated/StyleGAN/stylegan3_01504.png,data_sources/ai_generated/StyleGAN,ai_generated,1024,1024,1.0,JPEG,96629,a70cf79a2cbd7fa9832706ea2df69e2a,7eedeed444e8a2c04482e2c21c77984bdeb501f0e09ad47a5d261eca679172d3,1.0,ccb4a7928fc98ac9,ok,103.84534546111445,True,True,cluster_01990,val,/home/dheirav/Code/Deepfake_Detection/deepfake-project/dataset_builder/val/ai_generated/stylegan3_01504.png
data_sources/ai_generated/StyleGAN/stylegan3_01512.png,data_sources/ai_generated/StyleGAN,ai_generated,1024,1024,1.0,JPEG,126658,a2ce95924d22feb618b3d2f3b121a4dc,25c50dd1e7168ed639984fc7edab4adf1d554b30b8cf583a871a387e0e2967a2,1.0,fa62288785736f92,ok,171.24438519254545,True,True,cluster_00444,val,/home/dheirav/Code/Deepfake_Detection/deepfake-project/dataset_builder/val/ai_generated/stylegan3_01512.png
data_sources/ai_generated/StyleGAN/stylegan3_01513.png,data_sources/ai_generated/StyleGAN,ai_generated,1024,1024,1.0,JPEG,98259,aff86028ef6de17e640f16a2ec290d6d,e5535c56be275a5739ea337029450c19183d20b88c757d26595ee5ed880a01e9,1.0,9d0d7026f330d3ce,ok,85.95449568255208,True,True,cluster_01928,val,/home/dheirav/Code/Deepfake_Detection/deepfake-project/dataset_builder/val/ai_generated/stylegan3_01513.png
data_sources/ai_generated/StyleGAN/stylegan3_01516.png,data_sources/ai_generated/StyleGAN,ai_generated,1024,1024,1.0,JPEG,97751,a624f033d0df79182706f455906996ed,7552fdae01aebe6e9e3d7d54cdd2f78a2553081c10c83111c81c286828f244f9,1.0,db8c207f772992c8,ok,94.12617915448844,True,True,cluster_01946,val,/home/dheirav/Code/Deepfake_Detection/deepfake-project/dataset_builder/val/ai_generated/stylegan3_01516.png
data_sources/ai_generated/StyleGAN/stylegan3_01568.png,data_sources/ai_generated/StyleGAN,ai_generated,1024,1024,1.0,JPEG,106844,0d48b5efc17d6724ecd1810450ddb18b,f08dbd086464c07552a87a2dddbbc582453229b62c7741047c56ee010a8a1186,1.0,edbc7420f4608ed6,ok,95.2949275856372,True,True,cluster_01466,val,/home/dheirav/Code/Deepfake_Detection/deepfake-project/dataset_builder/val/ai_generated/stylegan3_01568.png
data_sources/ai_generated/StyleGAN/stylegan3_01572.png,data_sources/ai_generated/StyleGAN,ai_generated,1024,1024,1.0,JPEG,115881,d5a19b430bb567aaa7cf8ce85554c0a5,4d5b0e67772841c8e2d5d5ed48c346190ed57bf3f61e5c26aa89aff1107c1809,1.0,8af56087768ad2cb,ok,227.53514329178046,True,True,cluster_00945,val,/home/dheirav/Code/Deepfake_Detection/deepfake-project/dataset_builder/val/ai_generated/stylegan3_01572.png
data_sources/ai_generated/StyleGAN/stylegan3_01580.png,data_sources/ai_generated/StyleGAN,ai_generated,1024,1024,1.0,JPEG,105414,d0ac1067cda6513e26cca2bdc3ad18a2,b887ed891779ab006d1fa4955e7f53160ec08bb3c41d3abf272486fa3f19a6bd,1.0,92eadb4a6d0ccb8c,ok,200.59319281763965,True,True,cluster_01552,val,/home/dheirav/Code/Deepfake_Detection/deepfake-project/dataset_builder/val/ai_generated/stylegan3_01580.png
data_sources/ai_generated/StyleGAN/stylegan3_01581.png,data_sources/ai_generated/StyleGAN,ai_generated,1024,1024,1.0,JPEG,121741,ee20db88324977a80c30cc98c20872aa,d665d6e7efcfd94cf5aa08e1b6cdcdf00aac5b5894d44440f5f38fed6bf143aa,1.0,c0df78426f2c6197,ok,177.2122889711163,True,True,cluster_00654,val,/home/dheirav/Code/Deepfake_Detection/deepfake-project/dataset_builder/val/ai_generated/stylegan3_01581.png
data_sources/ai_generated/StyleGAN/stylegan3_01605.png,data_sources/ai_generated/StyleGAN,ai_generated,1024,1024,1.0,JPEG,112849,38760a26e74c4946018bc846e8fa065d,c5058d9f7933148971aa89db7988b1750d1c9fb145a821fb06fc9369214a44d3,1.0,da213c67307593ce,ok,103.34304804243948,True,True,cluster_01122,val,/home/dheirav/Code/Deepfake_Detection/deepfake-project/dataset_builder/val/ai_generated/stylegan3_01605.png
data_sources/ai_generated/StyleGAN/stylegan3_01621.png,data_sources/ai_generated/StyleGAN,ai_generated,1024,1024,1.0,JPEG,124319,363a3869251b4a0b85b1b1fd095c5a07,1e07a52f3ba15e3868c4f33847f89e57122f38c3c0d3cc9c9a63c4dfa6aff352,1.0,9e2c6935a532d695,ok,341.6928192808846,True,True,cluster_00530,val,/home/dheirav/Code/Deepfake_Detection/deepfake-project/dataset_builder/val/ai_generated/stylegan3_01621.png
data_sources/ai_generated/StyleGAN/stylegan3_01625.png,data_sources/ai_generated/StyleGAN,ai_generated,1024,1024,1.0,JPEG,107755,f35c0ee2471b811cef15c2a0e0120dcf,9b4701fe7df5da6307df5c97654854d4107559b145ffa55d3b892fd46495cef6,1.0,a5f6e6d3c289488d,ok,206.66067406855922,True,True,cluster_01409,val,/home/dheirav/Code/Deepfake_Detection/deepfake-project/dataset_builder/val/ai_generated/stylegan3_01625.png
data_sources/ai_generated/StyleGAN/stylegan3_01654.png,data_sources/ai_generated/StyleGAN,ai_generated,1024,1024,1.0,JPEG,116400,efed6fb721b43f24d542035ffd047608,d79e523cf96e68f13e9740ea70f67944647178f76d85a3db020e542da32ff6e5,1.0,afa530b0b39a56ca,ok,127.69960180400813,True,True,cluster_00926,val,/home/dheirav/Code/Deepfake_Detection/deepfake-project/dataset_builder/val/ai_generated/stylegan3_01654.png
data_sources/ai_generated/StyleGAN/stylegan3_01682.png,data_sources/ai_generated/StyleGAN,ai_generated,1024,1024,1.0,JPEG,101603,aa6779899ad7c1c3d9c960983b3dde59,0b31a4b922ccc33360568c99b9416c44d996cc51e1c8b5d2726819c8aa651252,1.0,ca988bc3290f8f9d,ok,94.73702760213928,True,True,cluster_01761,val,/home/dheirav/Code/Deepfake_Detection/deepfake-project/dataset_builder/val/ai_generated/stylegan3_01682.png
data_sources/ai_generated/StyleGAN/stylegan3_01691.png,data_sources/ai_generated/StyleGAN,ai_generated,1024,1024,1.0,JPEG,98257,5bb0f9662dce0de90847035d9495af5b,4ab74a6ab49078417b244b5ffcd60bf3475d51665c15c4bb34c6a0067d865e9e,1.0,eaf20c3945716675,ok,172.1389169025051,True,True,cluster_01929,val,/home/dheirav/Code/Deepfake_Detection/deepfake-project/dataset_builder/val/ai_generated/stylegan3_01691.png
data_sources/ai_generated/StyleGAN/stylegan3_01701.png,data_sources/ai_generated/StyleGAN,ai_generated,1024,1024,1.0,JPEG,112797,49a63b157452186a0e3c239a61b1801d,c310a9e9c59af66e6c67ad8ea5545192cdb4d7b8e2de3cce76c92984305ff418,1.0,f00a47ed44cf3c87,ok,199.10179862933,True,True,cluster_01127,val,/home/dheirav/Code/Deepfake_Detection/deepfake-project/dataset_builder/val/ai_generated/stylegan3_01701.png
data_sources/ai_generated/StyleGAN/stylegan3_01707.png,data_sources/ai_generated/StyleGAN,ai_generated,1024,1024,1.0,JPEG,104471,f365066883214c1a4496bc49f50fbb0b,cd6a50dbffa8dab79e00f364196b035745d087f8ccc80e9a7cedc7c95a4a35b6,1.0,85815fde7c7a2a0a,ok,269.6686948735587,True,True,cluster_01609,val,/home/dheirav/Code/Deepfake_Detection/deepfake-project/dataset_builder/val/ai_generated/stylegan3_01707.png
data_sources/ai_generated/StyleGAN/stylegan3_01708.png,data_sources/ai_generated/StyleGAN,ai_generated,1024,1024,1.0,JPEG,125062,45b3c6ef26ff7b264fbbbe2bfeff6f9e,3b41f82ee86059baabe411cc1bbe1f8342a476ad81ec941eb3aa3dcc715aca33,1.0,879fc21ea81ac91f,ok,301.01759718450194,True,True,cluster_00499,val,/home/dheirav/Code/Deepfake_Detection/deepfake-project/dataset_builder/val/ai_generated/stylegan3_01708.png
data_sources/ai_generated/StyleGAN/stylegan3_01709.png,data_sources/ai_generated/StyleGAN,ai_generated,1024,1024,1.0,JPEG,118522,8532b1195fa111c684c38df81715d36d,560b9ad76b3685fe781b1c8ef881a51c390b50d4e968911a32bb4e40e72065a2,1.0,dc787e26741491dc,ok,100.25316187770568,True,True,cluster_00821,val,/home/dheirav/Code/Deepfake_Detection/deepfake-project/dataset_builder/val/ai_generated/stylegan3_01709.png
data_sources/ai_generated/StyleGAN/stylegan3_01717.png,data_sources/ai_generated/StyleGAN,ai_generated,1024,1024,1.0,JPEG,126464,8e83d162f3a4f625e0faf09f2e014ac0,34df43e42a6c7d6e7e4b3c53da109c9ea80bd55193317a2f95231ff2f644395f,1.0,daf225a7725a8389,ok,155.4945655351039,True,True,cluster_00447,val,/home/dheirav/Code/Deepfake_Detection/deepfake-project/dataset_builder/val/ai_generated/stylegan3_01717.png
data_sources/ai_generated/StyleGAN/stylegan3_01720.png,data_sources/ai_generated/StyleGAN,ai_generated,1024,1024,1.0,JPEG,103008,f8dc5f7f6749268a329c3da87a0a6f9d,394e53a8972a7d3857e2014f694c08f28d6ffa649c17a06f094e6e288eb41a00,1.0,da652b962d18c69d,ok,86.01317024003583,True,True,cluster_01697,val,/home/dheirav/Code/Deepfake_Detection/deepfake-project/dataset_builder/val/ai_generated/stylegan3_01720.png
data_sources/ai_generated/StyleGAN/stylegan3_01721.png,data_sources/ai_generated/StyleGAN,ai_generated,1024,1024,1.0,JPEG,108118,1578574467d76f1910c89cee8102940d,69de824b8ca9de8d61eb90fec125aa6215fcbbc171876aeb4e124fa5e2799e2b,1.0,ca15a5d6b507d48d,ok,92.32276517845457,True,True,cluster_01382,val,/home/dheirav/Code/Deepfake_Detection/deepfake-project/dataset_builder/val/ai_generated/stylegan3_01721.png
data_sources/ai_generated/StyleGAN/stylegan3_01723.png,data_sources/ai_generated/StyleGAN,ai_generated,1024,1024,1.0,JPEG,141408,acfb3c1ca52f0bdef476222d8bf1377d,895139c6f38b62b96452adf981ee70b6fb6ee20e9cd10883a866e6ec589d3690,1.0,def77c602010d3d3,ok,385.0583292174706,True,True,cluster_00130,val,/home/dheirav/Code/Deepfake_Detection/deepfake-project/dataset_builder/val/ai_generated/stylegan3_01723.png
data_sources/ai_generated/StyleGAN/stylegan3_01726.png,data_sources/ai_generated/StyleGAN,ai_generated,1024,1024,1.0,JPEG,109661,a992f2d81be8c2a8edfa1e02ea3b2c97,e2f5eaecce3e54a96ac0e0d0a405715e25d6277d68b58fcec04f2a2d15c6fa1e,1.0,de5ca4a1606767cc,ok,122.96403464965168,True,True,cluster_01306,val,/home/dheirav/Code/Deepfake_Detection/deepfake-project/dataset_builder/val/ai_generated/stylegan3_01726.png
data_sources/ai_generated/StyleGAN/stylegan3_01743.png,data_sources/ai_generated/StyleGAN,ai_generated,1024,1024,1.0,JPEG,108126,7d582881a980928cca8fbaa620448f34,36317f7eea08036110c8446d2c377a8f2e45c46aa753507a7e28ecdefd7ee3b1,1.0,d8077b0e607d139b,ok,113.6957168106128,True,True,cluster_01381,val,/home/dheirav/Code/Deepfake_Detection/deepfake-project/dataset_builder/val/ai_generated/stylegan3_01743.png
data_sources/ai_generated/StyleGAN/stylegan3_01747.png,data_sources/ai_generated/StyleGAN,ai_generated,1024,1024,1.0,JPEG,123043,1ba2b64f549f3c80fe5bf202d6e08a5e,3e90364b60d7d8e3a4258766a7e3a38a638cc96b678ca4c37410249d519af8b7,1.0,89747522aa5a5fd4,ok,116.33676146062498,True,True,cluster_00583,val,/home/dheirav/Code/Deepfake_Detection/deepfake-project/dataset_builder/val/ai_generated/stylegan3_01747.png
data_sources/ai_generated/StyleGAN/stylegan3_01749.png,data_sources/ai_generated/StyleGAN,ai_generated,1024,1024,1.0,JPEG,111532,19f3971b12092e00573fcdb6fb5d2020,d6190e458693c7fca5607c09cd234e1895c73703c99e424241a0422695eb03f3,1.0,da612386378d97cc,ok,172.06674817469957,True,True,cluster_01200,val,/home/dheirav/Code/Deepfake_Detection/deepfake-project/dataset_builder/val/ai_generated/stylegan3_01749.png
data_sources/ai_generated/StyleGAN/stylegan3_01752.png,data_sources/ai_generated/StyleGAN,ai_generated,1024,1024,1.0,JPEG,163143,3d3a93d6e6f3d3e04960b5bf49ea4f3f,ec7e58a9da431160f7817d271ad13515ecb113242735527597c40afb8c40004d,1.0,c1216fedb36592c8,ok,345.65430383174316,True,True,cluster_00022,val,/home/dheirav/Code/Deepfake_Detection/deepfake-project/dataset_builder/val/ai_generated/stylegan3_01752.png
data_sources/ai_generated/StyleGAN/stylegan3_01753.png,data_sources/ai_generated/StyleGAN,ai_generated,1024,1024,1.0,JPEG,128851,029e1a1ad3d18fbaac5f39ee3fd84f42,2c5533aae7d23d816ba72fa0f7021512b61f9ff3e8da59e703b0ee4a244c4b65,1.0,cfb574527a0bc0c9,ok,310.41982359801375,True,True,cluster_00371,val,/home/dheirav/Code/Deepfake_Detection/deepfake-project/dataset_builder/val/ai_generated/stylegan3_01753.png
data_sources/ai_generated/StyleGAN/stylegan3_01754.png,data_sources/ai_generated/StyleGAN,ai_generated,1024,1024,1.0,JPEG,137000,dd43d9cfb3eabb7c1a43cb79e07e2076,ceba5526991eb2b63476a925c1d9ec48ffa4ef55d4819c2524ac405aab356750,1.0,dd6b61632344cc9b,ok,175.66705511646796,True,True,cluster_00193,val,/home/dheirav/Code/Deepfake_Detection/deepfake-project/dataset_builder/val/ai_generated/stylegan3_01754.png
data_sources/ai_generated/StyleGAN/stylegan3_01761.png,data_sources/ai_generated/StyleGAN,ai_generated,1024,1024,1.0,JPEG,127942,0fe23c91ff8c1e7d5e67e9744e9ab60b,9df7732f22f6f9e1c2f2625cb76734c14169e31782c4d9db5fbd3d5301e08e70,1.0,cbf044c28adb8bd9,ok,377.22446640226457,True,True,cluster_00405,val,/home/dheirav/Code/Deepfake_Detection/deepfake-project/dataset_builder/val/ai_generated/stylegan3_01761.png
data_sources/ai_generated/StyleGAN/stylegan3_01763.png,data_sources/ai_generated/StyleGAN,ai_generated,1024,1024,1.0,JPEG,100831,e7d02f3cd5ec79c8b3610ce00bb2ac2f,7dffd6dcc70f66237eb9f59149ce542d7df6ec67651e6a6e46854e25645f08f4,1.0,9b0f29f46035cacb,ok,94.04065827501108,True,True,cluster_01806,val,/home/dheirav/Code/Deepfake_Detection/deepfake-project/dataset_builder/val/ai_generated/stylegan3_01763.png
data_sources/ai_generated/StyleGAN/stylegan3_01764.png,data_sources/ai_generated/StyleGAN,ai_generated,1024,1024,1.0,JPEG,104595,f131e1e95341bc0fab537d5a04ce3c6f,3fed81e0ced4dc92ea71992123e3fd138dae5b484c7a1697c85c1000743a67dd,1.0,ca3d25f1136a8bca,ok,102.47501847082367,True,True,cluster_01600,val,/home/dheirav/Code/Deepfake_Detection/deepfake-project/dataset_builder/val/ai_generated/stylegan3_01764.png
data_sources/ai_generated/StyleGAN/stylegan3_01765.png,data_sources/ai_generated/StyleGAN,ai_generated,1024,1024,1.0,JPEG,123378,c229ac0fb3682391bbf9d001aee5f48e,0341ae8ade252b23e90a82d3332b574cc2ba0e7d635fb3410f2e82c328800ac6,1.0,f8a181d621e397dc,ok,122.08424893457777,True,True,cluster_00573,val,/home/dheirav/Code/Deepfake_Detection/deepfake-project/dataset_builder/val/ai_generated/stylegan3_01765.png
data_sources/ai_generated/StyleGAN/stylegan3_01768.png,data_sources/ai_generated/StyleGAN,ai_generated,1024,1024,1.0,JPEG,114125,33ab1b2caa6b13ba4af0d44d37e3c023,09d394bdd2f4135483b0a9778eff3883ee7074938614cd63a179865e768ac172,1.0,d81d65ab347c929a,ok,151.642460822658,True,True,cluster_01043,val,/home/dheirav/Code/Deepfake_Detection/deepfake-project/dataset_builder/val/ai_generated/stylegan3_01768.png
data_sources/ai_generated/StyleGAN/stylegan3_01781.png,data_sources/ai_generated/StyleGAN,ai_generated,1024,1024,1.0,JPEG,122084,64654ce7d81adefd6248cadfd1f10886,d1fb045bb56b00d5ea8cf23528be6519ade23c069db9c3a218621c71526c3037,1.0,de796062a7c8968d,ok,101.06713672958722,True,True,cluster_00633,val,/home/dheirav/Code/Deepfake_Detection/deepfake-project/dataset_builder/val/ai_generated/stylegan3_01781.png
data_sources/ai_generated/StyleGAN/stylegan3_01782.png,data_sources/ai_generated/StyleGAN,ai_generated,1024,1024,1.0,JPEG,127883,5f59346711d0f43e8be8f3742af42ec8,42474ac90751a351acdd27a9bd97883b4e23ca57fe3681096f0a272ec5d6f97c,1.0,f3472a85aee24798,ok,196.82169680959487,True,True,cluster_00407,val,/home/dheirav/Code/Deepfake_Detection/deepfake-project/dataset_builder/val/ai_generated/stylegan3_01782.png
data_sources/ai_generated/StyleGAN/stylegan3_01784.png,data_sources/ai_generated/StyleGAN,ai_generated,1024,1024,1.0,JPEG,110637,461ef4a8f8287d302891c6fb0fe66277,88752a6d301ae82788f9b93ba27f6a7dcb1cbbb1ddf7bf793b249e7eeb6da8cc,1.0,d4daf457f471021c,ok,254.4470310186589,True,True,cluster_01256,val,/home/dheirav/Code/Deepfake_Detection/deepfake-project/dataset_builder/val/ai_generated/stylegan3_01784.png
data_sources/ai_generated/StyleGAN/stylegan3_01786.png,data_sources/ai_generated/StyleGAN,ai_generated,1024,1024,1.0,JPEG,119710,83d25685d8e452f020fae3c41d0d6568,4dd5508f8bcb89e337c0f75b74ad8cbb03b954af683baed8c65c7a06221c7626,1.0,80018a0fd53defbe,ok,180.26579149742247,True,True,cluster_00761,val,/home/dheirav/Code/Deepfake_Detection/deepfake-project/dataset_builder/val/ai_generated/stylegan3_01786.png
data_sources/ai_generated/StyleGAN/stylegan3_01787.png,data_sources/ai_generated/StyleGAN,ai_generated,1024,1024,1.0,JPEG,99049,abaa1754142f6bcf0919e0e54b04d136,e7c91bfc46a350d802c44468b9bb5f34e45813fc6ec561c56a4041792eb36aa0,1.0,dae16506a3ec8e8e,ok,127.22450588013453,True,True,cluster_01895,val,/home/dheirav/Code/Deepfake_Detection/deepfake-project/dataset_builder/val/ai_generated/stylegan3_01787.png
data_sources/ai_generated/StyleGAN/stylegan3_01791.png,data_sources/ai_generated/StyleGAN,ai_generated,1024,1024,1.0,JPEG,109999,6c7d91e05f8abbec501b6874227efc69,8eb64e242ed7a8d13db58caa54c59a60b6e4c2d9d96da81d94419d7b2dc83fab,1.0,adf1f6a4f008d389,ok,88.49316907465891,True,True,cluster_01291,val,/home/dheirav/Code/Deepfake_Detection/deepfake-project/dataset_builder/val/ai_generated/stylegan3_01791.png
data_sources/ai_generated/StyleGAN/stylegan3_01826.png,data_sources/ai_generated/StyleGAN,ai_generated,1024,1024,1.0,JPEG,111446,b34989e97004472366eb81a730a02140,2ac812887b0360ff6d4c0ce4c3c2669dd28418e264207b9031ce2df3007be485,1.0,9a69302f334cdb96,ok,112.54283293924163,True,True,cluster_01209,val,/home/dheirav/Code/Deepfake_Detection/deepfake-project/dataset_builder/val/ai_generated/stylegan3_01826.png
data_sources/ai_generated/StyleGAN/stylegan3_01848.png,data_sources/ai_generated/StyleGAN,ai_generated,1024,1024,1.0,JPEG,123798,83f779e87e4c0f9d7454820180fd7757,077beb4f945f1f75dc58d08d6a5dc3177f800f6425e31e64b216d234f2a7c48a,1.0,eaa585861dda92ce,ok,241.79170259309367,True,True,cluster_00554,val,/home/dheirav/Code/Deepfake_Detection/deepfake-project/dataset_builder/val/ai_generated/stylegan3_01848.png
data_sources/ai_generated/StyleGAN/stylegan3_01862.png,data_sources/ai_generated/StyleGAN,ai_generated,1024,1024,1.0,JPEG,117534,8e3cb0aadd9c650fb511290e04e71ec7,b6cce4f2f338ca09825968bb0907f461c97d73d4e499cff901c133041e5dddfc,1.0,8b66211bd46ca6e7,ok,170.08021405858648,True,True,cluster_00863,val,/home/dheirav/Code/Deepfake_Detection/deepfake-project/dataset_builder/val/ai_generated/stylegan3_01862.png
data_sources/ai_generated/StyleGAN/stylegan3_01864.png,data_sources/ai_generated/StyleGAN,ai_generated,1024,1024,1.0,JPEG,124403,ccb2e7d06ea844e882f1a2f07a960bc1,7c49e98f36dd2cf1fbb764e33332760e357b8ae7c981466f43f07d9af3fcbd29,1.0,9cfaf2390e2c9e88,ok,93.85719993416205,True,True,cluster_00527,val,/home/dheirav/Code/Deepfake_Detection/deepfake-project/dataset_builder/val/ai_generated/stylegan3_01864.png
data_sources/ai_generated/StyleGAN/stylegan3_01876.png,data_sources/ai_generated/StyleGAN,ai_generated,1024,1024,1.0,JPEG,122233,50617628b5e9b758a64db433bda9ebe0,d4b10c2186e7f83c35483a645d02ae56c3f0c1a866eb0d958b42dbd8af889939,1.0,c8e5f993431f425c,ok,274.0366027456538,True,True,cluster_00622,val,/home/dheirav/Code/Deepfake_Detection/deepfake-project/dataset_builder/val/ai_generated/stylegan3_01876.png
data_sources/ai_generated/StyleGAN/stylegan3_01877.png,data_sources/ai_generated/StyleGAN,ai_generated,1024,1024,1.0,JPEG,105394,70a263a82f3caa100aa648bc2166ca74,1cbbc8a9dbf3e82d396364ae62c9a79be3df71140b7d7c247c7cb8c8f6138684,1.0,955a29f53450fa8b,ok,106.24685158682041,True,True,cluster_01556,val,/home/dheirav/Code/Deepfake_Detection/deepfake-project/dataset_builder/val/ai_generated/stylegan3_01877.png
data_sources/ai_generated/StyleGAN/stylegan3_01884.png,data_sources/ai_generated/StyleGAN,ai_generated,1024,1024,1.0,JPEG,102712,3dabb3a0d6fb1f55c2bded70356ae4ff,029d9691a2c13016819150112c1b7b9d276547c422299aed861b650633cff62a,1.0,dc3ae13c23788799,ok,102.70365429754655,True,True,cluster_01719,val,/home/dheirav/Code/Deepfake_Detection/deepfake-project/dataset_builder/val/ai_generated/stylegan3_01884.png
data_sources/ai_generated/StyleGAN/stylegan3_01887.png,data_sources/ai_generated/StyleGAN,ai_generated,1024,1024,1.0,JPEG,107229,c31b0b1fde255f0d251e09c37d7bc173,8317d1de8bb7e9110e9bc0a49fe2935eb462736e3af89340078e4fa0b212083f,1.0,ffa0f4c2028b8ade,ok,126.03028847791938,True,True,cluster_01436,val,/home/dheirav/Code/Deepfake_Detection/deepfake-project/dataset_builder/val/ai_generated/stylegan3_01887.png
data_sources/ai_generated/StyleGAN/stylegan3_01896.png,data_sources/ai_generated/StyleGAN,ai_generated,1024,1024,1.0,JPEG,100920,cff13092ab4ce6af3d849558032ae701,71dc3c143b29071b17b55f060248daa95379c46f067298fee8c6a68d73d14009,1.0,c6393413f41ec58f,ok,177.34826754056752,True,True,cluster_01801,val,/home/dheirav/Code/Deepfake_Detection/deepfake-project/dataset_builder/val/ai_generated/stylegan3_01896.png
data_sources/ai_generated/StyleGAN/stylegan3_01902.png,data_sources/ai_generated/StyleGAN,ai_generated,1024,1024,1.0,JPEG,106389,26418cdbca67710c77a35494e1e88033,e2a036115281f471ff26c2c365a719a8178b2db48352847c0122aff426c0933d,1.0,b8622177819d8d9f,ok,104.9693746565672,True,True,cluster_01498,val,/home/dheirav/Code/Deepfake_Detection/deepfake-project/dataset_builder/val/ai_generated/stylegan3_01902.png
data_sources/ai_generated/StyleGAN/stylegan3_01905.png,data_sources/ai_generated/StyleGAN,ai_generated,1024,1024,1.0,JPEG,111573,07eb4f4f5580391bb103eff817cf8b22,4941d6fb0b2704b182fe8ed8fa2520d5afd74fb7b8f397b24297569de0724d0b,1.0,a5feb6c0d2c981cc,ok,303.4207743822917,True,True,cluster_01195,val,/home/dheirav/Code/Deepfake_Detection/deepfake-project/dataset_builder/val/ai_generated/stylegan3_01905.png
data_sources/ai_generated/StyleGAN/stylegan3_01915.png,data_sources/ai_generated/StyleGAN,ai_generated,1024,1024,1.0,JPEG,113083,61a0845b7c2e0ca63d6ab76748c96005,49a2d847c8772ee9a8e0db4f2cc3e7cbc4e380022f89b454b09046ab71ae20f6,1.0,cb257d32301399cf,ok,119.12806532449031,True,True,cluster_01106,val,/home/dheirav/Code/Deepfake_Detection/deepfake-project/dataset_builder/val/ai_generated/stylegan3_01915.png
data_sources/ai_generated/StyleGAN/stylegan3_01922.png,data_sources/ai_generated/StyleGAN,ai_generated,1024,1024,1.0,JPEG,173007,a3589cc88a1f2ed642f1bbb97fd4c8e3,c7d782dbc1ee0d8c822c0c6664a9bb55bf15ef1e66a69f6204f955db7dc840e6,1.0,b8ea15955e1c4e1d,ok,864.222037293518,True,True,cluster_00006,val,/home/dheirav/Code/Deepfake_Detection/deepfake-project/dataset_builder/val/ai_generated/stylegan3_01922.png
data_sources/ai_generated/StyleGAN/stylegan3_01945.png,data_sources/ai_generated/StyleGAN,ai_generated,1024,1024,1.0,JPEG,116729,8aa7f63266179de46eea6765e813c0db,31a863bf8ca8d396bb740578a226c3dd4eea59edb328d9d853045668f8ca1560,1.0,d803f0d2939d1f0f,ok,112.91776545769879,True,True,cluster_00911,val,/home/dheirav/Code/Deepfake_Detection/deepfake-project/dataset_builder/val/ai_generated/stylegan3_01945.png
data_sources/ai_generated/StyleGAN/stylegan3_01947.png,data_sources/ai_generated/StyleGAN,ai_generated,1024,1024,1.0,JPEG,106099,48e5331a669364a43806d3d6be5d0b45,cf003386e86fe3fe86da22c532b20f3bc5d9c9f7bf2033028019790e5b3c028d,1.0,cb493667b420a79e,ok,185.9170976185914,True,True,cluster_01513,val,/home/dheirav/Code/Deepfake_Detection/deepfake-project/dataset_builder/val/ai_generated/stylegan3_01947.png
data_sources/ai_generated/StyleGAN/stylegan3_01948.png,data_sources/ai_generated/StyleGAN,ai_generated,1024,1024,1.0,JPEG,101459,ca648b55fbad1b302b838cc9d03cc56a,ba3b429619b438224e81fd8785d255ea713ad56d7e615a3d3815225a5cf4749c,1.0,cb313f32e02cce66,ok,122.63070355005675,True,True,cluster_01771,val,/home/dheirav/Code/Deepfake_Detection/deepfake-project/dataset_builder/val/ai_generated/stylegan3_01948.png
data_sources/ai_generated/StyleGAN/stylegan3_01967.png,data_sources/ai_generated/StyleGAN,ai_generated,1024,1024,1.0,JPEG,97753,1e943871c3473f51e94f6ab2deec1910,751c8bc93864705fccdf9cd304e09bf1849ce7894f90dfdf7141022334a85023,1.0,ba3f47066c24e4d9,ok,146.13576310685312,True,True,cluster_01944,val,/home/dheirav/Code/Deepfake_Detection/deepfake-project/dataset_builder/val/ai_generated/stylegan3_01967.png
data_sources/ai_generated/StyleGAN/stylegan3_01971.png,data_sources/ai_generated/StyleGAN,ai_generated,1024,1024,1.0,JPEG,107014,f8f1337a94f67806b5815326281d2862,6d536947a4b8f2b1cd7f9c964ad2b2772338198f2cb5342ad610379c583ef7c3,1.0,af217482d17437ae,ok,99.28516101789046,True,True,cluster_01453,val,/home/dheirav/Code/Deepfake_Detection/deepfake-project/dataset_builder/val/ai_generated/stylegan3_01971.png
data_sources/ai_generated/StyleGAN/stylegan3_01974.png,data_sources/ai_generated/StyleGAN,ai_generated,1024,1024,1.0,JPEG,149122,6935baae0b0b805d80662f36e57ac305,b6737d0f3518dc7d6977eefc9e6be867ab103d20ba546088fbcfc7b010624990,1.0,8b5d7e207261f38a,ok,321.3310782833713,True,True,cluster_00073,val,/home/dheirav/Code/Deepfake_Detection/deepfake-project/dataset_builder/val/ai_generated/stylegan3_01974.png
data_sources/ai_generated/StyleGAN/stylegan3_01980.png,data_sources/ai_generated/StyleGAN,ai_generated,1024,1024,1.0,JPEG,122544,f283c1a6199516218d30cd55e3508114,45e86753a05be8bfdb1dcc58bfd244ff13b4ce9d757467bb370220f26ce1880a,1.0,ea855df660318397,ok,202.34853447071416,True,True,cluster_00607,val,/home/dheirav/Code/Deepfake_Detection/deepfake-project/dataset_builder/val/ai_generated/stylegan3_01980.png
data_sources/ai_generated/StyleGAN/stylegan3_01981.png,data_sources/ai_generated/StyleGAN,ai_generated,1024,1024,1.0,JPEG,118808,181384a45bd1e6c393a0ab58695c2941,d894f80d1056a906e01517403be7e913932150c6a0a3fc51ae0bc2fa2ab0dc84,1.0,d2eb0c552f508b9b,ok,337.33086404154517,True,True,cluster_00812,val,/home/dheirav/Code/Deepfake_Detection/deepfake-project/dataset_builder/val/ai_generated/stylegan3_01981.png
data_sources/ai_generated/StyleGAN/stylegan3_01982.png,data_sources/ai_generated/StyleGAN,ai_generated,1024,1024,1.0,JPEG,131326,354afe491581d63b5a122bef3cc27aad,9dd876eccf26111ba0c62f4c961d68cbcebf386544248386c1a20493b5a02fa9,1.0,98874d943c18dafb,ok,547.8542843959257,True,True,cluster_00307,val,/home/dheirav/Code/Deepfake_Detection/deepfake-project/dataset_builder/val/ai_generated/stylegan3_01982.png
data_sources/ai_generated/StyleGAN/stylegan3_01995.png,data_sources/ai_generated/StyleGAN,ai_generated,1024,1024,1.0,JPEG,126393,114f90302c4587dc041a01b52963d6cd,f11f50599a71c35e938654e9228fce7b0121987998986f8669960d22ee290f39,1.0,8b7e34726029e3cd,ok,108.86292126530225,True,True,cluster_00454,val,/home/dheirav/Code/Deepfake_Detection/deepfake-project/dataset_builder/val/ai_generated/stylegan3_01995.png
data_sources/ai_generated/StyleGAN/stylegan3_02005.png,data_sources/ai_generated/StyleGAN,ai_generated,1024,1024,1.0,JPEG,126571,b097343d2747895a84986fc80c356606,c314127a224c0710bfcb8e8a8b6561d4bfa050e4c511219f524b42dc487abe10,1.0,cb400f74393fc2dc,ok,91.29696649312973,True,True,cluster_00445,val,/home/dheirav/Code/Deepfake_Detection/deepfake-project/dataset_builder/val/ai_generated/stylegan3_02005.png
data_sources/ai_generated/StyleGAN/stylegan3_02006.png,data_sources/ai_generated/StyleGAN,ai_generated,1024,1024,1.0,JPEG,155180,54fb7a2bebe9fa4684171d40acaf6513,000cca8316618840d678c120364b5b51dbede0328dc00114f85e3939b08bce39,1.0,9f02307637a8dad9,ok,119.5605189462658,True,True,cluster_00045,val,/home/dheirav/Code/Deepfake_Detection/deepfake-project/dataset_builder/val/ai_generated/stylegan3_02006.png
data_sources/ai_generated/StyleGAN/stylegan3_02008.png,data_sources/ai_generated/StyleGAN,ai_generated,1024,1024,1.0,JPEG,115964,5374c1b737344d702f55435f29482469,886d070cca020e9b56eb91947aac8fc6d6cb989fd8bb22758bdbc350a5dfc4ff,1.0,c7e11e7e60dc858a,ok,83.22239012800037,True,True,cluster_00942,val,/home/dheirav/Code/Deepfake_Detection/deepfake-project/dataset_builder/val/ai_generated/stylegan3_02008.png
data_sources/ai_generated/StyleGAN/stylegan3_02019.png,data_sources/ai_generated/StyleGAN,ai_generated,1024,1024,1.0,JPEG,134887,6bfed75c4050f58c884579f6a6c526e4,cc6891ccf4c84070472f8b1b33daea0e1605343ccd47622d1b3dc6e1709a2207,1.0,eb5c7023b26382d7,ok,172.7913829408198,True,True,cluster_00236,val,/home/dheirav/Code/Deepfake_Detection/deepfake-project/dataset_builder/val/ai_generated/stylegan3_02019.png
data_sources/ai_generated/StyleGAN/stylegan3_02034.png,data_sources/ai_generated/StyleGAN,ai_generated,1024,1024,1.0,JPEG,105829,f84ce5c134729d9cd7b527a209e38bb8,37a1ac72bab3bb52c3ca709f76eda6a7cc183a27ccda491c95f78ab7452a7e2b,1.0,8be5e5861e1cd89a,ok,217.85446776792287,True,True,cluster_01527,val,/home/dheirav/Code/Deepfake_Detection/deepfake-project/dataset_builder/val/ai_generated/stylegan3_02034.png
data_sources/ai_generated/StyleGAN/stylegan3_02041.png,data_sources/ai_generated/StyleGAN,ai_generated,1024,1024,1.0,JPEG,106776,45b7f6ad2b145acdbad20d290bf2b321,ec91a0b7e0653cbff007bd66f6a280e0b206c66845cf52435f269647a027a3b7,1.0,982369a32e248fbf,ok,80.19829455936178,True,True,cluster_01473,val,/home/dheirav/Code/Deepfake_Detection/deepfake-project/dataset_builder/val/ai_generated/stylegan3_02041.png
data_sources/ai_generated/StyleGAN/stylegan3_02045.png,data_sources/ai_generated/StyleGAN,ai_generated,1024,1024,1.0,JPEG,121180,0f38bd5db44e5d642b8b7a120769729e,0d8624b8df6d8ef3f545565ae59beb5bfbbbb7594c84ac0ecba8d10030aea4ab,1.0,8a74eccba32b233c,ok,208.3603308068113,True,True,cluster_00676,val,/home/dheirav/Code/Deepfake_Detection/deepfake-project/dataset_builder/val/ai_generated/stylegan3_02045.png
data_sources/ai_generated/StyleGAN/stylegan3_02059.png,data_sources/ai_generated/StyleGAN,ai_generated,1024,1024,1.0,JPEG,114087,d4d9fc4f6877c65f3c58e61d1bbc5bc2,29c0ada331d00633df39727f63e1d8c1450ac8137ed9446f8a225efa3a45976f,1.0,da7d2107f7234e82,ok,83.75784941046368,True,True,cluster_01050,val,/home/dheirav/Code/Deepfake_Detection/deepfake-project/dataset_builder/val/ai_generated/stylegan3_02059.png
data_sources/ai_generated/StyleGAN/stylegan3_02061.png,data_sources/ai_generated/StyleGAN,ai_generated,1024,1024,1.0,JPEG,99280,9a5e6f06ab38ef06b416cac31baaacec,1c8ddc26687ab260ed611401fa4c2959d9a831e8bccaaee7cdb47bd834d771e9,1.0,94d22bff0e2d0c9c,ok,142.8181719908025,True,True,cluster_01885,val,/home/dheirav/Code/Deepfake_Detection/deepfake-project/dataset_builder/val/ai_generated/stylegan3_02061.png
data_sources/ai_generated/StyleGAN/stylegan3_02062.png,data_sources/ai_generated/StyleGAN,ai_generated,1024,1024,1.0,JPEG,111391,1a82b812647237c11e3906c0125795dd,849a33b856b576962289e0a2f87a4cdf43110adf537fe9f69c0264594d6c6590,1.0,e51ce1b45ba55b05,ok,225.89203106250716,True,True,cluster_01214,val,/home/dheirav/Code/Deepfake_Detection/deepfake-project/dataset_builder/val/ai_generated/stylegan3_02062.png
data_sources/ai_generated/StyleGAN/stylegan3_02067.png,data_sources/ai_generated/StyleGAN,ai_generated,1024,1024,1.0,JPEG,129835,2526a0c13e01941696b36fe0498ea81c,df922453eabde9e879c3fc920c6be4c7799c71aac5f1825bbafde2518f5da661,1.0,c5bb32d139c998cc,ok,151.0662867770725,True,True,cluster_00347,val,/home/dheirav/Code/Deepfake_Detection/deepfake-project/dataset_builder/val/ai_generated/stylegan3_02067.png
data_sources/ai_generated/StyleGAN/stylegan3_02077.png,data_sources/ai_generated/StyleGAN,ai_generated,1024,1024,1.0,JPEG,110868,440a8b815c258e3146f077830b31d4fa,b4ad511df3b7cb7889b5c642a8a863419e84e80a546dccaa193f1ac73ae21cb6,1.0,deeb6187e1e4828c,ok,161.88325854425688,True,True,cluster_01238,val,/home/dheirav/Code/Deepfake_Detection/deepfake-project/dataset_builder/val/ai_generated/stylegan3_02077.png
data_sources/ai_generated/StyleGAN/stylegan3_02087.png,data_sources/ai_generated/StyleGAN,ai_generated,1024,1024,1.0,JPEG,117212,8b8831abd3418a73cb19523e13d5a40c,6e66f1e02aa4a6c0faf7cd82a5f09b032d7f461f8ec8c07cc6691e855330c28d,1.0,9eed69b62661c289,ok,96.95314876054817,True,True,cluster_00887,val,/home/dheirav/Code/Deepfake_Detection/deepfake-project/dataset_builder/val/ai_generated/stylegan3_02087.png
data_sources/ai_generated/StyleGAN/stylegan3_02089.png,data_sources/ai_generated/StyleGAN,ai_generated,1024,1024,1.0,JPEG,131271,ef691583295e2aacbc792e632afdf7ee,c4ae098ce800ac776c1ab21cb7669a2910eaea5cc01667f5d8fac84f524f75fc,1.0,c80f30ff32e16c93,ok,175.84228045720374,True,True,cluster_00310,val,/home/dheirav/Code/Deepfake_Detection/deepfake-project/dataset_builder/val/ai_generated/stylegan3_02089.png
data_sources/ai_generated/StyleGAN/stylegan3_02092.png,data_sources/ai_generated/StyleGAN,ai_generated,1024,1024,1.0,JPEG,149711,019e9dca8e0f21bd03a200d32269ca98,cacda720c50d48bb92504e5ca78232bdfde3416eda338ff50e1e9d78be3b482f,1.0,96e92d542c5a2b9b,ok,215.65488319641642,True,True,cluster_00067,val,/home/dheirav/Code/Deepfake_Detection/deepfake-project/dataset_builder/val/ai_generated/stylegan3_02092.png
data_sources/ai_generated/StyleGAN/stylegan3_02093.png,data_sources/ai_generated/StyleGAN,ai_generated,1024,1024,1.0,JPEG,125877,5235be355d7097647371c95790ed514a,f08ee766625f1a01fa6de8f87dbdadf9e136ebcf3d6390f017a1b111b40a887f,1.0,cb307c13740bf68d,ok,120.36564620077752,True,True,cluster_00471,val,/home/dheirav/Code/Deepfake_Detection/deepfake-project/dataset_builder/val/ai_generated/stylegan3_02093.png
data_sources/ai_generated/StyleGAN/stylegan3_02094.png,data_sources/ai_generated/StyleGAN,ai_generated,1024,1024,1.0,JPEG,102955,9bdaac1b4c781409a0a2485018f2adbf,1de00757498a2dc1ee5711568eea306f09cd2189d5e82155130bae2e1c511492,1.0,dda10afa2518a65f,ok,271.1304334066808,True,True,cluster_01701,val,/home/dheirav/Code/Deepfake_Detection/deepfake-project/dataset_builder/val/ai_generated/stylegan3_02094.png
data_sources/ai_generated/StyleGAN/stylegan3_02096.png,data_sources/ai_generated/StyleGAN,ai_generated,1024,1024,1.0,JPEG,110554,78270bc8a606add8132b0d1a2ca76c31,730cd88965310d3030e97263bf9d16c4bb1d3826d83ec273c85c57cca26d7664,1.0,aff4f4929210cbca,ok,148.2301289941206,True,True,cluster_01265,val,/home/dheirav/Code/Deepfake_Detection/deepfake-project/dataset_builder/val/ai_generated/stylegan3_02096.png
data_sources/ai_generated/StyleGAN/stylegan3_02101.png,data_sources/ai_generated/StyleGAN,ai_generated,1024,1024,1.0,JPEG,118137,51f5642e68efb101cc6f15161a6de132,096405d550da75097d3e175eac6680fd5d7c9c646f4cb174b8701c4a97337cc8,1.0,9fa060c7ac9cd2da,ok,205.16068392317445,True,True,cluster_00841,val,/home/dheirav/Code/Deepfake_Detection/deepfake-project/dataset_builder/val/ai_generated/stylegan3_02101.png
data_sources/ai_generated/StyleGAN/stylegan3_02102.png,data_sources/ai_generated/StyleGAN,ai_generated,1024,1024,1.0,JPEG,106502,ef0316a6631d045851fc0e132ac03c49,24264cdbaf53c50898064a7110c03fef8768186f754efdc21e8862b4db008704,1.0,ce8b7c263d6023da,ok,117.942138433179,True,True,cluster_01487,val,/home/dheirav/Code/Deepfake_Detection/deepfake-project/dataset_builder/val/ai_generated/stylegan3_02102.png
data_sources/ai_generated/StyleGAN/stylegan3_02108.png,data_sources/ai_generated/StyleGAN,ai_generated,1024,1024,1.0,JPEG,120370,718fc12457c94a6cf2a231c76f479de7,a4c79c40bd527f7d671db0ecd56d284d4e118821be9042428873672b2bb79f37,1.0,95566a6b2d6a258d,ok,394.6083322626062,True,True,cluster_00723,val,/home/dheirav/Code/Deepfake_Detection/deepfake-project/dataset_builder/val/ai_generated/stylegan3_02108.png
data_sources/ai_generated/StyleGAN/stylegan3_02118.png,data_sources/ai_generated/StyleGAN,ai_generated,1024,1024,1.0,JPEG,111997,b78c901d1508404644afa23b0c317e63,f29e84df131e217e831be3fd5ed3d93f48eee03ae83b1b2a6812370be6da292e,1.0,dab24bb642cb828f,ok,206.62827868584645,True,True,cluster_01169,val,/home/dheirav/Code/Deepfake_Detection/deepfake-project/dataset_builder/val/ai_generated/stylegan3_02118.png
data_sources/ai_generated/StyleGAN/stylegan3_02126.png,data_sources/ai_generated/StyleGAN,ai_generated,1024,1024,1.0,JPEG,122735,08db4ba58eb7fd8ac4344d3427fe245f,33018aaf8e2702ad4dea8720bddbe4fb9ed8ab9cfeff7d9af3fa720468dea663,1.0,ca1861f3f749cc89,ok,95.5458225136963,True,True,cluster_00594,val,/home/dheirav/Code/Deepfake_Detection/deepfake-project/dataset_builder/val/ai_generated/stylegan3_02126.png
data_sources/ai_generated/StyleGAN/stylegan3_02153.png,data_sources/ai_generated/StyleGAN,ai_generated,1024,1024,1.0,JPEG,120330,6dff19d45f9e12cb6db301f88fb4fdd3,7a790b10e48f3784945c69ab0f001981e1509714de55e1119b4d9a6439295070,1.0,afe0f4c023ce83da,ok,310.20695543167574,True,True,cluster_00729,val,/home/dheirav/Code/Deepfake_Detection/deepfake-project/dataset_builder/val/ai_generated/stylegan3_02153.png
data_sources/ai_generated/StyleGAN/stylegan3_02168.png,data_sources/ai_generated/StyleGAN,ai_generated,1024,1024,1.0,JPEG,117869,19229ef2c6b1803f37d762cfbb0ee4a6,b3d2de67d76260c429e99386e5898346eed41662e9420a0f86d6450b22ad416b,1.0,e0f170f2e1cf8383,ok,137.09916482920744,True,True,cluster_00848,val,/home/dheirav/Code/Deepfake_Detection/deepfake-project/dataset_builder/val/ai_generated/stylegan3_02168.png
data_sources/ai_generated/StyleGAN/stylegan3_02178.png,data_sources/ai_generated/StyleGAN,ai_generated,1024,1024,1.0,JPEG,130368,f7495a76a050148e619060463bcc959f,d97f7cefe546db6d2eb6924c11d22375434230971126a764cf7c11a3e33c9969,1.0,afb47083d38dc68c,ok,639.2741031553369,True,True,cluster_00336,val,/home/dheirav/Code/Deepfake_Detection/deepfake-project/dataset_builder/val/ai_generated/stylegan3_02178.png
data_sources/ai_generated/StyleGAN/stylegan3_02187.png,data_sources/ai_generated/StyleGAN,ai_generated,1024,1024,1.0,JPEG,102391,ae5d931e92ee79edf3ffcbc74259684f,fce0d7fccd5073dd1a31e1bb3d5eb8951c26b7e198b74fc016a21aae950f47b4,1.0,cfd2306c7531c58e,ok,98.429797076481,True,True,cluster_01732,val,/home/dheirav/Code/Deepfake_Detection/deepfake-project/dataset_builder/val/ai_generated/stylegan3_02187.png
data_sources/ai_generated/StyleGAN/stylegan3_02190.png,data_sources/ai_generated/StyleGAN,ai_generated,1024,1024,1.0,JPEG,107897,ba57bd3ba8637d6f61f54092d330c1ff,348243fdeccf411579eb15074a30c9b1cfd89c35f623f9863a99428d95b7b870,1.0,fea1bc9790d0938a,ok,629.7088010427395,True,True,cluster_01398,val,/home/dheirav/Code/Deepfake_Detection/deepfake-project/dataset_builder/val/ai_generated/stylegan3_02190.png
data_sources/ai_generated/StyleGAN/stylegan3_02197.png,data_sources/ai_generated/StyleGAN,ai_generated,1024,1024,1.0,JPEG,118438,eb2e1306bfb0d8a21503ac2fc186f7bf,becccbfd2cbc9c71c4e58103618e8f95e5250897207d40ac2db1647ccb38c819,1.0,9bc86967243d22be,ok,93.08410156616354,True,True,cluster_00826,val,/home/dheirav/Code/Deepfake_Detection/deepfake-project/dataset_builder/val/ai_generated/stylegan3_02197.png
data_sources/ai_generated/StyleGAN/stylegan3_02202.png,data_sources/ai_generated/StyleGAN,ai_generated,1024,1024,1.0,JPEG,100903,1e65455afc1e9aaccff013298b9f6172,5287d8daf13e5e4e111de1b65cdd8565abaeab97774d0f9d099f967cee43ab63,1.0,de60e167e56c82d4,ok,109.52005481551805,True,True,cluster_01802,val,/home/dheirav/Code/Deepfake_Detection/deepfake-project/dataset_builder/val/ai_generated/stylegan3_02202.png
data_sources/ai_generated/StyleGAN/stylegan3_02203.png,data_sources/ai_generated/StyleGAN,ai_generated,1024,1024,1.0,JPEG,130506,00e145672256325db8c5cca0603e8bb6,93728e661ba150d3f5f8c90b84140d387a82389c10bf3c1cef02a8c1ef7953a4,1.0,8b377d727801a98b,ok,155.12776861742077,True,True,cluster_00330,val,/home/dheirav/Code/Deepfake_Detection/deepfake-project/dataset_builder/val/ai_generated/stylegan3_02203.png
data_sources/ai_generated/StyleGAN/stylegan3_02229.png,data_sources/ai_generated/StyleGAN,ai_generated,1024,1024,1.0,JPEG,103299,b1e1b1c24fbdb8aecd23357c97b18748,02c56ec9d91957c74859b1dbc3f13352aedb685e3aa4c4b52485c91e502f94e7,1.0,ef991c307035e3cc,ok,146.1756618013596,True,True,cluster_01677,val,/home/dheirav/Code/Deepfake_Detection/deepfake-project/dataset_builder/val/ai_generated/stylegan3_02229.png
data_sources/ai_generated/StyleGAN/stylegan3_02242.png,data_sources/ai_generated/StyleGAN,ai_generated,1024,1024,1.0,JPEG,106948,6fa53fec04ac21fa404e499266572d72,50b8a46963620a8c15cdd3caa7121bffdad851375d6bec8aec97ef8952f7a68f,1.0,99d4654a675847d3,ok,131.36009264919903,True,True,cluster_01457,val,/home/dheirav/Code/Deepfake_Detection/deepfake-project/dataset_builder/val/ai_generated/stylegan3_02242.png
data_sources/ai_generated/StyleGAN/stylegan3_02244.png,data_sources/ai_generated/StyleGAN,ai_generated,1024,1024,1.0,JPEG,134181,7d89f11b658f35c36f1a3e9b78219ebd,e1197ea362c7e7811b9f7f1c694eefebfae2b28440ba8701428cef408d2f83b2,1.0,cf21a507a71e9a9c,ok,398.85556983802235,True,True,cluster_00251,val,/home/dheirav/Code/Deepfake_Detection/deepfake-project/dataset_builder/val/ai_generated/stylegan3_02244.png
data_sources/ai_generated/StyleGAN/stylegan3_02246.png,data_sources/ai_generated/StyleGAN,ai_generated,1024,1024,1.0,JPEG,119211,30dd6e814238c6427a08c2e659e40407,438515a6d4e9ea10fd72f1d5eca862c35b1803e6c296a1fa40a8ddd10b00e246,1.0,9252ad42a946fb9b,ok,173.84242957131116,True,True,cluster_00786,val,/home/dheirav/Code/Deepfake_Detection/deepfake-project/dataset_builder/val/ai_generated/stylegan3_02246.png
data_sources/ai_generated/StyleGAN/stylegan3_02251.png,data_sources/ai_generated/StyleGAN,ai_generated,1024,1024,1.0,JPEG,105720,b1fb189a9ec0ff6568e8076c29fff340,441d37eb701669848b735624e7d6829a5ae1a1a6ecff85a6d4d32ba6f64e954e,1.0,d3e63814f4e2f4c1,ok,95.61344338556228,True,True,cluster_01535,val,/home/dheirav/Code/Deepfake_Detection/deepfake-project/dataset_builder/val/ai_generated/stylegan3_02251.png
data_sources/ai_generated/StyleGAN/stylegan3_02254.png,data_sources/ai_generated/StyleGAN,ai_generated,1024,1024,1.0,JPEG,126068,311681a0955320fd1e45815e34581b28,764f734d5a45a02fd73aba2e3acbebabcfde8ecf1db3a6447b192b0b0c8393a0,1.0,b88c6296657876d9,ok,156.95123166408936,True,True,cluster_00463,val,/home/dheirav/Code/Deepfake_Detection/deepfake-project/dataset_builder/val/ai_generated/stylegan3_02254.png
data_sources/ai_generated/StyleGAN/stylegan3_02258.png,data_sources/ai_generated/StyleGAN,ai_generated,1024,1024,1.0,JPEG,109294,668fc7f676c51f69143f6ac4c378b9b6,5d4546786133142c31007fb67b4a3fe049f4a3b11e17ac750af7c52c2243fc1a,1.0,c7c73e3a307c3cc0,ok,180.7588928712566,True,True,cluster_01325,val,/home/dheirav/Code/Deepfake_Detection/deepfake-project/dataset_builder/val/ai_generated/stylegan3_02258.png
data_sources/ai_generated/StyleGAN/stylegan3_02260.png,data_sources/ai_generated/StyleGAN,ai_generated,1024,1024,1.0,JPEG,128428,118d97158ecf4429ab17651316ef67fa,232f3170083d1614d1799986f9574ba56a553607fc3b0c505bcc07cd6b2493bc,1.0,c0c56fe624dcba98,ok,129.81261609663125,True,True,cluster_00391,val,/home/dheirav/Code/Deepfake_Detection/deepfake-project/dataset_builder/val/ai_generated/stylegan3_02260.png
data_sources/ai_generated/StyleGAN/stylegan3_02262.png,data_sources/ai_generated/StyleGAN,ai_generated,1024,1024,1.0,JPEG,125097,da58bbcbfe39e89603ebf1c99bd2c3e0,9170ea5b285e40406e8c11a42b789f1bf4ecb9ea6bd3c37a0b2f317e4d768cac,1.0,85c0fac30327b4fd,ok,219.16002953724455,True,True,cluster_00497,val,/home/dheirav/Code/Deepfake_Detection/deepfake-project/dataset_builder/val/ai_generated/stylegan3_02262.png
data_sources/ai_generated/StyleGAN/stylegan3_02266.png,data_sources/ai_generated/StyleGAN,ai_generated,1024,1024,1.0,JPEG,115752,d307d9de109ac96c0d9ed198069c9bab,18e0e2dde75602f1f0e72a32added10ce5d337588fa1e6267f87982975d12ef5,1.0,f1a71fa01a98b15b,ok,143.3575189933026,True,True,cluster_00951,val,/home/dheirav/Code/Deepfake_Detection/deepfake-project/dataset_builder/val/ai_generated/stylegan3_02266.png
data_sources/ai_generated/StyleGAN/stylegan3_02275.png,data_sources/ai_generated/StyleGAN,ai_generated,1024,1024,1.0,JPEG,113950,b2b19d412af64dba2f73cb87b53cbc77,8e0f6e6d87fc49bcd88928c5b59ef60fa6515123bafd268e0aad2539a28fc3d5,1.0,c334f6c08a3c3ecd,ok,176.23166013216542,True,True,cluster_01057,val,/home/dheirav/Code/Deepfake_Detection/deepfake-project/dataset_builder/val/ai_generated/stylegan3_02275.png
data_sources/ai_generated/StyleGAN/stylegan3_02280.png,data_sources/ai_generated/StyleGAN,ai_generated,1024,1024,1.0,JPEG,117165,d05d94b30f8343429b2ea7460d1e5a73,99c57ed311693d416065a863afa2ee7bba088815dcde7551a81753beb4271993,1.0,da81795340e98f9d,ok,282.84099001841605,True,True,cluster_00888,val,/home/dheirav/Code/Deepfake_Detection/deepfake-project/dataset_builder/val/ai_generated/stylegan3_02280.png
data_sources/ai_generated/StyleGAN/stylegan3_02281.png,data_sources/ai_generated/StyleGAN,ai_generated,1024,1024,1.0,JPEG,119374,073d00f9817523ac9872f329f1191155,620b90105822abf7fd65145291c5f76352616560378d61468b60e014e55bb021,1.0,e5d35f8b242d60c6,ok,97.8931357483516,True,True,cluster_00775,val,/home/dheirav/Code/Deepfake_Detection/deepfake-project/dataset_builder/val/ai_generated/stylegan3_02281.png
data_sources/ai_generated/StyleGAN/stylegan3_02282.png,data_sources/ai_generated/StyleGAN,ai_generated,1024,1024,1.0,JPEG,122644,74602a853ff187dae12c4b750bc5e3db,6cca387f39f3a6e350ea07f2aa12e8b9e83d620424c7125bce1ee8e38ec43001,1.0,c49dda375a25528e,ok,128.86476473673247,True,True,cluster_00599,val,/home/dheirav/Code/Deepfake_Detection/deepfake-project/dataset_builder/val/ai_generated/stylegan3_02282.png
data_sources/ai_generated/StyleGAN/stylegan3_02298.png,data_sources/ai_generated/StyleGAN,ai_generated,1024,1024,1.0,JPEG,134838,0082f988e225eb7ff41cc21981a8a173,a07eb050f1f546fa707e5bb17d5431d7fbc5d3d13acef8e518bcfc70925a92c7,1.0,daa535e487cd8a8c,ok,164.8130939869579,True,True,cluster_00238,val,/home/dheirav/Code/Deepfake_Detection/deepfake-project/dataset_builder/val/ai_generated/stylegan3_02298.png
data_sources/ai_generated/StyleGAN/stylegan3_02301.png,data_sources/ai_generated/StyleGAN,ai_generated,1024,1024,1.0,JPEG,114738,7f3dd564df320520fd04ff2972584d87,15c389cecb2cc8609aa2c3793aa6aad9b921eef9cc0c9f54b28b0ee1db9678f7,1.0,9bd57862e025c78e,ok,92.38197271042372,True,True,cluster_01005,val,/home/dheirav/Code/Deepfake_Detection/deepfake-project/dataset_builder/val/ai_generated/stylegan3_02301.png
data_sources/ai_generated/StyleGAN/stylegan3_02305.png,data_sources/ai_generated/StyleGAN,ai_generated,1024,1024,1.0,JPEG,119113,0911cc4d220d779bf5065b134a7d58d9,2c0f87a78b6d0e93c6aa0e8f2662fafc5bccf25193866f339c0ef6ec3c40bcba,1.0,de0b20717563f788,ok,290.70382584610246,True,True,cluster_00792,val,/home/dheirav/Code/Deepfake_Detection/deepfake-project/dataset_builder/val/ai_generated/stylegan3_02305.png
data_sources/ai_generated/StyleGAN/stylegan3_02306.png,data_sources/ai_generated/StyleGAN,ai_generated,1024,1024,1.0,JPEG,114089,5f42b30a16c64099af2c9c79ef737f82,e8440051292a865b378e4162751ffcd0c9b28b8caa2b689b46727f4de3846f9a,1.0,c1a23eb63a80b1df,ok,83.09984111352878,True,True,cluster_01049,val,/home/dheirav/Code/Deepfake_Detection/deepfake-project/dataset_builder/val/ai_generated/stylegan3_02306.png
data_sources/ai_generated/StyleGAN/stylegan3_02307.png,data_sources/ai_generated/StyleGAN,ai_generated,1024,1024,1.0,JPEG,134733,eb491196d5d6886db7e25fe109c2084e,8001a92a2a75e601e0674084d0e80faedf96c6c9dfbf004c005c03020c2cfd44,1.0,f9ff019af218845a,ok,128.4009369222249,True,True,cluster_00240,val,/home/dheirav/Code/Deepfake_Detection/deepfake-project/dataset_builder/val/ai_generated/stylegan3_02307.png
data_sources/ai_generated/StyleGAN/stylegan3_02312.png,data_sources/ai_generated/StyleGAN,ai_generated,1024,1024,1.0,JPEG,113370,746bf446894ae7fdb25d4f1d4328ce0c,f8cac5c6184770a9318136cfd472f65befe6c583a60111979aa3cefb260a74cf,1.0,923c723af037ca8b,ok,164.03554143776637,True,True,cluster_01086,val,/home/dheirav/Code/Deepfake_Detection/deepfake-project/dataset_builder/val/ai_generated/stylegan3_02312.png
data_sources/ai_generated/StyleGAN/stylegan3_02315.png,data_sources/ai_generated/StyleGAN,ai_generated,1024,1024,1.0,JPEG,121437,77b147a371dfd43f9e365bccce3744aa,99fb211f6da4a736aad0631ab58621275cc0cf673efbb6f0662aceb1b773f82f,1.0,cd733c33303083df,ok,182.43173692536854,True,True,cluster_00666,val,/home/dheirav/Code/Deepfake_Detection/deepfake-project/dataset_builder/val/ai_generated/stylegan3_02315.png
data_sources/ai_generated/StyleGAN/stylegan3_02319.png,data_sources/ai_generated/StyleGAN,ai_generated,1024,1024,1.0,JPEG,106836,fc3f842cc62032ccae7a38747033cbce,0281f2d60f7a3d809188a67c1e46ef7325f7f7e46869229f9abe2797539e631e,1.0,8939bac2d1aeb1d8,ok,94.86356157546741,True,True,cluster_01468,val,/home/dheirav/Code/Deepfake_Detection/deepfake-project/dataset_builder/val/ai_generated/stylegan3_02319.png
data_sources/ai_generated/StyleGAN/stylegan3_02323.png,data_sources/ai_generated/StyleGAN,ai_generated,1024,1024,1.0,JPEG,123510,6f1e32db1434afe3b3c2b5497bfc1c86,aab198f54eea78f8aa26e20b2eb01f60e5959aebe3d33677db123a2fad0e6f4f,1.0,bae8a181b7da9788,ok,162.0589626482751,True,True,cluster_00560,val,/home/dheirav/Code/Deepfake_Detection/deepfake-project/dataset_builder/val/ai_generated/stylegan3_02323.png
data_sources/ai_generated/StyleGAN/stylegan3_02325.png,data_sources/ai_generated/StyleGAN,ai_generated,1024,1024,1.0,JPEG,121528,7e2433a5f265d1b5310f1ed3b320d4b0,cf93cbd7de1598b38348ff9906e370742cfbd025f933219240b2eea01498bd31,1.0,9b53617ba635a08e,ok,427.8241649923692,True,True,cluster_00661,val,/home/dheirav/Code/Deepfake_Detection/deepfake-project/dataset_builder/val/ai_generated/stylegan3_02325.png
data_sources/ai_generated/StyleGAN/stylegan3_02327.png,data_sources/ai_generated/StyleGAN,ai_generated,1024,1024,1.0,JPEG,117254,d5cee4fd6b46b10a91f3ea261b2db68f,1e5df887e6c83bf19b1dccf587ab20e857bb10c9615935f98821bddd6cb716ed,1.0,f8ae1f4103e207de,ok,92.32683122971503,True,True,cluster_00885,val,/home/dheirav/Code/Deepfake_Detection/deepfake-project/dataset_builder/val/ai_generated/stylegan3_02327.png
data_sources/ai_generated/StyleGAN/stylegan3_02347.png,data_sources/ai_generated/StyleGAN,ai_generated,1024,1024,1.0,JPEG,121769,ee98fbbf11965ccf8c3717f41a33e08c,5ec27bcc4a8350d016e2d9723265d79f3a795813c2dbcc65ce2ef41e356031a5,1.0,ab52d5b5092e879a,ok,82.59053067181867,True,True,cluster_00652,val,/home/dheirav/Code/Deepfake_Detection/deepfake-project/dataset_builder/val/ai_generated/stylegan3_02347.png
data_sources/ai_generated/StyleGAN/stylegan3_02353.png,data_sources/ai_generated/StyleGAN,ai_generated,1024,1024,1.0,JPEG,127568,9803b227c37907b3905a9ce44828133c,f28195c450bb1fa6ec41f44794b9f660cfe7af2f9e23f8f5784dbc891bf86d8a,1.0,ce412b9aa72d268f,ok,157.0606822527334,True,True,cluster_00421,val,/home/dheirav/Code/Deepfake_Detection/deepfake-project/dataset_builder/val/ai_generated/stylegan3_02353.png
data_sources/ai_generated/StyleGAN/stylegan3_02361.png,data_sources/ai_generated/StyleGAN,ai_generated,1024,1024,1.0,JPEG,163266,94bf1d894b9f8cfbab964fed960774f5,8602da20024e3007d54131743555660a352f4707d5ad7ce0fb5b8adb8cba34d1,1.0,8e6b34a7a51c8e99,ok,1245.3040896836528,True,True,cluster_00021,val,/home/dheirav/Code/Deepfake_Detection/deepfake-project/dataset_builder/val/ai_generated/stylegan3_02361.png
data_sources/ai_generated/StyleGAN/stylegan3_02364.png,data_sources/ai_generated/StyleGAN,ai_generated,1024,1024,1.0,JPEG,112773,193bde160f72189da1f946f988328838,6c72e5618a9c65b99e68c6c8ff82562ebf1daa504c513c8ffb74a1082d0f4541,1.0,c83f6486f11933dc,ok,80.5206822277396,True,True,cluster_01129,val,/home/dheirav/Code/Deepfake_Detection/deepfake-project/dataset_builder/val/ai_generated/stylegan3_02364.png
data_sources/ai_generated/StyleGAN/stylegan3_02376.png,data_sources/ai_generated/StyleGAN,ai_generated,1024,1024,1.0,JPEG,120547,5b81cf7b449b91bbb2427f6595352fe9,ae343513ffde359c8c95ca4f55a45b225c6ea2001536c8c37957622ea453f5ff,1.0,dc2c6887956d0bd9,ok,115.65423464681862,True,True,cluster_00711,val,/home/dheirav/Code/Deepfake_Detection/deepfake-project/dataset_builder/val/ai_generated/stylegan3_02376.png
data_sources/ai_generated/StyleGAN/stylegan3_02377.png,data_sources/ai_generated/StyleGAN,ai_generated,1024,1024,1.0,JPEG,111395,db6912dc9b91eeadce8454dde26caa94,0d81bc485487c4f31e2225f583739d017000a0177fd6104074286f6bf132487c,1.0,b0aa7cc12e631cde,ok,113.4690259359777,True,True,cluster_01212,val,/home/dheirav/Code/Deepfake_Detection/deepfake-project/dataset_builder/val/ai_generated/stylegan3_02377.png
data_sources/ai_generated/StyleGAN/stylegan3_02383.png,data_sources/ai_generated/StyleGAN,ai_generated,1024,1024,1.0,JPEG,138581,08b9fb6032b98dd27409c47453a9b772,300aef3143f2a966650a24151acd44103bad0a2b8fe634af4690508aaaae65f7,1.0,9ffa70d22411d6d8,ok,166.9353022156247,True,True,cluster_00169,val,/home/dheirav/Code/Deepfake_Detection/deepfake-project/dataset_builder/val/ai_generated/stylegan3_02383.png
data_sources/ai_generated/StyleGAN/stylegan3_02389.png,data_sources/ai_generated/StyleGAN,ai_generated,1024,1024,1.0,JPEG,120282,60945478264e4367b12902ca409f21a6,aef8bea1180c8f5831af0ea6530f1db4a1cd79b97b157a25df06498fb2ffa37f,1.0,bc6b2853b4098b6f,ok,122.70961658925717,True,True,cluster_00734,val,/home/dheirav/Code/Deepfake_Detection/deepfake-project/dataset_builder/val/ai_generated/stylegan3_02389.png
data_sources/ai_generated/StyleGAN/stylegan3_02393.png,data_sources/ai_generated/StyleGAN,ai_generated,1024,1024,1.0,JPEG,102469,dd23a13d42cb353b96cae09d3e0773d8,0786e41b94da857e55d95400df5fc57822fd205a24cc7df3357cda1707f331e2,1.0,c93f30fef100c1dc,ok,112.21768151918877,True,True,cluster_01729,val,/home/dheirav/Code/Deepfake_Detection/deepfake-project/dataset_builder/val/ai_generated/stylegan3_02393.png
data_sources/ai_generated/StyleGAN/stylegan3_02398.png,data_sources/ai_generated/StyleGAN,ai_generated,1024,1024,1.0,JPEG,99724,c485e07e9bd7828654a0d57b14ee4a17,22930f2ef4b7051b3dbb237f977795e065376f1a0b0b1d72741f31bd5ee3fdde,1.0,da6931a63135978e,ok,163.58322326320922,True,True,cluster_01870,val,/home/dheirav/Code/Deepfake_Detection/deepfake-project/dataset_builder/val/ai_generated/stylegan3_02398.png
data_sources/ai_generated/StyleGAN/stylegan3_02413.png,data_sources/ai_generated/StyleGAN,ai_generated,1024,1024,1.0,JPEG,111034,9c5dd21b6dc763114af86c9cae305286,f150173cd08deccdb430d115f0a566141805b0cf6c3bee655f9af39164822b30,1.0,bdd8d2c283888dcf,ok,124.94178294860376,True,True,cluster_01231,val,/home/dheirav/Code/Deepfake_Detection/deepfake-project/dataset_builder/val/ai_generated/stylegan3_02413.png
data_sources/ai_generated/StyleGAN/stylegan3_02418.png,data_sources/ai_generated/StyleGAN,ai_generated,1024,1024,1.0,JPEG,99505,381e11e6faec10a026650c641cfe95e6,68820616eaebd97b388048f1eef8b8c2fba4d5948491dbde4bc95229e8426eeb,1.0,c73fe11ef9091cc0,ok,176.3667583302267,True,True,cluster_01877,val,/home/dheirav/Code/Deepfake_Detection/deepfake-project/dataset_builder/val/ai_generated/stylegan3_02418.png
data_sources/ai_generated/StyleGAN/stylegan3_02429.png,data_sources/ai_generated/StyleGAN,ai_generated,1024,1024,1.0,JPEG,134540,054afb2a1ee71f95a013732a66c49d5b,a94646dd4e65a98f3af4e7c6b483892f367cae6f0f2701d6a17af77832bb088e,1.0,8bb474f2f219968c,ok,208.29260537532443,True,True,cluster_00245,val,/home/dheirav/Code/Deepfake_Detection/deepfake-project/dataset_builder/val/ai_generated/stylegan3_02429.png
data_sources/ai_generated/StyleGAN/stylegan3_02433.png,data_sources/ai_generated/StyleGAN,ai_generated,1024,1024,1.0,JPEG,129766,687f0b1c7fb5de4ce0d33ebaa3e02d92,5357b05bd8eb8154da96c7302525cddf2fba845a35efcb8443df42e0c21bdf4f,1.0,9868eb25a55e869e,ok,146.3014350819203,True,True,cluster_00349,val,/home/dheirav/Code/Deepfake_Detection/deepfake-project/dataset_builder/val/ai_generated/stylegan3_02433.png
data_sources/ai_generated/StyleGAN/stylegan3_02437.png,data_sources/ai_generated/StyleGAN,ai_generated,1024,1024,1.0,JPEG,144577,96cfc4a718166f528ad7bb0cc3a4111a,8c78c4425e534aa90301ee6c33329ca13c3b635a55e39f028f96ac7ac5b056b6,1.0,faab21c023e9879d,ok,243.57486534117197,True,True,cluster_00110,val,/home/dheirav/Code/Deepfake_Detection/deepfake-project/dataset_builder/val/ai_generated/stylegan3_02437.png
data_sources/ai_generated/StyleGAN/stylegan3_02445.png,data_sources/ai_generated/StyleGAN,ai_generated,1024,1024,1.0,JPEG,110892,e3b5f7d10998625efaf43415e5092eb7,f67243f736f358197721585564f1f2573b54bc7af6be9866be2618da306d82a2,1.0,af6b21f4a19df600,ok,163.2365624524018,True,True,cluster_01235,val,/home/dheirav/Code/Deepfake_Detection/deepfake-project/dataset_builder/val/ai_generated/stylegan3_02445.png
data_sources/ai_generated/StyleGAN/stylegan3_02456.png,data_sources/ai_generated/StyleGAN,ai_generated,1024,1024,1.0,JPEG,140895,6c7c4ffe641a86bc0d9c2849a9204735,3bb6c4bf3944b8095ab027f442995d8491398cd67180723bf0a58575d3ce1fe1,1.0,beb5808206cfc4df,ok,180.92568955750903,True,True,cluster_00135,val,/home/dheirav/Code/Deepfake_Detection/deepfake-project/dataset_builder/val/ai_generated/stylegan3_02456.png
data_sources/ai_generated/StyleGAN/stylegan3_02460.png,data_sources/ai_generated/StyleGAN,ai_generated,1024,1024,1.0,JPEG,120701,76db94f8e913293016c205a0efe4fd3c,215304a60088d08bfb899384665f711b32a9cc682dd63b0b7f4d96bfd7e094c5,1.0,9fd2289320938fdb,ok,137.36035442275806,True,True,cluster_00700,val,/home/dheirav/Code/Deepfake_Detection/deepfake-project/dataset_builder/val/ai_generated/stylegan3_02460.png
data_sources/ai_generated/StyleGAN/stylegan3_02463.png,data_sources/ai_generated/StyleGAN,ai_generated,1024,1024,1.0,JPEG,102069,4f7df248aecb83c1dc7577585f2c06f4,910575c2f08d07c8a0264c4232a9d59408808b0dbf30f6e483e6f27cc40362b3,1.0,cdd896c669e1470e,ok,153.50602054234963,True,True,cluster_01746,val,/home/dheirav/Code/Deepfake_Detection/deepfake-project/dataset_builder/val/ai_generated/stylegan3_02463.png
data_sources/ai_generated/StyleGAN/stylegan3_02465.png,data_sources/ai_generated/StyleGAN,ai_generated,1024,1024,1.0,JPEG,103588,9bff27389ed82ce3fcd3c5541d3f5fe9,ad31b4660e731cae02b446695f9254683c9499287a83d5d36f0b8a6fb3170f36,1.0,fee8209797829a8e,ok,83.31808731359251,True,True,cluster_01662,val,/home/dheirav/Code/Deepfake_Detection/deepfake-project/dataset_builder/val/ai_generated/stylegan3_02465.png
data_sources/ai_generated/StyleGAN/stylegan3_02467.png,data_sources/ai_generated/StyleGAN,ai_generated,1024,1024,1.0,JPEG,127655,b1c9b5a59f3754f70612ace71f4a6933,b7cab5a952ed0978d35a633cdcddaf07a4f3ac38e6ae8b0244238e78d92d1851,1.0,aaf51487169a9b9a,ok,118.107237910619,True,True,cluster_00418,val,/home/dheirav/Code/Deepfake_Detection/deepfake-project/dataset_builder/val/ai_generated/stylegan3_02467.png
data_sources/ai_generated/StyleGAN/stylegan3_02474.png,data_sources/ai_generated/StyleGAN,ai_generated,1024,1024,1.0,JPEG,118903,ff4b610c16eeeafc2dc53d38554e2213,60463eb399d3a5beb30670cb9206de359f57b3f04175ba3fe41d0a33b96ac2c0,1.0,8f8772f4209bd2c9,ok,138.27563651144644,True,True,cluster_00805,val,/home/dheirav/Code/Deepfake_Detection/deepfake-project/dataset_builder/val/ai_generated/stylegan3_02474.png
data_sources/ai_generated/StyleGAN/stylegan3_02485.png,data_sources/ai_generated/StyleGAN,ai_generated,1024,1024,1.0,JPEG,124953,504c049e3f0722680ee24c0eb76287b1,b01fd79ac8868cdcc1616015b01f180729f0c580839d6aea19f20a3c473c13f9,1.0,ce0dfc1a357816c9,ok,127.32642360567115,True,True,cluster_00504,val,/home/dheirav/Code/Deepfake_Detection/deepfake-project/dataset_builder/val/ai_generated/stylegan3_02485.png
data_sources/ai_generated/StyleGAN/stylegan3_02487.png,data_sources/ai_generated/StyleGAN,ai_generated,1024,1024,1.0,JPEG,135891,2bea74e5b5b83133f814aa5debae9cbe,fdaa3db9692003f6d3108657393878d100c2384fc2400b17ddd3308fec59909d,1.0,c88f33d25319d38e,ok,226.66092337338705,True,True,cluster_00217,val,/home/dheirav/Code/Deepfake_Detection/deepfake-project/dataset_builder/val/ai_generated/stylegan3_02487.png
data_sources/ai_generated/StyleGAN/stylegan3_02492.png,data_sources/ai_generated/StyleGAN,ai_generated,1024,1024,1.0,JPEG,110601,26e0a91579fca8f4a3b36084a868d3b4,7d94d49f64ccee2a6659a10b1a8872b6599d941f7c1ef1752127748ba6a09a16,1.0,96e9381621bcfa87,ok,269.4259471594705,True,True,cluster_01260,val,/home/dheirav/Code/Deepfake_Detection/deepfake-project/dataset_builder/val/ai_generated/stylegan3_02492.png
data_sources/ai_generated/StyleGAN/stylegan3_02494.png,data_sources/ai_generated/StyleGAN,ai_generated,1024,1024,1.0,JPEG,121772,99e625e8446a785a3325ba029e777e81,6ea2ef0f676cc3e94219e27933a8646f59d4ff2776c6d01f3304102b63a2ab07,1.0,f8e1a1c6859c95dc,ok,320.5903896689415,True,True,cluster_00651,val,/home/dheirav/Code/Deepfake_Detection/deepfake-project/dataset_builder/val/ai_generated/stylegan3_02494.png
data_sources/ai_generated/StyleGAN/stylegan3_02500.png,data_sources/ai_generated/StyleGAN,ai_generated,1024,1024,1.0,JPEG,114078,aea53998eca52db5261d3d98473bf85a,0d63097b38e069b600f64cfb588e63b924dcce582d9c7c695891934dfc244ecd,1.0,aa2f2129257df487,ok,86.6863733589962,True,True,cluster_01052,val,/home/dheirav/Code/Deepfake_Detection/deepfake-project/dataset_builder/val/ai_generated/stylegan3_02500.png
data_sources/ai_generated/StyleGAN/stylegan3_02514.png,data_sources/ai_generated/StyleGAN,ai_generated,1024,1024,1.0,JPEG,114733,53e1321bcc617d679fd99173dbd8a23d,7acec7a05a0ffff05a05a77b4f3990f921208bd8eaf855ae31addbeb030ddece,1.0,c2572857247fe49a,ok,158.2468306701039,True,True,cluster_01007,val,/home/dheirav/Code/Deepfake_Detection/deepfake-project/dataset_builder/val/ai_generated/stylegan3_02514.png
data_sources/ai_generated/StyleGAN/stylegan3_02519.png,data_sources/ai_generated/StyleGAN,ai_generated,1024,1024,1.0,JPEG,113320,5362eb09d641e62ef27c81631e990b1e,33a655a989fc311e344929bc0591f389b7d2b6741341e74e684687391baab5f9,1.0,aab1a5463556d699,ok,94.1998748590704,True,True,cluster_01092,val,/home/dheirav/Code/Deepfake_Detection/deepfake-project/dataset_builder/val/ai_generated/stylegan3_02519.png
data_sources/ai_generated/StyleGAN/stylegan3_02520.png,data_sources/ai_generated/StyleGAN,ai_generated,1024,1024,1.0,JPEG,105648,771815277be82b8cb0d8fbacd6c1c76f,f1ac95ae2187a7b40abc07675d39d4d04c34928429a77916f72d194a16b62327,1.0,cf08a1f3331bb1ca,ok,128.30835682068937,True,True,cluster_01542,val,/home/dheirav/Code/Deepfake_Detection/deepfake-project/dataset_builder/val/ai_generated/stylegan3_02520.png
data_sources/ai_generated/StyleGAN/stylegan3_02527.png,data_sources/ai_generated/StyleGAN,ai_generated,1024,1024,1.0,JPEG,111528,689dd3f3f1f21698c3a0843446e290f8,40074fafae347def3ac6c6feca3ddb6862213548872fa06a71b2b6c8da49a73e,1.0,a93b74853b1c52cd,ok,126.90902773307516,True,True,cluster_01201,val,/home/dheirav/Code/Deepfake_Detection/deepfake-project/dataset_builder/val/ai_generated/stylegan3_02527.png
data_sources/ai_generated/StyleGAN/stylegan3_02529.png,data_sources/ai_generated/StyleGAN,ai_generated,1024,1024,1.0,JPEG,115043,c873dec12febd981529a84cf8e220f37,f469bf2bf5289e34a637f3a4e393edf9849c630eca695c3338562e53023da182,1.0,bead7023303cb6d4,ok,93.15286059825667,True,True,cluster_00981,val,/home/dheirav/Code/Deepfake_Detection/deepfake-project/dataset_builder/val/ai_generated/stylegan3_02529.png
data_sources/ai_generated/StyleGAN/stylegan3_02531.png,data_sources/ai_generated/StyleGAN,ai_generated,1024,1024,1.0,JPEG,113992,2f43bcd45fa23951e3384b5ee96ef0d7,6647182503dcecf6200b246e2a3ea27305e43e11b767a9aa46d1847bb8ff9447,1.0,caa117f4f8849a9e,ok,193.9166056772728,True,True,cluster_01055,val,/home/dheirav/Code/Deepfake_Detection/deepfake-project/dataset_builder/val/ai_generated/stylegan3_02531.png
data_sources/ai_generated/StyleGAN/stylegan3_02538.png,data_sources/ai_generated/StyleGAN,ai_generated,1024,1024,1.0,JPEG,115428,4b82e91c00d78f066cc8d70865c9b264,df6f88553931fb0e38d9aa817ac468463e6521d0a1f3dc4b7380714652c0def0,1.0,cd1e743072b0d3cb,ok,83.67860966710941,True,True,cluster_00966,val,/home/dheirav/Code/Deepfake_Detection/deepfake-project/dataset_builder/val/ai_generated/stylegan3_02538.png
data_sources/ai_generated/StyleGAN/stylegan3_02541.png,data_sources/ai_generated/StyleGAN,ai_generated,1024,1024,1.0,JPEG,159417,bf1a720b4eb3832258b89c97a6fdee16,76e7c0aab5653e6aea4c3b5c775b7f5a85983e2012e6164f45934bd74eb90717,1.0,8de4a54ec5599399,ok,257.3162663156254,True,True,cluster_00027,val,/home/dheirav/Code/Deepfake_Detection/deepfake-project/dataset_builder/val/ai_generated/stylegan3_02541.png
data_sources/ai_generated/StyleGAN/stylegan3_02543.png,data_sources/ai_generated/StyleGAN,ai_generated,1024,1024,1.0,JPEG,132711,5e238d1bfc7169e724e62b26ade2f68a,e1c244e29be6f8f05531dfc7033b3cbf0b3a3f8678695284cf54707fe855918a,1.0,ecc794cb360d7065,ok,330.6235837712219,True,True,cluster_00279,val,/home/dheirav/Code/Deepfake_Detection/deepfake-project/dataset_builder/val/ai_generated/stylegan3_02543.png
data_sources/ai_generated/StyleGAN/stylegan3_02549.png,data_sources/ai_generated/StyleGAN,ai_generated,1024,1024,1.0,JPEG,110556,e04ab3713c0f8aa0662eb476fee6d211,9cd954c999809eef9c8876df6fee0edb1173d5e592f1912219511dc503586b3d,1.0,ea1e25723558a799,ok,204.2230193798896,True,True,cluster_01264,val,/home/dheirav/Code/Deepfake_Detection/deepfake-project/dataset_builder/val/ai_generated/stylegan3_02549.png
data_sources/ai_generated/StyleGAN/stylegan3_02555.png,data_sources/ai_generated/StyleGAN,ai_generated,1024,1024,1.0,JPEG,117421,529a6ffd8bd08883e1167b59eb81360d,61f8309af46b8530848e96cb9a1431186a14d495c5e01e1654462e6483293e9e,1.0,a5233eb471d0cbca,ok,85.95618104813093,True,True,cluster_00872,val,/home/dheirav/Code/Deepfake_Detection/deepfake-project/dataset_builder/val/ai_generated/stylegan3_02555.png
data_sources/ai_generated/StyleGAN/stylegan3_02557.png,data_sources/ai_generated/StyleGAN,ai_generated,1024,1024,1.0,JPEG,138543,838ddf6ca267cdf32836374035e5aa67,dcd7303d2450a9f070fd0818886648064ee7709d1676138b005baf592dade5ac,1.0,9ec00aaf6d2427de,ok,328.1590549773391,True,True,cluster_00170,val,/home/dheirav/Code/Deepfake_Detection/deepfake-project/dataset_builder/val/ai_generated/stylegan3_02557.png
data_sources/ai_generated/StyleGAN/stylegan3_02564.png,data_sources/ai_generated/StyleGAN,ai_generated,1024,1024,1.0,JPEG,122031,ffead67f429a04dfc4f50116e05548cd,60d7221fd913472621d5ef69aa4371e528e7c6ed75384008eb52740a819748c4,1.0,b845d7c4ece28b8c,ok,700.2210758932013,True,True,cluster_00638,val,/home/dheirav/Code/Deepfake_Detection/deepfake-project/dataset_builder/val/ai_generated/stylegan3_02564.png
data_sources/ai_generated/StyleGAN/stylegan3_02580.png,data_sources/ai_generated/StyleGAN,ai_generated,1024,1024,1.0,JPEG,100329,24629e44895fbe79c339c325f98077d1,f5a0ccebaa28ca1f2d86891e2faa84765af40d656d20ecf89de21b7bfe00c28c,1.0,84313637f1c6989f,ok,93.09592045883983,True,True,cluster_01840,val,/home/dheirav/Code/Deepfake_Detection/deepfake-project/dataset_builder/val/ai_generated/stylegan3_02580.png
data_sources/ai_generated/StyleGAN/stylegan3_02584.png,data_sources/ai_generated/StyleGAN,ai_generated,1024,1024,1.0,JPEG,105863,9c64f011651e2a42785542ceb0ce8447,fb21e25d692af0ce4d7ed67f8e73cb108e7314ff67a8c3a0de2c88a8a5678d07,1.0,dfa0358730ded28c,ok,148.86971527622424,True,True,cluster_01525,val,/home/dheirav/Code/Deepfake_Detection/deepfake-project/dataset_builder/val/ai_generated/stylegan3_02584.png
data_sources/ai_generated/StyleGAN/stylegan3_02587.png,data_sources/ai_generated/StyleGAN,ai_generated,1024,1024,1.0,JPEG,113349,89bf1edd774dfc56898baa9020571142,a37baa465de642ef64fdebd2f5b3441982cb7e7846def066a54dd82fe45fa7a6,1.0,8bb4f42a69cad651,ok,82.94322926633959,True,True,cluster_01090,val,/home/dheirav/Code/Deepfake_Detection/deepfake-project/dataset_builder/val/ai_generated/stylegan3_02587.png
data_sources/ai_generated/StyleGAN/stylegan3_02588.png,data_sources/ai_generated/StyleGAN,ai_generated,1024,1024,1.0,JPEG,96860,147ee9c71c38abb4f4f640cd8f90333f,408725c333ab8284320a52264569f1b538415d173c7ede2f0534c5ee8f7900ed,1.0,9f40ad5f205dde81,ok,191.36359402635935,True,True,cluster_01982,val,/home/dheirav/Code/Deepfake_Detection/deepfake-project/dataset_builder/val/ai_generated/stylegan3_02588.png
data_sources/ai_generated/StyleGAN/stylegan3_02593.png,data_sources/ai_generated/StyleGAN,ai_generated,1024,1024,1.0,JPEG,127349,704ecf2cabc21d5443133c10bac8dff2,eae2523f99321050757228cf6578e08fa16de495e37ce417f6a76d05116a8d26,1.0,fd0b70f577470282,ok,347.6954352190868,True,True,cluster_00426,val,/home/dheirav/Code/Deepfake_Detection/deepfake-project/dataset_builder/val/ai_generated/stylegan3_02593.png
data_sources/ai_generated/StyleGAN/stylegan3_02610.png,data_sources/ai_generated/StyleGAN,ai_generated,1024,1024,1.0,JPEG,139381,06f52d9b295a1435ee2ee399621d6139,1f1e50d58f8287b1b2dd9668d22262dc2c46efdf4a437c61740118cf7b708ece,1.0,faa0a1d72165d69a,ok,394.2491875936747,True,True,cluster_00156,val,/home/dheirav/Code/Deepfake_Detection/deepfake-project/dataset_builder/val/ai_generated/stylegan3_02610.png
data_sources/ai_generated/StyleGAN/stylegan3_02617.png,data_sources/ai_generated/StyleGAN,ai_generated,1024,1024,1.0,JPEG,157956,e1140b32e3d50d5067b6392dd20afc95,206ff046e2d51b31666465afb5c10d0776f9ecd7c4dd6887a6bc6ccfa157633d,1.0,df21f0dd2a0ce2c6,ok,443.606017655693,True,True,cluster_00030,val,/home/dheirav/Code/Deepfake_Detection/deepfake-project/dataset_builder/val/ai_generated/stylegan3_02617.png
data_sources/ai_generated/StyleGAN/stylegan3_02639.png,data_sources/ai_generated/StyleGAN,ai_generated,1024,1024,1.0,JPEG,138639,2038edc1509946fd2504e63201929740,194a56eb9e91ae590072f7535af67ea142858f5b8f6f1d0942a9a3fdc8cf7d46,1.0,aa25fdf29470bc50,ok,144.29238796081245,True,True,cluster_00167,val,/home/dheirav/Code/Deepfake_Detection/deepfake-project/dataset_builder/val/ai_generated/stylegan3_02639.png
data_sources/ai_generated/StyleGAN/stylegan3_02640.png,data_sources/ai_generated/StyleGAN,ai_generated,1024,1024,1.0,JPEG,104430,7bf59e93e9b4be39c5dacbb341ffc1a2,c037137d3191b4c50c2299b9f85b24b33e959341e396f165520b95fbb52be76f,1.0,c8eb15237423a7d3,ok,240.79008162184618,True,True,cluster_01611,val,/home/dheirav/Code/Deepfake_Detection/deepfake-project/dataset_builder/val/ai_generated/stylegan3_02640.png
data_sources/ai_generated/StyleGAN/stylegan3_02643.png,data_sources/ai_generated/StyleGAN,ai_generated,1024,1024,1.0,JPEG,114516,0633dda5d37fe3edb68d539d97c9134c,5fd64bb9d4614301a20bebe938c1abb51b8a2b8b7349c7fd683e06397b02b814,1.0,9ffc603ae479404b,ok,88.04846634290061,True,True,cluster_01018,val,/home/dheirav/Code/Deepfake_Detection/deepfake-project/dataset_builder/val/ai_generated/stylegan3_02643.png
data_sources/ai_generated/StyleGAN/stylegan3_02649.png,data_sources/ai_generated/StyleGAN,ai_generated,1024,1024,1.0,JPEG,105098,5128692f63eab380b86ec18991d03589,10d4932989e97e94461e4f04a28f8ac50ddba2d9f26ddfede1d51e2e44459d7b,1.0,cbf47483b214d78a,ok,247.48434997739872,True,True,cluster_01577,val,/home/dheirav/Code/Deepfake_Detection/deepfake-project/dataset_builder/val/ai_generated/stylegan3_02649.png
data_sources/ai_generated/StyleGAN/stylegan3_02672.png,data_sources/ai_generated/StyleGAN,ai_generated,1024,1024,1.0,JPEG,100509,b9a1097476cb2883ca187c935a750b8f,37f1fa8b9c3b1ebc283d7996518e957404b22821d563be0d4a614f7211b742d8,1.0,f883278656de8b98,ok,81.80661848006912,True,True,cluster_01829,val,/home/dheirav/Code/Deepfake_Detection/deepfake-project/dataset_builder/val/ai_generated/stylegan3_02672.png
data_sources/ai_generated/StyleGAN/stylegan3_02681.png,data_sources/ai_generated/StyleGAN,ai_generated,1024,1024,1.0,JPEG,132067,5560d59f1429106c0baac56a1697969c,4e400da3d179b3f3ae0eb10e905f7fc5d9352802806e3d95c93478b938572d41,1.0,eaa1f58290df82dc,ok,609.2921324660382,True,True,cluster_00295,val,/home/dheirav/Code/Deepfake_Detection/deepfake-project/dataset_builder/val/ai_generated/stylegan3_02681.png
data_sources/ai_generated/StyleGAN/stylegan3_02684.png,data_sources/ai_generated/StyleGAN,ai_generated,1024,1024,1.0,JPEG,118847,25e9255f0f12b92394c30a7beace85c4,e7f73555a159450f1b96df744f65d953e803a17973562500686169e91b42915b,1.0,dabd622f6029e685,ok,226.23999829073634,True,True,cluster_00809,val,/home/dheirav/Code/Deepfake_Detection/deepfake-project/dataset_builder/val/ai_generated/stylegan3_02684.png
data_sources/ai_generated/StyleGAN/stylegan3_02692.png,data_sources/ai_generated/StyleGAN,ai_generated,1024,1024,1.0,JPEG,158169,24e16268f21bbaa43bebe8a80643efff,252a1832f10505a1dc280b35a0648f06a4dc3b693a06cc615347961571a01b3d,1.0,9b81ab9be15a4789,ok,402.6528847707732,True,True,cluster_00029,val,/home/dheirav/Code/Deepfake_Detection/deepfake-project/dataset_builder/val/ai_generated/stylegan3_02692.png
data_sources/ai_generated/StyleGAN/stylegan3_02697.png,data_sources/ai_generated/StyleGAN,ai_generated,1024,1024,1.0,JPEG,131860,747cdcfedc8a5362e1d0e5f24648aa56,7d76b3a0f3c688118d67e6b458d9f1a684a77b8e4dbf6fbe10ca37022d1a3824,1.0,9e5f716527586215,ok,87.65620695539019,True,True,cluster_00301,val,/home/dheirav/Code/Deepfake_Detection/deepfake-project/dataset_builder/val/ai_generated/stylegan3_02697.png
data_sources/ai_generated/StyleGAN/stylegan3_02702.png,data_sources/ai_generated/StyleGAN,ai_generated,1024,1024,1.0,JPEG,114145,c2679df835ac36f5e41483f91be25e65,56b8fb878f24d5a5259bbbe393d7cf634f599c217aec8b10f1ece5256fd87518,1.0,da6d7127204432ff,ok,140.5739458550779,True,True,cluster_01042,val,/home/dheirav/Code/Deepfake_Detection/deepfake-project/dataset_builder/val/ai_generated/stylegan3_02702.png
data_sources/ai_generated/StyleGAN/stylegan3_02703.png,data_sources/ai_generated/StyleGAN,ai_generated,1024,1024,1.0,JPEG,106275,4f364785a55038cef21e78601ed3147b,6dccc18ccccec34abb3ed6d2afb08f792bef78e346ec17af0154e319c3fe2a6c,1.0,8bb072336565c6ce,ok,123.25077381016672,True,True,cluster_01503,val,/home/dheirav/Code/Deepfake_Detection/deepfake-project/dataset_builder/val/ai_generated/stylegan3_02703.png
data_sources/ai_generated/StyleGAN/stylegan3_02709.png,data_sources/ai_generated/StyleGAN,ai_generated,1024,1024,1.0,JPEG,125283,5be5dd3ebd3e940471adaeef7c920f8f,bab11da2a3c9db5a7f2f89a7f6ff24f358cb51884f5ade4290693350e87a10eb,1.0,d06873f722fd06c8,ok,109.25612022586574,True,True,cluster_00493,val,/home/dheirav/Code/Deepfake_Detection/deepfake-project/dataset_builder/val/ai_generated/stylegan3_02709.png
data_sources/ai_generated/StyleGAN/stylegan3_02712.png,data_sources/ai_generated/StyleGAN,ai_generated,1024,1024,1.0,JPEG,122182,f972307a63020583d8dc294a68a272f3,224c8236bdd5cc8c6263c98b9fd1829c6e254328b5e484c64398a47c81572016,1.0,ca1a257f3405d74d,ok,146.407828261209,True,True,cluster_00624,val,/home/dheirav/Code/Deepfake_Detection/deepfake-project/dataset_builder/val/ai_generated/stylegan3_02712.png
data_sources/ai_generated/StyleGAN/stylegan3_02714.png,data_sources/ai_generated/StyleGAN,ai_generated,1024,1024,1.0,JPEG,104051,a4eae9be492ef2062633505f269c9946,73e5f83c3fb4432ab84f6daef53b77ba68f6d8c79485352ce21fbf4b22a6d717,1.0,e17fb634223261da,ok,119.17231748998165,True,True,cluster_01637,val,/home/dheirav/Code/Deepfake_Detection/deepfake-project/dataset_builder/val/ai_generated/stylegan3_02714.png
data_sources/ai_generated/StyleGAN/stylegan3_02717.png,data_sources/ai_generated/StyleGAN,ai_generated,1024,1024,1.0,JPEG,102784,d3e582fd3e6d5afdcdff747b9f3cca09,ed5ce91225fe0e01d86f3bc3ef5691f6b31dc4354d98a05fa506317cc1f665ee,1.0,daa82bd5a047e2da,ok,161.25015065236948,True,True,cluster_01714,val,/home/dheirav/Code/Deepfake_Detection/deepfake-project/dataset_builder/val/ai_generated/stylegan3_02717.png
data_sources/ai_generated/StyleGAN/stylegan3_02719.png,data_sources/ai_generated/StyleGAN,ai_generated,1024,1024,1.0,JPEG,128279,6559ac81b9b84d911694349441842e1c,7c2b446acbf054b1831da5d340a27c296f668b815c840e2baba5977d27fba902,1.0,fc7e83616861a78c,ok,111.92145822572546,True,True,cluster_00395,val,/home/dheirav/Code/Deepfake_Detection/deepfake-project/dataset_builder/val/ai_generated/stylegan3_02719.png
data_sources/ai_generated/StyleGAN/stylegan3_02732.png,data_sources/ai_generated/StyleGAN,ai_generated,1024,1024,1.0,JPEG,125677,9e0991fbf7eda3ba600e9c85ee7378d7,1416e98d114557b11d788b0244b89d62d6d3a01b926ffc2cc0a4a7714e4e2d87,1.0,9e4e21a73359938b,ok,117.74553501138871,True,True,cluster_00476,val,/home/dheirav/Code/Deepfake_Detection/deepfake-project/dataset_builder/val/ai_generated/stylegan3_02732.png
data_sources/ai_generated/StyleGAN/stylegan3_02733.png,data_sources/ai_generated/StyleGAN,ai_generated,1024,1024,1.0,JPEG,101554,864eae8d0658659c78516e3c5cad9115,d7a41c5f56a8e73bfb9079c21a80478fbdae41cb959b1cdea0f90920c4a38079,1.0,9adb1ae51c61278d,ok,89.8955219326226,True,True,cluster_01766,val,/home/dheirav/Code/Deepfake_Detection/deepfake-project/dataset_builder/val/ai_generated/stylegan3_02733.png
data_sources/ai_generated/StyleGAN/stylegan3_02737.png,data_sources/ai_generated/StyleGAN,ai_generated,1024,1024,1.0,JPEG,101478,6ecb805ac80935e87b879a480ab9505c,209185f43819b55da717216c5f3deb03f5f4084b5dc4c3c20935bd5635c718af,1.0,f85ceb61682bd883,ok,155.59624083641393,True,True,cluster_01767,val,/home/dheirav/Code/Deepfake_Detection/deepfake-project/dataset_builder/val/ai_generated/stylegan3_02737.png
data_sources/ai_generated/StyleGAN/stylegan3_02745.png,data_sources/ai_generated/StyleGAN,ai_generated,1024,1024,1.0,JPEG,109543,10229a9ca653dfcea1ca2cf5c25a1684,ca698494767c8cd8cf410453d998a665c906be93a1aa005d7bacf90bd58f5e85,1.0,f06a67e2e60e869a,ok,97.82368221955312,True,True,cluster_01312,val,/home/dheirav/Code/Deepfake_Detection/deepfake-project/dataset_builder/val/ai_generated/stylegan3_02745.png
data_sources/ai_generated/StyleGAN/stylegan3_02753.png,data_sources/ai_generated/StyleGAN,ai_generated,1024,1024,1.0,JPEG,117675,5353fa4599e1b959eb3b95e24cb47b05,f1337cc28db984bc435bc8930b9f102627f09e11c382fb9f45c4d7f8f3ced06b,1.0,c5673912be88857d,ok,94.92594065680169,True,True,cluster_00853,val,/home/dheirav/Code/Deepfake_Detection/deepfake-project/dataset_builder/val/ai_generated/stylegan3_02753.png
data_sources/ai_generated/StyleGAN/stylegan3_02765.png,data_sources/ai_generated/StyleGAN,ai_generated,1024,1024,1.0,JPEG,108462,8188c8aca1bd288173645da9b4ac2bbd,e21b0bae75a49f48c117af1cd51bff226bdf87cf69f2dd553506c8819d7ed502,1.0,bfae40f240f103db,ok,89.1747274398358,True,True,cluster_01363,val,/home/dheirav/Code/Deepfake_Detection/deepfake-project/dataset_builder/val/ai_generated/stylegan3_02765.png
data_sources/ai_generated/StyleGAN/stylegan3_02768.png,data_sources/ai_generated/StyleGAN,ai_generated,1024,1024,1.0,JPEG,113532,dad103ee0e2352c7498981878f67f917,c736286c1882b63867fdfea8000c4bfbe14736ad6be9c64e6957c1abcb1a0a00,1.0,ebc08ee21c23e89f,ok,107.22340605325007,True,True,cluster_01080,val,/home/dheirav/Code/Deepfake_Detection/deepfake-project/dataset_builder/val/ai_generated/stylegan3_02768.png
data_sources/ai_generated/StyleGAN/stylegan3_02769.png,data_sources/ai_generated/StyleGAN,ai_generated,1024,1024,1.0,JPEG,99252,1994ed770adcf65f633c604513aebeb9,ef1298257dcff86f996e05a412b31432e087475d6a320e6864d23accf4e55892,1.0,d30a2d2d2ceb558d,ok,146.4494838439241,True,True,cluster_01887,val,/home/dheirav/Code/Deepfake_Detection/deepfake-project/dataset_builder/val/ai_generated/stylegan3_02769.png
data_sources/ai_generated/StyleGAN/stylegan3_02772.png,data_sources/ai_generated/StyleGAN,ai_generated,1024,1024,1.0,JPEG,109412,4719bb6be889b3af5d9e3240881f0f11,d06b810a2f08827d4316593995cd80701aef9ce96aa53a05271cae6fa0a2e2d7,1.0,9f583d22752ca395,ok,97.22197913450873,True,True,cluster_01318,val,/home/dheirav/Code/Deepfake_Detection/deepfake-project/dataset_builder/val/ai_generated/stylegan3_02772.png
data_sources/ai_generated/StyleGAN/stylegan3_02788.png,data_sources/ai_generated/StyleGAN,ai_generated,1024,1024,1.0,JPEG,101731,b144be3c0077199614e707ed356b665c,57b88d62046d792f8d48fe1e73a7a04669c7d732bddbc4a158792d65502b4288,1.0,c93738fa701911dd,ok,113.002989460565,True,True,cluster_01757,val,/home/dheirav/Code/Deepfake_Detection/deepfake-project/dataset_builder/val/ai_generated/stylegan3_02788.png
data_sources/ai_generated/StyleGAN/stylegan3_02806.png,data_sources/ai_generated/StyleGAN,ai_generated,1024,1024,1.0,JPEG,114730,e283abd4031bf28bc19bd83f5e73b558,f217b51ac4b82788dec0a5191fe52a8639016df2af18a8ab38a184d3d0b3b4cf,1.0,aff434f2728183c3,ok,122.13691005526107,True,True,cluster_01008,val,/home/dheirav/Code/Deepfake_Detection/deepfake-project/dataset_builder/val/ai_generated/stylegan3_02806.png
data_sources/ai_generated/StyleGAN/stylegan3_02808.png,data_sources/ai_generated/StyleGAN,ai_generated,1024,1024,1.0,JPEG,111051,42015799b2f8b243748c192587fee6e9,8a0385c8a911ac00cf5a8a561a4dd53ad9b91a6574eb837caa300c44db790366,1.0,efb434f2108bc38b,ok,304.83202537207035,True,True,cluster_01229,val,/home/dheirav/Code/Deepfake_Detection/deepfake-project/dataset_builder/val/ai_generated/stylegan3_02808.png
data_sources/ai_generated/StyleGAN/stylegan3_02815.png,data_sources/ai_generated/StyleGAN,ai_generated,1024,1024,1.0,JPEG,114043,af0217eb4809e19d4d32eaf274190763,b564969a83cdfd903b3c5ab360b059012d99a5dc07f2c1117a8c83df9daa5fe9,1.0,f5d2c30d6879e08d,ok,148.68301747318765,True,True,cluster_01054,val,/home/dheirav/Code/Deepfake_Detection/deepfake-project/dataset_builder/val/ai_generated/stylegan3_02815.png
data_sources/ai_generated/StyleGAN/stylegan3_02822.png,data_sources/ai_generated/StyleGAN,ai_generated,1024,1024,1.0,JPEG,122768,71cea80dd342f063217cafca5e9b01e7,8923931fe465f409b49555b6693a6382e420fee9bdfbbb29425643fd2cb757ce,1.0,ab81dda552bd54a8,ok,374.1592779158444,True,True,cluster_00591,val,/home/dheirav/Code/Deepfake_Detection/deepfake-project/dataset_builder/val/ai_generated/stylegan3_02822.png
data_sources/ai_generated/StyleGAN/stylegan3_02826.png,data_sources/ai_generated/StyleGAN,ai_generated,1024,1024,1.0,JPEG,130365,7a7b414cf2d025d0ad27b4f22d949635,6f192b6bcbcf4bd39a5d05ad5e214cc8d28e3abb9185acfd4c591fddfb86bb93,1.0,8bf56452228bc79b,ok,174.30777738041706,True,True,cluster_00337,val,/home/dheirav/Code/Deepfake_Detection/deepfake-project/dataset_builder/val/ai_generated/stylegan3_02826.png
data_sources/ai_generated/StyleGAN/stylegan3_02841.png,data_sources/ai_generated/StyleGAN,ai_generated,1024,1024,1.0,JPEG,112219,f0db5fba3148c03af1f73694679c9917,f828513b7d1b506bc644d5cec5f1d9965c820576ff5d91342bcf6d5b380adaea,1.0,8bb42b37713d03d8,ok,109.65494213178953,True,True,cluster_01159,val,/home/dheirav/Code/Deepfake_Detection/deepfake-project/dataset_builder/val/ai_generated/stylegan3_02841.png
data_sources/ai_generated/StyleGAN/stylegan3_02850.png,data_sources/ai_generated/StyleGAN,ai_generated,1024,1024,1.0,JPEG,106504,54260bff336b0ec1f0b998b230749665,8f2812e1f134b6926475b4f292aee91a37220654b630949898135d2600b22634,1.0,9bb5f4f2e2d98081,ok,92.94146439753875,True,True,cluster_01486,val,/home/dheirav/Code/Deepfake_Detection/deepfake-project/dataset_builder/val/ai_generated/stylegan3_02850.png
data_sources/ai_generated/StyleGAN/stylegan3_02854.png,data_sources/ai_generated/StyleGAN,ai_generated,1024,1024,1.0,JPEG,113412,bedc6bc5db753bfe65f9875c485c5a7a,9c1bfdcd7903adc835660d198cbf71bd308a281c8ce4eac51d5edc55959c241d,1.0,d8f630a323f99389,ok,120.25818203296512,True,True,cluster_01085,val,/home/dheirav/Code/Deepfake_Detection/deepfake-project/dataset_builder/val/ai_generated/stylegan3_02854.png
data_sources/ai_generated/StyleGAN/stylegan3_02864.png,data_sources/ai_generated/StyleGAN,ai_generated,1024,1024,1.0,JPEG,100850,68d2421e8f3355cb299f188d8532d003,a26d9eb672bd792bde6772181bfb74b248bfcd8939bef09a2f5ba5ca889c8a66,1.0,cf2d3402f2698fca,ok,104.85186377813443,True,True,cluster_01805,val,/home/dheirav/Code/Deepfake_Detection/deepfake-project/dataset_builder/val/ai_generated/stylegan3_02864.png
data_sources/ai_generated/StyleGAN/stylegan3_02867.png,data_sources/ai_generated/StyleGAN,ai_generated,1024,1024,1.0,JPEG,145920,52709555f189dff2a6d7cfff55e6e711,62d1c87aabaa7f12fdb1f4d0912248368021c8d64d666a723a9b3d1bbf9d3de9,1.0,c5373eb87003f0cd,ok,264.3287143619927,True,True,cluster_00100,val,/home/dheirav/Code/Deepfake_Detection/deepfake-project/dataset_builder/val/ai_generated/stylegan3_02867.png
data_sources/ai_generated/StyleGAN/stylegan3_02872.png,data_sources/ai_generated/StyleGAN,ai_generated,1024,1024,1.0,JPEG,124583,e12d951394396292b07bc9122bee3843,54da48d807aabc07f4909cf64ecbbdd09054b8c8595ab968fc6ca0c1bd63daf1,1.0,e5763eb0ba02d0ce,ok,93.16243012259656,True,True,cluster_00521,val,/home/dheirav/Code/Deepfake_Detection/deepfake-project/dataset_builder/val/ai_generated/stylegan3_02872.png
data_sources/ai_generated/StyleGAN/stylegan3_02880.png,data_sources/ai_generated/StyleGAN,ai_generated,1024,1024,1.0,JPEG,99024,f46d1f86ebe22ac190cfaf2a4d87f032,341f6db53863c303aa8deb1ace47361a4d46db744e1381d42552c87148282785,1.0,f06b67ce868cc2cc,ok,134.061672200085,True,True,cluster_01898,val,/home/dheirav/Code/Deepfake_Detection/deepfake-project/dataset_builder/val/ai_generated/stylegan3_02880.png
data_sources/ai_generated/StyleGAN/stylegan3_02881.png,data_sources/ai_generated/StyleGAN,ai_generated,1024,1024,1.0,JPEG,105670,6a724d56a7148d20fc5fd78c2a3c56ca,2a8f99326c56c3789ae560fe42cdc9254261a88b64cf36e6c428cd78dd0cd88c,1.0,9e6124f39299dac9,ok,104.67016482632516,True,True,cluster_01541,val,/home/dheirav/Code/Deepfake_Detection/deepfake-project/dataset_builder/val/ai_generated/stylegan3_02881.png
data_sources/ai_generated/StyleGAN/stylegan3_02889.png,data_sources/ai_generated/StyleGAN,ai_generated,1024,1024,1.0,JPEG,124752,26e809172a1e9b022269bf7a892c9004,0de7d21ad20054245c13ae04210ec78ddd4695a1856d9ae49cc9d9e8b371b488,1.0,cb956492f219d3c9,ok,125.31004800126446,True,True,cluster_00513,val,/home/dheirav/Code/Deepfake_Detection/deepfake-project/dataset_builder/val/ai_generated/stylegan3_02889.png
data_sources/ai_generated/StyleGAN/stylegan3_02896.png,data_sources/ai_generated/StyleGAN,ai_generated,1024,1024,1.0,JPEG,101696,a175793e64ec168d191eed9a22e5e9ba,66a7804cc0a8e7d968d1d14131d4114cb4b8ecd7313c54b5b5e9e761c6dcc52d,1.0,fae121e706ce929c,ok,87.34778534411453,True,True,cluster_01759,val,/home/dheirav/Code/Deepfake_Detection/deepfake-project/dataset_builder/val/ai_generated/stylegan3_02896.png
data_sources/ai_generated/StyleGAN/stylegan3_02897.png,data_sources/ai_generated/StyleGAN,ai_generated,1024,1024,1.0,JPEG,122648,81665ff0ff8d2f2dd5d26829a29c949f,76569123c43095a2400c8ebc4fa46f62e383468ff7ba282c6b52b97079bb5e4c,1.0,8a293ca333bba58e,ok,116.10279068554155,True,True,cluster_00598,val,/home/dheirav/Code/Deepfake_Detection/deepfake-project/dataset_builder/val/ai_generated/stylegan3_02897.png
data_sources/ai_generated/StyleGAN/stylegan3_02899.png,data_sources/ai_generated/StyleGAN,ai_generated,1024,1024,1.0,JPEG,121214,fe0be96a2ef774ca6236ec01d5e249ae,4e60ff2cce81ec20e91230ebbbc69c09ef23f5344877d995cf4099ed930a7730,1.0,9eebb47aa20a529c,ok,130.969468477615,True,True,cluster_00674,val,/home/dheirav/Code/Deepfake_Detection/deepfake-project/dataset_builder/val/ai_generated/stylegan3_02899.png
data_sources/ai_generated/StyleGAN/stylegan3_02901.png,data_sources/ai_generated/StyleGAN,ai_generated,1024,1024,1.0,JPEG,119067,b87269a03498ac139a6005a3ade4a458,9485b7258c4a32fa7f4baad4ea6e98e0b3def6695e718ef555b34b1b9bb43ad3,1.0,d6b7b4c2830d83cb,ok,100.69626902747314,True,True,cluster_00795,val,/home/dheirav/Code/Deepfake_Detection/deepfake-project/dataset_builder/val/ai_generated/stylegan3_02901.png
data_sources/ai_generated/StyleGAN/stylegan3_02908.png,data_sources/ai_generated/StyleGAN,ai_generated,1024,1024,1.0,JPEG,104205,fe002b413d67a8e187681a65f244edd1,1ca92ccf3772d541ef674d3a745dbbcb17fca31977432e84978e732d4264146d,1.0,c87d54531585a7ec,ok,166.2204178074307,True,True,cluster_01625,val,/home/dheirav/Code/Deepfake_Detection/deepfake-project/dataset_builder/val/ai_generated/stylegan3_02908.png
data_sources/ai_generated/StyleGAN/stylegan3_02910.png,data_sources/ai_generated/StyleGAN,ai_generated,1024,1024,1.0,JPEG,103543,b6665ae3a43071dac69877a4c5deb788,f2c5ffbe334cd41e92193114cb9a22e74180b9e33d1c5badd8425f1cd9b2e9d8,1.0,d2686961e14bc7cb,ok,80.61035999932119,True,True,cluster_01666,val,/home/dheirav/Code/Deepfake_Detection/deepfake-project/dataset_builder/val/ai_generated/stylegan3_02910.png
data_sources/ai_generated/StyleGAN/stylegan3_02911.png,data_sources/ai_generated/StyleGAN,ai_generated,1024,1024,1.0,JPEG,101115,11346fa6b59700680189ae2968071c6f,a30e336b657b0fd1894e55d2b7a46878ddede4fe244d4070c310270cde0880b1,1.0,ca713ca37039f29a,ok,142.4709285177514,True,True,cluster_01787,val,/home/dheirav/Code/Deepfake_Detection/deepfake-project/dataset_builder/val/ai_generated/stylegan3_02911.png
data_sources/ai_generated/StyleGAN/stylegan3_02916.png,data_sources/ai_generated/StyleGAN,ai_generated,1024,1024,1.0,JPEG,98717,6a884a601c1846f75df2d6ceb15305df,ac88e5253453c1f9fd547462fedd8845e98594bef390e463576ddae8ab057438,1.0,be421fe58587989a,ok,178.8779099192725,True,True,cluster_01910,val,/home/dheirav/Code/Deepfake_Detection/deepfake-project/dataset_builder/val/ai_generated/stylegan3_02916.png
data_sources/ai_generated/StyleGAN/stylegan3_02917.png,data_sources/ai_generated/StyleGAN,ai_generated,1024,1024,1.0,JPEG,122273,6791093b65fdb4fa1e2dd5a42abdceec,19ea8a6a0a88177428f5e28e310470c2dd742d7d67d1576e871be592d1e9bf72,1.0,8d1b76b67218c2da,ok,255.80307890078984,True,True,cluster_00621,val,/home/dheirav/Code/Deepfake_Detection/deepfake-project/dataset_builder/val/ai_generated/stylegan3_02917.png
data_sources/ai_generated/StyleGAN/stylegan3_02919.png,data_sources/ai_generated/StyleGAN,ai_generated,1024,1024,1.0,JPEG,106869,0e0576a0aee0983e367ce39068625e1f,726bc5246d762d9dea873aa6f111ff89756f0eb99f5d05c27c8565c2704b7ba1,1.0,befa21e125e207ca,ok,144.95234442292713,True,True,cluster_01464,val,/home/dheirav/Code/Deepfake_Detection/deepfake-project/dataset_builder/val/ai_generated/stylegan3_02919.png
data_sources/ai_generated/StyleGAN/stylegan3_02925.png,data_sources/ai_generated/StyleGAN,ai_generated,1024,1024,1.0,JPEG,108734,53497fee1c17289f4a5ed8926a13c0d0,da2b528b85392e4bbed39fe315fd37dc9a9ce14a65e654efefacf826b5f2d2bc,1.0,cbb925a2e554969a,ok,83.86014367638472,True,True,cluster_01351,val,/home/dheirav/Code/Deepfake_Detection/deepfake-project/dataset_builder/val/ai_generated/stylegan3_02925.png
data_sources/ai_generated/StyleGAN/stylegan3_02930.png,data_sources/ai_generated/StyleGAN,ai_generated,1024,1024,1.0,JPEG,124737,35c6b9a4613265da32155d27a8bc9a1a,050c38c0d65d2da62c01872a299e12be0301a22f6ae1032dc1e18ad0cccea6a9,1.0,cd387036e03f87d2,ok,135.39784333222542,True,True,cluster_00514,val,/home/dheirav/Code/Deepfake_Detection/deepfake-project/dataset_builder/val/ai_generated/stylegan3_02930.png
data_sources/ai_generated/StyleGAN/stylegan3_02931.png,data_sources/ai_generated/StyleGAN,ai_generated,1024,1024,1.0,JPEG,114505,3b43d997e5cfcfc6f16f1a015fd5ae8a,912920760c38af51eee3670ab667b382fba4f9932109107b12b9d241cdfd31b3,1.0,fd064682cdfc2969,ok,155.56316273586614,True,True,cluster_01020,val,/home/dheirav/Code/Deepfake_Detection/deepfake-project/dataset_builder/val/ai_generated/stylegan3_02931.png
data_sources/ai_generated/StyleGAN/stylegan3_02933.png,data_sources/ai_generated/StyleGAN,ai_generated,1024,1024,1.0,JPEG,105406,996bbbe9c1540bf10cf7a24c3d688686,b83fbb430a5d01165910dbe42e96d5fc0af71533ecba84d1ede91ad10b5b63cc,1.0,d66f306cc39d0b98,ok,273.14680575571305,True,True,cluster_01554,val,/home/dheirav/Code/Deepfake_Detection/deepfake-project/dataset_builder/val/ai_generated/stylegan3_02933.png
data_sources/ai_generated/StyleGAN/stylegan3_02951.png,data_sources/ai_generated/StyleGAN,ai_generated,1024,1024,1.0,JPEG,119861,f06890237ec75f13b7a945db5b1cef2a,740b6816004a47959387bafe687268c788a0af92c26cff763971e0dec5eab5f1,1.0,d4c32e636c64aa9e,ok,308.2301626242661,True,True,cluster_00749,val,/home/dheirav/Code/Deepfake_Detection/deepfake-project/dataset_builder/val/ai_generated/stylegan3_02951.png
data_sources/ai_generated/StyleGAN/stylegan3_02966.png,data_sources/ai_generated/StyleGAN,ai_generated,1024,1024,1.0,JPEG,96759,e76e1803535cce7a8c0046a68372a47b,4b318db269a62e6297de8a76eac0478010ee484c0b1c067f03714ca297ee7140,1.0,a5e196a752969a9a,ok,145.4778094423491,True,True,cluster_01985,val,/home/dheirav/Code/Deepfake_Detection/deepfake-project/dataset_builder/val/ai_generated/stylegan3_02966.png
data_sources/ai_generated/StyleGAN/stylegan3_02982.png,data_sources/ai_generated/StyleGAN,ai_generated,1024,1024,1.0,JPEG,99319,5197365aed0537df3083522149daa0e5,337d72e988f71dffcdb0e556b39111ad6314452ed82e5a711672f671f4bdfcc9,1.0,8ec2e9ad2d199399,ok,149.82250616802682,True,True,cluster_01883,val,/home/dheirav/Code/Deepfake_Detection/deepfake-project/dataset_builder/val/ai_generated/stylegan3_02982.png
data_sources/ai_generated/StyleGAN/stylegan3_02992.png,data_sources/ai_generated/StyleGAN,ai_generated,1024,1024,1.0,JPEG,104425,cbe96c4e5dc338e7841d9526ef99802b,05a35d019d6b37b3b5ecc977fe90c34ddbc7659eb31fe30c188f78f9c13c307b,1.0,cee030d63339c69b,ok,158.86209652520483,True,True,cluster_01612,val,/home/dheirav/Code/Deepfake_Detection/deepfake-project/dataset_builder/val/ai_generated/stylegan3_02992.png
data_sources/ai_generated/StyleGAN/stylegan3_02995.png,data_sources/ai_generated/StyleGAN,ai_generated,1024,1024,1.0,JPEG,96328,0f1a60b7e414d97b6b0ecbc3adfb20de,89134d73fab1a7811b2a0d2a26f334a780ef68c612185a91b430eab901523ab8,1.0,cdd538b6309c83da,ok,138.34110640297513,True,True,cluster_02000,val,/home/dheirav/Code/Deepfake_Detection/deepfake-project/dataset_builder/val/ai_generated/stylegan3_02995.png
data_sources/ai_generated/StyleGAN/stylegan3_03000.png,data_sources/ai_generated/StyleGAN,ai_generated,1024,1024,1.0,JPEG,113212,b1dd54772d002e394b8614e81f18ad43,5dd79e252f30f9551cb17c43e003efa5d1703f5bb80b6c84f4065b440f9c3877,1.0,9b4a2d7322a8de8b,ok,92.71474617556305,True,True,cluster_01098,val,/home/dheirav/Code/Deepfake_Detection/deepfake-project/dataset_builder/val/ai_generated/stylegan3_03000.png
data_sources/ai_generated/StyleGAN/stylegan3_03024.png,data_sources/ai_generated/StyleGAN,ai_generated,1024,1024,1.0,JPEG,122488,90cc755d7cbe172ce1eb9fba41a39b2f,89dbc7299954cd378e549766200cc9254031d64467a27682982066f43e7de092,1.0,dfb165a26259c28b,ok,91.89998000860214,True,True,cluster_00609,val,/home/dheirav/Code/Deepfake_Detection/deepfake-project/dataset_builder/val/ai_generated/stylegan3_03024.png
data_sources/ai_generated/StyleGAN/stylegan3_03026.png,data_sources/ai_generated/StyleGAN,ai_generated,1024,1024,1.0,JPEG,119793,9d414a902f5c11f53c92b8daf503e3aa,ef07a5a729a1fcc6a486a0f4004ac33f552fea92e965017295dc2149c61c45a9,1.0,cd827de03c5113db,ok,390.03110359609127,True,True,cluster_00753,val,/home/dheirav/Code/Deepfake_Detection/deepfake-project/dataset_builder/val/ai_generated/stylegan3_03026.png
data_sources/ai_generated/StyleGAN/stylegan3_03033.png,data_sources/ai_generated/StyleGAN,ai_generated,1024,1024,1.0,JPEG,112398,eabeed3a5786391cfcdca3b6fd4151eb,90a30c5bccdb35aff2687d950b962d305632f460e9f536fbdbe5d90864b6398a,1.0,eba870a5e734529c,ok,186.3383451033796,True,True,cluster_01146,val,/home/dheirav/Code/Deepfake_Detection/deepfake-project/dataset_builder/val/ai_generated/stylegan3_03033.png
data_sources/ai_generated/StyleGAN/stylegan3_03050.png,data_sources/ai_generated/StyleGAN,ai_generated,1024,1024,1.0,JPEG,115239,367da37c168faf155b7707c76a554439,077776716e6f6e3df35d611b97e562781b9b1bfb63af6d74bfffb950947ec487,1.0,f9aa35b52285d6c2,ok,93.71746728388007,True,True,cluster_00976,val,/home/dheirav/Code/Deepfake_Detection/deepfake-project/dataset_builder/val/ai_generated/stylegan3_03050.png
data_sources/ai_generated/StyleGAN/stylegan3_03051.png,data_sources/ai_generated/StyleGAN,ai_generated,1024,1024,1.0,JPEG,117626,a874320b1170fe1019e02fdef5805214,e4993a8e0816b0b302c12ff862ed66073412e757503c3edb57f09ea0160adfaf,1.0,851b6ca26a43a7cf,ok,131.20920799192027,True,True,cluster_00857,val,/home/dheirav/Code/Deepfake_Detection/deepfake-project/dataset_builder/val/ai_generated/stylegan3_03051.png
data_sources/ai_generated/StyleGAN/stylegan3_03057.png,data_sources/ai_generated/StyleGAN,ai_generated,1024,1024,1.0,JPEG,146109,2134b2cd7562766c620c64642eaafa39,0d1c862ed625b7dfb5512a36cd69c33447d90c2655da768e4138c1f3aa7e4759,1.0,dc806b676576629a,ok,204.72085261992376,True,True,cluster_00096,val,/home/dheirav/Code/Deepfake_Detection/deepfake-project/dataset_builder/val/ai_generated/stylegan3_03057.png
data_sources/ai_generated/StyleGAN/stylegan3_03060.png,data_sources/ai_generated/StyleGAN,ai_generated,1024,1024,1.0,JPEG,148316,7369603c99e900bd7f2c085bb01913c5,1a629a3b6fb3d2afe6106f8e56ef08a1fbdb2dd75f5f6952f87964902d86a559,1.0,835ca51df436529e,ok,650.654877813481,True,True,cluster_00078,val,/home/dheirav/Code/Deepfake_Detection/deepfake-project/dataset_builder/val/ai_generated/stylegan3_03060.png
data_sources/ai_generated/StyleGAN/stylegan3_03063.png,data_sources/ai_generated/StyleGAN,ai_generated,1024,1024,1.0,JPEG,121095,13cccf371f4790a2c2971301bbfd2ddb,849a6994c04e9d95dc2815e9c9d46b02e63d0de063482b41bf19fa2f9e74fbed,1.0,cb0f647b6e0ccc86,ok,222.89024321367833,True,True,cluster_00680,val,/home/dheirav/Code/Deepfake_Detection/deepfake-project/dataset_builder/val/ai_generated/stylegan3_03063.png
data_sources/ai_generated/StyleGAN/stylegan3_03066.png,data_sources/ai_generated/StyleGAN,ai_generated,1024,1024,1.0,JPEG,115505,029173afff0351c39bace96d331c19c0,7ef4776541d4b0af3596968c7eec6b50262fa354b49425d331237424c06af434,1.0,b7e2f1825120fb39,ok,129.15249995677732,True,True,cluster_00960,val,/home/dheirav/Code/Deepfake_Detection/deepfake-project/dataset_builder/val/ai_generated/stylegan3_03066.png
data_sources/ai_generated/StyleGAN/stylegan3_03067.png,data_sources/ai_generated/StyleGAN,ai_generated,1024,1024,1.0,JPEG,151339,dcaeef289d0aa9eb11dbc85bc2abcf73,9dbad1325be19924147a993ed15b72aa1594686320b58e2a98da6ff5dc9538d9,1.0,ea57af2354ab5482,ok,172.9997405586182,True,True,cluster_00059,val,/home/dheirav/Code/Deepfake_Detection/deepfake-project/dataset_builder/val/ai_generated/stylegan3_03067.png
data_sources/ai_generated/StyleGAN/stylegan3_03082.png,data_sources/ai_generated/StyleGAN,ai_generated,1024,1024,1.0,JPEG,141900,9e05b49daa6b3b4768b7e0fc00f75f8e,004978f47d2252963f8180b142e12ddc0bf4f3ad0d008f55c52ee541e62e0cad,1.0,e37a3e943c071bc4,ok,964.8029493145548,True,True,cluster_00127,val,/home/dheirav/Code/Deepfake_Detection/deepfake-project/dataset_builder/val/ai_generated/stylegan3_03082.png
data_sources/ai_generated/StyleGAN/stylegan3_03083.png,data_sources/ai_generated/StyleGAN,ai_generated,1024,1024,1.0,JPEG,139364,c7e935df31846afed964d5cec8f90338,8d265867267473525f354f15fff16d95a0e2e2171d07a63e52331cc0672cc99b,1.0,cb54345231ee83f6,ok,205.91700271480659,True,True,cluster_00158,val,/home/dheirav/Code/Deepfake_Detection/deepfake-project/dataset_builder/val/ai_generated/stylegan3_03083.png
data_sources/ai_generated/StyleGAN/stylegan3_03084.png,data_sources/ai_generated/StyleGAN,ai_generated,1024,1024,1.0,JPEG,110444,bd1c56cea969363ef5288cd27a438fae,8d977e2a351318c4024208f316c6b7ecc81633685a0889aea9923ef099e29d0e,1.0,e8e79587710686ce,ok,117.45497977000831,True,True,cluster_01271,val,/home/dheirav/Code/Deepfake_Detection/deepfake-project/dataset_builder/val/ai_generated/stylegan3_03084.png
data_sources/ai_generated/StyleGAN/stylegan3_03085.png,data_sources/ai_generated/StyleGAN,ai_generated,1024,1024,1.0,JPEG,117213,4a298acd6c4f3c899b579183d2a9bfad,67fc5b77270959cc16c2aed8adc26f65ee9fe5984298b966c359cb1121ce5d2c,1.0,f8f41ff2a026e189,ok,148.1650428496614,True,True,cluster_00886,val,/home/dheirav/Code/Deepfake_Detection/deepfake-project/dataset_builder/val/ai_generated/stylegan3_03085.png
data_sources/ai_generated/StyleGAN/stylegan3_03098.png,data_sources/ai_generated/StyleGAN,ai_generated,1024,1024,1.0,JPEG,101359,baf11ea997b6092b49bf2b8222ba3387,fedcc3183220ec448833977ccb6c2a5dd6ca3ee2e8bcd85dcbf304d22460ba74,1.0,c37cbf52a109d2d8,ok,149.81847161514452,True,True,cluster_01780,val,/home/dheirav/Code/Deepfake_Detection/deepfake-project/dataset_builder/val/ai_generated/stylegan3_03098.png
data_sources/ai_generated/StyleGAN/stylegan3_03111.png,data_sources/ai_generated/StyleGAN,ai_generated,1024,1024,1.0,JPEG,100286,d537244b7535bddd9eced048a7480a7e,4f1bb019c73856d9bfa885030ccff4a919e716255df9658db7a84afcbc8d796b,1.0,9a6963b662b486da,ok,96.21088756382233,True,True,cluster_01845,val,/home/dheirav/Code/Deepfake_Detection/deepfake-project/dataset_builder/val/ai_generated/stylegan3_03111.png
data_sources/ai_generated/StyleGAN/stylegan3_03117.png,data_sources/ai_generated/StyleGAN,ai_generated,1024,1024,1.0,JPEG,154483,6405c3c662ac5278fc40505c924c09e3,2387f4e7af01f4536e43d0a409c5c6eda7202d9fe8597accf631d19ab02fe1ad,1.0,ab95b69391838b8d,ok,410.5654847566002,True,True,cluster_00047,val,/home/dheirav/Code/Deepfake_Detection/deepfake-project/dataset_builder/val/ai_generated/stylegan3_03117.png
data_sources/ai_generated/StyleGAN/stylegan3_03123.png,data_sources/ai_generated/StyleGAN,ai_generated,1024,1024,1.0,JPEG,111763,268b0b81fbdd82f627b7a813efc883ce,6e8d9071a8879438af9c093538bf2e63be2cc7d6bfe3408745ffff6a8ecbe351,1.0,c31f1978782198df,ok,152.18616547108104,True,True,cluster_01182,val,/home/dheirav/Code/Deepfake_Detection/deepfake-project/dataset_builder/val/ai_generated/stylegan3_03123.png
data_sources/ai_generated/StyleGAN/stylegan3_03126.png,data_sources/ai_generated/StyleGAN,ai_generated,1024,1024,1.0,JPEG,125938,66544e2b03273f7aa9fc31cfb43799c8,ffab0ac8343cc9ef40cac778f88b5182fce027d66b6273a8dc5a42d20733a4b8,1.0,9227144aaf6ba49f,ok,122.07622813551916,True,True,cluster_00468,val,/home/dheirav/Code/Deepfake_Detection/deepfake-project/dataset_builder/val/ai_generated/stylegan3_03126.png
data_sources/ai_generated/StyleGAN/stylegan3_03134.png,data_sources/ai_generated/StyleGAN,ai_generated,1024,1024,1.0,JPEG,115759,998c749e958d49b264ab300cd6b06667,720024c3a9b4fad506db0bb1f41e8429fef14caf69c5fdb43a381a998c433861,1.0,c3906f3e6039678b,ok,143.30852791466802,True,True,cluster_00950,val,/home/dheirav/Code/Deepfake_Detection/deepfake-project/dataset_builder/val/ai_generated/stylegan3_03134.png
data_sources/ai_generated/StyleGAN/stylegan3_03149.png,data_sources/ai_generated/StyleGAN,ai_generated,1024,1024,1.0,JPEG,116290,53c91e298cb92beb3b14b8eaf6b968fe,effc8e6d992249cf4bca6600f160cead70bff8ad5fdae75ac6f74591bacc1e09,1.0,977c5e75782060ab,ok,88.09396642211414,True,True,cluster_00931,val,/home/dheirav/Code/Deepfake_Detection/deepfake-project/dataset_builder/val/ai_generated/stylegan3_03149.png
data_sources/ai_generated/StyleGAN/stylegan3_03157.png,data_sources/ai_generated/StyleGAN,ai_generated,1024,1024,1.0,JPEG,108011,4623022d5444541166dfc1031d24c8d2,818842adee3c47cd28bad8ad315d7099e13167f676d48bc3234c4c31e97617ff,1.0,d04b437e3d3868d6,ok,93.19200493910103,True,True,cluster_01388,val,/home/dheirav/Code/Deepfake_Detection/deepfake-project/dataset_builder/val/ai_generated/stylegan3_03157.png
data_sources/ai_generated/StyleGAN/stylegan3_03165.png,data_sources/ai_generated/StyleGAN,ai_generated,1024,1024,1.0,JPEG,101451,467498e9181743face11d1b26cc7bdfe,eef6829e622dd7404a0df061826ddc638c5ceb96712be65e6bc5fbf77f41c492,1.0,d86be1d06d5bf088,ok,270.71483706347396,True,True,cluster_01773,val,/home/dheirav/Code/Deepfake_Detection/deepfake-project/dataset_builder/val/ai_generated/stylegan3_03165.png
data_sources/ai_generated/StyleGAN/stylegan3_03168.png,data_sources/ai_generated/StyleGAN,ai_generated,1024,1024,1.0,JPEG,127732,ab8c696499298583881211d100d9aa20,c25f310d370efacd2adf4851f869bb922e54c63bf9f18ea94f47389d75d1a411,1.0,ce5c28a331f8b19b,ok,153.6981027362308,True,True,cluster_00414,val,/home/dheirav/Code/Deepfake_Detection/deepfake-project/dataset_builder/val/ai_generated/stylegan3_03168.png
data_sources/ai_generated/StyleGAN/stylegan3_03170.png,data_sources/ai_generated/StyleGAN,ai_generated,1024,1024,1.0,JPEG,97375,dc376925d0c924147759f4375c46aba6,01e582a101d0e63fdc1fbd278fce3d600cd64bf6cf779b19a2cb7f811d2daeaa,1.0,deaa60a32566a787,ok,107.35056334867477,True,True,cluster_01958,val,/home/dheirav/Code/Deepfake_Detection/deepfake-project/dataset_builder/val/ai_generated/stylegan3_03170.png
data_sources/ai_generated/StyleGAN/stylegan3_03172.png,data_sources/ai_generated/StyleGAN,ai_generated,1024,1024,1.0,JPEG,108789,9a887aad0cb2e55192f4005491bbb9bd,730a7d6d6004c9a497252619fcbc60b5d0003796880ab39b8a57ef014b6211f2,1.0,f86aa3b1a94dc685,ok,104.92952890890592,True,True,cluster_01348,val,/home/dheirav/Code/Deepfake_Detection/deepfake-project/dataset_builder/val/ai_generated/stylegan3_03172.png
data_sources/ai_generated/StyleGAN/stylegan3_03178.png,data_sources/ai_generated/StyleGAN,ai_generated,1024,1024,1.0,JPEG,103279,456c07cb04d704865dec3a9663fa437d,e7119da8d7f90906c5e1bcf2edb080883bd6e5005a21cd998aca61a616acd4a2,1.0,af9f358076f082d2,ok,117.18496125653837,True,True,cluster_01680,val,/home/dheirav/Code/Deepfake_Detection/deepfake-project/dataset_builder/val/ai_generated/stylegan3_03178.png
data_sources/ai_generated/StyleGAN/stylegan3_03184.png,data_sources/ai_generated/StyleGAN,ai_generated,1024,1024,1.0,JPEG,99805,b528694513b05a288d245034d37fe522,90dda431d5ecd5b5abc009eac6c4cab4d2ed793b60241f69e991fab66eab2020,1.0,c93330e99b0d0bf5,ok,103.02067165702101,True,True,cluster_01866,val,/home/dheirav/Code/Deepfake_Detection/deepfake-project/dataset_builder/val/ai_generated/stylegan3_03184.png
data_sources/ai_generated/StyleGAN/stylegan3_03188.png,data_sources/ai_generated/StyleGAN,ai_generated,1024,1024,1.0,JPEG,120523,4caf66b59c9e461b928c39a2b018a1a1,8eb64f9f92f130b25ab0a5e03d48a55c2e467b12d2ca2b61be87e6b6a30da9b8,1.0,f50dc38094da9e9b,ok,193.63558768735675,True,True,cluster_00712,val,/home/dheirav/Code/Deepfake_Detection/deepfake-project/dataset_builder/val/ai_generated/stylegan3_03188.png
data_sources/ai_generated/StyleGAN/stylegan3_03191.png,data_sources/ai_generated/StyleGAN,ai_generated,1024,1024,1.0,JPEG,119732,fc6901902e7ec8a52039071466f8ca8e,2c1e2cbecf6299f85781eb93990a541702e5f5f1967b27600545f69b06153e66,1.0,fee8e8a0212387cf,ok,233.8038435690896,True,True,cluster_00756,val,/home/dheirav/Code/Deepfake_Detection/deepfake-project/dataset_builder/val/ai_generated/stylegan3_03191.png
data_sources/ai_generated/StyleGAN/stylegan3_03193.png,data_sources/ai_generated/StyleGAN,ai_generated,1024,1024,1.0,JPEG,100236,246b4276b67b551ba3ad3696dbaf5c0b,a44da3951b22820b268b01a5efcb2ac7816d72b40f09339a69e827c25a4fe49c,1.0,8fbd78203df50887,ok,130.89226614008564,True,True,cluster_01847,val,/home/dheirav/Code/Deepfake_Detection/deepfake-project/dataset_builder/val/ai_generated/stylegan3_03193.png
data_sources/ai_generated/StyleGAN/stylegan3_03194.png,data_sources/ai_generated/StyleGAN,ai_generated,1024,1024,1.0,JPEG,170900,6ff00ff527c744eb5a9aa7a4e41a20e5,865dff99e4539a5c6ef05fe2c335c20096800cd9ed00585a91c64aaa70ef3790,1.0,944a6b636565768d,ok,610.5426641993824,True,True,cluster_00009,val,/home/dheirav/Code/Deepfake_Detection/deepfake-project/dataset_builder/val/ai_generated/stylegan3_03194.png
data_sources/ai_generated/StyleGAN/stylegan3_03207.png,data_sources/ai_generated/StyleGAN,ai_generated,1024,1024,1.0,JPEG,127515,1aeabc7496b0f28fb4c8f3f416412f6b,fda5b7c9fe51de9dceedd5d57b6c9eaf1130f670eb850f1daa099ea0a62fefd8,1.0,8a2dfdb3b01cd4c4,ok,337.8369949336328,True,True,cluster_00422,val,/home/dheirav/Code/Deepfake_Detection/deepfake-project/dataset_builder/val/ai_generated/stylegan3_03207.png
data_sources/ai_generated/StyleGAN/stylegan3_03210.png,data_sources/ai_generated/StyleGAN,ai_generated,1024,1024,1.0,JPEG,120746,f8ff6623dc730fd3d9823bb47208f392,92f4aa5322ceb34e43757044769e2605237a7cf93a6df21af4cd5fc92221f956,1.0,e8e8a5a596c6da8c,ok,233.4930083539184,True,True,cluster_00698,val,/home/dheirav/Code/Deepfake_Detection/deepfake-project/dataset_builder/val/ai_generated/stylegan3_03210.png
data_sources/ai_generated/StyleGAN/stylegan3_03215.png,data_sources/ai_generated/StyleGAN,ai_generated,1024,1024,1.0,JPEG,119657,bfbe94875ace35dfd694a93bc3b79855,27ea4b41a706466c23c2ff1e9b45927cf895d7d8a1861b508be39b9bd11fe249,1.0,9f7c2432370983cf,ok,107.63251936443612,True,True,cluster_00763,val,/home/dheirav/Code/Deepfake_Detection/deepfake-project/dataset_builder/val/ai_generated/stylegan3_03215.png
data_sources/ai_generated/StyleGAN/stylegan3_03216.png,data_sources/ai_generated/StyleGAN,ai_generated,1024,1024,1.0,JPEG,123452,1b5999a68a193bf3d696947f0be20f75,7accd8f74063195a692f4e547ca8078d8547e62802a4ba2a71400cfe7a686604,1.0,da6c7124659cce95,ok,100.20766916787306,True,True,cluster_00565,val,/home/dheirav/Code/Deepfake_Detection/deepfake-project/dataset_builder/val/ai_generated/stylegan3_03216.png
data_sources/ai_generated/StyleGAN/stylegan3_03218.png,data_sources/ai_generated/StyleGAN,ai_generated,1024,1024,1.0,JPEG,129520,44b664a31b85a74ab129772dca043878,75168b1b729453243b7547de3e678de4aa618d7fa8bc7ce4796e33562d7164c7,1.0,96c1d687415eaa5e,ok,141.40150531787367,True,True,cluster_00354,val,/home/dheirav/Code/Deepfake_Detection/deepfake-project/dataset_builder/val/ai_generated/stylegan3_03218.png
data_sources/ai_generated/StyleGAN/stylegan3_03222.png,data_sources/ai_generated/StyleGAN,ai_generated,1024,1024,1.0,JPEG,119834,e999d210dad7b560ed443c8e19c36afa,1a58545b2dba0756d2671d58aeaff67d0714db9bc9e8e5b8b6d11b544e9c777c,1.0,9ee44547442ede9a,ok,232.089683532482,True,True,cluster_00751,val,/home/dheirav/Code/Deepfake_Detection/deepfake-project/dataset_builder/val/ai_generated/stylegan3_03222.png
data_sources/ai_generated/StyleGAN/stylegan3_03225.png,data_sources/ai_generated/StyleGAN,ai_generated,1024,1024,1.0,JPEG,116741,0b7999183a3d4381aa38dc9ad3aebfd9,4d8c4df24c5c6aac9013bad86965837b6de8f960cc94c8fabe8dc0a8fc03aa19,1.0,9ebd703364666592,ok,91.15183669366161,True,True,cluster_00910,val,/home/dheirav/Code/Deepfake_Detection/deepfake-project/dataset_builder/val/ai_generated/stylegan3_03225.png
data_sources/ai_generated/StyleGAN/stylegan3_03231.png,data_sources/ai_generated/StyleGAN,ai_generated,1024,1024,1.0,JPEG,102898,015185563869f1acc5f4db9ed9cdbf05,8d276ad77a791dd1371ace999444e6b8fda0e39bcc76335cfe5bbd2f96fbd10b,1.0,c5393468331dcbce,ok,93.30074107300516,True,True,cluster_01705,val,/home/dheirav/Code/Deepfake_Detection/deepfake-project/dataset_builder/val/ai_generated/stylegan3_03231.png
data_sources/ai_generated/StyleGAN/stylegan3_03241.png,data_sources/ai_generated/StyleGAN,ai_generated,1024,1024,1.0,JPEG,130127,019cf6add210b2630209ab921eb6c1e5,4373338b5d896162e671cfb99f875653966c2eefe7509a98e07491ada9a940cf,1.0,e9c70e8514c69dd9,ok,233.20464600102326,True,True,cluster_00342,val,/home/dheirav/Code/Deepfake_Detection/deepfake-project/dataset_builder/val/ai_generated/stylegan3_03241.png
data_sources/ai_generated/StyleGAN/stylegan3_03264.png,data_sources/ai_generated/StyleGAN,ai_generated,1024,1024,1.0,JPEG,104641,e895a2ca26b043beb5b03a9fd3fa24f5,a13f15c0feb9d0016e2224acad457bb316a182c66f1064f604c3aae8508bc822,1.0,8fb4f0d28989c68f,ok,110.65058893150126,True,True,cluster_01596,val,/home/dheirav/Code/Deepfake_Detection/deepfake-project/dataset_builder/val/ai_generated/stylegan3_03264.png
data_sources/ai_generated/StyleGAN/stylegan3_03265.png,data_sources/ai_generated/StyleGAN,ai_generated,1024,1024,1.0,JPEG,102350,795feaafcd97467d439da5de0c4dba55,fb54d79a4b7323579d663aeb839e8763d53349b7565bcdf9844674a1b2049a57,1.0,961a713b266946db,ok,85.75455533084369,True,True,cluster_01733,val,/home/dheirav/Code/Deepfake_Detection/deepfake-project/dataset_builder/val/ai_generated/stylegan3_03265.png
data_sources/ai_generated/StyleGAN/stylegan3_03267.png,data_sources/ai_generated/StyleGAN,ai_generated,1024,1024,1.0,JPEG,107166,55588bcc99e7ccabeb04d002aee36af8,a2949dbb1b9e074ce595df48577e5b2c0bfce8aeeeb8ce4203888a843354e7c4,1.0,c21f2d327039f6ca,ok,337.70554256372907,True,True,cluster_01442,val,/home/dheirav/Code/Deepfake_Detection/deepfake-project/dataset_builder/val/ai_generated/stylegan3_03267.png
data_sources/ai_generated/StyleGAN/stylegan3_03295.png,data_sources/ai_generated/StyleGAN,ai_generated,1024,1024,1.0,JPEG,146516,0e88a1413dfe568a30e906789080c419,15b5f17a043ffa77eb171e0785d457f72c84acd457ec9807244f0854cda14dd8,1.0,89daea8ba445978b,ok,364.37262037564403,True,True,cluster_00093,val,/home/dheirav/Code/Deepfake_Detection/deepfake-project/dataset_builder/val/ai_generated/stylegan3_03295.png
data_sources/ai_generated/StyleGAN/stylegan3_03300.png,data_sources/ai_generated/StyleGAN,ai_generated,1024,1024,1.0,JPEG,121996,c4c43fbb9cddec4be21504ffa8e3c90f,e6f2c1db52ddec5b87cf549edb627c9ac2fbea8c0e302c54033260ef971fa680,1.0,c6f1aede1c386289,ok,113.40059232458225,True,True,cluster_00642,val,/home/dheirav/Code/Deepfake_Detection/deepfake-project/dataset_builder/val/ai_generated/stylegan3_03300.png
data_sources/ai_generated/StyleGAN/stylegan3_03305.png,data_sources/ai_generated/StyleGAN,ai_generated,1024,1024,1.0,JPEG,106166,ca0a48bb293ddb43eb4b9828656d6a58,b1b044ce89160c24165f5dbe58b1444b15e2a33729299896dbb7fb799d04a88f,1.0,d66d4a9e90fac1c8,ok,145.24143988243304,True,True,cluster_01510,val,/home/dheirav/Code/Deepfake_Detection/deepfake-project/dataset_builder/val/ai_generated/stylegan3_03305.png
data_sources/ai_generated/StyleGAN/stylegan3_03310.png,data_sources/ai_generated/StyleGAN,ai_generated,1024,1024,1.0,JPEG,106174,0e07af6393d0b50a19985d8ba6d83ac0,9e8c089fa6cada535de9077622f837595b19e2d4a856fd17da37ae6de5051036,1.0,dee0a1e725c4969c,ok,120.10105675488649,True,True,cluster_01508,val,/home/dheirav/Code/Deepfake_Detection/deepfake-project/dataset_builder/val/ai_generated/stylegan3_03310.png
data_sources/ai_generated/StyleGAN/stylegan3_03315.png,data_sources/ai_generated/StyleGAN,ai_generated,1024,1024,1.0,JPEG,112708,2f884b015c9de6925c9dc8e1d7b3a2cc,d3527965f3b7a38c11e8c312947cf4a15ded297b67d0e3378d2344ea17336de1,1.0,f9ea7a80c3d1ad0a,ok,128.7222115626464,True,True,cluster_01137,val,/home/dheirav/Code/Deepfake_Detection/deepfake-project/dataset_builder/val/ai_generated/stylegan3_03315.png
data_sources/ai_generated/StyleGAN/stylegan3_03321.png,data_sources/ai_generated/StyleGAN,ai_generated,1024,1024,1.0,JPEG,99873,263675f95101fc8e023077d716fd0258,f57012eb4f3feddde09d7a85f1f90877cdd359090efd1485a5069f6315954a92,1.0,cc3d36f2e0c9c0cd,ok,93.40607065508084,True,True,cluster_01863,val,/home/dheirav/Code/Deepfake_Detection/deepfake-project/dataset_builder/val/ai_generated/stylegan3_03321.png
data_sources/ai_generated/StyleGAN/stylegan3_03327.png,data_sources/ai_generated/StyleGAN,ai_generated,1024,1024,1.0,JPEG,123480,399a0a40b899f4ac7a1393a0ee0c812a,39eb17abc1a072f480f7c5e35493678079a88a0bdc57c4cee143016ca94a8278,1.0,efb5d482b5061a5a,ok,315.5654874323799,True,True,cluster_00562,val,/home/dheirav/Code/Deepfake_Detection/deepfake-project/dataset_builder/val/ai_generated/stylegan3_03327.png
data_sources/ai_generated/StyleGAN/stylegan3_03332.png,data_sources/ai_generated/StyleGAN,ai_generated,1024,1024,1.0,JPEG,157197,c1af593fab769abe3ead663eb62c7e36,cb5fb4fc664ed67d54160566ddc6562e993364ef18d15a0a27735b8e64faa7ae,1.0,837168a664fc9e8e,ok,375.76374038960785,True,True,cluster_00036,val,/home/dheirav/Code/Deepfake_Detection/deepfake-project/dataset_builder/val/ai_generated/stylegan3_03332.png
data_sources/ai_generated/StyleGAN/stylegan3_03349.png,data_sources/ai_generated/StyleGAN,ai_generated,1024,1024,1.0,JPEG,98674,f28510c8bc380941ac9aef781c7f864d,beb479912ca3a4c9d575b052a786abc55b8ebbd892acbc2d677770fc4e400efd,1.0,e5f80bb449b15c8b,ok,142.12545585160842,True,True,cluster_01913,val,/home/dheirav/Code/Deepfake_Detection/deepfake-project/dataset_builder/val/ai_generated/stylegan3_03349.png
data_sources/ai_generated/StyleGAN/stylegan3_03353.png,data_sources/ai_generated/StyleGAN,ai_generated,1024,1024,1.0,JPEG,153632,f7cb02b95b458cf5109f8d509737a226,7711f745c1cfa919e034731363a01fca0101080b8d2cafc9ff0cd205d63a694a,1.0,edcd0c8a0bb81eda,ok,390.81736222558436,True,True,cluster_00053,val,/home/dheirav/Code/Deepfake_Detection/deepfake-project/dataset_builder/val/ai_generated/stylegan3_03353.png
data_sources/ai_generated/StyleGAN/stylegan3_03357.png,data_sources/ai_generated/StyleGAN,ai_generated,1024,1024,1.0,JPEG,117874,00292ce97d715e363fc95902e4ce58fc,b44b8b8798d3ff49df4f107cb3b63d05243b3f9f3c42f908727c48f6f7b4be67,1.0,ea3509c72cdeb512,ok,97.85740931603414,True,True,cluster_00847,val,/home/dheirav/Code/Deepfake_Detection/deepfake-project/dataset_builder/val/ai_generated/stylegan3_03357.png
data_sources/ai_generated/StyleGAN/stylegan3_03382.png,data_sources/ai_generated/StyleGAN,ai_generated,1024,1024,1.0,JPEG,101061,b66786a9aee5532d9a3d4d5e2eaf3cd9,34fc2293cf2d67f84838d192f230b1d3a6adf1b918bc1b94d0a8813a1464f081,1.0,87d25faa581d8bc8,ok,124.4082951347145,True,True,cluster_01792,val,/home/dheirav/Code/Deepfake_Detection/deepfake-project/dataset_builder/val/ai_generated/stylegan3_03382.png
data_sources/ai_generated/StyleGAN/stylegan3_03398.png,data_sources/ai_generated/StyleGAN,ai_generated,1024,1024,1.0,JPEG,111037,e61d0a19dc3b5ec102fbd190df6f5fe3,33e509a5214e27b94e13ff52ec74dc083eac402ad24e38008ac5901e8ae27b9d,1.0,ceb83995569c929a,ok,120.14012238947087,True,True,cluster_01230,val,/home/dheirav/Code/Deepfake_Detection/deepfake-project/dataset_builder/val/ai_generated/stylegan3_03398.png
data_sources/ai_generated/StyleGAN/stylegan3_03401.png,data_sources/ai_generated/StyleGAN,ai_generated,1024,1024,1.0,JPEG,114516,31ad82f4dca903359dd8f43fb59aaff7,50f69b6aa136442c10fe197fe7778408b0ac5c21e1e46ebee4a416ec7ae3efc1,1.0,8a707dc2ae29678d,ok,143.79009677167684,True,True,cluster_01019,val,/home/dheirav/Code/Deepfake_Detection/deepfake-project/dataset_builder/val/ai_generated/stylegan3_03401.png
data_sources/ai_generated/StyleGAN/stylegan3_03402.png,data_sources/ai_generated/StyleGAN,ai_generated,1024,1024,1.0,JPEG,113715,799d92bcfa33006413daae2dd5db2da5,9f967f1d9a7308f095bf08f7023656b36281711dc269218637ae547635ac5ed3,1.0,f58bb6e03424939e,ok,126.78246115284492,True,True,cluster_01070,val,/home/dheirav/Code/Deepfake_Detection/deepfake-project/dataset_builder/val/ai_generated/stylegan3_03402.png
data_sources/ai_generated/StyleGAN/stylegan3_03413.png,data_sources/ai_generated/StyleGAN,ai_generated,1024,1024,1.0,JPEG,127357,0cdd8e7fa6153651ed4d76958223a55d,cbb550fae3a80cffc904c1a8759b7f9fadc46903fdd60614f9f65cf34a72fb23,1.0,ce413c36317a93cb,ok,276.68926894468945,True,True,cluster_00425,val,/home/dheirav/Code/Deepfake_Detection/deepfake-project/dataset_builder/val/ai_generated/stylegan3_03413.png
data_sources/ai_generated/StyleGAN/stylegan3_03415.png,data_sources/ai_generated/StyleGAN,ai_generated,1024,1024,1.0,JPEG,116537,d71252f9ace779df2f714621c6f1029e,506a45714cbeae8998d10fd075e1c4d3e56728184075fe41cef520d462f2656d,1.0,8b326d326193c2df,ok,101.74149321984441,True,True,cluster_00917,val,/home/dheirav/Code/Deepfake_Detection/deepfake-project/dataset_builder/val/ai_generated/stylegan3_03415.png
data_sources/ai_generated/StyleGAN/stylegan3_03419.png,data_sources/ai_generated/StyleGAN,ai_generated,1024,1024,1.0,JPEG,119561,b3f540e3e337ec243bf1c9e8baf3b880,8293edfab77514dfe187283d335c302c88b04409ba38eadb0a3b02327993ab71,1.0,cbb12295232d77cc,ok,139.15175509633264,True,True,cluster_00767,val,/home/dheirav/Code/Deepfake_Detection/deepfake-project/dataset_builder/val/ai_generated/stylegan3_03419.png
data_sources/ai_generated/StyleGAN/stylegan3_03432.png,data_sources/ai_generated/StyleGAN,ai_generated,1024,1024,1.0,JPEG,115886,7eb9f927923978000520960d4bda9fa2,95e700a32e54bd859ce1fdf1ff345b4b39a796bd9a9672661f7e4ed231874b16,1.0,9a0a2527f465d8f3,ok,154.86907190451166,True,True,cluster_00944,val,/home/dheirav/Code/Deepfake_Detection/deepfake-project/dataset_builder/val/ai_generated/stylegan3_03432.png
data_sources/ai_generated/StyleGAN/stylegan3_03435.png,data_sources/ai_generated/StyleGAN,ai_generated,1024,1024,1.0,JPEG,114736,9846c6558f60efac6224ed42471a9f6c,42bf8bf15b92835e5c6f851916ffa929138d0e4a0a58d66864049193dbd7a0f6,1.0,c8e5134a692967e7,ok,131.28061524612622,True,True,cluster_01006,val,/home/dheirav/Code/Deepfake_Detection/deepfake-project/dataset_builder/val/ai_generated/stylegan3_03435.png
data_sources/ai_generated/StyleGAN/stylegan3_03436.png,data_sources/ai_generated/StyleGAN,ai_generated,1024,1024,1.0,JPEG,107872,8817a3fb624186686ce277736018f8d3,84a573906eef849798cc5a8aeab047c2845084555dafba9e5bf7eec1b233b776,1.0,c2f0fc23707127cd,ok,105.99521056018057,True,True,cluster_01401,val,/home/dheirav/Code/Deepfake_Detection/deepfake-project/dataset_builder/val/ai_generated/stylegan3_03436.png
data_sources/ai_generated/StyleGAN/stylegan3_03450.png,data_sources/ai_generated/StyleGAN,ai_generated,1024,1024,1.0,JPEG,109160,d32634b8df2fa88ff9e1c6e291ba49af,d2b0811b64f3faa4c6bb5ff8e07b283ac21ac5837dd81fc7bc986a30e3df23a6,1.0,eab1a582907bb38e,ok,100.02368394189307,True,True,cluster_01329,val,/home/dheirav/Code/Deepfake_Detection/deepfake-project/dataset_builder/val/ai_generated/stylegan3_03450.png
data_sources/ai_generated/StyleGAN/stylegan3_03454.png,data_sources/ai_generated/StyleGAN,ai_generated,1024,1024,1.0,JPEG,115028,cfdc91123feac9b1c62b77d62c7b50ac,37442b0a07b833f6efc9c7253b309ed213bcf5c1b78ddfefc078d650e383fd14,1.0,eff24481d3666c8c,ok,238.3321827734389,True,True,cluster_00982,val,/home/dheirav/Code/Deepfake_Detection/deepfake-project/dataset_builder/val/ai_generated/stylegan3_03454.png
data_sources/ai_generated/StyleGAN/stylegan3_03469.png,data_sources/ai_generated/StyleGAN,ai_generated,1024,1024,1.0,JPEG,114100,07eaf058b68f01afc3edd96e7d912cc8,c6143f79118381b31c78593c7f01e1fa61a70072f435bd6a09cf01b9acfd800b,1.0,adf8c0a36289d3d9,ok,254.06417252324076,True,True,cluster_01046,val,/home/dheirav/Code/Deepfake_Detection/deepfake-project/dataset_builder/val/ai_generated/stylegan3_03469.png
data_sources/ai_generated/StyleGAN/stylegan3_03470.png,data_sources/ai_generated/StyleGAN,ai_generated,1024,1024,1.0,JPEG,105163,b1d2c97537863273ef187ecff4676209,f10d607de7a10b3c9cd630a8fe823f2713ab78dbd2e7f96ba1b79c31fb4536fa,1.0,de2134d7d558c274,ok,121.80417776367449,True,True,cluster_01571,val,/home/dheirav/Code/Deepfake_Detection/deepfake-project/dataset_builder/val/ai_generated/stylegan3_03470.png
data_sources/ai_generated/StyleGAN/stylegan3_03475.png,data_sources/ai_generated/StyleGAN,ai_generated,1024,1024,1.0,JPEG,116898,f6a74832139eb5908b538337030de2bb,3a1cb6b0a7a81de308ba4ff2c49664b3c20b8f4ddbfba2b4dd27aa748459f244,1.0,d42b38a725e6839e,ok,85.53082011674178,True,True,cluster_00903,val,/home/dheirav/Code/Deepfake_Detection/deepfake-project/dataset_builder/val/ai_generated/stylegan3_03475.png
data_sources/ai_generated/StyleGAN/stylegan3_03489.png,data_sources/ai_generated/StyleGAN,ai_generated,1024,1024,1.0,JPEG,104794,494aed5e507cecb15b2e736134d84469,e656539492e61f2fc807a5bd0a9b7a4a8e1f4403ba1e02c046379dca08a4d7ff,1.0,d4f26be16ce8d488,ok,119.29484277570643,True,True,cluster_01589,val,/home/dheirav/Code/Deepfake_Detection/deepfake-project/dataset_builder/val/ai_generated/stylegan3_03489.png
data_sources/ai_generated/StyleGAN/stylegan3_03490.png,data_sources/ai_generated/StyleGAN,ai_generated,1024,1024,1.0,JPEG,117459,ce0c80056c6a118038afae99d5eb37b4,a3d7713cc896625e9af2d8565a308f8c573541fcaa4a616afab53bf995daaa35,1.0,d4d04ba5b4a4db9a,ok,261.57203858718276,True,True,cluster_00869,val,/home/dheirav/Code/Deepfake_Detection/deepfake-project/dataset_builder/val/ai_generated/stylegan3_03490.png
data_sources/ai_generated/StyleGAN/stylegan3_03495.png,data_sources/ai_generated/StyleGAN,ai_generated,1024,1024,1.0,JPEG,166908,60b89d39a0331ab563696bc0bf378a1d,c49ea6670c84ea15a53adf94976b661454c293a33dcb33518cc9f7cc3de8a468,1.0,969577928b19cbc8,ok,402.7868146596011,True,True,cluster_00016,val,/home/dheirav/Code/Deepfake_Detection/deepfake-project/dataset_builder/val/ai_generated/stylegan3_03495.png
data_sources/ai_generated/StyleGAN/stylegan3_03498.png,data_sources/ai_generated/StyleGAN,ai_generated,1024,1024,1.0,JPEG,170128,30e041272d40b6073717e98c59daf202,38389f1512697c17c5d0aa5210a0469b9bd9be2790491cdd0f3f64bb635d5540,1.0,9c85ba5b656d9688,ok,451.8847008271223,True,True,cluster_00010,val,/home/dheirav/Code/Deepfake_Detection/deepfake-project/dataset_builder/val/ai_generated/stylegan3_03498.png
data_sources/ai_generated/StyleGAN/stylegan3_03500.png,data_sources/ai_generated/StyleGAN,ai_generated,1024,1024,1.0,JPEG,131169,00e8d05feb1a6f0da78178aaf6ede71d,3ceb8b816d69caef458db6198c0eeaf24463e8770ce05acad23f6f09368f18a5,1.0,dcf504630f581eda,ok,108.72068808640688,True,True,cluster_00315,val,/home/dheirav/Code/Deepfake_Detection/deepfake-project/dataset_builder/val/ai_generated/stylegan3_03500.png
data_sources/ai_generated/StyleGAN/stylegan3_03517.png,data_sources/ai_generated/StyleGAN,ai_generated,1024,1024,1.0,JPEG,151641,08ec7021a7034b58ac75afb103d40d5d,beb7cbe247cc0c40a17c5ab29cf37c07364dfb5b1058c828d16adc396ebef153,1.0,90c93c0b35792ff4,ok,148.30310408618243,True,True,cluster_00058,val,/home/dheirav/Code/Deepfake_Detection/deepfake-project/dataset_builder/val/ai_generated/stylegan3_03517.png
data_sources/ai_generated/StyleGAN/stylegan3_03520.png,data_sources/ai_generated/StyleGAN,ai_generated,1024,1024,1.0,JPEG,100941,8517902188ae90be634f23883e87df70,0872850756bb55796dbfc76bc5040c01e36f0ecf8e2dd78ff127426303ff97f7,1.0,c2f43f26222df2d8,ok,83.79195975453695,True,True,cluster_01799,val,/home/dheirav/Code/Deepfake_Detection/deepfake-project/dataset_builder/val/ai_generated/stylegan3_03520.png
data_sources/ai_generated/StyleGAN/stylegan3_03530.png,data_sources/ai_generated/StyleGAN,ai_generated,1024,1024,1.0,JPEG,103281,7a90c0edfa466718d1ae9ddd0706807c,bdea4bdb27547ea2d9fe6fdd89db12092078fdebf21fe7ce937c25faaa4e8f9d,1.0,ae2df446e0cec3c4,ok,100.99014088208423,True,True,cluster_01679,val,/home/dheirav/Code/Deepfake_Detection/deepfake-project/dataset_builder/val/ai_generated/stylegan3_03530.png
data_sources/ai_generated/StyleGAN/stylegan3_03536.png,data_sources/ai_generated/StyleGAN,ai_generated,1024,1024,1.0,JPEG,123132,6892fbaae1e70a57d41ca557cdef35f2,e1a4ac078675941818074d1cf87c152907d1a58f322ac0d10aca96fa9a4a57bd,1.0,f718ce85e07432b3,ok,284.52595030255804,True,True,cluster_00580,val,/home/dheirav/Code/Deepfake_Detection/deepfake-project/dataset_builder/val/ai_generated/stylegan3_03536.png
data_sources/ai_generated/StyleGAN/stylegan3_03539.png,data_sources/ai_generated/StyleGAN,ai_generated,1024,1024,1.0,JPEG,113588,aa5b75f8b5dd33e64b61bb56e805c399,afb05b165af8a2686ed3a8a8d1c54cf27be326eb3e6a33e61107d7e6e96afd91,1.0,cbb415333e1383d3,ok,214.25634662766146,True,True,cluster_01078,val,/home/dheirav/Code/Deepfake_Detection/deepfake-project/dataset_builder/val/ai_generated/stylegan3_03539.png
data_sources/ai_generated/StyleGAN/stylegan3_03546.png,data_sources/ai_generated/StyleGAN,ai_generated,1024,1024,1.0,JPEG,104047,1cc2a4e8fe1c93a00945f613e80feda5,762f82dd184f589a8d5e59a085359e9d9019fedb4acedd04fc430bcf11bff995,1.0,9f8030572b5c179f,ok,107.30576037927584,True,True,cluster_01638,val,/home/dheirav/Code/Deepfake_Detection/deepfake-project/dataset_builder/val/ai_generated/stylegan3_03546.png
data_sources/ai_generated/StyleGAN/stylegan3_03559.png,data_sources/ai_generated/StyleGAN,ai_generated,1024,1024,1.0,JPEG,130078,89db46641702bcdf63e418061eaf2e88,4f27c32e1acbcfa18e4137ddcdb8e1acef389f3b5ad421c407e07e2531be0bc7,1.0,c9f54ca625b16c8e,ok,122.7212990741964,True,True,cluster_00344,val,/home/dheirav/Code/Deepfake_Detection/deepfake-project/dataset_builder/val/ai_generated/stylegan3_03559.png
data_sources/ai_generated/StyleGAN/stylegan3_03560.png,data_sources/ai_generated/StyleGAN,ai_generated,1024,1024,1.0,JPEG,132586,e6b5e51516fa666e8db41f16dca42ed6,eaddb3497ddfd8938b1000a54272df817cb06327df9b2990658c6a4b529d6f6d,1.0,9ba431cec3b89b92,ok,90.04643656370172,True,True,cluster_00283,val,/home/dheirav/Code/Deepfake_Detection/deepfake-project/dataset_builder/val/ai_generated/stylegan3_03560.png
data_sources/ai_generated/StyleGAN/stylegan3_03571.png,data_sources/ai_generated/StyleGAN,ai_generated,1024,1024,1.0,JPEG,133692,7b318f975cbbff1fdeff265f8a086083,1f98a718f21e81758695610db03a2fc914f81bb6e9f17a9d0c3b4c0a86a80a72,1.0,cff52d87e4ccc240,ok,353.2687631399739,True,True,cluster_00260,val,/home/dheirav/Code/Deepfake_Detection/deepfake-project/dataset_builder/val/ai_generated/stylegan3_03571.png
data_sources/ai_generated/StyleGAN/stylegan3_03573.png,data_sources/ai_generated/StyleGAN,ai_generated,1024,1024,1.0,JPEG,113222,b65f790c5fe50dcec1ef159c142c0221,85520b1171c388b4b0ff73934288b53f4d190ba71f6bf2f0f133400b379b0c7b,1.0,eaca9e507836c5c9,ok,123.51662443531313,True,True,cluster_01096,val,/home/dheirav/Code/Deepfake_Detection/deepfake-project/dataset_builder/val/ai_generated/stylegan3_03573.png
data_sources/ai_generated/StyleGAN/stylegan3_03576.png,data_sources/ai_generated/StyleGAN,ai_generated,1024,1024,1.0,JPEG,128708,35e78a605f38c1e01c178182f0066233,1ba0b70a34b473bb0411d6dd1c694c5e27bed46cfa7985659d1e5e37834a8a45,1.0,cb3234b23a8dc6ce,ok,130.52927582748725,True,True,cluster_00380,val,/home/dheirav/Code/Deepfake_Detection/deepfake-project/dataset_builder/val/ai_generated/stylegan3_03576.png
data_sources/ai_generated/StyleGAN/stylegan3_03586.png,data_sources/ai_generated/StyleGAN,ai_generated,1024,1024,1.0,JPEG,99803,2de689fb305a167aedf211aa8577e3de,85a781a09f8941f99578f074a1198e157d0d525d3c0d2e029a82b505cd5a41d7,1.0,8f2f7c34703d32d0,ok,81.10404712740274,True,True,cluster_01867,val,/home/dheirav/Code/Deepfake_Detection/deepfake-project/dataset_builder/val/ai_generated/stylegan3_03586.png
data_sources/ai_generated/StyleGAN/stylegan3_03589.png,data_sources/ai_generated/StyleGAN,ai_generated,1024,1024,1.0,JPEG,127586,d041c53c9a66225bf15ea889ac460324,28a6836e7ded9b9366d0804af7aa92158985edeecb2e8c870d105201a3c03b40,1.0,8e1f711e64789789,ok,217.03660392533857,True,True,cluster_00420,val,/home/dheirav/Code/Deepfake_Detection/deepfake-project/dataset_builder/val/ai_generated/stylegan3_03589.png
data_sources/ai_generated/StyleGAN/stylegan3_03601.png,data_sources/ai_generated/StyleGAN,ai_generated,1024,1024,1.0,JPEG,115497,ded91bb4a37802566be66d14f096b82f,d4855f5f4498acb1eefad80baf500fa2258e6e2426aba8ef45bde21439329b32,1.0,cb607832f1389bcb,ok,92.19219302746842,True,True,cluster_00962,val,/home/dheirav/Code/Deepfake_Detection/deepfake-project/dataset_builder/val/ai_generated/stylegan3_03601.png
data_sources/ai_generated/StyleGAN/stylegan3_03611.png,data_sources/ai_generated/StyleGAN,ai_generated,1024,1024,1.0,JPEG,136892,c1b7b8cb5408979f9e898c0a42dace9f,8abe3cbd467d4df83c278f22624f9865e303b25f3b1c37d5fba3ec68aa896d4a,1.0,de9635d0868e8bd8,ok,204.14726154672732,True,True,cluster_00195,val,/home/dheirav/Code/Deepfake_Detection/deepfake-project/dataset_builder/val/ai_generated/stylegan3_03611.png
data_sources/ai_generated/StyleGAN/stylegan3_03618.png,data_sources/ai_generated/StyleGAN,ai_generated,1024,1024,1.0,JPEG,97121,4bf9639bcc084e9b40169eb29e4860f2,60d4e4f56b96db465d38bcbaefcd293cba580cea0182dc649dc230ddad5acf68,1.0,9c4a717b2468de99,ok,170.75642699174568,True,True,cluster_01969,val,/home/dheirav/Code/Deepfake_Detection/deepfake-project/dataset_builder/val/ai_generated/stylegan3_03618.png
data_sources/ai_generated/StyleGAN/stylegan3_03630.png,data_sources/ai_generated/StyleGAN,ai_generated,1024,1024,1.0,JPEG,126697,857f3abcb9d8bf6b86079143aa99cc6c,0d1b7c43f2315c9cd366bef44fbca64619a8c50bfe2916ab7458fffdd79688e9,1.0,d9e7e32e222c02af,ok,129.52592212738725,True,True,cluster_00443,val,/home/dheirav/Code/Deepfake_Detection/deepfake-project/dataset_builder/val/ai_generated/stylegan3_03630.png
data_sources/ai_generated/StyleGAN/stylegan3_03631.png,data_sources/ai_generated/StyleGAN,ai_generated,1024,1024,1.0,JPEG,100156,0647aa0b461688b07875492e890fb8e7,b060f2017b0c7791ad79b6068f5cad5f3db42efa069ef9fa3adf095d28a12330,1.0,9b666962656887da,ok,337.00078066810966,True,True,cluster_01850,val,/home/dheirav/Code/Deepfake_Detection/deepfake-project/dataset_builder/val/ai_generated/stylegan3_03631.png
data_sources/ai_generated/StyleGAN/stylegan3_03643.png,data_sources/ai_generated/StyleGAN,ai_generated,1024,1024,1.0,JPEG,122181,1e34719bc8ecc17cf7a2bf6b55b38517,2a39cedef768d08cbfd2d0b8475f6753e9998089bc73eeb60aa0b3974eec621c,1.0,de71a152a771e01e,ok,107.34790991863338,True,True,cluster_00625,val,/home/dheirav/Code/Deepfake_Detection/deepfake-project/dataset_builder/val/ai_generated/stylegan3_03643.png
data_sources/ai_generated/StyleGAN/stylegan3_03644.png,data_sources/ai_generated/StyleGAN,ai_generated,1024,1024,1.0,JPEG,147280,94e7ef1bc17c0969d2efb04145c42889,594f2fa7a4fc526babac4d7a908f0f95c64ab13413eef7a9005550f824571a2b,1.0,e10e25166cd9db9a,ok,158.08108268916476,True,True,cluster_00085,val,/home/dheirav/Code/Deepfake_Detection/deepfake-project/dataset_builder/val/ai_generated/stylegan3_03644.png
data_sources/ai_generated/StyleGAN/stylegan3_03647.png,data_sources/ai_generated/StyleGAN,ai_generated,1024,1024,1.0,JPEG,103166,79acf2036a364bd482ef0507141fc6a4,9a21158ec8b6742241063644b6ef74ab11caeba6118f0560f592bfeb7f40b976,1.0,c9f33fcbf0c40a28,ok,80.63030930212699,True,True,cluster_01688,val,/home/dheirav/Code/Deepfake_Detection/deepfake-project/dataset_builder/val/ai_generated/stylegan3_03647.png
data_sources/ai_generated/StyleGAN/stylegan3_03670.png,data_sources/ai_generated/StyleGAN,ai_generated,1024,1024,1.0,JPEG,114795,64894a588f9b8c1299898897102e123d,e4002258b4e841c1e9cae8848b33e805b087ba93a9c8124649456a71c395f7ca,1.0,bf2df0c2c1f07780,ok,125.74548898542615,True,True,cluster_00999,val,/home/dheirav/Code/Deepfake_Detection/deepfake-project/dataset_builder/val/ai_generated/stylegan3_03670.png
data_sources/ai_generated/StyleGAN/stylegan3_03683.png,data_sources/ai_generated/StyleGAN,ai_generated,1024,1024,1.0,JPEG,99961,86cf73e02abbfdd16198d8f931bb5287,8ae8a35351a3f18cd8a19deaf94f5e9e293dae1c515797c3be1b4663e1e0a644,1.0,9ea12aa52556d69d,ok,180.6455831059056,True,True,cluster_01860,val,/home/dheirav/Code/Deepfake_Detection/deepfake-project/dataset_builder/val/ai_generated/stylegan3_03683.png
data_sources/ai_generated/StyleGAN/stylegan3_03685.png,data_sources/ai_generated/StyleGAN,ai_generated,1024,1024,1.0,JPEG,122807,599bf5f116d09701487c1eda78e3df12,fe46468de1cebf7adacccf54921501ce74f08a9ebb14d13cae5826eb0a3322ac,1.0,ddfcc4366099c3c8,ok,141.33387694647172,True,True,cluster_00589,val,/home/dheirav/Code/Deepfake_Detection/deepfake-project/dataset_builder/val/ai_generated/stylegan3_03685.png
data_sources/ai_generated/StyleGAN/stylegan3_03689.png,data_sources/ai_generated/StyleGAN,ai_generated,1024,1024,1.0,JPEG,137746,dc54e7da4511381671b3db7f66d006cc,720b0fe071665b381bdd9f1a93d0a946cd88c2f1d002939d9815c7c81d8a19ac,1.0,cb173ce0e14ed28e,ok,406.9584491819831,True,True,cluster_00178,val,/home/dheirav/Code/Deepfake_Detection/deepfake-project/dataset_builder/val/ai_generated/stylegan3_03689.png
data_sources/ai_generated/StyleGAN/stylegan3_03698.png,data_sources/ai_generated/StyleGAN,ai_generated,1024,1024,1.0,JPEG,125999,5b1361a1b98aaa7e21a9df8efe384b29,797c61c10bcde9ec9434fd971cd96084855ba5c650fb382cc58d033c4eb08bd1,1.0,8bce34247274d3da,ok,212.64780214239363,True,True,cluster_00466,val,/home/dheirav/Code/Deepfake_Detection/deepfake-project/dataset_builder/val/ai_generated/stylegan3_03698.png
data_sources/ai_generated/StyleGAN/stylegan3_03702.png,data_sources/ai_generated/StyleGAN,ai_generated,1024,1024,1.0,JPEG,130917,cef6923ac12aca11fcfd8ae1eac0eda7,3fc78051ec8cd45bf3f966c9485fdf5e8188afc8e9b11773abb0247f9b55b5b0,1.0,d17a616f05d7808f,ok,162.45718850174214,True,True,cluster_00322,val,/home/dheirav/Code/Deepfake_Detection/deepfake-project/dataset_builder/val/ai_generated/stylegan3_03702.png
data_sources/ai_generated/StyleGAN/stylegan3_03708.png,data_sources/ai_generated/StyleGAN,ai_generated,1024,1024,1.0,JPEG,113596,a41abb27bf503530c11d01c05d87bdc6,13ea0dd7af95c75c5ff2055c6417c3fdd8c2a09ee77249be1ae1e8fb1677c4e5,1.0,8d077c21347c07bf,ok,153.14802417574444,True,True,cluster_01077,val,/home/dheirav/Code/Deepfake_Detection/deepfake-project/dataset_builder/val/ai_generated/stylegan3_03708.png
data_sources/ai_generated/StyleGAN/stylegan3_03712.png,data_sources/ai_generated/StyleGAN,ai_generated,1024,1024,1.0,JPEG,128252,2e03b675a07399f5090df7d8bdfc2fad,ebd272028249609d6c05b3a242ffaadf466754d4b9d7c34c5ad01a4ac97a0de6,1.0,8bd25737723a2a89,ok,134.74668588243367,True,True,cluster_00398,val,/home/dheirav/Code/Deepfake_Detection/deepfake-project/dataset_builder/val/ai_generated/stylegan3_03712.png
data_sources/ai_generated/StyleGAN/stylegan3_03715.png,data_sources/ai_generated/StyleGAN,ai_generated,1024,1024,1.0,JPEG,138006,1c8fbc0f274f479bb1297c64c3cc8c29,bf57f7e0fb8abde1637f4d0c601dd77bd04b81430fca5221cc60c9e1fdd032d3,1.0,c887e18787d4df88,ok,516.0417544464716,True,True,cluster_00175,val,/home/dheirav/Code/Deepfake_Detection/deepfake-project/dataset_builder/val/ai_generated/stylegan3_03715.png
data_sources/ai_generated/StyleGAN/stylegan3_03718.png,data_sources/ai_generated/StyleGAN,ai_generated,1024,1024,1.0,JPEG,114902,cefed83008a4b2c954abd52a094db740,8f3acdcc62e11d261c38ef7ce4e2793d9637a5434b697e68f18e455e06f21bd7,1.0,daea2163b46c9bc2,ok,105.07543189499029,True,True,cluster_00987,val,/home/dheirav/Code/Deepfake_Detection/deepfake-project/dataset_builder/val/ai_generated/stylegan3_03718.png
data_sources/ai_generated/StyleGAN/stylegan3_03720.png,data_sources/ai_generated/StyleGAN,ai_generated,1024,1024,1.0,JPEG,109068,c8472d766956bbf0d6122f1aed1c7f37,1d27042d0124c77e8208a46c8838a52811c76f11e65799ad254c30f6f7523b47,1.0,aae8e5cb8469278b,ok,88.55251611643689,True,True,cluster_01335,val,/home/dheirav/Code/Deepfake_Detection/deepfake-project/dataset_builder/val/ai_generated/stylegan3_03720.png
data_sources/ai_generated/StyleGAN/stylegan3_03727.png,data_sources/ai_generated/StyleGAN,ai_generated,1024,1024,1.0,JPEG,107629,8ab859c8318742aa252c732798b4fce3,1c041eb486183b8002550e3015e73096a2f72839e23bafb7ddf690793a745e71,1.0,810ec79ec03d727d,ok,91.74399087564962,True,True,cluster_01415,val,/home/dheirav/Code/Deepfake_Detection/deepfake-project/dataset_builder/val/ai_generated/stylegan3_03727.png
data_sources/ai_generated/StyleGAN/stylegan3_03731.png,data_sources/ai_generated/StyleGAN,ai_generated,1024,1024,1.0,JPEG,125447,6df473ee9a9ef1d44e7320c649ef9628,da2bc2706c38506587ed5d031b2c2b1198ef5d76cb344aeda35deef4d87bc326,1.0,bef021e36562a687,ok,384.1867099352593,True,True,cluster_00484,val,/home/dheirav/Code/Deepfake_Detection/deepfake-project/dataset_builder/val/ai_generated/stylegan3_03731.png
data_sources/ai_generated/StyleGAN/stylegan3_03739.png,data_sources/ai_generated/StyleGAN,ai_generated,1024,1024,1.0,JPEG,104714,2cdf356dabe1ed8e104ee04169c53b2a,9d7f260975832534a62f465a0cf837e072ac646ca7235108404bba8f20e61f36,1.0,aa09b48ff03537d4,ok,145.4175080840423,True,True,cluster_01592,val,/home/dheirav/Code/Deepfake_Detection/deepfake-project/dataset_builder/val/ai_generated/stylegan3_03739.png
data_sources/ai_generated/StyleGAN/stylegan3_03742.png,data_sources/ai_generated/StyleGAN,ai_generated,1024,1024,1.0,JPEG,135545,65776203709112da9215ea060bd5352c,f732db42e0e651a8350a6617c030330ad171c0f7924594f88fde7d11f8d525ec,1.0,bffc81d4c88b8b88,ok,246.55357326552257,True,True,cluster_00227,val,/home/dheirav/Code/Deepfake_Detection/deepfake-project/dataset_builder/val/ai_generated/stylegan3_03742.png
data_sources/ai_generated/StyleGAN/stylegan3_03744.png,data_sources/ai_generated/StyleGAN,ai_generated,1024,1024,1.0,JPEG,136360,ead7a20d68ed4126e9c3acdf4fca9af0,6354e04b57288c5d9601d0f058bd3ed98634a08ca5ed9a8d8f73476c17c5a8c1,1.0,abf420c2e3c9cf85,ok,199.32821364484607,True,True,cluster_00203,val,/home/dheirav/Code/Deepfake_Detection/deepfake-project/dataset_builder/val/ai_generated/stylegan3_03744.png
data_sources/ai_generated/StyleGAN/stylegan3_03754.png,data_sources/ai_generated/StyleGAN,ai_generated,1024,1024,1.0,JPEG,122114,2155352f52b9a245b3dac742ba7d0a05,fd78b5bf4d708b9635b2ef4d0ac167230b2aac57c93749253ef9764a9d43bff3,1.0,d4242f720f0f9a4f,ok,115.77388060692101,True,True,cluster_00628,val,/home/dheirav/Code/Deepfake_Detection/deepfake-project/dataset_builder/val/ai_generated/stylegan3_03754.png
data_sources/ai_generated/StyleGAN/stylegan3_03763.png,data_sources/ai_generated/StyleGAN,ai_generated,1024,1024,1.0,JPEG,123446,5a446630dbd17298963fd275182ab1a2,1d3af3510a806def70320e1fbce018949dc2cc4fcab7ff656c1c3a808ea0fcdb,1.0,9f75654ea079d281,ok,152.4711271837432,True,True,cluster_00566,val,/home/dheirav/Code/Deepfake_Detection/deepfake-project/dataset_builder/val/ai_generated/stylegan3_03763.png
data_sources/ai_generated/StyleGAN/stylegan3_03767.png,data_sources/ai_generated/StyleGAN,ai_generated,1024,1024,1.0,JPEG,111325,41b32b8af4cfa608df2034f16606430f,43a23e0d59e81982d45c26536e0f00a85339dfdc6d2fb89f66903f2f17f9e892,1.0,9ca19f96789c90dc,ok,149.0109448798721,True,True,cluster_01216,val,/home/dheirav/Code/Deepfake_Detection/deepfake-project/dataset_builder/val/ai_generated/stylegan3_03767.png
data_sources/ai_generated/StyleGAN/stylegan3_03801.png,data_sources/ai_generated/StyleGAN,ai_generated,1024,1024,1.0,JPEG,108288,5215a042b0a420dfa1799f90a0c901a9,42b10ce21beb0f3376250a60cedb355c7822f8c151e0a11fa89d7559ef948046,1.0,96170af5a9578a9a,ok,127.42570905019872,True,True,cluster_01367,val,/home/dheirav/Code/Deepfake_Detection/deepfake-project/dataset_builder/val/ai_generated/stylegan3_03801.png
data_sources/ai_generated/StyleGAN/stylegan3_03806.png,data_sources/ai_generated/StyleGAN,ai_generated,1024,1024,1.0,JPEG,132547,684695f59e02f805ab104ffdba4ca30c,a519dd7487c74a7082c42caa8a10ce2ac173ae447cf5de5f2083e10355522b85,1.0,961f78692669a68d,ok,354.102259569131,True,True,cluster_00285,val,/home/dheirav/Code/Deepfake_Detection/deepfake-project/dataset_builder/val/ai_generated/stylegan3_03806.png
data_sources/ai_generated/StyleGAN/stylegan3_03811.png,data_sources/ai_generated/StyleGAN,ai_generated,1024,1024,1.0,JPEG,114533,a863caa6fa4933760fefb02fa9268f2f,501fe1881158586cfe6363125097cdfb52959c720532ae989e97a551c2eb67f2,1.0,a92fd5875286de88,ok,260.6814591038128,True,True,cluster_01016,val,/home/dheirav/Code/Deepfake_Detection/deepfake-project/dataset_builder/val/ai_generated/stylegan3_03811.png
data_sources/ai_generated/StyleGAN/stylegan3_03814.png,data_sources/ai_generated/StyleGAN,ai_generated,1024,1024,1.0,JPEG,113614,49c35548c56198611992de3c43bc5a2a,02acf93e85f76da79dadbc443079b9dc05e36435ef6283b86e037ac01d8a37d5,1.0,9e8e6926352497da,ok,215.3723771947225,True,True,cluster_01076,val,/home/dheirav/Code/Deepfake_Detection/deepfake-project/dataset_builder/val/ai_generated/stylegan3_03814.png
data_sources/ai_generated/StyleGAN/stylegan3_03829.png,data_sources/ai_generated/StyleGAN,ai_generated,1024,1024,1.0,JPEG,121184,37bf42613b9c9876dd7e5a1a884efd55,8df4b1bd286bc8ad79113383818fccecc1b931e1c2a392406d86815cd235ec50,1.0,c3b478d6e10d720f,ok,179.56420828963383,True,True,cluster_00675,val,/home/dheirav/Code/Deepfake_Detection/deepfake-project/dataset_builder/val/ai_generated/stylegan3_03829.png
data_sources/ai_generated/StyleGAN/stylegan3_03831.png,data_sources/ai_generated/StyleGAN,ai_generated,1024,1024,1.0,JPEG,157408,7672d2a4ac8d6924426d15e49c90cb67,0816669b9d9eae0ba38f91d8083ab10788d2517a66ec1b062bf8f84e036baaae,1.0,9ad520064579f3f9,ok,400.6669559125876,True,True,cluster_00035,val,/home/dheirav/Code/Deepfake_Detection/deepfake-project/dataset_builder/val/ai_generated/stylegan3_03831.png
data_sources/ai_generated/StyleGAN/stylegan3_03840.png,data_sources/ai_generated/StyleGAN,ai_generated,1024,1024,1.0,JPEG,122413,c74bbb3d4279dcd11a9fd6778b79c094,afaadb015547f36d80f29986e242fb4c28f7a40d96a15296c42ec8666f1900ba,1.0,cbf075625183878f,ok,99.18733122891624,True,True,cluster_00613,val,/home/dheirav/Code/Deepfake_Detection/deepfake-project/dataset_builder/val/ai_generated/stylegan3_03840.png
data_sources/ai_generated/StyleGAN/stylegan3_03843.png,data_sources/ai_generated/StyleGAN,ai_generated,1024,1024,1.0,JPEG,120179,4273352ed6f416d78b217693aaf1b5aa,20309dedd8e28affab14feeafcd7a57eb0239d22567282b7ed344f4817ddef62,1.0,9c5949eb0dc9389b,ok,134.58237742838443,True,True,cluster_00740,val,/home/dheirav/Code/Deepfake_Detection/deepfake-project/dataset_builder/val/ai_generated/stylegan3_03843.png
data_sources/ai_generated/StyleGAN/stylegan3_03847.png,data_sources/ai_generated/StyleGAN,ai_generated,1024,1024,1.0,JPEG,110745,67a7a04fbf30cf3a1fca2d18c14bd14e,72ffdb5628e6edf5d5d241f83d7572a7fb229ce487c8b7e92ff0cced940b4a36,1.0,cfb034e322cdc68d,ok,94.56064922088626,True,True,cluster_01249,val,/home/dheirav/Code/Deepfake_Detection/deepfake-project/dataset_builder/val/ai_generated/stylegan3_03847.png
data_sources/ai_generated/StyleGAN/stylegan3_03854.png,data_sources/ai_generated/StyleGAN,ai_generated,1024,1024,1.0,JPEG,123774,4c70d043ab9f948857ed816de5b9af01,2a6b6c18e2080db153eda2312a7ea717f6204102f56f2e69d80c4f888e7dc766,1.0,cbf16532203fa2da,ok,266.07994063905693,True,True,cluster_00556,val,/home/dheirav/Code/Deepfake_Detection/deepfake-project/dataset_builder/val/ai_generated/stylegan3_03854.png
data_sources/ai_generated/StyleGAN/stylegan3_03860.png,data_sources/ai_generated/StyleGAN,ai_generated,1024,1024,1.0,JPEG,102889,1b540311fd12dd24beaf6faad09dfe79,2cc9e60758b4a2ed1a64f6cc65f07c61e1ac13e0d058ef0fed723f19fc77e1ae,1.0,9ff2018fdc08538f,ok,162.7067526026185,True,True,cluster_01707,val,/home/dheirav/Code/Deepfake_Detection/deepfake-project/dataset_builder/val/ai_generated/stylegan3_03860.png
data_sources/ai_generated/StyleGAN/stylegan3_03861.png,data_sources/ai_generated/StyleGAN,ai_generated,1024,1024,1.0,JPEG,106493,9762567c68c8c1ac64d2d358a39c00db,61cf82df86e7f7a4e1ac4b80651211100e703fac71d516e183bfc7d713c01fa3,1.0,fa3570f2a3f082d2,ok,85.7248001088119,True,True,cluster_01489,val,/home/dheirav/Code/Deepfake_Detection/deepfake-project/dataset_builder/val/ai_generated/stylegan3_03861.png
data_sources/ai_generated/StyleGAN/stylegan3_03901.png,data_sources/ai_generated/StyleGAN,ai_generated,1024,1024,1.0,JPEG,140433,22ca142af5e7451aa42056731654466d,8ec5bc7278796835964caa71b693dcab2d83b6659b89ca2cec7cb3c1a9731cb7,1.0,9adca4c68e86aa9d,ok,140.2853712878632,True,True,cluster_00145,val,/home/dheirav/Code/Deepfake_Detection/deepfake-project/dataset_builder/val/ai_generated/stylegan3_03901.png
data_sources/ai_generated/StyleGAN/stylegan3_03907.png,data_sources/ai_generated/StyleGAN,ai_generated,1024,1024,1.0,JPEG,111128,f4257c54abfde81839fa9c0684905b86,45a2a18bad13fd45bd4d576ab3149c480aca620af32f4473a459b17bc8b2c06c,1.0,c9077c78c844eecd,ok,81.24803179841456,True,True,cluster_01226,val,/home/dheirav/Code/Deepfake_Detection/deepfake-project/dataset_builder/val/ai_generated/stylegan3_03907.png
data_sources/ai_generated/StyleGAN/stylegan3_03910.png,data_sources/ai_generated/StyleGAN,ai_generated,1024,1024,1.0,JPEG,122591,d4855cedf82491c60034a667726a34e1,b7eb62e3e6604e4b880e533352926e7a05eb032d333c2c64832840fe5c4f0e34,1.0,98a978277525768b,ok,138.01750937528777,True,True,cluster_00604,val,/home/dheirav/Code/Deepfake_Detection/deepfake-project/dataset_builder/val/ai_generated/stylegan3_03910.png
data_sources/ai_generated/StyleGAN/stylegan3_03920.png,data_sources/ai_generated/StyleGAN,ai_generated,1024,1024,1.0,JPEG,114505,c04f5c68bfe7224ab46c1f330cdac2f9,fdfbc3e5dd7e615fa08842264cbca4ce1a4cbe9bba26702f2d661df8709bc573,1.0,9a5569a2975aa19d,ok,130.7107668966055,True,True,cluster_01021,val,/home/dheirav/Code/Deepfake_Detection/deepfake-project/dataset_builder/val/ai_generated/stylegan3_03920.png
data_sources/ai_generated/StyleGAN/stylegan3_03931.png,data_sources/ai_generated/StyleGAN,ai_generated,1024,1024,1.0,JPEG,110585,b7f22a174f00bcb6ec662eb6a0bf2f1e,b063728fad8badf3369c0135b82182f8c04b11db9cf4b339d767e79641845a17,1.0,f86b7a615728c18e,ok,99.18695808742996,True,True,cluster_01262,val,/home/dheirav/Code/Deepfake_Detection/deepfake-project/dataset_builder/val/ai_generated/stylegan3_03931.png
data_sources/ai_generated/StyleGAN/stylegan3_03952.png,data_sources/ai_generated/StyleGAN,ai_generated,1024,1024,1.0,JPEG,128536,e734f92f4b1b37e7e926b4f49fbd4c1b,e05477aa0dee708ab1a62515b245c8a5b93432564d8e96a1742d1d21a3b53eea,1.0,dae06597241a97cd,ok,458.10020539422743,True,True,cluster_00387,val,/home/dheirav/Code/Deepfake_Detection/deepfake-project/dataset_builder/val/ai_generated/stylegan3_03952.png
data_sources/ai_generated/StyleGAN/stylegan3_03955.png,data_sources/ai_generated/StyleGAN,ai_generated,1024,1024,1.0,JPEG,114867,2cb28ccbdca38a4045953746d2cc5abe,0c6958f3de54ba7e116336002c904bc468481b34b826b2a33bea74b819316769,1.0,f06aaba323a74a99,ok,315.43472381044467,True,True,cluster_00992,val,/home/dheirav/Code/Deepfake_Detection/deepfake-project/dataset_builder/val/ai_generated/stylegan3_03955.png
data_sources/ai_generated/StyleGAN/stylegan3_03957.png,data_sources/ai_generated/StyleGAN,ai_generated,1024,1024,1.0,JPEG,112436,a196ed515923cd71c54e977b4acee3f0,e140a2fb984ba5f71af4e78898bdfcdcc2f812855dfa7421507e37a1007aebc7,1.0,aaf8e125642dd29b,ok,128.7013641258236,True,True,cluster_01143,val,/home/dheirav/Code/Deepfake_Detection/deepfake-project/dataset_builder/val/ai_generated/stylegan3_03957.png
data_sources/ai_generated/StyleGAN/stylegan3_03959.png,data_sources/ai_generated/StyleGAN,ai_generated,1024,1024,1.0,JPEG,112345,4805e12835cd08de83403716b9c50d08,05fb248c30c789fe58996a7f24ab1541170427cdc678be42e8ff5d6aa9194dbf,1.0,8fbcf0c2838dc9cc,ok,127.91883073256759,True,True,cluster_01153,val,/home/dheirav/Code/Deepfake_Detection/deepfake-project/dataset_builder/val/ai_generated/stylegan3_03959.png
data_sources/ai_generated/StyleGAN/stylegan3_03985.png,data_sources/ai_generated/StyleGAN,ai_generated,1024,1024,1.0,JPEG,106945,41ed03047fe4803a28f36b599b82a1e6,0385d34df285802442454f0d0c3aeef0962fa39bf9cbde84ee4cdc9a526a3646,1.0,afb4f4927083c38b,ok,186.00364273831656,True,True,cluster_01458,val,/home/dheirav/Code/Deepfake_Detection/deepfake-project/dataset_builder/val/ai_generated/stylegan3_03985.png
data_sources/ai_generated/StyleGAN/stylegan3_03986.png,data_sources/ai_generated/StyleGAN,ai_generated,1024,1024,1.0,JPEG,133922,7b9e96397a033a8ae0c4c980d1c13958,579bb3e4ec5ce658b37eda2edaeff91290f46f96a9f70e9dc6965caf1e9cde5f,1.0,c2ca3c6a743f64d8,ok,349.5779287224058,True,True,cluster_00257,val,/home/dheirav/Code/Deepfake_Detection/deepfake-project/dataset_builder/val/ai_generated/stylegan3_03986.png
data_sources/ai_generated/StyleGAN/stylegan3_03989.png,data_sources/ai_generated/StyleGAN,ai_generated,1024,1024,1.0,JPEG,157121,4be7a1d921566af1a0a60477b3f9dd98,e0d5862e401362360e65ab65974f5fe925766c13c2557604f635631f0a839e08,1.0,8b1025f7279cda8b,ok,583.6855261761436,True,True,cluster_00037,val,/home/dheirav/Code/Deepfake_Detection/deepfake-project/dataset_builder/val/ai_generated/stylegan3_03989.png
data_sources/ai_generated/StyleGAN/stylegan3_03998.png,data_sources/ai_generated/StyleGAN,ai_generated,1024,1024,1.0,JPEG,111522,179caab43f9ff3f33252252070fe743b,4ec20d3445ea618b670c3673ecd58fcce98e20809795e64323aa3d5d06d808d9,1.0,d7f0aaa374a56486,ok,99.87383355905968,True,True,cluster_01202,val,/home/dheirav/Code/Deepfake_Detection/deepfake-project/dataset_builder/val/ai_generated/stylegan3_03998.png
