path,dataset_source,class_label,width,height,aspect_ratio,format,file_size_bytes,md5_hash,sha256,quality_score,phash,quality_flag,blur_score,resolution_ok,aspect_ratio_ok,cluster_id,split,export_path
data_sources/ai_generated/Midjourney_TopUp/dalle_topup_000231.jpg,data_sources/ai_generated/Midjourney_TopUp,ai_generated,615,1280,0.4805,JPEG,67528,65da38452d65b11e3ba1574b87904abd,7a5458144cb6607479363dd745273e426f2ffddd570924606b622932708025f3,0.8,c6c029f1c3ce2ff0,aspect_ratio_extreme,452.990370893648,True,False,cluster_01125,test,/home/dheirav/Code/Deepfake_Detection/deepfake-project/dataset_builder/test/ai_generated/dalle_topup_000231.jpg
data_sources/ai_generated/Midjourney_TopUp/dalle_topup_000785.jpg,data_sources/ai_generated/Midjourney_TopUp,ai_generated,1280,430,2.9767,JPEG,117644,c842f85202a44751bf033b5206e5a6a8,4b44141850834270f76ee0ea315caf72575566cc9b090f5e771c64d1b95c9775,0.8,c9ab15661ac573cc,aspect_ratio_extreme,201.7342345925479,True,False,cluster_01133,test,/home/dheirav/Code/Deepfake_Detection/deepfake-project/dataset_builder/test/ai_generated/dalle_topup_000785.jpg
data_sources/ai_generated/Midjourney_TopUp/dalle_topup_000002.jpg,data_sources/ai_generated/Midjourney_TopUp,ai_generated,1024,1024,1.0,JPEG,249316,2c91d1d47eb85bd23e0c9938c2477ea8,9caa4124d8aa4bb2f0de6416e8b1f5f3eeff99eaa783b61d94559c981aefdb1b,1.0,b0934e3b732c64ce,ok,411.4974746194556,True,True,cluster_00608,test,/home/dheirav/Code/Deepfake_Detection/deepfake-project/dataset_builder/test/ai_generated/dalle_topup_000002.jpg
data_sources/ai_generated/Midjourney_TopUp/dalle_topup_000008.jpg,data_sources/ai_generated/Midjourney_TopUp,ai_generated,1015,1022,0.9932,JPEG,258075,8f008c2badd53f7b1a4d701daf1c07b3,801d2783237e81f4525ca90320f9f584954c430dbd8f622cf98cf9d17ade163d,1.0,b9c14ebc4d0b6665,ok,169.9906547590116,True,True,cluster_00757,test,/home/dheirav/Code/Deepfake_Detection/deepfake-project/dataset_builder/test/ai_generated/dalle_topup_000008.jpg
data_sources/ai_generated/Midjourney_TopUp/dalle_topup_000012.jpg,data_sources/ai_generated/Midjourney_TopUp,ai_generated,1015,1022,0.9932,JPEG,231826,780de6ab1c84c513ac3154d2285779b3,28fcbae5358284f6743ecbf17631f67dad2d1b6fce3dee588e9d61e2bb91b0a7,1.0,91d2de36ca5d4705,ok,205.54647498811897,True,True,cluster_00758,test,/home/dheirav/Code/Deepfake_Detection/deepfake-project/dataset_builder/test/ai_generated/dalle_topup_000012.jpg
data_sources/ai_generated/Midjourney_TopUp/dalle_topup_000016.jpg,data_sources/ai_generated/Midjourney_TopUp,ai_generated,1009,1027,0.9825,JPEG,469625,581c5643732ea3692ed1e990746f79a7,9d1c55f7cfb3697dc7119d1b7ce82d88962686e79845269f996860c6f72249b0,1.0,c6f81c375909d95c,ok,2074.827846086058,True,True,cluster_00767,test,/home/dheirav/Code/Deepfake_Detection/deepfake-project/dataset_builder/test/ai_generated/dalle_topup_000016.jpg
data_sources/ai_generated/Midjourney_TopUp/dalle_topup_000018.jpg,data_sources/ai_generated/Midjourney_TopUp,ai_generated,1024,1024,1.0,JPEG,198140,f8f4ae0a7aa6f1d5da3ff0eea7dbb247,f92e8a8e97d6f75118947dc41ea34d7d1730b148721a48b64193e01c44737991,1.0,a9a92a766a257656,ok,661.638628318854,True,True,cluster_00673,test,/home/dheirav/Code/Deepfake_Detection/deepfake-project/dataset_builder/test/ai_generated/dalle_topup_000018.jpg
data_sources/ai_generated/Midjourney_TopUp/dalle_topup_000028.jpg,data_sources/ai_generated/Midjourney_TopUp,ai_generated,1232,922,1.3362,JPEG,314771,a4e0dd86f7c46b77b251afb5167777ca,fa32ac3ecc1a174c131404d9dbf86183d4055d35a28e8260ead999e8f278cbfa,1.0,969cc9992dc63c63,ok,93.35775998662845,True,True,cluster_00407,test,/home/dheirav/Code/Deepfake_Detection/deepfake-project/dataset_builder/test/ai_generated/dalle_topup_000028.jpg
data_sources/ai_generated/Midjourney_TopUp/dalle_topup_000035.jpg,data_sources/ai_generated/Midjourney_TopUp,ai_generated,520,520,1.0,JPEG,78942,6ec840303703e231a4a4c97f98a05e64,ce265c9a3e79cc873628ba913dcdca3c3100681c3ae4b1961b02e36d30484142,1.0,9bc96c2c616979b2,ok,752.2145118308182,True,True,cluster_00913,test,/home/dheirav/Code/Deepfake_Detection/deepfake-project/dataset_builder/test/ai_generated/dalle_topup_000035.jpg
data_sources/ai_generated/Midjourney_TopUp/dalle_topup_000040.jpg,data_sources/ai_generated/Midjourney_TopUp,ai_generated,960,1200,0.8,JPEG,243551,2bfbdd6a27bae0eafddbb996ae78f07a,1057a3a48921aae26f3f983082bee3a55a4b820bfe65b7431d300dc755391ae8,1.0,b6f8838385dbda18,ok,353.3662715753392,True,True,cluster_00396,test,/home/dheirav/Code/Deepfake_Detection/deepfake-project/dataset_builder/test/ai_generated/dalle_topup_000040.jpg
data_sources/ai_generated/Midjourney_TopUp/dalle_topup_000042.jpg,data_sources/ai_generated/Midjourney_TopUp,ai_generated,1024,1024,1.0,JPEG,297332,cbfb96b8561e29b7da5dab722c0df313,73497bd5a8a6d4a660dfaa965e3ad6954c954b98fa8b69c09f6f35e8a651a83d,1.0,8761198c64f27aee,ok,463.09265664221203,True,True,cluster_00537,test,/home/dheirav/Code/Deepfake_Detection/deepfake-project/dataset_builder/test/ai_generated/dalle_topup_000042.jpg
data_sources/ai_generated/Midjourney_TopUp/dalle_topup_000045.jpg,data_sources/ai_generated/Midjourney_TopUp,ai_generated,520,518,1.0039,JPEG,51817,46e605a147ddaefec2b5f9150e4b2a40,75786fccbb30a435f9d5feca0ff7d5da6390da67f2096b65bc6e81f541c4d525,1.0,93da261f5e2461d3,ok,128.29900774929467,True,True,cluster_00948,test,/home/dheirav/Code/Deepfake_Detection/deepfake-project/dataset_builder/test/ai_generated/dalle_topup_000045.jpg
data_sources/ai_generated/Midjourney_TopUp/dalle_topup_000068.jpg,data_sources/ai_generated/Midjourney_TopUp,ai_generated,1024,1024,1.0,JPEG,308980,efdd00f30fad0eec4274b356c3e50980,2eaeb297b178ee94cd1047ba14b65e7af6bd650e7840fa5e3a36d82b7db50cd9,1.0,cca82b3c24b1d3cf,ok,360.27141824296166,True,True,cluster_00529,test,/home/dheirav/Code/Deepfake_Detection/deepfake-project/dataset_builder/test/ai_generated/dalle_topup_000068.jpg
data_sources/ai_generated/Midjourney_TopUp/dalle_topup_000078.jpg,data_sources/ai_generated/Midjourney_TopUp,ai_generated,1022,1017,1.0049,JPEG,494897,c33f7a74a0f6d27e74d5e50d8a3c8aab,a97e17851562f599d6ddba2a2b3e0ade14b19128069ab64c0fd222c81faf1a89,1.0,c29b0e1b2b8f6a56,ok,729.7584986603914,True,True,cluster_00745,test,/home/dheirav/Code/Deepfake_Detection/deepfake-project/dataset_builder/test/ai_generated/dalle_topup_000078.jpg
data_sources/ai_generated/Midjourney_TopUp/dalle_topup_000084.jpg,data_sources/ai_generated/Midjourney_TopUp,ai_generated,1024,1024,1.0,JPEG,241682,6cf176742774911331318c52216228b9,eb20cfbf092045ec61b038438b4af6cdc700b6a536da9544ecebcd309b970dfa,1.0,b55a2db44fe01279,ok,652.3113487492728,True,True,cluster_00619,test,/home/dheirav/Code/Deepfake_Detection/deepfake-project/dataset_builder/test/ai_generated/dalle_topup_000084.jpg
data_sources/ai_generated/Midjourney_TopUp/dalle_topup_000088.jpg,data_sources/ai_generated/Midjourney_TopUp,ai_generated,1024,1024,1.0,JPEG,388780,e167963f43ef6cc9f8869e38cf5b5cfc,a3c6b71bd4e54d6a3cd2b2e34501ddc44e51fc3faaefe01c134cc2c61b5b823f,1.0,b8b1272e1e5a7866,ok,991.8778855040291,True,True,cluster_00495,test,/home/dheirav/Code/Deepfake_Detection/deepfake-project/dataset_builder/test/ai_generated/dalle_topup_000088.jpg
data_sources/ai_generated/Midjourney_TopUp/dalle_topup_000098.jpg,data_sources/ai_generated/Midjourney_TopUp,ai_generated,1280,853,1.5006,JPEG,450716,f45b147016ea3a17a1b3d4420d23de87,f08f3da2c166a54db20d37214c212943d67a8229549c05db833ba3deeb6c5c63,1.0,a1e18792da46cced,ok,1255.1343963724926,True,True,cluster_00415,test,/home/dheirav/Code/Deepfake_Detection/deepfake-project/dataset_builder/test/ai_generated/dalle_topup_000098.jpg
data_sources/ai_generated/Midjourney_TopUp/dalle_topup_000108.jpg,data_sources/ai_generated/Midjourney_TopUp,ai_generated,1280,1280,1.0,JPEG,264183,13f1cc83f1eec32c81d036722d0c89c8,27796e7d5cdf31d689950f2459996a516fa7330d31196d4a2fb9ab7a6eb7c69e,1.0,926c6db336e9d824,ok,362.98618724784814,True,True,cluster_00034,test,/home/dheirav/Code/Deepfake_Detection/deepfake-project/dataset_builder/test/ai_generated/dalle_topup_000108.jpg
data_sources/ai_generated/Midjourney_TopUp/dalle_topup_000122.jpg,data_sources/ai_generated/Midjourney_TopUp,ai_generated,717,1280,0.5602,JPEG,213481,1e0b276621819e16ccb67903e4a01579,8237b6d5fabe30f4c34acac242091cb570361b7226db2a68d5e33105a2520d4b,1.0,a19e483df6812ed5,ok,543.6339639778739,True,True,cluster_00842,test,/home/dheirav/Code/Deepfake_Detection/deepfake-project/dataset_builder/test/ai_generated/dalle_topup_000122.jpg
data_sources/ai_generated/Midjourney_TopUp/dalle_topup_000134.jpg,data_sources/ai_generated/Midjourney_TopUp,ai_generated,520,290,1.7931,JPEG,50648,c208d0ea3fa156afeb939c29492e1f43,7a3b49aa1d16617da7b1c63ab46f12111acda5cb000fd044d9b57a92649e475c,1.0,96b023af49a45e9d,ok,266.8230852528337,True,True,cluster_01085,test,/home/dheirav/Code/Deepfake_Detection/deepfake-project/dataset_builder/test/ai_generated/dalle_topup_000134.jpg
data_sources/ai_generated/Midjourney_TopUp/dalle_topup_000139.jpg,data_sources/ai_generated/Midjourney_TopUp,ai_generated,1280,717,1.7852,JPEG,212722,623ed48e89bd7f8eb893fb38b079f99e,f862e48999c9af84bb758462572ae78775971cce90864d99613fbfdc3a2e4f00,1.0,93c38393a1a1b9f5,ok,387.94485520325526,True,True,cluster_00845,test,/home/dheirav/Code/Deepfake_Detection/deepfake-project/dataset_builder/test/ai_generated/dalle_topup_000139.jpg
data_sources/ai_generated/Midjourney_TopUp/dalle_topup_000141.jpg,data_sources/ai_generated/Midjourney_TopUp,ai_generated,1280,717,1.7852,JPEG,263434,a452837f1334dea91c6f9be299fe37b3,64cce5921346fe79ec3575815bd0a35b8c4cdcf113868b3588481c180629b8b9,1.0,bd87311c13af4c8b,ok,434.2775510910296,True,True,cluster_00830,test,/home/dheirav/Code/Deepfake_Detection/deepfake-project/dataset_builder/test/ai_generated/dalle_topup_000141.jpg
data_sources/ai_generated/Midjourney_TopUp/dalle_topup_000151.jpg,data_sources/ai_generated/Midjourney_TopUp,ai_generated,1024,1024,1.0,JPEG,445111,1d86e46db9199fdc024f5a79d4f1ce82,b557e1f354e675e0d42c6b6a7eea8895eb3ecc5ac519adf1cb3d601342984f38,1.0,b283750f60d56d9c,ok,1711.9316672762943,True,True,cluster_00481,test,/home/dheirav/Code/Deepfake_Detection/deepfake-project/dataset_builder/test/ai_generated/dalle_topup_000151.jpg
data_sources/ai_generated/Midjourney_TopUp/dalle_topup_000161.jpg,data_sources/ai_generated/Midjourney_TopUp,ai_generated,1024,1024,1.0,JPEG,212782,837e243d0bc9a14efcb99285f7544042,e55e81f434e883b3f5c90e519106eb2926c7751f35b34090d7669811140bf84e,1.0,9861379c6dbc0763,ok,371.39253222680054,True,True,cluster_00654,test,/home/dheirav/Code/Deepfake_Detection/deepfake-project/dataset_builder/test/ai_generated/dalle_topup_000161.jpg
data_sources/ai_generated/Midjourney_TopUp/dalle_topup_000163.jpg,data_sources/ai_generated/Midjourney_TopUp,ai_generated,960,1196,0.8027,JPEG,293561,a502c8f8925b45fe22304385258c34d5,52d54df8367a197dd30714e9ab4422dccd35f088802225915971745771fb9c00,1.0,e68d1da61999836b,ok,1206.3731213401518,True,True,cluster_00397,test,/home/dheirav/Code/Deepfake_Detection/deepfake-project/dataset_builder/test/ai_generated/dalle_topup_000163.jpg
data_sources/ai_generated/Midjourney_TopUp/dalle_topup_000165.jpg,data_sources/ai_generated/Midjourney_TopUp,ai_generated,955,1199,0.7965,JPEG,230545,43e0fbd73f2663ac97e1623ace2290a7,720e99e403710b9b1f6cf3953fadf9833e3af44b617c371f44791d431eba3421,1.0,d3c54c923a2de369,ok,359.6393468848831,True,True,cluster_00399,test,/home/dheirav/Code/Deepfake_Detection/deepfake-project/dataset_builder/test/ai_generated/dalle_topup_000165.jpg
data_sources/ai_generated/Midjourney_TopUp/dalle_topup_000169.jpg,data_sources/ai_generated/Midjourney_TopUp,ai_generated,1024,1024,1.0,JPEG,286518,c2f74f806934e2e5179d09c4fb7f2872,57e82b147f6f98e6300f3e83e5cd226b3e4d3bf29292ea459a0a0673472e8ff7,1.0,b5b04fa5b20f68d1,ok,981.4828503713321,True,True,cluster_00548,test,/home/dheirav/Code/Deepfake_Detection/deepfake-project/dataset_builder/test/ai_generated/dalle_topup_000169.jpg
data_sources/ai_generated/Midjourney_TopUp/dalle_topup_000171.jpg,data_sources/ai_generated/Midjourney_TopUp,ai_generated,1080,1080,1.0,JPEG,149736,0d9f966bd768e5d90bc48cb44e19e07b,51f00aa2bd9ef5632cca41d488e5c8fb54e90e1709064e4a88cd09ce53d87e99,1.0,d01b633926e5cd36,ok,93.45421425308736,True,True,cluster_00385,test,/home/dheirav/Code/Deepfake_Detection/deepfake-project/dataset_builder/test/ai_generated/dalle_topup_000171.jpg
data_sources/ai_generated/Midjourney_TopUp/dalle_topup_000173.jpg,data_sources/ai_generated/Midjourney_TopUp,ai_generated,1025,1280,0.8008,JPEG,668405,389e66aa8037e9dfd5855fa4912cf0d7,402975ce53acf49306f0f514b2cfabaf1404ad7193b2e31eb8644a9ad529f7f8,1.0,b4c3cbe160dc474d,ok,3610.4713089939946,True,True,cluster_00362,test,/home/dheirav/Code/Deepfake_Detection/deepfake-project/dataset_builder/test/ai_generated/dalle_topup_000173.jpg
data_sources/ai_generated/Midjourney_TopUp/dalle_topup_000181.jpg,data_sources/ai_generated/Midjourney_TopUp,ai_generated,449,449,1.0,JPEG,88489,3cf9b184d36dedee327a5ab6911dfe3b,ec6b03117d1675e1a13ad325e7ae6b01acd0a96ffea8d89ce88b7e5c1e2b94ce,1.0,c5b5a46979ec6c90,ok,1762.4472147626173,True,True,cluster_00972,test,/home/dheirav/Code/Deepfake_Detection/deepfake-project/dataset_builder/test/ai_generated/dalle_topup_000181.jpg
data_sources/ai_generated/Midjourney_TopUp/dalle_topup_000183.jpg,data_sources/ai_generated/Midjourney_TopUp,ai_generated,449,449,1.0,JPEG,85642,3db64c5984362594c68088e59d6fb974,7d6ee3f64490a3c348357db08cda58ded05da0a7f499c1b723cdcbeaf5dde56b,1.0,c4f39b908dcf2c8c,ok,1874.3793642408343,True,True,cluster_00973,test,/home/dheirav/Code/Deepfake_Detection/deepfake-project/dataset_builder/test/ai_generated/dalle_topup_000183.jpg
data_sources/ai_generated/Midjourney_TopUp/dalle_topup_000185.jpg,data_sources/ai_generated/Midjourney_TopUp,ai_generated,1024,1024,1.0,JPEG,71259,ac9143f2efe08d96d3bbc8dabddc6086,077fc24f8e8270eda8fb5b11863eec1128df076755a927304b26316ffe408bb3,1.0,e6999966cc9326cc,ok,535.4815235006972,True,True,cluster_00711,test,/home/dheirav/Code/Deepfake_Detection/deepfake-project/dataset_builder/test/ai_generated/dalle_topup_000185.jpg
data_sources/ai_generated/Midjourney_TopUp/dalle_topup_000193.jpg,data_sources/ai_generated/Midjourney_TopUp,ai_generated,853,1280,0.6664,JPEG,210635,14b608a06b2ef4142e039accbc7437d6,088d9b49addbc2093d42f002d670bc59542a38749ebee0c7ccd06d862bd303f8,1.0,c61963e61869e73c,ok,885.5441148791225,True,True,cluster_00443,test,/home/dheirav/Code/Deepfake_Detection/deepfake-project/dataset_builder/test/ai_generated/dalle_topup_000193.jpg
data_sources/ai_generated/Midjourney_TopUp/dalle_topup_000203.jpg,data_sources/ai_generated/Midjourney_TopUp,ai_generated,1280,717,1.7852,JPEG,159959,dca711d21b4aa6a0e06f270525ab734c,2ff63c9c36e0ebe04eb3732f5868058ba6611d2e6cd804660c198f98c3e398fe,1.0,869d0342c32f7be5,ok,139.65286451401698,True,True,cluster_00857,test,/home/dheirav/Code/Deepfake_Detection/deepfake-project/dataset_builder/test/ai_generated/dalle_topup_000203.jpg
data_sources/ai_generated/Midjourney_TopUp/dalle_topup_000221.jpg,data_sources/ai_generated/Midjourney_TopUp,ai_generated,720,1280,0.5625,JPEG,184020,7b6fb4ce117f9c8f2c1a9580a7492aab,25c18956a8e9aec74315a412b39772cc31bd59e165d786da53cc6e700fe1f8eb,1.0,95944bea99f51466,ok,108.23849955630715,True,True,cluster_00812,test,/home/dheirav/Code/Deepfake_Detection/deepfake-project/dataset_builder/test/ai_generated/dalle_topup_000221.jpg
data_sources/ai_generated/Midjourney_TopUp/dalle_topup_000225.jpg,data_sources/ai_generated/Midjourney_TopUp,ai_generated,1280,717,1.7852,JPEG,128513,5bebad5b609c3b3dd7c4cbe462de502a,599c9e445145a831b68d422406b3cac5783545015b4885f163407318f66d6ed6,1.0,e75e55350923d83c,ok,218.8444157493989,True,True,cluster_00859,test,/home/dheirav/Code/Deepfake_Detection/deepfake-project/dataset_builder/test/ai_generated/dalle_topup_000225.jpg
data_sources/ai_generated/Midjourney_TopUp/dalle_topup_000227.jpg,data_sources/ai_generated/Midjourney_TopUp,ai_generated,1024,1024,1.0,JPEG,225299,facb4a2c12a326399b1bb66c6ce18011,2223d2802b4b0f546d40582f46044e06956afeea8d74396fcf14e7c89a8e9510,1.0,b9e09633cdd80e4e,ok,80.55998798901783,True,True,cluster_00640,test,/home/dheirav/Code/Deepfake_Detection/deepfake-project/dataset_builder/test/ai_generated/dalle_topup_000227.jpg
data_sources/ai_generated/Midjourney_TopUp/dalle_topup_000234.jpg,data_sources/ai_generated/Midjourney_TopUp,ai_generated,1024,1024,1.0,JPEG,345313,2a92e53ac6a1e8986203b28c9771a4a0,c85f5e9644d383e1d96012dbba48ab3c6a3a9276f7b6c6877663c32481e5d80b,1.0,c9393bee62902d99,ok,363.98100407322636,True,True,cluster_00509,test,/home/dheirav/Code/Deepfake_Detection/deepfake-project/dataset_builder/test/ai_generated/dalle_topup_000234.jpg
data_sources/ai_generated/Midjourney_TopUp/dalle_topup_000239.jpg,data_sources/ai_generated/Midjourney_TopUp,ai_generated,416,520,0.8,JPEG,33990,31e2b290f3c9d1dc934e06fce791aaee,fccaf1a94651fd910f5d0a81e11a2c6f67817a089397cd21d008008c935dee57,1.0,90cd6e536d34326b,ok,116.3080667481503,True,True,cluster_00962,test,/home/dheirav/Code/Deepfake_Detection/deepfake-project/dataset_builder/test/ai_generated/dalle_topup_000239.jpg
data_sources/ai_generated/Midjourney_TopUp/dalle_topup_000260.jpg,data_sources/ai_generated/Midjourney_TopUp,ai_generated,816,804,1.0149,JPEG,144136,b0a79b26ffa14f5a7f3d015c100cfce1,39aa1b0e11f5ab0f327c8e586c024f7f3bf27ed4d2cb4e28bba80bc69f032741,1.0,85963a3d3139da63,ok,387.9166380397772,True,True,cluster_00889,test,/home/dheirav/Code/Deepfake_Detection/deepfake-project/dataset_builder/test/ai_generated/dalle_topup_000260.jpg
data_sources/ai_generated/Midjourney_TopUp/dalle_topup_000261.jpg,data_sources/ai_generated/Midjourney_TopUp,ai_generated,520,512,1.0156,JPEG,53874,a3eda16208070e2b4e8751ad6f1452af,cfe2db890e965f25f8d3ffdbb1a6358b483ffc5e7d936c8688d9dd758c3301b6,1.0,85963a3d3339ca63,ok,319.74131430699276,True,True,cluster_00953,test,/home/dheirav/Code/Deepfake_Detection/deepfake-project/dataset_builder/test/ai_generated/dalle_topup_000261.jpg
data_sources/ai_generated/Midjourney_TopUp/dalle_topup_000276.jpg,data_sources/ai_generated/Midjourney_TopUp,ai_generated,717,1280,0.5602,JPEG,178787,e7a8146a1735ace3e1d5496266a9d9eb,7526113c24b19498b9c63aa017e184509cf28b2573d72a344fa4cec3724d618f,1.0,e0c2e5cb9c999696,ok,207.646855453704,True,True,cluster_00851,test,/home/dheirav/Code/Deepfake_Detection/deepfake-project/dataset_builder/test/ai_generated/dalle_topup_000276.jpg
data_sources/ai_generated/Midjourney_TopUp/dalle_topup_000280.jpg,data_sources/ai_generated/Midjourney_TopUp,ai_generated,1024,1022,1.002,JPEG,222097,e4dee3add411fbebe865b778dcfcc9ea,1f78c8f8ec7d408cee37d27411b815f2c7a0914982ca8e399f6f7e8efa81f320,1.0,bf60c3ccd1ca9287,ok,244.89228572796372,True,True,cluster_00719,test,/home/dheirav/Code/Deepfake_Detection/deepfake-project/dataset_builder/test/ai_generated/dalle_topup_000280.jpg
data_sources/ai_generated/Midjourney_TopUp/dalle_topup_000289.jpg,data_sources/ai_generated/Midjourney_TopUp,ai_generated,1280,717,1.7852,JPEG,210556,3a62ed93082dfe7b5a82d8aa99835796,12be34179d7458a141e9ddaa9c13db4a56a8da9b0f8a9a14068155444f0a114d,1.0,82945bd863bd9f42,ok,117.42537285592051,True,True,cluster_00846,test,/home/dheirav/Code/Deepfake_Detection/deepfake-project/dataset_builder/test/ai_generated/dalle_topup_000289.jpg
data_sources/ai_generated/Midjourney_TopUp/dalle_topup_000291.jpg,data_sources/ai_generated/Midjourney_TopUp,ai_generated,1024,1024,1.0,JPEG,260896,0a9742020e6c1b6354ee2b446b6f1e26,266c54a2ad498378193536dede26eab2b65a609021e40444a4b84128009c3b29,1.0,96b6d9d8f0586d48,ok,126.31600731173147,True,True,cluster_00587,test,/home/dheirav/Code/Deepfake_Detection/deepfake-project/dataset_builder/test/ai_generated/dalle_topup_000291.jpg
data_sources/ai_generated/Midjourney_TopUp/dalle_topup_000293.jpg,data_sources/ai_generated/Midjourney_TopUp,ai_generated,1280,717,1.7852,JPEG,249750,c2c4499d187a656ca1fce8f5b213b263,cef721460b7661444ac58e8161bfe389760693f2a8c098bc944f67b58052bba1,1.0,84fe56a56153a34d,ok,163.2782126440334,True,True,cluster_00834,test,/home/dheirav/Code/Deepfake_Detection/deepfake-project/dataset_builder/test/ai_generated/dalle_topup_000293.jpg
data_sources/ai_generated/Midjourney_TopUp/dalle_topup_000303.jpg,data_sources/ai_generated/Midjourney_TopUp,ai_generated,1280,1280,1.0,JPEG,186386,41605c57b886100fb8e3c8ca32148fcd,bd3fcc6256561b9fee3ce1d1e505c5a1acbee45970803b3574ac584f668e9c62,1.0,9d5ce66659b158e0,ok,150.6377703852322,True,True,cluster_00035,test,/home/dheirav/Code/Deepfake_Detection/deepfake-project/dataset_builder/test/ai_generated/dalle_topup_000303.jpg
data_sources/ai_generated/Midjourney_TopUp/dalle_topup_000315.jpg,data_sources/ai_generated/Midjourney_TopUp,ai_generated,1280,1280,1.0,JPEG,367448,6258e0e667e81ab5f2c027a80df7f2c3,c6f0be0c586de98355b440ceb2505955ef20c355b0ae4f54e9222ae4284e281b,1.0,cccc49cc376399d8,ok,653.4795410021767,True,True,cluster_00031,test,/home/dheirav/Code/Deepfake_Detection/deepfake-project/dataset_builder/test/ai_generated/dalle_topup_000315.jpg
data_sources/ai_generated/Midjourney_TopUp/dalle_topup_000319.jpg,data_sources/ai_generated/Midjourney_TopUp,ai_generated,1280,1280,1.0,JPEG,517499,370e6a4ad7bf1721ff1f3d96e3ea70c9,cc2e561430a88c2eada97eff3bd3020865fb620a69821e0df59736388274915c,1.0,939a1b1ac3c774a5,ok,795.6767049294409,True,True,cluster_00028,test,/home/dheirav/Code/Deepfake_Detection/deepfake-project/dataset_builder/test/ai_generated/dalle_topup_000319.jpg
data_sources/ai_generated/Midjourney_TopUp/dalle_topup_000327.jpg,data_sources/ai_generated/Midjourney_TopUp,ai_generated,1024,1024,1.0,JPEG,161093,9af86982fc0c6ded358ea123826605ee,e3e1941b48b1f85dd93a12cbf47660868d8e527b46d26d344ecca8cfea77eedb,1.0,e0969a6c8d6b36b1,ok,288.9781207954511,True,True,cluster_00700,test,/home/dheirav/Code/Deepfake_Detection/deepfake-project/dataset_builder/test/ai_generated/dalle_topup_000327.jpg
data_sources/ai_generated/Midjourney_TopUp/dalle_topup_000333.jpg,data_sources/ai_generated/Midjourney_TopUp,ai_generated,1280,717,1.7852,JPEG,212835,bcfc5e4b4ee5b7698a6f5314f948db45,3fb4f3c87bdce0b07a5fe3d4ae14dbe72fc14c8c32e54b021d4ea77211fa4236,1.0,a5fa5aa19e562329,ok,191.72713563304987,True,True,cluster_00844,test,/home/dheirav/Code/Deepfake_Detection/deepfake-project/dataset_builder/test/ai_generated/dalle_topup_000333.jpg
data_sources/ai_generated/Midjourney_TopUp/dalle_topup_000343.jpg,data_sources/ai_generated/Midjourney_TopUp,ai_generated,1004,1022,0.9824,JPEG,369952,2c8e7f18d3d283a1f81902a38e8d2d4a,28803170480fb9e32b0302d65b7db40f8132a110d7a788e140eafcc66cb82576,1.0,d1cb0e3c38b333a5,ok,1464.5505868984906,True,True,cluster_00788,test,/home/dheirav/Code/Deepfake_Detection/deepfake-project/dataset_builder/test/ai_generated/dalle_topup_000343.jpg
data_sources/ai_generated/Midjourney_TopUp/dalle_topup_000345.jpg,data_sources/ai_generated/Midjourney_TopUp,ai_generated,762,1280,0.5953,JPEG,366576,66031c8e8a467db59830a7d9d77f541b,444aaf32138a4ec27b9148c3b99b2878ed8bdd70ec7ba8b2e8a1f2d57a484e31,1.0,ef87a47cd061c899,ok,1721.470598100003,True,True,cluster_00800,test,/home/dheirav/Code/Deepfake_Detection/deepfake-project/dataset_builder/test/ai_generated/dalle_topup_000345.jpg
data_sources/ai_generated/Midjourney_TopUp/dalle_topup_000352.jpg,data_sources/ai_generated/Midjourney_TopUp,ai_generated,1024,1024,1.0,JPEG,225623,1f70956ba979f7b5e9159a7b0fcbe3d2,83c66fa30f714daeb04e60ecd497531d21b13ac542726dc3c2158c1db593e62e,1.0,a587899ad8c978b9,ok,354.28853882828014,True,True,cluster_00639,test,/home/dheirav/Code/Deepfake_Detection/deepfake-project/dataset_builder/test/ai_generated/dalle_topup_000352.jpg
data_sources/ai_generated/Midjourney_TopUp/dalle_topup_000355.jpg,data_sources/ai_generated/Midjourney_TopUp,ai_generated,520,292,1.7808,JPEG,36689,82d75500096487e8b42b18141d51dc08,0bc64eff8e02bf7145425d68c814847551aceef316fd15809684f3bbb102182a,1.0,d1cd1c3c676706c3,ok,106.52915901974765,True,True,cluster_01078,test,/home/dheirav/Code/Deepfake_Detection/deepfake-project/dataset_builder/test/ai_generated/dalle_topup_000355.jpg
data_sources/ai_generated/Midjourney_TopUp/dalle_topup_000366.jpg,data_sources/ai_generated/Midjourney_TopUp,ai_generated,1080,1110,0.973,JPEG,223853,aa64b733d6cf93b7d44b81ebd89040d0,1c904d358a7a573b37811fbef39908d437d0f4f769d21cb7a4e7cff7f21da01c,1.0,a9cb50209fde26e5,ok,140.36216546447943,True,True,cluster_00378,test,/home/dheirav/Code/Deepfake_Detection/deepfake-project/dataset_builder/test/ai_generated/dalle_topup_000366.jpg
data_sources/ai_generated/Midjourney_TopUp/dalle_topup_000378.jpg,data_sources/ai_generated/Midjourney_TopUp,ai_generated,640,1280,0.5,JPEG,243002,c1f3f36c47f38c7eb6fbc2b8ed35c2b5,fafefb869692fe58baca6ac193482ee13b75479915d12c9c38b1979baee42bd3,1.0,d18502de3f39a935,ok,1432.4650719245897,True,True,cluster_00882,test,/home/dheirav/Code/Deepfake_Detection/deepfake-project/dataset_builder/test/ai_generated/dalle_topup_000378.jpg
data_sources/ai_generated/Midjourney_TopUp/dalle_topup_000384.jpg,data_sources/ai_generated/Midjourney_TopUp,ai_generated,960,1264,0.7595,JPEG,409260,14f40ffcbd3a6d15ea02ea3dd2437993,4ce0c9e7b03621eb4aa825d40e797e2f7405b465bf197b066efb41dc4f5a2eda,1.0,c0d97d1b623612cf,ok,3718.3442013910812,True,True,cluster_00376,test,/home/dheirav/Code/Deepfake_Detection/deepfake-project/dataset_builder/test/ai_generated/dalle_topup_000384.jpg
data_sources/ai_generated/Midjourney_TopUp/dalle_topup_000392.jpg,data_sources/ai_generated/Midjourney_TopUp,ai_generated,853,1280,0.6664,JPEG,313032,cbcf8eaa463db94e219dd0620309a4d2,0555988ffcc51717443c502590d2f6f3975546ee9a84f8cc0bba9efceb510197,1.0,9999bc75c2704dc9,ok,444.51230661375445,True,True,cluster_00429,test,/home/dheirav/Code/Deepfake_Detection/deepfake-project/dataset_builder/test/ai_generated/dalle_topup_000392.jpg
data_sources/ai_generated/Midjourney_TopUp/dalle_topup_000394.jpg,data_sources/ai_generated/Midjourney_TopUp,ai_generated,1056,1086,0.9724,JPEG,511517,b69bb4a1268d550fe7dda29a5939c175,87decdfaa4adb9f5997b4a3fb3a523b34b14d264d614aef2452f185d819d4275,1.0,87dc197c61b3222f,ok,3322.212982407511,True,True,cluster_00398,test,/home/dheirav/Code/Deepfake_Detection/deepfake-project/dataset_builder/test/ai_generated/dalle_topup_000394.jpg
data_sources/ai_generated/Midjourney_TopUp/dalle_topup_000400.jpg,data_sources/ai_generated/Midjourney_TopUp,ai_generated,1024,1024,1.0,JPEG,242868,4254575172042c960a7114a3c92fec47,d653692d589cbb38ff2f58e5c37df7588b1cc94dfffa0ebcca158ac43fe01867,1.0,85c5d670f17e26c8,ok,609.947753774919,True,True,cluster_00617,test,/home/dheirav/Code/Deepfake_Detection/deepfake-project/dataset_builder/test/ai_generated/dalle_topup_000400.jpg
data_sources/ai_generated/Midjourney_TopUp/dalle_topup_000404.jpg,data_sources/ai_generated/Midjourney_TopUp,ai_generated,1280,709,1.8054,JPEG,145486,47088ab9228eeb701655bbe495b26a9f,aaf9e737a80a79296077ed252c1861b2c74ee69d487658da698e0c58535294e2,1.0,93930b2e66d4d61d,ok,105.48986411764416,True,True,cluster_00869,test,/home/dheirav/Code/Deepfake_Detection/deepfake-project/dataset_builder/test/ai_generated/dalle_topup_000404.jpg
data_sources/ai_generated/Midjourney_TopUp/dalle_topup_000407.jpg,data_sources/ai_generated/Midjourney_TopUp,ai_generated,520,292,1.7808,JPEG,35612,a43bb049baf1f9b22c34b098f73ac506,834d5f6640ba5c41b6931c4beeca3988530fcb2da468f3ae65699ac4a445ce47,1.0,c4d4323b39ad8e8e,ok,207.27426299731894,True,True,cluster_01079,test,/home/dheirav/Code/Deepfake_Detection/deepfake-project/dataset_builder/test/ai_generated/dalle_topup_000407.jpg
data_sources/ai_generated/Midjourney_TopUp/dalle_topup_000408.jpg,data_sources/ai_generated/Midjourney_TopUp,ai_generated,1024,1024,1.0,JPEG,339316,aaf0fd9c6d47c1b270ab279fa45a6546,aafdb0642fbbe313c520880ea53a93df8870bf97b141f461ee596b58f131b130,1.0,8d994ed845663c67,ok,1637.7763766064957,True,True,cluster_00511,test,/home/dheirav/Code/Deepfake_Detection/deepfake-project/dataset_builder/test/ai_generated/dalle_topup_000408.jpg
data_sources/ai_generated/Midjourney_TopUp/dalle_topup_000412.jpg,data_sources/ai_generated/Midjourney_TopUp,ai_generated,717,1280,0.5602,JPEG,124556,daede009ebf38f841f2c6aa11f4672fd,5f3030e7a38308a779dda34a303639ee11b3761a7ea56204d91b8b412a6686e7,1.0,cd8c6c32b33b0b3a,ok,85.19722361861206,True,True,cluster_00861,test,/home/dheirav/Code/Deepfake_Detection/deepfake-project/dataset_builder/test/ai_generated/dalle_topup_000412.jpg
data_sources/ai_generated/Midjourney_TopUp/dalle_topup_000414.jpg,data_sources/ai_generated/Midjourney_TopUp,ai_generated,1024,1280,0.8,JPEG,416076,16ced8ad51e2852e750ca923c29960cb,e6424d3bab5e2dd59c257991823a9eceec2be7f29d60de70c310e0af19c98db5,1.0,99e6605929e6e687,ok,1238.143230710642,True,True,cluster_00364,test,/home/dheirav/Code/Deepfake_Detection/deepfake-project/dataset_builder/test/ai_generated/dalle_topup_000414.jpg
data_sources/ai_generated/Midjourney_TopUp/dalle_topup_000416.jpg,data_sources/ai_generated/Midjourney_TopUp,ai_generated,1024,1024,1.0,JPEG,360672,6734489201c6e951b8ca2d8428554004,4dfaeacc2ba50c9d442b1a38e7b3aacdae9f3aa9aa460985dfffc73494574afc,1.0,fcfc8303c707384d,ok,1654.629028288633,True,True,cluster_00503,test,/home/dheirav/Code/Deepfake_Detection/deepfake-project/dataset_builder/test/ai_generated/dalle_topup_000416.jpg
data_sources/ai_generated/Midjourney_TopUp/dalle_topup_000418.jpg,data_sources/ai_generated/Midjourney_TopUp,ai_generated,1280,717,1.7852,JPEG,324743,5241d0d11a9057a61a1960b10f08652e,d0cb9628e5f91cb6ee830165c0784aba4b3d9f2d3f210da4ed56c6dee1486a72,1.0,94b1297b7f0b0786,ok,618.9287857204941,True,True,cluster_00821,test,/home/dheirav/Code/Deepfake_Detection/deepfake-project/dataset_builder/test/ai_generated/dalle_topup_000418.jpg
data_sources/ai_generated/Midjourney_TopUp/dalle_topup_000420.jpg,data_sources/ai_generated/Midjourney_TopUp,ai_generated,1024,1024,1.0,JPEG,313791,c543357e872de6ec6d48579066c544fb,7778517c6e90d1eef870c98d50f6d1da920fb7aac6789b755ae6ae243147544b,1.0,c2d9c1f477943c94,ok,1499.5083625915272,True,True,cluster_00525,test,/home/dheirav/Code/Deepfake_Detection/deepfake-project/dataset_builder/test/ai_generated/dalle_topup_000420.jpg
data_sources/ai_generated/Midjourney_TopUp/dalle_topup_000430.jpg,data_sources/ai_generated/Midjourney_TopUp,ai_generated,997,1023,0.9746,JPEG,268474,fc63543a22fce3aef270f3de70c8b3ab,e6c879a4a36e8f5243e4ba0c66d83315fed75a618e652e1ef7951344e22fed8e,1.0,99d32e1c4e66b1a5,ok,1203.942680083202,True,True,cluster_00795,test,/home/dheirav/Code/Deepfake_Detection/deepfake-project/dataset_builder/test/ai_generated/dalle_topup_000430.jpg
data_sources/ai_generated/Midjourney_TopUp/dalle_topup_000431.jpg,data_sources/ai_generated/Midjourney_TopUp,ai_generated,506,520,0.9731,JPEG,56127,ae4636a3d1d45f4a3b802eb137ecf18f,b02917f691343876038e79ae52109353bb21c4122cb2cea46087c4013a1f5634,1.0,99d32e1e4e66b0a5,ok,225.32814936237182,True,True,cluster_00957,test,/home/dheirav/Code/Deepfake_Detection/deepfake-project/dataset_builder/test/ai_generated/dalle_topup_000431.jpg
data_sources/ai_generated/Midjourney_TopUp/dalle_topup_000436.jpg,data_sources/ai_generated/Midjourney_TopUp,ai_generated,1026,1280,0.8016,JPEG,317306,6625baf9c065bc68022b843e35c977c5,07ef379978010fbdfd7638a242baa65feaeb90fd4b4fa5283e0417cb51f47e95,1.0,e6919266c96a8e3b,ok,313.51495110290955,True,True,cluster_00361,test,/home/dheirav/Code/Deepfake_Detection/deepfake-project/dataset_builder/test/ai_generated/dalle_topup_000436.jpg
data_sources/ai_generated/Midjourney_TopUp/dalle_topup_000438.jpg,data_sources/ai_generated/Midjourney_TopUp,ai_generated,1080,1080,1.0,JPEG,288584,8d25c8c29d55885c285c9345dccf0b69,701937b3f49367117637ff66a1174cbaff0705ccd212bc2c8fffa7a281c8bbe2,1.0,c3343e4761c83d6d,ok,405.2688684696861,True,True,cluster_00382,test,/home/dheirav/Code/Deepfake_Detection/deepfake-project/dataset_builder/test/ai_generated/dalle_topup_000438.jpg
data_sources/ai_generated/Midjourney_TopUp/dalle_topup_000446.jpg,data_sources/ai_generated/Midjourney_TopUp,ai_generated,1014,1014,1.0,JPEG,237432,89891fc05ebc62ab947afc3c25adf3d5,69b6e03ec1ea84267f81811ed8cc7957f689fc31e30927e56a59546316bc27d0,1.0,8adc34396e565b29,ok,498.0758871389423,True,True,cluster_00784,test,/home/dheirav/Code/Deepfake_Detection/deepfake-project/dataset_builder/test/ai_generated/dalle_topup_000446.jpg
data_sources/ai_generated/Midjourney_TopUp/dalle_topup_000452.jpg,data_sources/ai_generated/Midjourney_TopUp,ai_generated,1019,1000,1.019,JPEG,279150,8d5807f2747c11f5228f39534e65481f,2fea407dd23ff8b7fa09827dfb71c8b55dccaaa51c3fa931db72cc9138d7807b,1.0,cd7333994ca632cc,ok,519.9697330764454,True,True,cluster_00797,test,/home/dheirav/Code/Deepfake_Detection/deepfake-project/dataset_builder/test/ai_generated/dalle_topup_000452.jpg
data_sources/ai_generated/Midjourney_TopUp/dalle_topup_000456.jpg,data_sources/ai_generated/Midjourney_TopUp,ai_generated,520,520,1.0,JPEG,65572,dc2a7e87700abd951a79647478f1a50b,1409277e169de9aa122a932ffed3c6b1da19ebb34c68726de983424c7995e84a,1.0,f3c74ebd5e468018,ok,381.4864529930319,True,True,cluster_00918,test,/home/dheirav/Code/Deepfake_Detection/deepfake-project/dataset_builder/test/ai_generated/dalle_topup_000456.jpg
data_sources/ai_generated/Midjourney_TopUp/dalle_topup_000461.jpg,data_sources/ai_generated/Midjourney_TopUp,ai_generated,1013,1013,1.0,JPEG,307858,9c15c1612299bfea288cb35b2c9bd859,1c87d640979256bb45cc555cd25cc1b39e372375b91369cf78d9a886383fa76f,1.0,b1a54754d90e6f4a,ok,975.3343708486042,True,True,cluster_00787,test,/home/dheirav/Code/Deepfake_Detection/deepfake-project/dataset_builder/test/ai_generated/dalle_topup_000461.jpg
data_sources/ai_generated/Midjourney_TopUp/dalle_topup_000463.jpg,data_sources/ai_generated/Midjourney_TopUp,ai_generated,1022,1016,1.0059,JPEG,323424,fbdc8f8498363ee03acdf8c435ae7848,a62faab7bbd7b0f88b7a0efe4bccb75f8ecc9ba03da471f80c3e34cff852862f,1.0,969b69267a683569,ok,1399.1687048296674,True,True,cluster_00753,test,/home/dheirav/Code/Deepfake_Detection/deepfake-project/dataset_builder/test/ai_generated/dalle_topup_000463.jpg
data_sources/ai_generated/Midjourney_TopUp/dalle_topup_000465.jpg,data_sources/ai_generated/Midjourney_TopUp,ai_generated,1008,1016,0.9921,JPEG,400536,238488341fa2ffd4c2fd16f656a99b04,c9d77614fde2af4d11812947ead0eb937beb3d96f77e62aa62a4614170f914e2,1.0,84b349a492db9cde,ok,909.1360688250546,True,True,cluster_00790,test,/home/dheirav/Code/Deepfake_Detection/deepfake-project/dataset_builder/test/ai_generated/dalle_topup_000465.jpg
data_sources/ai_generated/Midjourney_TopUp/dalle_topup_000473.jpg,data_sources/ai_generated/Midjourney_TopUp,ai_generated,928,1232,0.7532,JPEG,307577,2a5a0c150a93bee40963c04fd60f6894,e867f5b62c16303055894dc9797d283e158684352109db02d5fb19ca51ae6984,1.0,a3a7287b4ac4fd11,ok,1837.5781382508599,True,True,cluster_00405,test,/home/dheirav/Code/Deepfake_Detection/deepfake-project/dataset_builder/test/ai_generated/dalle_topup_000473.jpg
data_sources/ai_generated/Midjourney_TopUp/dalle_topup_000487.jpg,data_sources/ai_generated/Midjourney_TopUp,ai_generated,1024,1024,1.0,JPEG,480800,771e2d969489312f8ed7c92a795cd171,08f13a9f7d8c32974850ac755a91d39951605bb1d4c67d2c83126b9429bc822a,1.0,ea9f81f88746dc60,ok,2565.2283792309736,True,True,cluster_00471,test,/home/dheirav/Code/Deepfake_Detection/deepfake-project/dataset_builder/test/ai_generated/dalle_topup_000487.jpg
data_sources/ai_generated/Midjourney_TopUp/dalle_topup_000489.jpg,data_sources/ai_generated/Midjourney_TopUp,ai_generated,1024,1024,1.0,JPEG,198751,8a5cbbaf2f93cf6f1ff69329c46766e9,3fd4f802107240e34f8d1960210816a6853efdc3e8c4a8532b919611b177beb9,1.0,9a5e267559a37468,ok,676.4358571006078,True,True,cluster_00672,test,/home/dheirav/Code/Deepfake_Detection/deepfake-project/dataset_builder/test/ai_generated/dalle_topup_000489.jpg
data_sources/ai_generated/Midjourney_TopUp/dalle_topup_000502.jpg,data_sources/ai_generated/Midjourney_TopUp,ai_generated,1024,1024,1.0,JPEG,306488,2047b6e0c2b60c6d2f0be8d6f07845f6,2d67da60ca8eb65578fa40dcb65e83fa92b10ac08f9bf8dcb156b60034ac85e1,1.0,c3c92f343ad3c16c,ok,2264.3190278878164,True,True,cluster_00532,test,/home/dheirav/Code/Deepfake_Detection/deepfake-project/dataset_builder/test/ai_generated/dalle_topup_000502.jpg
data_sources/ai_generated/Midjourney_TopUp/dalle_topup_000507.jpg,data_sources/ai_generated/Midjourney_TopUp,ai_generated,520,520,1.0,JPEG,102507,1f578730a5e7cc3aba26ba407afea15c,fdf65149eceb352ec5e9f79d72cf5b65898eebf6d40b1b0c418f861acbcd7064,1.0,918532c1dee3a59d,ok,1387.051286194461,True,True,cluster_00906,test,/home/dheirav/Code/Deepfake_Detection/deepfake-project/dataset_builder/test/ai_generated/dalle_topup_000507.jpg
data_sources/ai_generated/Midjourney_TopUp/dalle_topup_000514.jpg,data_sources/ai_generated/Midjourney_TopUp,ai_generated,1024,1024,1.0,JPEG,238566,408ef99ed7b21f839ef3a8af684cc544,fc65330908b8812521983d09f0fc73cb213db14ae09e15c644a0e96b476e4c15,1.0,9a8c6cc27139793b,ok,1582.1033944614965,True,True,cluster_00626,test,/home/dheirav/Code/Deepfake_Detection/deepfake-project/dataset_builder/test/ai_generated/dalle_topup_000514.jpg
data_sources/ai_generated/Midjourney_TopUp/dalle_topup_000516.jpg,data_sources/ai_generated/Midjourney_TopUp,ai_generated,720,1280,0.5625,JPEG,236877,c557a0d8d948efcb64e2a359259ea7f5,98337449e6d0468d8e4949733a16398009aaff283f494b3a40d3e97fbb37085e,1.0,c994e61b8e4d3c63,ok,803.4691751766205,True,True,cluster_00806,test,/home/dheirav/Code/Deepfake_Detection/deepfake-project/dataset_builder/test/ai_generated/dalle_topup_000516.jpg
data_sources/ai_generated/Midjourney_TopUp/dalle_topup_000533.jpg,data_sources/ai_generated/Midjourney_TopUp,ai_generated,1024,1024,1.0,JPEG,260808,597ac3c924be08faed9e92efdb3e1038,797d7c76c5340b109cfeacf99c4273440af4611179e8cf0de59bffd7e58a727f,1.0,96c3cb3d189c4bb4,ok,502.44056034040017,True,True,cluster_00588,test,/home/dheirav/Code/Deepfake_Detection/deepfake-project/dataset_builder/test/ai_generated/dalle_topup_000533.jpg
data_sources/ai_generated/Midjourney_TopUp/dalle_topup_000539.jpg,data_sources/ai_generated/Midjourney_TopUp,ai_generated,852,1280,0.6656,JPEG,288469,74b13b745752983d4e9ad331930c2512,9dcc013642935e99bf95d62d4b4b2033d6fdb7ac48cf20e00f320625ace34550,1.0,9d9594a552dacbc2,ok,291.0030342056268,True,True,cluster_00446,test,/home/dheirav/Code/Deepfake_Detection/deepfake-project/dataset_builder/test/ai_generated/dalle_topup_000539.jpg
data_sources/ai_generated/Midjourney_TopUp/dalle_topup_000541.jpg,data_sources/ai_generated/Midjourney_TopUp,ai_generated,853,1280,0.6664,JPEG,305585,02a6ca6381117c8228538ffbb839b094,3516b2ef63def5bb0b879cd6084ac979310540a6d7a6ca09609f90eeb82d5abd,1.0,e6994bc639a48679,ok,823.3221418908006,True,True,cluster_00432,test,/home/dheirav/Code/Deepfake_Detection/deepfake-project/dataset_builder/test/ai_generated/dalle_topup_000541.jpg
data_sources/ai_generated/Midjourney_TopUp/dalle_topup_000551.jpg,data_sources/ai_generated/Midjourney_TopUp,ai_generated,1024,1024,1.0,JPEG,108604,aec443fea0b4f7c827d5f74b296e3c51,244f038c6e43007314e4c2418710655026311952c15fb173d050e5a0095da974,1.0,f86c85919e96cc1b,ok,548.4949519982911,True,True,cluster_00710,test,/home/dheirav/Code/Deepfake_Detection/deepfake-project/dataset_builder/test/ai_generated/dalle_topup_000551.jpg
data_sources/ai_generated/Midjourney_TopUp/dalle_topup_000557.jpg,data_sources/ai_generated/Midjourney_TopUp,ai_generated,509,767,0.6636,JPEG,71583,5382d7343870e5e8ecbc25a95b56b561,2751036fa1eef52814af50435f25f5b6c339a0a2f1ff20cb44df8a3fc650fd9e,1.0,c491976672fc09e9,ok,80.5680257935277,True,True,cluster_00895,test,/home/dheirav/Code/Deepfake_Detection/deepfake-project/dataset_builder/test/ai_generated/dalle_topup_000557.jpg
data_sources/ai_generated/Midjourney_TopUp/dalle_topup_000563.jpg,data_sources/ai_generated/Midjourney_TopUp,ai_generated,809,1280,0.632,JPEG,292738,383036e409eb18b4fc4055f5a51da820,93fed46e00d5aeecad2b18e7962214771bbc4129fa06b84eda44c1ea05d1e9f0,1.0,cdf562da8c6b3380,ok,182.0802385814049,True,True,cluster_00768,test,/home/dheirav/Code/Deepfake_Detection/deepfake-project/dataset_builder/test/ai_generated/dalle_topup_000563.jpg
data_sources/ai_generated/Midjourney_TopUp/dalle_topup_000570.jpg,data_sources/ai_generated/Midjourney_TopUp,ai_generated,520,520,1.0,JPEG,54868,c18d9ac2c27fc1a171f15412cab48802,db981371b7d42903822aab86014a87400a0ca5570fa2c2aa6daa179c373215bf,1.0,989c277349c663d9,ok,468.63257633988167,True,True,cluster_00925,test,/home/dheirav/Code/Deepfake_Detection/deepfake-project/dataset_builder/test/ai_generated/dalle_topup_000570.jpg
data_sources/ai_generated/Midjourney_TopUp/dalle_topup_000575.jpg,data_sources/ai_generated/Midjourney_TopUp,ai_generated,854,1280,0.6672,JPEG,284919,b61e5fbd019d379270811bc0862390f0,b2be0544c13d70b7056d2dd5ef1e6c7942526d06d98cc06e3a7a563dd8357813,1.0,adf586f2d4884c87,ok,203.90374240114912,True,True,cluster_00412,test,/home/dheirav/Code/Deepfake_Detection/deepfake-project/dataset_builder/test/ai_generated/dalle_topup_000575.jpg
data_sources/ai_generated/Midjourney_TopUp/dalle_topup_000579.jpg,data_sources/ai_generated/Midjourney_TopUp,ai_generated,717,1280,0.5602,JPEG,252234,f51d6a5db1a6f1aa441e947c12615584,a8f8be05d9cb0d4c541d2b10a1e84890ee4604aa642554820de6ce79d8a6c0c9,1.0,99c70633789ea6e4,ok,109.26802322064259,True,True,cluster_00833,test,/home/dheirav/Code/Deepfake_Detection/deepfake-project/dataset_builder/test/ai_generated/dalle_topup_000579.jpg
data_sources/ai_generated/Midjourney_TopUp/dalle_topup_000593.jpg,data_sources/ai_generated/Midjourney_TopUp,ai_generated,1022,1022,1.0,JPEG,192414,4c58f7956361230b6c4172cd36fab875,8ec103cf42e3bb40265ab940861df173e439b656b0657810175b066caf9ec000,1.0,995b66666a969299,ok,638.132417155703,True,True,cluster_00722,test,/home/dheirav/Code/Deepfake_Detection/deepfake-project/dataset_builder/test/ai_generated/dalle_topup_000593.jpg
data_sources/ai_generated/Midjourney_TopUp/dalle_topup_000595.jpg,data_sources/ai_generated/Midjourney_TopUp,ai_generated,1024,1024,1.0,JPEG,249830,aeabfe358b382378d41d88eb7a491daa,c34de9f6753f2c30dfd750704056e9f4839eb4ded919a444e2f8b9947c878646,1.0,9185485e74a5f75a,ok,903.2245797696776,True,True,cluster_00606,test,/home/dheirav/Code/Deepfake_Detection/deepfake-project/dataset_builder/test/ai_generated/dalle_topup_000595.jpg
data_sources/ai_generated/Midjourney_TopUp/dalle_topup_000609.jpg,data_sources/ai_generated/Midjourney_TopUp,ai_generated,1019,1019,1.0,JPEG,210230,21dd3839c3c6b30f0b8a5c555425bdf2,461678fd9231ede04501c9924344ad44090b3a13c1007b7b31499bf048ac702e,1.0,9bc92c9e62716c36,ok,857.6177073731683,True,True,cluster_00751,test,/home/dheirav/Code/Deepfake_Detection/deepfake-project/dataset_builder/test/ai_generated/dalle_topup_000609.jpg
data_sources/ai_generated/Midjourney_TopUp/dalle_topup_000612.jpg,data_sources/ai_generated/Midjourney_TopUp,ai_generated,520,520,1.0,JPEG,54315,83fdbab9b1c2c0d7d0338a23bfbbbd9a,7c68b102e05c3463b2641d2bc66aa548111faf3a29a3a1d8ff01bdedcccc3676,1.0,b2d94ee84b297037,ok,136.28508430386663,True,True,cluster_00926,test,/home/dheirav/Code/Deepfake_Detection/deepfake-project/dataset_builder/test/ai_generated/dalle_topup_000612.jpg
data_sources/ai_generated/Midjourney_TopUp/dalle_topup_000613.jpg,data_sources/ai_generated/Midjourney_TopUp,ai_generated,1080,1080,1.0,JPEG,365603,1770b137c24990ad5246c5552e9200f2,3294f2f23f89c36a857a33a52cf087f6f12e3116e35767e0d79d6539599fd6ad,1.0,c4af395435b92a6a,ok,197.94859975845668,True,True,cluster_00381,test,/home/dheirav/Code/Deepfake_Detection/deepfake-project/dataset_builder/test/ai_generated/dalle_topup_000613.jpg
data_sources/ai_generated/Midjourney_TopUp/dalle_topup_000622.jpg,data_sources/ai_generated/Midjourney_TopUp,ai_generated,520,520,1.0,JPEG,45253,85d19dc3d52825658410696cc6556b34,a723ec6052b00a90c8b3ab8e18addcc618e746f60e59d36860d235e2b8e72e45,1.0,91d94e6f6d346498,ok,186.35414546079826,True,True,cluster_00937,test,/home/dheirav/Code/Deepfake_Detection/deepfake-project/dataset_builder/test/ai_generated/dalle_topup_000622.jpg
data_sources/ai_generated/Midjourney_TopUp/dalle_topup_000627.jpg,data_sources/ai_generated/Midjourney_TopUp,ai_generated,717,1280,0.5602,JPEG,177343,1308d60095145d98907c6b0f8063d9d7,18aa6d7ebb630e94e9e2d392f08d0aeadc2aa4976990bb6bd49605530c92537c,1.0,9ccc6f26b49949e2,ok,123.51726318947658,True,True,cluster_00853,test,/home/dheirav/Code/Deepfake_Detection/deepfake-project/dataset_builder/test/ai_generated/dalle_topup_000627.jpg
data_sources/ai_generated/Midjourney_TopUp/dalle_topup_000633.jpg,data_sources/ai_generated/Midjourney_TopUp,ai_generated,1022,1001,1.021,JPEG,97593,729c6733912950202d2ffca746199fb5,b45e53fe6c3e880b8ff55eefa01944b9fae9a3e6dd38b932b4c3346c40cd44fd,1.0,cc4c4ce04c73bd73,ok,227.71521331553075,True,True,cluster_00791,test,/home/dheirav/Code/Deepfake_Detection/deepfake-project/dataset_builder/test/ai_generated/dalle_topup_000633.jpg
data_sources/ai_generated/Midjourney_TopUp/dalle_topup_000637.jpg,data_sources/ai_generated/Midjourney_TopUp,ai_generated,1025,1020,1.0049,JPEG,160217,8ac76ec16228e18e0fdafdb097a28cbe,f67318465c7f29294f6a42b808c5ed584de112600df26811109fdcdcaa25185d,1.0,839eb461ba9461af,ok,266.3286031662567,True,True,cluster_00720,test,/home/dheirav/Code/Deepfake_Detection/deepfake-project/dataset_builder/test/ai_generated/dalle_topup_000637.jpg
data_sources/ai_generated/Midjourney_TopUp/dalle_topup_000641.jpg,data_sources/ai_generated/Midjourney_TopUp,ai_generated,1017,1017,1.0,JPEG,117023,073ed358456cd74691248b63ca56251a,2a66f8ff6d4b5d902d0f794e801b0b4b83bcdf069aaadf8dd63f98f41c8bf290,1.0,e896976393cc9323,ok,216.1269556663056,True,True,cluster_00777,test,/home/dheirav/Code/Deepfake_Detection/deepfake-project/dataset_builder/test/ai_generated/dalle_topup_000641.jpg
data_sources/ai_generated/Midjourney_TopUp/dalle_topup_000647.jpg,data_sources/ai_generated/Midjourney_TopUp,ai_generated,1024,1024,1.0,JPEG,389100,c8276c438175ca7d983a4a1d2c1a6dad,ec9d5bf6513bfa8c38cce494c2fc5a7789dedde990592f31057cbbc116f73d10,1.0,9aba4315fc44873e,ok,2160.226659100255,True,True,cluster_00494,test,/home/dheirav/Code/Deepfake_Detection/deepfake-project/dataset_builder/test/ai_generated/dalle_topup_000647.jpg
data_sources/ai_generated/Midjourney_TopUp/dalle_topup_000651.jpg,data_sources/ai_generated/Midjourney_TopUp,ai_generated,1024,1024,1.0,JPEG,411019,3397aac28133e3a158878ce1061ac9ae,8e34078a54fc2626c71526dfc5b0ab7aff3ee821e4d7a176d5c8cec40877fe30,1.0,c2e37df9018c63b2,ok,1951.3181436284794,True,True,cluster_00488,test,/home/dheirav/Code/Deepfake_Detection/deepfake-project/dataset_builder/test/ai_generated/dalle_topup_000651.jpg
data_sources/ai_generated/Midjourney_TopUp/dalle_topup_000671.jpg,data_sources/ai_generated/Midjourney_TopUp,ai_generated,1023,1023,1.0,JPEG,168910,12683c820795d63a0a9ade11fd9d0435,f59927cedac97b00cc52f0d29ff83e6f0e84012dc16effd1664a96a36507ebb1,1.0,e4cb1b241ab879d9,ok,198.92910461484755,True,True,cluster_00718,test,/home/dheirav/Code/Deepfake_Detection/deepfake-project/dataset_builder/test/ai_generated/dalle_topup_000671.jpg
data_sources/ai_generated/Midjourney_TopUp/dalle_topup_000679.jpg,data_sources/ai_generated/Midjourney_TopUp,ai_generated,717,1280,0.5602,JPEG,329120,1af03143571bf3d2b1fed15ed82dcafa,7b888819739cfd15162e77b70e5a62f8522ac9f6246b999fc991c75a6a0aa3a9,1.0,87c7cb4c1c9e3c89,ok,1152.1727638853508,True,True,cluster_00819,test,/home/dheirav/Code/Deepfake_Detection/deepfake-project/dataset_builder/test/ai_generated/dalle_topup_000679.jpg
data_sources/ai_generated/Midjourney_TopUp/dalle_topup_000685.jpg,data_sources/ai_generated/Midjourney_TopUp,ai_generated,717,1280,0.5602,JPEG,179541,946e54e4fc7cd76f234630c565042076,9afb973aba296c8a2d52cf55745dc236cfabbff64e50fe9d951414eecf2f8d31,1.0,96965b915bb2254b,ok,137.44990012434386,True,True,cluster_00849,test,/home/dheirav/Code/Deepfake_Detection/deepfake-project/dataset_builder/test/ai_generated/dalle_topup_000685.jpg
data_sources/ai_generated/Midjourney_TopUp/dalle_topup_000687.jpg,data_sources/ai_generated/Midjourney_TopUp,ai_generated,1018,1018,1.0,JPEG,360418,f10f0f2d7ea5757cf284bed513996cab,274c689f4d59d371fa2fc66b15dfcbdc44d73d98e999a2a4ebcc69a5f44dc1b2,1.0,ed9bc4f0c3960e98,ok,2221.676017684786,True,True,cluster_00761,test,/home/dheirav/Code/Deepfake_Detection/deepfake-project/dataset_builder/test/ai_generated/dalle_topup_000687.jpg
data_sources/ai_generated/Midjourney_TopUp/dalle_topup_000689.jpg,data_sources/ai_generated/Midjourney_TopUp,ai_generated,1024,1024,1.0,JPEG,448763,c9d02d16596753446d8b9d2bb6d19870,ec1cfc1ae1bd265b74134bcb38ab157f0601c5008eb971a571833ba0d0ce0479,1.0,98d766586f258666,ok,1735.4636470330734,True,True,cluster_00480,test,/home/dheirav/Code/Deepfake_Detection/deepfake-project/dataset_builder/test/ai_generated/dalle_topup_000689.jpg
data_sources/ai_generated/Midjourney_TopUp/dalle_topup_000696.jpg,data_sources/ai_generated/Midjourney_TopUp,ai_generated,334,520,0.6423,JPEG,39413,f216d5cc1006b6344a6b538304d31563,75d8e335f8c35f98ede1a7080fc0726e329013a3769ce4a99931e5376b6f4643,1.0,c95bf1362c3074ec,ok,255.533342923923,True,True,cluster_01033,test,/home/dheirav/Code/Deepfake_Detection/deepfake-project/dataset_builder/test/ai_generated/dalle_topup_000696.jpg
data_sources/ai_generated/Midjourney_TopUp/dalle_topup_000707.jpg,data_sources/ai_generated/Midjourney_TopUp,ai_generated,1077,633,1.7014,JPEG,401514,45fdec7513ef3cf4b7b2c0c5debbbd65,6b62d55b9b177093d53c0e3aa2cbfe87530e77d3896ddd903d53139718ae3fc6,1.0,8d990ba5c66e3e58,ok,5229.814587043404,True,True,cluster_00888,test,/home/dheirav/Code/Deepfake_Detection/deepfake-project/dataset_builder/test/ai_generated/dalle_topup_000707.jpg
data_sources/ai_generated/Midjourney_TopUp/dalle_topup_000709.jpg,data_sources/ai_generated/Midjourney_TopUp,ai_generated,1024,1024,1.0,JPEG,462048,38b09a7a2aa88cfe2634c4466740c062,5f3a043befe09aeb5d00392320cfcca3b4669175a5c8a9b5c513c7b18e4ce307,1.0,95db5bb8b6474484,ok,2514.0545764495682,True,True,cluster_00475,test,/home/dheirav/Code/Deepfake_Detection/deepfake-project/dataset_builder/test/ai_generated/dalle_topup_000709.jpg
data_sources/ai_generated/Midjourney_TopUp/dalle_topup_000715.jpg,data_sources/ai_generated/Midjourney_TopUp,ai_generated,853,1280,0.6664,JPEG,229476,2f3c3d5a4ca548768a42597fe9aa71a9,bb52ba8e1b98dd81b535020fe3053f9c574ccc6dd5bd60e3b86eb62dc82a3074,1.0,ec9b9387d9183629,ok,188.3086127567635,True,True,cluster_00440,test,/home/dheirav/Code/Deepfake_Detection/deepfake-project/dataset_builder/test/ai_generated/dalle_topup_000715.jpg
data_sources/ai_generated/Midjourney_TopUp/dalle_topup_000721.jpg,data_sources/ai_generated/Midjourney_TopUp,ai_generated,1080,1081,0.9991,JPEG,296257,14b39c788130c06670f496503cc16750,28bd52acb94ec16bd0a51cd5a77edeb6cb57f050abd9a5bfb8c9aad43a7a0f9f,1.0,a5669213cb983ccf,ok,147.20591273479823,True,True,cluster_00380,test,/home/dheirav/Code/Deepfake_Detection/deepfake-project/dataset_builder/test/ai_generated/dalle_topup_000721.jpg
data_sources/ai_generated/Midjourney_TopUp/dalle_topup_000733.jpg,data_sources/ai_generated/Midjourney_TopUp,ai_generated,960,1264,0.7595,JPEG,523420,e90ea329bac3f4388fe9a7e2c0b36fdd,a6a8edc88740a8451c0561f7bfe50c6c04378006c77ee925274ca26473df5242,1.0,ac8ba3f270e8cb34,ok,3375.772070422902,True,True,cluster_00375,test,/home/dheirav/Code/Deepfake_Detection/deepfake-project/dataset_builder/test/ai_generated/dalle_topup_000733.jpg
data_sources/ai_generated/Midjourney_TopUp/dalle_topup_000751.jpg,data_sources/ai_generated/Midjourney_TopUp,ai_generated,1024,1024,1.0,JPEG,209646,7bb5102cc743dc75a61c1338ed60b4cc,a5254afd3e77cae2c338593eb7dba4eba9d27820fea6c6911e11b1d125e1247b,1.0,84b1b2c78db8e758,ok,266.7999725277623,True,True,cluster_00658,test,/home/dheirav/Code/Deepfake_Detection/deepfake-project/dataset_builder/test/ai_generated/dalle_topup_000751.jpg
data_sources/ai_generated/Midjourney_TopUp/dalle_topup_000753.jpg,data_sources/ai_generated/Midjourney_TopUp,ai_generated,804,1280,0.6281,JPEG,240618,b95011ae90b2824da9959d0e719382ea,3bce2200ea8c7fef3978eb42764e256cfbe33cef4fb7690838d3656c2d8901c9,1.0,85937a7e092dbc94,ok,418.93520437291073,True,True,cluster_00783,test,/home/dheirav/Code/Deepfake_Detection/deepfake-project/dataset_builder/test/ai_generated/dalle_topup_000753.jpg
data_sources/ai_generated/Midjourney_TopUp/dalle_topup_000759.jpg,data_sources/ai_generated/Midjourney_TopUp,ai_generated,1280,712,1.7978,JPEG,167247,9d2bbbbeab30ba452f8b7423ef68b24f,799d9278fc3272a1cffc6ace3fdd991c61ad1a17883b138c5bace0789d849dc5,1.0,cdcd9616121f31b9,ok,95.68985763189572,True,True,cluster_00867,test,/home/dheirav/Code/Deepfake_Detection/deepfake-project/dataset_builder/test/ai_generated/dalle_topup_000759.jpg
data_sources/ai_generated/Midjourney_TopUp/dalle_topup_000771.jpg,data_sources/ai_generated/Midjourney_TopUp,ai_generated,1232,928,1.3276,JPEG,480432,35f36fae543dba3e018d751fd1a14c50,71e92dd00568c659fd5f440213bb678e49f6325e9181f6e55491d0cf4b0ee86e,1.0,846f4ad13168739f,ok,4358.4457091437525,True,True,cluster_00402,test,/home/dheirav/Code/Deepfake_Detection/deepfake-project/dataset_builder/test/ai_generated/dalle_topup_000771.jpg
data_sources/ai_generated/Midjourney_TopUp/dalle_topup_000781.jpg,data_sources/ai_generated/Midjourney_TopUp,ai_generated,711,1280,0.5555,JPEG,265917,98b3e6fad83e7554ce232cc62c5d4274,442ada81e58d5d5197c50e1eb0ae2a5da57d93aeb07f1f3febd351c18e97dc7f,1.0,c5c16e63332c349f,ok,535.4225676610495,True,True,cluster_00868,test,/home/dheirav/Code/Deepfake_Detection/deepfake-project/dataset_builder/test/ai_generated/dalle_topup_000781.jpg
data_sources/ai_generated/Midjourney_TopUp/dalle_topup_000803.jpg,data_sources/ai_generated/Midjourney_TopUp,ai_generated,346,520,0.6654,JPEG,33916,6c659ec0dd0532236b5e54e2af0307e8,b742f356d5c773bf5abab1bec13aa32fd4d71c9351e172d791f0ca0729e65012,1.0,b8bcc4c3c3974c78,ok,96.82784564383736,True,True,cluster_01031,test,/home/dheirav/Code/Deepfake_Detection/deepfake-project/dataset_builder/test/ai_generated/dalle_topup_000803.jpg
data_sources/ai_generated/Midjourney_TopUp/dalle_topup_000806.jpg,data_sources/ai_generated/Midjourney_TopUp,ai_generated,853,1280,0.6664,JPEG,261712,224204f3e5293cc5ee86d9e0f2f7e649,bbb6e6c90b98579915b7c1a9a721caafc44a259dfc71461b4be16adeb3f144ae,1.0,9549687d6be89925,ok,354.4101706248858,True,True,cluster_00435,test,/home/dheirav/Code/Deepfake_Detection/deepfake-project/dataset_builder/test/ai_generated/dalle_topup_000806.jpg
data_sources/ai_generated/Midjourney_TopUp/dalle_topup_000812.jpg,data_sources/ai_generated/Midjourney_TopUp,ai_generated,1024,1024,1.0,JPEG,313565,25e73e39318b3b0e67cbdc1697aac677,7a42bb252f05f015f95de937b884c1742393538ff78f1015c3c6effa45c44605,1.0,abc954a72b2c627a,ok,560.6350689539092,True,True,cluster_00526,test,/home/dheirav/Code/Deepfake_Detection/deepfake-project/dataset_builder/test/ai_generated/dalle_topup_000812.jpg
data_sources/ai_generated/Midjourney_TopUp/dalle_topup_000819.jpg,data_sources/ai_generated/Midjourney_TopUp,ai_generated,520,520,1.0,JPEG,76504,d0865521438368092b0218cd30118fdb,4548fe34856a77d03aba052ab04fa579150c6b65728e966dc2e8387468527f35,1.0,9eba04233367274f,ok,352.87276222819963,True,True,cluster_00914,test,/home/dheirav/Code/Deepfake_Detection/deepfake-project/dataset_builder/test/ai_generated/dalle_topup_000819.jpg
data_sources/ai_generated/Midjourney_TopUp/dalle_topup_000820.jpg,data_sources/ai_generated/Midjourney_TopUp,ai_generated,1024,1024,1.0,JPEG,353535,6f31442ec6a0bba141e2e5a51f375413,494d8d7a053ff1bd5bd57f997512a17e2e7d27bfb3aa3e7c2b3a98e708533a18,1.0,979548da0fc96956,ok,1988.509585540825,True,True,cluster_00504,test,/home/dheirav/Code/Deepfake_Detection/deepfake-project/dataset_builder/test/ai_generated/dalle_topup_000820.jpg
data_sources/ai_generated/Midjourney_TopUp/dalle_topup_000824.jpg,data_sources/ai_generated/Midjourney_TopUp,ai_generated,1024,1024,1.0,JPEG,250343,7e18588b6d947a70ca3d071d1a34889a,ae5afc1a60be2b0bc8e61f6f78660e49b793615499140fb92c63001b7da7e504,1.0,b3934b4e4e4c5c78,ok,504.07357368426165,True,True,cluster_00605,test,/home/dheirav/Code/Deepfake_Detection/deepfake-project/dataset_builder/test/ai_generated/dalle_topup_000824.jpg
data_sources/ai_generated/Midjourney_TopUp/dalle_topup_000828.jpg,data_sources/ai_generated/Midjourney_TopUp,ai_generated,853,1280,0.6664,JPEG,398463,b50f9568f4d5cbc395a3119c9b20d05f,332f18f5c79210d06b8c103ce9eec7d254a7b7b0c93815f2747fcabc60c8e95b,1.0,916e66919ec8398f,ok,1830.3932029655984,True,True,cluster_00420,test,/home/dheirav/Code/Deepfake_Detection/deepfake-project/dataset_builder/test/ai_generated/dalle_topup_000828.jpg
data_sources/ai_generated/Midjourney_TopUp/dalle_topup_000834.jpg,data_sources/ai_generated/Midjourney_TopUp,ai_generated,928,1232,0.7532,JPEG,391182,638ca8639f565e5ffb24b6e0734f1c9c,47279c3d37376ac6baab65c58b630359d23c4bcab5fae192f1e60f59bb168eb5,1.0,d3ce9ccd6c906634,ok,2194.5636685194386,True,True,cluster_00403,test,/home/dheirav/Code/Deepfake_Detection/deepfake-project/dataset_builder/test/ai_generated/dalle_topup_000834.jpg
data_sources/ai_generated/Midjourney_TopUp/dalle_topup_000840.jpg,data_sources/ai_generated/Midjourney_TopUp,ai_generated,1024,1024,1.0,JPEG,126840,a0bf65e9d1698f8a95efd198c8af81e5,4ae53d1f8b4bd233b8e4d02ca177c223d8e22a4c25476ac6afb594b6ad4356f4,1.0,ebd22c9e6887631a,ok,396.6456778968558,True,True,cluster_00708,test,/home/dheirav/Code/Deepfake_Detection/deepfake-project/dataset_builder/test/ai_generated/dalle_topup_000840.jpg
data_sources/ai_generated/Midjourney_TopUp/dalle_topup_000850.jpg,data_sources/ai_generated/Midjourney_TopUp,ai_generated,717,1280,0.5602,JPEG,308985,49b5742497e7bc5b4c125e5800b5b582,64772b1c4104fb3c53e95d9790118a191e2a166405c2c994083e4cda13b5922f,1.0,dfe660217039f0da,ok,583.508445995448,True,True,cluster_00823,test,/home/dheirav/Code/Deepfake_Detection/deepfake-project/dataset_builder/test/ai_generated/dalle_topup_000850.jpg
data_sources/ai_generated/Midjourney_TopUp/dalle_topup_000870.jpg,data_sources/ai_generated/Midjourney_TopUp,ai_generated,1024,1016,1.0079,JPEG,302778,cc0619b96076bfb79948bb2fa9f0fc70,512eee1b0954dfd5ad9fbe68de82a9ac58131ea97b22b6048ef3bc7613c87815,1.0,91d7ce231c36475a,ok,207.20292293502882,True,True,cluster_00744,test,/home/dheirav/Code/Deepfake_Detection/deepfake-project/dataset_builder/test/ai_generated/dalle_topup_000870.jpg
data_sources/ai_generated/Midjourney_TopUp/dalle_topup_000874.jpg,data_sources/ai_generated/Midjourney_TopUp,ai_generated,960,1200,0.8,JPEG,601461,faf11e7e676d189f00826a5693616c71,5c139280d3c8b2c3819e2bba6da601c52fc15963aa857bfde01369adb949916a,1.0,d886460d7b3463bb,ok,3473.3653535260046,True,True,cluster_00388,test,/home/dheirav/Code/Deepfake_Detection/deepfake-project/dataset_builder/test/ai_generated/dalle_topup_000874.jpg
data_sources/ai_generated/Midjourney_TopUp/dalle_topup_000876.jpg,data_sources/ai_generated/Midjourney_TopUp,ai_generated,1024,1024,1.0,JPEG,344087,a611168487dff260a223a94d4a387ae5,c806726fcd9df63bd7d4bcd6d8cfced610c3ca3831fed6a7466aba6a6412e08d,1.0,8b3b70662eb50597,ok,6290.353924071851,True,True,cluster_00510,test,/home/dheirav/Code/Deepfake_Detection/deepfake-project/dataset_builder/test/ai_generated/dalle_topup_000876.jpg
data_sources/ai_generated/Midjourney_TopUp/dalle_topup_000878.jpg,data_sources/ai_generated/Midjourney_TopUp,ai_generated,1020,1020,1.0,JPEG,221186,aad92ed5bc57f1fe43b5233aa68d2c26,ee0faaf60810e9d6cb67fd203eff5d8f870cf3b03a11b210af195f4ed07668a7,1.0,973c2cc673322dc3,ok,549.6344919579772,True,True,cluster_00739,test,/home/dheirav/Code/Deepfake_Detection/deepfake-project/dataset_builder/test/ai_generated/dalle_topup_000878.jpg
data_sources/ai_generated/Midjourney_TopUp/dalle_topup_000882.jpg,data_sources/ai_generated/Midjourney_TopUp,ai_generated,960,1200,0.8,JPEG,430973,5b5f8b15ce8f5be12905d1cc248d28db,3b1725d168e5f4dfcd773e120211680ea1b3664da293c0f50b8bc7baf9d0950e,1.0,94c46b796d72681b,ok,4184.310732633054,True,True,cluster_00391,test,/home/dheirav/Code/Deepfake_Detection/deepfake-project/dataset_builder/test/ai_generated/dalle_topup_000882.jpg
data_sources/ai_generated/Midjourney_TopUp/dalle_topup_000888.jpg,data_sources/ai_generated/Midjourney_TopUp,ai_generated,828,1280,0.6469,JPEG,271811,d6ad05d2646f4f7263319512c7f51341,b0b2af4c70611c36f71bcd738e98a48fd23593d70dfcdad3fc66de3d5ceb179c,1.0,899fc6b8c94d7164,ok,458.4726265245789,True,True,cluster_00456,test,/home/dheirav/Code/Deepfake_Detection/deepfake-project/dataset_builder/test/ai_generated/dalle_topup_000888.jpg
data_sources/ai_generated/Midjourney_TopUp/dalle_topup_000894.jpg,data_sources/ai_generated/Midjourney_TopUp,ai_generated,640,1280,0.5,JPEG,221664,e4d7395aa83c9e3cd63cd6ca46ba499b,b1e41e1bc4ba639e6f9a2f03a98cb89069693f6c982cf78be02725505c5d5e03,1.0,954d696b181e36e5,ok,1416.73827251458,True,True,cluster_00884,test,/home/dheirav/Code/Deepfake_Detection/deepfake-project/dataset_builder/test/ai_generated/dalle_topup_000894.jpg
data_sources/ai_generated/Midjourney_TopUp/dalle_topup_000902.jpg,data_sources/ai_generated/Midjourney_TopUp,ai_generated,1024,1024,1.0,JPEG,465472,de7706dcdb00b94ba30620523267f8f1,0afa1b5dacf37d3268b5d5c12a26104e02399d9ec4397c382be5d79bba44fb89,1.0,d5cd69cf3bb0120c,ok,1535.0109709641388,True,True,cluster_00473,test,/home/dheirav/Code/Deepfake_Detection/deepfake-project/dataset_builder/test/ai_generated/dalle_topup_000902.jpg
data_sources/ai_generated/Midjourney_TopUp/dalle_topup_000908.jpg,data_sources/ai_generated/Midjourney_TopUp,ai_generated,1280,1280,1.0,JPEG,490520,1fe512ed932b55d35cff0cc951bcb133,3ba12c58959a26e2ff18388bbd0982d66a876ca6f48edb31c5d8862d2e7454f9,1.0,92964928172f773e,ok,537.9492718163843,True,True,cluster_00030,test,/home/dheirav/Code/Deepfake_Detection/deepfake-project/dataset_builder/test/ai_generated/dalle_topup_000908.jpg
data_sources/ai_generated/Midjourney_TopUp/dalle_topup_000914.jpg,data_sources/ai_generated/Midjourney_TopUp,ai_generated,853,1280,0.6664,JPEG,358260,4ac3b4464404dbe8c2bb271770d72039,f999890481882cf5fd7e0a232606310ce9508eef4065a278be5aeb2a69a031a2,1.0,c2ca1b9b3c1d58ce,ok,881.7310161941668,True,True,cluster_00424,test,/home/dheirav/Code/Deepfake_Detection/deepfake-project/dataset_builder/test/ai_generated/dalle_topup_000914.jpg
data_sources/ai_generated/Midjourney_TopUp/dalle_topup_000928.jpg,data_sources/ai_generated/Midjourney_TopUp,ai_generated,1024,1024,1.0,JPEG,393061,9709d1489e3248c7c05f68c0f2d61998,9732420b57583147674c62996923f1463906d9a60ba971333ac67cfbb36ca46e,1.0,84ce4bcf4c1e3e34,ok,2210.4050196189446,True,True,cluster_00492,test,/home/dheirav/Code/Deepfake_Detection/deepfake-project/dataset_builder/test/ai_generated/dalle_topup_000928.jpg
data_sources/ai_generated/Midjourney_TopUp/dalle_topup_000932.jpg,data_sources/ai_generated/Midjourney_TopUp,ai_generated,1021,1021,1.0,JPEG,342451,79b9eaeded442f7464a5682e712785c2,f5e1bee7a612b3bfe253fe3b336c54eb40028c014727cf2f7e3fa0aec98d97b1,1.0,8d8827d35259cbad,ok,844.6769390157598,True,True,cluster_00729,test,/home/dheirav/Code/Deepfake_Detection/deepfake-project/dataset_builder/test/ai_generated/dalle_topup_000932.jpg
data_sources/ai_generated/Midjourney_TopUp/dalle_topup_000936.jpg,data_sources/ai_generated/Midjourney_TopUp,ai_generated,1232,928,1.3276,JPEG,493937,1aa142398a0bf02fc3d3312e90105b4b,c82e40e6a8b88c3bb1d138ba8da7694e371c6b756a68feb7fb164e93a509b1cb,1.0,e1e2e5556cb12c27,ok,2487.9564288412375,True,True,cluster_00401,test,/home/dheirav/Code/Deepfake_Detection/deepfake-project/dataset_builder/test/ai_generated/dalle_topup_000936.jpg
data_sources/ai_generated/Midjourney_TopUp/dalle_topup_000950.jpg,data_sources/ai_generated/Midjourney_TopUp,ai_generated,1018,1018,1.0,JPEG,56957,688f8cab6ecb0592213af32b71ad4d3d,886e22ee8f1c0495999f1868cbdbee2e8974c5d42d5af7001918619969d259a8,1.0,b0cfc3301cc7659b,ok,151.17386840408983,True,True,cluster_00764,test,/home/dheirav/Code/Deepfake_Detection/deepfake-project/dataset_builder/test/ai_generated/dalle_topup_000950.jpg
data_sources/ai_generated/Midjourney_TopUp/dalle_topup_000958.jpg,data_sources/ai_generated/Midjourney_TopUp,ai_generated,1024,1024,1.0,JPEG,162395,58a4169014d48d04ddaa251676324dcc,514f069ec9e164ad8fc20978737382b01b711f9b2422c316148404b7a7cfa4ee,1.0,e29a1d693c6672a6,ok,157.74633120158882,True,True,cluster_00699,test,/home/dheirav/Code/Deepfake_Detection/deepfake-project/dataset_builder/test/ai_generated/dalle_topup_000958.jpg
data_sources/ai_generated/Midjourney_TopUp/dalle_topup_000971.jpg,data_sources/ai_generated/Midjourney_TopUp,ai_generated,506,520,0.9731,JPEG,61334,8acfc10fbc202cf13f7107025a77ce10,18c973f58819c19b9e8060383b1c5b66b799867caddf5627ca6b6400d1eca960,1.0,c93aae4f3467b148,ok,122.40901737258875,True,True,cluster_00956,test,/home/dheirav/Code/Deepfake_Detection/deepfake-project/dataset_builder/test/ai_generated/dalle_topup_000971.jpg
data_sources/ai_generated/Midjourney_TopUp/dalle_topup_000980.jpg,data_sources/ai_generated/Midjourney_TopUp,ai_generated,1024,1024,1.0,JPEG,369135,962252a20a3f9b446b6894c17c0a31f8,c99af1e93f442aaebd0d69fe2f701a19194ba9120bfdbe1ba5ee61ce67b37fbf,1.0,b19dc4611c1b73f4,ok,4080.617257462405,True,True,cluster_00500,test,/home/dheirav/Code/Deepfake_Detection/deepfake-project/dataset_builder/test/ai_generated/dalle_topup_000980.jpg
data_sources/ai_generated/Midjourney_TopUp/dalle_topup_000990.jpg,data_sources/ai_generated/Midjourney_TopUp,ai_generated,1024,1024,1.0,JPEG,206404,2801d6e26a18f697f8cab4fba7394609,1f6b4673f0ee099f31f6aff629585684eeccc431279b5fd561ba40259ab2cb95,1.0,b5494a15aad2f5ca,ok,654.8097328990698,True,True,cluster_00664,test,/home/dheirav/Code/Deepfake_Detection/deepfake-project/dataset_builder/test/ai_generated/dalle_topup_000990.jpg
data_sources/ai_generated/Midjourney_TopUp/mj_topup_000004.jpg,data_sources/ai_generated/Midjourney_TopUp,ai_generated,1024,1024,1.0,JPEG,214495,59e46568afe701650a13e491c85d1566,6e238671fb95d6c08858b65e420b9f1bd8bc0bc88fd17ff90ab68558cdf91491,1.0,c91919e637386667,ok,118.54953367582857,True,True,cluster_00651,test,/home/dheirav/Code/Deepfake_Detection/deepfake-project/dataset_builder/test/ai_generated/mj_topup_000004.jpg
data_sources/ai_generated/Midjourney_TopUp/mj_topup_000017.jpg,data_sources/ai_generated/Midjourney_TopUp,ai_generated,260,520,0.5,JPEG,18602,11dc6c1e5a8e956bdd0b9549fc246e5b,df2de45aa64659ecf98ffe7ae469b4027af8f150de12beccabb719f697a95b30,1.0,d3cc0cb368cc66b3,ok,106.08276584853472,True,True,cluster_01124,test,/home/dheirav/Code/Deepfake_Detection/deepfake-project/dataset_builder/test/ai_generated/mj_topup_000017.jpg
data_sources/ai_generated/Midjourney_TopUp/mj_topup_000018.jpg,data_sources/ai_generated/Midjourney_TopUp,ai_generated,1024,1024,1.0,JPEG,277044,9a7cff0c8fe6cc32edf14d96690b26d2,236465c42ed2b2681a39f5a1782a8c22d061daed70962087753032aa8737d682,1.0,938e6439392ccee5,ok,817.0671519063098,True,True,cluster_00560,test,/home/dheirav/Code/Deepfake_Detection/deepfake-project/dataset_builder/test/ai_generated/mj_topup_000018.jpg
data_sources/ai_generated/Midjourney_TopUp/mj_topup_000028.jpg,data_sources/ai_generated/Midjourney_TopUp,ai_generated,960,1664,0.5769,JPEG,418820,94d6d14b6d98a4e267d21d99065f0281,2287abaff341d178eb02df4b749a05ac3c6b0e91279e9b97d52bba3d930e2d4c,1.0,c3e0683787691e79,ok,1476.6107346517606,True,True,cluster_00058,test,/home/dheirav/Code/Deepfake_Detection/deepfake-project/dataset_builder/test/ai_generated/mj_topup_000028.jpg
data_sources/ai_generated/Midjourney_TopUp/mj_topup_000032.jpg,data_sources/ai_generated/Midjourney_TopUp,ai_generated,1024,1024,1.0,JPEG,251046,9bf65b011c7b1915cf4c60f1db9783c5,63c06d22cae8d8d5fecc7c6fa98cededf0d92d44c31194045ee53065486a5b53,1.0,969b3966c71c1969,ok,262.07443025789325,True,True,cluster_00604,test,/home/dheirav/Code/Deepfake_Detection/deepfake-project/dataset_builder/test/ai_generated/mj_topup_000032.jpg
data_sources/ai_generated/Midjourney_TopUp/mj_topup_000040.jpg,data_sources/ai_generated/Midjourney_TopUp,ai_generated,1024,1536,0.6667,JPEG,385229,62744fd21f16c8f1c3fc7f69904c219a,fa41fb0e4e62abff0e76f58494d9f805a57ecd547121ee97fc2bc1cf4cfe059b,1.0,914b6e63933c69b4,ok,284.4588183680506,True,True,cluster_00156,test,/home/dheirav/Code/Deepfake_Detection/deepfake-project/dataset_builder/test/ai_generated/mj_topup_000040.jpg
data_sources/ai_generated/Midjourney_TopUp/mj_topup_000048.jpg,data_sources/ai_generated/Midjourney_TopUp,ai_generated,1024,1024,1.0,JPEG,211723,6edb34d4453722419673933d8ba22310,1f470a4df59221f3437cfef9c5da19a58a3f530aaf83110e870f641431ebe036,1.0,90dae9434bac4ead,ok,306.94332861713696,True,True,cluster_00656,test,/home/dheirav/Code/Deepfake_Detection/deepfake-project/dataset_builder/test/ai_generated/mj_topup_000048.jpg
data_sources/ai_generated/Midjourney_TopUp/mj_topup_000060.jpg,data_sources/ai_generated/Midjourney_TopUp,ai_generated,1280,2560,0.5,JPEG,624410,3602f3f0edbd366a117c8c706133c604,6f92350697ce1d99ebca37aa4a2b77a122632513a388d5aef9cbdcdc272760ce,1.0,b11a9a2f386197da,ok,166.42111968955993,True,True,cluster_00018,test,/home/dheirav/Code/Deepfake_Detection/deepfake-project/dataset_builder/test/ai_generated/mj_topup_000060.jpg
data_sources/ai_generated/Midjourney_TopUp/mj_topup_000064.jpg,data_sources/ai_generated/Midjourney_TopUp,ai_generated,1024,1536,0.6667,JPEG,259444,1a4f2ef7bf98b3053bc201218d189207,c412c5adb4f173e6bb225fb9b30dc3eafe44f0a93a436135618bc80c994f83d2,1.0,b0b857d22949d6ad,ok,309.18649920712375,True,True,cluster_00211,test,/home/dheirav/Code/Deepfake_Detection/deepfake-project/dataset_builder/test/ai_generated/mj_topup_000064.jpg
data_sources/ai_generated/Midjourney_TopUp/mj_topup_000069.jpg,data_sources/ai_generated/Midjourney_TopUp,ai_generated,346,520,0.6654,JPEG,40806,5ddc373eb28f1e72a6c028e766920b3e,84ec6ec80be3f97443d52188eef1dc9378df3a00257a428c67a65d91005bcd4f,1.0,e716965a533e1871,ok,209.15526498237028,True,True,cluster_01015,test,/home/dheirav/Code/Deepfake_Detection/deepfake-project/dataset_builder/test/ai_generated/mj_topup_000069.jpg
data_sources/ai_generated/Midjourney_TopUp/mj_topup_000071.jpg,data_sources/ai_generated/Midjourney_TopUp,ai_generated,260,520,0.5,JPEG,53980,0c4d38e5558a1f26066502277489912a,3ae6fd2e4f7fa2358423feeb73402bce6c1b07ed89f6991dbaf96c03392625da,1.0,e8459de9404feda8,ok,705.1256572739051,True,True,cluster_01094,test,/home/dheirav/Code/Deepfake_Detection/deepfake-project/dataset_builder/test/ai_generated/mj_topup_000071.jpg
data_sources/ai_generated/Midjourney_TopUp/mj_topup_000076.jpg,data_sources/ai_generated/Midjourney_TopUp,ai_generated,1024,1344,0.7619,JPEG,566711,601c5980da79b1b3f9c02f4525e17b91,4563edabca363b7487a2e65c5503962b1d1453191c6b82862f186f2b58e4b279,1.0,91b554c5b39e5551,ok,1500.873229214476,True,True,cluster_00345,test,/home/dheirav/Code/Deepfake_Detection/deepfake-project/dataset_builder/test/ai_generated/mj_topup_000076.jpg
data_sources/ai_generated/Midjourney_TopUp/mj_topup_000080.jpg,data_sources/ai_generated/Midjourney_TopUp,ai_generated,864,1728,0.5,JPEG,206762,fb255dffa87474a42d23629a1d95d818,1efe6e219a29e7b999576a219bc5a05a942f07dad55d553c501f06582f1645e8,1.0,99796c3336c61999,ok,227.0196678879151,True,True,cluster_00331,test,/home/dheirav/Code/Deepfake_Detection/deepfake-project/dataset_builder/test/ai_generated/mj_topup_000080.jpg
data_sources/ai_generated/Midjourney_TopUp/mj_topup_000082.jpg,data_sources/ai_generated/Midjourney_TopUp,ai_generated,1024,1024,1.0,JPEG,264525,a1b559f0eed7ab1a4953ab78a7b85098,b25cca6d74beda303303bba4f95ee25719455d1a9449a406c6720a818fb6744d,1.0,c1849e9f9f276341,ok,112.12535731504613,True,True,cluster_00582,test,/home/dheirav/Code/Deepfake_Detection/deepfake-project/dataset_builder/test/ai_generated/mj_topup_000082.jpg
data_sources/ai_generated/Midjourney_TopUp/mj_topup_000090.jpg,data_sources/ai_generated/Midjourney_TopUp,ai_generated,1024,1536,0.6667,JPEG,480471,3005ccd9464b72edda566bbc0846cd63,27f8d13fa791d143b00eeb9a42c4e3d2d23452b096124f8867ac708d3f7fed1f,1.0,80d225b7799666dc,ok,815.1563892364012,True,True,cluster_00118,test,/home/dheirav/Code/Deepfake_Detection/deepfake-project/dataset_builder/test/ai_generated/mj_topup_000090.jpg
data_sources/ai_generated/Midjourney_TopUp/mj_topup_000094.jpg,data_sources/ai_generated/Midjourney_TopUp,ai_generated,1024,1024,1.0,JPEG,270642,32decdc48b0151cb16a388822122d46a,80b26e621fb0c345f18413ba6f1f3133e0a454cec3d03b1c6d6887466c9325d4,1.0,fac99006f2e0b3cd,ok,634.0094280556939,True,True,cluster_00572,test,/home/dheirav/Code/Deepfake_Detection/deepfake-project/dataset_builder/test/ai_generated/mj_topup_000094.jpg
data_sources/ai_generated/Midjourney_TopUp/mj_topup_000100.jpg,data_sources/ai_generated/Midjourney_TopUp,ai_generated,1024,1024,1.0,JPEG,256577,0d103cc2812b92d3661e4fd319267bfe,8ff9abc142b5d1599597ad85902887bab86c8a8f9bec621916e92b40243609ea,1.0,ccdc1a219fdd7860,ok,572.0596528751112,True,True,cluster_00596,test,/home/dheirav/Code/Deepfake_Detection/deepfake-project/dataset_builder/test/ai_generated/mj_topup_000100.jpg
data_sources/ai_generated/Midjourney_TopUp/mj_topup_000106.jpg,data_sources/ai_generated/Midjourney_TopUp,ai_generated,1024,1280,0.8,JPEG,302925,f64cf5d534e8432e8b1345411adef502,816c8664b75962d3f45ccbd4e311b68411b0d18a2be13d887c84b0673c4247d9,1.0,85c90ddcee2078de,ok,312.68610827951693,True,True,cluster_00370,test,/home/dheirav/Code/Deepfake_Detection/deepfake-project/dataset_builder/test/ai_generated/mj_topup_000106.jpg
data_sources/ai_generated/Midjourney_TopUp/mj_topup_000108.jpg,data_sources/ai_generated/Midjourney_TopUp,ai_generated,1024,1280,0.8,JPEG,352057,fbffbaada22d6f18b3aa634c8b08bde2,18a87750bc242d5f0aef5bcb690d9c3c325ca7665d6f3bce55c4ab58ebe96cfe,1.0,99586aa5563b3366,ok,272.2004836431233,True,True,cluster_00366,test,/home/dheirav/Code/Deepfake_Detection/deepfake-project/dataset_builder/test/ai_generated/mj_topup_000108.jpg
data_sources/ai_generated/Midjourney_TopUp/mj_topup_000114.jpg,data_sources/ai_generated/Midjourney_TopUp,ai_generated,1024,1024,1.0,JPEG,235437,60d4966d763ff95e86605e04301e8cc5,9aa8da9cc21967245c9f2e510ae3b5a76a5b1542b6913412682b692e9b47e95d,1.0,c6827b9f0d70fa21,ok,343.76025844271857,True,True,cluster_00630,test,/home/dheirav/Code/Deepfake_Detection/deepfake-project/dataset_builder/test/ai_generated/mj_topup_000114.jpg
data_sources/ai_generated/Midjourney_TopUp/mj_topup_000116.jpg,data_sources/ai_generated/Midjourney_TopUp,ai_generated,1024,1024,1.0,JPEG,209742,3d6d7665e03021695866d7df151330a5,22d87d468e8f88b11ee4180bd1b8811913609d3ab71b67334f52445c68da03ae,1.0,94934b7f8cc46a35,ok,337.48766490126945,True,True,cluster_00657,test,/home/dheirav/Code/Deepfake_Detection/deepfake-project/dataset_builder/test/ai_generated/mj_topup_000116.jpg
data_sources/ai_generated/Midjourney_TopUp/mj_topup_000118.jpg,data_sources/ai_generated/Midjourney_TopUp,ai_generated,1728,864,2.0,JPEG,326463,f4e92a22406daaf5178f52a89a086ddc,b808231712415789513c2845631e419ae8a7a3c99e8a00076991f7ada7328bb6,1.0,89cc7c3133723736,ok,85.45580644241475,True,True,cluster_00285,test,/home/dheirav/Code/Deepfake_Detection/deepfake-project/dataset_builder/test/ai_generated/mj_topup_000118.jpg
data_sources/ai_generated/Midjourney_TopUp/mj_topup_000120.jpg,data_sources/ai_generated/Midjourney_TopUp,ai_generated,1024,1024,1.0,JPEG,187636,f7700e28ca26478ba3c1971f866f5b3a,65518da8e526eaeaec907248e806afa888d9757ddee3c37276cc12e9543e8988,1.0,95d5c3cc9e929899,ok,212.60949993132724,True,True,cluster_00681,test,/home/dheirav/Code/Deepfake_Detection/deepfake-project/dataset_builder/test/ai_generated/mj_topup_000120.jpg
data_sources/ai_generated/Midjourney_TopUp/mj_topup_000123.jpg,data_sources/ai_generated/Midjourney_TopUp,ai_generated,300,520,0.5769,JPEG,26663,92359eb34920202f6ec31ce643e8ec13,e70d037ff2b4517c26ead27f35bdce8cf98913b0b1c883e38ffc714105b44ec1,1.0,858e93b14ec67876,ok,107.25942241021532,True,True,cluster_01071,test,/home/dheirav/Code/Deepfake_Detection/deepfake-project/dataset_builder/test/ai_generated/mj_topup_000123.jpg
data_sources/ai_generated/Midjourney_TopUp/mj_topup_000130.jpg,data_sources/ai_generated/Midjourney_TopUp,ai_generated,1024,1536,0.6667,JPEG,438432,a8142cf4f4f900eaf3f2c06cf1825717,7fe20c134595535ce661c3a68e4bc0dad17d73660e65695c9a79e52d23a51d30,1.0,d719c2873ada54a5,ok,270.66165667562746,True,True,cluster_00133,test,/home/dheirav/Code/Deepfake_Detection/deepfake-project/dataset_builder/test/ai_generated/mj_topup_000130.jpg
data_sources/ai_generated/Midjourney_TopUp/mj_topup_000149.jpg,data_sources/ai_generated/Midjourney_TopUp,ai_generated,396,520,0.7615,JPEG,55622,150734d14819e8e1972883952749f274,8bc8d51e64934060e8b6c59591bdc6c4ba5ca9512708faf78c67e9c908a45a17,1.0,b9d90516c4794ec7,ok,267.77135294974937,True,True,cluster_00964,test,/home/dheirav/Code/Deepfake_Detection/deepfake-project/dataset_builder/test/ai_generated/mj_topup_000149.jpg
data_sources/ai_generated/Midjourney_TopUp/mj_topup_000160.jpg,data_sources/ai_generated/Midjourney_TopUp,ai_generated,2304,1536,1.5,JPEG,960537,e08a7bb81b80fd228f2d34862b039531,ac389cfd2cf8aa33f0366bd4835ab28e37afe928ae9c517469269f3c9354f81c,1.0,d14b2d78302773f2,ok,884.6723297859115,True,True,cluster_00012,test,/home/dheirav/Code/Deepfake_Detection/deepfake-project/dataset_builder/test/ai_generated/mj_topup_000160.jpg
data_sources/ai_generated/Midjourney_TopUp/mj_topup_000164.jpg,data_sources/ai_generated/Midjourney_TopUp,ai_generated,1024,1344,0.7619,JPEG,340068,a60793e342c5a206467a4e69b03192f2,84f8d88470a8088e7f67456442f9fcbd4b18432bac9b5dac8fb75935d248c7ba,1.0,89b4739b952e78c4,ok,393.8114070061092,True,True,cluster_00350,test,/home/dheirav/Code/Deepfake_Detection/deepfake-project/dataset_builder/test/ai_generated/mj_topup_000164.jpg
data_sources/ai_generated/Midjourney_TopUp/mj_topup_000172.jpg,data_sources/ai_generated/Midjourney_TopUp,ai_generated,1152,2048,0.5625,JPEG,500075,7e8faaed1a93672ece123c21bf1a0584,0ef9b00fe581526e50e3253ca99e1b8961f0748082b1d124e0db902520c1d288,1.0,92a905ce49373da7,ok,88.55007439307609,True,True,cluster_00023,test,/home/dheirav/Code/Deepfake_Detection/deepfake-project/dataset_builder/test/ai_generated/mj_topup_000172.jpg
data_sources/ai_generated/Midjourney_TopUp/mj_topup_000180.jpg,data_sources/ai_generated/Midjourney_TopUp,ai_generated,960,1664,0.5769,JPEG,523570,23f72cc6462d557e4a191b5b53a32729,403132261cabd1cedcc1888aa26818d690810baa36ca72543b11b8a796b78336,1.0,c5c65a28396f39e1,ok,1286.758765900014,True,True,cluster_00045,test,/home/dheirav/Code/Deepfake_Detection/deepfake-project/dataset_builder/test/ai_generated/mj_topup_000180.jpg
data_sources/ai_generated/Midjourney_TopUp/mj_topup_000185.jpg,data_sources/ai_generated/Midjourney_TopUp,ai_generated,354,520,0.6808,JPEG,48000,abb2d61fb2e3ca2508bf3ecfe90cf9e4,05b02b3bf9e9fa6f74e65564be3eb21ab4a8aa2449009121125c80ab3dd5a7e4,1.0,ad94b09bc1c4dccd,ok,395.2244948060947,True,True,cluster_00979,test,/home/dheirav/Code/Deepfake_Detection/deepfake-project/dataset_builder/test/ai_generated/mj_topup_000185.jpg
data_sources/ai_generated/Midjourney_TopUp/mj_topup_000192.jpg,data_sources/ai_generated/Midjourney_TopUp,ai_generated,1024,1536,0.6667,JPEG,474738,abfa91651fbb1228903d1d993074b344,d6ae72f67d640b57a8452cbce951f016e37df04a011103475c61023eef8a9d34,1.0,c5cd3a9b62243d3a,ok,278.5696651275114,True,True,cluster_00120,test,/home/dheirav/Code/Deepfake_Detection/deepfake-project/dataset_builder/test/ai_generated/mj_topup_000192.jpg
data_sources/ai_generated/Midjourney_TopUp/mj_topup_000194.jpg,data_sources/ai_generated/Midjourney_TopUp,ai_generated,960,1664,0.5769,JPEG,487792,9135480526848e951f5d5fc46c920715,aab754b7c0c2e88028b84775f54d30c6917f78890b800fedf56da525d83171e0,1.0,839a7c253a713d63,ok,1402.910569939481,True,True,cluster_00049,test,/home/dheirav/Code/Deepfake_Detection/deepfake-project/dataset_builder/test/ai_generated/mj_topup_000194.jpg
data_sources/ai_generated/Midjourney_TopUp/mj_topup_000195.jpg,data_sources/ai_generated/Midjourney_TopUp,ai_generated,300,520,0.5769,JPEG,47353,07f204522a49ee885324da5e8b8a6f88,3066e16f66ff3c6c9df6026b95311542f1c1116636fb8c78371c38e2790105a9,1.0,839e7c253a613d63,ok,654.9004352938445,True,True,cluster_01046,test,/home/dheirav/Code/Deepfake_Detection/deepfake-project/dataset_builder/test/ai_generated/mj_topup_000195.jpg
data_sources/ai_generated/Midjourney_TopUp/mj_topup_000196.jpg,data_sources/ai_generated/Midjourney_TopUp,ai_generated,1024,1024,1.0,JPEG,208593,ba9cce5ba2e88b6da33ef26091de566b,f690d46c48078f431063db731b36bb42b739153c3911aa74530e90b7323209af,1.0,c0e03f1f98331d37,ok,102.25127458450785,True,True,cluster_00660,test,/home/dheirav/Code/Deepfake_Detection/deepfake-project/dataset_builder/test/ai_generated/mj_topup_000196.jpg
data_sources/ai_generated/Midjourney_TopUp/mj_topup_000198.jpg,data_sources/ai_generated/Midjourney_TopUp,ai_generated,1536,1024,1.5,JPEG,306707,9744f81ab4c6ba967f0bad3a78712bc1,dfefb58b90887d10ec0bd83cb6d8c7a24fad02c48960a7100524b96f917a3d31,1.0,9a056d7e423d7893,ok,85.43842498484527,True,True,cluster_00194,test,/home/dheirav/Code/Deepfake_Detection/deepfake-project/dataset_builder/test/ai_generated/mj_topup_000198.jpg
data_sources/ai_generated/Midjourney_TopUp/mj_topup_000200.jpg,data_sources/ai_generated/Midjourney_TopUp,ai_generated,1024,1536,0.6667,JPEG,356260,a1125a3588847acf9dbf3a54a5bf6c7c,fd852c1c73e006515c3414794e80c50d988caebcc8370417e1db5fc96df51c86,1.0,c04323bc334e7f78,ok,237.42322436846857,True,True,cluster_00172,test,/home/dheirav/Code/Deepfake_Detection/deepfake-project/dataset_builder/test/ai_generated/mj_topup_000200.jpg
data_sources/ai_generated/Midjourney_TopUp/mj_topup_000206.jpg,data_sources/ai_generated/Midjourney_TopUp,ai_generated,960,1664,0.5769,JPEG,356662,1fd13aebb27e7c1fc3874f47e00f6fd5,862131baa2e97b549adc9990bc35b8f4dec786f67964b0e38a210a2fb44161be,1.0,c4ee91b393422dd9,ok,167.4187188260885,True,True,cluster_00077,test,/home/dheirav/Code/Deepfake_Detection/deepfake-project/dataset_builder/test/ai_generated/mj_topup_000206.jpg
data_sources/ai_generated/Midjourney_TopUp/mj_topup_000218.jpg,data_sources/ai_generated/Midjourney_TopUp,ai_generated,1024,1536,0.6667,JPEG,348242,9912e8086edc3ccb82943f6f66a49819,53efea31c4dc3a4f5752065026175b6855258a1da864756ea496a3bb217999aa,1.0,95412abd9f422a7d,ok,534.1913884140845,True,True,cluster_00176,test,/home/dheirav/Code/Deepfake_Detection/deepfake-project/dataset_builder/test/ai_generated/mj_topup_000218.jpg
data_sources/ai_generated/Midjourney_TopUp/mj_topup_000224.jpg,data_sources/ai_generated/Midjourney_TopUp,ai_generated,1024,1024,1.0,JPEG,249436,9ed1f5a495fc8a1af4ee604efaa5bd6e,8966c49dbaf1e93d9052f660e074d0757682f1356f5188463972c764e04917c2,1.0,9492daec27a4ad99,ok,665.0031194427129,True,True,cluster_00607,test,/home/dheirav/Code/Deepfake_Detection/deepfake-project/dataset_builder/test/ai_generated/mj_topup_000224.jpg
data_sources/ai_generated/Midjourney_TopUp/mj_topup_000238.jpg,data_sources/ai_generated/Midjourney_TopUp,ai_generated,864,1728,0.5,JPEG,299277,faeb2bb57f6328dc8c9fdd9e81d0bdc7,aa2b3ba36ef3f19fa4a77db9e4cef8a14474591e6ceb6986b5d02c7232437760,1.0,d2ecb5a55a36cc12,ok,311.0223110017208,True,True,cluster_00302,test,/home/dheirav/Code/Deepfake_Detection/deepfake-project/dataset_builder/test/ai_generated/mj_topup_000238.jpg
data_sources/ai_generated/Midjourney_TopUp/mj_topup_000245.jpg,data_sources/ai_generated/Midjourney_TopUp,ai_generated,260,520,0.5,JPEG,33324,c40e56d1936bb52e97f0d245112f9b1c,a9d420fff7cecd32923e9778f1bd74fa1d78b01fa6bc861220c81586c514bd61,1.0,9c2d4315ea996b9a,ok,319.3722126566275,True,True,cluster_01113,test,/home/dheirav/Code/Deepfake_Detection/deepfake-project/dataset_builder/test/ai_generated/mj_topup_000245.jpg
data_sources/ai_generated/Midjourney_TopUp/mj_topup_000246.jpg,data_sources/ai_generated/Midjourney_TopUp,ai_generated,960,1664,0.5769,JPEG,525173,4c5e6098b215eb485e3c16acc5589950,2d4e54354ee871d618d1622d4e54e3ba0f8976312a93f298c3e79277c4f9363e,1.0,9d31647249db6e68,ok,695.8580948227252,True,True,cluster_00044,test,/home/dheirav/Code/Deepfake_Detection/deepfake-project/dataset_builder/test/ai_generated/mj_topup_000246.jpg
data_sources/ai_generated/Midjourney_TopUp/mj_topup_000248.jpg,data_sources/ai_generated/Midjourney_TopUp,ai_generated,864,1728,0.5,JPEG,309263,2cbc2c2648b8f3e73a41982efd79c7b0,43ca36b17bfffe2e973c48563e44becc8348c9df2ba1c9471218c50d56403f59,1.0,e4cd8e1e3ab8b033,ok,105.683892711753,True,True,cluster_00296,test,/home/dheirav/Code/Deepfake_Detection/deepfake-project/dataset_builder/test/ai_generated/mj_topup_000248.jpg
data_sources/ai_generated/Midjourney_TopUp/mj_topup_000253.jpg,data_sources/ai_generated/Midjourney_TopUp,ai_generated,260,520,0.5,JPEG,37823,1a6ddb21b7e5bbd541615de5ded6dfac,0c0dce47f34b6463ab5bbe6331fa19286b0c96bfeabef55acc5416b0d06489cf,1.0,c6a43b4f389ab361,ok,497.71664834865504,True,True,cluster_01103,test,/home/dheirav/Code/Deepfake_Detection/deepfake-project/dataset_builder/test/ai_generated/mj_topup_000253.jpg
data_sources/ai_generated/Midjourney_TopUp/mj_topup_000256.jpg,data_sources/ai_generated/Midjourney_TopUp,ai_generated,864,1728,0.5,JPEG,481145,d43b2d4a16c0dfbbe10f9b862030922b,dd2183fb4f3fc62d9a4f068960ff32bf833eb0ac2da00a01efacc783522e0bd5,1.0,f803e813747e891f,ok,703.6921356370553,True,True,cluster_00232,test,/home/dheirav/Code/Deepfake_Detection/deepfake-project/dataset_builder/test/ai_generated/mj_topup_000256.jpg
data_sources/ai_generated/Midjourney_TopUp/mj_topup_000260.jpg,data_sources/ai_generated/Midjourney_TopUp,ai_generated,864,1728,0.5,JPEG,337062,52b4b67c8d7943d975643fbb42f221d9,d7348acaabc16ab29ed611edf7fbfc9361cf4cae2de4ac26c70b08e7c5d6a243,1.0,994666616b183e3f,ok,212.3735759164041,True,True,cluster_00275,test,/home/dheirav/Code/Deepfake_Detection/deepfake-project/dataset_builder/test/ai_generated/mj_topup_000260.jpg
data_sources/ai_generated/Midjourney_TopUp/mj_topup_000262.jpg,data_sources/ai_generated/Midjourney_TopUp,ai_generated,960,1632,0.5882,JPEG,549186,81d1037e5947d1c5073e6c022c638c86,9b30f5fe9c2d3d575198e1c8904f2fad7ff058995ed0dbd503a11f523716f97d,1.0,d59f94b31a4c50e6,ok,489.70449033514336,True,True,cluster_00218,test,/home/dheirav/Code/Deepfake_Detection/deepfake-project/dataset_builder/test/ai_generated/mj_topup_000262.jpg
data_sources/ai_generated/Midjourney_TopUp/mj_topup_000264.jpg,data_sources/ai_generated/Midjourney_TopUp,ai_generated,2304,1536,1.5,JPEG,503995,7e65a1242d86fd5f563e42271de1a696,8e52703f531380513cc21ab6e13d6b223f54bd85d1f36dfffd3b7948e3fcc558,1.0,819e5369e756ec42,ok,160.84950309652234,True,True,cluster_00013,test,/home/dheirav/Code/Deepfake_Detection/deepfake-project/dataset_builder/test/ai_generated/mj_topup_000264.jpg
data_sources/ai_generated/Midjourney_TopUp/mj_topup_000268.jpg,data_sources/ai_generated/Midjourney_TopUp,ai_generated,864,1728,0.5,JPEG,302778,4f514f0f9bb71cee208138a43bba9bb8,78fce3557f63448248332bded557793367698165119f4461a077b347f1f0ce4d,1.0,c0ffbf88c88b4385,ok,119.8057912224631,True,True,cluster_00299,test,/home/dheirav/Code/Deepfake_Detection/deepfake-project/dataset_builder/test/ai_generated/mj_topup_000268.jpg
data_sources/ai_generated/Midjourney_TopUp/mj_topup_000276.jpg,data_sources/ai_generated/Midjourney_TopUp,ai_generated,864,1728,0.5,JPEG,332417,b8d1d168a128bdf7e8d7a9627c4b284a,847bf3f650a7f3b68f93285b920521f06e77e5177d67affa5aaa5c4fcf4a41a0,1.0,95463364f2973369,ok,421.47999806987065,True,True,cluster_00281,test,/home/dheirav/Code/Deepfake_Detection/deepfake-project/dataset_builder/test/ai_generated/mj_topup_000276.jpg
data_sources/ai_generated/Midjourney_TopUp/mj_topup_000278.jpg,data_sources/ai_generated/Midjourney_TopUp,ai_generated,960,1664,0.5769,JPEG,455543,5f64c35297f3f89cdd388491f237b0c4,a26c4c250198728ca4eaab23e6ff4f017f766cae09b712caec99f80435034179,1.0,945a2ba52c676b63,ok,332.9977894191876,True,True,cluster_00051,test,/home/dheirav/Code/Deepfake_Detection/deepfake-project/dataset_builder/test/ai_generated/mj_topup_000278.jpg
data_sources/ai_generated/Midjourney_TopUp/mj_topup_000281.jpg,data_sources/ai_generated/Midjourney_TopUp,ai_generated,396,520,0.7615,JPEG,48436,7d9eda4d8e4f1f620736246a5162a040,3d86597d5e2040a9d756f0174f5239a674234082c58015bf00e490ea05a31ea4,1.0,a69907686d17276b,ok,136.06368903070134,True,True,cluster_00966,test,/home/dheirav/Code/Deepfake_Detection/deepfake-project/dataset_builder/test/ai_generated/mj_topup_000281.jpg
data_sources/ai_generated/Midjourney_TopUp/mj_topup_000282.jpg,data_sources/ai_generated/Midjourney_TopUp,ai_generated,1024,1344,0.7619,JPEG,230474,2e2d1d4a5914fc9de643fff36f2d85dc,b9e0cb7213b329668375c785419aadddad302b54fb88407a3c9987bcce8520a0,1.0,f0434eb8e1a21cfb,ok,197.23053944440107,True,True,cluster_00355,test,/home/dheirav/Code/Deepfake_Detection/deepfake-project/dataset_builder/test/ai_generated/mj_topup_000282.jpg
data_sources/ai_generated/Midjourney_TopUp/mj_topup_000286.jpg,data_sources/ai_generated/Midjourney_TopUp,ai_generated,864,1728,0.5,JPEG,319601,d2042f80302bd7c6128a9fc8ed87ce14,3123b97070a2ead9537f4deb390ebabb255e9e5b3c45c0ad866130958b42c985,1.0,93c3d6cd13b24c95,ok,166.47075300657892,True,True,cluster_00288,test,/home/dheirav/Code/Deepfake_Detection/deepfake-project/dataset_builder/test/ai_generated/mj_topup_000286.jpg
data_sources/ai_generated/Midjourney_TopUp/mj_topup_000301.jpg,data_sources/ai_generated/Midjourney_TopUp,ai_generated,346,520,0.6654,JPEG,43806,f76c478d459559bf2b6fd13feb9a796c,bac8fcb6c67eb2d1126723e7c43da65a3498b02beeade69c0308967701afe65b,1.0,bdc08e4e9a8b9353,ok,230.90176091599108,True,True,cluster_01007,test,/home/dheirav/Code/Deepfake_Detection/deepfake-project/dataset_builder/test/ai_generated/mj_topup_000301.jpg
data_sources/ai_generated/Midjourney_TopUp/mj_topup_000306.jpg,data_sources/ai_generated/Midjourney_TopUp,ai_generated,960,1664,0.5769,JPEG,392310,5d326f446758f3ace83b141d0fdf20af,fa04963827c5b93c10329e26dcbfed9a9f4a89c4be79bdef83bb812f9ae648ee,1.0,81166c7b5be925c6,ok,847.3607833841991,True,True,cluster_00069,test,/home/dheirav/Code/Deepfake_Detection/deepfake-project/dataset_builder/test/ai_generated/mj_topup_000306.jpg
data_sources/ai_generated/Midjourney_TopUp/mj_topup_000307.jpg,data_sources/ai_generated/Midjourney_TopUp,ai_generated,300,520,0.5769,JPEG,52994,ed9495762f0e051bfa626bd702a0a88e,a317c40a38daa642d52d15367af664101413f99b6e8f672d781aecd6b85837da,1.0,85166c7b5be925c4,ok,2131.172412537434,True,True,cluster_01042,test,/home/dheirav/Code/Deepfake_Detection/deepfake-project/dataset_builder/test/ai_generated/mj_topup_000307.jpg
data_sources/ai_generated/Midjourney_TopUp/mj_topup_000308.jpg,data_sources/ai_generated/Midjourney_TopUp,ai_generated,1024,1536,0.6667,JPEG,347705,f2430edbf5c38ec447d3ba576d7eb49e,2fcd61f9f8675a6bdfeee77222586163f28a0c1859ba4673a1f8fe2e92c2ab38,1.0,c84878d33323e797,ok,278.473346612358,True,True,cluster_00177,test,/home/dheirav/Code/Deepfake_Detection/deepfake-project/dataset_builder/test/ai_generated/mj_topup_000308.jpg
data_sources/ai_generated/Midjourney_TopUp/mj_topup_000332.jpg,data_sources/ai_generated/Midjourney_TopUp,ai_generated,1024,1024,1.0,JPEG,401456,56e447833507bad59d14790ee70eb663,770d3844bfd41085a0a8014285305718b1bfa4ac3d57493dfdc78cc65c5bc077,1.0,b0554a3bf42c3e27,ok,1186.7084391877142,True,True,cluster_00491,test,/home/dheirav/Code/Deepfake_Detection/deepfake-project/dataset_builder/test/ai_generated/mj_topup_000332.jpg
data_sources/ai_generated/Midjourney_TopUp/mj_topup_000340.jpg,data_sources/ai_generated/Midjourney_TopUp,ai_generated,1024,1024,1.0,JPEG,296037,a8a71dc495219d71170f3c68eb4bc9bd,ee44497827cf549848e66760f0a72d03a9f7861aba03faceeaac702f597187c4,1.0,b9f34662b9bcc181,ok,548.2506931160233,True,True,cluster_00538,test,/home/dheirav/Code/Deepfake_Detection/deepfake-project/dataset_builder/test/ai_generated/mj_topup_000340.jpg
data_sources/ai_generated/Midjourney_TopUp/mj_topup_000357.jpg,data_sources/ai_generated/Midjourney_TopUp,ai_generated,260,520,0.5,JPEG,41100,e4cba89539e47a3e8d333d6df4005515,984e21df5e16d34224959a95601f2289b7a51b7337def9a52a41c8f5749c2f84,1.0,d8d845872f6ed21c,ok,595.703661235984,True,True,cluster_01099,test,/home/dheirav/Code/Deepfake_Detection/deepfake-project/dataset_builder/test/ai_generated/mj_topup_000357.jpg
data_sources/ai_generated/Midjourney_TopUp/mj_topup_000386.jpg,data_sources/ai_generated/Midjourney_TopUp,ai_generated,960,1664,0.5769,JPEG,419816,c28513f5b8f440ca67e10c841724d589,69b7809b2074e05f2a2ff7e441518e62b310d4452e39b940b438d034baec9295,1.0,97d24e7c2131791e,ok,2070.0281139990716,True,True,cluster_00057,test,/home/dheirav/Code/Deepfake_Detection/deepfake-project/dataset_builder/test/ai_generated/mj_topup_000386.jpg
data_sources/ai_generated/Midjourney_TopUp/mj_topup_000388.jpg,data_sources/ai_generated/Midjourney_TopUp,ai_generated,1536,1024,1.5,JPEG,402723,6d3435afc1f4138a5ff5de6dee88807f,c8437999f4041eda66bc7544080cb266083ffca85a1d631905d603135273e876,1.0,a7c741a8662a5677,ok,411.7175292614588,True,True,cluster_00145,test,/home/dheirav/Code/Deepfake_Detection/deepfake-project/dataset_builder/test/ai_generated/mj_topup_000388.jpg
data_sources/ai_generated/Midjourney_TopUp/mj_topup_000392.jpg,data_sources/ai_generated/Midjourney_TopUp,ai_generated,864,1728,0.5,JPEG,299506,72fd776c39fdc7e65cd6fd740929b991,3ca8ae2d55838846f450f8bc9d77140c010d3049b0f30759770d33ebd6dadb2c,1.0,c41e279ce43ac99e,ok,850.8552031805397,True,True,cluster_00301,test,/home/dheirav/Code/Deepfake_Detection/deepfake-project/dataset_builder/test/ai_generated/mj_topup_000392.jpg
data_sources/ai_generated/Midjourney_TopUp/mj_topup_000396.jpg,data_sources/ai_generated/Midjourney_TopUp,ai_generated,1024,1280,0.8,JPEG,408866,2b49a600005c9c75d7643d6d454a0147,13876ba45d5fd41be7415efadb67c67d79d452fceccfde024c0152aff23f91e7,1.0,c5cc1c1c39397973,ok,847.7064414518414,True,True,cluster_00365,test,/home/dheirav/Code/Deepfake_Detection/deepfake-project/dataset_builder/test/ai_generated/mj_topup_000396.jpg
data_sources/ai_generated/Midjourney_TopUp/mj_topup_000399.jpg,data_sources/ai_generated/Midjourney_TopUp,ai_generated,346,520,0.6654,JPEG,51259,ec0aff49de9e20e45e4c7273325b768b,dcc6cc6a9eab418262ab0ad6151054fdf99d82a608c89047712c10086e80fdf9,1.0,843d56a83c47f972,ok,202.03205096536038,True,True,cluster_00995,test,/home/dheirav/Code/Deepfake_Detection/deepfake-project/dataset_builder/test/ai_generated/mj_topup_000399.jpg
data_sources/ai_generated/Midjourney_TopUp/mj_topup_000402.jpg,data_sources/ai_generated/Midjourney_TopUp,ai_generated,1024,1536,0.6667,JPEG,256193,752d056e0f4d62065eb348eecd030353,01eabb2ddf060a296b5960830073059b0ae06c8e059f4d9f21306ea3fa983d62,1.0,9ccc6721b496b34b,ok,95.05142899444479,True,True,cluster_00213,test,/home/dheirav/Code/Deepfake_Detection/deepfake-project/dataset_builder/test/ai_generated/mj_topup_000402.jpg
data_sources/ai_generated/Midjourney_TopUp/mj_topup_000412.jpg,data_sources/ai_generated/Midjourney_TopUp,ai_generated,1536,1024,1.5,JPEG,291531,e71e48b4d5176ee0bc7e2a99703d6497,293954d7c556146d26a4b0a0ba190945b88d7a49fd66370e81e440c12ab2055b,1.0,c65a53a5b8781d8b,ok,88.02954720267087,True,True,cluster_00201,test,/home/dheirav/Code/Deepfake_Detection/deepfake-project/dataset_builder/test/ai_generated/mj_topup_000412.jpg
data_sources/ai_generated/Midjourney_TopUp/mj_topup_000418.jpg,data_sources/ai_generated/Midjourney_TopUp,ai_generated,1024,1024,1.0,JPEG,234473,132b94c857fdc6ed58f1e99c4da7f9ec,b3dd5e78330e6008feffb2deab6d12f5ef166c8182b791e19aebc970084ae16d,1.0,8d3b5c778b22265c,ok,1032.4883622570114,True,True,cluster_00632,test,/home/dheirav/Code/Deepfake_Detection/deepfake-project/dataset_builder/test/ai_generated/mj_topup_000418.jpg
data_sources/ai_generated/Midjourney_TopUp/mj_topup_000426.jpg,data_sources/ai_generated/Midjourney_TopUp,ai_generated,960,1664,0.5769,JPEG,394282,b5a41f80b59cce719b59cacadb13a9d5,9e1302b5276deca8d9de95d9568c281535e1240d66e3e1b71561932e9a24a913,1.0,93915ce3a663cb2c,ok,350.84388697013776,True,True,cluster_00068,test,/home/dheirav/Code/Deepfake_Detection/deepfake-project/dataset_builder/test/ai_generated/mj_topup_000426.jpg
data_sources/ai_generated/Midjourney_TopUp/mj_topup_000427.jpg,data_sources/ai_generated/Midjourney_TopUp,ai_generated,300,520,0.5769,JPEG,45651,2e2cecc07d85183f7e0e9417ee5b82bc,b7398c1d564621ca8eaae30801ef6fe0093728016b6a249f157ea7316458df60,1.0,93955ce3a463cb2c,ok,669.1197222238249,True,True,cluster_01050,test,/home/dheirav/Code/Deepfake_Detection/deepfake-project/dataset_builder/test/ai_generated/mj_topup_000427.jpg
data_sources/ai_generated/Midjourney_TopUp/mj_topup_000430.jpg,data_sources/ai_generated/Midjourney_TopUp,ai_generated,1024,1024,1.0,JPEG,240293,2ca5b561a7067fe1fdd0dc4ad27439b7,05e6a94a1f6fd9f8f208cea7fe5833c074f441acea7da7d4c70960483e61112c,1.0,aaabf538e235aa11,ok,263.5245918925783,True,True,cluster_00623,test,/home/dheirav/Code/Deepfake_Detection/deepfake-project/dataset_builder/test/ai_generated/mj_topup_000430.jpg
data_sources/ai_generated/Midjourney_TopUp/mj_topup_000460.jpg,data_sources/ai_generated/Midjourney_TopUp,ai_generated,1024,1024,1.0,JPEG,153062,37cdfcd52f2c6854e25cf8d0b547e783,9bd0b890e6ccafac0555a4fbe576d9814d209e8b5188c41da8b1ea9870cb6459,1.0,c6c82d2f7bb0c24b,ok,183.07505794987082,True,True,cluster_00703,test,/home/dheirav/Code/Deepfake_Detection/deepfake-project/dataset_builder/test/ai_generated/mj_topup_000460.jpg
data_sources/ai_generated/Midjourney_TopUp/mj_topup_000464.jpg,data_sources/ai_generated/Midjourney_TopUp,ai_generated,1728,864,2.0,JPEG,305156,28c5d9745940151449d23c5d094b25af,1995be2f8f0e8062efbcb3d195a1877baa27517de133ab9fa710fb43ff8fe6fa,1.0,8da350e67c87761c,ok,158.43677647083595,True,True,cluster_00298,test,/home/dheirav/Code/Deepfake_Detection/deepfake-project/dataset_builder/test/ai_generated/mj_topup_000464.jpg
data_sources/ai_generated/Midjourney_TopUp/mj_topup_000466.jpg,data_sources/ai_generated/Midjourney_TopUp,ai_generated,1664,2432,0.6842,JPEG,870484,4796139ff64971ffb374d425cd25a739,ea85314d1efe8ae596d0eccf1939460aa7c518387c6abac5ab450820a62d29d3,1.0,c33b383264ce3ee4,ok,380.32088302911495,True,True,cluster_00005,test,/home/dheirav/Code/Deepfake_Detection/deepfake-project/dataset_builder/test/ai_generated/mj_topup_000466.jpg
data_sources/ai_generated/Midjourney_TopUp/mj_topup_000472.jpg,data_sources/ai_generated/Midjourney_TopUp,ai_generated,2560,1280,2.0,JPEG,701760,604c408ba34952611622a924c42bdaaa,e938d6f20b813e714220480015d23e7b11e39546435d3bbabbc7a8c5689ce8c1,1.0,c41d0bd734e65b0e,ok,114.28148734516502,True,True,cluster_00017,test,/home/dheirav/Code/Deepfake_Detection/deepfake-project/dataset_builder/test/ai_generated/mj_topup_000472.jpg
data_sources/ai_generated/Midjourney_TopUp/mj_topup_000474.jpg,data_sources/ai_generated/Midjourney_TopUp,ai_generated,1536,1024,1.5,JPEG,249301,f81a2c5db57a681991ec1c55c31cb48a,5a11a6a096d04368639b815672bfdd6846f10f1a5ee4302439deeb03e4e36a17,1.0,c4b04b1b296e3c6f,ok,393.7970046934917,True,True,cluster_00214,test,/home/dheirav/Code/Deepfake_Detection/deepfake-project/dataset_builder/test/ai_generated/mj_topup_000474.jpg
data_sources/ai_generated/Midjourney_TopUp/mj_topup_000478.jpg,data_sources/ai_generated/Midjourney_TopUp,ai_generated,1024,1024,1.0,JPEG,196535,06e2ef780092d5893f29422de36cb0c8,84f12965231fd3f85639728c4c856173068971435cc77cb2952c5bd71a7236d0,1.0,8088bda6b731d2bd,ok,324.36012321994986,True,True,cluster_00677,test,/home/dheirav/Code/Deepfake_Detection/deepfake-project/dataset_builder/test/ai_generated/mj_topup_000478.jpg
data_sources/ai_generated/Midjourney_TopUp/mj_topup_000480.jpg,data_sources/ai_generated/Midjourney_TopUp,ai_generated,864,1728,0.5,JPEG,367622,21cd490e6c2e78f69f3527bb553e3cbd,f32392eee933f2ec8235afd7e690150bcd9cec38aeb33d158063bcd26dc17559,1.0,d3f7640829971e78,ok,3009.320202695195,True,True,cluster_00264,test,/home/dheirav/Code/Deepfake_Detection/deepfake-project/dataset_builder/test/ai_generated/mj_topup_000480.jpg
data_sources/ai_generated/Midjourney_TopUp/mj_topup_000490.jpg,data_sources/ai_generated/Midjourney_TopUp,ai_generated,1536,1024,1.5,JPEG,395955,c6691e1bfb49f5be730a5c2f2837770a,695742f32224a4e84443a664357c374a95630851fce6c1ee3c314c9b35f84932,1.0,8b5b1fec36644cd0,ok,1089.332481681637,True,True,cluster_00149,test,/home/dheirav/Code/Deepfake_Detection/deepfake-project/dataset_builder/test/ai_generated/mj_topup_000490.jpg
data_sources/ai_generated/Midjourney_TopUp/mj_topup_000492.jpg,data_sources/ai_generated/Midjourney_TopUp,ai_generated,1024,1536,0.6667,JPEG,303241,852443baff2f7adaa38c72f60c63e077,ede0e728dc4df9335eb7b76c2df18d273c8702e21432260cc3e31702294dd55a,1.0,893c9663356cc86f,ok,88.14227858977351,True,True,cluster_00196,test,/home/dheirav/Code/Deepfake_Detection/deepfake-project/dataset_builder/test/ai_generated/mj_topup_000492.jpg
data_sources/ai_generated/Midjourney_TopUp/mj_topup_000508.jpg,data_sources/ai_generated/Midjourney_TopUp,ai_generated,520,520,1.0,JPEG,45197,bdfc154f138b69fb6afc1b479d06185c,10337ca5f2ccaa1143c0eaa959421d5df927f8fa6b1fb8d0f8b0ec994c718ad6,1.0,cd4e3633999b4e24,ok,111.02428608601709,True,True,cluster_00938,test,/home/dheirav/Code/Deepfake_Detection/deepfake-project/dataset_builder/test/ai_generated/mj_topup_000508.jpg
data_sources/ai_generated/Midjourney_TopUp/mj_topup_000514.jpg,data_sources/ai_generated/Midjourney_TopUp,ai_generated,520,520,1.0,JPEG,57942,6949d9711828150d28abe1a8f24651d9,665ae9e2c1eea752dc93f5450f1bcd152e61d3bf3832422348ff026e79b803bd,1.0,819e363619ce7699,ok,121.05074237684256,True,True,cluster_00923,test,/home/dheirav/Code/Deepfake_Detection/deepfake-project/dataset_builder/test/ai_generated/mj_topup_000514.jpg
data_sources/ai_generated/Midjourney_TopUp/mj_topup_000517.jpg,data_sources/ai_generated/Midjourney_TopUp,ai_generated,1024,1536,0.6667,JPEG,472927,0877fa7e85a12c215d4f4fb165e856b9,9182a92f823f443eaa91ba7cff2ce80873f12a3383df1a9a270fe30fa9ede5c1,1.0,999da43255de8b46,ok,2076.2069008641406,True,True,cluster_00122,test,/home/dheirav/Code/Deepfake_Detection/deepfake-project/dataset_builder/test/ai_generated/mj_topup_000517.jpg
data_sources/ai_generated/Midjourney_TopUp/mj_topup_000523.jpg,data_sources/ai_generated/Midjourney_TopUp,ai_generated,1024,1024,1.0,JPEG,206754,a3225c960055012c00f907396c2634da,c659f7c83cfeaf365fd172f7b414ebd515f39ad49c7a02a567df6aab234e9b81,1.0,b89dc762946b9239,ok,297.7272185728907,True,True,cluster_00663,test,/home/dheirav/Code/Deepfake_Detection/deepfake-project/dataset_builder/test/ai_generated/mj_topup_000523.jpg
data_sources/ai_generated/Midjourney_TopUp/mj_topup_000538.jpg,data_sources/ai_generated/Midjourney_TopUp,ai_generated,960,1664,0.5769,JPEG,511978,8d5ec36a39d6bd4b3217667fa01ef8e1,8eecba4e36bef6e106f5c0d19a54f5ac8a4538801a445cb7d545bf1e9aecdeda,1.0,814e3e397e875235,ok,2042.900044434385,True,True,cluster_00047,test,/home/dheirav/Code/Deepfake_Detection/deepfake-project/dataset_builder/test/ai_generated/mj_topup_000538.jpg
data_sources/ai_generated/Midjourney_TopUp/mj_topup_000541.jpg,data_sources/ai_generated/Midjourney_TopUp,ai_generated,520,520,1.0,JPEG,75407,ecaf8d52b4b7ae4638d69be4b9368696,5aea068f8214fcff7069b2c1639edf3001234a5734a58c04bbfcb74a43123bf1,1.0,c1cf1e343067e731,ok,468.3789348914932,True,True,cluster_00915,test,/home/dheirav/Code/Deepfake_Detection/deepfake-project/dataset_builder/test/ai_generated/mj_topup_000541.jpg
data_sources/ai_generated/Midjourney_TopUp/mj_topup_000544.jpg,data_sources/ai_generated/Midjourney_TopUp,ai_generated,1024,1024,1.0,JPEG,272619,0f95df420c64c98c76b746d902f888c0,b7ee0c2e1eec74933ebb53beca12c3fc805bf8b1274578728097ada194fe0859,1.0,91d13e6e456f1531,ok,593.8704909700755,True,True,cluster_00569,test,/home/dheirav/Code/Deepfake_Detection/deepfake-project/dataset_builder/test/ai_generated/mj_topup_000544.jpg
data_sources/ai_generated/Midjourney_TopUp/mj_topup_000550.jpg,data_sources/ai_generated/Midjourney_TopUp,ai_generated,1024,1024,1.0,JPEG,331250,cc4102d7a4a08f96cfa6b82caeedc1c7,ffb959cef09ff35d273bc3fe3dd87145737b2d0aca55df771a73c612c79292c8,1.0,ce8a2e34b57b4b24,ok,564.6020232539657,True,True,cluster_00516,test,/home/dheirav/Code/Deepfake_Detection/deepfake-project/dataset_builder/test/ai_generated/mj_topup_000550.jpg
data_sources/ai_generated/Midjourney_TopUp/mj_topup_000558.jpg,data_sources/ai_generated/Midjourney_TopUp,ai_generated,1024,1024,1.0,JPEG,314844,a13b2644a8461d6106d2cc0de07dc785,756c16496c15f4122dbeefe24122b2d7032a874e8ca723c14ea12ed7c535b873,1.0,e1999638c9c33cb6,ok,3417.7945966478933,True,True,cluster_00523,test,/home/dheirav/Code/Deepfake_Detection/deepfake-project/dataset_builder/test/ai_generated/mj_topup_000558.jpg
data_sources/ai_generated/Midjourney_TopUp/mj_topup_000564.jpg,data_sources/ai_generated/Midjourney_TopUp,ai_generated,1536,1024,1.5,JPEG,258890,27818135a950dae978c151bcc645019f,4e83c5145c1afb41167f7743d671f95bf8e5c97f9be83ec80cca6cbf2ed3acb3,1.0,83e0f8cdf251c5b2,ok,573.3502836886182,True,True,cluster_00212,test,/home/dheirav/Code/Deepfake_Detection/deepfake-project/dataset_builder/test/ai_generated/mj_topup_000564.jpg
data_sources/ai_generated/Midjourney_TopUp/mj_topup_000569.jpg,data_sources/ai_generated/Midjourney_TopUp,ai_generated,346,520,0.6654,JPEG,39853,89ccf2be44170765ec4b451c734257c4,f173a684111495377d6cae880a10a9a289c9a0a44d0280ba60b8be653e988e0b,1.0,d2c4292d6c93b3cd,ok,144.0925527435394,True,True,cluster_01016,test,/home/dheirav/Code/Deepfake_Detection/deepfake-project/dataset_builder/test/ai_generated/mj_topup_000569.jpg
data_sources/ai_generated/Midjourney_TopUp/mj_topup_000575.jpg,data_sources/ai_generated/Midjourney_TopUp,ai_generated,354,520,0.6808,JPEG,42076,f935fc378a22be9fd772af560f769858,b373e5057258d53e631f6f59dbe670ae4127f81dac6ea5a70703fb347d763db0,1.0,95972da471693a3a,ok,161.65786783744423,True,True,cluster_00980,test,/home/dheirav/Code/Deepfake_Detection/deepfake-project/dataset_builder/test/ai_generated/mj_topup_000575.jpg
data_sources/ai_generated/Midjourney_TopUp/mj_topup_000579.jpg,data_sources/ai_generated/Midjourney_TopUp,ai_generated,520,520,1.0,JPEG,84765,9c8dec6028953813c458b83b5355823c,cd308397e1ff5749eaed9c3a23baa7429885ec1506c773960aedfb0af8c7d040,1.0,d6d8b9e0cd863664,ok,220.30335177283655,True,True,cluster_00908,test,/home/dheirav/Code/Deepfake_Detection/deepfake-project/dataset_builder/test/ai_generated/mj_topup_000579.jpg
data_sources/ai_generated/Midjourney_TopUp/mj_topup_000583.jpg,data_sources/ai_generated/Midjourney_TopUp,ai_generated,520,296,1.7568,JPEG,42612,09eb7a60f444407456df2b2fb1eea294,e3534d7a920ad439f186761909fbe7d9cf4b4bfaf82f93a58bfa576d141e4536,1.0,8694184b71cc9d7f,ok,744.4599501453829,True,True,cluster_01075,test,/home/dheirav/Code/Deepfake_Detection/deepfake-project/dataset_builder/test/ai_generated/mj_topup_000583.jpg
data_sources/ai_generated/Midjourney_TopUp/mj_topup_000588.jpg,data_sources/ai_generated/Midjourney_TopUp,ai_generated,864,1728,0.5,JPEG,335887,d7e07dbeb8268cb059b0e0287354c8de,b4e3936e6553a05c32c28294877010b9f492044106e2c09327abbfd6045d6ee9,1.0,98266dd1239b7a74,ok,314.4759549816433,True,True,cluster_00278,test,/home/dheirav/Code/Deepfake_Detection/deepfake-project/dataset_builder/test/ai_generated/mj_topup_000588.jpg
data_sources/ai_generated/Midjourney_TopUp/mj_topup_000590.jpg,data_sources/ai_generated/Midjourney_TopUp,ai_generated,864,1728,0.5,JPEG,242390,f4153809f7fa175c78e77ecc61aac9b2,f01f1e5bc5c2ae707a3c833e833d05c584e3ea926b57e78be2ee05388e9f36e8,1.0,e1ad02ba6bc93e45,ok,148.90053797916045,True,True,cluster_00321,test,/home/dheirav/Code/Deepfake_Detection/deepfake-project/dataset_builder/test/ai_generated/mj_topup_000590.jpg
data_sources/ai_generated/Midjourney_TopUp/mj_topup_000593.jpg,data_sources/ai_generated/Midjourney_TopUp,ai_generated,300,520,0.5769,JPEG,33218,f93eca6f146846286fc0027eccc63acd,30077e84481eb39569c8091d79c0ba6364cf11d2cfdcb9551335220c3883924e,1.0,cbc9333b9cb41998,ok,98.1983309465812,True,True,cluster_01067,test,/home/dheirav/Code/Deepfake_Detection/deepfake-project/dataset_builder/test/ai_generated/mj_topup_000593.jpg
data_sources/ai_generated/Midjourney_TopUp/mj_topup_000595.jpg,data_sources/ai_generated/Midjourney_TopUp,ai_generated,300,520,0.5769,JPEG,40869,3185dac19eb54acdc9054e06ac40220e,385df39c2bfa9bba3fba2388381d4221267d2d586959e99dfdce8f7e2940b6f7,1.0,ffeec82616382938,ok,285.566111020669,True,True,cluster_01058,test,/home/dheirav/Code/Deepfake_Detection/deepfake-project/dataset_builder/test/ai_generated/mj_topup_000595.jpg
data_sources/ai_generated/Midjourney_TopUp/mj_topup_000596.jpg,data_sources/ai_generated/Midjourney_TopUp,ai_generated,1024,1024,1.0,JPEG,261312,da8f7418fff4dbc0e6543659b31ea403,de105fc309053ae385a0440a52e7ab30ddd7ca28da8ba68796ebf9ddf9e0753a,1.0,87435a1c3569c3f6,ok,1355.077253648953,True,True,cluster_00586,test,/home/dheirav/Code/Deepfake_Detection/deepfake-project/dataset_builder/test/ai_generated/mj_topup_000596.jpg
data_sources/ai_generated/Midjourney_TopUp/mj_topup_000599.jpg,data_sources/ai_generated/Midjourney_TopUp,ai_generated,260,520,0.5,JPEG,19477,61c100e7a54fea6b75cd9f10233217ff,f5e671daf41812db97011a60157065b2cbeb06316c72ba7f07ce2b8d096cc7ba,1.0,d05027af1ae01df7,ok,84.07818129261712,True,True,cluster_01122,test,/home/dheirav/Code/Deepfake_Detection/deepfake-project/dataset_builder/test/ai_generated/mj_topup_000599.jpg
data_sources/ai_generated/Midjourney_TopUp/mj_topup_000600.jpg,data_sources/ai_generated/Midjourney_TopUp,ai_generated,1024,1024,1.0,JPEG,202790,f1c053da3c13f5cfa50bf3b2547eadd4,d3d3142334f8b1a6985378df72655a690f7d580e63894ff4f383367679b6a51d,1.0,b9c1c636c638796a,ok,275.3655328748563,True,True,cluster_00669,test,/home/dheirav/Code/Deepfake_Detection/deepfake-project/dataset_builder/test/ai_generated/mj_topup_000600.jpg
data_sources/ai_generated/Midjourney_TopUp/mj_topup_000616.jpg,data_sources/ai_generated/Midjourney_TopUp,ai_generated,960,1664,0.5769,JPEG,364784,814a203125d008f0dea8e9a36ad91cdc,7adfdd29fbed58009ae19f0683f116d1390eb873774c50fc7a8d8930ca1495a5,1.0,9fbe617070a2233b,ok,224.60981703655685,True,True,cluster_00074,test,/home/dheirav/Code/Deepfake_Detection/deepfake-project/dataset_builder/test/ai_generated/mj_topup_000616.jpg
data_sources/ai_generated/Midjourney_TopUp/mj_topup_000618.jpg,data_sources/ai_generated/Midjourney_TopUp,ai_generated,1024,1024,1.0,JPEG,280110,d83e04cb71b163e571da13fa47210ba4,fd0d4b27caf9b25e91ea175046a0dae072acd7964817b148633ad7ecb960325b,1.0,cc9998722766613f,ok,1454.6786182171554,True,True,cluster_00558,test,/home/dheirav/Code/Deepfake_Detection/deepfake-project/dataset_builder/test/ai_generated/mj_topup_000618.jpg
data_sources/ai_generated/Midjourney_TopUp/mj_topup_000624.jpg,data_sources/ai_generated/Midjourney_TopUp,ai_generated,1024,1536,0.6667,JPEG,408778,e6bf796c88cdc9d6bc7564eaa71d3355,ead3371d273b72452b2874828d157a7aeec269d91c2717901c12b79aeab70739,1.0,8615c7353c65bd0e,ok,335.9238705272045,True,True,cluster_00141,test,/home/dheirav/Code/Deepfake_Detection/deepfake-project/dataset_builder/test/ai_generated/mj_topup_000624.jpg
data_sources/ai_generated/Midjourney_TopUp/mj_topup_000626.jpg,data_sources/ai_generated/Midjourney_TopUp,ai_generated,960,1664,0.5769,JPEG,400496,79d5b1880963211fa8db7db0624a32b3,3124626dca9ce31506c479655a9537cfce2f0bb1ec47ee2af6bec006b740229b,1.0,c0cfd9df08c46c72,ok,1165.9518453392977,True,True,cluster_00064,test,/home/dheirav/Code/Deepfake_Detection/deepfake-project/dataset_builder/test/ai_generated/mj_topup_000626.jpg
data_sources/ai_generated/Midjourney_TopUp/mj_topup_000628.jpg,data_sources/ai_generated/Midjourney_TopUp,ai_generated,864,1728,0.5,JPEG,405754,370f3be00a4eb2b458d3dc580033d96d,022ad636c29b81c0738c8b91263e1bd426384358f81bd41d953878a30bcb86e2,1.0,99916a6eaca56666,ok,1218.1316140183415,True,True,cluster_00248,test,/home/dheirav/Code/Deepfake_Detection/deepfake-project/dataset_builder/test/ai_generated/mj_topup_000628.jpg
data_sources/ai_generated/Midjourney_TopUp/mj_topup_000635.jpg,data_sources/ai_generated/Midjourney_TopUp,ai_generated,300,520,0.5769,JPEG,47165,6abeb36916e39991c4b548fb0f4486a6,43b77a4dd1720592604cd162f60284eb21404685e277cc293157c7c55b4cebe0,1.0,9c5b16c4b14e6679,ok,346.54145009451014,True,True,cluster_01047,test,/home/dheirav/Code/Deepfake_Detection/deepfake-project/dataset_builder/test/ai_generated/mj_topup_000635.jpg
data_sources/ai_generated/Midjourney_TopUp/mj_topup_000636.jpg,data_sources/ai_generated/Midjourney_TopUp,ai_generated,1024,1024,1.0,JPEG,276599,048dc11c648879505198ee8bccc7038b,b7b46e0d4584352828220866b9028640c2ddbb14e167c68b1f9d4b59eea719a2,1.0,dbc96c6436b13326,ok,3272.7073396671003,True,True,cluster_00561,test,/home/dheirav/Code/Deepfake_Detection/deepfake-project/dataset_builder/test/ai_generated/mj_topup_000636.jpg
data_sources/ai_generated/Midjourney_TopUp/mj_topup_000638.jpg,data_sources/ai_generated/Midjourney_TopUp,ai_generated,960,1664,0.5769,JPEG,438632,825d678376a99c0310688c3f72638c56,469d8c4380679bf51a29635b8caa4ef548c1a36543cbf4bdee5c95453ad31bf3,1.0,84d36b35305b1d6d,ok,904.6094512376261,True,True,cluster_00054,test,/home/dheirav/Code/Deepfake_Detection/deepfake-project/dataset_builder/test/ai_generated/mj_topup_000638.jpg
data_sources/ai_generated/Midjourney_TopUp/mj_topup_000650.jpg,data_sources/ai_generated/Midjourney_TopUp,ai_generated,1024,1536,0.6667,JPEG,401637,4d74c7b8a3556a094ee8fbd5c2716c28,2359fc4c7707e187256ba62f60f7839092d651060b412523e43952ae4476fdb1,1.0,944e66933accd933,ok,654.3139728311309,True,True,cluster_00146,test,/home/dheirav/Code/Deepfake_Detection/deepfake-project/dataset_builder/test/ai_generated/mj_topup_000650.jpg
data_sources/ai_generated/Midjourney_TopUp/mj_topup_000658.jpg,data_sources/ai_generated/Midjourney_TopUp,ai_generated,864,1728,0.5,JPEG,356155,a4904fe3abc2aac4d83995b93decc5a9,71f885962e57be537c60571c6899c2ffb6fec08287816707d7eeaeec52a7e48e,1.0,c7602b5b33d27907,ok,207.6934284810263,True,True,cluster_00267,test,/home/dheirav/Code/Deepfake_Detection/deepfake-project/dataset_builder/test/ai_generated/mj_topup_000658.jpg
data_sources/ai_generated/Midjourney_TopUp/mj_topup_000664.jpg,data_sources/ai_generated/Midjourney_TopUp,ai_generated,864,1728,0.5,JPEG,597615,ce323a9fd7ffa736e32317a0991b6922,3c93175002a685fd846f5f3cdd2c2dc3ea056aa9cf4ff3d4450313c432334202,1.0,e5c518d1460e3f73,ok,1414.3796473208001,True,True,cluster_00221,test,/home/dheirav/Code/Deepfake_Detection/deepfake-project/dataset_builder/test/ai_generated/mj_topup_000664.jpg
data_sources/ai_generated/Midjourney_TopUp/mj_topup_000666.jpg,data_sources/ai_generated/Midjourney_TopUp,ai_generated,1024,1536,0.6667,JPEG,387183,38c461367765a3fdd5faf4b5b670f165,027752845bf775775323998a7630eaae865d36c27f39b6bd854c27c9e00827ba,1.0,92952dcf626a6a66,ok,266.912866241297,True,True,cluster_00154,test,/home/dheirav/Code/Deepfake_Detection/deepfake-project/dataset_builder/test/ai_generated/mj_topup_000666.jpg
data_sources/ai_generated/Midjourney_TopUp/mj_topup_000674.jpg,data_sources/ai_generated/Midjourney_TopUp,ai_generated,864,1728,0.5,JPEG,427933,7004f22d658472e56e9af9422cd9a71f,cd612d02be8642b3bb7c64f01ff7dbcc7890bbf0e4c9b4d5dc36dce316485377,1.0,c5cba44a336e5b19,ok,182.82343307879714,True,True,cluster_00242,test,/home/dheirav/Code/Deepfake_Detection/deepfake-project/dataset_builder/test/ai_generated/mj_topup_000674.jpg
data_sources/ai_generated/Midjourney_TopUp/mj_topup_000676.jpg,data_sources/ai_generated/Midjourney_TopUp,ai_generated,1024,1280,0.8,JPEG,310264,02fe87ab5f5634061fe33c731bca90f5,85b4d8e00003212d60150f0cebea5527d5ecc5c270691686dc126c5d788058c9,1.0,c5858fca52b62d36,ok,146.8764687456604,True,True,cluster_00369,test,/home/dheirav/Code/Deepfake_Detection/deepfake-project/dataset_builder/test/ai_generated/mj_topup_000676.jpg
data_sources/ai_generated/Midjourney_TopUp/mj_topup_000682.jpg,data_sources/ai_generated/Midjourney_TopUp,ai_generated,960,1664,0.5769,JPEG,471114,de6b3a70d0e77cebfd6a29eb38ca4833,2fbf8c63580fae373fc786f31d029bf7c4a524b2169c761bbf966c21df7095f5,1.0,ce483eb3710387dc,ok,549.5428839121109,True,True,cluster_00050,test,/home/dheirav/Code/Deepfake_Detection/deepfake-project/dataset_builder/test/ai_generated/mj_topup_000682.jpg
data_sources/ai_generated/Midjourney_TopUp/mj_topup_000694.jpg,data_sources/ai_generated/Midjourney_TopUp,ai_generated,1024,1536,0.6667,JPEG,494879,3c82c7719033dfd424163643520713b9,91dbae0fa45f50a475e4840cd5ea3036cf55c69d5eeda7e016d50e946da1b30d,1.0,b0e24199eec65aad,ok,319.93821749691614,True,True,cluster_00117,test,/home/dheirav/Code/Deepfake_Detection/deepfake-project/dataset_builder/test/ai_generated/mj_topup_000694.jpg
data_sources/ai_generated/Midjourney_TopUp/mj_topup_000706.jpg,data_sources/ai_generated/Midjourney_TopUp,ai_generated,864,1728,0.5,JPEG,296267,8cca4e58b6dd9cec674d803a6a10ee91,396e01703705b4f08428c2edb9cfa18c807c8ac9c0616e5a21e9cf4e88597b25,1.0,c787383e3af00d69,ok,879.7112357892963,True,True,cluster_00305,test,/home/dheirav/Code/Deepfake_Detection/deepfake-project/dataset_builder/test/ai_generated/mj_topup_000706.jpg
data_sources/ai_generated/Midjourney_TopUp/mj_topup_000712.jpg,data_sources/ai_generated/Midjourney_TopUp,ai_generated,1024,1536,0.6667,JPEG,377668,d7c0c7e2993c0dfd3f7e9b29b13404eb,a19d3925b3d9efde411804adbd24ffeb56aeae0dbd2a78ea7aacdb9df4f5175a,1.0,9b1654eb5b246d51,ok,255.18303583294573,True,True,cluster_00158,test,/home/dheirav/Code/Deepfake_Detection/deepfake-project/dataset_builder/test/ai_generated/mj_topup_000712.jpg
data_sources/ai_generated/Midjourney_TopUp/mj_topup_000714.jpg,data_sources/ai_generated/Midjourney_TopUp,ai_generated,1280,2560,0.5,JPEG,618532,f0fc8655b41cb74efad256abfba14113,3fbbf6f9cc91f9f3904fb91c4a6fec6829fa9de49bb0a403228104f57e58f562,1.0,994c66b76966b258,ok,168.75299137247762,True,True,cluster_00019,test,/home/dheirav/Code/Deepfake_Detection/deepfake-project/dataset_builder/test/ai_generated/mj_topup_000714.jpg
data_sources/ai_generated/Midjourney_TopUp/mj_topup_000718.jpg,data_sources/ai_generated/Midjourney_TopUp,ai_generated,864,1728,0.5,JPEG,369151,db8f7f6026ba8043a401b2614b660a34,30104eb5e446a20b1268c4d21061bb49e494416fa25fa82e4ef63c78398e9710,1.0,95921e29a5726b4f,ok,469.8353043353499,True,True,cluster_00263,test,/home/dheirav/Code/Deepfake_Detection/deepfake-project/dataset_builder/test/ai_generated/mj_topup_000718.jpg
data_sources/ai_generated/Midjourney_TopUp/mj_topup_000720.jpg,data_sources/ai_generated/Midjourney_TopUp,ai_generated,1024,1536,0.6667,JPEG,473034,6e1aa91d81e77434032872445f6a6ec4,daa137379d047da5b059f6b9cef66b5ef5eceb62142578fb7b1b6333836f5499,1.0,f89c18e5f3b29223,ok,842.7224460144772,True,True,cluster_00121,test,/home/dheirav/Code/Deepfake_Detection/deepfake-project/dataset_builder/test/ai_generated/mj_topup_000720.jpg
data_sources/ai_generated/Midjourney_TopUp/mj_topup_000730.jpg,data_sources/ai_generated/Midjourney_TopUp,ai_generated,960,1664,0.5769,JPEG,228567,17ef98317ed22ec259300bd22f36d7d9,748853c3a1a37dacc6792c71a1ceab8b159a0e83f61b582e7fbab767ed5d3462,1.0,c40c73630f0fa7c7,ok,82.94924995444778,True,True,cluster_00108,test,/home/dheirav/Code/Deepfake_Detection/deepfake-project/dataset_builder/test/ai_generated/mj_topup_000730.jpg
data_sources/ai_generated/Midjourney_TopUp/mj_topup_000736.jpg,data_sources/ai_generated/Midjourney_TopUp,ai_generated,864,1728,0.5,JPEG,241817,c9f69668b0233c6b28a80ed50df085db,7b7cdd923a71c0b44598c03fd0316141ed507fc6841c2a788e3c18a458ba9023,1.0,c8d26993be870fe0,ok,409.32632885609684,True,True,cluster_00323,test,/home/dheirav/Code/Deepfake_Detection/deepfake-project/dataset_builder/test/ai_generated/mj_topup_000736.jpg
data_sources/ai_generated/Midjourney_TopUp/mj_topup_000763.jpg,data_sources/ai_generated/Midjourney_TopUp,ai_generated,1024,1536,0.6667,JPEG,364631,df473d29c3e701b08bb121fe0b19396d,5e9834b41b1fd1c70e1d96cfe8a666db6f0574793e59eb6babb5dc848b3e7ba3,1.0,c5861cc95b3733d2,ok,475.1008564636282,True,True,cluster_00165,test,/home/dheirav/Code/Deepfake_Detection/deepfake-project/dataset_builder/test/ai_generated/mj_topup_000763.jpg
data_sources/ai_generated/Midjourney_TopUp/mj_topup_000778.jpg,data_sources/ai_generated/Midjourney_TopUp,ai_generated,1024,1344,0.7619,JPEG,288362,6cad98c1099f0676d4eb767792237d2f,6cd541a365a3b762d91f50cf11404b670454356c4a0bfd462206aec578d5693d,1.0,d950873f669ab446,ok,102.95112333237194,True,True,cluster_00353,test,/home/dheirav/Code/Deepfake_Detection/deepfake-project/dataset_builder/test/ai_generated/mj_topup_000778.jpg
data_sources/ai_generated/Midjourney_TopUp/mj_topup_000782.jpg,data_sources/ai_generated/Midjourney_TopUp,ai_generated,960,1664,0.5769,JPEG,347513,3ed0ab808b738b7cd651ca339504440f,1028133dc83f638bb436590e748451ee95a8f0e0e1efc1bf0dd1f755f130d8b1,1.0,a4a0d88ec6e67d39,ok,267.55186882018415,True,True,cluster_00082,test,/home/dheirav/Code/Deepfake_Detection/deepfake-project/dataset_builder/test/ai_generated/mj_topup_000782.jpg
data_sources/ai_generated/Midjourney_TopUp/mj_topup_000788.jpg,data_sources/ai_generated/Midjourney_TopUp,ai_generated,1344,1024,1.3125,JPEG,209327,2b93f182be44b70c707a7b01aec6be7d,8f241ebb12182754b3c19059ac389cc6f4778775af7bd082557f7c9ce5c467ad,1.0,cf9932cf31866e12,ok,94.75005337796934,True,True,cluster_00356,test,/home/dheirav/Code/Deepfake_Detection/deepfake-project/dataset_builder/test/ai_generated/mj_topup_000788.jpg
data_sources/ai_generated/Midjourney_TopUp/mj_topup_000793.jpg,data_sources/ai_generated/Midjourney_TopUp,ai_generated,300,520,0.5769,JPEG,29439,46b2e2844236d80b57acd049677a4447,c4ea671a766fc7a242153e028a067b2300cdd816fd7ba1575ba977a1a5a09171,1.0,f0651a9c649b6da6,ok,312.8303972458908,True,True,cluster_01070,test,/home/dheirav/Code/Deepfake_Detection/deepfake-project/dataset_builder/test/ai_generated/mj_topup_000793.jpg
data_sources/ai_generated/Midjourney_TopUp/mj_topup_000796.jpg,data_sources/ai_generated/Midjourney_TopUp,ai_generated,960,1664,0.5769,JPEG,308758,955b1c25a948afe535bcfff015a4b75d,b9fdfb52d5d14f415062dc8a1ec2ce4d725f7219e3347df60215f3e248e21acd,1.0,93e40e732659e71c,ok,121.25676451309977,True,True,cluster_00093,test,/home/dheirav/Code/Deepfake_Detection/deepfake-project/dataset_builder/test/ai_generated/mj_topup_000796.jpg
data_sources/ai_generated/Midjourney_TopUp/mj_topup_000806.jpg,data_sources/ai_generated/Midjourney_TopUp,ai_generated,864,1728,0.5,JPEG,369333,1746c80041a1a274c541155f5aca1948,f18f0e4117c924c480ee9c2ce66479a46397190e2074fb1dd997253a1f543350,1.0,9b9d4eda48e82c95,ok,309.98534265316255,True,True,cluster_00262,test,/home/dheirav/Code/Deepfake_Detection/deepfake-project/dataset_builder/test/ai_generated/mj_topup_000806.jpg
data_sources/ai_generated/Midjourney_TopUp/mj_topup_000822.jpg,data_sources/ai_generated/Midjourney_TopUp,ai_generated,864,1728,0.5,JPEG,324449,3eb993f9dc6fdc24e1b370532a4c1111,07330afaa13fc8c651df6b900a65fce498c51d2240042bd470b42d1e73b5d648,1.0,b9f154446a0b373e,ok,214.38055341821902,True,True,cluster_00287,test,/home/dheirav/Code/Deepfake_Detection/deepfake-project/dataset_builder/test/ai_generated/mj_topup_000822.jpg
data_sources/ai_generated/Midjourney_TopUp/mj_topup_000835.jpg,data_sources/ai_generated/Midjourney_TopUp,ai_generated,260,520,0.5,JPEG,31024,fa01937fd91da57136ac817c90f29fd9,7b2e1f551ca2ab283b95ab8d1130bd7c2717eff17f17b14a6b2c8b036d446dbc,1.0,e8e4145e5e293937,ok,323.71394297818705,True,True,cluster_01116,test,/home/dheirav/Code/Deepfake_Detection/deepfake-project/dataset_builder/test/ai_generated/mj_topup_000835.jpg
data_sources/ai_generated/Midjourney_TopUp/mj_topup_000846.jpg,data_sources/ai_generated/Midjourney_TopUp,ai_generated,1024,1024,1.0,JPEG,198954,fd6d1eb17044c4c5e8ad28639ebce275,e24fee506f1b87769ed462d15f7700cabf88795edd2f5e24344f40584e125bd7,1.0,ad0d08c178777763,ok,320.4579618300631,True,True,cluster_00671,test,/home/dheirav/Code/Deepfake_Detection/deepfake-project/dataset_builder/test/ai_generated/mj_topup_000846.jpg
data_sources/ai_generated/Midjourney_TopUp/mj_topup_000855.jpg,data_sources/ai_generated/Midjourney_TopUp,ai_generated,300,520,0.5769,JPEG,56212,6cb06bb0ab11d0e565383a23142cc424,437692e36f7655000629ce1f4d963772c6ddc15d3f6fbe689b97c8a5a8f3d996,1.0,e11e34c93a6469db,ok,859.5439006153435,True,True,cluster_01039,test,/home/dheirav/Code/Deepfake_Detection/deepfake-project/dataset_builder/test/ai_generated/mj_topup_000855.jpg
data_sources/ai_generated/Midjourney_TopUp/mj_topup_000858.jpg,data_sources/ai_generated/Midjourney_TopUp,ai_generated,1024,1024,1.0,JPEG,238861,de3c13f117cc4ccefec843c1e916af03,fe20426715c62c5c26a8e6cd2c33963a81e0aa921ff5ceb3ba3d201089f7b176,1.0,b5951e74e18d3c68,ok,142.83567170900278,True,True,cluster_00625,test,/home/dheirav/Code/Deepfake_Detection/deepfake-project/dataset_builder/test/ai_generated/mj_topup_000858.jpg
data_sources/ai_generated/Midjourney_TopUp/mj_topup_000868.jpg,data_sources/ai_generated/Midjourney_TopUp,ai_generated,1024,1024,1.0,JPEG,222476,667ac0868c918fa1cc7ab894899269d4,fdcc09b4a533257d2e964714d45c5985615bc50a80867bf89f234852e069658b,1.0,961e4d0938717377,ok,506.2186450670086,True,True,cluster_00642,test,/home/dheirav/Code/Deepfake_Detection/deepfake-project/dataset_builder/test/ai_generated/mj_topup_000868.jpg
data_sources/ai_generated/Midjourney_TopUp/mj_topup_000880.jpg,data_sources/ai_generated/Midjourney_TopUp,ai_generated,864,1728,0.5,JPEG,494507,c2b969e2761fc67dc1b9c1a15b180696,d251197b2313e2a31b30b41a95007e6253781902d7103906d2fb83bc9ff729d4,1.0,951778603f7a21e9,ok,3027.0795945056125,True,True,cluster_00230,test,/home/dheirav/Code/Deepfake_Detection/deepfake-project/dataset_builder/test/ai_generated/mj_topup_000880.jpg
data_sources/ai_generated/Midjourney_TopUp/mj_topup_000898.jpg,data_sources/ai_generated/Midjourney_TopUp,ai_generated,1024,1024,1.0,JPEG,267678,a365a8a203e4f3c2008e941eb8f74898,1d547a19669a4ae2977f93e6b3ff7a0006b1a966508b15a144c0f0b79ee77262,1.0,c9e1f71e1c626269,ok,662.3607145344977,True,True,cluster_00576,test,/home/dheirav/Code/Deepfake_Detection/deepfake-project/dataset_builder/test/ai_generated/mj_topup_000898.jpg
data_sources/ai_generated/Midjourney_TopUp/mj_topup_000900.jpg,data_sources/ai_generated/Midjourney_TopUp,ai_generated,864,1728,0.5,JPEG,526674,48b66ac90d41cd9e3c749acb80807d1b,ddc1bc94fa389f4a33daa6bf8837aafb6d295646ce62a886a8e18cea700b75e6,1.0,ce35e04fb6c033d2,ok,518.5354463400975,True,True,cluster_00227,test,/home/dheirav/Code/Deepfake_Detection/deepfake-project/dataset_builder/test/ai_generated/mj_topup_000900.jpg
data_sources/ai_generated/Midjourney_TopUp/mj_topup_000905.jpg,data_sources/ai_generated/Midjourney_TopUp,ai_generated,520,520,1.0,JPEG,46082,241e819898b43ad51f32678ea003bb47,6994f0470d2354ca039bb57f6cce1376d0353b98d5d1e4c2fb48e0354ee56dd1,1.0,d827f226f2cc16d8,ok,158.83847299845888,True,True,cluster_00936,test,/home/dheirav/Code/Deepfake_Detection/deepfake-project/dataset_builder/test/ai_generated/mj_topup_000905.jpg
data_sources/ai_generated/Midjourney_TopUp/mj_topup_000908.jpg,data_sources/ai_generated/Midjourney_TopUp,ai_generated,1024,1536,0.6667,JPEG,326060,2ca355a254022007a8eb9610bc9d14f7,28233091e8e9b4c34ad92bae78970a8d356ab5be0ad6f3432a48d3b8bfb35418,1.0,a9d2929d17da990d,ok,576.8657949647151,True,True,cluster_00185,test,/home/dheirav/Code/Deepfake_Detection/deepfake-project/dataset_builder/test/ai_generated/mj_topup_000908.jpg
data_sources/ai_generated/Midjourney_TopUp/mj_topup_000912.jpg,data_sources/ai_generated/Midjourney_TopUp,ai_generated,864,1728,0.5,JPEG,389349,f8bbd7ca807af068b4ab4d809f5bc75d,1e51dbac75407ac2babe8dc2c745848aae38b8b56d588c411c8a279f0f9d87a6,1.0,c6903c4f336c6c73,ok,927.5679434310988,True,True,cluster_00252,test,/home/dheirav/Code/Deepfake_Detection/deepfake-project/dataset_builder/test/ai_generated/mj_topup_000912.jpg
data_sources/ai_generated/Midjourney_TopUp/mj_topup_000914.jpg,data_sources/ai_generated/Midjourney_TopUp,ai_generated,1024,1024,1.0,JPEG,160236,443728b88fc0850585c7a92bd027371b,49e7f736eaaf99fbbaa53b81e453e325a2cf6609afc58d085d11a65e99a71021,1.0,b4c9cb3631ce32b1,ok,147.85545920487493,True,True,cluster_00701,test,/home/dheirav/Code/Deepfake_Detection/deepfake-project/dataset_builder/test/ai_generated/mj_topup_000914.jpg
data_sources/ai_generated/Midjourney_TopUp/mj_topup_000919.jpg,data_sources/ai_generated/Midjourney_TopUp,ai_generated,346,520,0.6654,JPEG,43379,f996e8549d0b6b6a253705397444924d,838c343381f5213900e1d3e41d961ea8a987acc771e413892d1728d02e7ee1c9,1.0,c4b499cfd0f11ce1,ok,203.96037785329491,True,True,cluster_01008,test,/home/dheirav/Code/Deepfake_Detection/deepfake-project/dataset_builder/test/ai_generated/mj_topup_000919.jpg
data_sources/ai_generated/Midjourney_TopUp/mj_topup_000926.jpg,data_sources/ai_generated/Midjourney_TopUp,ai_generated,960,1664,0.5769,JPEG,294574,ab0e4e31e72d96658f8b243060acb24c,26e5f1c965d0103ba03658ac11e4ab342753bc6fe474923ff5cc3fe67ddb7fea,1.0,cbe83cd2e506c34b,ok,124.65381483416232,True,True,cluster_00098,test,/home/dheirav/Code/Deepfake_Detection/deepfake-project/dataset_builder/test/ai_generated/mj_topup_000926.jpg
data_sources/ai_generated/Midjourney_TopUp/mj_topup_000932.jpg,data_sources/ai_generated/Midjourney_TopUp,ai_generated,1024,1024,1.0,JPEG,209027,9dfc6cfe5ead0943763000146fe6bd7e,295b0019f5aebc81c82efd308c11a048c36bfb55969ab48d2fe584b0e6639d13,1.0,d0c91ecfcb1c383c,ok,638.8391409573339,True,True,cluster_00659,test,/home/dheirav/Code/Deepfake_Detection/deepfake-project/dataset_builder/test/ai_generated/mj_topup_000932.jpg
data_sources/ai_generated/Midjourney_TopUp/mj_topup_000936.jpg,data_sources/ai_generated/Midjourney_TopUp,ai_generated,864,1728,0.5,JPEG,378478,8d2e3fecbac056a55e57de5ca3e9e639,b3a0e61ca6b915ea38433c60b06309640b76b0fb9344769d64d94671016de4d0,1.0,8886675f669d8d2a,ok,1722.9236851243388,True,True,cluster_00257,test,/home/dheirav/Code/Deepfake_Detection/deepfake-project/dataset_builder/test/ai_generated/mj_topup_000936.jpg
data_sources/ai_generated/Midjourney_TopUp/mj_topup_000938.jpg,data_sources/ai_generated/Midjourney_TopUp,ai_generated,1024,1408,0.7273,JPEG,315132,08f11fe56cfd581f98a77fa451ffeb5f,c2aefa5f822b3bb1c10ee87e2901d4817fcffe319364145262befd3b3131b061,1.0,9ef1643836cdd126,ok,296.6028327478542,True,True,cluster_00336,test,/home/dheirav/Code/Deepfake_Detection/deepfake-project/dataset_builder/test/ai_generated/mj_topup_000938.jpg
data_sources/ai_generated/Midjourney_TopUp/mj_topup_000942.jpg,data_sources/ai_generated/Midjourney_TopUp,ai_generated,960,1664,0.5769,JPEG,281158,b347ccd72d3c044015334e7de3897ceb,e709b247f623d9c4a516ae5d26d0ff5a133a12356f03154d28ca0474cb74803e,1.0,91ec5ba4661be433,ok,200.91153757010653,True,True,cluster_00104,test,/home/dheirav/Code/Deepfake_Detection/deepfake-project/dataset_builder/test/ai_generated/mj_topup_000942.jpg
data_sources/ai_generated/Midjourney_TopUp/mj_topup_000945.jpg,data_sources/ai_generated/Midjourney_TopUp,ai_generated,300,520,0.5769,JPEG,39515,5176a3c41cee00d8b48cecc03915b05f,73879e477f3eb287f5103aa1db13a85f2232bfb30994688cbfc9b1451fa44c7e,1.0,8cb49ade30d3ec43,ok,406.47947500000004,True,True,cluster_01062,test,/home/dheirav/Code/Deepfake_Detection/deepfake-project/dataset_builder/test/ai_generated/mj_topup_000945.jpg
data_sources/ai_generated/Midjourney_TopUp/mj_topup_000954.jpg,data_sources/ai_generated/Midjourney_TopUp,ai_generated,864,1728,0.5,JPEG,376490,d62397512dbe3d257cdca67872118844,c496979caf5521a40a1bb36909edd629b8171e110294270b0ad8395c1d62c666,1.0,eada15a458f329a6,ok,224.4800936041699,True,True,cluster_00259,test,/home/dheirav/Code/Deepfake_Detection/deepfake-project/dataset_builder/test/ai_generated/mj_topup_000954.jpg
data_sources/ai_generated/Midjourney_TopUp/mj_topup_000967.jpg,data_sources/ai_generated/Midjourney_TopUp,ai_generated,300,520,0.5769,JPEG,47509,8df0b04c279ec557462940b0a776046c,6e383b86cde372a905750bafd04cedac85cc2366a3af2b32cde2e52c5ced0077,1.0,f0d04b716765e4e1,ok,512.1395761405325,True,True,cluster_01045,test,/home/dheirav/Code/Deepfake_Detection/deepfake-project/dataset_builder/test/ai_generated/mj_topup_000967.jpg
data_sources/ai_generated/Midjourney_TopUp/mj_topup_000987.jpg,data_sources/ai_generated/Midjourney_TopUp,ai_generated,322,520,0.6192,JPEG,27313,9218d8471a7b81e2c18be2dde8ad5e11,3c0d8568ce8055711cb92fa9dc7d5b6e94c603e0c24ff453ffe86a50897bea01,1.0,cc6b3cc7623d9262,ok,88.87247369193327,True,True,cluster_01037,test,/home/dheirav/Code/Deepfake_Detection/deepfake-project/dataset_builder/test/ai_generated/mj_topup_000987.jpg
data_sources/ai_generated/Midjourney_TopUp/mj_topup_000995.jpg,data_sources/ai_generated/Midjourney_TopUp,ai_generated,300,520,0.5769,JPEG,46135,8a6838ac5be4c228051faf38262fcd12,19e3ce389d7a3c59527e264bd02fee2d22303e8dc4d92e118d0a7b64247eb193,1.0,9194b63733763626,ok,637.5853957820102,True,True,cluster_01049,test,/home/dheirav/Code/Deepfake_Detection/deepfake-project/dataset_builder/test/ai_generated/mj_topup_000995.jpg
data_sources/ai_generated/Midjourney_TopUp/mj_topup_001007.jpg,data_sources/ai_generated/Midjourney_TopUp,ai_generated,346,520,0.6654,JPEG,56238,cbd379b633100eadea28028eb43f4986,34a63e134b6e8488958a6af2e97b4b468da61652813a67de6ef740582331427f,1.0,91b16e0f78782d72,ok,452.2142840664721,True,True,cluster_00990,test,/home/dheirav/Code/Deepfake_Detection/deepfake-project/dataset_builder/test/ai_generated/mj_topup_001007.jpg
data_sources/ai_generated/Midjourney_TopUp/mj_topup_001015.jpg,data_sources/ai_generated/Midjourney_TopUp,ai_generated,346,520,0.6654,JPEG,73531,bf974a9810f9342a3a09847827fa5d02,0488cb5a2c1f64279d13d93e60f8964313e0c0d24b71a78be7e45184906134a7,1.0,9be4c4919a4d373a,ok,1111.5908630504423,True,True,cluster_00984,test,/home/dheirav/Code/Deepfake_Detection/deepfake-project/dataset_builder/test/ai_generated/mj_topup_001015.jpg
data_sources/ai_generated/Midjourney_TopUp/mj_topup_001016.jpg,data_sources/ai_generated/Midjourney_TopUp,ai_generated,1024,1536,0.6667,JPEG,495753,daffb9dae2c0e2ff8d5ab79181b87da7,30bc120b959d85e0f80226e5efb698d60c79830edb97ebbc2b76052235772c3e,1.0,91b465c67269cd96,ok,1534.3539770756988,True,True,cluster_00116,test,/home/dheirav/Code/Deepfake_Detection/deepfake-project/dataset_builder/test/ai_generated/mj_topup_001016.jpg
data_sources/ai_generated/Midjourney_TopUp/mj_topup_001018.jpg,data_sources/ai_generated/Midjourney_TopUp,ai_generated,960,1664,0.5769,JPEG,396204,2a8c4b13bb6e5a4a62d441d0b195a9f0,4717a4cb491dca67f74b1a3b61510aeb2014d04dd276a42b267065d64c1675a2,1.0,b194df95895a6d22,ok,146.6314123571209,True,True,cluster_00067,test,/home/dheirav/Code/Deepfake_Detection/deepfake-project/dataset_builder/test/ai_generated/mj_topup_001018.jpg
data_sources/ai_generated/Midjourney_TopUp/mj_topup_001026.jpg,data_sources/ai_generated/Midjourney_TopUp,ai_generated,1024,1024,1.0,JPEG,253865,b48423f7bf6679720aa3acf402edce76,07d1a828a1f66e68de43ec7e0bc9e4f6a65399d1d293b348b053fd5623a796ee,1.0,95c65ac9697172d2,ok,355.4375339758662,True,True,cluster_00600,test,/home/dheirav/Code/Deepfake_Detection/deepfake-project/dataset_builder/test/ai_generated/mj_topup_001026.jpg
data_sources/ai_generated/Midjourney_TopUp/mj_topup_001028.jpg,data_sources/ai_generated/Midjourney_TopUp,ai_generated,864,1728,0.5,JPEG,446665,132267b0d5d85d61afe230ae0fa9110f,1dd0e36aeb3179cbbea2067dbaf199a799849fa3c368a93d9e9c2985d02b5bd0,1.0,993732c966d28d93,ok,1770.3756898879942,True,True,cluster_00238,test,/home/dheirav/Code/Deepfake_Detection/deepfake-project/dataset_builder/test/ai_generated/mj_topup_001028.jpg
data_sources/ai_generated/Midjourney_TopUp/mj_topup_001036.jpg,data_sources/ai_generated/Midjourney_TopUp,ai_generated,1536,1024,1.5,JPEG,395801,143edcce2e412c9740f0062eaa3e7293,8cc1a723a14763c269daeeae21f4c8ff21646730e6ce3fa0369bd64de4ac1f7d,1.0,87cb396466926b69,ok,796.4166939937855,True,True,cluster_00150,test,/home/dheirav/Code/Deepfake_Detection/deepfake-project/dataset_builder/test/ai_generated/mj_topup_001036.jpg
data_sources/ai_generated/Midjourney_TopUp/mj_topup_001038.jpg,data_sources/ai_generated/Midjourney_TopUp,ai_generated,1568,896,1.75,JPEG,426360,5368f3a1cdff0214fe4dd8ddd22ac639,fb3098213229f100589008a0b17ee0107808dcbbfd3802c843aa7264259917ba,1.0,c6ff04c86b4962a7,ok,1839.5284482505574,True,True,cluster_00338,test,/home/dheirav/Code/Deepfake_Detection/deepfake-project/dataset_builder/test/ai_generated/mj_topup_001038.jpg
data_sources/ai_generated/Midjourney_TopUp/mj_topup_001040.jpg,data_sources/ai_generated/Midjourney_TopUp,ai_generated,1024,1344,0.7619,JPEG,424234,c94527ee5a6df1ca8f3cbaeca2bf9627,a3dca730b760b744cc238978d25f6a7b2289a27a539578f753ae0a972ac475cc,1.0,da16cce9b189a4bc,ok,707.4244268279768,True,True,cluster_00346,test,/home/dheirav/Code/Deepfake_Detection/deepfake-project/dataset_builder/test/ai_generated/mj_topup_001040.jpg
data_sources/ai_generated/Midjourney_TopUp/mj_topup_001046.jpg,data_sources/ai_generated/Midjourney_TopUp,ai_generated,960,1664,0.5769,JPEG,315139,10dcf3441271fe17b7b06742fa47af01,4f36358f9cb02006e146bfd5748d86611cfebef8337352053493c2e8e042594d,1.0,9949a4656eb46e9a,ok,108.21379579170998,True,True,cluster_00090,test,/home/dheirav/Code/Deepfake_Detection/deepfake-project/dataset_builder/test/ai_generated/mj_topup_001046.jpg
data_sources/ai_generated/Midjourney_TopUp/mj_topup_001048.jpg,data_sources/ai_generated/Midjourney_TopUp,ai_generated,960,1664,0.5769,JPEG,293836,c0f86ad5da45f3e0dc3bb57eeb92ce53,6f3dbd1b65bfd611fef70f8ffccb6b7539984f6e21e9c2607dc7d36f05d48d62,1.0,943998b467c96be4,ok,111.88221965768753,True,True,cluster_00099,test,/home/dheirav/Code/Deepfake_Detection/deepfake-project/dataset_builder/test/ai_generated/mj_topup_001048.jpg
data_sources/ai_generated/Midjourney_TopUp/mj_topup_001049.jpg,data_sources/ai_generated/Midjourney_TopUp,ai_generated,300,520,0.5769,JPEG,42537,63f6e06840f66ededbcdb43e5a631991,5852121ce30633220faa4d566e21e4d3b7419db18a9583cbbc63d396f0c645b0,1.0,943999b467c96be0,ok,373.942868573307,True,True,cluster_01056,test,/home/dheirav/Code/Deepfake_Detection/deepfake-project/dataset_builder/test/ai_generated/mj_topup_001049.jpg
data_sources/ai_generated/Midjourney_TopUp/mj_topup_001050.jpg,data_sources/ai_generated/Midjourney_TopUp,ai_generated,864,1728,0.5,JPEG,328443,18e0fc0907f298843b234f094263dd95,fd5380f308585fad85adb8382eafc6d6d7f83842cb6c52493c428c8dd13bf4f4,1.0,84b763cc7a5a192d,ok,715.2790496544845,True,True,cluster_00283,test,/home/dheirav/Code/Deepfake_Detection/deepfake-project/dataset_builder/test/ai_generated/mj_topup_001050.jpg
data_sources/ai_generated/Midjourney_TopUp/mj_topup_001053.jpg,data_sources/ai_generated/Midjourney_TopUp,ai_generated,346,520,0.6654,JPEG,38010,315bb926a4564dc3f51f98832cce94f8,b55fbe3a186aa260005beeac2db27d6be26f2d7b63638fd11cb45fa0fcf5e0e9,1.0,cf9bb070f111971c,ok,123.9703636925932,True,True,cluster_01020,test,/home/dheirav/Code/Deepfake_Detection/deepfake-project/dataset_builder/test/ai_generated/mj_topup_001053.jpg
data_sources/ai_generated/Midjourney_TopUp/mj_topup_001056.jpg,data_sources/ai_generated/Midjourney_TopUp,ai_generated,960,1664,0.5769,JPEG,581518,d2395c0b2421745660516ea769f89596,c0b98ad7be301cbeff72c04b3345617f34ed214d7f82848f9b3a0eb2932a6c46,1.0,94db5ae1255b3c38,ok,760.9922209480854,True,True,cluster_00038,test,/home/dheirav/Code/Deepfake_Detection/deepfake-project/dataset_builder/test/ai_generated/mj_topup_001056.jpg
data_sources/ai_generated/Midjourney_TopUp/mj_topup_001063.jpg,data_sources/ai_generated/Midjourney_TopUp,ai_generated,346,520,0.6654,JPEG,62571,074d03ada976f4e72fa8ad781f8d701f,b6b5aefd15312582589027d4b369d8076450fafb7215c04a909d769611c36a63,1.0,9a45cb3e6d373032,ok,769.4180207159657,True,True,cluster_00987,test,/home/dheirav/Code/Deepfake_Detection/deepfake-project/dataset_builder/test/ai_generated/mj_topup_001063.jpg
data_sources/ai_generated/Midjourney_TopUp/mj_topup_001065.jpg,data_sources/ai_generated/Midjourney_TopUp,ai_generated,346,520,0.6654,JPEG,53912,b3b3b1bbeec24e7def0b83289118e8c8,29e0fcc41c7602c52bc0221dd4fec9e0d8b4f2bac68efc71e9f58a556cf49be6,1.0,d6d4303b69c36713,ok,541.032824226903,True,True,cluster_00994,test,/home/dheirav/Code/Deepfake_Detection/deepfake-project/dataset_builder/test/ai_generated/mj_topup_001065.jpg
data_sources/ai_generated/Midjourney_TopUp/mj_topup_001068.jpg,data_sources/ai_generated/Midjourney_TopUp,ai_generated,1536,1024,1.5,JPEG,461760,83a2170074cd37c7ba17c75dd53e6873,92256cd98fc0a02954dcaac752eb2c8046bf5033bd7981371bf0a6a4d49a643f,1.0,c5c0e63339c539dc,ok,1364.9877783316088,True,True,cluster_00126,test,/home/dheirav/Code/Deepfake_Detection/deepfake-project/dataset_builder/test/ai_generated/mj_topup_001068.jpg
data_sources/ai_generated/Midjourney_TopUp/mj_topup_001074.jpg,data_sources/ai_generated/Midjourney_TopUp,ai_generated,1024,1536,0.6667,JPEG,400599,0f9229ac18a8644ad705b8154c98ffcd,ea3f50d0d9bb4414b8636d39a46a1dc145a8340381b9e5bb90b10b9b3ade8912,1.0,e5a23a5bc3658da4,ok,146.04470835163335,True,True,cluster_00148,test,/home/dheirav/Code/Deepfake_Detection/deepfake-project/dataset_builder/test/ai_generated/mj_topup_001074.jpg
data_sources/ai_generated/Midjourney_TopUp/mj_topup_001078.jpg,data_sources/ai_generated/Midjourney_TopUp,ai_generated,1024,1344,0.7619,JPEG,370556,fc4129adee58c4d3b3150b34d3d62024,0717cb56778c52b548966b41fc03efcc595957dfb6e7f4444fc307076851fe8d,1.0,9596872585b765b1,ok,274.68538291052687,True,True,cluster_00349,test,/home/dheirav/Code/Deepfake_Detection/deepfake-project/dataset_builder/test/ai_generated/mj_topup_001078.jpg
data_sources/ai_generated/Midjourney_TopUp/mj_topup_001084.jpg,data_sources/ai_generated/Midjourney_TopUp,ai_generated,864,1728,0.5,JPEG,217882,1a370084a35140e1f224c77b44c547f6,32f5b63dfdae7382b4fc7217665fb0306ada77b011e1c6ba1e8fbec680194f2e,1.0,e18797941e1a4ef2,ok,116.37143163276089,True,True,cluster_00329,test,/home/dheirav/Code/Deepfake_Detection/deepfake-project/dataset_builder/test/ai_generated/mj_topup_001084.jpg
data_sources/ai_generated/Midjourney_TopUp/mj_topup_001085.jpg,data_sources/ai_generated/Midjourney_TopUp,ai_generated,260,520,0.5,JPEG,24665,b351831f30769875e2f1c973ccf2f661,a14420999fbf9bf8dfe0acf7650f6385f442804304a4134a483d04aed1fca31c,1.0,e18797940e1a4ef3,ok,304.79820372399206,True,True,cluster_01120,test,/home/dheirav/Code/Deepfake_Detection/deepfake-project/dataset_builder/test/ai_generated/mj_topup_001085.jpg
data_sources/ai_generated/Midjourney_TopUp/mj_topup_001089.jpg,data_sources/ai_generated/Midjourney_TopUp,ai_generated,300,520,0.5769,JPEG,39596,507a06ff87ad6c58bdcc6a9fb71a92c7,d69b738ddc64b3ff5d98e9ba22a31130e701b14c407dc7937f84b0d6884e8b33,1.0,d569250dc63165f6,ok,418.823081443787,True,True,cluster_01061,test,/home/dheirav/Code/Deepfake_Detection/deepfake-project/dataset_builder/test/ai_generated/mj_topup_001089.jpg
data_sources/ai_generated/Midjourney_TopUp/mj_topup_001092.jpg,data_sources/ai_generated/Midjourney_TopUp,ai_generated,864,1728,0.5,JPEG,366702,f609cba70f74f45032a1afb560a125af,0e12403e5e1bb0c562dc63e804c27b737444d0b0cbcfac776c9599785d6e1a86,1.0,b5d0544f4bb13cb4,ok,152.9708444209151,True,True,cluster_00265,test,/home/dheirav/Code/Deepfake_Detection/deepfake-project/dataset_builder/test/ai_generated/mj_topup_001092.jpg
data_sources/ai_generated/Midjourney_TopUp/mj_topup_001108.jpg,data_sources/ai_generated/Midjourney_TopUp,ai_generated,1024,1536,0.6667,JPEG,522827,f7fe74ce6d5ebcaa748f41239c02ea59,ff98eaaf5fd320ecb4740638ac7b3bb62c491eb39f6d537f803c177da79078b9,1.0,85c76a6b1f3c60f0,ok,1742.2529946112536,True,True,cluster_00114,test,/home/dheirav/Code/Deepfake_Detection/deepfake-project/dataset_builder/test/ai_generated/mj_topup_001108.jpg
data_sources/ai_generated/Midjourney_TopUp/mj_topup_001111.jpg,data_sources/ai_generated/Midjourney_TopUp,ai_generated,520,346,1.5029,JPEG,39614,5e8a991967317f0177e2d9fd01188dd1,2e165cec3cda3c5981b0d732b8b55eef0aa093adbc8d4acd3633068eb2f9fe9e,1.0,9b89ac4b2e6664b5,ok,242.77769678661093,True,True,cluster_01017,test,/home/dheirav/Code/Deepfake_Detection/deepfake-project/dataset_builder/test/ai_generated/mj_topup_001111.jpg
data_sources/ai_generated/Midjourney_TopUp/mj_topup_001136.jpg,data_sources/ai_generated/Midjourney_TopUp,ai_generated,1024,1024,1.0,JPEG,175164,46b597709e02c025826b54c1935d6c51,77f2108324b734a60ad1db0d4a499454d2fa92cd9ad3c67ee95147d03651ab40,1.0,95ce4c0dc4dae4f2,ok,136.31111587680698,True,True,cluster_00691,test,/home/dheirav/Code/Deepfake_Detection/deepfake-project/dataset_builder/test/ai_generated/mj_topup_001136.jpg
data_sources/ai_generated/Midjourney_TopUp/mj_topup_001142.jpg,data_sources/ai_generated/Midjourney_TopUp,ai_generated,960,1664,0.5769,JPEG,310763,e753b04def5f6626d98eed9c714ef923,ef64abf133a67f240f441871f4881c79df54963669a15131f7e73bb0bfd56e41,1.0,d6c62b692c9c2d1b,ok,334.1824717915912,True,True,cluster_00092,test,/home/dheirav/Code/Deepfake_Detection/deepfake-project/dataset_builder/test/ai_generated/mj_topup_001142.jpg
data_sources/ai_generated/Midjourney_TopUp/mj_topup_001146.jpg,data_sources/ai_generated/Midjourney_TopUp,ai_generated,1024,1536,0.6667,JPEG,286820,9d69abcb08e08fe79907d62ab438df84,ca156b60ab8ce84d9f9d7f864bb2bacb1dabfee92c1eed9cf82ccfd876ab88aa,1.0,a486595b1f93a369,ok,89.5732920594548,True,True,cluster_00203,test,/home/dheirav/Code/Deepfake_Detection/deepfake-project/dataset_builder/test/ai_generated/mj_topup_001146.jpg
data_sources/ai_generated/Midjourney_TopUp/mj_topup_001153.jpg,data_sources/ai_generated/Midjourney_TopUp,ai_generated,346,520,0.6654,JPEG,44746,5a58081b9cbac8b9b2f518325b22d241,ad698e76cd56194d8d8b0724a9f64033b34da9c24c378208944bdbc2e6a54765,1.0,e6e45cd2585dc938,ok,229.07032214591794,True,True,cluster_01003,test,/home/dheirav/Code/Deepfake_Detection/deepfake-project/dataset_builder/test/ai_generated/mj_topup_001153.jpg
data_sources/ai_generated/Midjourney_TopUp/mj_topup_001168.jpg,data_sources/ai_generated/Midjourney_TopUp,ai_generated,1024,1536,0.6667,JPEG,372439,ab919631997b8f8feae88f7c8955e17a,3f275d22c0e97e5c9efe0f866bca26c7bb3c0281f0f7e929ed81a78d6c74d9ab,1.0,cce272cc913f3389,ok,252.4767636372692,True,True,cluster_00161,test,/home/dheirav/Code/Deepfake_Detection/deepfake-project/dataset_builder/test/ai_generated/mj_topup_001168.jpg
data_sources/ai_generated/Midjourney_TopUp/mj_topup_001178.jpg,data_sources/ai_generated/Midjourney_TopUp,ai_generated,960,1664,0.5769,JPEG,280471,7e7ee94f535b706171d6026fd7c8215a,c12469eba178e446819cfb3d8041a8d069be316c8b612ef31bcea161498f2e2d,1.0,f597c04c1f595662,ok,181.62460282114444,True,True,cluster_00105,test,/home/dheirav/Code/Deepfake_Detection/deepfake-project/dataset_builder/test/ai_generated/mj_topup_001178.jpg
data_sources/ai_generated/Midjourney_TopUp/dalle_topup_000125.jpg,data_sources/ai_generated/Midjourney_TopUp,ai_generated,1280,574,2.23,JPEG,138950,f3837e82e117484c81cc6df6e1061ee3,332ac6b53a2d6a2ba91048b3d0a61cc44bf3b3259b8c3afe8e6a3a28e9c1a6b0,0.8,85b93de863263cc3,aspect_ratio_extreme,221.63884606652863,True,False,cluster_01127,train,/home/dheirav/Code/Deepfake_Detection/deepfake-project/dataset_builder/train/ai_generated/dalle_topup_000125.jpg
data_sources/ai_generated/Midjourney_TopUp/dalle_topup_000126.jpg,data_sources/ai_generated/Midjourney_TopUp,ai_generated,1280,571,2.2417,JPEG,159317,39ecd389f588b7508d20170813df2fed,a441186280e2c1d8e22558a522134eef67c5ef87481a102fb7debef84fc1168f,0.8,939a2b856c7d8723,aspect_ratio_extreme,423.78652980059024,True,False,cluster_01128,train,/home/dheirav/Code/Deepfake_Detection/deepfake-project/dataset_builder/train/ai_generated/dalle_topup_000126.jpg
data_sources/ai_generated/Midjourney_TopUp/dalle_topup_000493.jpg,data_sources/ai_generated/Midjourney_TopUp,ai_generated,1280,428,2.9907,JPEG,128323,a0836513c0f278c2106cb2cb41a6a955,24b38026a86d23751e850556cb3d504865f03dbcd1ec3db1591a05c665ac45e0,0.8,d1b1825abd05fe2a,aspect_ratio_extreme,194.88102513856975,True,False,cluster_01135,train,/home/dheirav/Code/Deepfake_Detection/deepfake-project/dataset_builder/train/ai_generated/dalle_topup_000493.jpg
data_sources/ai_generated/Midjourney_TopUp/dalle_topup_000786.jpg,data_sources/ai_generated/Midjourney_TopUp,ai_generated,1280,430,2.9767,JPEG,121149,d9718834437734de1b2a468fdc2050c1,1a4e12feb63526d9c4e009a523c6c6e6a4432f46ab222e7b0173b2693f0959e5,0.8,e6865975ea186b8a,aspect_ratio_extreme,367.13793543531506,True,False,cluster_01132,train,/home/dheirav/Code/Deepfake_Detection/deepfake-project/dataset_builder/train/ai_generated/dalle_topup_000786.jpg
data_sources/ai_generated/Midjourney_TopUp/dalle_topup_000787.jpg,data_sources/ai_generated/Midjourney_TopUp,ai_generated,1280,430,2.9767,JPEG,113198,1266bf64db48ad8b34cb05eaaa76b69b,21e49dbdfe2219be200c9e36d3801650a264c4be9dd87333f7fe0d63c5ec0628,0.8,c0fa9ff33c86a025,aspect_ratio_extreme,375.3629103516681,True,False,cluster_01134,train,/home/dheirav/Code/Deepfake_Detection/deepfake-project/dataset_builder/train/ai_generated/dalle_topup_000787.jpg
data_sources/ai_generated/Midjourney_TopUp/dalle_topup_000890.jpg,data_sources/ai_generated/Midjourney_TopUp,ai_generated,510,1280,0.3984,JPEG,141141,f6f9465a6f5b79ba55c283715335020f,8cc64957ca1e97dd4834d6c5b37cfa392f03a897cc905d6b48a47bc17d7aeafc,0.8,978f597176188ec1,aspect_ratio_extreme,268.1127923379243,True,False,cluster_01130,train,/home/dheirav/Code/Deepfake_Detection/deepfake-project/dataset_builder/train/ai_generated/dalle_topup_000890.jpg
data_sources/ai_generated/Midjourney_TopUp/dalle_topup_000891.jpg,data_sources/ai_generated/Midjourney_TopUp,ai_generated,510,1280,0.3984,JPEG,134506,12b73d96bf1d005e6a6b8112075987fe,16ac07478d16848af6c374bd68c0bd380d85143c8f39452e723d3d9731af72a4,0.8,d3d42c21f39cb463,aspect_ratio_extreme,129.93074738107555,True,False,cluster_01131,train,/home/dheirav/Code/Deepfake_Detection/deepfake-project/dataset_builder/train/ai_generated/dalle_topup_000891.jpg
data_sources/ai_generated/Midjourney_TopUp/dalle_topup_000964.jpg,data_sources/ai_generated/Midjourney_TopUp,ai_generated,1018,507,2.0079,JPEG,213774,08201b3c53813a984b375e5602480fcf,64a401d53c5ad372af16fc70f5241272ebace7bb4ef0d427aff3b5ba1dfa06ac,0.8,83685e956897659e,aspect_ratio_extreme,2154.033506353096,True,False,cluster_01137,train,/home/dheirav/Code/Deepfake_Detection/deepfake-project/dataset_builder/train/ai_generated/dalle_topup_000964.jpg
data_sources/ai_generated/Midjourney_TopUp/dalle_topup_000966.jpg,data_sources/ai_generated/Midjourney_TopUp,ai_generated,1018,507,2.0079,JPEG,219016,e561730036920013c6f4d78320eb14eb,385e684f5d32b77e1a40ea6b0d6cc2adf9d14ad2d585365209a49eada60e471b,0.8,913266c93b966e65,aspect_ratio_extreme,2459.03321088261,True,False,cluster_01136,train,/home/dheirav/Code/Deepfake_Detection/deepfake-project/dataset_builder/train/ai_generated/dalle_topup_000966.jpg
data_sources/ai_generated/Midjourney_TopUp/dalle_topup_000000.jpg,data_sources/ai_generated/Midjourney_TopUp,ai_generated,1024,1024,1.0,JPEG,520264,5601220d4275bc94130b56a3cd40843e,57e3194d6638d1b7d9b8f6a543e1465ca6bdb9a17c01733e4407dfb0b74738a6,1.0,9cc17aa85cb51ace,ok,3574.9799534362637,True,True,cluster_00467,train,/home/dheirav/Code/Deepfake_Detection/deepfake-project/dataset_builder/train/ai_generated/dalle_topup_000000.jpg
data_sources/ai_generated/Midjourney_TopUp/dalle_topup_000004.jpg,data_sources/ai_generated/Midjourney_TopUp,ai_generated,640,1280,0.5,JPEG,259251,7cab9265345b3043712b5aaa756d74ac,70b2fb254c7e1f6cb1088af8ea70d4c7690e1efa731f3a9028dd6f79f24ae7d4,1.0,f40f054ff8f05b90,ok,871.4149986808761,True,True,cluster_00880,train,/home/dheirav/Code/Deepfake_Detection/deepfake-project/dataset_builder/train/ai_generated/dalle_topup_000004.jpg
data_sources/ai_generated/Midjourney_TopUp/dalle_topup_000015.jpg,data_sources/ai_generated/Midjourney_TopUp,ai_generated,520,346,1.5029,JPEG,51185,db735bfcabf84673873a06d6104ed9e7,22bb49b80fc70603b2572d4d9b3e9ea42b8d9a97cb9b85d430c25640c134c978,1.0,969c6976729e6071,ok,313.9566085326989,True,True,cluster_00996,train,/home/dheirav/Code/Deepfake_Detection/deepfake-project/dataset_builder/train/ai_generated/dalle_topup_000015.jpg
data_sources/ai_generated/Midjourney_TopUp/dalle_topup_000020.jpg,data_sources/ai_generated/Midjourney_TopUp,ai_generated,1024,1024,1.0,JPEG,212725,08b0f73693c70c644f5721d967903ca6,96c2a110297fca618aa3eec29419483c7a4168962dc0c860d98084d44a1b660b,1.0,c33c3ee63ccc1331,ok,613.9622049330928,True,True,cluster_00655,train,/home/dheirav/Code/Deepfake_Detection/deepfake-project/dataset_builder/train/ai_generated/dalle_topup_000020.jpg
data_sources/ai_generated/Midjourney_TopUp/dalle_topup_000023.jpg,data_sources/ai_generated/Midjourney_TopUp,ai_generated,292,520,0.5615,JPEG,29332,15e4630bd4c2ee8f04ef6c841302e05f,77beaaa5ab9fad0582f357b8ca4f19ab43bc989709c0125337f5f4023331ad66,1.0,d9e21a5be5cc8613,ok,126.16455526365172,True,True,cluster_01082,train,/home/dheirav/Code/Deepfake_Detection/deepfake-project/dataset_builder/train/ai_generated/dalle_topup_000023.jpg
data_sources/ai_generated/Midjourney_TopUp/dalle_topup_000027.jpg,data_sources/ai_generated/Midjourney_TopUp,ai_generated,292,520,0.5615,JPEG,32481,c9d74ecba3707ed6164fa70d79cd990c,bcb5a4f02715b2bc1c81429994c09c4c6d5eb121ae2fc00ff6ad055f7c8f31d7,1.0,d0d6212dd0c76c7e,ok,189.90053176464764,True,True,cluster_01081,train,/home/dheirav/Code/Deepfake_Detection/deepfake-project/dataset_builder/train/ai_generated/dalle_topup_000027.jpg
data_sources/ai_generated/Midjourney_TopUp/dalle_topup_000030.jpg,data_sources/ai_generated/Midjourney_TopUp,ai_generated,1224,918,1.3333,JPEG,344180,02018f60f50ac5984f64354357841a36,13c50d4c6db0b98147f6a6433afc51bfb5a31d6aadf7a5461abb8a90ddc4a784,1.0,c1c4908b6dc9cfdc,ok,246.25606327658932,True,True,cluster_00409,train,/home/dheirav/Code/Deepfake_Detection/deepfake-project/dataset_builder/train/ai_generated/dalle_topup_000030.jpg
data_sources/ai_generated/Midjourney_TopUp/dalle_topup_000032.jpg,data_sources/ai_generated/Midjourney_TopUp,ai_generated,1026,1026,1.0,JPEG,166760,9ae5909b9e337418e4f311e83b9e8081,0289e3ad338525b8230f6e8d02e4e8296a3183b2bb6e4c5ed502099237608987,1.0,cf3330dc65c73238,ok,593.9868653935582,True,True,cluster_00458,train,/home/dheirav/Code/Deepfake_Detection/deepfake-project/dataset_builder/train/ai_generated/dalle_topup_000032.jpg
data_sources/ai_generated/Midjourney_TopUp/dalle_topup_000036.jpg,data_sources/ai_generated/Midjourney_TopUp,ai_generated,1280,717,1.7852,JPEG,126643,13168f39c49606c59d129b0e8533397a,bb1f97228299205e2c20eb305cac9f83395aa18778f0f3af4aa38f31871f41d7,1.0,c6cc3933c61e59c5,ok,266.1561049998178,True,True,cluster_00860,train,/home/dheirav/Code/Deepfake_Detection/deepfake-project/dataset_builder/train/ai_generated/dalle_topup_000036.jpg
data_sources/ai_generated/Midjourney_TopUp/dalle_topup_000047.jpg,data_sources/ai_generated/Midjourney_TopUp,ai_generated,520,512,1.0156,JPEG,51806,ae0502bcde5d23e6752ab251e53a5595,52be36cd27dc31e203d95f1280ba5e0cea30603bf53239703be48732c8b89832,1.0,c01fc21f78e22fc9,ok,100.61967454035607,True,True,cluster_00954,train,/home/dheirav/Code/Deepfake_Detection/deepfake-project/dataset_builder/train/ai_generated/dalle_topup_000047.jpg
data_sources/ai_generated/Midjourney_TopUp/dalle_topup_000048.jpg,data_sources/ai_generated/Midjourney_TopUp,ai_generated,1026,999,1.027,JPEG,187763,389c23a8fd3ed6ae8e89cb3209a87623,6186d8fef92cac9b186c7fb213e30007db5983a90a6d291260338b15da643dba,1.0,9d9b8b24662e663a,ok,210.08396013284982,True,True,cluster_00789,train,/home/dheirav/Code/Deepfake_Detection/deepfake-project/dataset_builder/train/ai_generated/dalle_topup_000048.jpg
data_sources/ai_generated/Midjourney_TopUp/dalle_topup_000050.jpg,data_sources/ai_generated/Midjourney_TopUp,ai_generated,1024,1024,1.0,JPEG,407531,7443811dc5b381bd04e7744ef2fdd2b7,f2b6ff4a85996f2125f6e2d0594b0cc39f921f355d00bb8ab9c763fe1c0073da,1.0,92b0e2e7d43a878e,ok,1414.233856403348,True,True,cluster_00489,train,/home/dheirav/Code/Deepfake_Detection/deepfake-project/dataset_builder/train/ai_generated/dalle_topup_000050.jpg
data_sources/ai_generated/Midjourney_TopUp/dalle_topup_000054.jpg,data_sources/ai_generated/Midjourney_TopUp,ai_generated,717,1280,0.5602,JPEG,155036,a9eadad8ca66db5216b9eb0f2243a6d4,0ab5014d401fab16e45349b21c65d3d9f90c61f815ad202ae72e03b92699762e,1.0,e0a03fd6361f91d4,ok,91.22567337438699,True,True,cluster_00858,train,/home/dheirav/Code/Deepfake_Detection/deepfake-project/dataset_builder/train/ai_generated/dalle_topup_000054.jpg
data_sources/ai_generated/Midjourney_TopUp/dalle_topup_000056.jpg,data_sources/ai_generated/Midjourney_TopUp,ai_generated,1024,1024,1.0,JPEG,558829,e2b14e449ef3b975bb802db56787fde6,72562b364627a1a5f828556e39910bee7cea92367b845567b69379a9b74e5bcc,1.0,ea98b9f618e205e5,ok,6196.989883798764,True,True,cluster_00465,train,/home/dheirav/Code/Deepfake_Detection/deepfake-project/dataset_builder/train/ai_generated/dalle_topup_000056.jpg
data_sources/ai_generated/Midjourney_TopUp/dalle_topup_000058.jpg,data_sources/ai_generated/Midjourney_TopUp,ai_generated,1024,1024,1.0,JPEG,249249,28126526ac54e315e23d2e871174787f,be39f70f9786f8f525a9b32a80f24f79232e33754e3b27e7cca43f27b64386a7,1.0,9bb3248fd821475e,ok,266.48121535045254,True,True,cluster_00609,train,/home/dheirav/Code/Deepfake_Detection/deepfake-project/dataset_builder/train/ai_generated/dalle_topup_000058.jpg
data_sources/ai_generated/Midjourney_TopUp/dalle_topup_000063.jpg,data_sources/ai_generated/Midjourney_TopUp,ai_generated,514,520,0.9885,JPEG,47427,39aa3cde0eb899424307158a8b535ebf,4fe939b3f05ca1d2f4fe234dd88d99a828a5f926aa5ebeb451124849042e224d,1.0,c172343c2dc97973,ok,128.93811977582135,True,True,cluster_00951,train,/home/dheirav/Code/Deepfake_Detection/deepfake-project/dataset_builder/train/ai_generated/dalle_topup_000063.jpg
data_sources/ai_generated/Midjourney_TopUp/dalle_topup_000073.jpg,data_sources/ai_generated/Midjourney_TopUp,ai_generated,520,520,1.0,JPEG,80406,5a390dcee7e0265e8cce0bfdc66b44e5,80df8f15429f4487002a726db4e9156f7fa13832371e3559236da2b0373ffb84,1.0,86183dc60de477d9,ok,536.8109520254346,True,True,cluster_00912,train,/home/dheirav/Code/Deepfake_Detection/deepfake-project/dataset_builder/train/ai_generated/dalle_topup_000073.jpg
data_sources/ai_generated/Midjourney_TopUp/dalle_topup_000076.jpg,data_sources/ai_generated/Midjourney_TopUp,ai_generated,1023,1023,1.0,JPEG,517232,8542e9837b2facc8b49c239244bf3f94,15595e3bcd2b161dd1e406abd33430317ad3e1bc379aad47e45dbabea64cd24a,1.0,95927b843879c0bf,ok,1307.4144969517577,True,True,cluster_00714,train,/home/dheirav/Code/Deepfake_Detection/deepfake-project/dataset_builder/train/ai_generated/dalle_topup_000076.jpg
data_sources/ai_generated/Midjourney_TopUp/dalle_topup_000086.jpg,data_sources/ai_generated/Midjourney_TopUp,ai_generated,1024,1024,1.0,JPEG,185260,62dbbb7f7efc20e88acfff2f715023e1,97c346d0a14d4a2768eb9f8668b6a6947b197a8347be9ce84a74bbd0afd00e0b,1.0,e3ce7e7531e18888,ok,372.04111197200467,True,True,cluster_00684,train,/home/dheirav/Code/Deepfake_Detection/deepfake-project/dataset_builder/train/ai_generated/dalle_topup_000086.jpg
data_sources/ai_generated/Midjourney_TopUp/dalle_topup_000096.jpg,data_sources/ai_generated/Midjourney_TopUp,ai_generated,1280,853,1.5006,JPEG,311965,f918f32cd9834b24df59f13f588017f8,86b7502f93f40157c3e52f4f48401a5a1efc6fbd4c3a73e86cca15d05307cea6,1.0,81ea3e3cf0912dda,ok,249.20276760968358,True,True,cluster_00430,train,/home/dheirav/Code/Deepfake_Detection/deepfake-project/dataset_builder/train/ai_generated/dalle_topup_000096.jpg
data_sources/ai_generated/Midjourney_TopUp/dalle_topup_000104.jpg,data_sources/ai_generated/Midjourney_TopUp,ai_generated,1280,717,1.7852,JPEG,281965,789019402fff13ab6fa903066741a9bf,e8170907680355914c99133f564f5f35486c23a09bf208d1dfbce82841db20bb,1.0,d4b6133d670c3d43,ok,441.6345079585133,True,True,cluster_00828,train,/home/dheirav/Code/Deepfake_Detection/deepfake-project/dataset_builder/train/ai_generated/dalle_topup_000104.jpg
data_sources/ai_generated/Midjourney_TopUp/dalle_topup_000112.jpg,data_sources/ai_generated/Midjourney_TopUp,ai_generated,717,1280,0.5602,JPEG,222105,b4d7f70206fd5161fc0eaa4f6219f875,c062003d7a1658fae751cbc5645a8694b26ae01ead11cd7e8c1c506609483d1a,1.0,b5a54441a5afef21,ok,195.32256611728764,True,True,cluster_00839,train,/home/dheirav/Code/Deepfake_Detection/deepfake-project/dataset_builder/train/ai_generated/dalle_topup_000112.jpg
data_sources/ai_generated/Midjourney_TopUp/dalle_topup_000118.jpg,data_sources/ai_generated/Midjourney_TopUp,ai_generated,1025,1025,1.0,JPEG,252011,edac7a608e9ab2060626721bea822a8a,c693120ef6a84b9c3ea91be73ea73bb1c51776a98268555906fa4b8dc4938fce,1.0,85b35a4bac94993b,ok,275.8101452652838,True,True,cluster_00460,train,/home/dheirav/Code/Deepfake_Detection/deepfake-project/dataset_builder/train/ai_generated/dalle_topup_000118.jpg
data_sources/ai_generated/Midjourney_TopUp/dalle_topup_000129.jpg,data_sources/ai_generated/Midjourney_TopUp,ai_generated,1020,1020,1.0,JPEG,254879,6adeced18a7ecb9565ae50f757b9f172,30859f5d3f418818bc68e6dd4bf8c03f36508e7ab115d658d02c04399547af3e,1.0,b4f4c31b23cf89a1,ok,256.0684207423216,True,True,cluster_00736,train,/home/dheirav/Code/Deepfake_Detection/deepfake-project/dataset_builder/train/ai_generated/dalle_topup_000129.jpg
data_sources/ai_generated/Midjourney_TopUp/dalle_topup_000137.jpg,data_sources/ai_generated/Midjourney_TopUp,ai_generated,1024,900,1.1378,JPEG,246459,034d17bc7cc1d9d297a5a6a9d4a3e107,d3dcc4afb6182613f3a5ef539ed97a9e6814ade07a87117e0853522c81f3adfc,1.0,c36d4e27909c6373,ok,650.284868679301,True,True,cluster_00805,train,/home/dheirav/Code/Deepfake_Detection/deepfake-project/dataset_builder/train/ai_generated/dalle_topup_000137.jpg
data_sources/ai_generated/Midjourney_TopUp/dalle_topup_000144.jpg,data_sources/ai_generated/Midjourney_TopUp,ai_generated,520,520,1.0,JPEG,92618,5d170a634df0777ddb23524cb371fafb,b7f64abaa32852e044ad504a6b133fdac2e15e322699bbf9670ed8736ae34c7c,1.0,88f2607b92c73967,ok,447.9435157665693,True,True,cluster_00907,train,/home/dheirav/Code/Deepfake_Detection/deepfake-project/dataset_builder/train/ai_generated/dalle_topup_000144.jpg
data_sources/ai_generated/Midjourney_TopUp/dalle_topup_000145.jpg,data_sources/ai_generated/Midjourney_TopUp,ai_generated,1024,1024,1.0,JPEG,463473,825f270c4317ad90f83ed417b5d299ae,767953f0286a6c48400d1a875948dc97fc4a169e52777e08732e91f1384d2beb,1.0,9d1e1b96428375e5,ok,1120.5764692437042,True,True,cluster_00474,train,/home/dheirav/Code/Deepfake_Detection/deepfake-project/dataset_builder/train/ai_generated/dalle_topup_000145.jpg
data_sources/ai_generated/Midjourney_TopUp/dalle_topup_000146.jpg,data_sources/ai_generated/Midjourney_TopUp,ai_generated,520,520,1.0,JPEG,117734,735eb571c6219ca1e2e717d38d83db3e,663705b7490e428b07289b1387c08083e296ba0a3eaf3dd6d6585f1cf087c664,1.0,9d1f1b96028375e5,ok,963.6448697840669,True,True,cluster_00904,train,/home/dheirav/Code/Deepfake_Detection/deepfake-project/dataset_builder/train/ai_generated/dalle_topup_000146.jpg
data_sources/ai_generated/Midjourney_TopUp/dalle_topup_000147.jpg,data_sources/ai_generated/Midjourney_TopUp,ai_generated,1024,1024,1.0,JPEG,372165,7704b350eba412dce413bd04bc8cff41,09bfe05c57aff80415641756c84a7b58e68377cdd1799b248ef9968e3ddecc36,1.0,c0ac1f62718f61b7,ok,364.76439208768716,True,True,cluster_00499,train,/home/dheirav/Code/Deepfake_Detection/deepfake-project/dataset_builder/train/ai_generated/dalle_topup_000147.jpg
data_sources/ai_generated/Midjourney_TopUp/dalle_topup_000153.jpg,data_sources/ai_generated/Midjourney_TopUp,ai_generated,1024,1024,1.0,JPEG,283580,cb6f890777a859cd85f02cbca882d7b0,ccd2653f49ec4f1993bea81a2f3284658d0b595dc5f7124c4a15b1776ade76d8,1.0,c0a63b2f079a1cf9,ok,440.2208441732073,True,True,cluster_00551,train,/home/dheirav/Code/Deepfake_Detection/deepfake-project/dataset_builder/train/ai_generated/dalle_topup_000153.jpg
data_sources/ai_generated/Midjourney_TopUp/dalle_topup_000159.jpg,data_sources/ai_generated/Midjourney_TopUp,ai_generated,768,1152,0.6667,JPEG,123007,b8bd1b95eae397cd063936cb83e1f0a4,31e5c17c3a05589525768799cdc49bbf1479af155a60c8d7eee9fd4cd52cd283,1.0,c030ec1fc738ec1f,ok,288.53627409114387,True,True,cluster_00872,train,/home/dheirav/Code/Deepfake_Detection/deepfake-project/dataset_builder/train/ai_generated/dalle_topup_000159.jpg
data_sources/ai_generated/Midjourney_TopUp/dalle_topup_000164.jpg,data_sources/ai_generated/Midjourney_TopUp,ai_generated,416,520,0.8,JPEG,53421,aa862f7426fe21e644b3eafcfb296d68,11f84550df22c2084357a3164c73542d2e356050ec4a2c61f23556c437ebb2e8,1.0,e6851da61999876b,ok,406.62709968491833,True,True,cluster_00959,train,/home/dheirav/Code/Deepfake_Detection/deepfake-project/dataset_builder/train/ai_generated/dalle_topup_000164.jpg
data_sources/ai_generated/Midjourney_TopUp/dalle_topup_000167.jpg,data_sources/ai_generated/Midjourney_TopUp,ai_generated,1024,1024,1.0,JPEG,332041,1f0b25e43c22bb3ac100a4fe6572b18d,fac7feb0767cc49459222d5f8815ab372fcbb122790cb2311ac4c587136acb3b,1.0,9d9a00ac1e9f3de8,ok,502.5843052393093,True,True,cluster_00515,train,/home/dheirav/Code/Deepfake_Detection/deepfake-project/dataset_builder/train/ai_generated/dalle_topup_000167.jpg
data_sources/ai_generated/Midjourney_TopUp/dalle_topup_000177.jpg,data_sources/ai_generated/Midjourney_TopUp,ai_generated,449,449,1.0,JPEG,82742,c0efe75a1c940c518ccc731d2ec81165,ac940301951238a909f41a3f9cdcb48fa556b726a202ec7fecc5a04632b0f49b,1.0,c5c0b2e8fb923785,ok,1105.793700455537,True,True,cluster_00974,train,/home/dheirav/Code/Deepfake_Detection/deepfake-project/dataset_builder/train/ai_generated/dalle_topup_000177.jpg
data_sources/ai_generated/Midjourney_TopUp/dalle_topup_000187.jpg,data_sources/ai_generated/Midjourney_TopUp,ai_generated,1024,1024,1.0,JPEG,335769,eb6c6987a71bac083dfbbe9ddab48026,44ca761a90dc94406680391b39d514df551450128341c8a07a0d53807eb92237,1.0,83d12e4fc1d67643,ok,1781.7851826188812,True,True,cluster_00513,train,/home/dheirav/Code/Deepfake_Detection/deepfake-project/dataset_builder/train/ai_generated/dalle_topup_000187.jpg
data_sources/ai_generated/Midjourney_TopUp/dalle_topup_000209.jpg,data_sources/ai_generated/Midjourney_TopUp,ai_generated,828,464,1.7845,JPEG,98301,a7904986dac3624eeec2980c22f0b209,debf7a15119de06f286d322a272b0beb2387b8d5d13dae5813929c22346f832c,1.0,d36a3c840cc3d4fe,ok,755.816386777588,True,True,cluster_00897,train,/home/dheirav/Code/Deepfake_Detection/deepfake-project/dataset_builder/train/ai_generated/dalle_topup_000209.jpg
data_sources/ai_generated/Midjourney_TopUp/dalle_topup_000217.jpg,data_sources/ai_generated/Midjourney_TopUp,ai_generated,612,612,1.0,JPEG,121770,820b8e610f0f0227bb1e6992573a08ec,85a8593e996268f1e4740634cde1d31e0d9d8efcc58eaf9c411751d252c41c13,1.0,84c1693656be1d9d,ok,426.2147083005241,True,True,cluster_00900,train,/home/dheirav/Code/Deepfake_Detection/deepfake-project/dataset_builder/train/ai_generated/dalle_topup_000217.jpg
data_sources/ai_generated/Midjourney_TopUp/dalle_topup_000219.jpg,data_sources/ai_generated/Midjourney_TopUp,ai_generated,720,1280,0.5625,JPEG,186470,0059dd0d522648ce4a8426406e22f301,fd5cd92d903aa355b3ef0c54cc54cd2c9e093db17f966422b83a341be1022383,1.0,e6f759090939e2c6,ok,104.47100012646781,True,True,cluster_00811,train,/home/dheirav/Code/Deepfake_Detection/deepfake-project/dataset_builder/train/ai_generated/dalle_topup_000219.jpg
data_sources/ai_generated/Midjourney_TopUp/dalle_topup_000232.jpg,data_sources/ai_generated/Midjourney_TopUp,ai_generated,1280,718,1.7827,JPEG,200095,2da9e17e5ff8af8eb47b7c4e61016422,6fdbdcf22aa799503f98eb920eacfcab45bfbcb5ed216b016f6f2020a884d023,1.0,959d6016096f92fb,ok,308.21386068696535,True,True,cluster_00817,train,/home/dheirav/Code/Deepfake_Detection/deepfake-project/dataset_builder/train/ai_generated/dalle_topup_000232.jpg
data_sources/ai_generated/Midjourney_TopUp/dalle_topup_000240.jpg,data_sources/ai_generated/Midjourney_TopUp,ai_generated,1033,1280,0.807,JPEG,523243,e953c26f745e46fe0260b27f06295d41,809b4964fb03c77dfa33946b73cfb76b81497958250313d87fa6acd654e23a2d,1.0,cd9931e799885e91,ok,652.1306613734502,True,True,cluster_00358,train,/home/dheirav/Code/Deepfake_Detection/deepfake-project/dataset_builder/train/ai_generated/dalle_topup_000240.jpg
data_sources/ai_generated/Midjourney_TopUp/dalle_topup_000242.jpg,data_sources/ai_generated/Midjourney_TopUp,ai_generated,512,640,0.8,JPEG,97650,e26236bf9ff835f6f4f3974356db519e,8c1556e185c937cde5de813baafef4cae3a52f4b3dc55ce6fb2bf28c094b33a0,1.0,904cde924abdb46b,ok,1176.7120391464234,True,True,cluster_00902,train,/home/dheirav/Code/Deepfake_Detection/deepfake-project/dataset_builder/train/ai_generated/dalle_topup_000242.jpg
data_sources/ai_generated/Midjourney_TopUp/dalle_topup_000248.jpg,data_sources/ai_generated/Midjourney_TopUp,ai_generated,1024,1024,1.0,JPEG,267447,6b4cec463cc657703657cedc0e9db0ba,facd41897c6cdfb3273102ab9ae9a491ecc0d6c5834782e0362b184cd5d5d726,1.0,91ca6f324a9f529a,ok,129.50441987154773,True,True,cluster_00577,train,/home/dheirav/Code/Deepfake_Detection/deepfake-project/dataset_builder/train/ai_generated/dalle_topup_000248.jpg
data_sources/ai_generated/Midjourney_TopUp/dalle_topup_000252.jpg,data_sources/ai_generated/Midjourney_TopUp,ai_generated,1024,1024,1.0,JPEG,197301,61d52e1b45c6155c7cf5f59a05970009,31c16dc4973085ea97405af650e32b580b8185b2500d7c381155aff4a56dcf2e,1.0,931aa759d164bd1c,ok,417.4871851518827,True,True,cluster_00675,train,/home/dheirav/Code/Deepfake_Detection/deepfake-project/dataset_builder/train/ai_generated/dalle_topup_000252.jpg
data_sources/ai_generated/Midjourney_TopUp/dalle_topup_000257.jpg,data_sources/ai_generated/Midjourney_TopUp,ai_generated,346,520,0.6654,JPEG,36742,7501841186aa0516f8d6ca4e55c7a753,c6e4783a9778a8f4198c343f211b82e88fde6f36adbde2e59e0d51373c7f3774,1.0,ed8195daca933634,ok,188.41437839990417,True,True,cluster_01022,train,/home/dheirav/Code/Deepfake_Detection/deepfake-project/dataset_builder/train/ai_generated/dalle_topup_000257.jpg
data_sources/ai_generated/Midjourney_TopUp/dalle_topup_000263.jpg,data_sources/ai_generated/Midjourney_TopUp,ai_generated,346,520,0.6654,JPEG,46798,f7a3d81b111dfb8e5b6ba1b12fc130ce,786340595aa79ba4d484a984c19f91ab4d330032df7f53fc9808dfac3bc53505,1.0,d4d3cfcc12cd0d32,ok,197.55402726637334,True,True,cluster_00998,train,/home/dheirav/Code/Deepfake_Detection/deepfake-project/dataset_builder/train/ai_generated/dalle_topup_000263.jpg
data_sources/ai_generated/Midjourney_TopUp/dalle_topup_000266.jpg,data_sources/ai_generated/Midjourney_TopUp,ai_generated,956,1246,0.7673,JPEG,214451,719046b84b0ad2e214521d739a26c6b8,8c4cbe858b4ee44288366518cd65736f763c8480e34915e4034f2db417b5f212,1.0,934cb689d4a5936d,ok,424.677503296574,True,True,cluster_00379,train,/home/dheirav/Code/Deepfake_Detection/deepfake-project/dataset_builder/train/ai_generated/dalle_topup_000266.jpg
data_sources/ai_generated/Midjourney_TopUp/dalle_topup_000268.jpg,data_sources/ai_generated/Midjourney_TopUp,ai_generated,1024,1024,1.0,JPEG,322208,cd659efbab2b98a06163e330e2a467a2,014ca31ecfff1fba6cc4457e15de50412f3aae62910b955847bda005332209f0,1.0,b146431f1b9e346b,ok,1132.1238423106397,True,True,cluster_00518,train,/home/dheirav/Code/Deepfake_Detection/deepfake-project/dataset_builder/train/ai_generated/dalle_topup_000268.jpg
data_sources/ai_generated/Midjourney_TopUp/dalle_topup_000270.jpg,data_sources/ai_generated/Midjourney_TopUp,ai_generated,1024,1024,1.0,JPEG,390991,cbd4f61e70493f27ef9678217d34f1f4,ef96df409e5716f17a2abd4d59e38c0f34abd43cf6aa78571bbda4a2e1881560,1.0,ea09950bc73d5ad4,ok,1520.6034264657274,True,True,cluster_00493,train,/home/dheirav/Code/Deepfake_Detection/deepfake-project/dataset_builder/train/ai_generated/dalle_topup_000270.jpg
data_sources/ai_generated/Midjourney_TopUp/dalle_topup_000272.jpg,data_sources/ai_generated/Midjourney_TopUp,ai_generated,1024,1024,1.0,JPEG,128695,0e1ef1f3f840377dda9ec685b6a92f3b,7a8df91c0bd9882fafc99e3082bf6467f91f2941ac4dd65a5e8db5bd67aa6b3e,1.0,955968669633da4d,ok,208.3322350892622,True,True,cluster_00707,train,/home/dheirav/Code/Deepfake_Detection/deepfake-project/dataset_builder/train/ai_generated/dalle_topup_000272.jpg
data_sources/ai_generated/Midjourney_TopUp/dalle_topup_000278.jpg,data_sources/ai_generated/Midjourney_TopUp,ai_generated,828,464,1.7845,JPEG,103238,3999a4d87c3b081f7f210faac5b81927,da2a64c4a4091f59d693facbedae678aafea5211d390f8725e9fabcc8dc2d74e,1.0,c6c039df4a9b84b9,ok,482.0795015584747,True,True,cluster_00896,train,/home/dheirav/Code/Deepfake_Detection/deepfake-project/dataset_builder/train/ai_generated/dalle_topup_000278.jpg
data_sources/ai_generated/Midjourney_TopUp/dalle_topup_000285.jpg,data_sources/ai_generated/Midjourney_TopUp,ai_generated,987,1021,0.9667,JPEG,132736,6da3049a3a733c73fce3e3de7af29d76,9c35e3cbfa2664cecf05d6e85e7728b8bbcb9601f24e014c7c906d376bed9919,1.0,9ab2634d65996c39,ok,84.45976496874655,True,True,cluster_00798,train,/home/dheirav/Code/Deepfake_Detection/deepfake-project/dataset_builder/train/ai_generated/dalle_topup_000285.jpg
data_sources/ai_generated/Midjourney_TopUp/dalle_topup_000297.jpg,data_sources/ai_generated/Midjourney_TopUp,ai_generated,1280,717,1.7852,JPEG,319543,dda7277337fb424fc8a46006d7ca3267,f87867843c6b8c865dd9b8cf106573ae0725d68a803a9bb3f88c71373449d29c,1.0,89acd367b5c70683,ok,694.9942382445449,True,True,cluster_00822,train,/home/dheirav/Code/Deepfake_Detection/deepfake-project/dataset_builder/train/ai_generated/dalle_topup_000297.jpg
data_sources/ai_generated/Midjourney_TopUp/dalle_topup_000298.jpg,data_sources/ai_generated/Midjourney_TopUp,ai_generated,520,290,1.7931,JPEG,59973,d22ba94fcf4a4bf9016dc9972238a3a4,f087b95d5250e7124ff20e7271a4ea912cb53ab5b06d57ab429a1f5fcb1d7b91,1.0,89acd367b5c30783,ok,529.6521660477014,True,True,cluster_01083,train,/home/dheirav/Code/Deepfake_Detection/deepfake-project/dataset_builder/train/ai_generated/dalle_topup_000298.jpg
data_sources/ai_generated/Midjourney_TopUp/dalle_topup_000299.jpg,data_sources/ai_generated/Midjourney_TopUp,ai_generated,1280,717,1.7852,JPEG,284117,e055c7ac8ee5f6b4b8550d3da5312592,2af7a35c444c68c1adef7a9476ef8ba9ae36222fcf5b094cb3e97c66880aa64d,1.0,8c9c7235cbb33163,ok,677.5994649832033,True,True,cluster_00827,train,/home/dheirav/Code/Deepfake_Detection/deepfake-project/dataset_builder/train/ai_generated/dalle_topup_000299.jpg
data_sources/ai_generated/Midjourney_TopUp/dalle_topup_000300.jpg,data_sources/ai_generated/Midjourney_TopUp,ai_generated,520,290,1.7931,JPEG,57436,74ea7e3305fb6e2129f501e3139c81e0,898ccdfaf99aa71b4e9a505120ce56b5871073cc36af9d90d0088f4b3f5d32a1,1.0,8c8c72b5cbb33163,ok,368.74119693970795,True,True,cluster_01084,train,/home/dheirav/Code/Deepfake_Detection/deepfake-project/dataset_builder/train/ai_generated/dalle_topup_000300.jpg
data_sources/ai_generated/Midjourney_TopUp/dalle_topup_000301.jpg,data_sources/ai_generated/Midjourney_TopUp,ai_generated,1280,720,1.7778,JPEG,259872,0b6a4ff9d72dad6563ed14beb19daf37,92bc14996d350eab204f0026287908a9af0583e9d809c9d35d1ac8bdd2b90083,1.0,9159a665dab6622e,ok,449.75743222622225,True,True,cluster_00803,train,/home/dheirav/Code/Deepfake_Detection/deepfake-project/dataset_builder/train/ai_generated/dalle_topup_000301.jpg
data_sources/ai_generated/Midjourney_TopUp/dalle_topup_000305.jpg,data_sources/ai_generated/Midjourney_TopUp,ai_generated,1024,1024,1.0,JPEG,151310,68dc2f70c4aae2a8bf5954f1c016ce11,4b65f696a40a2971f59dc01e48ee9916f0f73a0c811c87e1b2c4d34ec07f5eda,1.0,e41c53391ea74976,ok,395.42083917974,True,True,cluster_00704,train,/home/dheirav/Code/Deepfake_Detection/deepfake-project/dataset_builder/train/ai_generated/dalle_topup_000305.jpg
data_sources/ai_generated/Midjourney_TopUp/dalle_topup_000306.jpg,data_sources/ai_generated/Midjourney_TopUp,ai_generated,520,520,1.0,JPEG,42651,c82db6b108d3f6c93f6e224509f362dd,46663a40aa0fca9a166874d758a514433521a44b9a88997b4f140168e6358633,1.0,e41c53391ee54976,ok,462.4924621900821,True,True,cluster_00940,train,/home/dheirav/Code/Deepfake_Detection/deepfake-project/dataset_builder/train/ai_generated/dalle_topup_000306.jpg
data_sources/ai_generated/Midjourney_TopUp/dalle_topup_000311.jpg,data_sources/ai_generated/Midjourney_TopUp,ai_generated,960,1200,0.8,JPEG,284911,f66b558f3d8a15de90ef7d3318bb5106,41784bc14fd49c3b394a460b229d6b6ab28f3a900d97bb699fa027dc13426eef,1.0,93d93ce6c83c26c9,ok,420.0052580590813,True,True,cluster_00394,train,/home/dheirav/Code/Deepfake_Detection/deepfake-project/dataset_builder/train/ai_generated/dalle_topup_000311.jpg
data_sources/ai_generated/Midjourney_TopUp/dalle_topup_000317.jpg,data_sources/ai_generated/Midjourney_TopUp,ai_generated,1280,844,1.5166,JPEG,254720,81c286e3925b8d103b1c5f322a43f249,772d7f2857754d94b38200e4872ffed5bcf9ba95d61e378d824ac32cba5213f6,1.0,999272254d8d9bb3,ok,499.43994192585893,True,True,cluster_00448,train,/home/dheirav/Code/Deepfake_Detection/deepfake-project/dataset_builder/train/ai_generated/dalle_topup_000317.jpg
data_sources/ai_generated/Midjourney_TopUp/dalle_topup_000323.jpg,data_sources/ai_generated/Midjourney_TopUp,ai_generated,1024,1024,1.0,JPEG,204885,f0aff5fe995294b5e8e7a90bda3097a4,fdc0649737647c21691f3daccef7970f39ce54887021eb5f5e69433a57edf40b,1.0,a68a99295b72e69a,ok,243.45942249361443,True,True,cluster_00666,train,/home/dheirav/Code/Deepfake_Detection/deepfake-project/dataset_builder/train/ai_generated/dalle_topup_000323.jpg
data_sources/ai_generated/Midjourney_TopUp/dalle_topup_000329.jpg,data_sources/ai_generated/Midjourney_TopUp,ai_generated,1200,900,1.3333,JPEG,153908,67d7d65d989e2674a85e2286cca7f62f,491218f7b40cba33f551a90e7f80de76b73b0f0fa0ad5d5b423bd27d12092aa9,1.0,886323dd72dc26b3,ok,84.3934159091221,True,True,cluster_00449,train,/home/dheirav/Code/Deepfake_Detection/deepfake-project/dataset_builder/train/ai_generated/dalle_topup_000329.jpg
data_sources/ai_generated/Midjourney_TopUp/dalle_topup_000339.jpg,data_sources/ai_generated/Midjourney_TopUp,ai_generated,1280,717,1.7852,JPEG,191627,403e404560ef6fa8a2c16d0286b26fdb,ed998cfda1d792e61c1a003850e6788a8c9644e8b6df88fe0583a79f848bd841,1.0,c3361ee1693c65c3,ok,282.5301776047455,True,True,cluster_00847,train,/home/dheirav/Code/Deepfake_Detection/deepfake-project/dataset_builder/train/ai_generated/dalle_topup_000339.jpg
data_sources/ai_generated/Midjourney_TopUp/dalle_topup_000350.jpg,data_sources/ai_generated/Midjourney_TopUp,ai_generated,1024,1024,1.0,JPEG,265991,a41522a065d1e2d057c704083b88e425,6cec38e83e793d38776784d091e0196666d57581903e05f5775f809966d6b501,1.0,c6195b4e1ee949b8,ok,840.2117880247533,True,True,cluster_00579,train,/home/dheirav/Code/Deepfake_Detection/deepfake-project/dataset_builder/train/ai_generated/dalle_topup_000350.jpg
data_sources/ai_generated/Midjourney_TopUp/dalle_topup_000360.jpg,data_sources/ai_generated/Midjourney_TopUp,ai_generated,1019,1019,1.0,JPEG,248852,419720eee67376f0a1944c6b6137b610,31099c7d0478fa9dc0e9cf9d5a9edfcf9a50b5562c8b56259f0facabef1fa474,1.0,de7c2d631699132c,ok,239.01976575779037,True,True,cluster_00750,train,/home/dheirav/Code/Deepfake_Detection/deepfake-project/dataset_builder/train/ai_generated/dalle_topup_000360.jpg
data_sources/ai_generated/Midjourney_TopUp/dalle_topup_000364.jpg,data_sources/ai_generated/Midjourney_TopUp,ai_generated,1024,1024,1.0,JPEG,247656,a56c92738b050cb8bcd46d2cb677f2fe,ecea84666e7b14af30646a2f17bef97958f952bf3877759f3d6e4b446c344dbf,1.0,b0874cecd7d2292d,ok,784.4394127800479,True,True,cluster_00614,train,/home/dheirav/Code/Deepfake_Detection/deepfake-project/dataset_builder/train/ai_generated/dalle_topup_000364.jpg
data_sources/ai_generated/Midjourney_TopUp/dalle_topup_000368.jpg,data_sources/ai_generated/Midjourney_TopUp,ai_generated,1021,1021,1.0,JPEG,355106,df558d49ab8846cc1c42f5e9f5775179,fa9d884cc17345d54ac3b75a34698d2fbeac59ee59ae9b4c4b285291fd8fa60c,1.0,d999c3e702efc501,ok,864.2065830531241,True,True,cluster_00728,train,/home/dheirav/Code/Deepfake_Detection/deepfake-project/dataset_builder/train/ai_generated/dalle_topup_000368.jpg
data_sources/ai_generated/Midjourney_TopUp/dalle_topup_000370.jpg,data_sources/ai_generated/Midjourney_TopUp,ai_generated,1024,1024,1.0,JPEG,233301,6cdb094be5b9d5e32d0159982d57ff1f,7b23ac50dfb638372b3dbe78405f49b639a9c9cd72187ea445f3ce94a3028419,1.0,b9cec6709761d834,ok,1281.9382953635609,True,True,cluster_00635,train,/home/dheirav/Code/Deepfake_Detection/deepfake-project/dataset_builder/train/ai_generated/dalle_topup_000370.jpg
data_sources/ai_generated/Midjourney_TopUp/dalle_topup_000372.jpg,data_sources/ai_generated/Midjourney_TopUp,ai_generated,1020,1020,1.0,JPEG,428531,84adcb6fa29eef6f2d76616d60d81151,7c30c2168dc82e4f69d10f07654a1e3fa2de599f0b0ad865e953e113e96f70d5,1.0,d9d0e2f840df3958,ok,1286.0600929845903,True,True,cluster_00734,train,/home/dheirav/Code/Deepfake_Detection/deepfake-project/dataset_builder/train/ai_generated/dalle_topup_000372.jpg
data_sources/ai_generated/Midjourney_TopUp/dalle_topup_000376.jpg,data_sources/ai_generated/Midjourney_TopUp,ai_generated,1042,1020,1.0216,JPEG,252942,d1db8d696404e5fb9f62743732825be1,af770c8e09bcec0c7f65999e53064eb6a1dfcac3e69d37340d752464e0a8f072,1.0,86b16cc61bd8d89d,ok,1186.3055699766458,True,True,cluster_00453,train,/home/dheirav/Code/Deepfake_Detection/deepfake-project/dataset_builder/train/ai_generated/dalle_topup_000376.jpg
data_sources/ai_generated/Midjourney_TopUp/dalle_topup_000380.jpg,data_sources/ai_generated/Midjourney_TopUp,ai_generated,640,1280,0.5,JPEG,273507,4702a5de3d6f8e33685fb62182bcb201,2b0fa593aea66b7ff4c427078c5184f811b82a19f0ee876a533661b387d20632,1.0,9d954242267bf92d,ok,1671.946099846004,True,True,cluster_00878,train,/home/dheirav/Code/Deepfake_Detection/deepfake-project/dataset_builder/train/ai_generated/dalle_topup_000380.jpg
data_sources/ai_generated/Midjourney_TopUp/dalle_topup_000382.jpg,data_sources/ai_generated/Midjourney_TopUp,ai_generated,853,1280,0.6664,JPEG,219199,2c98661c8b1cdc20eb0798aa503aa4e2,42cbaa2a05422b4d990e0a39d7ed784178dd81fb52e66c77abe3d9215460a2bf,1.0,88d289075e2dde2f,ok,104.34676646620504,True,True,cluster_00442,train,/home/dheirav/Code/Deepfake_Detection/deepfake-project/dataset_builder/train/ai_generated/dalle_topup_000382.jpg
data_sources/ai_generated/Midjourney_TopUp/dalle_topup_000386.jpg,data_sources/ai_generated/Midjourney_TopUp,ai_generated,853,1280,0.6664,JPEG,403501,50f39fdfd23bbdd50d7445e38abd8148,e6a53a31006dfb9e2c3dec8ff8b68180db45b93f2f3a3a2702747cd6bb08ab82,1.0,85d21e472d895bd5,ok,1159.491594877833,True,True,cluster_00417,train,/home/dheirav/Code/Deepfake_Detection/deepfake-project/dataset_builder/train/ai_generated/dalle_topup_000386.jpg
data_sources/ai_generated/Midjourney_TopUp/dalle_topup_000396.jpg,data_sources/ai_generated/Midjourney_TopUp,ai_generated,1280,720,1.7778,JPEG,259454,b4cf74026ee8ba3d9f815ab892cc1ddf,1f9afdfe5ccdde326ad1fc56c67f6b2000078eb7274ecf815d65ee7f36fd9698,1.0,d0e74363ac4d634b,ok,321.74553905884426,True,True,cluster_00804,train,/home/dheirav/Code/Deepfake_Detection/deepfake-project/dataset_builder/train/ai_generated/dalle_topup_000396.jpg
data_sources/ai_generated/Midjourney_TopUp/dalle_topup_000398.jpg,data_sources/ai_generated/Midjourney_TopUp,ai_generated,1024,1024,1.0,JPEG,196873,962f53cbb393f847da923e59cdac4483,be9cf2608523569424ab28c4b5ac190ce115f967a8abf84c60ebe1fe5b87a013,1.0,931a1ab16b6c6cc7,ok,686.2695980071439,True,True,cluster_00676,train,/home/dheirav/Code/Deepfake_Detection/deepfake-project/dataset_builder/train/ai_generated/dalle_topup_000398.jpg
data_sources/ai_generated/Midjourney_TopUp/dalle_topup_000402.jpg,data_sources/ai_generated/Midjourney_TopUp,ai_generated,449,449,1.0,JPEG,58063,7aa6a6d6a82754d570ad853f31b1cee5,62a61bf9faa41d60c3838c06a6f2011aef1916fa1e5fda7ee393feceb54ea19d,1.0,af2d30b18b2dd2cc,ok,936.0083705648703,True,True,cluster_00976,train,/home/dheirav/Code/Deepfake_Detection/deepfake-project/dataset_builder/train/ai_generated/dalle_topup_000402.jpg
data_sources/ai_generated/Midjourney_TopUp/dalle_topup_000410.jpg,data_sources/ai_generated/Midjourney_TopUp,ai_generated,1023,1017,1.0059,JPEG,374453,105c9ef066856e40c7e16b3048a307e5,6ad76a8f1a32abf763d7f090e219f6808c06b8bf7dd12d0480077619be46fae7,1.0,9193ce9e9f903466,ok,1387.264276513071,True,True,cluster_00741,train,/home/dheirav/Code/Deepfake_Detection/deepfake-project/dataset_builder/train/ai_generated/dalle_topup_000410.jpg
data_sources/ai_generated/Midjourney_TopUp/dalle_topup_000422.jpg,data_sources/ai_generated/Midjourney_TopUp,ai_generated,1024,1024,1.0,JPEG,275663,5f0582d1c2c6a472c01c643631076984,22723324f7975d7f7ee4ea92d6fe1db724ff9176e71f695b5bda4442fc8ea134,1.0,956564b25bca2bc3,ok,1453.6003026905519,True,True,cluster_00563,train,/home/dheirav/Code/Deepfake_Detection/deepfake-project/dataset_builder/train/ai_generated/dalle_topup_000422.jpg
data_sources/ai_generated/Midjourney_TopUp/dalle_topup_000426.jpg,data_sources/ai_generated/Midjourney_TopUp,ai_generated,1024,1024,1.0,JPEG,366530,08eac54fa93c0a54ef802641b80bbf5b,4cc621d2c7272b74660cc74df97f74d85a5de9aa61ca2f869d1d406772e6f5ba,1.0,c1973c5e4d693730,ok,807.2449319397629,True,True,cluster_00502,train,/home/dheirav/Code/Deepfake_Detection/deepfake-project/dataset_builder/train/ai_generated/dalle_topup_000426.jpg
data_sources/ai_generated/Midjourney_TopUp/dalle_topup_000428.jpg,data_sources/ai_generated/Midjourney_TopUp,ai_generated,1030,1030,1.0,JPEG,267823,03c2b73d3deef3db0184b1918caf35af,4851f76ec2ad31ee0c4e74f2c688d25dc0c0fd0808a49b473f00d8308cc4f5b0,1.0,99d924266f2f1732,ok,1109.91934573084,True,True,cluster_00454,train,/home/dheirav/Code/Deepfake_Detection/deepfake-project/dataset_builder/train/ai_generated/dalle_topup_000428.jpg
data_sources/ai_generated/Midjourney_TopUp/dalle_topup_000432.jpg,data_sources/ai_generated/Midjourney_TopUp,ai_generated,1021,1021,1.0,JPEG,379635,b125d42f477c0d9c981da58c068e6e3e,69699bed42313363bb241714dee0fb2b04678f02b9d605d6f94e3a6bb662cb2c,1.0,90cd122f4f387cf8,ok,680.689001783028,True,True,cluster_00726,train,/home/dheirav/Code/Deepfake_Detection/deepfake-project/dataset_builder/train/ai_generated/dalle_topup_000432.jpg
data_sources/ai_generated/Midjourney_TopUp/dalle_topup_000434.jpg,data_sources/ai_generated/Midjourney_TopUp,ai_generated,1021,1021,1.0,JPEG,416479,fc365572ff02d38c9faab0fdcd71f594,b9143187cc9d9fb0e029817044db81c6c4b01ffe520aed5419a3957f8f906c96,1.0,d88c626b1d3d3c99,ok,1460.2175000790667,True,True,cluster_00725,train,/home/dheirav/Code/Deepfake_Detection/deepfake-project/dataset_builder/train/ai_generated/dalle_topup_000434.jpg
data_sources/ai_generated/Midjourney_TopUp/dalle_topup_000444.jpg,data_sources/ai_generated/Midjourney_TopUp,ai_generated,1021,1021,1.0,JPEG,235057,2721c5c6901a29da1cbfd935e1a0fc63,bdaf23cd321e08ee626e6a7138ca23faa6835a7d6db984821cae7afc0ad28fed,1.0,ad83263b38373d4a,ok,330.4349902542058,True,True,cluster_00731,train,/home/dheirav/Code/Deepfake_Detection/deepfake-project/dataset_builder/train/ai_generated/dalle_topup_000444.jpg
data_sources/ai_generated/Midjourney_TopUp/dalle_topup_000457.jpg,data_sources/ai_generated/Midjourney_TopUp,ai_generated,1020,1020,1.0,JPEG,251856,0ae422469d99c720ff57db704b20aff8,cf6d598a1dd9457c7dda6f47330426cd9adb87e10cd732ddc577b63fb1a8a0c5,1.0,c0ef1f8c3c38e0f4,ok,697.3693967877664,True,True,cluster_00738,train,/home/dheirav/Code/Deepfake_Detection/deepfake-project/dataset_builder/train/ai_generated/dalle_topup_000457.jpg
data_sources/ai_generated/Midjourney_TopUp/dalle_topup_000459.jpg,data_sources/ai_generated/Midjourney_TopUp,ai_generated,1024,1280,0.8,JPEG,339489,81a6cd84a6b2cd3d002ab9741d9724ac,4b5290715a717c86f9e9a3918cd2fdc4bc82100a2df3ba4d1bf57e38359b87a1,1.0,943d4bf137853c1c,ok,241.41979134702996,True,True,cluster_00367,train,/home/dheirav/Code/Deepfake_Detection/deepfake-project/dataset_builder/train/ai_generated/dalle_topup_000459.jpg
data_sources/ai_generated/Midjourney_TopUp/dalle_topup_000471.jpg,data_sources/ai_generated/Midjourney_TopUp,ai_generated,1016,1016,1.0,JPEG,181494,1c9d45c42a874053518548de2ffe38e8,db8dbdbccfe86ab079e6111e1c4b0f5a258f128f0b6c747421dc0cc6f44cb2a9,1.0,9e493267ccce9998,ok,1046.5746742090628,True,True,cluster_00779,train,/home/dheirav/Code/Deepfake_Detection/deepfake-project/dataset_builder/train/ai_generated/dalle_topup_000471.jpg
data_sources/ai_generated/Midjourney_TopUp/dalle_topup_000476.jpg,data_sources/ai_generated/Midjourney_TopUp,ai_generated,520,520,1.0,JPEG,23365,cf71c01acddb94fc04c4fe8ac3626a56,e55145a47bec619450ddf02b587ab1734a7e6fcc0269a87dac4ae23f31bd28b8,1.0,e5d99a2665496d92,ok,93.91031384305467,True,True,cluster_00945,train,/home/dheirav/Code/Deepfake_Detection/deepfake-project/dataset_builder/train/ai_generated/dalle_topup_000476.jpg
data_sources/ai_generated/Midjourney_TopUp/dalle_topup_000479.jpg,data_sources/ai_generated/Midjourney_TopUp,ai_generated,1023,1017,1.0059,JPEG,263714,f8e3a47d746ac7d8135ee75549f8e830,bb447ffa4c963aa9d46568179bbfc1eed69fdb39df3916bfe44d3d6af0a74072,1.0,bea843bed2333069,ok,669.9937171583396,True,True,cluster_00742,train,/home/dheirav/Code/Deepfake_Detection/deepfake-project/dataset_builder/train/ai_generated/dalle_topup_000479.jpg
data_sources/ai_generated/Midjourney_TopUp/dalle_topup_000483.jpg,data_sources/ai_generated/Midjourney_TopUp,ai_generated,1024,1024,1.0,JPEG,288391,4b5c41bf8cbc93e7134a2ca4e71aa8b8,a686d03e7096acd53ea3e88e6cdef355419c900ba29a5a0b03cf7bd09fe44159,1.0,b44ed1f3cc30d2e4,ok,1971.1891774328965,True,True,cluster_00546,train,/home/dheirav/Code/Deepfake_Detection/deepfake-project/dataset_builder/train/ai_generated/dalle_topup_000483.jpg
data_sources/ai_generated/Midjourney_TopUp/dalle_topup_000494.jpg,data_sources/ai_generated/Midjourney_TopUp,ai_generated,1024,1024,1.0,JPEG,274502,b13607a8fbf2f27425752bec7f3a7618,bb73e3e5a35ffb6ecf58d24fe1bb61889869991f2262073c8c6d4865043bbc65,1.0,860e39306c7bc767,ok,2090.370350008226,True,True,cluster_00566,train,/home/dheirav/Code/Deepfake_Detection/deepfake-project/dataset_builder/train/ai_generated/dalle_topup_000494.jpg
data_sources/ai_generated/Midjourney_TopUp/dalle_topup_000496.jpg,data_sources/ai_generated/Midjourney_TopUp,ai_generated,1024,1024,1.0,JPEG,449350,03b5d7281b492c3b3b06b5b161373387,e0541af62534bd687c90947c59d56caeacaeefc608075a28c5cf5f04ba5d1bf2,1.0,bc8f17ad0ba618c9,ok,3255.5070904433587,True,True,cluster_00479,train,/home/dheirav/Code/Deepfake_Detection/deepfake-project/dataset_builder/train/ai_generated/dalle_topup_000496.jpg
data_sources/ai_generated/Midjourney_TopUp/dalle_topup_000504.jpg,data_sources/ai_generated/Midjourney_TopUp,ai_generated,1024,1024,1.0,JPEG,308349,7822076bbdb1b8911bd9567e1fdbcd68,999e791dbff600a8fe1c61959620c9b7e9ed5f154c7653855d756b8a3d54c80f,1.0,c73f90332d9c628b,ok,346.58628247048813,True,True,cluster_00530,train,/home/dheirav/Code/Deepfake_Detection/deepfake-project/dataset_builder/train/ai_generated/dalle_topup_000504.jpg
data_sources/ai_generated/Midjourney_TopUp/dalle_topup_000508.jpg,data_sources/ai_generated/Midjourney_TopUp,ai_generated,1015,1020,0.9951,JPEG,398230,185a0c593b75d716b2f77c0f230d52d4,de41c985d3f1ac5f5dc71be0c5427c5ef8ed241e37b02fdb9d84fe6caaa32adb,1.0,95d66a2629277729,ok,1587.2714657262582,True,True,cluster_00769,train,/home/dheirav/Code/Deepfake_Detection/deepfake-project/dataset_builder/train/ai_generated/dalle_topup_000508.jpg
data_sources/ai_generated/Midjourney_TopUp/dalle_topup_000512.jpg,data_sources/ai_generated/Midjourney_TopUp,ai_generated,1024,1024,1.0,JPEG,181069,49681fabfcd698883bb82d7e7878afda,087d2ee77dcc673e27fc57ce61753bd8db55beeed17bde786e64f5f85ee69e53,1.0,b2526ce4cb1e72d1,ok,325.4930063935317,True,True,cluster_00686,train,/home/dheirav/Code/Deepfake_Detection/deepfake-project/dataset_builder/train/ai_generated/dalle_topup_000512.jpg
data_sources/ai_generated/Midjourney_TopUp/dalle_topup_000518.jpg,data_sources/ai_generated/Midjourney_TopUp,ai_generated,713,1280,0.557,JPEG,265511,d10b998d2d2efe6ca38676fdafefb0ed,66b8a0ce22c467d13e8ff7b3c1f07dd9316afbee38e1f018f970bb63d15b0de3,1.0,89f1c6091b6e74d9,ok,523.5885196376026,True,True,cluster_00864,train,/home/dheirav/Code/Deepfake_Detection/deepfake-project/dataset_builder/train/ai_generated/dalle_topup_000518.jpg
data_sources/ai_generated/Midjourney_TopUp/dalle_topup_000519.jpg,data_sources/ai_generated/Midjourney_TopUp,ai_generated,288,520,0.5538,JPEG,47170,4ae0d111b3ebd8b06176e3297c36e76d,25b370b1daabe228ea9cdef877cd8d1441385821df6220be82d90304d46bc833,1.0,89f586091b6e74d9,ok,1027.4413071382517,True,True,cluster_01093,train,/home/dheirav/Code/Deepfake_Detection/deepfake-project/dataset_builder/train/ai_generated/dalle_topup_000519.jpg
data_sources/ai_generated/Midjourney_TopUp/dalle_topup_000522.jpg,data_sources/ai_generated/Midjourney_TopUp,ai_generated,1024,1024,1.0,JPEG,552963,fc72a03ffb2144d35a73702844305805,0c0734ea88040e5687369e6d85d3c743102dd5dbf8ce5efd739503cd1824365f,1.0,fb8ee119849986b9,ok,6481.250079275051,True,True,cluster_00466,train,/home/dheirav/Code/Deepfake_Detection/deepfake-project/dataset_builder/train/ai_generated/dalle_topup_000522.jpg
data_sources/ai_generated/Midjourney_TopUp/dalle_topup_000524.jpg,data_sources/ai_generated/Midjourney_TopUp,ai_generated,884,1280,0.6906,JPEG,384308,19325b188a8a09b376f07ac7d0b93a97,68df0929fd0e562cae8471aaf575dae3668a82f8f25cbcf884891e6723f78868,1.0,84476e38337065bf,ok,1115.996629654592,True,True,cluster_00408,train,/home/dheirav/Code/Deepfake_Detection/deepfake-project/dataset_builder/train/ai_generated/dalle_topup_000524.jpg
data_sources/ai_generated/Midjourney_TopUp/dalle_topup_000528.jpg,data_sources/ai_generated/Midjourney_TopUp,ai_generated,768,768,1.0,JPEG,255664,f94e9c51cb3d01fac7dff8f2bab0e5cb,5bc9be620724c787256dc8bc597fbdba91489785ed3ce0593f20db35bc2662c1,1.0,873c394fc2583dc9,ok,3483.5691799587676,True,True,cluster_00890,train,/home/dheirav/Code/Deepfake_Detection/deepfake-project/dataset_builder/train/ai_generated/dalle_topup_000528.jpg
data_sources/ai_generated/Midjourney_TopUp/dalle_topup_000535.jpg,data_sources/ai_generated/Midjourney_TopUp,ai_generated,1024,1024,1.0,JPEG,498831,86782bfc0cc42323638db68280390638,2d172e3511cc3f70ca2bb7030c4537fb69f3493b75771aedc2ae88b116d0d223,1.0,80a79fc0ded6c389,ok,4215.0579566806555,True,True,cluster_00469,train,/home/dheirav/Code/Deepfake_Detection/deepfake-project/dataset_builder/train/ai_generated/dalle_topup_000535.jpg
data_sources/ai_generated/Midjourney_TopUp/dalle_topup_000543.jpg,data_sources/ai_generated/Midjourney_TopUp,ai_generated,1020,1020,1.0,JPEG,196081,244c8311276b95643ab2e51bcf717329,b046c8cb38fc4936214c60446434a9ccb8e1d7028352a109e687b22a6acb4526,1.0,a1bd62c236cc8bd9,ok,338.79977356814305,True,True,cluster_00740,train,/home/dheirav/Code/Deepfake_Detection/deepfake-project/dataset_builder/train/ai_generated/dalle_topup_000543.jpg
data_sources/ai_generated/Midjourney_TopUp/dalle_topup_000548.jpg,data_sources/ai_generated/Midjourney_TopUp,ai_generated,520,520,1.0,JPEG,62088,cd374d31389837fe381b46c338e99efb,081c3146497b50452bbb9b0778a84c524dc8edffe1303304c1402de3f3211fee,1.0,e7f2182f3831c726,ok,180.03709052329884,True,True,cluster_00920,train,/home/dheirav/Code/Deepfake_Detection/deepfake-project/dataset_builder/train/ai_generated/dalle_topup_000548.jpg
data_sources/ai_generated/Midjourney_TopUp/dalle_topup_000555.jpg,data_sources/ai_generated/Midjourney_TopUp,ai_generated,1014,1019,0.9951,JPEG,382322,7908d812eb63fb1f4190368c6ae20fbd,7636fd1e4a3fc91c896ddd9b99be15301d6148ae1a7f380d250020d50e008ee0,1.0,b585868b99562bda,ok,723.3724518445873,True,True,cluster_00778,train,/home/dheirav/Code/Deepfake_Detection/deepfake-project/dataset_builder/train/ai_generated/dalle_topup_000555.jpg
data_sources/ai_generated/Midjourney_TopUp/dalle_topup_000561.jpg,data_sources/ai_generated/Midjourney_TopUp,ai_generated,1024,1024,1.0,JPEG,281007,ef1dab47a2824079671885ea5711cbc8,02b9cafa0432df0c363c4bd9447d5ecd01762b387151dc39a86618e534c86ba3,1.0,999313d318fcc71a,ok,1545.9155349363127,True,True,cluster_00557,train,/home/dheirav/Code/Deepfake_Detection/deepfake-project/dataset_builder/train/ai_generated/dalle_topup_000561.jpg
data_sources/ai_generated/Midjourney_TopUp/dalle_topup_000564.jpg,data_sources/ai_generated/Midjourney_TopUp,ai_generated,328,520,0.6308,JPEG,46411,5f1c9beb8945ab61b1f736d82d2d36fd,10022a64e1f38d0f06d0c5acaeef1948bb9aec382462201a6d3139e37e5dc310,1.0,cdb562da8c6b3384,ok,172.3221788962578,True,True,cluster_01035,train,/home/dheirav/Code/Deepfake_Detection/deepfake-project/dataset_builder/train/ai_generated/dalle_topup_000564.jpg
data_sources/ai_generated/Midjourney_TopUp/dalle_topup_000573.jpg,data_sources/ai_generated/Midjourney_TopUp,ai_generated,854,1280,0.6672,JPEG,247466,6911210c94100a129817dea1a5cb66b6,3b4c983252a5e5fcbe9cf93a3bad0c647bea62f51e2396018255bace9d7aa61d,1.0,bbe8c4f44086b9da,ok,178.61873355551626,True,True,cluster_00414,train,/home/dheirav/Code/Deepfake_Detection/deepfake-project/dataset_builder/train/ai_generated/dalle_topup_000573.jpg
data_sources/ai_generated/Midjourney_TopUp/dalle_topup_000577.jpg,data_sources/ai_generated/Midjourney_TopUp,ai_generated,854,1280,0.6672,JPEG,256718,1e1a4a1bf7329fd52060a9d3bf591481,a9bb44c0034bf9f70cf9033562c4f53f78be59bcf22d9def9fc10c9af1a11e03,1.0,aa3952d3e09dd9d0,ok,94.26771935857452,True,True,cluster_00413,train,/home/dheirav/Code/Deepfake_Detection/deepfake-project/dataset_builder/train/ai_generated/dalle_topup_000577.jpg
data_sources/ai_generated/Midjourney_TopUp/dalle_topup_000581.jpg,data_sources/ai_generated/Midjourney_TopUp,ai_generated,717,1280,0.5602,JPEG,356412,cd6cda4088cbd928ff91ca5e50eb5a1f,d8e5c4ca106470449afcd81dead300f9a31d0a30b0bbe9e15b3696acbe5a1164,1.0,9de6cb618a9b24b4,ok,611.4682992253829,True,True,cluster_00818,train,/home/dheirav/Code/Deepfake_Detection/deepfake-project/dataset_builder/train/ai_generated/dalle_topup_000581.jpg
data_sources/ai_generated/Midjourney_TopUp/dalle_topup_000585.jpg,data_sources/ai_generated/Midjourney_TopUp,ai_generated,1280,717,1.7852,JPEG,177896,23c6058df215aa9fe193274e1507eba1,64563c5e6a608ea3af2981371cdcdec65bb6f77a8e5eec3a3d66d760748c51d6,1.0,c3373fc8b125c332,ok,186.6014180284202,True,True,cluster_00852,train,/home/dheirav/Code/Deepfake_Detection/deepfake-project/dataset_builder/train/ai_generated/dalle_topup_000585.jpg
data_sources/ai_generated/Midjourney_TopUp/dalle_topup_000587.jpg,data_sources/ai_generated/Midjourney_TopUp,ai_generated,640,1280,0.5,JPEG,228874,1e0479796aee63286408016f1663b79c,14b49fa98e8f328eca1ec9a8263ace1037ffb1a018657e0476dae3d94b954b07,1.0,96364de92d946393,ok,614.5313329343736,True,True,cluster_00883,train,/home/dheirav/Code/Deepfake_Detection/deepfake-project/dataset_builder/train/ai_generated/dalle_topup_000587.jpg
data_sources/ai_generated/Midjourney_TopUp/dalle_topup_000591.jpg,data_sources/ai_generated/Midjourney_TopUp,ai_generated,1024,1024,1.0,JPEG,213105,cd740cff832e47bf217805ef36cf05bc,5b8db3227fb7a601d183054e8d27a1dd4fe0363b0e1c9f0c456cc27edb4e9fd9,1.0,abac9499c39393e2,ok,243.84796531889054,True,True,cluster_00653,train,/home/dheirav/Code/Deepfake_Detection/deepfake-project/dataset_builder/train/ai_generated/dalle_topup_000591.jpg
data_sources/ai_generated/Midjourney_TopUp/dalle_topup_000597.jpg,data_sources/ai_generated/Midjourney_TopUp,ai_generated,1280,715,1.7902,JPEG,278352,ce98dd99b9c24305b0dec6f65141411e,441e90bd73dfd90f72d8a98cabfb0041f71ec987d6223b11c11cab7da07d183a,1.0,95c040f57a8f38db,ok,736.8598884694803,True,True,cluster_00862,train,/home/dheirav/Code/Deepfake_Detection/deepfake-project/dataset_builder/train/ai_generated/dalle_topup_000597.jpg
data_sources/ai_generated/Midjourney_TopUp/dalle_topup_000601.jpg,data_sources/ai_generated/Midjourney_TopUp,ai_generated,1024,1024,1.0,JPEG,378604,6b91f9edfe7e6f2b99fe3099e7714e83,4e8197ef8264ab1f22c775da04ddbae6547af0625413c0941f75c2e1bad0ef51,1.0,923b56a5645da8ae,ok,2183.3741321560765,True,True,cluster_00498,train,/home/dheirav/Code/Deepfake_Detection/deepfake-project/dataset_builder/train/ai_generated/dalle_topup_000601.jpg
data_sources/ai_generated/Midjourney_TopUp/dalle_topup_000603.jpg,data_sources/ai_generated/Midjourney_TopUp,ai_generated,717,1280,0.5602,JPEG,221103,e85280023674d91b31e504a9a9fc2f1e,c096cd7c8d0ed6d1680fbbb582d533dee55df5b525c0b7b38d43523b1fead2ac,1.0,e398fef05a1909e1,ok,279.9169344185175,True,True,cluster_00840,train,/home/dheirav/Code/Deepfake_Detection/deepfake-project/dataset_builder/train/ai_generated/dalle_topup_000603.jpg
data_sources/ai_generated/Midjourney_TopUp/dalle_topup_000604.jpg,data_sources/ai_generated/Midjourney_TopUp,ai_generated,290,520,0.5577,JPEG,46256,28eaa60743e1915551e972d4aaf52d06,9b8fed8892405d3eb74ac0d81215609fe2af8ce180cacca5b6ee0611948bd9d3,1.0,e38cfef05a1909e1,ok,328.7529236827108,True,True,cluster_01088,train,/home/dheirav/Code/Deepfake_Detection/deepfake-project/dataset_builder/train/ai_generated/dalle_topup_000604.jpg
data_sources/ai_generated/Midjourney_TopUp/dalle_topup_000605.jpg,data_sources/ai_generated/Midjourney_TopUp,ai_generated,1024,1024,1.0,JPEG,313393,4405bf44965ca4f1b49daf7d57bd4395,86e197234794055df1f6dbc13709eb5fa85f802f8123eaef37ebb015dd2ffc73,1.0,b9ccc7338691b2a6,ok,2862.6875363628633,True,True,cluster_00527,train,/home/dheirav/Code/Deepfake_Detection/deepfake-project/dataset_builder/train/ai_generated/dalle_topup_000605.jpg
data_sources/ai_generated/Midjourney_TopUp/dalle_topup_000607.jpg,data_sources/ai_generated/Midjourney_TopUp,ai_generated,1024,1024,1.0,JPEG,319018,d6f4483b96e6d07f74b33049a3497932,6607bd9cdee028449d657bd835cf93ebebabcbf2d25e6eef1108103f376cbb1e,1.0,91c16adb0dcbd1cc,ok,1227.8916786624095,True,True,cluster_00521,train,/home/dheirav/Code/Deepfake_Detection/deepfake-project/dataset_builder/train/ai_generated/dalle_topup_000607.jpg
data_sources/ai_generated/Midjourney_TopUp/dalle_topup_000610.jpg,data_sources/ai_generated/Midjourney_TopUp,ai_generated,520,520,1.0,JPEG,40841,6d4724576e7c36981add21bcfcf30763,47ef9aa7cb7bef8cc25395203c136662ff1673fe693546f48358205f3f77add5,1.0,9bc96c9e42716c36,ok,181.60337889686767,True,True,cluster_00941,train,/home/dheirav/Code/Deepfake_Detection/deepfake-project/dataset_builder/train/ai_generated/dalle_topup_000610.jpg
data_sources/ai_generated/Midjourney_TopUp/dalle_topup_000611.jpg,data_sources/ai_generated/Midjourney_TopUp,ai_generated,1024,1024,1.0,JPEG,281614,2b83fb7e772d1f39ef8ffbd94efb4393,a92f8abe1aaed6cc2694d6898358552125db42bd6768d96daaeea659a8d66d9a,1.0,b2d94ee84b2c7037,ok,893.6998538970365,True,True,cluster_00556,train,/home/dheirav/Code/Deepfake_Detection/deepfake-project/dataset_builder/train/ai_generated/dalle_topup_000611.jpg
data_sources/ai_generated/Midjourney_TopUp/dalle_topup_000617.jpg,data_sources/ai_generated/Midjourney_TopUp,ai_generated,1024,1024,1.0,JPEG,254570,0533d397d6ca3d8128fb4f54144aac02,72bfa8f7d9a34eed12aa159728dbd3931317d624e64e409320d78b411851f08b,1.0,93c9865b586f4b19,ok,435.34682339162,True,True,cluster_00598,train,/home/dheirav/Code/Deepfake_Detection/deepfake-project/dataset_builder/train/ai_generated/dalle_topup_000617.jpg
data_sources/ai_generated/Midjourney_TopUp/dalle_topup_000619.jpg,data_sources/ai_generated/Midjourney_TopUp,ai_generated,1017,1022,0.9951,JPEG,160078,b0b20c18bd8782ba34c1e2dddcbace1e,cb49a9eceba1ef41cc9cdf1d6eca8800b5b9864836127806eb84932c4496c23c,1.0,919346cb4d6c66dc,ok,107.57449668708567,True,True,cluster_00748,train,/home/dheirav/Code/Deepfake_Detection/deepfake-project/dataset_builder/train/ai_generated/dalle_topup_000619.jpg
data_sources/ai_generated/Midjourney_TopUp/dalle_topup_000625.jpg,data_sources/ai_generated/Midjourney_TopUp,ai_generated,864,1280,0.675,JPEG,417423,d58b5608dcf7ba2e0a9683ea48aa7671,f267d09921b057a5f4c6e8c59e9b73b691ca233a4e1cd79439ff790d1b58a072,1.0,93893e773d616125,ok,1498.1085398353473,True,True,cluster_00411,train,/home/dheirav/Code/Deepfake_Detection/deepfake-project/dataset_builder/train/ai_generated/dalle_topup_000625.jpg
data_sources/ai_generated/Midjourney_TopUp/dalle_topup_000631.jpg,data_sources/ai_generated/Midjourney_TopUp,ai_generated,1027,1000,1.027,JPEG,113755,45fac470d1757c39d77959c4183184c2,3c1b5d19fb6a67f17bbf96b50f7de6edb0e28d573ce6ba8c0983e90fe8827bc5,1.0,d4192bf646499976,ok,163.06766833186535,True,True,cluster_00786,train,/home/dheirav/Code/Deepfake_Detection/deepfake-project/dataset_builder/train/ai_generated/dalle_topup_000631.jpg
data_sources/ai_generated/Midjourney_TopUp/dalle_topup_000635.jpg,data_sources/ai_generated/Midjourney_TopUp,ai_generated,1080,1080,1.0,JPEG,200796,0a0373db2a836348608d91628d113382,d92970845727abbc7dfa03f8eb76328a80c0e4d5147fcabb87926305fbca95c6,1.0,bdd9c2e4960be20b,ok,280.1795405271933,True,True,cluster_00383,train,/home/dheirav/Code/Deepfake_Detection/deepfake-project/dataset_builder/train/ai_generated/dalle_topup_000635.jpg
data_sources/ai_generated/Midjourney_TopUp/dalle_topup_000639.jpg,data_sources/ai_generated/Midjourney_TopUp,ai_generated,1017,1017,1.0,JPEG,211092,18508196f10c98b3eec43b8aeec8c983,0d0b8177a2f2dcb7acc9bd3d0af79d263c5111ffad0160ce2392da666d735235,1.0,efc0c0b794cb9439,ok,464.31601900238223,True,True,cluster_00774,train,/home/dheirav/Code/Deepfake_Detection/deepfake-project/dataset_builder/train/ai_generated/dalle_topup_000639.jpg
data_sources/ai_generated/Midjourney_TopUp/dalle_topup_000643.jpg,data_sources/ai_generated/Midjourney_TopUp,ai_generated,1017,1017,1.0,JPEG,136701,28418dbeeb2e1d911627c99284c09c37,d0a030bea8f945c2b451c78821741c0c584a5db63ffd4e7f807c5460d6302813,1.0,e895c16bb648c57a,ok,206.9115866068381,True,True,cluster_00776,train,/home/dheirav/Code/Deepfake_Detection/deepfake-project/dataset_builder/train/ai_generated/dalle_topup_000643.jpg
data_sources/ai_generated/Midjourney_TopUp/dalle_topup_000649.jpg,data_sources/ai_generated/Midjourney_TopUp,ai_generated,1020,1020,1.0,JPEG,253994,b6240a8fec4d4137f212cc00b9e907eb,85d8e4cbb8ad1aa98051b2e0dd41aa8a0f691d040bc83264d1f372056aea0fa3,1.0,91d74a68127169ef,ok,508.9130872710175,True,True,cluster_00737,train,/home/dheirav/Code/Deepfake_Detection/deepfake-project/dataset_builder/train/ai_generated/dalle_topup_000649.jpg
data_sources/ai_generated/Midjourney_TopUp/dalle_topup_000653.jpg,data_sources/ai_generated/Midjourney_TopUp,ai_generated,1017,1017,1.0,JPEG,446257,1e628e84924f75e940c6c2adb2ff5d6a,bd5c2661d12fdd5146b4b49c94220f3c5aef8d432cd0848a4cabba009268df5d,1.0,d4c37a3236cd293a,ok,2040.4932978756694,True,True,cluster_00772,train,/home/dheirav/Code/Deepfake_Detection/deepfake-project/dataset_builder/train/ai_generated/dalle_topup_000653.jpg
data_sources/ai_generated/Midjourney_TopUp/dalle_topup_000661.jpg,data_sources/ai_generated/Midjourney_TopUp,ai_generated,1023,998,1.0251,JPEG,245159,1bdb4460fc194a0360ea0079e8f59eec,bbcb1f730e3e4d9a6f6a6b9e51745d28371e15934f6b1a9a4b65e8a55c067e23,1.0,98c4d26361e96de6,ok,536.930235526545,True,True,cluster_00794,train,/home/dheirav/Code/Deepfake_Detection/deepfake-project/dataset_builder/train/ai_generated/dalle_topup_000661.jpg
data_sources/ai_generated/Midjourney_TopUp/dalle_topup_000673.jpg,data_sources/ai_generated/Midjourney_TopUp,ai_generated,1024,1024,1.0,JPEG,457689,2775cd21df5e3a91c38ef3926824669c,e62a23ad05ab7e70ab32a828e081e9e5ed595d0cde9de3f3d103291251ec3a25,1.0,ceb1396731cc64e1,ok,3136.108912070267,True,True,cluster_00477,train,/home/dheirav/Code/Deepfake_Detection/deepfake-project/dataset_builder/train/ai_generated/dalle_topup_000673.jpg
data_sources/ai_generated/Midjourney_TopUp/dalle_topup_000681.jpg,data_sources/ai_generated/Midjourney_TopUp,ai_generated,960,960,1.0,JPEG,191186,0d898e00cc95a98a04c3df6e8c28035f,a8ca62d389832ee1f90b2319545a9108bd5a8d7b384ac239dc57e84951ebeb27,1.0,96c6b168ad6cc639,ok,913.1635915791829,True,True,cluster_00810,train,/home/dheirav/Code/Deepfake_Detection/deepfake-project/dataset_builder/train/ai_generated/dalle_topup_000681.jpg
data_sources/ai_generated/Midjourney_TopUp/dalle_topup_000683.jpg,data_sources/ai_generated/Midjourney_TopUp,ai_generated,1024,1024,1.0,JPEG,271073,90c9c23775d68062d9209f05d9498d39,cab4ff5657b46afb65eff65012de5a7216870beecd5d206cceeac1a48f214995,1.0,c13c5af22c2d663e,ok,526.5001982856446,True,True,cluster_00570,train,/home/dheirav/Code/Deepfake_Detection/deepfake-project/dataset_builder/train/ai_generated/dalle_topup_000683.jpg
data_sources/ai_generated/Midjourney_TopUp/dalle_topup_000691.jpg,data_sources/ai_generated/Midjourney_TopUp,ai_generated,1280,717,1.7852,JPEG,179450,5dcd06faf0375060802afdba0c34d075,3cbc1b36e21c4f7dde69838f4c9ba4b61202c850541dcedbea1d2c1deab4416d,1.0,a3a75ab86ccccc64,ok,540.382825718153,True,True,cluster_00850,train,/home/dheirav/Code/Deepfake_Detection/deepfake-project/dataset_builder/train/ai_generated/dalle_topup_000691.jpg
data_sources/ai_generated/Midjourney_TopUp/dalle_topup_000697.jpg,data_sources/ai_generated/Midjourney_TopUp,ai_generated,804,1280,0.6281,JPEG,242688,2e030c58a8ccaaab6b465850a2c047e5,6e33ff6f99cdfe7e1a142854ffc03196e3e7fdc3fb78a9b4a911bcfdd59ef61c,1.0,db9b1b69a626602d,ok,435.68233319812776,True,True,cluster_00782,train,/home/dheirav/Code/Deepfake_Detection/deepfake-project/dataset_builder/train/ai_generated/dalle_topup_000697.jpg
data_sources/ai_generated/Midjourney_TopUp/dalle_topup_000699.jpg,data_sources/ai_generated/Midjourney_TopUp,ai_generated,1024,1014,1.0099,JPEG,391830,7ab5695851584571eaee95f9e36d29cc,7016a4f97444603daa766a8e9fa0ca5abaaa6b8d583cc348372645285490dbbd,1.0,c7dc1dd37203c2cc,ok,1902.7490717268272,True,True,cluster_00754,train,/home/dheirav/Code/Deepfake_Detection/deepfake-project/dataset_builder/train/ai_generated/dalle_topup_000699.jpg
data_sources/ai_generated/Midjourney_TopUp/dalle_topup_000701.jpg,data_sources/ai_generated/Midjourney_TopUp,ai_generated,1024,1014,1.0099,JPEG,332929,90b0e6af246177763d4a83e755577a02,d7d1e2136e3a6706df956694008de058b4c6656c64611fb3f71247a5bcec92e9,1.0,8c99367631ce9b64,ok,832.6598691155737,True,True,cluster_00755,train,/home/dheirav/Code/Deepfake_Detection/deepfake-project/dataset_builder/train/ai_generated/dalle_topup_000701.jpg
data_sources/ai_generated/Midjourney_TopUp/dalle_topup_000703.jpg,data_sources/ai_generated/Midjourney_TopUp,ai_generated,1024,1024,1.0,JPEG,253326,7038bf4ed96ac9b4c2bda03a2a27d855,2a5cbd4144c37bd5cbfdc951823fc6eedd3bbee947ffec7371d14b01284d0dd4,1.0,89643399dacc74d9,ok,853.690373419332,True,True,cluster_00602,train,/home/dheirav/Code/Deepfake_Detection/deepfake-project/dataset_builder/train/ai_generated/dalle_topup_000703.jpg
data_sources/ai_generated/Midjourney_TopUp/dalle_topup_000717.jpg,data_sources/ai_generated/Midjourney_TopUp,ai_generated,853,1280,0.6664,JPEG,254586,f001d73316b3b177978d36bdf88de3a1,ea6b829fcc008154864af02e6be007e2e2e0eb55871c7dededc57bbc4050e678,1.0,d4c7eb00d998dec2,ok,368.5475213585366,True,True,cluster_00436,train,/home/dheirav/Code/Deepfake_Detection/deepfake-project/dataset_builder/train/ai_generated/dalle_topup_000717.jpg
data_sources/ai_generated/Midjourney_TopUp/dalle_topup_000720.jpg,data_sources/ai_generated/Midjourney_TopUp,ai_generated,520,520,1.0,JPEG,9124,804427a6ed89de311cc4880cb56398e5,9aff92eba3630fc503482b4ff78a098c458b7b2efef1c52dd70fbfeac0ad7392,1.0,9b6664999b666499,ok,91.07150887573964,True,True,cluster_00947,train,/home/dheirav/Code/Deepfake_Detection/deepfake-project/dataset_builder/train/ai_generated/dalle_topup_000720.jpg
data_sources/ai_generated/Midjourney_TopUp/dalle_topup_000723.jpg,data_sources/ai_generated/Midjourney_TopUp,ai_generated,1024,1024,1.0,JPEG,285909,bf3bb5839db2a351a8f4983e20ce79d8,446472dbbfa0d30ec0f314a4a52bbd66455a887beb9d6e4c719954a4640c6cc1,1.0,b19b1a6ce50f9338,ok,1200.4122000886696,True,True,cluster_00550,train,/home/dheirav/Code/Deepfake_Detection/deepfake-project/dataset_builder/train/ai_generated/dalle_topup_000723.jpg
data_sources/ai_generated/Midjourney_TopUp/dalle_topup_000727.jpg,data_sources/ai_generated/Midjourney_TopUp,ai_generated,1024,1024,1.0,JPEG,265155,f715ad14abf7ea20540a25d82eae3c9d,33d0da1a0116313a5baa759c91a7f1028c27eb106e5cc3f748dbc3bb4523f10a,1.0,a3b01d4d47a6b47c,ok,1091.1514068669599,True,True,cluster_00581,train,/home/dheirav/Code/Deepfake_Detection/deepfake-project/dataset_builder/train/ai_generated/dalle_topup_000727.jpg
data_sources/ai_generated/Midjourney_TopUp/dalle_topup_000729.jpg,data_sources/ai_generated/Midjourney_TopUp,ai_generated,1024,1024,1.0,JPEG,241494,feedcda163168ffe4f1dec59cd9f5cf8,43f14eba4b42423d00b6031b6f825402b99854120fa864d155f79349624db404,1.0,a59b5a48e5ae1751,ok,544.5427897770677,True,True,cluster_00620,train,/home/dheirav/Code/Deepfake_Detection/deepfake-project/dataset_builder/train/ai_generated/dalle_topup_000729.jpg
data_sources/ai_generated/Midjourney_TopUp/dalle_topup_000734.jpg,data_sources/ai_generated/Midjourney_TopUp,ai_generated,394,520,0.7577,JPEG,56692,ade87e8b11eea5f4f4ae36d6a62148d0,29eccf3242ef737670ace14716b2d66e93cdee7dbf2d1c8a9115529c219603dc,1.0,ac8ba3f270c9cb34,ok,464.7925142617126,True,True,cluster_00970,train,/home/dheirav/Code/Deepfake_Detection/deepfake-project/dataset_builder/train/ai_generated/dalle_topup_000734.jpg
data_sources/ai_generated/Midjourney_TopUp/dalle_topup_000739.jpg,data_sources/ai_generated/Midjourney_TopUp,ai_generated,1041,1022,1.0186,JPEG,295935,93ae65a50e1aef1df1674ecc5d0c3d1f,145794d664aac947d51a2e40a79884a95ef58948e1d3be6d504b417e3b157ee8,1.0,c4d632b9999576a4,ok,240.5256420941878,True,True,cluster_00452,train,/home/dheirav/Code/Deepfake_Detection/deepfake-project/dataset_builder/train/ai_generated/dalle_topup_000739.jpg
data_sources/ai_generated/Midjourney_TopUp/dalle_topup_000741.jpg,data_sources/ai_generated/Midjourney_TopUp,ai_generated,1019,1019,1.0,JPEG,270389,295827b5d9db9796b9e4e104f32e1277,c7435093a49492f056e3163f42ce3c3b6b05442d4c68dbbe276f539290e0c6e3,1.0,90d0e7e7874e3133,ok,217.2584794681366,True,True,cluster_00749,train,/home/dheirav/Code/Deepfake_Detection/deepfake-project/dataset_builder/train/ai_generated/dalle_topup_000741.jpg
data_sources/ai_generated/Midjourney_TopUp/dalle_topup_000743.jpg,data_sources/ai_generated/Midjourney_TopUp,ai_generated,640,640,1.0,JPEG,143447,06fb5cb9511a3927f6f4649b8240fcda,baeb437e1d66e0aa097cf4313d4dbb85f854b32ef720a68a3c2b5142b5d9c203,1.0,835ed83869336733,ok,1275.6355575903892,True,True,cluster_00892,train,/home/dheirav/Code/Deepfake_Detection/deepfake-project/dataset_builder/train/ai_generated/dalle_topup_000743.jpg
data_sources/ai_generated/Midjourney_TopUp/dalle_topup_000745.jpg,data_sources/ai_generated/Midjourney_TopUp,ai_generated,1024,1024,1.0,JPEG,203011,2aa8d3221b68949cc8573c469e231b3b,fea32538e19fe6766bc88e4dd39cbd0d4ae151157701bbecf08c1009376c805c,1.0,813c7a477896771c,ok,1119.7972658989563,True,True,cluster_00668,train,/home/dheirav/Code/Deepfake_Detection/deepfake-project/dataset_builder/train/ai_generated/dalle_topup_000745.jpg
data_sources/ai_generated/Midjourney_TopUp/dalle_topup_000747.jpg,data_sources/ai_generated/Midjourney_TopUp,ai_generated,1024,1024,1.0,JPEG,221649,0aea777f12c10d0842de39b76ddb961f,402497e3eea16bd5e418eb5a01217ad231614aff4d1eae460c74780f369e841a,1.0,9edc686165c7e0a3,ok,196.8251678969163,True,True,cluster_00645,train,/home/dheirav/Code/Deepfake_Detection/deepfake-project/dataset_builder/train/ai_generated/dalle_topup_000747.jpg
data_sources/ai_generated/Midjourney_TopUp/dalle_topup_000754.jpg,data_sources/ai_generated/Midjourney_TopUp,ai_generated,326,520,0.6269,JPEG,44178,e967e4514607fd710add3680c40cbf9c,ed3ef762ea1f9209d10ed91173062c2bac8aca501650bee919a5f5238b7def98,1.0,85937a7e8929bc94,ok,535.9656489048708,True,True,cluster_01036,train,/home/dheirav/Code/Deepfake_Detection/deepfake-project/dataset_builder/train/ai_generated/dalle_topup_000754.jpg
data_sources/ai_generated/Midjourney_TopUp/dalle_topup_000755.jpg,data_sources/ai_generated/Midjourney_TopUp,ai_generated,804,1280,0.6281,JPEG,251479,3663e0dda2e0a641a1fc1fe4907f4b06,3842623744a87752c833df01a0407fa942f7a166ce2247f8059cf3e3b8e9b343,1.0,94968dc96cb99333,ok,469.6962998540105,True,True,cluster_00781,train,/home/dheirav/Code/Deepfake_Detection/deepfake-project/dataset_builder/train/ai_generated/dalle_topup_000755.jpg
data_sources/ai_generated/Midjourney_TopUp/dalle_topup_000758.jpg,data_sources/ai_generated/Midjourney_TopUp,ai_generated,520,292,1.7808,JPEG,39079,0e8b6d3afea1ec34629cfd5477d27f75,c39143ec6605da4a672bcad79bfe887aca9446e46d49ec02e299d106aec3c13c,1.0,93b38bce86940d4f,ok,219.16469352440586,True,True,cluster_01077,train,/home/dheirav/Code/Deepfake_Detection/deepfake-project/dataset_builder/train/ai_generated/dalle_topup_000758.jpg
data_sources/ai_generated/Midjourney_TopUp/dalle_topup_000765.jpg,data_sources/ai_generated/Midjourney_TopUp,ai_generated,1280,718,1.7827,JPEG,268491,433f2964da1e0a55b5a8728a89881a8e,281895f597f3432857e990e476433b5f9a09f9570152bb37bac82b9d3a111240,1.0,99cd669856d61f81,ok,782.9078077416995,True,True,cluster_00816,train,/home/dheirav/Code/Deepfake_Detection/deepfake-project/dataset_builder/train/ai_generated/dalle_topup_000765.jpg
data_sources/ai_generated/Midjourney_TopUp/dalle_topup_000767.jpg,data_sources/ai_generated/Midjourney_TopUp,ai_generated,1232,928,1.3276,JPEG,558656,5ea81e3228b82d4c9723905265f1bdbd,cb79f5cbc48f096ce70dd29e686b1158e7120f5d79b1b04f4f67b5ba322f36ea,1.0,991958c7672616e7,ok,3163.0665146563506,True,True,cluster_00400,train,/home/dheirav/Code/Deepfake_Detection/deepfake-project/dataset_builder/train/ai_generated/dalle_topup_000767.jpg
data_sources/ai_generated/Midjourney_TopUp/dalle_topup_000769.jpg,data_sources/ai_generated/Midjourney_TopUp,ai_generated,1024,1024,1.0,JPEG,206141,a2d1d2b3bc23faff3e2109f1c89b30fb,4a58fa8b44f037c2dcabd4c95ffa740d9a46b78afd8d2ea3f0861138e79dd65c,1.0,c1673a6c31679b98,ok,784.1006278991117,True,True,cluster_00665,train,/home/dheirav/Code/Deepfake_Detection/deepfake-project/dataset_builder/train/ai_generated/dalle_topup_000769.jpg
data_sources/ai_generated/Midjourney_TopUp/dalle_topup_000784.jpg,data_sources/ai_generated/Midjourney_TopUp,ai_generated,520,520,1.0,JPEG,55053,cbf9975850b6886810f2273f36b3916b,c89a03438f9d90527acdc55223e10df7a88f019c828c19661a0a39c5cb9e99eb,1.0,988f67b898736326,ok,367.60076183431954,True,True,cluster_00924,train,/home/dheirav/Code/Deepfake_Detection/deepfake-project/dataset_builder/train/ai_generated/dalle_topup_000784.jpg
data_sources/ai_generated/Midjourney_TopUp/dalle_topup_000788.jpg,data_sources/ai_generated/Midjourney_TopUp,ai_generated,1024,1024,1.0,JPEG,320937,c59cff2d4a224d0f40928785f4ad8ec0,6f7f08f4a22f9202a69b4c0fac3bcdcd41bd288f30f365b7daf71b1170394bc6,1.0,b993866ccdc7c238,ok,4202.924102783203,True,True,cluster_00520,train,/home/dheirav/Code/Deepfake_Detection/deepfake-project/dataset_builder/train/ai_generated/dalle_topup_000788.jpg
data_sources/ai_generated/Midjourney_TopUp/dalle_topup_000789.jpg,data_sources/ai_generated/Midjourney_TopUp,ai_generated,520,520,1.0,JPEG,83550,f3be90b7ca702775b4ff293dd5c29854,ea0d57a5a5a27a216a5303adc7cbdab6b1de3527fb6d3448388b25927d57c98a,1.0,bb92866ccdc7c238,ok,1162.3137943786983,True,True,cluster_00910,train,/home/dheirav/Code/Deepfake_Detection/deepfake-project/dataset_builder/train/ai_generated/dalle_topup_000789.jpg
data_sources/ai_generated/Midjourney_TopUp/dalle_topup_000790.jpg,data_sources/ai_generated/Midjourney_TopUp,ai_generated,1280,853,1.5006,JPEG,240975,f0613c2356c7f22b434a50bc626a06fd,2030c7df19dc1130bba4c0dac81b4ba631567a5e5bd244397b1fc70aeac71004,1.0,c9c2b3b93e766504,ok,175.4300707844674,True,True,cluster_00438,train,/home/dheirav/Code/Deepfake_Detection/deepfake-project/dataset_builder/train/ai_generated/dalle_topup_000790.jpg
data_sources/ai_generated/Midjourney_TopUp/dalle_topup_000794.jpg,data_sources/ai_generated/Midjourney_TopUp,ai_generated,1280,853,1.5006,JPEG,228301,f3ff160a1883f0e2c1943ee75109ed85,41d1164c7bc20f0ddbfb28f3581f7a989850b8a9dbd6e2d414d7af806afc05e0,1.0,999b9b8365d964c8,ok,227.1271511820474,True,True,cluster_00441,train,/home/dheirav/Code/Deepfake_Detection/deepfake-project/dataset_builder/train/ai_generated/dalle_topup_000794.jpg
data_sources/ai_generated/Midjourney_TopUp/dalle_topup_000800.jpg,data_sources/ai_generated/Midjourney_TopUp,ai_generated,1280,853,1.5006,JPEG,274788,14f1aad2d92ede5aae1c18bcbf1296cb,c8a945806a33a327fc311e82bad43bb730a0c25b3b564c055b7aa341f1ab23b7,1.0,99994b999466da99,ok,326.4122917614271,True,True,cluster_00434,train,/home/dheirav/Code/Deepfake_Detection/deepfake-project/dataset_builder/train/ai_generated/dalle_topup_000800.jpg
data_sources/ai_generated/Midjourney_TopUp/dalle_topup_000805.jpg,data_sources/ai_generated/Midjourney_TopUp,ai_generated,346,520,0.6654,JPEG,36134,174ae8ac9178cf18badbe23cf0e209da,507ab212b166aa1ff2b626bce4029a2becf610132f07884c9b86bb2c09c4b2bd,1.0,a6e9c184d2f98d96,ok,136.4683968676558,True,True,cluster_01025,train,/home/dheirav/Code/Deepfake_Detection/deepfake-project/dataset_builder/train/ai_generated/dalle_topup_000805.jpg
data_sources/ai_generated/Midjourney_TopUp/dalle_topup_000816.jpg,data_sources/ai_generated/Midjourney_TopUp,ai_generated,1024,1024,1.0,JPEG,267803,70ed2f0b1eadf6320aaa19fe5159c1aa,d2e61785eff3f68a7d642b292f1ca382c6476806411abe42c8836c544dc9b30a,1.0,92e6d4b98a8c8d6b,ok,183.3311356840049,True,True,cluster_00575,train,/home/dheirav/Code/Deepfake_Detection/deepfake-project/dataset_builder/train/ai_generated/dalle_topup_000816.jpg
data_sources/ai_generated/Midjourney_TopUp/dalle_topup_000825.jpg,data_sources/ai_generated/Midjourney_TopUp,ai_generated,520,520,1.0,JPEG,60916,25921218af95ecfd2698f6ed0722b67d,1ba709e991fa0ae7ef898053ae550cb23b8be26f54d80dd01cb5ae7b31aa969b,1.0,b3934b4e6e0c5c78,ok,168.61113722115604,True,True,cluster_00922,train,/home/dheirav/Code/Deepfake_Detection/deepfake-project/dataset_builder/train/ai_generated/dalle_topup_000825.jpg
data_sources/ai_generated/Midjourney_TopUp/dalle_topup_000826.jpg,data_sources/ai_generated/Midjourney_TopUp,ai_generated,1024,1024,1.0,JPEG,367509,49c18f7a40299f018ef6ed544dbaa6a5,9fa93851446f85024e678d74783cb84cda65e3ab94c0657565469b2665494c0b,1.0,beb4c173c64a8743,ok,1462.3364357856692,True,True,cluster_00501,train,/home/dheirav/Code/Deepfake_Detection/deepfake-project/dataset_builder/train/ai_generated/dalle_topup_000826.jpg
data_sources/ai_generated/Midjourney_TopUp/dalle_topup_000830.jpg,data_sources/ai_generated/Midjourney_TopUp,ai_generated,714,1280,0.5578,JPEG,185043,5ff6fafa937fa6d7c86038c6230d3315,23e698799eb1399ca381fb25ee56d13f5fd9ee41685dbb82754b0a4cf1668c74,1.0,eece113195875372,ok,375.07823540105454,True,True,cluster_00863,train,/home/dheirav/Code/Deepfake_Detection/deepfake-project/dataset_builder/train/ai_generated/dalle_topup_000830.jpg
data_sources/ai_generated/Midjourney_TopUp/dalle_topup_000832.jpg,data_sources/ai_generated/Midjourney_TopUp,ai_generated,1024,1024,1.0,JPEG,248744,92ba28a87bb3f11ff72fcba87e344485,e440b1295fd5801fb32b48162d16efab0004781c430c16fa9a5a3e83a028c189,1.0,c34c3c373239c9cd,ok,3889.1917255507924,True,True,cluster_00610,train,/home/dheirav/Code/Deepfake_Detection/deepfake-project/dataset_builder/train/ai_generated/dalle_topup_000832.jpg
data_sources/ai_generated/Midjourney_TopUp/dalle_topup_000838.jpg,data_sources/ai_generated/Midjourney_TopUp,ai_generated,1023,1014,1.0089,JPEG,84879,034bfa7d7c7872803e58425a3235480c,50574c941003f7062adac3e1d6d4fa5ecdddc3b1cb8d1e0466eca06aff1a28db,1.0,8d8d7272725ecc8c,ok,178.7735339107082,True,True,cluster_00759,train,/home/dheirav/Code/Deepfake_Detection/deepfake-project/dataset_builder/train/ai_generated/dalle_topup_000838.jpg
data_sources/ai_generated/Midjourney_TopUp/dalle_topup_000839.jpg,data_sources/ai_generated/Midjourney_TopUp,ai_generated,520,514,1.0117,JPEG,31105,b44517a48f0b76d62d8d82a67db8c530,44aeb528f1ccfe98a5dc6379ee7e94955618e7858d9c50be3523e349f7f989cb,1.0,8d8d7272724ecc8d,ok,93.59807681467613,True,True,cluster_00952,train,/home/dheirav/Code/Deepfake_Detection/deepfake-project/dataset_builder/train/ai_generated/dalle_topup_000839.jpg
data_sources/ai_generated/Midjourney_TopUp/dalle_topup_000844.jpg,data_sources/ai_generated/Midjourney_TopUp,ai_generated,1024,1024,1.0,JPEG,414366,3dd2b47e1ea111cfdbe1a8490f6ff611,14a3258af187a639bb3ab5844863289b0cb0a6d4a2f92b694b8bc796578bd7d7,1.0,c39c3c4b3e1e6361,ok,791.4991027356591,True,True,cluster_00487,train,/home/dheirav/Code/Deepfake_Detection/deepfake-project/dataset_builder/train/ai_generated/dalle_topup_000844.jpg
data_sources/ai_generated/Midjourney_TopUp/dalle_topup_000846.jpg,data_sources/ai_generated/Midjourney_TopUp,ai_generated,1280,717,1.7852,JPEG,234750,429ad5f9c38f789df1f1d10445b1beb8,82ec0a0f11cb5e66654aa2ab3bc8f02e067fcf81ced84067467c24651dbebbb7,1.0,c1c53f1871770ee2,ok,663.2224014008168,True,True,cluster_00835,train,/home/dheirav/Code/Deepfake_Detection/deepfake-project/dataset_builder/train/ai_generated/dalle_topup_000846.jpg
data_sources/ai_generated/Midjourney_TopUp/dalle_topup_000852.jpg,data_sources/ai_generated/Midjourney_TopUp,ai_generated,853,1280,0.6664,JPEG,277301,2e22e37f9b906af56658b2cb0efc1646,f2d4dc205a88dfeca358a3f46f69b1d7a79c9cff7e5f56ece6e0bdd55d50fdb2,1.0,8ebb43e337c41742,ok,675.9365300151487,True,True,cluster_00433,train,/home/dheirav/Code/Deepfake_Detection/deepfake-project/dataset_builder/train/ai_generated/dalle_topup_000852.jpg
data_sources/ai_generated/Midjourney_TopUp/dalle_topup_000858.jpg,data_sources/ai_generated/Midjourney_TopUp,ai_generated,712,1280,0.5563,JPEG,431604,3675afacf9b4cb21c157d96965e0b395,0f8fbf301eb3df8718dda4275be45f375a15d653e0b52ca54baf4bf59ba743f9,1.0,e370e0f934c8de26,ok,1369.4467273384143,True,True,cluster_00865,train,/home/dheirav/Code/Deepfake_Detection/deepfake-project/dataset_builder/train/ai_generated/dalle_topup_000858.jpg
data_sources/ai_generated/Midjourney_TopUp/dalle_topup_000860.jpg,data_sources/ai_generated/Midjourney_TopUp,ai_generated,712,1280,0.5563,JPEG,340058,2ba128bf5ea4572cd8fff8e82658aa9e,8bc0e81576efe570e42e4c9b9d9e80309ea25d384b311173e1f9ebff7b36911e,1.0,9ef9b25270679942,ok,937.0003752112874,True,True,cluster_00866,train,/home/dheirav/Code/Deepfake_Detection/deepfake-project/dataset_builder/train/ai_generated/dalle_topup_000860.jpg
data_sources/ai_generated/Midjourney_TopUp/dalle_topup_000862.jpg,data_sources/ai_generated/Midjourney_TopUp,ai_generated,717,1280,0.5602,JPEG,327524,a25768b6f58531b79208c32872c67477,487d6af27a3757937d4f5dcc4139aa1264e636bce38f3e6bbfb2c146a8f62a11,1.0,d8e8b786649a98e6,ok,449.0681472355262,True,True,cluster_00820,train,/home/dheirav/Code/Deepfake_Detection/deepfake-project/dataset_builder/train/ai_generated/dalle_topup_000862.jpg
data_sources/ai_generated/Midjourney_TopUp/dalle_topup_000866.jpg,data_sources/ai_generated/Midjourney_TopUp,ai_generated,1024,1024,1.0,JPEG,232854,f04eaf051e05d293c8a6c8659318b210,0f72e5c4c45d68ca5972197551ca00cf2abb065ae49fd19d2c27907bab0df558,1.0,89ada2da3e611fc4,ok,525.0638434840139,True,True,cluster_00636,train,/home/dheirav/Code/Deepfake_Detection/deepfake-project/dataset_builder/train/ai_generated/dalle_topup_000866.jpg
data_sources/ai_generated/Midjourney_TopUp/dalle_topup_000880.jpg,data_sources/ai_generated/Midjourney_TopUp,ai_generated,960,1200,0.8,JPEG,552573,9cf54f7c3514f120d0b99a1952971ad6,b288e51bed12581a21a254965119c376b6884431bb3992923205c0863bc70e95,1.0,d1951d2f227853b3,ok,3211.5796597565104,True,True,cluster_00389,train,/home/dheirav/Code/Deepfake_Detection/deepfake-project/dataset_builder/train/ai_generated/dalle_topup_000880.jpg
data_sources/ai_generated/Midjourney_TopUp/dalle_topup_000884.jpg,data_sources/ai_generated/Midjourney_TopUp,ai_generated,1232,928,1.3276,JPEG,181036,009138fcfa6f54d21ffef0e0078d97ab,c208ec650ad69712c8cbc811b49c6180cb54f1f8e82739ce75541a3a08337efc,1.0,948dabb3524b47e4,ok,199.67969183795677,True,True,cluster_00406,train,/home/dheirav/Code/Deepfake_Detection/deepfake-project/dataset_builder/train/ai_generated/dalle_topup_000884.jpg
data_sources/ai_generated/Midjourney_TopUp/dalle_topup_000886.jpg,data_sources/ai_generated/Midjourney_TopUp,ai_generated,1024,1024,1.0,JPEG,570152,2a7ff7948002c8e226e5c0083f2df4ae,fbc6fa005d2900ab7ad7179aa87f839fbfc6a10a3848a6c6ccf5bc97920601d4,1.0,8caf594967266672,ok,3657.2819935716543,True,True,cluster_00463,train,/home/dheirav/Code/Deepfake_Detection/deepfake-project/dataset_builder/train/ai_generated/dalle_topup_000886.jpg
data_sources/ai_generated/Midjourney_TopUp/dalle_topup_000892.jpg,data_sources/ai_generated/Midjourney_TopUp,ai_generated,640,1280,0.5,JPEG,247800,0e19dcbffcce1387b942570c945b5a5a,5303ca86889a7228d36f1cd41a8866f049749cf7bbc710fe66b5fd6c35de2c88,1.0,85496bb996972dc1,ok,1968.327236585021,True,True,cluster_00881,train,/home/dheirav/Code/Deepfake_Detection/deepfake-project/dataset_builder/train/ai_generated/dalle_topup_000892.jpg
data_sources/ai_generated/Midjourney_TopUp/dalle_topup_000904.jpg,data_sources/ai_generated/Midjourney_TopUp,ai_generated,853,1280,0.6664,JPEG,397729,2d5ac286a3b0ebd6a9dca650a72e8153,a0fb4a7c68437807fb63ac2dc21857f71d5145cd7b9c307707fff475dcfba5d8,1.0,90db18f87339732c,ok,358.28413939834945,True,True,cluster_00421,train,/home/dheirav/Code/Deepfake_Detection/deepfake-project/dataset_builder/train/ai_generated/dalle_topup_000904.jpg
data_sources/ai_generated/Midjourney_TopUp/dalle_topup_000905.jpg,data_sources/ai_generated/Midjourney_TopUp,ai_generated,346,520,0.6654,JPEG,79527,798c3bf6c5d70571448056d60509b0b0,b38395fdeb19e22c657feed0af084aab45df4ec87d0d47ee823668671bf310ae,1.0,91db18d87339732c,ok,850.9715921937033,True,True,cluster_00981,train,/home/dheirav/Code/Deepfake_Detection/deepfake-project/dataset_builder/train/ai_generated/dalle_topup_000905.jpg
data_sources/ai_generated/Midjourney_TopUp/dalle_topup_000906.jpg,data_sources/ai_generated/Midjourney_TopUp,ai_generated,1041,1036,1.0048,JPEG,342855,331ee3e68b749a2db5b6c86f9aefed14,f2014369421376baa4bd6b4702d96c0b277a03164b0a59226d2e72d1595dfc20,1.0,91901f0f6f397968,ok,1966.840507345529,True,True,cluster_00450,train,/home/dheirav/Code/Deepfake_Detection/deepfake-project/dataset_builder/train/ai_generated/dalle_topup_000906.jpg
data_sources/ai_generated/Midjourney_TopUp/dalle_topup_000910.jpg,data_sources/ai_generated/Midjourney_TopUp,ai_generated,1024,1024,1.0,JPEG,150287,86b0d94b754cfd8a6cc57925e96a5136,53f035ef49eeb56d13ba21c690a6595361a65b71ec16edb2f86a3c4051cf98df,1.0,b59655445d79624e,ok,167.58964820153778,True,True,cluster_00705,train,/home/dheirav/Code/Deepfake_Detection/deepfake-project/dataset_builder/train/ai_generated/dalle_topup_000910.jpg
data_sources/ai_generated/Midjourney_TopUp/dalle_topup_000920.jpg,data_sources/ai_generated/Midjourney_TopUp,ai_generated,1024,1024,1.0,JPEG,197417,ae63bafd3147c0acdcb6499584f574ad,17a9e6da1c00c3090ebdd4b30c674d263fa964b96c5c19a54dd08b3dba6ce2a1,1.0,966969866c3332bd,ok,329.21697074226904,True,True,cluster_00674,train,/home/dheirav/Code/Deepfake_Detection/deepfake-project/dataset_builder/train/ai_generated/dalle_topup_000920.jpg
data_sources/ai_generated/Midjourney_TopUp/dalle_topup_000922.jpg,data_sources/ai_generated/Midjourney_TopUp,ai_generated,1280,717,1.7852,JPEG,233700,89d9bbd44f83c6e53e14d3d7e2d2a9f8,e96e4a709c5e9202aa651353141ca5b82c5f335639077de2848cd8225eacf7dd,1.0,d9626297c98e59e4,ok,347.4708317346316,True,True,cluster_00836,train,/home/dheirav/Code/Deepfake_Detection/deepfake-project/dataset_builder/train/ai_generated/dalle_topup_000922.jpg
data_sources/ai_generated/Midjourney_TopUp/dalle_topup_000924.jpg,data_sources/ai_generated/Midjourney_TopUp,ai_generated,1022,1022,1.0,JPEG,375648,dffdbc73c490a75571a4098652a9b3cb,65a02bf4f7e697001999a963e5f5367f17d049d655b09a941a6d30818e51a83a,1.0,b1ac0e24f5e46d56,ok,1197.9823953807768,True,True,cluster_00721,train,/home/dheirav/Code/Deepfake_Detection/deepfake-project/dataset_builder/train/ai_generated/dalle_topup_000924.jpg
data_sources/ai_generated/Midjourney_TopUp/dalle_topup_000926.jpg,data_sources/ai_generated/Midjourney_TopUp,ai_generated,1017,1017,1.0,JPEG,458679,889fef22cbfc16b96b391ddbf62ea9b1,c63aca4babcf113aa6466e5367f749369d60312dba0a94b136029daf476cafb4,1.0,c49b5b4e4cd43275,ok,2558.779477626312,True,True,cluster_00770,train,/home/dheirav/Code/Deepfake_Detection/deepfake-project/dataset_builder/train/ai_generated/dalle_topup_000926.jpg
data_sources/ai_generated/Midjourney_TopUp/dalle_topup_000930.jpg,data_sources/ai_generated/Midjourney_TopUp,ai_generated,1021,1021,1.0,JPEG,307342,64fd1c90b319eb0efda4d5a89537b882,67612aa7effb404aa54a8297ab2bc40830b3e39467341f160f8382b470b76992,1.0,8a936c6ec4e38b4d,ok,757.6536814897963,True,True,cluster_00730,train,/home/dheirav/Code/Deepfake_Detection/deepfake-project/dataset_builder/train/ai_generated/dalle_topup_000930.jpg
data_sources/ai_generated/Midjourney_TopUp/dalle_topup_000938.jpg,data_sources/ai_generated/Midjourney_TopUp,ai_generated,1024,1024,1.0,JPEG,174921,4129b2b20b8cacbb3d3bd912e34dc7a4,fad0df5ddddcfc292dc947bd85c59c2f279087ece5cacb813705657cc92d4725,1.0,c5b97a9a12c4cc9e,ok,160.42134067520595,True,True,cluster_00692,train,/home/dheirav/Code/Deepfake_Detection/deepfake-project/dataset_builder/train/ai_generated/dalle_topup_000938.jpg
data_sources/ai_generated/Midjourney_TopUp/dalle_topup_000940.jpg,data_sources/ai_generated/Midjourney_TopUp,ai_generated,1024,1024,1.0,JPEG,175886,c52a0efa4727aad179a8ce700934019a,81835178db6310f25c5b82b276028eca2556f6a56975f133906c04c72928f65e,1.0,9249799e66333acc,ok,211.0646246054639,True,True,cluster_00690,train,/home/dheirav/Code/Deepfake_Detection/deepfake-project/dataset_builder/train/ai_generated/dalle_topup_000940.jpg
data_sources/ai_generated/Midjourney_TopUp/dalle_topup_000944.jpg,data_sources/ai_generated/Midjourney_TopUp,ai_generated,1024,1024,1.0,JPEG,257400,500aecbbd9fad1fb91061da4269fe084,045a5e1852f480d8ac7526624fb216f4c8760697ea33a5212509f6ccc4e0c77c,1.0,c0d433ae174b49fc,ok,369.03569579928353,True,True,cluster_00593,train,/home/dheirav/Code/Deepfake_Detection/deepfake-project/dataset_builder/train/ai_generated/dalle_topup_000944.jpg
data_sources/ai_generated/Midjourney_TopUp/dalle_topup_000946.jpg,data_sources/ai_generated/Midjourney_TopUp,ai_generated,1018,1018,1.0,JPEG,55123,ede73d2663589957655847b347beb44f,bbec407f74cdaff063af6952d1fe772a7107560ee8642aac57bd1ece7c81d8aa,1.0,994d66b6994964b6,ok,107.7028458280791,True,True,cluster_00766,train,/home/dheirav/Code/Deepfake_Detection/deepfake-project/dataset_builder/train/ai_generated/dalle_topup_000946.jpg
data_sources/ai_generated/Midjourney_TopUp/dalle_topup_000952.jpg,data_sources/ai_generated/Midjourney_TopUp,ai_generated,1280,640,2.0,JPEG,170496,787d325ed88bc87197e3b1dbc2a2bb6e,b36db681ab31705cc12dc377ab139ba670a165549165c765e5ea6c0d2699e4e1,1.0,90656ad36d88659f,ok,285.6704479304418,True,True,cluster_00885,train,/home/dheirav/Code/Deepfake_Detection/deepfake-project/dataset_builder/train/ai_generated/dalle_topup_000952.jpg
data_sources/ai_generated/Midjourney_TopUp/dalle_topup_000954.jpg,data_sources/ai_generated/Midjourney_TopUp,ai_generated,1022,1017,1.0049,JPEG,295126,3d4ee87085fbb3e726b8dede5b2e8054,b85468aa438d3fd36743b6b916bf1697cdd8bdbe1ce3fff7b6f4766fc2bb504e,1.0,d2926b4b0a4d6d6d,ok,669.0170817797994,True,True,cluster_00746,train,/home/dheirav/Code/Deepfake_Detection/deepfake-project/dataset_builder/train/ai_generated/dalle_topup_000954.jpg
data_sources/ai_generated/Midjourney_TopUp/dalle_topup_000956.jpg,data_sources/ai_generated/Midjourney_TopUp,ai_generated,1022,1017,1.0049,JPEG,275632,b7dc6931d88fce6fcd3b77e8402abf18,1e420cef5e1c6150d7fec7664f3e0c22333922a50e723ed2483db6bb52d8f1da,1.0,9292494bc96d6d6d,ok,599.6329213543477,True,True,cluster_00747,train,/home/dheirav/Code/Deepfake_Detection/deepfake-project/dataset_builder/train/ai_generated/dalle_topup_000956.jpg
data_sources/ai_generated/Midjourney_TopUp/dalle_topup_000976.jpg,data_sources/ai_generated/Midjourney_TopUp,ai_generated,1024,1024,1.0,JPEG,480911,2f3501b3589a6d377f1b5ed56923ca9c,2b8e8cfc88eca39acd2a800663d48d42eb1bbc44410c12fa0d66381d669ab912,1.0,e4d299a518c94f1f,ok,3806.636741704943,True,True,cluster_00470,train,/home/dheirav/Code/Deepfake_Detection/deepfake-project/dataset_builder/train/ai_generated/dalle_topup_000976.jpg
data_sources/ai_generated/Midjourney_TopUp/dalle_topup_000978.jpg,data_sources/ai_generated/Midjourney_TopUp,ai_generated,1024,1024,1.0,JPEG,431589,0e5b0ebb65bb301f741598bcd09d6368,cea6c9e10a4c24e1558ad3bfc0abe208da2d7ec9d87b74cc451c910d726aebc4,1.0,b7aadcf4611d0706,ok,4908.037169447204,True,True,cluster_00485,train,/home/dheirav/Code/Deepfake_Detection/deepfake-project/dataset_builder/train/ai_generated/dalle_topup_000978.jpg
data_sources/ai_generated/Midjourney_TopUp/dalle_topup_000979.jpg,data_sources/ai_generated/Midjourney_TopUp,ai_generated,520,520,1.0,JPEG,81896,b0f45b516d536b8f140bca77a9eb8418,239b88d3c18e893df00e9456a86dc5d7e54aef39c86aca93de50f845dfe7098a,1.0,b7abdcf4601d0706,ok,1087.9078898670825,True,True,cluster_00911,train,/home/dheirav/Code/Deepfake_Detection/deepfake-project/dataset_builder/train/ai_generated/dalle_topup_000979.jpg
data_sources/ai_generated/Midjourney_TopUp/dalle_topup_000982.jpg,data_sources/ai_generated/Midjourney_TopUp,ai_generated,512,768,0.6667,JPEG,90946,af9f0934f764a399df95c91dd8e06b14,4d6a576595e3a975945094104ca43346436ff404dc3c647817b196f52e24ad50,1.0,ec9896663386999b,ok,1000.0856755431677,True,True,cluster_00894,train,/home/dheirav/Code/Deepfake_Detection/deepfake-project/dataset_builder/train/ai_generated/dalle_topup_000982.jpg
data_sources/ai_generated/Midjourney_TopUp/dalle_topup_000984.jpg,data_sources/ai_generated/Midjourney_TopUp,ai_generated,1024,1024,1.0,JPEG,251491,b61e1ffbc9e9c596faa93cdf4f0698b5,75e94a51b6fb16af6ff3987f0646d78274b3ad08339c25682057c4bae5d55d3a,1.0,bc3ac6bc11e0e687,ok,267.4183435094228,True,True,cluster_00603,train,/home/dheirav/Code/Deepfake_Detection/deepfake-project/dataset_builder/train/ai_generated/dalle_topup_000984.jpg
data_sources/ai_generated/Midjourney_TopUp/dalle_topup_000988.jpg,data_sources/ai_generated/Midjourney_TopUp,ai_generated,512,907,0.5645,JPEG,165850,27fbc208b90c288cdc9bd5aade7fe86a,bfe374fab85d612b6ccab35cd7db65d8bb5432703a2e23ccdadbfb14970b8e66,1.0,ee9ab9658485cd1a,ok,1187.9776142684125,True,True,cluster_00891,train,/home/dheirav/Code/Deepfake_Detection/deepfake-project/dataset_builder/train/ai_generated/dalle_topup_000988.jpg
data_sources/ai_generated/Midjourney_TopUp/dalle_topup_000996.jpg,data_sources/ai_generated/Midjourney_TopUp,ai_generated,1280,1280,1.0,JPEG,296728,db2022cf5b7dfc3af77b40b1df2ce55c,3566c042192b7383c55272e5e8d22f7ef470678167206e0c5cceb24e5235aa8a,1.0,ed8732d80bf27819,ok,166.84231966583096,True,True,cluster_00033,train,/home/dheirav/Code/Deepfake_Detection/deepfake-project/dataset_builder/train/ai_generated/dalle_topup_000996.jpg
data_sources/ai_generated/Midjourney_TopUp/dalle_topup_000997.jpg,data_sources/ai_generated/Midjourney_TopUp,ai_generated,520,520,1.0,JPEG,62149,5716a5fe0bee806a7a8c1a2f7a7be2cd,e840252a1ead1760ef7b5154eea7c46a4d42c3145edbf3562c9f72dab945b1b8,1.0,ed8736d80bf27809,ok,276.1395559134397,True,True,cluster_00919,train,/home/dheirav/Code/Deepfake_Detection/deepfake-project/dataset_builder/train/ai_generated/dalle_topup_000997.jpg
data_sources/ai_generated/Midjourney_TopUp/dalle_topup_000998.jpg,data_sources/ai_generated/Midjourney_TopUp,ai_generated,1014,1014,1.0,JPEG,235150,3866cd9a019f4be4234975b5984356f0,2268c81250b12e832ecea96dca0bfd05e2ebd557a5ee2dd41f146805a1b6c57d,1.0,a1d0c6cf196dd29a,ok,731.3213665941125,True,True,cluster_00785,train,/home/dheirav/Code/Deepfake_Detection/deepfake-project/dataset_builder/train/ai_generated/dalle_topup_000998.jpg
data_sources/ai_generated/Midjourney_TopUp/mj_topup_000006.jpg,data_sources/ai_generated/Midjourney_TopUp,ai_generated,1280,2560,0.5,JPEG,473207,960368d8e783331d0a55165592b0899c,8f888184ced7dbd4e98c611829359a11fd54d58891908249e1b4978a66af546c,1.0,86a8fdb348e1385b,ok,167.18115066120316,True,True,cluster_00020,train,/home/dheirav/Code/Deepfake_Detection/deepfake-project/dataset_builder/train/ai_generated/mj_topup_000006.jpg
data_sources/ai_generated/Midjourney_TopUp/mj_topup_000008.jpg,data_sources/ai_generated/Midjourney_TopUp,ai_generated,864,1728,0.5,JPEG,243553,460fa94e43e7f82342dcb76a8736c924,3bb569d2f63e06197f622768465e5b1efa6e2c22e3f6a9499666118be0fd2de6,1.0,969d59c62399a473,ok,157.86563876482188,True,True,cluster_00320,train,/home/dheirav/Code/Deepfake_Detection/deepfake-project/dataset_builder/train/ai_generated/mj_topup_000008.jpg
data_sources/ai_generated/Midjourney_TopUp/mj_topup_000012.jpg,data_sources/ai_generated/Midjourney_TopUp,ai_generated,1536,1024,1.5,JPEG,468015,c8f8544fe212c093cb48641a846483b5,fa76fa778c5319f77f2065784bde90be2cccbfa215daf098540172987e5b7a4f,1.0,85c870962f68d7e3,ok,348.06968116379926,True,True,cluster_00123,train,/home/dheirav/Code/Deepfake_Detection/deepfake-project/dataset_builder/train/ai_generated/mj_topup_000012.jpg
data_sources/ai_generated/Midjourney_TopUp/mj_topup_000022.jpg,data_sources/ai_generated/Midjourney_TopUp,ai_generated,1024,1024,1.0,JPEG,239146,1ab78efaa342577c989baeb5e71c837c,a1df1dcb5124d51f81e07280e0867c8a09913b20ea4dd4edd09dc158612da360,1.0,c4e435931a38eacf,ok,262.5390737872503,True,True,cluster_00624,train,/home/dheirav/Code/Deepfake_Detection/deepfake-project/dataset_builder/train/ai_generated/mj_topup_000022.jpg
data_sources/ai_generated/Midjourney_TopUp/mj_topup_000024.jpg,data_sources/ai_generated/Midjourney_TopUp,ai_generated,1024,1024,1.0,JPEG,206767,d7b577ae1f47f873008cd64c67e9a047,22fee1c8325ca6d84833b78bee406b20465f241ba8c877bc915a4a81e217b79a,1.0,f8b1934e6da616c2,ok,247.8354075200904,True,True,cluster_00662,train,/home/dheirav/Code/Deepfake_Detection/deepfake-project/dataset_builder/train/ai_generated/mj_topup_000024.jpg
data_sources/ai_generated/Midjourney_TopUp/mj_topup_000026.jpg,data_sources/ai_generated/Midjourney_TopUp,ai_generated,864,1728,0.5,JPEG,220115,04cd4f0a08ece967d1a182cefbe602ba,3bf89492a83da658b848e45ae94d5d19316782f077151ef9a26daa63de3ea3ee,1.0,c3742d8f38e2ce98,ok,204.8522856842079,True,True,cluster_00328,train,/home/dheirav/Code/Deepfake_Detection/deepfake-project/dataset_builder/train/ai_generated/mj_topup_000026.jpg
data_sources/ai_generated/Midjourney_TopUp/mj_topup_000033.jpg,data_sources/ai_generated/Midjourney_TopUp,ai_generated,520,520,1.0,JPEG,66538,750ed61581af653be54ce37be3725a38,6993470f6351147e466065c4bdc2b0319e166e2b5713cdfa3b098c472a959a31,1.0,969b3966e71c0969,ok,619.9797401098607,True,True,cluster_00917,train,/home/dheirav/Code/Deepfake_Detection/deepfake-project/dataset_builder/train/ai_generated/mj_topup_000033.jpg
data_sources/ai_generated/Midjourney_TopUp/mj_topup_000038.jpg,data_sources/ai_generated/Midjourney_TopUp,ai_generated,960,1664,0.5769,JPEG,261137,a8e12f271aeb2f966bfaf6b336c50d4f,a5b0ab7672254bcae9fc7ceb103d3b6d2e5c8b1b33ca16a74477931c6462715a,1.0,aba441d2dacd4d71,ok,86.47506892843789,True,True,cluster_00107,train,/home/dheirav/Code/Deepfake_Detection/deepfake-project/dataset_builder/train/ai_generated/mj_topup_000038.jpg
data_sources/ai_generated/Midjourney_TopUp/mj_topup_000047.jpg,data_sources/ai_generated/Midjourney_TopUp,ai_generated,292,520,0.5615,JPEG,45287,bf2e43eef6b485bf58d45a0742124665,fceea6edad9848ab3319d6d53d35e39379f04b529ccb90314f611ef2ec0e44cb,1.0,8587a69d7a89cec4,ok,340.23667437420784,True,True,cluster_01076,train,/home/dheirav/Code/Deepfake_Detection/deepfake-project/dataset_builder/train/ai_generated/mj_topup_000047.jpg
data_sources/ai_generated/Midjourney_TopUp/mj_topup_000050.jpg,data_sources/ai_generated/Midjourney_TopUp,ai_generated,1024,1024,1.0,JPEG,179638,0df1e40d2437fe15fd65351a0c8d5d4c,571b4f091491e8a68a75618ca58209db4bbdb1c8ca0db3fd58768365c57f7be1,1.0,99b464b332749ada,ok,271.33790588273763,True,True,cluster_00688,train,/home/dheirav/Code/Deepfake_Detection/deepfake-project/dataset_builder/train/ai_generated/mj_topup_000050.jpg
data_sources/ai_generated/Midjourney_TopUp/mj_topup_000052.jpg,data_sources/ai_generated/Midjourney_TopUp,ai_generated,864,1728,0.5,JPEG,411334,55831b09a387404d3dae1edc49aaef79,987ca66441891c9d96846b5819c1e920c734813d74a75695a9233ef7642c5388,1.0,c14f1af41cf27d88,ok,309.3634636571832,True,True,cluster_00246,train,/home/dheirav/Code/Deepfake_Detection/deepfake-project/dataset_builder/train/ai_generated/mj_topup_000052.jpg
data_sources/ai_generated/Midjourney_TopUp/mj_topup_000054.jpg,data_sources/ai_generated/Midjourney_TopUp,ai_generated,1024,1536,0.6667,JPEG,422324,0ad2ee9876e977135fcd3b8fac017880,e65b7345bc1ff5f56c97cad1cc07e2071bd9d9f45e8c6da570d9d747c131cb33,1.0,c44c4fa74b6337c1,ok,349.58986030359864,True,True,cluster_00136,train,/home/dheirav/Code/Deepfake_Detection/deepfake-project/dataset_builder/train/ai_generated/mj_topup_000054.jpg
data_sources/ai_generated/Midjourney_TopUp/mj_topup_000070.jpg,data_sources/ai_generated/Midjourney_TopUp,ai_generated,1280,2560,0.5,JPEG,732371,2c6b50f3b0c0961af1e28c6115900e17,6685f7ee5c7959d436e434d0f8dac3140fb20628cc05c9f4fbb1f96e91ffaa63,1.0,e8459de94047ede8,ok,211.4170768284317,True,True,cluster_00016,train,/home/dheirav/Code/Deepfake_Detection/deepfake-project/dataset_builder/train/ai_generated/mj_topup_000070.jpg
data_sources/ai_generated/Midjourney_TopUp/mj_topup_000072.jpg,data_sources/ai_generated/Midjourney_TopUp,ai_generated,864,1728,0.5,JPEG,204717,ad312f31a19f77e8fd313f5ce2db1fca,61f30cb021150b10e04da34525c668f7b4819dd06576fe9b464ccd885b67cf2a,1.0,c6c6621939796dc6,ok,172.22831695366443,True,True,cluster_00332,train,/home/dheirav/Code/Deepfake_Detection/deepfake-project/dataset_builder/train/ai_generated/mj_topup_000072.jpg
data_sources/ai_generated/Midjourney_TopUp/mj_topup_000074.jpg,data_sources/ai_generated/Midjourney_TopUp,ai_generated,1024,1280,0.8,JPEG,512964,223a6b4d0086c85f076faeb55037c53e,801aa46be786ee5accc3f13053e0f733baa2b5b7f8efcee58e32b8bece6d139e,1.0,c49c3bc76c383c6c,ok,893.6225494381413,True,True,cluster_00363,train,/home/dheirav/Code/Deepfake_Detection/deepfake-project/dataset_builder/train/ai_generated/mj_topup_000074.jpg
data_sources/ai_generated/Midjourney_TopUp/mj_topup_000078.jpg,data_sources/ai_generated/Midjourney_TopUp,ai_generated,864,1728,0.5,JPEG,268951,f8fa0f9dd817e85f0093a4a2c853bc02,d2828d6aa19cbac893a7a32191aac4001ba3822b31cf2f174a3c8ae7c7f64174,1.0,c49b3b6264b533ca,ok,337.3316768301001,True,True,cluster_00314,train,/home/dheirav/Code/Deepfake_Detection/deepfake-project/dataset_builder/train/ai_generated/mj_topup_000078.jpg
data_sources/ai_generated/Midjourney_TopUp/mj_topup_000084.jpg,data_sources/ai_generated/Midjourney_TopUp,ai_generated,2560,1280,2.0,JPEG,781402,afc534405514a0f80dd7f467eddf7a24,caab15de530aa17a66c10109549ef2426507113e6756c642742ee308cd4a1ebb,1.0,d2922cc7373365d2,ok,198.46234279524523,True,True,cluster_00014,train,/home/dheirav/Code/Deepfake_Detection/deepfake-project/dataset_builder/train/ai_generated/mj_topup_000084.jpg
data_sources/ai_generated/Midjourney_TopUp/mj_topup_000096.jpg,data_sources/ai_generated/Midjourney_TopUp,ai_generated,1024,1536,0.6667,JPEG,361399,43d59a405ae31ea38d40e501391d84ed,fcf1ee76a666b648fe94a1f622f55e334dd37114763a457454190c7729209e7d,1.0,c3cb7c15751e0caa,ok,709.0161196134092,True,True,cluster_00169,train,/home/dheirav/Code/Deepfake_Detection/deepfake-project/dataset_builder/train/ai_generated/mj_topup_000096.jpg
data_sources/ai_generated/Midjourney_TopUp/mj_topup_000104.jpg,data_sources/ai_generated/Midjourney_TopUp,ai_generated,960,1664,0.5769,JPEG,442220,57728c0528b0631a7a44d0c42c13091f,ca565f9341029267c93df5e533e04804a899df39d0cbb36e20d1c1a447c374f3,1.0,953436b615cd79c4,ok,350.11708482539,True,True,cluster_00053,train,/home/dheirav/Code/Deepfake_Detection/deepfake-project/dataset_builder/train/ai_generated/mj_topup_000104.jpg
data_sources/ai_generated/Midjourney_TopUp/mj_topup_000109.jpg,data_sources/ai_generated/Midjourney_TopUp,ai_generated,416,520,0.8,JPEG,60514,f51ec57e4ee17a33a6f5c04e56a871c1,6caf6129e8e5c098d16e6572d8fad502c73348680361fa79d958fb64ea0703d3,1.0,99586aa5523b33e6,ok,394.0682345443325,True,True,cluster_00958,train,/home/dheirav/Code/Deepfake_Detection/deepfake-project/dataset_builder/train/ai_generated/mj_topup_000109.jpg
data_sources/ai_generated/Midjourney_TopUp/mj_topup_000110.jpg,data_sources/ai_generated/Midjourney_TopUp,ai_generated,1024,1536,0.6667,JPEG,304775,e1de296c5b83b4b59a80677b730aabe4,c632c19b4012581bcd78911af9a502fe0f7fad0ad2a487aa1990c350fba07110,1.0,9c87d23499f86672,ok,389.8588906806593,True,True,cluster_00195,train,/home/dheirav/Code/Deepfake_Detection/deepfake-project/dataset_builder/train/ai_generated/mj_topup_000110.jpg
data_sources/ai_generated/Midjourney_TopUp/mj_topup_000113.jpg,data_sources/ai_generated/Midjourney_TopUp,ai_generated,346,520,0.6654,JPEG,48883,ff757498a592b8a23dd4f7c57301238b,8ce720315d3628a1701a005c80a8f3c3ae020a228951ce170101c259b6e913d6,1.0,b5aa32da5a0d69e1,ok,409.737431882551,True,True,cluster_00997,train,/home/dheirav/Code/Deepfake_Detection/deepfake-project/dataset_builder/train/ai_generated/mj_topup_000113.jpg
data_sources/ai_generated/Midjourney_TopUp/mj_topup_000134.jpg,data_sources/ai_generated/Midjourney_TopUp,ai_generated,1024,1280,0.8,JPEG,265348,4b8c88d2e0e1415c582358f98db9ef59,7b9adf30506915dc4fb600493629e39471f08e689f3d603cf98466207e51ea4b,1.0,c5e63a4a78bd3c18,ok,154.97598273103068,True,True,cluster_00372,train,/home/dheirav/Code/Deepfake_Detection/deepfake-project/dataset_builder/train/ai_generated/mj_topup_000134.jpg
data_sources/ai_generated/Midjourney_TopUp/mj_topup_000138.jpg,data_sources/ai_generated/Midjourney_TopUp,ai_generated,1024,1536,0.6667,JPEG,465434,dfa6a60c80cc42d7e40331b4d24b12c7,d0beaaff2dd76502327de7eb7132b2e95dd461f88351c3a283749e38f49998c5,1.0,b996c44a96691ce7,ok,1962.9408670960286,True,True,cluster_00124,train,/home/dheirav/Code/Deepfake_Detection/deepfake-project/dataset_builder/train/ai_generated/mj_topup_000138.jpg
data_sources/ai_generated/Midjourney_TopUp/mj_topup_000140.jpg,data_sources/ai_generated/Midjourney_TopUp,ai_generated,1024,1024,1.0,JPEG,288188,a709dc7c01abaa2fe957db09296b1971,f227981baa187659222408b612a6919ddf73715211222b78aa3ed639cd89ece7,1.0,f10f4e9c3c48d89d,ok,286.53839941011296,True,True,cluster_00547,train,/home/dheirav/Code/Deepfake_Detection/deepfake-project/dataset_builder/train/ai_generated/mj_topup_000140.jpg
data_sources/ai_generated/Midjourney_TopUp/mj_topup_000147.jpg,data_sources/ai_generated/Midjourney_TopUp,ai_generated,300,520,0.5769,JPEG,39822,a8fd37e671186631fafb97245b0411d1,b40925be2c92742199d641dc1e04c0714f0d071f614d9d38988039ad6e50e7c0,1.0,94ccc3f0cd793865,ok,271.82393983809993,True,True,cluster_01060,train,/home/dheirav/Code/Deepfake_Detection/deepfake-project/dataset_builder/train/ai_generated/mj_topup_000147.jpg
data_sources/ai_generated/Midjourney_TopUp/mj_topup_000150.jpg,data_sources/ai_generated/Midjourney_TopUp,ai_generated,1024,1024,1.0,JPEG,254005,03716e681ae5560ebd55d6ce1a5fdad4,7d5cd17a49d09f70d5e4feff28821146d4ee69a887167b7e73615380af568b37,1.0,9e9b207467657958,ok,153.412934893684,True,True,cluster_00599,train,/home/dheirav/Code/Deepfake_Detection/deepfake-project/dataset_builder/train/ai_generated/mj_topup_000150.jpg
data_sources/ai_generated/Midjourney_TopUp/mj_topup_000152.jpg,data_sources/ai_generated/Midjourney_TopUp,ai_generated,1024,1536,0.6667,JPEG,548082,790a2b6a518901352da2c91b3f103000,b54f96ef0da038e9fde333c1f29f7a2e5ec9549640872416160d151cde37d3ed,1.0,bf4ef0d678f00505,ok,3906.0240568597414,True,True,cluster_00112,train,/home/dheirav/Code/Deepfake_Detection/deepfake-project/dataset_builder/train/ai_generated/mj_topup_000152.jpg
data_sources/ai_generated/Midjourney_TopUp/mj_topup_000154.jpg,data_sources/ai_generated/Midjourney_TopUp,ai_generated,864,1728,0.5,JPEG,342583,cff058cb4ac0ea2e1aa9b724dc3db17f,5a425eeb977ddefb85593324b3905806f15dc44bd7276e7462ba20ca256a6f45,1.0,c7451d373ec870c9,ok,390.36893231593496,True,True,cluster_00272,train,/home/dheirav/Code/Deepfake_Detection/deepfake-project/dataset_builder/train/ai_generated/mj_topup_000154.jpg
data_sources/ai_generated/Midjourney_TopUp/mj_topup_000156.jpg,data_sources/ai_generated/Midjourney_TopUp,ai_generated,1568,896,1.75,JPEG,322849,c681a1927754eb6d0100c5b486c409c4,dbc5645ee43b5973dc1bed1a49067e4f95fd239eabe612ab2fa1e70c97a3eedd,1.0,bee1c59690b44ad9,ok,939.2219024634697,True,True,cluster_00342,train,/home/dheirav/Code/Deepfake_Detection/deepfake-project/dataset_builder/train/ai_generated/mj_topup_000156.jpg
data_sources/ai_generated/Midjourney_TopUp/mj_topup_000158.jpg,data_sources/ai_generated/Midjourney_TopUp,ai_generated,2048,2048,1.0,JPEG,1268363,987f7d2052d18209e9864d3ad8cf7469,4230481217a9032b32915797ffeb91aee13517bf9e31ec83500914a7720de91e,1.0,929a69b549696d66,ok,5855.805857323754,True,True,cluster_00001,train,/home/dheirav/Code/Deepfake_Detection/deepfake-project/dataset_builder/train/ai_generated/mj_topup_000158.jpg
data_sources/ai_generated/Midjourney_TopUp/mj_topup_000162.jpg,data_sources/ai_generated/Midjourney_TopUp,ai_generated,960,1664,0.5769,JPEG,334376,f11602e89d60fe2bbabdd7cdbab5d945,c49bfce1e9faba7599ecba1c03864d61f359f94874335cb512cd6b6913da9e1a,1.0,c41d0fd0332edf31,ok,80.18242813499096,True,True,cluster_00084,train,/home/dheirav/Code/Deepfake_Detection/deepfake-project/dataset_builder/train/ai_generated/mj_topup_000162.jpg
data_sources/ai_generated/Midjourney_TopUp/mj_topup_000168.jpg,data_sources/ai_generated/Midjourney_TopUp,ai_generated,1024,1536,0.6667,JPEG,389126,c1c64678a67e93594773e3e5b28a0d3f,65c24c499476513f938b3272b8b890abb672436d1e4a7c19d8127b916ea921f8,1.0,99278aea7d9a6624,ok,146.38021337396154,True,True,cluster_00153,train,/home/dheirav/Code/Deepfake_Detection/deepfake-project/dataset_builder/train/ai_generated/mj_topup_000168.jpg
data_sources/ai_generated/Midjourney_TopUp/mj_topup_000179.jpg,data_sources/ai_generated/Midjourney_TopUp,ai_generated,300,520,0.5769,JPEG,43539,e29a08c34f3c3e03a1809a4c542767c4,997ee44415c66744d541bbc803fbbaf9d15e610827261146529ab0527b9bda87,1.0,c00ddff725899271,ok,288.0133076553255,True,True,cluster_01054,train,/home/dheirav/Code/Deepfake_Detection/deepfake-project/dataset_builder/train/ai_generated/mj_topup_000179.jpg
data_sources/ai_generated/Midjourney_TopUp/mj_topup_000182.jpg,data_sources/ai_generated/Midjourney_TopUp,ai_generated,1024,1344,0.7619,JPEG,371723,a7b6cd9f2f5c118339a96b4a78ac25c0,04b561330368579db3d5f0462d0655f3243bd6124497bc368f3140562538e46d,1.0,eb149261ac63dbd8,ok,2528.5300575781716,True,True,cluster_00348,train,/home/dheirav/Code/Deepfake_Detection/deepfake-project/dataset_builder/train/ai_generated/mj_topup_000182.jpg
data_sources/ai_generated/Midjourney_TopUp/mj_topup_000190.jpg,data_sources/ai_generated/Midjourney_TopUp,ai_generated,864,1728,0.5,JPEG,414059,1b5a65c67ffff957790199e81329c151,6f15d798b00b3a69edde269e92b68c17983e392809d8820a72402f139a432ed7,1.0,81919f7a3a51746e,ok,456.7518615924964,True,True,cluster_00245,train,/home/dheirav/Code/Deepfake_Detection/deepfake-project/dataset_builder/train/ai_generated/mj_topup_000190.jpg
data_sources/ai_generated/Midjourney_TopUp/mj_topup_000202.jpg,data_sources/ai_generated/Midjourney_TopUp,ai_generated,960,1664,0.5769,JPEG,353335,5abc728709e42915608358c68acfd4d3,aac818b3ac7dfd9c0a1ed869bc8f77d2e77337dd9adb130c7ab20a76598f67b8,1.0,d4a88e9d394391cf,ok,225.52299926859232,True,True,cluster_00078,train,/home/dheirav/Code/Deepfake_Detection/deepfake-project/dataset_builder/train/ai_generated/mj_topup_000202.jpg
data_sources/ai_generated/Midjourney_TopUp/mj_topup_000208.jpg,data_sources/ai_generated/Midjourney_TopUp,ai_generated,960,1664,0.5769,JPEG,295067,e82eae39984fcf97bad70654567bc261,fd7eec5de67f661bf791b2ee3fbf57aa3bd7241a837574ea84e4dd5db1e3e034,1.0,d4874f5863f04373,ok,161.40469311786552,True,True,cluster_00097,train,/home/dheirav/Code/Deepfake_Detection/deepfake-project/dataset_builder/train/ai_generated/mj_topup_000208.jpg
data_sources/ai_generated/Midjourney_TopUp/mj_topup_000210.jpg,data_sources/ai_generated/Midjourney_TopUp,ai_generated,864,1728,0.5,JPEG,349933,711e0264603e7be76fa7c7a15c00952c,67f22179088693062d6464fd5c7c41ab7bbdc40f2231074a0f0f811a04ef6a87,1.0,91954d78daf69294,ok,149.8849499346472,True,True,cluster_00269,train,/home/dheirav/Code/Deepfake_Detection/deepfake-project/dataset_builder/train/ai_generated/mj_topup_000210.jpg
data_sources/ai_generated/Midjourney_TopUp/mj_topup_000213.jpg,data_sources/ai_generated/Midjourney_TopUp,ai_generated,300,520,0.5769,JPEG,32723,e7652065650d785ce76fdbf9138cff31,364ec05230f590b6a76526342b4bee13e24c35b4933aca21f15e735b5338cf13,1.0,cde233b20ef14c3a,ok,220.26880282971732,True,True,cluster_01068,train,/home/dheirav/Code/Deepfake_Detection/deepfake-project/dataset_builder/train/ai_generated/mj_topup_000213.jpg
data_sources/ai_generated/Midjourney_TopUp/mj_topup_000217.jpg,data_sources/ai_generated/Midjourney_TopUp,ai_generated,520,520,1.0,JPEG,49986,4bc6e1bd10ee3a7f56ddf7f5ff8f6903,cdde7d64f1eb8bdc13dc65eadfc320b38e8cfd542514c945e326df8e54195fe0,1.0,9019617f0e966fc3,ok,91.0003242616133,True,True,cluster_00930,train,/home/dheirav/Code/Deepfake_Detection/deepfake-project/dataset_builder/train/ai_generated/mj_topup_000217.jpg
data_sources/ai_generated/Midjourney_TopUp/mj_topup_000220.jpg,data_sources/ai_generated/Midjourney_TopUp,ai_generated,1024,1024,1.0,JPEG,291664,5bf0691249f49a212e1cbb24f18b350e,d7b680301ee6c1b755bf0740ab97ede9cc93025f4023f57b9294b3b9257a9e9a,1.0,92b2d23becb4385a,ok,379.8106629394423,True,True,cluster_00543,train,/home/dheirav/Code/Deepfake_Detection/deepfake-project/dataset_builder/train/ai_generated/mj_topup_000220.jpg
data_sources/ai_generated/Midjourney_TopUp/mj_topup_000222.jpg,data_sources/ai_generated/Midjourney_TopUp,ai_generated,1568,896,1.75,JPEG,384458,69d2718c75b1e9b74833ce901b7c013b,5291bbb20ad6bf2bed8190b224e3fe694068316c36f849a5d47db47cb6a22d4f,1.0,fe42618f167cb123,ok,416.48022800367175,True,True,cluster_00339,train,/home/dheirav/Code/Deepfake_Detection/deepfake-project/dataset_builder/train/ai_generated/mj_topup_000222.jpg
data_sources/ai_generated/Midjourney_TopUp/mj_topup_000228.jpg,data_sources/ai_generated/Midjourney_TopUp,ai_generated,864,1728,0.5,JPEG,386977,28f224cbe4db39139b1cea190f7f5d1d,577f84b729e0ae3d7d2d66f6e01867b67563c951d091bcf6c4033c3935165886,1.0,ff800aea35b23372,ok,127.33822210416189,True,True,cluster_00253,train,/home/dheirav/Code/Deepfake_Detection/deepfake-project/dataset_builder/train/ai_generated/mj_topup_000228.jpg
data_sources/ai_generated/Midjourney_TopUp/mj_topup_000232.jpg,data_sources/ai_generated/Midjourney_TopUp,ai_generated,960,1664,0.5769,JPEG,512859,6aaec358a780cc35b89e0ddc1b117c29,0e8aa6569743520d944e2d2cc48a5fbca0688e213f9e4179d710d5e82537152f,1.0,955a31316e25cabd,ok,682.079606310826,True,True,cluster_00046,train,/home/dheirav/Code/Deepfake_Detection/deepfake-project/dataset_builder/train/ai_generated/mj_topup_000232.jpg
data_sources/ai_generated/Midjourney_TopUp/mj_topup_000234.jpg,data_sources/ai_generated/Midjourney_TopUp,ai_generated,864,1728,0.5,JPEG,380011,cacf141c5c09a8155b4a9517b2fa2a07,5554893da7b992b0ea561a6fb4c895478492f4a39b24ba3ee622afa2ca4fd266,1.0,ee19c8397ec039a6,ok,252.74365033285292,True,True,cluster_00256,train,/home/dheirav/Code/Deepfake_Detection/deepfake-project/dataset_builder/train/ai_generated/mj_topup_000234.jpg
data_sources/ai_generated/Midjourney_TopUp/mj_topup_000240.jpg,data_sources/ai_generated/Midjourney_TopUp,ai_generated,960,1664,0.5769,JPEG,425133,f7295140ee758172c7f204802e3b68e5,17313ac88e13973a9161cab9e450f6029aba0e6e9c89be0e3d4325af960236b5,1.0,95562a0f3c673969,ok,232.1794366523735,True,True,cluster_00056,train,/home/dheirav/Code/Deepfake_Detection/deepfake-project/dataset_builder/train/ai_generated/mj_topup_000240.jpg
data_sources/ai_generated/Midjourney_TopUp/mj_topup_000244.jpg,data_sources/ai_generated/Midjourney_TopUp,ai_generated,864,1728,0.5,JPEG,343909,a2c2fe5feece249894abb4b17605bb4a,0c77a3504af04a4e668cf8424d16ccd838477cedea3472f133935ac619af0806,1.0,9c254315ea996f9a,ok,675.9156066411662,True,True,cluster_00271,train,/home/dheirav/Code/Deepfake_Detection/deepfake-project/dataset_builder/train/ai_generated/mj_topup_000244.jpg
data_sources/ai_generated/Midjourney_TopUp/mj_topup_000250.jpg,data_sources/ai_generated/Midjourney_TopUp,ai_generated,960,1664,0.5769,JPEG,552468,b5c53055c63c908bb637d8d12e3c6ece,d09b385d998ab835f9e4b563ef87be4969f083cc1e4640f856ace67edd5b4059,1.0,95bf7a5805616a96,ok,497.58230579561814,True,True,cluster_00041,train,/home/dheirav/Code/Deepfake_Detection/deepfake-project/dataset_builder/train/ai_generated/mj_topup_000250.jpg
data_sources/ai_generated/Midjourney_TopUp/mj_topup_000252.jpg,data_sources/ai_generated/Midjourney_TopUp,ai_generated,864,1728,0.5,JPEG,407413,7d44d522ca5996827d921d42978ff435,1b9271854b5e682e2af7e5f900072d1ea565915fc97032bbcf5c1704c63c4317,1.0,c6a43b4b389eb361,ok,1715.1976594586138,True,True,cluster_00247,train,/home/dheirav/Code/Deepfake_Detection/deepfake-project/dataset_builder/train/ai_generated/mj_topup_000252.jpg
data_sources/ai_generated/Midjourney_TopUp/mj_topup_000254.jpg,data_sources/ai_generated/Midjourney_TopUp,ai_generated,1024,1536,0.6667,JPEG,517839,9ed3f963f0d3b4a5238305f83645458a,d3bd58e3c6e5f0372e5a3e5874537a5ed54b0dcb6030e1f82463ac096708b9f9,1.0,903b2d6d4dd2429f,ok,1748.4159954781237,True,True,cluster_00115,train,/home/dheirav/Code/Deepfake_Detection/deepfake-project/dataset_builder/train/ai_generated/mj_topup_000254.jpg
data_sources/ai_generated/Midjourney_TopUp/mj_topup_000266.jpg,data_sources/ai_generated/Midjourney_TopUp,ai_generated,1024,1536,0.6667,JPEG,403079,e05bd80616f47bdc178af6c5bd11f01b,c5d15564764a694fc963c826ba6c7739357d18d89d5b1ff65e5c19910747454a,1.0,c16e1e6998f829d9,ok,82.22945656906653,True,True,cluster_00143,train,/home/dheirav/Code/Deepfake_Detection/deepfake-project/dataset_builder/train/ai_generated/mj_topup_000266.jpg
data_sources/ai_generated/Midjourney_TopUp/mj_topup_000270.jpg,data_sources/ai_generated/Midjourney_TopUp,ai_generated,960,1664,0.5769,JPEG,445123,778498472b7716f1801b7106eb45d359,b544bbeca1d370f2a84a1c96028af383c368a2d1e9bafe876d8d0cac752d8d2f,1.0,db9337301c31637c,ok,291.450608468816,True,True,cluster_00052,train,/home/dheirav/Code/Deepfake_Detection/deepfake-project/dataset_builder/train/ai_generated/mj_topup_000270.jpg
data_sources/ai_generated/Midjourney_TopUp/mj_topup_000274.jpg,data_sources/ai_generated/Midjourney_TopUp,ai_generated,1024,1536,0.6667,JPEG,342224,8943a7183133bb45f9e7f7e17cbe42a3,e97f3a24106c867c27f107437480266a14f0edeced11a60eb120126749af35b5,1.0,d2926d6d6c83316b,ok,294.9942866478361,True,True,cluster_00179,train,/home/dheirav/Code/Deepfake_Detection/deepfake-project/dataset_builder/train/ai_generated/mj_topup_000274.jpg
data_sources/ai_generated/Midjourney_TopUp/mj_topup_000288.jpg,data_sources/ai_generated/Midjourney_TopUp,ai_generated,1536,1024,1.5,JPEG,263188,8c2e9c835d7343a1bfec58798b9186b2,379a7c1e454a83c7df943980672186380c67ec2150d884d57a33e88e80fcee93,1.0,965a6934b0cbc736,ok,588.2779272257903,True,True,cluster_00209,train,/home/dheirav/Code/Deepfake_Detection/deepfake-project/dataset_builder/train/ai_generated/mj_topup_000288.jpg
data_sources/ai_generated/Midjourney_TopUp/mj_topup_000294.jpg,data_sources/ai_generated/Midjourney_TopUp,ai_generated,1024,1024,1.0,JPEG,263390,5b600940bee510706abf2e3f07a34c34,ffa8a325218342305bfb47b4cba4b47287e0a53b0101cd6757f1028f64870f2d,1.0,e48e12790f3536d6,ok,1349.8372771442505,True,True,cluster_00585,train,/home/dheirav/Code/Deepfake_Detection/deepfake-project/dataset_builder/train/ai_generated/mj_topup_000294.jpg
data_sources/ai_generated/Midjourney_TopUp/mj_topup_000299.jpg,data_sources/ai_generated/Midjourney_TopUp,ai_generated,300,520,0.5769,JPEG,54919,1821d7ce6a83ead4310abefe2546bcde,ab0cd11cea6b8512aa0e5013ff669d0db32ed68d887db18ed469b1ce3c63b98b,1.0,debe3210c1edcd84,ok,491.6705512146203,True,True,cluster_01041,train,/home/dheirav/Code/Deepfake_Detection/deepfake-project/dataset_builder/train/ai_generated/mj_topup_000299.jpg
data_sources/ai_generated/Midjourney_TopUp/mj_topup_000305.jpg,data_sources/ai_generated/Midjourney_TopUp,ai_generated,260,520,0.5,JPEG,46925,0b084b9a2720d7e9324e13c1a54fdec3,29bc77e9713756e6616898f5981d45617a9194a61ca3f087423059569874f679,1.0,e5c5903e4b5b1f60,ok,569.6850245255769,True,True,cluster_01097,train,/home/dheirav/Code/Deepfake_Detection/deepfake-project/dataset_builder/train/ai_generated/mj_topup_000305.jpg
data_sources/ai_generated/Midjourney_TopUp/mj_topup_000310.jpg,data_sources/ai_generated/Midjourney_TopUp,ai_generated,1024,1536,0.6667,JPEG,322192,0eda959a0307f57acf4f905bd25d0468,20a3c5ae0736f94b1b51ba96c9d581e41bd060a11e8ec4d662b8904878d66141,1.0,e2641d3bea211df2,ok,565.2479252526391,True,True,cluster_00188,train,/home/dheirav/Code/Deepfake_Detection/deepfake-project/dataset_builder/train/ai_generated/mj_topup_000310.jpg
data_sources/ai_generated/Midjourney_TopUp/mj_topup_000312.jpg,data_sources/ai_generated/Midjourney_TopUp,ai_generated,1024,1344,0.7619,JPEG,310926,6239c0bab544c6895f6cde04974cbf9d,2e71c2fbf4109a78f3d987350d3643243fdee67eacec8249ba1ee08561adab2d,1.0,8fc86cb3738c3370,ok,2247.9307758571417,True,True,cluster_00351,train,/home/dheirav/Code/Deepfake_Detection/deepfake-project/dataset_builder/train/ai_generated/mj_topup_000312.jpg
data_sources/ai_generated/Midjourney_TopUp/mj_topup_000314.jpg,data_sources/ai_generated/Midjourney_TopUp,ai_generated,1024,1344,0.7619,JPEG,294321,335f24452b39181cc291deb5f396ed54,ca3e890cb869800228b6a4426a562fc6e2601e3abc4ebafbb10b66347ffc1413,1.0,9c7c629337a453c6,ok,652.4068062678402,True,True,cluster_00352,train,/home/dheirav/Code/Deepfake_Detection/deepfake-project/dataset_builder/train/ai_generated/mj_topup_000314.jpg
data_sources/ai_generated/Midjourney_TopUp/mj_topup_000316.jpg,data_sources/ai_generated/Midjourney_TopUp,ai_generated,1024,1536,0.6667,JPEG,227452,4e07f6dc0652dafbe4cd0caac886c462,94db145c739b30083d44f0cbc9aeb5c38419768aa93d5010d93a1a709f1d954b,1.0,938f2de433693466,ok,99.1553893647296,True,True,cluster_00217,train,/home/dheirav/Code/Deepfake_Detection/deepfake-project/dataset_builder/train/ai_generated/mj_topup_000316.jpg
data_sources/ai_generated/Midjourney_TopUp/mj_topup_000318.jpg,data_sources/ai_generated/Midjourney_TopUp,ai_generated,960,1664,0.5769,JPEG,363078,14a0888498bb1d723b78dd0901c7821a,2d8dccd3c009fc6a3f49a067e69146682f6f4fe1d505bd031e6ad676e816c5d3,1.0,94965b69696925b5,ok,3008.4154458963753,True,True,cluster_00075,train,/home/dheirav/Code/Deepfake_Detection/deepfake-project/dataset_builder/train/ai_generated/mj_topup_000318.jpg
data_sources/ai_generated/Midjourney_TopUp/mj_topup_000322.jpg,data_sources/ai_generated/Midjourney_TopUp,ai_generated,864,1728,0.5,JPEG,263201,531f1fb48876e79be3552e38b6563290,435c837551e396af35db5fffbf6d10aef91fcac9370bc5d255f67a711dd4bb58,1.0,c01f3f6839e3a263,ok,363.4951941330014,True,True,cluster_00316,train,/home/dheirav/Code/Deepfake_Detection/deepfake-project/dataset_builder/train/ai_generated/mj_topup_000322.jpg
data_sources/ai_generated/Midjourney_TopUp/mj_topup_000330.jpg,data_sources/ai_generated/Midjourney_TopUp,ai_generated,1024,1024,1.0,JPEG,283146,73a3525b71cb56a2fc986357821ea0f2,755d9f842197d36f78bb20eb9b1327cde8489526655ab4298921b693b9fe1424,1.0,c1a31e7838cf66a6,ok,1051.8170059213553,True,True,cluster_00553,train,/home/dheirav/Code/Deepfake_Detection/deepfake-project/dataset_builder/train/ai_generated/mj_topup_000330.jpg
data_sources/ai_generated/Midjourney_TopUp/mj_topup_000334.jpg,data_sources/ai_generated/Midjourney_TopUp,ai_generated,1024,1536,0.6667,JPEG,439748,faa8057085bfdf3bac33d6eeeb3601ce,aeb599719d99bcf30e10692c796e4517eaab779e1649759fe9a7afd5ea5cb434,1.0,899e97601c66729f,ok,230.76657994541486,True,True,cluster_00132,train,/home/dheirav/Code/Deepfake_Detection/deepfake-project/dataset_builder/train/ai_generated/mj_topup_000334.jpg
data_sources/ai_generated/Midjourney_TopUp/mj_topup_000338.jpg,data_sources/ai_generated/Midjourney_TopUp,ai_generated,1024,1536,0.6667,JPEG,435688,4d6ff228af0ea686fa988314d8f63d29,054cac25193d570606f3aa46eb7c39a670a165046b6cd52dea6daa6e15555501,1.0,c44f3e78f02d3332,ok,399.7509154689744,True,True,cluster_00134,train,/home/dheirav/Code/Deepfake_Detection/deepfake-project/dataset_builder/train/ai_generated/mj_topup_000338.jpg
data_sources/ai_generated/Midjourney_TopUp/mj_topup_000342.jpg,data_sources/ai_generated/Midjourney_TopUp,ai_generated,1024,1536,0.6667,JPEG,231976,965b250c49ef9020e7a30becdf842665,01702d148a74cca803f3e0b1569080f3de8564e8182f537cedd20d6edb5f7f4b,1.0,ce71949fdacc0760,ok,132.94509946734334,True,True,cluster_00216,train,/home/dheirav/Code/Deepfake_Detection/deepfake-project/dataset_builder/train/ai_generated/mj_topup_000342.jpg
data_sources/ai_generated/Midjourney_TopUp/mj_topup_000346.jpg,data_sources/ai_generated/Midjourney_TopUp,ai_generated,864,1728,0.5,JPEG,439162,7cf135e064db47989b180ae69074920d,f0e221fdaf9a059b08d400791ca8da505d8f959d04ba33810072e33b1f2cfd8a,1.0,de1b211bc4e5633c,ok,1266.5149244893632,True,True,cluster_00241,train,/home/dheirav/Code/Deepfake_Detection/deepfake-project/dataset_builder/train/ai_generated/mj_topup_000346.jpg
data_sources/ai_generated/Midjourney_TopUp/mj_topup_000361.jpg,data_sources/ai_generated/Midjourney_TopUp,ai_generated,260,520,0.5,JPEG,37392,a0b36061c3a5bced7b81ca19855af07a,fddf6b216c0a84440fd4c4d2ee45ae5f68dc6a17c435aa1342cf0fbe242b1c9b,1.0,99d34a8d2762cc3d,ok,291.9504976475242,True,True,cluster_01106,train,/home/dheirav/Code/Deepfake_Detection/deepfake-project/dataset_builder/train/ai_generated/mj_topup_000361.jpg
data_sources/ai_generated/Midjourney_TopUp/mj_topup_000363.jpg,data_sources/ai_generated/Midjourney_TopUp,ai_generated,260,520,0.5,JPEG,36469,faac8c2d00dcb625b33b2ab59b2b8e81,378c7e333b14bfb141313f25563e5afa52c62a899f7d33c3d949a394cd6859dd,1.0,915ad2c62fe5ce0a,ok,338.4520843094058,True,True,cluster_01107,train,/home/dheirav/Code/Deepfake_Detection/deepfake-project/dataset_builder/train/ai_generated/mj_topup_000363.jpg
data_sources/ai_generated/Midjourney_TopUp/mj_topup_000366.jpg,data_sources/ai_generated/Midjourney_TopUp,ai_generated,1024,1024,1.0,JPEG,195985,6c1cf0b181b277583343f658ca59c97b,ee82f142893e3b2b2d7e6e2821a3e50ed46091dd433a70966fff441b3713bdd5,1.0,d1c93e2a4b9e162d,ok,338.8270774597622,True,True,cluster_00678,train,/home/dheirav/Code/Deepfake_Detection/deepfake-project/dataset_builder/train/ai_generated/mj_topup_000366.jpg
data_sources/ai_generated/Midjourney_TopUp/mj_topup_000367.jpg,data_sources/ai_generated/Midjourney_TopUp,ai_generated,520,520,1.0,JPEG,50039,719c68a6aebb3f297e3c7e4ac3547ef8,799294549004eac3009aa4ad1078b527524d5ea89442a47e8fc4b6878626dcbc,1.0,d1c93e3a4b9e122d,ok,94.6738450194321,True,True,cluster_00929,train,/home/dheirav/Code/Deepfake_Detection/deepfake-project/dataset_builder/train/ai_generated/mj_topup_000367.jpg
data_sources/ai_generated/Midjourney_TopUp/mj_topup_000369.jpg,data_sources/ai_generated/Midjourney_TopUp,ai_generated,260,520,0.5,JPEG,37978,ac3073c87ce542a63afbcc4dfa28cf05,0901fb0fe3483ba41ea839ca6b764ccd8109b79d31c9873506f9381fdd89023b,1.0,cadc031ce33b8d47,ok,215.0185700071776,True,True,cluster_01102,train,/home/dheirav/Code/Deepfake_Detection/deepfake-project/dataset_builder/train/ai_generated/mj_topup_000369.jpg
data_sources/ai_generated/Midjourney_TopUp/mj_topup_000370.jpg,data_sources/ai_generated/Midjourney_TopUp,ai_generated,1024,1536,0.6667,JPEG,429791,477d4ec1c6afe17ac35b167326a57dd8,882bcd92603ad7591bf7c5db04fd226e64b0804d577f5fb98107193c96dc2b2a,1.0,99584d0f6e366399,ok,2537.422620552563,True,True,cluster_00135,train,/home/dheirav/Code/Deepfake_Detection/deepfake-project/dataset_builder/train/ai_generated/mj_topup_000370.jpg
data_sources/ai_generated/Midjourney_TopUp/mj_topup_000373.jpg,data_sources/ai_generated/Midjourney_TopUp,ai_generated,520,520,1.0,JPEG,37730,162535666550ef72745ae7ecc182fca7,0041fd6e459a5a9e2cbdab8fbe05fa1f3dbe549ebf4dfdfc4a38b92ff8f18993,1.0,cc19d96738c62376,ok,91.61573874819192,True,True,cluster_00943,train,/home/dheirav/Code/Deepfake_Detection/deepfake-project/dataset_builder/train/ai_generated/mj_topup_000373.jpg
data_sources/ai_generated/Midjourney_TopUp/mj_topup_000374.jpg,data_sources/ai_generated/Midjourney_TopUp,ai_generated,1024,1024,1.0,JPEG,257308,bb7001fc00d6ab923e6c940a9d3cbded,43b590e3bd703531f12399ecb8bfa88c0fe13019e5d05d9e86845e57557f0696,1.0,868a3b333919356f,ok,240.53699209709788,True,True,cluster_00594,train,/home/dheirav/Code/Deepfake_Detection/deepfake-project/dataset_builder/train/ai_generated/mj_topup_000374.jpg
data_sources/ai_generated/Midjourney_TopUp/mj_topup_000383.jpg,data_sources/ai_generated/Midjourney_TopUp,ai_generated,346,520,0.6654,JPEG,74191,6dbd678651d950c9c9a2598a7975dd9b,a4c000191056425de5b11b75781a33dd1b026a57ad956e6c29e21eddfdcfc5a6,1.0,8fc591836a0f2d5d,ok,806.074598018565,True,True,cluster_00983,train,/home/dheirav/Code/Deepfake_Detection/deepfake-project/dataset_builder/train/ai_generated/mj_topup_000383.jpg
data_sources/ai_generated/Midjourney_TopUp/mj_topup_000384.jpg,data_sources/ai_generated/Midjourney_TopUp,ai_generated,864,1728,0.5,JPEG,241910,59b2ee9d76a87f5e44585b9fc40b9feb,b39fe67f7085dbdd82a486a5e2db211753ef0f8d5f3fbc55ce4d91162c96a276,1.0,e5951928c7ee1ad1,ok,81.26701256610603,True,True,cluster_00322,train,/home/dheirav/Code/Deepfake_Detection/deepfake-project/dataset_builder/train/ai_generated/mj_topup_000384.jpg
data_sources/ai_generated/Midjourney_TopUp/mj_topup_000400.jpg,data_sources/ai_generated/Midjourney_TopUp,ai_generated,1024,1536,0.6667,JPEG,316468,53801c88159a652ff5e0cb2033c86e54,725bd1ab92dda87d1eeac65a69d09f73c772cbf33c0ff929b7ee6e1c8fe9942f,1.0,d9c1878666bed88c,ok,416.4775276172295,True,True,cluster_00190,train,/home/dheirav/Code/Deepfake_Detection/deepfake-project/dataset_builder/train/ai_generated/mj_topup_000400.jpg
data_sources/ai_generated/Midjourney_TopUp/mj_topup_000403.jpg,data_sources/ai_generated/Midjourney_TopUp,ai_generated,346,520,0.6654,JPEG,30437,3c084b4366b09478e8073eb2b7faf335,f7e717a0879bc3dc921a869d41fbc6f1a97ec04296baf05bc5c3ba76509b6964,1.0,9ccc67219596b34b,ok,91.42494236347028,True,True,cluster_01032,train,/home/dheirav/Code/Deepfake_Detection/deepfake-project/dataset_builder/train/ai_generated/mj_topup_000403.jpg
data_sources/ai_generated/Midjourney_TopUp/mj_topup_000406.jpg,data_sources/ai_generated/Midjourney_TopUp,ai_generated,864,1728,0.5,JPEG,313687,3be995d713d11ec6c195724ab3c8e4ae,791ec31a2dc5550957dce71ecd76e16d1dbf9c295efb2f08ec7c1833eee4e736,1.0,93b66d49525a4e99,ok,751.8106365886016,True,True,cluster_00292,train,/home/dheirav/Code/Deepfake_Detection/deepfake-project/dataset_builder/train/ai_generated/mj_topup_000406.jpg
data_sources/ai_generated/Midjourney_TopUp/mj_topup_000411.jpg,data_sources/ai_generated/Midjourney_TopUp,ai_generated,346,520,0.6654,JPEG,37774,9f335f8f1bd258c4c611e51a855385df,29e8ba4612c214704a6aa613b45880e7decb98784a872bfc58e7039a2d655fb0,1.0,825f1885795e65dc,ok,294.1482463228803,True,True,cluster_01021,train,/home/dheirav/Code/Deepfake_Detection/deepfake-project/dataset_builder/train/ai_generated/mj_topup_000411.jpg
data_sources/ai_generated/Midjourney_TopUp/mj_topup_000414.jpg,data_sources/ai_generated/Midjourney_TopUp,ai_generated,1024,1024,1.0,JPEG,258749,c1223246aaccbdcf2b8c2fe3a2add9c2,80f51777d68f8250a15beb7b6396ef63e10fc55a37d29abf73a0317dd806e537,1.0,9dd6662b33349872,ok,384.8827021088073,True,True,cluster_00591,train,/home/dheirav/Code/Deepfake_Detection/deepfake-project/dataset_builder/train/ai_generated/mj_topup_000414.jpg
data_sources/ai_generated/Midjourney_TopUp/mj_topup_000417.jpg,data_sources/ai_generated/Midjourney_TopUp,ai_generated,346,520,0.6654,JPEG,61307,95432dbbad371bae12b2b4c39d141437,66a87f53425d87f9ca95ba7121cf2d266036c3d87fd47f7a1d99796a4fd6c910,1.0,d181666703b63b79,ok,558.9598272667095,True,True,cluster_00988,train,/home/dheirav/Code/Deepfake_Detection/deepfake-project/dataset_builder/train/ai_generated/mj_topup_000417.jpg
data_sources/ai_generated/Midjourney_TopUp/mj_topup_000422.jpg,data_sources/ai_generated/Midjourney_TopUp,ai_generated,960,1664,0.5769,JPEG,534484,7a3f262cb4da1027caf08c79fdef3bc5,f949d8352f8942ee23d7edd113d052519c10220fa10bc800b1bbb9491b49aaa3,1.0,c7c34f8d98462cae,ok,2529.0814555971247,True,True,cluster_00043,train,/home/dheirav/Code/Deepfake_Detection/deepfake-project/dataset_builder/train/ai_generated/mj_topup_000422.jpg
data_sources/ai_generated/Midjourney_TopUp/mj_topup_000429.jpg,data_sources/ai_generated/Midjourney_TopUp,ai_generated,300,520,0.5769,JPEG,44912,94432d615d6570b3e94eb4add4e43847,fdbecd3e0dcf2907a07bab450dbd98e5ef6b7ab812ab0b7cdc04e6f1987e6327,1.0,c0c33f0c7c393337,ok,336.78129968733566,True,True,cluster_01051,train,/home/dheirav/Code/Deepfake_Detection/deepfake-project/dataset_builder/train/ai_generated/mj_topup_000429.jpg
data_sources/ai_generated/Midjourney_TopUp/mj_topup_000434.jpg,data_sources/ai_generated/Midjourney_TopUp,ai_generated,960,1664,0.5769,JPEG,388529,cb07628488c0b3e60539e60d5420b5b8,9dff9e7f31c26188f41bdf3ca008f218d6cb25411e408c41ba9cca293c9b2dbf,1.0,d51e1fb01acb406f,ok,1382.1410850023422,True,True,cluster_00071,train,/home/dheirav/Code/Deepfake_Detection/deepfake-project/dataset_builder/train/ai_generated/mj_topup_000434.jpg
data_sources/ai_generated/Midjourney_TopUp/mj_topup_000438.jpg,data_sources/ai_generated/Midjourney_TopUp,ai_generated,960,1664,0.5769,JPEG,346640,35329f625623fce71c81fb73db15feb7,588035ab67390f246733b4fefcff5db2d8a9a44bff329d81f6d3a5ffeead4b38,1.0,b49517966c4a0b3f,ok,570.9538653862014,True,True,cluster_00083,train,/home/dheirav/Code/Deepfake_Detection/deepfake-project/dataset_builder/train/ai_generated/mj_topup_000438.jpg
data_sources/ai_generated/Midjourney_TopUp/mj_topup_000440.jpg,data_sources/ai_generated/Midjourney_TopUp,ai_generated,864,1728,0.5,JPEG,535264,3561cb885bc223da7073a0f1b0a80981,436ba10c3494214540955e87826f7a9483cebd7efe47eb0f7d04d230511fb99b,1.0,c5853cbc1d917371,ok,2145.3459402305693,True,True,cluster_00225,train,/home/dheirav/Code/Deepfake_Detection/deepfake-project/dataset_builder/train/ai_generated/mj_topup_000440.jpg
data_sources/ai_generated/Midjourney_TopUp/mj_topup_000443.jpg,data_sources/ai_generated/Midjourney_TopUp,ai_generated,260,520,0.5,JPEG,34558,3f90efcccd0fcfd7d710f762e629520b,5ca72a0d924381fb40419869b017e8428e343dab8e77889ca71d41d29125356b,1.0,f1d243e9e16f2c21,ok,452.6564568147452,True,True,cluster_01110,train,/home/dheirav/Code/Deepfake_Detection/deepfake-project/dataset_builder/train/ai_generated/mj_topup_000443.jpg
data_sources/ai_generated/Midjourney_TopUp/mj_topup_000444.jpg,data_sources/ai_generated/Midjourney_TopUp,ai_generated,1024,1024,1.0,JPEG,295814,5996ce63dd2ee13df3f776d4ee901028,dda01e9d5b1f6d0c5e8534e3b25a2a85541902fd29e66b92ba353ef67d8b5a1c,1.0,c79c2435933239cf,ok,965.7325914194807,True,True,cluster_00539,train,/home/dheirav/Code/Deepfake_Detection/deepfake-project/dataset_builder/train/ai_generated/mj_topup_000444.jpg
data_sources/ai_generated/Midjourney_TopUp/mj_topup_000446.jpg,data_sources/ai_generated/Midjourney_TopUp,ai_generated,1024,1536,0.6667,JPEG,281953,ab20b0c58563fdfca6df7b91a6769665,e41e2b893b30f859ccbd89efcc37f42560e22144cc2301f78523a1897af09f98,1.0,c68e1fb0216f3479,ok,85.71565810853848,True,True,cluster_00206,train,/home/dheirav/Code/Deepfake_Detection/deepfake-project/dataset_builder/train/ai_generated/mj_topup_000446.jpg
data_sources/ai_generated/Midjourney_TopUp/mj_topup_000449.jpg,data_sources/ai_generated/Midjourney_TopUp,ai_generated,396,520,0.7615,JPEG,48295,2ddc2c91ad0c4f54fe49e08f18d3edf7,8c37fae00dc89d7b0a7be19054e498c8ad3470fdc12d12642eb4d98f6fc5dbc3,1.0,c9a1daee3c1551d1,ok,150.84191389303106,True,True,cluster_00967,train,/home/dheirav/Code/Deepfake_Detection/deepfake-project/dataset_builder/train/ai_generated/mj_topup_000449.jpg
data_sources/ai_generated/Midjourney_TopUp/mj_topup_000450.jpg,data_sources/ai_generated/Midjourney_TopUp,ai_generated,1024,1024,1.0,JPEG,351240,c95685a601178cccff0a0bafd5679656,55ed38a04566a2f5fe78f2f0ac58171eca40afa0c56cf3eca0999f8a6d91a961,1.0,d1ad66921f63463c,ok,1907.1615461928304,True,True,cluster_00506,train,/home/dheirav/Code/Deepfake_Detection/deepfake-project/dataset_builder/train/ai_generated/mj_topup_000450.jpg
data_sources/ai_generated/Midjourney_TopUp/mj_topup_000452.jpg,data_sources/ai_generated/Midjourney_TopUp,ai_generated,1024,1024,1.0,JPEG,292619,d1f075d959753c33666a5e68f45c6acf,8db7d9b1d7ba4a860fa290ae2de858251bb86b9481ab7260c10569b9718770c6,1.0,88cf679a9370251f,ok,914.6699534028157,True,True,cluster_00542,train,/home/dheirav/Code/Deepfake_Detection/deepfake-project/dataset_builder/train/ai_generated/mj_topup_000452.jpg
data_sources/ai_generated/Midjourney_TopUp/mj_topup_000454.jpg,data_sources/ai_generated/Midjourney_TopUp,ai_generated,960,1664,0.5769,JPEG,305458,7017412f7bb6f5ff33befa0dbd9e3e5a,0b3f8579ee704775a303a2ea927f19e81673774f357037d8967aa1ded98fed5e,1.0,9d93e0e99952762c,ok,92.07221800340429,True,True,cluster_00095,train,/home/dheirav/Code/Deepfake_Detection/deepfake-project/dataset_builder/train/ai_generated/mj_topup_000454.jpg
data_sources/ai_generated/Midjourney_TopUp/mj_topup_000456.jpg,data_sources/ai_generated/Midjourney_TopUp,ai_generated,1024,1024,1.0,JPEG,291631,4282e96d472db25e80d1e890fa9456f3,d9de5e83f46075798a410d380b254c40b438c8c49a90364f39978b8803ad8897,1.0,860c58fa3bb7613c,ok,1108.002448900133,True,True,cluster_00544,train,/home/dheirav/Code/Deepfake_Detection/deepfake-project/dataset_builder/train/ai_generated/mj_topup_000456.jpg
data_sources/ai_generated/Midjourney_TopUp/mj_topup_000458.jpg,data_sources/ai_generated/Midjourney_TopUp,ai_generated,1024,1536,0.6667,JPEG,401414,85bf69c0e5a6681903dcfcbde1b279b5,3bab165d530524f3d3e7619ef651300e606c19e04a649b658a4bd918b3144bf2,1.0,859518dda15a7ea5,ok,1550.2216920654737,True,True,cluster_00147,train,/home/dheirav/Code/Deepfake_Detection/deepfake-project/dataset_builder/train/ai_generated/mj_topup_000458.jpg
data_sources/ai_generated/Midjourney_TopUp/mj_topup_000468.jpg,data_sources/ai_generated/Midjourney_TopUp,ai_generated,864,1728,0.5,JPEG,243861,1cc37bd8f1cc7db8a14710cae2c40b8a,26b8ee579cdb3b58483ca9d933e0918b70fe1fdb78851cb7dcf043c624dbde31,1.0,c1c019b65df69c3c,ok,226.92570295207727,True,True,cluster_00319,train,/home/dheirav/Code/Deepfake_Detection/deepfake-project/dataset_builder/train/ai_generated/mj_topup_000468.jpg
data_sources/ai_generated/Midjourney_TopUp/mj_topup_000470.jpg,data_sources/ai_generated/Midjourney_TopUp,ai_generated,864,1728,0.5,JPEG,317908,4b0b91e29f9538b1f8a81f00155e4ff1,c78cb2d345f197889255229001a3f19d742d26bb27438e98fafbe0034c6ea088,1.0,8d1b3c716713b626,ok,1250.9965611783364,True,True,cluster_00289,train,/home/dheirav/Code/Deepfake_Detection/deepfake-project/dataset_builder/train/ai_generated/mj_topup_000470.jpg
data_sources/ai_generated/Midjourney_TopUp/mj_topup_000473.jpg,data_sources/ai_generated/Midjourney_TopUp,ai_generated,260,520,0.5,JPEG,42708,700e01d2404b3ec7be8aa80e993240ce,31a48383c2ef584338266a3278811688e82b45fdc77dc2e3f1cc85e006008cad,1.0,c7a8b46f5ac2316c,ok,636.4156602357673,True,True,cluster_01098,train,/home/dheirav/Code/Deepfake_Detection/deepfake-project/dataset_builder/train/ai_generated/mj_topup_000473.jpg
data_sources/ai_generated/Midjourney_TopUp/mj_topup_000476.jpg,data_sources/ai_generated/Midjourney_TopUp,ai_generated,960,1664,0.5769,JPEG,428559,b39853d0afcd3b634d1228a1e7bc6976,a1290b8c20cfd1e4b7cc1dd8aae7a2860e0b9461208f47456257e03f7736b2d9,1.0,9b9236cc739b3078,ok,352.11787232502286,True,True,cluster_00055,train,/home/dheirav/Code/Deepfake_Detection/deepfake-project/dataset_builder/train/ai_generated/mj_topup_000476.jpg
data_sources/ai_generated/Midjourney_TopUp/mj_topup_000485.jpg,data_sources/ai_generated/Midjourney_TopUp,ai_generated,260,520,0.5,JPEG,30248,32ad241d9a9cf86ceb1bc73baefdbb73,d0927513615e226fd5f231a904459cdbb4a18899e4ed38a2ea5d54683c1315fe,1.0,d04f6db01e99a467,ok,365.46090816361254,True,True,cluster_01117,train,/home/dheirav/Code/Deepfake_Detection/deepfake-project/dataset_builder/train/ai_generated/mj_topup_000485.jpg
data_sources/ai_generated/Midjourney_TopUp/mj_topup_000486.jpg,data_sources/ai_generated/Midjourney_TopUp,ai_generated,1024,1536,0.6667,JPEG,298874,c10fd12cad3c28f517033d9d910d962b,1f185ab4ffc4f8aa751261faca9151ccc1f1ac6dc83499b7c9db84d4f55e56bc,1.0,c433796c36e23ac3,ok,171.9239954240038,True,True,cluster_00199,train,/home/dheirav/Code/Deepfake_Detection/deepfake-project/dataset_builder/train/ai_generated/mj_topup_000486.jpg
data_sources/ai_generated/Midjourney_TopUp/mj_topup_000488.jpg,data_sources/ai_generated/Midjourney_TopUp,ai_generated,864,1728,0.5,JPEG,291293,307209cff9fba52c6f155a4ffeee9b86,08535c632f0b5bbe90328038359388caeea0732c797057ddd4248e8552fd84cc,1.0,b10ed3e8b45368b5,ok,139.01787843860006,True,True,cluster_00307,train,/home/dheirav/Code/Deepfake_Detection/deepfake-project/dataset_builder/train/ai_generated/mj_topup_000488.jpg
data_sources/ai_generated/Midjourney_TopUp/mj_topup_000495.jpg,data_sources/ai_generated/Midjourney_TopUp,ai_generated,1024,1024,1.0,JPEG,207304,2a14706e66187c663c0cb1469f3452c6,10e7da0cc7770857390d22f4c49884885a23e4b1630366105cbeb8c77710dc0a,1.0,99d9ac766a2d6226,ok,172.51336919581718,True,True,cluster_00661,train,/home/dheirav/Code/Deepfake_Detection/deepfake-project/dataset_builder/train/ai_generated/mj_topup_000495.jpg
data_sources/ai_generated/Midjourney_TopUp/mj_topup_000500.jpg,data_sources/ai_generated/Midjourney_TopUp,ai_generated,346,520,0.6654,JPEG,38470,4d03cbc18ac9df7000723a5a4fc961dc,a45373c2b11cbbbedf3c99dc108d3c35e1003d288f95bb7210af043d4669307f,1.0,d8980d66710e3f67,ok,112.38989989248594,True,True,cluster_01019,train,/home/dheirav/Code/Deepfake_Detection/deepfake-project/dataset_builder/train/ai_generated/mj_topup_000500.jpg
data_sources/ai_generated/Midjourney_TopUp/mj_topup_000503.jpg,data_sources/ai_generated/Midjourney_TopUp,ai_generated,1024,1024,1.0,JPEG,229658,93dce375d68980d5cc2b028804fb958d,9a42854f182c143bd78bb348594db3863fbfecde9c748ac86f87b5a8298bce3d,1.0,c68c793932e636c3,ok,1709.0590209672769,True,True,cluster_00637,train,/home/dheirav/Code/Deepfake_Detection/deepfake-project/dataset_builder/train/ai_generated/mj_topup_000503.jpg
data_sources/ai_generated/Midjourney_TopUp/mj_topup_000505.jpg,data_sources/ai_generated/Midjourney_TopUp,ai_generated,1024,1024,1.0,JPEG,274741,e54b0e3b4d087972c04f0bddfbee5149,ff879f6f11936175304f9e94c418f4c6b2f4320117b9744eb4e5281a0d96d572,1.0,bd9363b8ce0e826a,ok,222.3660364015377,True,True,cluster_00565,train,/home/dheirav/Code/Deepfake_Detection/deepfake-project/dataset_builder/train/ai_generated/mj_topup_000505.jpg
data_sources/ai_generated/Midjourney_TopUp/mj_topup_000520.jpg,data_sources/ai_generated/Midjourney_TopUp,ai_generated,1024,1536,0.6667,JPEG,402761,37ccaa9d49621eac0063b81b5cb4ed67,0759e8af43a784eb59df300828acc4c6ec4b294a9bbcaf452d39416741d5b9cf,1.0,8c93314b9f339c33,ok,105.10642084679664,True,True,cluster_00144,train,/home/dheirav/Code/Deepfake_Detection/deepfake-project/dataset_builder/train/ai_generated/mj_topup_000520.jpg
data_sources/ai_generated/Midjourney_TopUp/mj_topup_000527.jpg,data_sources/ai_generated/Midjourney_TopUp,ai_generated,960,1664,0.5769,JPEG,391152,d9b5fba442fbc9b77c8b771f925e092c,7b3ab5bd4334b2af2823ddfcec85956c5c69e461bd2639cd62395f33c8a229c2,1.0,c51f5ac8e53c2a1d,ok,762.8916959848061,True,True,cluster_00070,train,/home/dheirav/Code/Deepfake_Detection/deepfake-project/dataset_builder/train/ai_generated/mj_topup_000527.jpg
data_sources/ai_generated/Midjourney_TopUp/mj_topup_000532.jpg,data_sources/ai_generated/Midjourney_TopUp,ai_generated,1463,2560,0.5715,JPEG,738690,e0a993b826d99800236d31fbccb4d537,630b077f6a7b6600bc4fb307c211211d36f64f14b4357c00506c62631c48036a,1.0,c1cc6cc2f831f24f,ok,148.27433438529843,True,True,cluster_00009,train,/home/dheirav/Code/Deepfake_Detection/deepfake-project/dataset_builder/train/ai_generated/mj_topup_000532.jpg
data_sources/ai_generated/Midjourney_TopUp/mj_topup_000540.jpg,data_sources/ai_generated/Midjourney_TopUp,ai_generated,1024,1024,1.0,JPEG,321215,d99c1c47c7eb4f898e53c1e6457a16b1,9a5957dcf756693e7b81b6618346a4ff155eb005e87d070713b97f5a738ad6aa,1.0,c5cf1e3430676731,ok,1031.2634696797136,True,True,cluster_00519,train,/home/dheirav/Code/Deepfake_Detection/deepfake-project/dataset_builder/train/ai_generated/mj_topup_000540.jpg
data_sources/ai_generated/Midjourney_TopUp/mj_topup_000547.jpg,data_sources/ai_generated/Midjourney_TopUp,ai_generated,346,520,0.6654,JPEG,41302,3f938a6bf56a712e768f0bb03ccca2d2,045287e4586494b014165719988970313c342ce4922721500f776f59e1842d18,1.0,cece7121a0a77371,ok,100.2335304510307,True,True,cluster_01012,train,/home/dheirav/Code/Deepfake_Detection/deepfake-project/dataset_builder/train/ai_generated/mj_topup_000547.jpg
data_sources/ai_generated/Midjourney_TopUp/mj_topup_000548.jpg,data_sources/ai_generated/Midjourney_TopUp,ai_generated,1024,1024,1.0,JPEG,240786,eb371e98992d0a503e7c3d57d9963cd0,f4d9b7194be8598f47c6631956a4a1c7551735c8acd17f140ee35a653fb08b4d,1.0,edd830330f8723f8,ok,481.1038960290015,True,True,cluster_00622,train,/home/dheirav/Code/Deepfake_Detection/deepfake-project/dataset_builder/train/ai_generated/mj_topup_000548.jpg
data_sources/ai_generated/Midjourney_TopUp/mj_topup_000554.jpg,data_sources/ai_generated/Midjourney_TopUp,ai_generated,864,1728,0.5,JPEG,452058,6201d65d5efdb68f1dd636186465d966,9e49b03067b6bac53d30a385b31147de3453ad4f8df32ba59e0ef54605fef5f5,1.0,938f48b1939f5958,ok,969.7767797392488,True,True,cluster_00235,train,/home/dheirav/Code/Deepfake_Detection/deepfake-project/dataset_builder/train/ai_generated/mj_topup_000554.jpg
data_sources/ai_generated/Midjourney_TopUp/mj_topup_000556.jpg,data_sources/ai_generated/Midjourney_TopUp,ai_generated,1536,1024,1.5,JPEG,373910,b03eb53de61385db3e138017728d6924,869dac171ca90813edff33b7953ddd53e4259b5a7bdd77420eb01a0bf5ba912a,1.0,ccc66e9831336cd9,ok,388.6086612327086,True,True,cluster_00159,train,/home/dheirav/Code/Deepfake_Detection/deepfake-project/dataset_builder/train/ai_generated/mj_topup_000556.jpg
data_sources/ai_generated/Midjourney_TopUp/mj_topup_000560.jpg,data_sources/ai_generated/Midjourney_TopUp,ai_generated,1024,1536,0.6667,JPEG,447825,13aabf38d122e269ddc0ab0f64e74ff1,dd6711768985e59c94a56329b80c08afe8e24390c1452dbba80087acb25406ef,1.0,949c5a992dad7516,ok,249.06104310642695,True,True,cluster_00129,train,/home/dheirav/Code/Deepfake_Detection/deepfake-project/dataset_builder/train/ai_generated/mj_topup_000560.jpg
data_sources/ai_generated/Midjourney_TopUp/mj_topup_000562.jpg,data_sources/ai_generated/Midjourney_TopUp,ai_generated,864,1728,0.5,JPEG,292982,a1412ddfa74b6e6a0ee0b366aa14fe9b,c6460f25b82d3e0b932c765810e5508ca50207f63c311611df1a1751e80d3d8b,1.0,d5c0e3e340adde52,ok,146.3131306417009,True,True,cluster_00306,train,/home/dheirav/Code/Deepfake_Detection/deepfake-project/dataset_builder/train/ai_generated/mj_topup_000562.jpg
data_sources/ai_generated/Midjourney_TopUp/mj_topup_000573.jpg,data_sources/ai_generated/Midjourney_TopUp,ai_generated,260,520,0.5,JPEG,37642,58981983763fef826b4b1b71dd264a80,8f72ada396bbeb7d2bc220ce32fc7eca2b0092f79eee869a5290e5f59f3da97c,1.0,8ece13d16999ec64,ok,493.0590627218935,True,True,cluster_01104,train,/home/dheirav/Code/Deepfake_Detection/deepfake-project/dataset_builder/train/ai_generated/mj_topup_000573.jpg
data_sources/ai_generated/Midjourney_TopUp/mj_topup_000586.jpg,data_sources/ai_generated/Midjourney_TopUp,ai_generated,864,1728,0.5,JPEG,384759,635f0049b0fed54cbbf3f5889b946d60,691536e9a4ca3da38efc51607fc8654df28c76c3b216b904ba263c09e15e9a7b,1.0,92d26989743c3737,ok,416.39573745467146,True,True,cluster_00255,train,/home/dheirav/Code/Deepfake_Detection/deepfake-project/dataset_builder/train/ai_generated/mj_topup_000586.jpg
data_sources/ai_generated/Midjourney_TopUp/mj_topup_000602.jpg,data_sources/ai_generated/Midjourney_TopUp,ai_generated,1024,1536,0.6667,JPEG,441227,c7ef5da972aeec15a3fc505a2c69023f,eb4dd0ab29309e79ff5ef5d770cc03b398e50f6cccb74c4616fb4df31fec20f2,1.0,d4594b37b52d1a32,ok,222.2664258871806,True,True,cluster_00131,train,/home/dheirav/Code/Deepfake_Detection/deepfake-project/dataset_builder/train/ai_generated/mj_topup_000602.jpg
data_sources/ai_generated/Midjourney_TopUp/mj_topup_000604.jpg,data_sources/ai_generated/Midjourney_TopUp,ai_generated,864,1728,0.5,JPEG,334579,ee3d096337f5e8e9f3b091847e3e9834,5f91fe8045c0cb6b9eb565e429b4adcee6c217b624b4f8db262d5bbaf78cc27a,1.0,815978d06769f63a,ok,211.39834472972709,True,True,cluster_00279,train,/home/dheirav/Code/Deepfake_Detection/deepfake-project/dataset_builder/train/ai_generated/mj_topup_000604.jpg
data_sources/ai_generated/Midjourney_TopUp/mj_topup_000608.jpg,data_sources/ai_generated/Midjourney_TopUp,ai_generated,960,1664,0.5769,JPEG,308322,b498078f63708b1469e0626c7470b476,6c987d69d963831c3fa8eab3ecd4585b879dbf5bba7cacb1a6ad744bd52e96ff,1.0,bb6cb239611e961a,ok,252.0568170252789,True,True,cluster_00094,train,/home/dheirav/Code/Deepfake_Detection/deepfake-project/dataset_builder/train/ai_generated/mj_topup_000608.jpg
data_sources/ai_generated/Midjourney_TopUp/mj_topup_000610.jpg,data_sources/ai_generated/Midjourney_TopUp,ai_generated,1463,2560,0.5715,JPEG,690088,2795d53e69af738a4fb9133b01c7f169,f8fd957cd95d9687824f6b7e03c128a60594e0e4f3ae70df676612ea8b3a0332,1.0,ca4c6cac5cb2a367,ok,894.5472811873527,True,True,cluster_00010,train,/home/dheirav/Code/Deepfake_Detection/deepfake-project/dataset_builder/train/ai_generated/mj_topup_000610.jpg
data_sources/ai_generated/Midjourney_TopUp/mj_topup_000620.jpg,data_sources/ai_generated/Midjourney_TopUp,ai_generated,960,1664,0.5769,JPEG,406962,0f626086fac98c396a9f42440c30f771,1623e0f5c8dbd3bd8aab8b30214cb2f69b6f425032b6fbada12dc916f4dc15f8,1.0,c417687c562b3f70,ok,1529.6593518259394,True,True,cluster_00061,train,/home/dheirav/Code/Deepfake_Detection/deepfake-project/dataset_builder/train/ai_generated/mj_topup_000620.jpg
data_sources/ai_generated/Midjourney_TopUp/mj_topup_000622.jpg,data_sources/ai_generated/Midjourney_TopUp,ai_generated,864,1728,0.5,JPEG,500013,af8610ebe4a89973401ac2e3a2cc3f08,6236be0315f0e6a132b680836c8ebacc3e5849b0655148cfba443b29857f06d1,1.0,d05a234f2df44ce6,ok,2227.0794022540786,True,True,cluster_00229,train,/home/dheirav/Code/Deepfake_Detection/deepfake-project/dataset_builder/train/ai_generated/mj_topup_000622.jpg
data_sources/ai_generated/Midjourney_TopUp/mj_topup_000633.jpg,data_sources/ai_generated/Midjourney_TopUp,ai_generated,346,520,0.6654,JPEG,36333,3bc9d47d60fa3f1f0453875eb82438ab,c41e241119746da21b98660d7447693326d3a9efede34d2417ada53284b14e12,1.0,c807de3821f92ee3,ok,102.19802573190475,True,True,cluster_01024,train,/home/dheirav/Code/Deepfake_Detection/deepfake-project/dataset_builder/train/ai_generated/mj_topup_000633.jpg
data_sources/ai_generated/Midjourney_TopUp/mj_topup_000642.jpg,data_sources/ai_generated/Midjourney_TopUp,ai_generated,1024,1408,0.7273,JPEG,492323,6eb77e1cff9fe58c01adcb24636e5cf3,afae9827952d4830df47cc52bfb15edb8c16da7d531508fea6c410452b2a284e,1.0,879d6c31332667cc,ok,2581.564973998429,True,True,cluster_00334,train,/home/dheirav/Code/Deepfake_Detection/deepfake-project/dataset_builder/train/ai_generated/mj_topup_000642.jpg
data_sources/ai_generated/Midjourney_TopUp/mj_topup_000644.jpg,data_sources/ai_generated/Midjourney_TopUp,ai_generated,864,1728,0.5,JPEG,574157,048fdea668ffd2f0e277d762d0357d7f,8e8347df500135cfee66043636308643905bd72c7f049b70b32019e566b1ebe8,1.0,c5c5521e1e78734b,ok,1110.011672150223,True,True,cluster_00223,train,/home/dheirav/Code/Deepfake_Detection/deepfake-project/dataset_builder/train/ai_generated/mj_topup_000644.jpg
data_sources/ai_generated/Midjourney_TopUp/mj_topup_000646.jpg,data_sources/ai_generated/Midjourney_TopUp,ai_generated,1024,1408,0.7273,JPEG,469107,b4caad0669bf1fff0fffa6582e4abed7,9ca63d45629c09aea0c9f6528336ef245f42f6e79873dbdf709f37d35bdb0a73,1.0,d0c1073bd3b72ec8,ok,1608.0131447211752,True,True,cluster_00335,train,/home/dheirav/Code/Deepfake_Detection/deepfake-project/dataset_builder/train/ai_generated/mj_topup_000646.jpg
data_sources/ai_generated/Midjourney_TopUp/mj_topup_000648.jpg,data_sources/ai_generated/Midjourney_TopUp,ai_generated,960,1664,0.5769,JPEG,609803,fcc0795972e16c21a6791b07289166db,6fdadc5a4ae8ba9a8c84bb832926cbd1a8b10d7c7ae7f6b89d2edfe44239f615,1.0,d00e1f3c78ec4ef0,ok,1452.6970179856319,True,True,cluster_00037,train,/home/dheirav/Code/Deepfake_Detection/deepfake-project/dataset_builder/train/ai_generated/mj_topup_000648.jpg
data_sources/ai_generated/Midjourney_TopUp/mj_topup_000651.jpg,data_sources/ai_generated/Midjourney_TopUp,ai_generated,346,520,0.6654,JPEG,54063,e6ed6f21e3fdcdf5d91b644e9988a3f6,43d00d198ec3db6e8b51a0f364fb67ab6cdebd140bf9042d9f275beeb08f8d97,1.0,844f66933accd933,ok,553.1498772190029,True,True,cluster_00993,train,/home/dheirav/Code/Deepfake_Detection/deepfake-project/dataset_builder/train/ai_generated/mj_topup_000651.jpg
data_sources/ai_generated/Midjourney_TopUp/mj_topup_000652.jpg,data_sources/ai_generated/Midjourney_TopUp,ai_generated,1024,1536,0.6667,JPEG,476566,890f47bb5fec817842fab39492982b98,83953d846a1d15e3f0679c2e9453fca0b6404218ce2d6ddb2ce2871aa4a80f9a,1.0,ccce33392fccc470,ok,2876.0643056228487,True,True,cluster_00119,train,/home/dheirav/Code/Deepfake_Detection/deepfake-project/dataset_builder/train/ai_generated/mj_topup_000652.jpg
data_sources/ai_generated/Midjourney_TopUp/mj_topup_000654.jpg,data_sources/ai_generated/Midjourney_TopUp,ai_generated,960,1664,0.5769,JPEG,283700,a219c192d5a3062975aed1d79be8f1a7,905614ea6f827144d37ade6af65d85199c775604cbe6d101bfeeb382d02a8950,1.0,dd62c09d3a303f78,ok,161.9284549605913,True,True,cluster_00103,train,/home/dheirav/Code/Deepfake_Detection/deepfake-project/dataset_builder/train/ai_generated/mj_topup_000654.jpg
data_sources/ai_generated/Midjourney_TopUp/mj_topup_000656.jpg,data_sources/ai_generated/Midjourney_TopUp,ai_generated,864,1728,0.5,JPEG,421465,78e33b1d8601e5b1ebefadeab822c526,6500188b29d77c2da3df9979579208c13e3f418a29d54b941d2b8774981e2d90,1.0,c36b4e07a47b58a6,ok,169.05217286586796,True,True,cluster_00243,train,/home/dheirav/Code/Deepfake_Detection/deepfake-project/dataset_builder/train/ai_generated/mj_topup_000656.jpg
data_sources/ai_generated/Midjourney_TopUp/mj_topup_000657.jpg,data_sources/ai_generated/Midjourney_TopUp,ai_generated,260,520,0.5,JPEG,52931,2744ff7ae8bbbcd4c41fe5b7de5e9ccc,3e86ce350667f8fe16c7760fbee4896c7949e75781f1f2e76afe458992ab6069,1.0,c36b4e07a47958a7,ok,824.1640270289905,True,True,cluster_01095,train,/home/dheirav/Code/Deepfake_Detection/deepfake-project/dataset_builder/train/ai_generated/mj_topup_000657.jpg
data_sources/ai_generated/Midjourney_TopUp/mj_topup_000660.jpg,data_sources/ai_generated/Midjourney_TopUp,ai_generated,960,1664,0.5769,JPEG,290494,8c97c730c26504e137e76a5133a9d077,8938b9d7a6f1df0cc39af238e3d82271a2ddc46ca54bde2cfca43ddf53658a7a,1.0,b1c3de9cd8b84cc1,ok,161.62725590094385,True,True,cluster_00101,train,/home/dheirav/Code/Deepfake_Detection/deepfake-project/dataset_builder/train/ai_generated/mj_topup_000660.jpg
data_sources/ai_generated/Midjourney_TopUp/mj_topup_000662.jpg,data_sources/ai_generated/Midjourney_TopUp,ai_generated,1024,1536,0.6667,JPEG,322252,a27e38b43500d476789207f31a22ff1c,d9be5f28ed80b4ba274c69633b79f4fb22dfe9aac80e5da1b69017ae59eb7552,1.0,ccfa733122278d35,ok,239.59119027410466,True,True,cluster_00187,train,/home/dheirav/Code/Deepfake_Detection/deepfake-project/dataset_builder/train/ai_generated/mj_topup_000662.jpg
data_sources/ai_generated/Midjourney_TopUp/mj_topup_000668.jpg,data_sources/ai_generated/Midjourney_TopUp,ai_generated,960,1664,0.5769,JPEG,202497,ecdfa3f4143d4436d41ae0211b1ff81a,3eba2fa4e1934c1c61c1c32ca6c8932327489335a39ce02e1c40143f5d4a6c42,1.0,e3458ed2986d9179,ok,120.021507507853,True,True,cluster_00110,train,/home/dheirav/Code/Deepfake_Detection/deepfake-project/dataset_builder/train/ai_generated/mj_topup_000668.jpg
data_sources/ai_generated/Midjourney_TopUp/mj_topup_000670.jpg,data_sources/ai_generated/Midjourney_TopUp,ai_generated,1024,1024,1.0,JPEG,269066,4a3fe268bef880602bc3b8630c56b528,624e13d5a8476c1133068b00eefaf6d51283cfec38f9d586f64d22d44d67ac36,1.0,e4b39c94334bc86d,ok,1260.5558354242198,True,True,cluster_00574,train,/home/dheirav/Code/Deepfake_Detection/deepfake-project/dataset_builder/train/ai_generated/mj_topup_000670.jpg
data_sources/ai_generated/Midjourney_TopUp/mj_topup_000672.jpg,data_sources/ai_generated/Midjourney_TopUp,ai_generated,960,1664,0.5769,JPEG,418022,160f36b06d3fd343c9be954436931c15,7b8f641108ff44628a9b3cfe43fe834592f6fffb27a8a09ed110d4cef6468d6f,1.0,b349c2c199396ebc,ok,2176.3313861593365,True,True,cluster_00059,train,/home/dheirav/Code/Deepfake_Detection/deepfake-project/dataset_builder/train/ai_generated/mj_topup_000672.jpg
data_sources/ai_generated/Midjourney_TopUp/mj_topup_000678.jpg,data_sources/ai_generated/Midjourney_TopUp,ai_generated,1152,2048,0.5625,JPEG,747493,f497b0421b91540b77f5df096f1311b0,4833c3404614ce771a7cde8aafc82f14b447cc4f5951708a564400c38107783f,1.0,cecf313436107c67,ok,541.1819187824965,True,True,cluster_00022,train,/home/dheirav/Code/Deepfake_Detection/deepfake-project/dataset_builder/train/ai_generated/mj_topup_000678.jpg
data_sources/ai_generated/Midjourney_TopUp/mj_topup_000686.jpg,data_sources/ai_generated/Midjourney_TopUp,ai_generated,1024,1536,0.6667,JPEG,358644,34bd8284c3203a93897f60cdbf662ff3,b7edaeb1c7f22a0592c468f2f97ef5e9672d336585060df52c96c6088e3f3bc4,1.0,b9f17ccc270346f0,ok,123.83317689229887,True,True,cluster_00171,train,/home/dheirav/Code/Deepfake_Detection/deepfake-project/dataset_builder/train/ai_generated/mj_topup_000686.jpg
data_sources/ai_generated/Midjourney_TopUp/mj_topup_000690.jpg,data_sources/ai_generated/Midjourney_TopUp,ai_generated,864,1728,0.5,JPEG,421355,8caf0a04fbe9970aea933db58914b27a,891fab0c5f2a4645d8fdf114f2c1021a3dd5a2ba29e932453e26d327b4f86f96,1.0,84dc394b0731e1ef,ok,630.4786110839726,True,True,cluster_00244,train,/home/dheirav/Code/Deepfake_Detection/deepfake-project/dataset_builder/train/ai_generated/mj_topup_000690.jpg
data_sources/ai_generated/Midjourney_TopUp/mj_topup_000700.jpg,data_sources/ai_generated/Midjourney_TopUp,ai_generated,1024,1024,1.0,JPEG,237395,54d10b4ccb33d405dca1c530ea3bcccb,17a310b80c07ae08763409b513bc189efc5527abe6abd31b38a7d533282eb0db,1.0,8bbdcce4315ab449,ok,155.48307119242145,True,True,cluster_00627,train,/home/dheirav/Code/Deepfake_Detection/deepfake-project/dataset_builder/train/ai_generated/mj_topup_000700.jpg
data_sources/ai_generated/Midjourney_TopUp/mj_topup_000702.jpg,data_sources/ai_generated/Midjourney_TopUp,ai_generated,1024,1536,0.6667,JPEG,378229,839e2679c1f94973fa1fa921bd1e0b6e,dd01b701cab414ba1de6c66b2cf8e7a60cc2543e247781b16f6f45c0a3cd52bf,1.0,efc2c01db6998939,ok,1726.7963581083068,True,True,cluster_00157,train,/home/dheirav/Code/Deepfake_Detection/deepfake-project/dataset_builder/train/ai_generated/mj_topup_000702.jpg
data_sources/ai_generated/Midjourney_TopUp/mj_topup_000709.jpg,data_sources/ai_generated/Midjourney_TopUp,ai_generated,360,520,0.6923,JPEG,55380,0caa5fa6878be373d651dae5cab4e5b1,3ee3f0390fb76b1796c7ec3bcf809500e6bd53e45ca5c66ce8239150a8c705d8,1.0,d8d8236727276665,ok,210.1214927060219,True,True,cluster_00977,train,/home/dheirav/Code/Deepfake_Detection/deepfake-project/dataset_builder/train/ai_generated/mj_topup_000709.jpg
data_sources/ai_generated/Midjourney_TopUp/mj_topup_000710.jpg,data_sources/ai_generated/Midjourney_TopUp,ai_generated,864,1728,0.5,JPEG,288387,ca34d7709062e66223c7572d8596acf1,3ca11a080ca8fb7a3884aa486b6ca96b7a3cbf65977bce220224a74255d0c5c4,1.0,86e13aca79b2279c,ok,262.4750005012849,True,True,cluster_00308,train,/home/dheirav/Code/Deepfake_Detection/deepfake-project/dataset_builder/train/ai_generated/mj_topup_000710.jpg
data_sources/ai_generated/Midjourney_TopUp/mj_topup_000726.jpg,data_sources/ai_generated/Midjourney_TopUp,ai_generated,960,1664,0.5769,JPEG,412479,ae0d20fe72264cffb713ab64047318a5,eca6a4a34b84f89f86f03319c8f03d47e41ed9b6900ffe2df80a62a7617d9ad7,1.0,b2644d0f4e315d2f,ok,228.970742578751,True,True,cluster_00060,train,/home/dheirav/Code/Deepfake_Detection/deepfake-project/dataset_builder/train/ai_generated/mj_topup_000726.jpg
data_sources/ai_generated/Midjourney_TopUp/mj_topup_000729.jpg,data_sources/ai_generated/Midjourney_TopUp,ai_generated,396,520,0.7615,JPEG,47437,067df4b4bbec614823cd49ce38119b57,158acccabe12a661d845f01736d48a2bd572bace3910972e5147e7c509ee6efb,1.0,a1de0fe03f33188d,ok,235.61804623676755,True,True,cluster_00968,train,/home/dheirav/Code/Deepfake_Detection/deepfake-project/dataset_builder/train/ai_generated/mj_topup_000729.jpg
data_sources/ai_generated/Midjourney_TopUp/mj_topup_000732.jpg,data_sources/ai_generated/Midjourney_TopUp,ai_generated,960,1632,0.5882,JPEG,519360,f692c3e37de39f990d2984858a38a8eb,4570ce10647b327e833abebaca2ca120e11f3d2607b294cba1eee4b67eec0feb,1.0,baac95efc2f00c15,ok,1365.6968207804216,True,True,cluster_00219,train,/home/dheirav/Code/Deepfake_Detection/deepfake-project/dataset_builder/train/ai_generated/mj_topup_000732.jpg
data_sources/ai_generated/Midjourney_TopUp/mj_topup_000740.jpg,data_sources/ai_generated/Midjourney_TopUp,ai_generated,1024,1024,1.0,JPEG,292906,cbe0ff01aab2c53a9d507d042378f930,7c1638943086a6e53589e15aea948195f0fc40355f8e57312fff452ffa89e157,1.0,8cb185d8d34a2d77,ok,227.66415156911535,True,True,cluster_00541,train,/home/dheirav/Code/Deepfake_Detection/deepfake-project/dataset_builder/train/ai_generated/mj_topup_000740.jpg
data_sources/ai_generated/Midjourney_TopUp/mj_topup_000744.jpg,data_sources/ai_generated/Midjourney_TopUp,ai_generated,1463,2560,0.5715,JPEG,933915,506331fa6a94d5064bd0f322aa9e5aa7,7f7a359f7c8d43847c61e6eff6d2652e8a6e0aca29af0ed166c78ea930998202,1.0,c1942e4c3f37636a,ok,700.8987416081136,True,True,cluster_00008,train,/home/dheirav/Code/Deepfake_Detection/deepfake-project/dataset_builder/train/ai_generated/mj_topup_000744.jpg
data_sources/ai_generated/Midjourney_TopUp/mj_topup_000747.jpg,data_sources/ai_generated/Midjourney_TopUp,ai_generated,300,520,0.5769,JPEG,37523,a0eef0ee1adacfa84a3656c5b39f6077,01f90a3043dca9f9611bc70d673aeb1250490a4603a7c9d0029c91a67c0ec26c,1.0,b1d95e6de45209b4,ok,338.16687163691654,True,True,cluster_01064,train,/home/dheirav/Code/Deepfake_Detection/deepfake-project/dataset_builder/train/ai_generated/mj_topup_000747.jpg
data_sources/ai_generated/Midjourney_TopUp/mj_topup_000748.jpg,data_sources/ai_generated/Midjourney_TopUp,ai_generated,960,1664,0.5769,JPEG,293448,88c5522d03555869046df77b857e87b1,69baaa2734fa35c989c5d32e04440a398a0f235f1e57f51345b0197b94a020d1,1.0,a1a1a52e267b1b3d,ok,207.80356564367546,True,True,cluster_00100,train,/home/dheirav/Code/Deepfake_Detection/deepfake-project/dataset_builder/train/ai_generated/mj_topup_000748.jpg
data_sources/ai_generated/Midjourney_TopUp/mj_topup_000755.jpg,data_sources/ai_generated/Midjourney_TopUp,ai_generated,1024,1536,0.6667,JPEG,370583,380de11400b4e87a0ee27b6e5ea04382,83b2f056ddefac4bbb19b67f67777e32f501b09b515aeefde40b1f9c5bfebf3a,1.0,d2d2de8c4ec63994,ok,152.18304542058226,True,True,cluster_00162,train,/home/dheirav/Code/Deepfake_Detection/deepfake-project/dataset_builder/train/ai_generated/mj_topup_000755.jpg
data_sources/ai_generated/Midjourney_TopUp/mj_topup_000758.jpg,data_sources/ai_generated/Midjourney_TopUp,ai_generated,1664,2432,0.6842,JPEG,876785,ec2da3fac340dc2d93672d97655516c7,e42ca5b239975dfc5c01a7ad2fc47c2f9d0fc6122cd6a66b035e01e35a3baeac,1.0,9596566b2d4b346c,ok,155.94121660632285,True,True,cluster_00004,train,/home/dheirav/Code/Deepfake_Detection/deepfake-project/dataset_builder/train/ai_generated/mj_topup_000758.jpg
data_sources/ai_generated/Midjourney_TopUp/mj_topup_000760.jpg,data_sources/ai_generated/Midjourney_TopUp,ai_generated,864,1728,0.5,JPEG,377026,d67769a7711819960f3bb7adbce4c936,241b1e0f1e49be928f0b8c245daa9b88e07d830c887e27f3c58e162a9c61f212,1.0,c98f9c98d9c52666,ok,1007.4258593994286,True,True,cluster_00258,train,/home/dheirav/Code/Deepfake_Detection/deepfake-project/dataset_builder/train/ai_generated/mj_topup_000760.jpg
data_sources/ai_generated/Midjourney_TopUp/mj_topup_000774.jpg,data_sources/ai_generated/Midjourney_TopUp,ai_generated,864,1728,0.5,JPEG,401323,91d6d7af32c04408712fa0d8e6ef2b4b,fce42ee116d362c4798f58c00a1e91fe26e654e3ce367b1474956917bcc377a0,1.0,874d3c734b99246e,ok,1666.7694716185638,True,True,cluster_00249,train,/home/dheirav/Code/Deepfake_Detection/deepfake-project/dataset_builder/train/ai_generated/mj_topup_000774.jpg
data_sources/ai_generated/Midjourney_TopUp/mj_topup_000780.jpg,data_sources/ai_generated/Midjourney_TopUp,ai_generated,1024,1024,1.0,JPEG,274156,b590ee6c1269413bc4c6b2c04319238c,56f3b537794a8e5470c69951d4c83677a363353e45599833483ea9c53c590cf4,1.0,ebe4951ad439d84a,ok,1752.1449680310761,True,True,cluster_00568,train,/home/dheirav/Code/Deepfake_Detection/deepfake-project/dataset_builder/train/ai_generated/mj_topup_000780.jpg
data_sources/ai_generated/Midjourney_TopUp/mj_topup_000786.jpg,data_sources/ai_generated/Midjourney_TopUp,ai_generated,1024,1024,1.0,JPEG,275491,a18d9904d83edddf358203563ac2329e,46f8b262c3a42bab87caf606142956e4db44ab8e185e6b0698f2a048412011ce,1.0,c1d1e50fa31cf866,ok,318.51104258449686,True,True,cluster_00564,train,/home/dheirav/Code/Deepfake_Detection/deepfake-project/dataset_builder/train/ai_generated/mj_topup_000786.jpg
data_sources/ai_generated/Midjourney_TopUp/mj_topup_000798.jpg,data_sources/ai_generated/Midjourney_TopUp,ai_generated,1024,1280,0.8,JPEG,209173,9a4589861fa58977299e3ba715bff483,8944bac22b62799d47eae7bf87563dee38ff83e92732f5c13301e50ee9e90958,1.0,f885d332b7d00a6b,ok,80.54596095502146,True,True,cluster_00374,train,/home/dheirav/Code/Deepfake_Detection/deepfake-project/dataset_builder/train/ai_generated/mj_topup_000798.jpg
data_sources/ai_generated/Midjourney_TopUp/mj_topup_000802.jpg,data_sources/ai_generated/Midjourney_TopUp,ai_generated,864,1728,0.5,JPEG,284166,6a34cc68e9a96e9931521790d122bbe2,079eedbde2a61befa6115bac44a48a9b8fd2d99a13c433d35307e9757742921d,1.0,af8b521437757246,ok,111.69640939223049,True,True,cluster_00310,train,/home/dheirav/Code/Deepfake_Detection/deepfake-project/dataset_builder/train/ai_generated/mj_topup_000802.jpg
data_sources/ai_generated/Midjourney_TopUp/mj_topup_000804.jpg,data_sources/ai_generated/Midjourney_TopUp,ai_generated,864,1728,0.5,JPEG,385192,6e005c08cfad7c820f667582ab30ae80,699e3d8cae8042e35a339be913ceb8d9d5d0763b6788268027828b376aff82ab,1.0,9b6c3b26999b6413,ok,666.2327995339539,True,True,cluster_00254,train,/home/dheirav/Code/Deepfake_Detection/deepfake-project/dataset_builder/train/ai_generated/mj_topup_000804.jpg
data_sources/ai_generated/Midjourney_TopUp/mj_topup_000814.jpg,data_sources/ai_generated/Midjourney_TopUp,ai_generated,1536,1024,1.5,JPEG,313652,f5588d5472dcb6e021872437a9084e39,fef20300525dd329b838f52cc333df1b79d1b31e37f07ffa3b28486e7d725977,1.0,eac49c39911f9578,ok,755.6014169049736,True,True,cluster_00192,train,/home/dheirav/Code/Deepfake_Detection/deepfake-project/dataset_builder/train/ai_generated/mj_topup_000814.jpg
data_sources/ai_generated/Midjourney_TopUp/mj_topup_000819.jpg,data_sources/ai_generated/Midjourney_TopUp,ai_generated,300,520,0.5769,JPEG,32580,99cbff625586275b794519817da6649b,3cf901542bb6c49cb9f3aba8e85ac99fa4d4b365d1d53e70fde27b2c72a9f1a8,1.0,899522597b636e4d,ok,144.72062232408777,True,True,cluster_01069,train,/home/dheirav/Code/Deepfake_Detection/deepfake-project/dataset_builder/train/ai_generated/mj_topup_000819.jpg
data_sources/ai_generated/Midjourney_TopUp/mj_topup_000827.jpg,data_sources/ai_generated/Midjourney_TopUp,ai_generated,260,520,0.5,JPEG,31496,5a5d72f1b9d3fe41ca6bf9444c5291b2,e41013a64fab0ef12504db6deaf0d0cf4ed90c9588302346700ac34f4ef574ac,1.0,e0e4145e1e6179e7,ok,382.2557510801442,True,True,cluster_01115,train,/home/dheirav/Code/Deepfake_Detection/deepfake-project/dataset_builder/train/ai_generated/mj_topup_000827.jpg
data_sources/ai_generated/Midjourney_TopUp/mj_topup_000829.jpg,data_sources/ai_generated/Midjourney_TopUp,ai_generated,260,520,0.5,JPEG,35782,af32f7abc9cc17b02cfe2dda7e762134,cd5492b5b6e60c65db35f0f3db688c99c730514da2ce077579e407fc90e99c2d,1.0,b1a8c0674f972fc8,ok,647.2696107200378,True,True,cluster_01108,train,/home/dheirav/Code/Deepfake_Detection/deepfake-project/dataset_builder/train/ai_generated/mj_topup_000829.jpg
data_sources/ai_generated/Midjourney_TopUp/mj_topup_000830.jpg,data_sources/ai_generated/Midjourney_TopUp,ai_generated,864,1728,0.5,JPEG,296389,5285e9c515b392cead72cbfa4b0c3dee,dd30a76f9b3e1dc763ce674598d98734840b530d24ba8cc164a37bbd3a67fd12,1.0,af9a1214177f7055,ok,142.68982716602787,True,True,cluster_00304,train,/home/dheirav/Code/Deepfake_Detection/deepfake-project/dataset_builder/train/ai_generated/mj_topup_000830.jpg
data_sources/ai_generated/Midjourney_TopUp/mj_topup_000836.jpg,data_sources/ai_generated/Midjourney_TopUp,ai_generated,960,1664,0.5769,JPEG,321888,50b3f8bfb8be8099aac8fe8173f5f9d5,41838018b41bedc797691a2d94564b8ad44590cb32dac4cbd480865f114425b9,1.0,c9774439b3d6012f,ok,89.32951624727303,True,True,cluster_00089,train,/home/dheirav/Code/Deepfake_Detection/deepfake-project/dataset_builder/train/ai_generated/mj_topup_000836.jpg
data_sources/ai_generated/Midjourney_TopUp/mj_topup_000838.jpg,data_sources/ai_generated/Midjourney_TopUp,ai_generated,864,1728,0.5,JPEG,324954,308d3a9a2eb11fff38d5ae437b9dba17,5324cecb456c54e73f999ecf8c970c122e15ff8c3080f1e0ede90200bec488d9,1.0,b9f154446b0b2737,ok,279.6596850729301,True,True,cluster_00286,train,/home/dheirav/Code/Deepfake_Detection/deepfake-project/dataset_builder/train/ai_generated/mj_topup_000838.jpg
data_sources/ai_generated/Midjourney_TopUp/mj_topup_000842.jpg,data_sources/ai_generated/Midjourney_TopUp,ai_generated,864,1728,0.5,JPEG,312514,89db35ede0ddb99cee63ada6c2c4609b,078ae6e0594c6d9e4d4682effb7ecdc72a8217491f076b0fecc7763eaf6bab85,1.0,bbb644c25b492d66,ok,104.77688566208546,True,True,cluster_00293,train,/home/dheirav/Code/Deepfake_Detection/deepfake-project/dataset_builder/train/ai_generated/mj_topup_000842.jpg
data_sources/ai_generated/Midjourney_TopUp/mj_topup_000852.jpg,data_sources/ai_generated/Midjourney_TopUp,ai_generated,1024,1024,1.0,JPEG,218077,057c2b577aa75a18ab060f46e664ad04,d34bd04cda55f12a094aeade0336836da74f8ebe96cf07789bab0e63febebdfa,1.0,96194b2d26b71bd2,ok,307.32912229360954,True,True,cluster_00650,train,/home/dheirav/Code/Deepfake_Detection/deepfake-project/dataset_builder/train/ai_generated/mj_topup_000852.jpg
data_sources/ai_generated/Midjourney_TopUp/mj_topup_000860.jpg,data_sources/ai_generated/Midjourney_TopUp,ai_generated,1024,1024,1.0,JPEG,277145,c460e21be3f9d87ccc6247d5a7646fbc,1b1a282ce2972246d07560d52a6f94a436082104bf07dec451271b392c5b9d58,1.0,e89d0bf287f03c61,ok,698.7651669941697,True,True,cluster_00559,train,/home/dheirav/Code/Deepfake_Detection/deepfake-project/dataset_builder/train/ai_generated/mj_topup_000860.jpg
data_sources/ai_generated/Midjourney_TopUp/mj_topup_000862.jpg,data_sources/ai_generated/Midjourney_TopUp,ai_generated,1024,1024,1.0,JPEG,202198,a5213ad11f07059b4771c75e56bae27e,8ee6107896328be91cbb1023787fc2ef8dfe1e358b0c14f64ee45d373ab05479,1.0,cc1f5b3972646171,ok,128.22744906297885,True,True,cluster_00670,train,/home/dheirav/Code/Deepfake_Detection/deepfake-project/dataset_builder/train/ai_generated/mj_topup_000862.jpg
data_sources/ai_generated/Midjourney_TopUp/mj_topup_000864.jpg,data_sources/ai_generated/Midjourney_TopUp,ai_generated,1024,1536,0.6667,JPEG,286313,6e4db563c724db3b92f5a9ba4244903d,2e94268eb70ff6e1343e68d462539c7bd3fd1b049fdb07f196875527520ffe84,1.0,9481cb5c4e6f591e,ok,275.15044046572194,True,True,cluster_00204,train,/home/dheirav/Code/Deepfake_Detection/deepfake-project/dataset_builder/train/ai_generated/mj_topup_000864.jpg
data_sources/ai_generated/Midjourney_TopUp/mj_topup_000870.jpg,data_sources/ai_generated/Midjourney_TopUp,ai_generated,1024,1024,1.0,JPEG,186289,07217df38f82aae2062ef0b05ff5311e,88f6984fad6d4b729da0f02c9f9350ce737ee636f66943e36893ff2a8ae8ae35,1.0,edd912246b02e74f,ok,227.40149288833706,True,True,cluster_00683,train,/home/dheirav/Code/Deepfake_Detection/deepfake-project/dataset_builder/train/ai_generated/mj_topup_000870.jpg
data_sources/ai_generated/Midjourney_TopUp/mj_topup_000872.jpg,data_sources/ai_generated/Midjourney_TopUp,ai_generated,1024,1024,1.0,JPEG,256427,8e6d2e3d67ba545b81f0004dda4808a0,0f5eb0678a96c00f5e6704508a7d616854e89c9f5933bd5b71c7fda8c90fb69a,1.0,c6cf5a316b6a24e1,ok,195.1632381023628,True,True,cluster_00597,train,/home/dheirav/Code/Deepfake_Detection/deepfake-project/dataset_builder/train/ai_generated/mj_topup_000872.jpg
data_sources/ai_generated/Midjourney_TopUp/mj_topup_000874.jpg,data_sources/ai_generated/Midjourney_TopUp,ai_generated,960,1664,0.5769,JPEG,267615,f85ce2b431eeaa132ac187ab073ccc9f,dadcf4905c1b9ebf50206b1762ed1b525d5ca493ce92cdff0f86a817665ccba5,1.0,95b537159c3a72c8,ok,276.2824913423831,True,True,cluster_00106,train,/home/dheirav/Code/Deepfake_Detection/deepfake-project/dataset_builder/train/ai_generated/mj_topup_000874.jpg
data_sources/ai_generated/Midjourney_TopUp/mj_topup_000876.jpg,data_sources/ai_generated/Midjourney_TopUp,ai_generated,1536,1024,1.5,JPEG,414458,c80cc91d3855b20dfb3640948faf1b96,153b77775a266fa9b65bff4977d056377e791249e0d2d75313b1d0c058cb61f4,1.0,b4ee869db8913943,ok,135.92168725974625,True,True,cluster_00138,train,/home/dheirav/Code/Deepfake_Detection/deepfake-project/dataset_builder/train/ai_generated/mj_topup_000876.jpg
data_sources/ai_generated/Midjourney_TopUp/mj_topup_000878.jpg,data_sources/ai_generated/Midjourney_TopUp,ai_generated,1024,1024,1.0,JPEG,274345,d0ef632501db95944c0b2d3005da6a94,39eb200568270567d6d1f5652eda7a1b50b0035780003934eacc1113431007b3,1.0,d1838b89c9cbcde1,ok,402.00912664783743,True,True,cluster_00567,train,/home/dheirav/Code/Deepfake_Detection/deepfake-project/dataset_builder/train/ai_generated/mj_topup_000878.jpg
data_sources/ai_generated/Midjourney_TopUp/mj_topup_000887.jpg,data_sources/ai_generated/Midjourney_TopUp,ai_generated,260,520,0.5,JPEG,34427,1014d1a54c54c25eecab58e97b41cc34,fa4a4c471869846bcefb38960766d4847441e9b6ccd1e689129811c0537670c1,1.0,a4a4d0d05acf2f3e,ok,451.3404095571212,True,True,cluster_01111,train,/home/dheirav/Code/Deepfake_Detection/deepfake-project/dataset_builder/train/ai_generated/mj_topup_000887.jpg
data_sources/ai_generated/Midjourney_TopUp/mj_topup_000888.jpg,data_sources/ai_generated/Midjourney_TopUp,ai_generated,1024,1024,1.0,JPEG,168043,ec736246a86a999c2979949205fbe33e,30d76e1d31db877be4e1c5b96d115ad3c204715114a700d59b82528a102decfc,1.0,b0cfce303933668e,ok,518.928532590754,True,True,cluster_00697,train,/home/dheirav/Code/Deepfake_Detection/deepfake-project/dataset_builder/train/ai_generated/mj_topup_000888.jpg
data_sources/ai_generated/Midjourney_TopUp/mj_topup_000893.jpg,data_sources/ai_generated/Midjourney_TopUp,ai_generated,520,346,1.5029,JPEG,36424,b4c02b448fff022139f9637925312762,5d25a6eef2f3c6b2d416c710f0b3e9652aa0ce55fcd9c8e56ab0f84b9d04a91e,1.0,ad5b7334e6863825,ok,329.72380936655486,True,True,cluster_01023,train,/home/dheirav/Code/Deepfake_Detection/deepfake-project/dataset_builder/train/ai_generated/mj_topup_000893.jpg
data_sources/ai_generated/Midjourney_TopUp/mj_topup_000896.jpg,data_sources/ai_generated/Midjourney_TopUp,ai_generated,1024,1024,1.0,JPEG,223741,ad418b12ed95adf3219607522e8a436b,0970777d1f1b6a4398f26202ec7ea7c2d69afece6be379e7a816547afbadab05,1.0,d4d60f0428f87e67,ok,1382.568781599045,True,True,cluster_00641,train,/home/dheirav/Code/Deepfake_Detection/deepfake-project/dataset_builder/train/ai_generated/mj_topup_000896.jpg
data_sources/ai_generated/Midjourney_TopUp/mj_topup_000897.jpg,data_sources/ai_generated/Midjourney_TopUp,ai_generated,520,520,1.0,JPEG,47533,579cb4fedb3cad65df7085dd1756487a,32d1850bade69032be9f82462c56b8e372c0c641842d6df87abc30f2780d4af7,1.0,d4d60f0528f87a67,ok,343.7719290657359,True,True,cluster_00935,train,/home/dheirav/Code/Deepfake_Detection/deepfake-project/dataset_builder/train/ai_generated/mj_topup_000897.jpg
data_sources/ai_generated/Midjourney_TopUp/mj_topup_000910.jpg,data_sources/ai_generated/Midjourney_TopUp,ai_generated,1152,1792,0.6429,JPEG,637350,96e65e68f458a8950e9e6c4813d5c019,770ce0fad9f9462f1653bee377d0550ab483c9cdf429577fd55a32e5802eb0f3,1.0,87d69f49394360d6,ok,390.0218936918373,True,True,cluster_00024,train,/home/dheirav/Code/Deepfake_Detection/deepfake-project/dataset_builder/train/ai_generated/mj_topup_000910.jpg
data_sources/ai_generated/Midjourney_TopUp/mj_topup_000920.jpg,data_sources/ai_generated/Midjourney_TopUp,ai_generated,864,1728,0.5,JPEG,391176,8b471b7db69abd3f9f40b3562320af7f,913cea8e97a765e3c390013a62af6654def5c66a1313fdba37140df817531b10,1.0,c1c46f9bc630393e,ok,960.0960889266006,True,True,cluster_00251,train,/home/dheirav/Code/Deepfake_Detection/deepfake-project/dataset_builder/train/ai_generated/mj_topup_000920.jpg
data_sources/ai_generated/Midjourney_TopUp/mj_topup_000923.jpg,data_sources/ai_generated/Midjourney_TopUp,ai_generated,520,520,1.0,JPEG,62077,595c4793b44209c772cf8c2fa24eea42,2ffe16ab7e5f521f99d6e53c935b561b46ae46ed9a19a48fd7daa19c29009371,1.0,86cb45657993878d,ok,171.82791545808752,True,True,cluster_00921,train,/home/dheirav/Code/Deepfake_Detection/deepfake-project/dataset_builder/train/ai_generated/mj_topup_000923.jpg
data_sources/ai_generated/Midjourney_TopUp/mj_topup_000924.jpg,data_sources/ai_generated/Midjourney_TopUp,ai_generated,960,1664,0.5769,JPEG,297669,743c4944f647da37bc4512a90117d32f,0c245824510adedb486c25f39612972cd8570e6ee724c62c3c2153a87b81bb2a,1.0,a51847b44fc33c67,ok,106.95094867479597,True,True,cluster_00096,train,/home/dheirav/Code/Deepfake_Detection/deepfake-project/dataset_builder/train/ai_generated/mj_topup_000924.jpg
data_sources/ai_generated/Midjourney_TopUp/mj_topup_000930.jpg,data_sources/ai_generated/Midjourney_TopUp,ai_generated,960,1664,0.5769,JPEG,347843,6fa1088aa5293b5ed5d1ff63e3ad83a3,c49db910780d6abfa73f317423fd618816fbaf05bf47f4c4d63b23c4a4e8cbf1,1.0,91974e4d8cb272ec,ok,171.9567588961332,True,True,cluster_00081,train,/home/dheirav/Code/Deepfake_Detection/deepfake-project/dataset_builder/train/ai_generated/mj_topup_000930.jpg
data_sources/ai_generated/Midjourney_TopUp/mj_topup_000935.jpg,data_sources/ai_generated/Midjourney_TopUp,ai_generated,354,520,0.6808,JPEG,51446,58e14c3b4c3df056f9f9d89783156093,5ca2ae6ea3ac689e9b7b0460f5eb475f4b93b429b8f69b0fd63cc5d5f1d31750,1.0,864566ba696cc7a9,ok,701.9330277662802,True,True,cluster_00978,train,/home/dheirav/Code/Deepfake_Detection/deepfake-project/dataset_builder/train/ai_generated/mj_topup_000935.jpg
data_sources/ai_generated/Midjourney_TopUp/mj_topup_000943.jpg,data_sources/ai_generated/Midjourney_TopUp,ai_generated,300,520,0.5769,JPEG,40489,d28d648530cfecc72c6a58356509766c,57bc2f083e0e442334c2263a315149c35fdfa92487ecd437705f9451834837f4,1.0,91ec5b84671be433,ok,398.21923269165023,True,True,cluster_01059,train,/home/dheirav/Code/Deepfake_Detection/deepfake-project/dataset_builder/train/ai_generated/mj_topup_000943.jpg
data_sources/ai_generated/Midjourney_TopUp/mj_topup_000950.jpg,data_sources/ai_generated/Midjourney_TopUp,ai_generated,1024,1536,0.6667,JPEG,373337,bc60707dec261eab5d6268f94575cdbf,f5a729242b3dcd94a187bb40255dd4cc615996b92dd0c405d310df61585a6510,1.0,b492c9c4cae761bc,ok,205.98831697621267,True,True,cluster_00160,train,/home/dheirav/Code/Deepfake_Detection/deepfake-project/dataset_builder/train/ai_generated/mj_topup_000950.jpg
data_sources/ai_generated/Midjourney_TopUp/mj_topup_000958.jpg,data_sources/ai_generated/Midjourney_TopUp,ai_generated,960,1664,0.5769,JPEG,323588,95eedab748400bda6ddfd3b314a52583,53898e99c49b840e2b7db3d4873308e28bbbe3f86487560be3e5a1cbaf4bcf53,1.0,a65906addaa55e29,ok,400.1952147252069,True,True,cluster_00088,train,/home/dheirav/Code/Deepfake_Detection/deepfake-project/dataset_builder/train/ai_generated/mj_topup_000958.jpg
data_sources/ai_generated/Midjourney_TopUp/mj_topup_000968.jpg,data_sources/ai_generated/Midjourney_TopUp,ai_generated,864,1728,0.5,JPEG,529229,b169042ba9a762d622cb0ae74543a820,1bc43c01f4043d6abe8b87d506baba6a2be7dc6d8b3c7d01d6702d7491d9382c,1.0,91ac6a7857341f66,ok,1436.2195843373024,True,True,cluster_00226,train,/home/dheirav/Code/Deepfake_Detection/deepfake-project/dataset_builder/train/ai_generated/mj_topup_000968.jpg
data_sources/ai_generated/Midjourney_TopUp/mj_topup_000970.jpg,data_sources/ai_generated/Midjourney_TopUp,ai_generated,2048,2048,1.0,JPEG,831626,b372f03fdec0b4238a7fa6b8f71526ba,f181dce7d7628c5c02ea86f2b2d5ac11710ffa35cfd193868d570e8ba0e4c1a2,1.0,d0610f8dc6c9dee4,ok,186.56148886256952,True,True,cluster_00003,train,/home/dheirav/Code/Deepfake_Detection/deepfake-project/dataset_builder/train/ai_generated/mj_topup_000970.jpg
data_sources/ai_generated/Midjourney_TopUp/mj_topup_000974.jpg,data_sources/ai_generated/Midjourney_TopUp,ai_generated,960,1664,0.5769,JPEG,358461,a4686ba7c7cce790c422f2137b110918,bf26ecf587bde886e3e6308b52bc05be050d1c2e945a03455b8b8e95081bf849,1.0,b49d4764684b97b8,ok,215.011105468127,True,True,cluster_00076,train,/home/dheirav/Code/Deepfake_Detection/deepfake-project/dataset_builder/train/ai_generated/mj_topup_000974.jpg
data_sources/ai_generated/Midjourney_TopUp/mj_topup_000989.jpg,data_sources/ai_generated/Midjourney_TopUp,ai_generated,346,520,0.6654,JPEG,33983,004f2230bef14ac8d80bc5f551a03672,8376470a4918d86f2c8d6d75cce62f2f0243180663a9c05f35b228a120c8967a,1.0,9f4939976c247899,ok,150.3388157020926,True,True,cluster_01030,train,/home/dheirav/Code/Deepfake_Detection/deepfake-project/dataset_builder/train/ai_generated/mj_topup_000989.jpg
data_sources/ai_generated/Midjourney_TopUp/mj_topup_000990.jpg,data_sources/ai_generated/Midjourney_TopUp,ai_generated,1024,1536,0.6667,JPEG,331543,434d8b971e54764473cc7969bd9293c2,a6b46ba6db190c89d7020c013e29df7fee33f4a6145e88c5b5d06d7653510a6c,1.0,b6cf498b64f9011e,ok,96.36498741167695,True,True,cluster_00183,train,/home/dheirav/Code/Deepfake_Detection/deepfake-project/dataset_builder/train/ai_generated/mj_topup_000990.jpg
data_sources/ai_generated/Midjourney_TopUp/mj_topup_000992.jpg,data_sources/ai_generated/Midjourney_TopUp,ai_generated,864,1728,0.5,JPEG,328255,0ef1d18995e1677c8cc3b4e777e51b99,29374ab50c70c666abbc34f731c3ce93aeced6335e6565363f48d65e4122d06e,1.0,a1a74a4abe3d2935,ok,94.1304576094801,True,True,cluster_00284,train,/home/dheirav/Code/Deepfake_Detection/deepfake-project/dataset_builder/train/ai_generated/mj_topup_000992.jpg
data_sources/ai_generated/Midjourney_TopUp/mj_topup_000996.jpg,data_sources/ai_generated/Midjourney_TopUp,ai_generated,1024,1024,1.0,JPEG,286273,ece67e667acf09c05f9fb899c31d2398,01681f6314131ff35ee56daec0e4f22fae92e8a3e5d10d791373d732d99eb15c,1.0,c48f1b7c332d7056,ok,482.7060931571177,True,True,cluster_00549,train,/home/dheirav/Code/Deepfake_Detection/deepfake-project/dataset_builder/train/ai_generated/mj_topup_000996.jpg
data_sources/ai_generated/Midjourney_TopUp/mj_topup_000998.jpg,data_sources/ai_generated/Midjourney_TopUp,ai_generated,960,1632,0.5882,JPEG,413875,6b3336f463c87ae06ce655f574bdd1fb,a043e0f607fd6e3f97c63f4bb55eae276f43ce52bf1b7c0511867e379499bf50,1.0,cc19033f1f623cce,ok,206.6746227777394,True,True,cluster_00220,train,/home/dheirav/Code/Deepfake_Detection/deepfake-project/dataset_builder/train/ai_generated/mj_topup_000998.jpg
data_sources/ai_generated/Midjourney_TopUp/mj_topup_001000.jpg,data_sources/ai_generated/Midjourney_TopUp,ai_generated,1024,1024,1.0,JPEG,263771,ff4d79ec4a3b38fa58305202f26477ae,3854a13dd2d233a47b9a8b7398f8a4c499691294d2f6063fa4845122960c69d5,1.0,b0c0cd2e929bcee6,ok,1467.0590391154246,True,True,cluster_00584,train,/home/dheirav/Code/Deepfake_Detection/deepfake-project/dataset_builder/train/ai_generated/mj_topup_001000.jpg
data_sources/ai_generated/Midjourney_TopUp/mj_topup_001002.jpg,data_sources/ai_generated/Midjourney_TopUp,ai_generated,960,1664,0.5769,JPEG,398687,c79f1fa3a416c05130c9fd47b31ab6f1,a316057f09a6cd9c6c50bf8fb501391599a690b89e88acf14a9854a1a6799fbd,1.0,f1d70d6072116b97,ok,672.4165075256568,True,True,cluster_00066,train,/home/dheirav/Code/Deepfake_Detection/deepfake-project/dataset_builder/train/ai_generated/mj_topup_001002.jpg
data_sources/ai_generated/Midjourney_TopUp/mj_topup_001013.jpg,data_sources/ai_generated/Midjourney_TopUp,ai_generated,346,520,0.6654,JPEG,42201,aa0e225b755e1988307dde85d068e210,9751c16e101b5640550e4b1a475f8183e5d844c8c747b9784c064a8c96737aa3,1.0,cc8d1be0331fc1e6,ok,311.02673387557155,True,True,cluster_01011,train,/home/dheirav/Code/Deepfake_Detection/deepfake-project/dataset_builder/train/ai_generated/mj_topup_001013.jpg
data_sources/ai_generated/Midjourney_TopUp/mj_topup_001030.jpg,data_sources/ai_generated/Midjourney_TopUp,ai_generated,1024,1536,0.6667,JPEG,276023,0a4a3e2fa94a1b966272e72e988cb0fc,76c67721e600885d346821abcf3bacf926b28dc71560e958cc683521676ff9fb,1.0,c790386f2db2c70e,ok,229.9219838655489,True,True,cluster_00207,train,/home/dheirav/Code/Deepfake_Detection/deepfake-project/dataset_builder/train/ai_generated/mj_topup_001030.jpg
data_sources/ai_generated/Midjourney_TopUp/mj_topup_001034.jpg,data_sources/ai_generated/Midjourney_TopUp,ai_generated,960,1664,0.5769,JPEG,406751,5a78d852ce2a05e7017dd34ed1b20593,91d5487cdc4eb546d44a10eeb4056c2e8c2ee43794d7cf8cb189613a76f850b7,1.0,c443e3719e85f5b0,ok,494.0648412407205,True,True,cluster_00062,train,/home/dheirav/Code/Deepfake_Detection/deepfake-project/dataset_builder/train/ai_generated/mj_topup_001034.jpg
data_sources/ai_generated/Midjourney_TopUp/mj_topup_001042.jpg,data_sources/ai_generated/Midjourney_TopUp,ai_generated,960,1664,0.5769,JPEG,406652,7d2f27b375527185c422176b143147dc,02a00f30fd5c17da9959114af4f9a1c30e2fbbf1681e671531dd8691a14704fa,1.0,c649cbb319b93394,ok,224.87544285991805,True,True,cluster_00063,train,/home/dheirav/Code/Deepfake_Detection/deepfake-project/dataset_builder/train/ai_generated/mj_topup_001042.jpg
data_sources/ai_generated/Midjourney_TopUp/mj_topup_001044.jpg,data_sources/ai_generated/Midjourney_TopUp,ai_generated,1024,1024,1.0,JPEG,220311,3eda1829ab32cb3ee1560423dece478e,5e032a0dbfb2a303dfb70c57ce400c34044631c192029f0fca6fafcc82e22708,1.0,c4c2038f8f2f3e3c,ok,517.5126809101339,True,True,cluster_00647,train,/home/dheirav/Code/Deepfake_Detection/deepfake-project/dataset_builder/train/ai_generated/mj_topup_001044.jpg
data_sources/ai_generated/Midjourney_TopUp/mj_topup_001054.jpg,data_sources/ai_generated/Midjourney_TopUp,ai_generated,864,1728,0.5,JPEG,352221,76f360390c79933125c349f9d76b7e59,6a24de754599f10c6ff11d3a244ed28f7dc59c5cf3a1177c8025f061bfc0325b,1.0,9507195d66da7ae0,ok,142.55162409856766,True,True,cluster_00268,train,/home/dheirav/Code/Deepfake_Detection/deepfake-project/dataset_builder/train/ai_generated/mj_topup_001054.jpg
data_sources/ai_generated/Midjourney_TopUp/mj_topup_001059.jpg,data_sources/ai_generated/Midjourney_TopUp,ai_generated,300,520,0.5769,JPEG,37201,4ceb157efc4140dcd93a0b2b6ed65255,bc0527368f2f356ce6130dac15b1e4c46da66264f2d297a546a49a98c57fbe30,1.0,bd98494227ec2f4d,ok,320.5051268164037,True,True,cluster_01065,train,/home/dheirav/Code/Deepfake_Detection/deepfake-project/dataset_builder/train/ai_generated/mj_topup_001059.jpg
data_sources/ai_generated/Midjourney_TopUp/mj_topup_001060.jpg,data_sources/ai_generated/Midjourney_TopUp,ai_generated,1024,1536,0.6667,JPEG,303126,41241e72184db57120f9f6f45a883f9a,5afdbab62041fd65d670fc7c5402d581478825bf0e454f209f89a36b053a4ad8,1.0,959a98e3ceb531c2,ok,232.4139758263029,True,True,cluster_00197,train,/home/dheirav/Code/Deepfake_Detection/deepfake-project/dataset_builder/train/ai_generated/mj_topup_001060.jpg
data_sources/ai_generated/Midjourney_TopUp/mj_topup_001067.jpg,data_sources/ai_generated/Midjourney_TopUp,ai_generated,346,520,0.6654,JPEG,66017,d13ecfbabf1fff35745717a4f92275c7,6b734967b98010627fe259e069d586322aa2782c63f7ed34ac01daeeddede1ff,1.0,cb10dc393372a567,ok,894.8231319319627,True,True,cluster_00986,train,/home/dheirav/Code/Deepfake_Detection/deepfake-project/dataset_builder/train/ai_generated/mj_topup_001067.jpg
data_sources/ai_generated/Midjourney_TopUp/mj_topup_001071.jpg,data_sources/ai_generated/Midjourney_TopUp,ai_generated,300,520,0.5769,JPEG,44638,5c873f87b33204fffa8daa24bbf0c2e2,e423e735fa0138645b7346a462d2c0ae7d40eda053f5020af4db633213eb2be5,1.0,918c7a6e871a638f,ok,333.84867797238655,True,True,cluster_01053,train,/home/dheirav/Code/Deepfake_Detection/deepfake-project/dataset_builder/train/ai_generated/mj_topup_001071.jpg
data_sources/ai_generated/Midjourney_TopUp/mj_topup_001073.jpg,data_sources/ai_generated/Midjourney_TopUp,ai_generated,346,520,0.6654,JPEG,46304,426797cec63cbb87a9d027eb74f7cfcc,fafef5b6197b824ac8cda2b6bb806fce98164e8ccc862a28ea279d405d7887e3,1.0,c7c66632786a7127,ok,611.6781511400204,True,True,cluster_01000,train,/home/dheirav/Code/Deepfake_Detection/deepfake-project/dataset_builder/train/ai_generated/mj_topup_001073.jpg
data_sources/ai_generated/Midjourney_TopUp/mj_topup_001076.jpg,data_sources/ai_generated/Midjourney_TopUp,ai_generated,1024,1344,0.7619,JPEG,408438,46f486e409ad21929b05ba277eeb3fe8,d9e1fd4091cf43c057ad9ea960a1174b2d6b94e1acae35bb8c5cc7a6f7bfbc2a,1.0,93434ba52c2f6d3c,ok,1114.8954131477544,True,True,cluster_00347,train,/home/dheirav/Code/Deepfake_Detection/deepfake-project/dataset_builder/train/ai_generated/mj_topup_001076.jpg
data_sources/ai_generated/Midjourney_TopUp/mj_topup_001080.jpg,data_sources/ai_generated/Midjourney_TopUp,ai_generated,1024,1536,0.6667,JPEG,367846,253e7f0e0a58b5b62a8f53fc09e2428c,67a0235305d96af712076236600f412f1dc18e88b526f8c46c54aff50b6bfcc5,1.0,85ee3c90785e627c,ok,113.19739831284217,True,True,cluster_00164,train,/home/dheirav/Code/Deepfake_Detection/deepfake-project/dataset_builder/train/ai_generated/mj_topup_001080.jpg
data_sources/ai_generated/Midjourney_TopUp/mj_topup_001082.jpg,data_sources/ai_generated/Midjourney_TopUp,ai_generated,864,1728,0.5,JPEG,450857,9150a7ca9d6e78ddc7cb834862d917eb,0f73be9ad33da405b57010cdcfee0b8814068a75003a83bb1f80133d9e28fdb8,1.0,c4936b6e3431cec3,ok,2240.3796329629217,True,True,cluster_00236,train,/home/dheirav/Code/Deepfake_Detection/deepfake-project/dataset_builder/train/ai_generated/mj_topup_001082.jpg
data_sources/ai_generated/Midjourney_TopUp/mj_topup_001086.jpg,data_sources/ai_generated/Midjourney_TopUp,ai_generated,1024,1536,0.6667,JPEG,361331,22eb32e6936fb659d6e78d59138adc65,80c4c5fe62576b7437d7763730bdc0ceade9e60ea3c897d4305111f7fcd9ca18,1.0,9bb2644d8d709397,ok,257.8772402808823,True,True,cluster_00170,train,/home/dheirav/Code/Deepfake_Detection/deepfake-project/dataset_builder/train/ai_generated/mj_topup_001086.jpg
data_sources/ai_generated/Midjourney_TopUp/mj_topup_001090.jpg,data_sources/ai_generated/Midjourney_TopUp,ai_generated,864,1728,0.5,JPEG,265418,4a183cf8ce6e3eec35029f373ca52ec8,aae7e68e9c5035769924a4258c541fe50e4afd7a8456454474b4e6dcf6f51913,1.0,d49587cc0e3c1e79,ok,110.8113519695906,True,True,cluster_00315,train,/home/dheirav/Code/Deepfake_Detection/deepfake-project/dataset_builder/train/ai_generated/mj_topup_001090.jpg
data_sources/ai_generated/Midjourney_TopUp/mj_topup_001100.jpg,data_sources/ai_generated/Midjourney_TopUp,ai_generated,1024,1024,1.0,JPEG,282414,3eecec4a2f124959286936dd4fbde435,9129ae3e6e34441bf4005a055ebc03ea7ee09bd56e47600807a2f9b394057976,1.0,96d9696569653266,ok,949.2426060484931,True,True,cluster_00554,train,/home/dheirav/Code/Deepfake_Detection/deepfake-project/dataset_builder/train/ai_generated/mj_topup_001100.jpg
data_sources/ai_generated/Midjourney_TopUp/mj_topup_001102.jpg,data_sources/ai_generated/Midjourney_TopUp,ai_generated,1024,1024,1.0,JPEG,189141,32ab10b841afdf449313ac775fdeaa54,8c908c5616e0e3df5a9d58fa937f2ebfd74782d7da0e244a2c73e2a3495751a6,1.0,9189c74b1d662d6e,ok,110.33485295895568,True,True,cluster_00680,train,/home/dheirav/Code/Deepfake_Detection/deepfake-project/dataset_builder/train/ai_generated/mj_topup_001102.jpg
data_sources/ai_generated/Midjourney_TopUp/mj_topup_001105.jpg,data_sources/ai_generated/Midjourney_TopUp,ai_generated,300,520,0.5769,JPEG,37559,7228a8d8a9825d4cb8a727b3a910cd5d,9c1e2dcfb9614d8597b87983dd0d67ef05ab890901ed60883bd215d051cbb0b0,1.0,e476933c1b41b678,ok,362.4781875975921,True,True,cluster_01063,train,/home/dheirav/Code/Deepfake_Detection/deepfake-project/dataset_builder/train/ai_generated/mj_topup_001105.jpg
data_sources/ai_generated/Midjourney_TopUp/mj_topup_001106.jpg,data_sources/ai_generated/Midjourney_TopUp,ai_generated,1024,1024,1.0,JPEG,300506,d155a46289c3179f15c1761e84f07445,fa413d5666ccde54a2bac968ac50e7e0a5e18535f99d1386bdeb8120d13d9ec9,1.0,91066ce61bf3748e,ok,536.4238236527517,True,True,cluster_00536,train,/home/dheirav/Code/Deepfake_Detection/deepfake-project/dataset_builder/train/ai_generated/mj_topup_001106.jpg
data_sources/ai_generated/Midjourney_TopUp/mj_topup_001109.jpg,data_sources/ai_generated/Midjourney_TopUp,ai_generated,346,520,0.6654,JPEG,70893,978672572a07219c0dfa3611e6d5e229,6a7c73bfff84659c8c4345c3bb657d977711d87f758ba34ac17f986aa8bb0863,1.0,85c36a6b1f3c60f4,ok,1395.0952028439383,True,True,cluster_00985,train,/home/dheirav/Code/Deepfake_Detection/deepfake-project/dataset_builder/train/ai_generated/mj_topup_001109.jpg
data_sources/ai_generated/Midjourney_TopUp/mj_topup_001113.jpg,data_sources/ai_generated/Midjourney_TopUp,ai_generated,300,520,0.5769,JPEG,34800,4735942dd2684a4879ddde393af9c826,732056a2edee316803861f86755a0042cbbf5558a10b63a122fcee5c96e9a074,1.0,b4c30bdc69a94567,ok,318.475886410092,True,True,cluster_01066,train,/home/dheirav/Code/Deepfake_Detection/deepfake-project/dataset_builder/train/ai_generated/mj_topup_001113.jpg
data_sources/ai_generated/Midjourney_TopUp/mj_topup_001120.jpg,data_sources/ai_generated/Midjourney_TopUp,ai_generated,864,1728,0.5,JPEG,344975,6213f07b6eea9285cfdc1764b1d5f752,f55309b03a54002239c9dd897d4b5f8e55be4d8412651dc7bcce6064256876cd,1.0,c0c81f01b7d739b5,ok,153.64598068480922,True,True,cluster_00270,train,/home/dheirav/Code/Deepfake_Detection/deepfake-project/dataset_builder/train/ai_generated/mj_topup_001120.jpg
data_sources/ai_generated/Midjourney_TopUp/mj_topup_001125.jpg,data_sources/ai_generated/Midjourney_TopUp,ai_generated,260,520,0.5,JPEG,39341,3ee3e13c639d4cb545b6ec91c48494fe,6c0efa410e434223d1424c1a0db010bd0f3eed881784c113765e549f5df1be69,1.0,a615bbc20de55c87,ok,288.4557690723364,True,True,cluster_01100,train,/home/dheirav/Code/Deepfake_Detection/deepfake-project/dataset_builder/train/ai_generated/mj_topup_001125.jpg
data_sources/ai_generated/Midjourney_TopUp/mj_topup_001128.jpg,data_sources/ai_generated/Midjourney_TopUp,ai_generated,1024,1536,0.6667,JPEG,363249,95ac70a761fa52a379d385dcafeaa227,599bdce0e61c84b38eb88dd1a2ca58fe1359e5ef0b09449d86c626edd4d592c2,1.0,931969cf6c365632,ok,119.0349273678908,True,True,cluster_00166,train,/home/dheirav/Code/Deepfake_Detection/deepfake-project/dataset_builder/train/ai_generated/mj_topup_001128.jpg
data_sources/ai_generated/Midjourney_TopUp/mj_topup_001130.jpg,data_sources/ai_generated/Midjourney_TopUp,ai_generated,960,1664,0.5769,JPEG,207708,c13ce06efeb5323b971b0b255f8f7ecd,535ab2a5783c9e2a096f3921dddf6ff9f1b527ccbfe375fb55294f610419f8c5,1.0,c4197326ce998cf9,ok,80.5126387277847,True,True,cluster_00109,train,/home/dheirav/Code/Deepfake_Detection/deepfake-project/dataset_builder/train/ai_generated/mj_topup_001130.jpg
data_sources/ai_generated/Midjourney_TopUp/mj_topup_001144.jpg,data_sources/ai_generated/Midjourney_TopUp,ai_generated,1024,1536,0.6667,JPEG,262104,7edbd2369b790be63a987c2f9fa06415,bf18ef4d0acd31f7bb438701aae23de901b4217fcbdb513af185f84a80a28e91,1.0,c5e0f2e2e0d8d969,ok,176.8040046095848,True,True,cluster_00210,train,/home/dheirav/Code/Deepfake_Detection/deepfake-project/dataset_builder/train/ai_generated/mj_topup_001144.jpg
data_sources/ai_generated/Midjourney_TopUp/mj_topup_001156.jpg,data_sources/ai_generated/Midjourney_TopUp,ai_generated,864,1728,0.5,JPEG,486027,31ceedb87cb3d508e9e58b7283dfca3b,d8056a0ba9f1e11230d982f20eec83773d8ce27ae8ee64679b93ab83ce63d811,1.0,9ca362bc2b6b6469,ok,805.8071373902131,True,True,cluster_00231,train,/home/dheirav/Code/Deepfake_Detection/deepfake-project/dataset_builder/train/ai_generated/mj_topup_001156.jpg
data_sources/ai_generated/Midjourney_TopUp/mj_topup_001159.jpg,data_sources/ai_generated/Midjourney_TopUp,ai_generated,260,520,0.5,JPEG,19402,bf502259736355cca244b6b6e7f9ceb0,718cd6f0f6692abb818e3a9e46a9c3ca4c15042b37b41231df427e5ab65249c9,1.0,bb106576b666189b,ok,82.5443128824599,True,True,cluster_01123,train,/home/dheirav/Code/Deepfake_Detection/deepfake-project/dataset_builder/train/ai_generated/mj_topup_001159.jpg
data_sources/ai_generated/Midjourney_TopUp/mj_topup_001160.jpg,data_sources/ai_generated/Midjourney_TopUp,ai_generated,864,1728,0.5,JPEG,232831,0f401cc7a446edabfe4362b757fa3144,5c9d2a1ee7e5e9239f2a7ea8084165e2bd0ef1c9e399ebc3e36f4a98fe89834d,1.0,c0c33f997632cf30,ok,172.42384595646487,True,True,cluster_00324,train,/home/dheirav/Code/Deepfake_Detection/deepfake-project/dataset_builder/train/ai_generated/mj_topup_001160.jpg
data_sources/ai_generated/Midjourney_TopUp/mj_topup_001167.jpg,data_sources/ai_generated/Midjourney_TopUp,ai_generated,520,346,1.5029,JPEG,40945,aab8670db0afa87c11dc3070ad49b54a,2e24f26d92bcb97f3b5f9565b7a699e8e89da761fe23e0f0b91806319e22b7e4,1.0,a1fa50165e072fab,ok,217.66895616951734,True,True,cluster_01014,train,/home/dheirav/Code/Deepfake_Detection/deepfake-project/dataset_builder/train/ai_generated/mj_topup_001167.jpg
data_sources/ai_generated/Midjourney_TopUp/mj_topup_001172.jpg,data_sources/ai_generated/Midjourney_TopUp,ai_generated,1024,1024,1.0,JPEG,253797,5c9ffffbe8b60999d49062ad87a84924,97c449625b58917cc55c23cb7b5b81eec1bded2c348a9f1a65648a68d4239489,1.0,ce343993318e66d9,ok,1649.082068420305,True,True,cluster_00601,train,/home/dheirav/Code/Deepfake_Detection/deepfake-project/dataset_builder/train/ai_generated/mj_topup_001172.jpg
data_sources/ai_generated/Midjourney_TopUp/mj_topup_001176.jpg,data_sources/ai_generated/Midjourney_TopUp,ai_generated,1024,1536,0.6667,JPEG,313740,b06034ec5fff5d27a937b5e4a5d428b8,fad7ad684fddf7c2cab2768410bfe61c0247528adfc07a31a6d6e116e308c8af,1.0,997a61b4cf636431,ok,85.09602483048933,True,True,cluster_00191,train,/home/dheirav/Code/Deepfake_Detection/deepfake-project/dataset_builder/train/ai_generated/mj_topup_001176.jpg
data_sources/ai_generated/Midjourney_TopUp/mj_topup_001180.jpg,data_sources/ai_generated/Midjourney_TopUp,ai_generated,1024,1536,0.6667,JPEG,391694,b40f739e14b2ebb8e13cdc8e5d7aad13,32514c6b53c451d59dbc620e90e0c2a87c677ae81ecadcaf3a3cb80ba5be951a,1.0,a584ca9fd6d0585b,ok,204.1809457185041,True,True,cluster_00152,train,/home/dheirav/Code/Deepfake_Detection/deepfake-project/dataset_builder/train/ai_generated/mj_topup_001180.jpg
data_sources/ai_generated/Midjourney_TopUp/mj_topup_001186.jpg,data_sources/ai_generated/Midjourney_TopUp,ai_generated,864,1728,0.5,JPEG,227079,24a14638847baf069fbecad1e3aec0cb,567151d120640b3be375402d752f46b025bb01da80a8ff7c487868fbbd529b32,1.0,91466f2a72a535d6,ok,97.79609646967363,True,True,cluster_00327,train,/home/dheirav/Code/Deepfake_Detection/deepfake-project/dataset_builder/train/ai_generated/mj_topup_001186.jpg
data_sources/ai_generated/Midjourney_TopUp/mj_topup_001189.jpg,data_sources/ai_generated/Midjourney_TopUp,ai_generated,300,520,0.5769,JPEG,47603,6b63f2df4b5dca6521e5f198785a0a80,d81597dc4ce8c2b997db595dd10667375e48c942a4ca3b33d5c0c75e8d68f344,1.0,85c05293eb791f0f,ok,396.96406353040766,True,True,cluster_01044,train,/home/dheirav/Code/Deepfake_Detection/deepfake-project/dataset_builder/train/ai_generated/mj_topup_001189.jpg
data_sources/ai_generated/Midjourney_TopUp/mj_topup_001192.jpg,data_sources/ai_generated/Midjourney_TopUp,ai_generated,960,1664,0.5769,JPEG,368049,7dfb5193ec17ca6d5c738648752d8478,1c53a440e7d9d3fa4e20bca320b6ec669d632f8ecc0a22ac8e753d841d72f206,1.0,c3e31f2c3830f1d6,ok,380.90184099227326,True,True,cluster_00073,train,/home/dheirav/Code/Deepfake_Detection/deepfake-project/dataset_builder/train/ai_generated/mj_topup_001192.jpg
data_sources/ai_generated/Midjourney_TopUp/dalle_topup_000124.jpg,data_sources/ai_generated/Midjourney_TopUp,ai_generated,1280,574,2.23,JPEG,227330,3091fc3f6a13d6e9b933d6af7860d6bd,e5d35a1d58f87b8699419dd60140ba0292227b7b4befd1afa2c87add4c7bc379,0.8,85d85a2736a3d35c,aspect_ratio_extreme,1127.672608325296,True,False,cluster_01126,val,/home/dheirav/Code/Deepfake_Detection/deepfake-project/dataset_builder/val/ai_generated/dalle_topup_000124.jpg
data_sources/ai_generated/Midjourney_TopUp/dalle_topup_000347.jpg,data_sources/ai_generated/Midjourney_TopUp,ai_generated,510,1280,0.3984,JPEG,205201,fae08727e7e1950de2cfda8701724bdc,9740f1e330a7fec1cbcffe99e16970c861c0582eb8dd0527ed7c4381d6ed0591,0.8,ce7230857e1ac59b,aspect_ratio_extreme,375.4246008361793,True,False,cluster_01129,val,/home/dheirav/Code/Deepfake_Detection/deepfake-project/dataset_builder/val/ai_generated/dalle_topup_000347.jpg
data_sources/ai_generated/Midjourney_TopUp/dalle_topup_000006.jpg,data_sources/ai_generated/Midjourney_TopUp,ai_generated,1280,719,1.7803,JPEG,203569,0270f5deaa5209f7e893f1bd2620afe3,e7b311e0043278644d8e2634b001d5aa5c0801efdc4ae974fa0fdcf2cb7683b6,1.0,939b1c9d49dc27c2,ok,83.41909306156688,True,True,cluster_00814,val,/home/dheirav/Code/Deepfake_Detection/deepfake-project/dataset_builder/val/ai_generated/dalle_topup_000006.jpg
data_sources/ai_generated/Midjourney_TopUp/dalle_topup_000011.jpg,data_sources/ai_generated/Midjourney_TopUp,ai_generated,516,520,0.9923,JPEG,72658,b833170fa84195e844e1410c1f61234a,6b8553d7e7a8c5f26132b2627e55350c013e106571ed76f6157763107edcf840,1.0,f9d588dd86959918,ok,177.39831077173938,True,True,cluster_00950,val,/home/dheirav/Code/Deepfake_Detection/deepfake-project/dataset_builder/val/ai_generated/dalle_topup_000011.jpg
data_sources/ai_generated/Midjourney_TopUp/dalle_topup_000025.jpg,data_sources/ai_generated/Midjourney_TopUp,ai_generated,292,520,0.5615,JPEG,35023,a274739bc135e8fd50f14fd61e6f52c8,b5eda2a5bc0f4a69d845951908e8d0c8233d6a6ec3766dc473f8b266cf8ec31f,1.0,c6dafc5d195220f1,ok,137.05541380487688,True,True,cluster_01080,val,/home/dheirav/Code/Deepfake_Detection/deepfake-project/dataset_builder/val/ai_generated/dalle_topup_000025.jpg
data_sources/ai_generated/Midjourney_TopUp/dalle_topup_000033.jpg,data_sources/ai_generated/Midjourney_TopUp,ai_generated,520,520,1.0,JPEG,49630,cf9bbfbeae54baa33976728d63c56645,2f97aa20de58cba26c1adfed799bd1bbecd750729bfcec766efe88acdc2d5872,1.0,cf3330dd64c73238,ok,647.9647141477889,True,True,cluster_00931,val,/home/dheirav/Code/Deepfake_Detection/deepfake-project/dataset_builder/val/ai_generated/dalle_topup_000033.jpg
data_sources/ai_generated/Midjourney_TopUp/dalle_topup_000034.jpg,data_sources/ai_generated/Midjourney_TopUp,ai_generated,1026,1026,1.0,JPEG,244216,f0e7dcd17fa28b596baa17912b5b0a86,dc8ed114fb80f6f6f7c456fafbfd0b9d716fba90261389fbe24932cbba50df2d,1.0,9fc96c2c616939b2,ok,594.4214989267334,True,True,cluster_00457,val,/home/dheirav/Code/Deepfake_Detection/deepfake-project/dataset_builder/val/ai_generated/dalle_topup_000034.jpg
data_sources/ai_generated/Midjourney_TopUp/dalle_topup_000038.jpg,data_sources/ai_generated/Midjourney_TopUp,ai_generated,1280,717,1.7852,JPEG,180199,5e075e95c4dbc4e9a6810eeb0e2d9e11,31197f56ba7634950af2cd2adf1070ab7781058e66d54966b854b5b847842455,1.0,e1c49e386dc7321b,ok,730.1042353030779,True,True,cluster_00848,val,/home/dheirav/Code/Deepfake_Detection/deepfake-project/dataset_builder/val/ai_generated/dalle_topup_000038.jpg
data_sources/ai_generated/Midjourney_TopUp/dalle_topup_000053.jpg,data_sources/ai_generated/Midjourney_TopUp,ai_generated,520,290,1.7931,JPEG,33723,9ad62c19e4606e261ace677a20e26576,8bd02e12694b2b7deb4571bd83e034f98bae95190da345aa2bdfd0b084ab7a53,1.0,fa8121fc0e9227dd,ok,155.11008777901588,True,True,cluster_01089,val,/home/dheirav/Code/Deepfake_Detection/deepfake-project/dataset_builder/val/ai_generated/dalle_topup_000053.jpg
data_sources/ai_generated/Midjourney_TopUp/dalle_topup_000060.jpg,data_sources/ai_generated/Midjourney_TopUp,ai_generated,1020,1018,1.002,JPEG,140100,ccd29efab8bddceebc51f4ebc770c619,b34d74d78e5a78114c4a69689982aa461adc5b6efcc05ef76d107a894ddffd00,1.0,c7b83b0f12c2743d,ok,138.38950745585535,True,True,cluster_00752,val,/home/dheirav/Code/Deepfake_Detection/deepfake-project/dataset_builder/val/ai_generated/dalle_topup_000060.jpg
data_sources/ai_generated/Midjourney_TopUp/dalle_topup_000064.jpg,data_sources/ai_generated/Midjourney_TopUp,ai_generated,1024,1024,1.0,JPEG,187030,cbb2744643184a110ca8c0f50a32ea16,65f406d0027c0a2e92d5b8b2a319305a823634a11b2f1067f6e137c55abdec3f,1.0,9669699664323bcd,ok,313.8764475557464,True,True,cluster_00682,val,/home/dheirav/Code/Deepfake_Detection/deepfake-project/dataset_builder/val/ai_generated/dalle_topup_000064.jpg
data_sources/ai_generated/Midjourney_TopUp/dalle_topup_000066.jpg,data_sources/ai_generated/Midjourney_TopUp,ai_generated,1024,1024,1.0,JPEG,237306,4d88ca5b9dbb060c9ab864a8b65436c3,2d057c09cfa53120da34b4bdf2aee0e2a8d2ef39e2b6a7fe91eb69abcc513abf,1.0,c8c0fbcac93223cf,ok,1042.1438310572412,True,True,cluster_00628,val,/home/dheirav/Code/Deepfake_Detection/deepfake-project/dataset_builder/val/ai_generated/dalle_topup_000066.jpg
data_sources/ai_generated/Midjourney_TopUp/dalle_topup_000072.jpg,data_sources/ai_generated/Midjourney_TopUp,ai_generated,1024,1024,1.0,JPEG,456692,1523dd3a939eff5d8060e629e8550644,3901a03f7165c8b64ef4b6cefd10b7fdd987de1280d5a9258c043045e161d3fa,1.0,861835c60de577d9,ok,2423.7714770234743,True,True,cluster_00478,val,/home/dheirav/Code/Deepfake_Detection/deepfake-project/dataset_builder/val/ai_generated/dalle_topup_000072.jpg
data_sources/ai_generated/Midjourney_TopUp/dalle_topup_000074.jpg,data_sources/ai_generated/Midjourney_TopUp,ai_generated,1020,1020,1.0,JPEG,402241,a0747496a426147db8ca9705ca9900ea,0ef627da16dd6fde5466afbe4c416573f074ea462793a9750523f07aed82e331,1.0,c8c72ff43619846e,ok,502.1552411342979,True,True,cluster_00735,val,/home/dheirav/Code/Deepfake_Detection/deepfake-project/dataset_builder/val/ai_generated/dalle_topup_000074.jpg
data_sources/ai_generated/Midjourney_TopUp/dalle_topup_000080.jpg,data_sources/ai_generated/Midjourney_TopUp,ai_generated,1023,1023,1.0,JPEG,405268,de27fdeea7af338fa532e415df9070c9,82dd891ce103f74e408f6f5a0c504dbf7d61eada4b956b6737d1646770bdaf9e,1.0,84a91fa2e8f330bd,ok,1009.4298549519319,True,True,cluster_00715,val,/home/dheirav/Code/Deepfake_Detection/deepfake-project/dataset_builder/val/ai_generated/dalle_topup_000080.jpg
data_sources/ai_generated/Midjourney_TopUp/dalle_topup_000082.jpg,data_sources/ai_generated/Midjourney_TopUp,ai_generated,1024,1024,1.0,JPEG,214207,a720d4e9b8005d4903687fac56adf113,fd9c29dab63453855b7ecfcc8a5fb232771fb72682558675bce58e7b1ff967fd,1.0,bd4fc0d69e099398,ok,540.7376384491427,True,True,cluster_00652,val,/home/dheirav/Code/Deepfake_Detection/deepfake-project/dataset_builder/val/ai_generated/dalle_topup_000082.jpg
data_sources/ai_generated/Midjourney_TopUp/dalle_topup_000090.jpg,data_sources/ai_generated/Midjourney_TopUp,ai_generated,1280,717,1.7852,JPEG,276328,9892f0854db0b401452bca805d2da503,a6edbe1ecca7ad1b06a731001f973e085837ac130851ae4c238b60e7e4c1b86e,1.0,cd7321c41e9b7a0e,ok,540.9202982452911,True,True,cluster_00829,val,/home/dheirav/Code/Deepfake_Detection/deepfake-project/dataset_builder/val/ai_generated/dalle_topup_000090.jpg
data_sources/ai_generated/Midjourney_TopUp/dalle_topup_000091.jpg,data_sources/ai_generated/Midjourney_TopUp,ai_generated,520,290,1.7931,JPEG,48903,2df3f7bb106cf50918890f0ca40e86b8,1f4872aa24157f50910fc88b2ddc2f1f234f1d62edf74dbf0511ce747a057164,1.0,cc7321c43e9b7a0e,ok,769.3737700275366,True,True,cluster_01086,val,/home/dheirav/Code/Deepfake_Detection/deepfake-project/dataset_builder/val/ai_generated/dalle_topup_000091.jpg
data_sources/ai_generated/Midjourney_TopUp/dalle_topup_000092.jpg,data_sources/ai_generated/Midjourney_TopUp,ai_generated,1280,717,1.7852,JPEG,252344,9b891f776030f7aeab88607cb73810ef,c1f2b52e17453cf98681ddee773fffa335273f7a2908afc8d15b7b2c5ecd843a,1.0,c7753cce7982460e,ok,630.6826188962821,True,True,cluster_00832,val,/home/dheirav/Code/Deepfake_Detection/deepfake-project/dataset_builder/val/ai_generated/dalle_topup_000092.jpg
data_sources/ai_generated/Midjourney_TopUp/dalle_topup_000094.jpg,data_sources/ai_generated/Midjourney_TopUp,ai_generated,1280,853,1.5006,JPEG,162968,996f5dfd2d2753210900cfa47eb1226d,26ccf13ba4d7f3f5bdd10d4aa55995ea5e4f6ed6b5a67859f7dab243b71ae874,1.0,d18dc01eec227773,ok,81.13458778801389,True,True,cluster_00445,val,/home/dheirav/Code/Deepfake_Detection/deepfake-project/dataset_builder/val/ai_generated/dalle_topup_000094.jpg
data_sources/ai_generated/Midjourney_TopUp/dalle_topup_000100.jpg,data_sources/ai_generated/Midjourney_TopUp,ai_generated,1280,853,1.5006,JPEG,400308,d8fb74893b6e3e483dee5e3ab9a3402e,2586e521594ba99bfcade1d41b4a5dc351fdd91fd5d07d73427058d912c002aa,1.0,c6e5c4a4dca7c6d0,ok,426.67341616966706,True,True,cluster_00419,val,/home/dheirav/Code/Deepfake_Detection/deepfake-project/dataset_builder/val/ai_generated/dalle_topup_000100.jpg
data_sources/ai_generated/Midjourney_TopUp/dalle_topup_000102.jpg,data_sources/ai_generated/Midjourney_TopUp,ai_generated,1280,717,1.7852,JPEG,290666,69160f260dd0363ef7c984612f8bcc6f,54e0c6dc43a2d0aaddfe179521572c9e2fe7def39336f3a1fc9ea2fb4e34f491,1.0,94931f4be0f54719,ok,746.7493915473993,True,True,cluster_00824,val,/home/dheirav/Code/Deepfake_Detection/deepfake-project/dataset_builder/val/ai_generated/dalle_topup_000102.jpg
data_sources/ai_generated/Midjourney_TopUp/dalle_topup_000103.jpg,data_sources/ai_generated/Midjourney_TopUp,ai_generated,520,290,1.7931,JPEG,47410,9b4770c09d42d4a514dfeb1777b1a332,ca8c86811e554b1e2c5aafd985619f7d7153a7a6c12a088714ccb9c2ec30a959,1.0,94931d4be0f54f19,ok,804.8654810150902,True,True,cluster_01087,val,/home/dheirav/Code/Deepfake_Detection/deepfake-project/dataset_builder/val/ai_generated/dalle_topup_000103.jpg
data_sources/ai_generated/Midjourney_TopUp/dalle_topup_000106.jpg,data_sources/ai_generated/Midjourney_TopUp,ai_generated,1024,1024,1.0,JPEG,260580,0d035c19e5eedfa2732eefbc764795f5,017b622c017e62021b1dbc34782bc11949414a09276851337741a294c7ba1f33,1.0,c43a0e9ce1bf31c6,ok,166.74420961365104,True,True,cluster_00589,val,/home/dheirav/Code/Deepfake_Detection/deepfake-project/dataset_builder/val/ai_generated/dalle_topup_000106.jpg
data_sources/ai_generated/Midjourney_TopUp/dalle_topup_000110.jpg,data_sources/ai_generated/Midjourney_TopUp,ai_generated,1024,1024,1.0,JPEG,282177,1ccd269dced84742afc4ec339b20830c,f5576aa284fc026582bd7f4c8a429ccadc1d991cfc0dc7690a0a47a4da00877a,1.0,81ac6e7a79c7d01c,ok,992.73497515151,True,True,cluster_00555,val,/home/dheirav/Code/Deepfake_Detection/deepfake-project/dataset_builder/val/ai_generated/dalle_topup_000110.jpg
data_sources/ai_generated/Midjourney_TopUp/dalle_topup_000114.jpg,data_sources/ai_generated/Midjourney_TopUp,ai_generated,1280,717,1.7852,JPEG,230103,5b5a4942177fa6d24c3327ef88d1cb02,d5199d95cb3887836c2e1b394dc9c53e29e65fcb4eea1d2e9a1a5f1cd6df88ed,1.0,c43923c61b873cdb,ok,291.4744638684799,True,True,cluster_00837,val,/home/dheirav/Code/Deepfake_Detection/deepfake-project/dataset_builder/val/ai_generated/dalle_topup_000114.jpg
data_sources/ai_generated/Midjourney_TopUp/dalle_topup_000120.jpg,data_sources/ai_generated/Midjourney_TopUp,ai_generated,1280,717,1.7852,JPEG,225153,bfc9ac29eb9574fefba978065b3d1094,578894b5da661be10f91bdae0ae4b0d20f57d53b7d6c225ffee65e5318bf9216,1.0,a7be4e39c30b065a,ok,308.9202852412122,True,True,cluster_00838,val,/home/dheirav/Code/Deepfake_Detection/deepfake-project/dataset_builder/val/ai_generated/dalle_topup_000120.jpg
data_sources/ai_generated/Midjourney_TopUp/dalle_topup_000127.jpg,data_sources/ai_generated/Midjourney_TopUp,ai_generated,1080,1080,1.0,JPEG,136432,c5b42f18363d5cc7c61c2b12d32cbac0,e8e24dfb37a5d49fec5a892eddeebbe695035b2d0f653e7ec74cd50ff9ddf5af,1.0,9696b1314cb67399,ok,134.1873218292569,True,True,cluster_00386,val,/home/dheirav/Code/Deepfake_Detection/deepfake-project/dataset_builder/val/ai_generated/dalle_topup_000127.jpg
data_sources/ai_generated/Midjourney_TopUp/dalle_topup_000131.jpg,data_sources/ai_generated/Midjourney_TopUp,ai_generated,1017,1025,0.9922,JPEG,136760,9e4df2095df356820bd2882566b6ebae,7bf98b1e057dcc0141b6979a7124439cfeedd321c71dd0e7d82d5319ca27d7a9,1.0,e98d7622d3c01ef8,ok,97.84747225814016,True,True,cluster_00732,val,/home/dheirav/Code/Deepfake_Detection/deepfake-project/dataset_builder/val/ai_generated/dalle_topup_000131.jpg
data_sources/ai_generated/Midjourney_TopUp/dalle_topup_000136.jpg,data_sources/ai_generated/Midjourney_TopUp,ai_generated,520,260,2.0,JPEG,33730,a0822a23bbcc4c3c1c3e0d78cdecb093,8a4bc30d665afaaa8ca4ea47429bea0f18640cd4e9533fdcb2035d53a7785dc1,1.0,94720f8d49a77ab2,ok,85.3929363506508,True,True,cluster_01112,val,/home/dheirav/Code/Deepfake_Detection/deepfake-project/dataset_builder/val/ai_generated/dalle_topup_000136.jpg
data_sources/ai_generated/Midjourney_TopUp/dalle_topup_000143.jpg,data_sources/ai_generated/Midjourney_TopUp,ai_generated,1024,1024,1.0,JPEG,458252,4a59d1039d089e6f63a0c715bd959096,3b46d55f073db3fb3f57a1a1757dd0b1ba743abe278fc41f446b9c18d90312fe,1.0,88f2607bd2c73927,ok,1565.331878618279,True,True,cluster_00476,val,/home/dheirav/Code/Deepfake_Detection/deepfake-project/dataset_builder/val/ai_generated/dalle_topup_000143.jpg
data_sources/ai_generated/Midjourney_TopUp/dalle_topup_000149.jpg,data_sources/ai_generated/Midjourney_TopUp,ai_generated,1080,1080,1.0,JPEG,186104,5c7b74c2c7e1e1a23141c1fe33389b8c,e79f34184929d95d98fffae50c86c1382b014363d70c7d06b2b71fe0314d1a8b,1.0,91926e6d4b6361b5,ok,169.23781545239444,True,True,cluster_00384,val,/home/dheirav/Code/Deepfake_Detection/deepfake-project/dataset_builder/val/ai_generated/dalle_topup_000149.jpg
data_sources/ai_generated/Midjourney_TopUp/dalle_topup_000157.jpg,data_sources/ai_generated/Midjourney_TopUp,ai_generated,1280,1269,1.0087,JPEG,342396,c3e5315db9494d41eafecd97f68c70ce,4408bd46262e8b0329b7a73a3bd4e6960a7bc884bebd7697968de8418acb6e48,1.0,8f8f2ae664b8f842,ok,1491.7578793783218,True,True,cluster_00036,val,/home/dheirav/Code/Deepfake_Detection/deepfake-project/dataset_builder/val/ai_generated/dalle_topup_000157.jpg
data_sources/ai_generated/Midjourney_TopUp/dalle_topup_000176.jpg,data_sources/ai_generated/Midjourney_TopUp,ai_generated,520,346,1.5029,JPEG,42743,b6c861d969d1328a073e2ad9f74caea8,544d8e57946ab21a51e3c4f4ef87279e492562dced2c67821877617cd4fb901d,1.0,9be04e9eb54893b4,ok,147.73664171267959,True,True,cluster_01009,val,/home/dheirav/Code/Deepfake_Detection/deepfake-project/dataset_builder/val/ai_generated/dalle_topup_000176.jpg
data_sources/ai_generated/Midjourney_TopUp/dalle_topup_000179.jpg,data_sources/ai_generated/Midjourney_TopUp,ai_generated,449,449,1.0,JPEG,61861,50a308052a0ba64d727ef56d25b93016,694d46cfe57588bd487f950c9cf3cd47878cd242a3978ed9e37d001353ec5d0c,1.0,c0d0d6f2f9351e19,ok,413.9742068883409,True,True,cluster_00975,val,/home/dheirav/Code/Deepfake_Detection/deepfake-project/dataset_builder/val/ai_generated/dalle_topup_000179.jpg
data_sources/ai_generated/Midjourney_TopUp/dalle_topup_000189.jpg,data_sources/ai_generated/Midjourney_TopUp,ai_generated,1024,1024,1.0,JPEG,256709,cc2150fedd3ff3110286d0ed86a4d7c5,9109cad7d184ddad043b5d8c25de19d75773043411a8196b506d20a755f02a73,1.0,d7974e6d688c2685,ok,107.56268662467119,True,True,cluster_00595,val,/home/dheirav/Code/Deepfake_Detection/deepfake-project/dataset_builder/val/ai_generated/dalle_topup_000189.jpg
data_sources/ai_generated/Midjourney_TopUp/dalle_topup_000191.jpg,data_sources/ai_generated/Midjourney_TopUp,ai_generated,1280,853,1.5006,JPEG,342937,eea54642aa4cb3443b4ad8c2056fb085,3f8035fc97191d23ba2bfa6cbf4a38ecfd0a561f7c25d87e0b126f0e1b73d325,1.0,c3d28da5e896e499,ok,157.9674409828469,True,True,cluster_00427,val,/home/dheirav/Code/Deepfake_Detection/deepfake-project/dataset_builder/val/ai_generated/dalle_topup_000191.jpg
data_sources/ai_generated/Midjourney_TopUp/dalle_topup_000199.jpg,data_sources/ai_generated/Midjourney_TopUp,ai_generated,1280,717,1.7852,JPEG,289626,10e2511a48b55ddf124356feb9e434f1,b13c857dae14a2e3f1a8b97734de56c5397c65aad4fc8a80ce5011c895ee2293,1.0,ccce33693991c732,ok,988.1352396912722,True,True,cluster_00825,val,/home/dheirav/Code/Deepfake_Detection/deepfake-project/dataset_builder/val/ai_generated/dalle_topup_000199.jpg
data_sources/ai_generated/Midjourney_TopUp/dalle_topup_000202.jpg,data_sources/ai_generated/Midjourney_TopUp,ai_generated,388,520,0.7462,JPEG,70709,1573797f34ce0e99126e1116995ef953,b35fe7b09fe79cfc794bb74197729caf7aacebeae5c9c75eb61556eba6488223,1.0,c3c97c631a491f2d,ok,163.777581753581,True,True,cluster_00971,val,/home/dheirav/Code/Deepfake_Detection/deepfake-project/dataset_builder/val/ai_generated/dalle_topup_000202.jpg
data_sources/ai_generated/Midjourney_TopUp/dalle_topup_000205.jpg,data_sources/ai_generated/Midjourney_TopUp,ai_generated,720,960,0.75,JPEG,131078,0523bf183235ae230998157a42b8c249,1800141ee306d8b3b4541b0873fd2a59230451660134efb929d53375991cf729,1.0,ea1e97e2d019c9cc,ok,232.1351228232971,True,True,cluster_00887,val,/home/dheirav/Code/Deepfake_Detection/deepfake-project/dataset_builder/val/ai_generated/dalle_topup_000205.jpg
data_sources/ai_generated/Midjourney_TopUp/dalle_topup_000207.jpg,data_sources/ai_generated/Midjourney_TopUp,ai_generated,828,464,1.7845,JPEG,77279,744c6b50e0637afe8e66d6457824c5d7,8e83b0b96a8817dd9f6189e17b5996270bb14847d8fd6e133632ab8b4aa2677f,1.0,b1ad6e4bb22a6a52,ok,216.74045991729818,True,True,cluster_00898,val,/home/dheirav/Code/Deepfake_Detection/deepfake-project/dataset_builder/val/ai_generated/dalle_topup_000207.jpg
data_sources/ai_generated/Midjourney_TopUp/dalle_topup_000211.jpg,data_sources/ai_generated/Midjourney_TopUp,ai_generated,828,464,1.7845,JPEG,65742,2d532b318c6a34f29fee96bbe6564890,6af23af429c4033a25096d49adb3b20ae26ce91538375df28df85f0366d900e6,1.0,94b46766634b8d99,ok,174.83928848856002,True,True,cluster_00899,val,/home/dheirav/Code/Deepfake_Detection/deepfake-project/dataset_builder/val/ai_generated/dalle_topup_000211.jpg
data_sources/ai_generated/Midjourney_TopUp/dalle_topup_000212.jpg,data_sources/ai_generated/Midjourney_TopUp,ai_generated,520,290,1.7931,JPEG,25488,422f418a5436abbebf2f7aa8397a61b3,9b8d6b1b00983a7b4baafa43dbac5c39583fd6b212dd9ad13c9be225513f74fa,1.0,94b46767634b8c99,ok,105.12378641828023,True,True,cluster_01092,val,/home/dheirav/Code/Deepfake_Detection/deepfake-project/dataset_builder/val/ai_generated/dalle_topup_000212.jpg
data_sources/ai_generated/Midjourney_TopUp/dalle_topup_000213.jpg,data_sources/ai_generated/Midjourney_TopUp,ai_generated,717,1280,0.5602,JPEG,176588,213d25e3e8c8a68646dd6af39aaa1262,552ba136bb2e2da26896b790e2e97864c02301961e9172b4dab0cf9b12d30384,1.0,929595b69692daca,ok,686.6542005895191,True,True,cluster_00854,val,/home/dheirav/Code/Deepfake_Detection/deepfake-project/dataset_builder/val/ai_generated/dalle_topup_000213.jpg
data_sources/ai_generated/Midjourney_TopUp/dalle_topup_000215.jpg,data_sources/ai_generated/Midjourney_TopUp,ai_generated,853,1280,0.6664,JPEG,233424,6c1b2c926a35f9ec325ff45548a154d5,52b95e4a2af9ba8a0e25bf7a9064621b0bf05ec741cd9ca50f469df7d3b32130,1.0,cf4433b34c9cd30d,ok,748.2380188087013,True,True,cluster_00439,val,/home/dheirav/Code/Deepfake_Detection/deepfake-project/dataset_builder/val/ai_generated/dalle_topup_000215.jpg
data_sources/ai_generated/Midjourney_TopUp/dalle_topup_000223.jpg,data_sources/ai_generated/Midjourney_TopUp,ai_generated,1024,1024,1.0,JPEG,169147,fdb5940e16f8fbcdd3574498779c4949,5e478f73f25da5e69f72b15f0945adcc40ff3601f6e2ab350e09319d60c13082,1.0,d82d6ce2333d4fc0,ok,353.57552513974576,True,True,cluster_00695,val,/home/dheirav/Code/Deepfake_Detection/deepfake-project/dataset_builder/val/ai_generated/dalle_topup_000223.jpg
data_sources/ai_generated/Midjourney_TopUp/dalle_topup_000236.jpg,data_sources/ai_generated/Midjourney_TopUp,ai_generated,1033,1280,0.807,JPEG,464096,991ff83e8fb17d8879a64edbabb27cd1,a9edcf49d4da5eaa1843328ebaf673ca0c17bf9cb107d454c3f6cf7eee8600cf,1.0,e1bd1d48e1567435,ok,915.4913267618434,True,True,cluster_00359,val,/home/dheirav/Code/Deepfake_Detection/deepfake-project/dataset_builder/val/ai_generated/dalle_topup_000236.jpg
data_sources/ai_generated/Midjourney_TopUp/dalle_topup_000244.jpg,data_sources/ai_generated/Midjourney_TopUp,ai_generated,640,640,1.0,JPEG,117089,1818c08aa244bcaf7166be30a1a74d74,7ce146d8261f187c002e8bb043616f167a0679d6b5c6eb0b16acd5a430fe0a97,1.0,934a99cd6d5c6d24,ok,2558.0345702266695,True,True,cluster_00893,val,/home/dheirav/Code/Deepfake_Detection/deepfake-project/dataset_builder/val/ai_generated/dalle_topup_000244.jpg
data_sources/ai_generated/Midjourney_TopUp/dalle_topup_000250.jpg,data_sources/ai_generated/Midjourney_TopUp,ai_generated,1024,1024,1.0,JPEG,420775,ead23b7521b60a5c1f4a860ca8a9dcad,d8dbc5d4ca39fc25914d3e5054c5d81bc9f00068392aa61214f89dd274433045,1.0,99d3c6864b99b46c,ok,2315.8692217452253,True,True,cluster_00486,val,/home/dheirav/Code/Deepfake_Detection/deepfake-project/dataset_builder/val/ai_generated/dalle_topup_000250.jpg
data_sources/ai_generated/Midjourney_TopUp/dalle_topup_000259.jpg,data_sources/ai_generated/Midjourney_TopUp,ai_generated,346,520,0.6654,JPEG,44679,63dda0ed2ddbd34a4e376f9772a7284c,dee34b9faabea511646341a3caa283883d20989239d39e9201f9822ddeea2a28,1.0,fc8e03f3329809f6,ok,188.27481555061846,True,True,cluster_01004,val,/home/dheirav/Code/Deepfake_Detection/deepfake-project/dataset_builder/val/ai_generated/dalle_topup_000259.jpg
data_sources/ai_generated/Midjourney_TopUp/dalle_topup_000265.jpg,data_sources/ai_generated/Midjourney_TopUp,ai_generated,400,520,0.7692,JPEG,39326,951af8a0aa743b262c570f5bc7b887a4,4a4c6737be0a731365f5cf3ce8495b8bdd7b9bd238a09203d15d0d96c5985269,1.0,c595d6e36b4209cb,ok,92.82759999075442,True,True,cluster_00963,val,/home/dheirav/Code/Deepfake_Detection/deepfake-project/dataset_builder/val/ai_generated/dalle_topup_000265.jpg
data_sources/ai_generated/Midjourney_TopUp/dalle_topup_000274.jpg,data_sources/ai_generated/Midjourney_TopUp,ai_generated,1024,1024,1.0,JPEG,154095,1d7ef53ef6e3a94f803afec455dfd8d5,fc6b5b0be96f83c02b67d561afef7ab2bac6dd357d398130c16d8c96933388b3,1.0,93596c869179c766,ok,487.0175695418211,True,True,cluster_00702,val,/home/dheirav/Code/Deepfake_Detection/deepfake-project/dataset_builder/val/ai_generated/dalle_topup_000274.jpg
data_sources/ai_generated/Midjourney_TopUp/dalle_topup_000275.jpg,data_sources/ai_generated/Midjourney_TopUp,ai_generated,520,520,1.0,JPEG,44111,50fce5d60abf563828fb469afc958e2f,fb2b015797b43ffdd68ec8488496dce73bb50f0a2b39e0bcbdb0bbd1a35c4423,1.0,93d96c869139c766,ok,244.2858801775148,True,True,cluster_00939,val,/home/dheirav/Code/Deepfake_Detection/deepfake-project/dataset_builder/val/ai_generated/dalle_topup_000275.jpg
data_sources/ai_generated/Midjourney_TopUp/dalle_topup_000281.jpg,data_sources/ai_generated/Midjourney_TopUp,ai_generated,520,518,1.0039,JPEG,44645,570f73a20ad83c4f4cf6c9767be7e8d8,223ac00ecd9bc223e0cc3d1979286ba390ec5a4bcfb5fead91242bd6c525f2c2,1.0,bf60c1ccd1ce9287,ok,133.29677732796367,True,True,cluster_00949,val,/home/dheirav/Code/Deepfake_Detection/deepfake-project/dataset_builder/val/ai_generated/dalle_topup_000281.jpg
data_sources/ai_generated/Midjourney_TopUp/dalle_topup_000282.jpg,data_sources/ai_generated/Midjourney_TopUp,ai_generated,1280,1280,1.0,JPEG,302347,6aa2e01efb4e5f52dc94000abd0cba62,e91ae067899b5e56f3676f6a01363bf742da1e6db026c31a937c75f410bff34b,1.0,c23c3cc372ce39c9,ok,840.9730596900579,True,True,cluster_00032,val,/home/dheirav/Code/Deepfake_Detection/deepfake-project/dataset_builder/val/ai_generated/dalle_topup_000282.jpg
data_sources/ai_generated/Midjourney_TopUp/dalle_topup_000295.jpg,data_sources/ai_generated/Midjourney_TopUp,ai_generated,1280,717,1.7852,JPEG,218778,95b5c826d4a7091af01936de01fb530f,d7ffe843c66c2fdbcd33b9e8e6d81ec3abb8ad6935b47cd0402b0532852b3785,1.0,83ea9e78907dd12a,ok,170.03032601111488,True,True,cluster_00841,val,/home/dheirav/Code/Deepfake_Detection/deepfake-project/dataset_builder/val/ai_generated/dalle_topup_000295.jpg
data_sources/ai_generated/Midjourney_TopUp/dalle_topup_000307.jpg,data_sources/ai_generated/Midjourney_TopUp,ai_generated,960,1200,0.8,JPEG,282675,65a8362d9a3ea542160f90c86531b48d,a87eb611d8812b2a82acaad6580f13e4fef7e07e6823ce3d6efff74dbe9edf4f,1.0,8789697199df066a,ok,158.97030346069334,True,True,cluster_00395,val,/home/dheirav/Code/Deepfake_Detection/deepfake-project/dataset_builder/val/ai_generated/dalle_topup_000307.jpg
data_sources/ai_generated/Midjourney_TopUp/dalle_topup_000309.jpg,data_sources/ai_generated/Midjourney_TopUp,ai_generated,960,1200,0.8,JPEG,415327,a4e15e6072f7fa8681d6ea01e1d1fb47,555bd08b6a67792e340aa69cddf523bc6fef61eb484a21b204a6f01eab348b9d,1.0,d3901c247eb5874f,ok,2013.804039751518,True,True,cluster_00392,val,/home/dheirav/Code/Deepfake_Detection/deepfake-project/dataset_builder/val/ai_generated/dalle_topup_000309.jpg
data_sources/ai_generated/Midjourney_TopUp/dalle_topup_000313.jpg,data_sources/ai_generated/Midjourney_TopUp,ai_generated,1023,1018,1.0049,JPEG,255301,65b0dc38c906011bd9d5cffe181bc8de,74b88c3febe7d7d468db58bc651726bd019cc06172188f066bdf61eb0e6b0187,1.0,e45a19792cc54ef8,ok,305.2367281031546,True,True,cluster_00733,val,/home/dheirav/Code/Deepfake_Detection/deepfake-project/dataset_builder/val/ai_generated/dalle_topup_000313.jpg
data_sources/ai_generated/Midjourney_TopUp/dalle_topup_000321.jpg,data_sources/ai_generated/Midjourney_TopUp,ai_generated,644,1280,0.5031,JPEG,271903,9a6e74e1ce3727a5ed6c647d9d684ab2,a3561e01c5ff1b006f9bf2523881bad6f8d2c5bcca1895c7d53ddc9cc5ccb042,1.0,92886f3d939f4692,ok,925.6909892963615,True,True,cluster_00875,val,/home/dheirav/Code/Deepfake_Detection/deepfake-project/dataset_builder/val/ai_generated/dalle_topup_000321.jpg
data_sources/ai_generated/Midjourney_TopUp/dalle_topup_000325.jpg,data_sources/ai_generated/Midjourney_TopUp,ai_generated,1024,1024,1.0,JPEG,469700,db985c073e0cbb93d1b1413ff2b71b75,ce40be5da791a22d423bbc846eba19567a62acf220862377bc03b176df52b551,1.0,b59146c6b964675a,ok,1974.7573624446004,True,True,cluster_00472,val,/home/dheirav/Code/Deepfake_Detection/deepfake-project/dataset_builder/val/ai_generated/dalle_topup_000325.jpg
data_sources/ai_generated/Midjourney_TopUp/dalle_topup_000331.jpg,data_sources/ai_generated/Midjourney_TopUp,ai_generated,1024,1024,1.0,JPEG,245565,edc775d1f3e35da56677949117d0474a,4b258f3d421ad811a20f41e48ea956d45483a6684fe5d854962a12fd39708f98,1.0,9394e624cada0ef3,ok,352.4859198737795,True,True,cluster_00615,val,/home/dheirav/Code/Deepfake_Detection/deepfake-project/dataset_builder/val/ai_generated/dalle_topup_000331.jpg
data_sources/ai_generated/Midjourney_TopUp/dalle_topup_000335.jpg,data_sources/ai_generated/Midjourney_TopUp,ai_generated,1280,717,1.7852,JPEG,288836,07f4ea78dd810fe70aba1678b060d51c,56220928973e4154a5134c165e07414562f4fbae34ebfae4fdd0e718c1228b47,1.0,915b1bb7e04a25d6,ok,324.92868568682485,True,True,cluster_00826,val,/home/dheirav/Code/Deepfake_Detection/deepfake-project/dataset_builder/val/ai_generated/dalle_topup_000335.jpg
data_sources/ai_generated/Midjourney_TopUp/dalle_topup_000337.jpg,data_sources/ai_generated/Midjourney_TopUp,ai_generated,1280,717,1.7852,JPEG,261173,ad194eb24159da58d00f0f1b7f1bb530,b954966cb33b4b274a582bf95a882c6e345120cd3cb98dc0fcbfcaa70396c892,1.0,c6661bc7c15a0ef1,ok,268.0359133463902,True,True,cluster_00831,val,/home/dheirav/Code/Deepfake_Detection/deepfake-project/dataset_builder/val/ai_generated/dalle_topup_000337.jpg
data_sources/ai_generated/Midjourney_TopUp/dalle_topup_000341.jpg,data_sources/ai_generated/Midjourney_TopUp,ai_generated,1024,1024,1.0,JPEG,350047,b10c17ed6d1b6b0fc308a87747019d05,8620aaef19356c27fed0034b025133e21089d6eb15db16e712173f40c4122abd,1.0,cccd173a78247275,ok,1505.4794301247957,True,True,cluster_00507,val,/home/dheirav/Code/Deepfake_Detection/deepfake-project/dataset_builder/val/ai_generated/dalle_topup_000341.jpg
data_sources/ai_generated/Midjourney_TopUp/dalle_topup_000348.jpg,data_sources/ai_generated/Midjourney_TopUp,ai_generated,1024,1024,1.0,JPEG,171316,b6609559804f5c9cddb996d68f2af920,f1d61ca3cd3dfd2604254041bf0a3e5ca46828cb80dd5ec3a20a383a516989ac,1.0,b8d3c76ace2cd130,ok,137.89802929386497,True,True,cluster_00693,val,/home/dheirav/Code/Deepfake_Detection/deepfake-project/dataset_builder/val/ai_generated/dalle_topup_000348.jpg
data_sources/ai_generated/Midjourney_TopUp/dalle_topup_000358.jpg,data_sources/ai_generated/Midjourney_TopUp,ai_generated,1280,720,1.7778,JPEG,195114,7ad4ce2b41912c344d7c584342c50958,8a70272f099ec4c59ed1122e2f8a169c522bce417d5158908b6b45dc14bd8b46,1.0,c0cc9bb27306f999,ok,114.43554654337566,True,True,cluster_00809,val,/home/dheirav/Code/Deepfake_Detection/deepfake-project/dataset_builder/val/ai_generated/dalle_topup_000358.jpg
data_sources/ai_generated/Midjourney_TopUp/dalle_topup_000362.jpg,data_sources/ai_generated/Midjourney_TopUp,ai_generated,942,1186,0.7943,JPEG,204064,f7d9b039694d625b61a35f05ff1c3287,ae3a56cc3813ab78f29677cac4b79e746cfdb65385c7a904c99a248cbecdb0bb,1.0,9a969692b6923e69,ok,254.35275127775816,True,True,cluster_00410,val,/home/dheirav/Code/Deepfake_Detection/deepfake-project/dataset_builder/val/ai_generated/dalle_topup_000362.jpg
data_sources/ai_generated/Midjourney_TopUp/dalle_topup_000374.jpg,data_sources/ai_generated/Midjourney_TopUp,ai_generated,1280,717,1.7852,JPEG,212922,b7b7c49bbdd17bf081563d80f4084e02,59a4407baba5c54589adf5ba401e04ca1f9b50e66c4f84e2ed3b15ae1ad7e859,1.0,96346b9331cdb2cc,ok,808.5503673952884,True,True,cluster_00843,val,/home/dheirav/Code/Deepfake_Detection/deepfake-project/dataset_builder/val/ai_generated/dalle_topup_000374.jpg
data_sources/ai_generated/Midjourney_TopUp/dalle_topup_000388.jpg,data_sources/ai_generated/Midjourney_TopUp,ai_generated,853,1280,0.6664,JPEG,310028,2d55bcd94d532642970be99af7d5d8fa,682b9f8b0289cb7c4774abaefeaabfeb7d0680ac6a64e04f9350eaf49bdc200b,1.0,c587374b5a1e521e,ok,804.0581000878948,True,True,cluster_00431,val,/home/dheirav/Code/Deepfake_Detection/deepfake-project/dataset_builder/val/ai_generated/dalle_topup_000388.jpg
data_sources/ai_generated/Midjourney_TopUp/dalle_topup_000390.jpg,data_sources/ai_generated/Midjourney_TopUp,ai_generated,640,1280,0.5,JPEG,274338,2528ff9a2f232679335b809967ed50d2,a55363dab0dcddf221e5fdfe0cff0f068d24d7ec2291160fa149a02346243ca9,1.0,c599c8c2cdc93ca7,ok,1121.414916163868,True,True,cluster_00877,val,/home/dheirav/Code/Deepfake_Detection/deepfake-project/dataset_builder/val/ai_generated/dalle_topup_000390.jpg
data_sources/ai_generated/Midjourney_TopUp/dalle_topup_000424.jpg,data_sources/ai_generated/Midjourney_TopUp,ai_generated,1024,1024,1.0,JPEG,301198,3b7e58671bcb76a10fed147f098a777f,fb41d0018d04d03fc7dc6584bbfefa444729eda74dbf339e2b76a74d76656060,1.0,e6fc487063eb8983,ok,497.3220376965754,True,True,cluster_00535,val,/home/dheirav/Code/Deepfake_Detection/deepfake-project/dataset_builder/val/ai_generated/dalle_topup_000424.jpg
data_sources/ai_generated/Midjourney_TopUp/dalle_topup_000440.jpg,data_sources/ai_generated/Midjourney_TopUp,ai_generated,1018,1004,1.0139,JPEG,384982,1c71eac2ea343cf0b62c07aac2c43481,ef05b2dcee62b6fb4358d89e38c78af611573d9274f6e41e58fbabfc568bddf5,1.0,9c9b33f3322c668c,ok,1072.8004082335121,True,True,cluster_00792,val,/home/dheirav/Code/Deepfake_Detection/deepfake-project/dataset_builder/val/ai_generated/dalle_topup_000440.jpg
data_sources/ai_generated/Midjourney_TopUp/dalle_topup_000442.jpg,data_sources/ai_generated/Midjourney_TopUp,ai_generated,1017,1017,1.0,JPEG,275288,b163b8ad25a1829545fb9dc0999d6133,25766e06ef68cb30441edaf5f7bea8062e6f9a72177fe1e1c78452fe0859f571,1.0,dedb010439cf5e26,ok,558.9373837640713,True,True,cluster_00773,val,/home/dheirav/Code/Deepfake_Detection/deepfake-project/dataset_builder/val/ai_generated/dalle_topup_000442.jpg
data_sources/ai_generated/Midjourney_TopUp/dalle_topup_000448.jpg,data_sources/ai_generated/Midjourney_TopUp,ai_generated,991,1214,0.8163,JPEG,289878,e9da35531591550bd59e5a9499414166,fe7f798c7588800b9260df2d2bfcf78a906f82b688be0495ba4950a18043d989,1.0,e9869659a475916e,ok,923.3394293499468,True,True,cluster_00377,val,/home/dheirav/Code/Deepfake_Detection/deepfake-project/dataset_builder/val/ai_generated/dalle_topup_000448.jpg
data_sources/ai_generated/Midjourney_TopUp/dalle_topup_000450.jpg,data_sources/ai_generated/Midjourney_TopUp,ai_generated,1026,1021,1.0049,JPEG,345030,ff2b7847eaf4efd27c747a12b5be0f7c,ba4e72ef8a7267a88981e4d3e1f96e4dc07608bc387b7e482019c1c6f5208fbe,1.0,c4ccc1d90ec83fb5,ok,1007.270791528878,True,True,cluster_00713,val,/home/dheirav/Code/Deepfake_Detection/deepfake-project/dataset_builder/val/ai_generated/dalle_topup_000450.jpg
data_sources/ai_generated/Midjourney_TopUp/dalle_topup_000455.jpg,data_sources/ai_generated/Midjourney_TopUp,ai_generated,1023,1023,1.0,JPEG,326434,a0729715b0af089285cc418b7ddc15e9,6a58984e9fa787315fd64e9ad78a8ca7dd771ef2a3803802e1ac63bf190828b2,1.0,f3c76ebd5e448018,ok,1385.6999564478047,True,True,cluster_00716,val,/home/dheirav/Code/Deepfake_Detection/deepfake-project/dataset_builder/val/ai_generated/dalle_topup_000455.jpg
data_sources/ai_generated/Midjourney_TopUp/dalle_topup_000467.jpg,data_sources/ai_generated/Midjourney_TopUp,ai_generated,1018,1018,1.0,JPEG,392000,11efa3e1302bc902993f24b906f209f9,b6e504c18c1486630d1365f07d66797340266a1af9d9c765069c1a58ddcca47d,1.0,836e75833e1d68f0,ok,981.8495017026158,True,True,cluster_00760,val,/home/dheirav/Code/Deepfake_Detection/deepfake-project/dataset_builder/val/ai_generated/dalle_topup_000467.jpg
data_sources/ai_generated/Midjourney_TopUp/dalle_topup_000469.jpg,data_sources/ai_generated/Midjourney_TopUp,ai_generated,1023,984,1.0396,JPEG,278985,d5d020f800845100bcc3db7daf768d7d,f9e6cc152267dbedee6eae9f8f069373c795e26a106d9ff47be1b79521eacd09,1.0,c9c6269971269af6,ok,616.9727800578825,True,True,cluster_00799,val,/home/dheirav/Code/Deepfake_Detection/deepfake-project/dataset_builder/val/ai_generated/dalle_topup_000469.jpg
data_sources/ai_generated/Midjourney_TopUp/dalle_topup_000472.jpg,data_sources/ai_generated/Midjourney_TopUp,ai_generated,520,520,1.0,JPEG,32231,254bdd009c5a3d98136717fade02fd41,991bc7226a92cff84fd139dfc79f994c3deda18396a042d5e74350bfc23ff87c,1.0,9e493266ccced998,ok,132.62021985569262,True,True,cluster_00944,val,/home/dheirav/Code/Deepfake_Detection/deepfake-project/dataset_builder/val/ai_generated/dalle_topup_000472.jpg
data_sources/ai_generated/Midjourney_TopUp/dalle_topup_000477.jpg,data_sources/ai_generated/Midjourney_TopUp,ai_generated,819,1280,0.6398,JPEG,191174,fc900529f707aaeb4462df8b10278450,36cebeac90c049619c72179343451ff3e7bb0ce33599492d50eecb8ec643cd83,1.0,c5121ee7a3194de3,ok,110.34424047915296,True,True,cluster_00712,val,/home/dheirav/Code/Deepfake_Detection/deepfake-project/dataset_builder/val/ai_generated/dalle_topup_000477.jpg
data_sources/ai_generated/Midjourney_TopUp/dalle_topup_000481.jpg,data_sources/ai_generated/Midjourney_TopUp,ai_generated,1026,1280,0.8016,JPEG,368516,eff9c8ba6e0082e9f3f780ee68a0afc4,a16bfebf870b9202c584ea040193f2cfe5862cc1eb2344e4c0fb437ab6fa49a0,1.0,83693db13a96616b,ok,1397.117511115922,True,True,cluster_00360,val,/home/dheirav/Code/Deepfake_Detection/deepfake-project/dataset_builder/val/ai_generated/dalle_topup_000481.jpg
data_sources/ai_generated/Midjourney_TopUp/dalle_topup_000485.jpg,data_sources/ai_generated/Midjourney_TopUp,ai_generated,1024,1024,1.0,JPEG,113741,3b499cdfc108f943659e414842d869f7,072fc92dcfa3cf5044cc0308c75e24f055700ac4c182749808767120b19f1563,1.0,8d2c667399cc6633,ok,115.07379720913013,True,True,cluster_00709,val,/home/dheirav/Code/Deepfake_Detection/deepfake-project/dataset_builder/val/ai_generated/dalle_topup_000485.jpg
data_sources/ai_generated/Midjourney_TopUp/dalle_topup_000491.jpg,data_sources/ai_generated/Midjourney_TopUp,ai_generated,1025,995,1.0302,JPEG,160322,131b40e8d1fc95bca9bf7b88c73843b3,5c6b4b6464154f499492cfd9f3729a0d29aaecc4ff6e9c932234f943bdaebf5c,1.0,d3cc6a672c913c72,ok,344.59346482041167,True,True,cluster_00796,val,/home/dheirav/Code/Deepfake_Detection/deepfake-project/dataset_builder/val/ai_generated/dalle_topup_000491.jpg
data_sources/ai_generated/Midjourney_TopUp/dalle_topup_000499.jpg,data_sources/ai_generated/Midjourney_TopUp,ai_generated,520,332,1.5663,JPEG,30542,8c0225360de039ee012368a7804f77f5,52c07fbcf0f9d7db4d235f60f2e0a8fadd895d554a4794606d3aefe434bd682b,1.0,e4e4a2991bd919cb,ok,96.95577332916761,True,True,cluster_01034,val,/home/dheirav/Code/Deepfake_Detection/deepfake-project/dataset_builder/val/ai_generated/dalle_topup_000499.jpg
data_sources/ai_generated/Midjourney_TopUp/dalle_topup_000506.jpg,data_sources/ai_generated/Midjourney_TopUp,ai_generated,1024,1024,1.0,JPEG,518132,654f7049fae00be19d41ea6afa31a1af,c23f46ece951fb4e37b1fdec7cb245a114a2434ad5418cd01fc64af3986f4a65,1.0,818532c1def3a59d,ok,6097.268035039971,True,True,cluster_00468,val,/home/dheirav/Code/Deepfake_Detection/deepfake-project/dataset_builder/val/ai_generated/dalle_topup_000506.jpg
data_sources/ai_generated/Midjourney_TopUp/dalle_topup_000510.jpg,data_sources/ai_generated/Midjourney_TopUp,ai_generated,1024,1024,1.0,JPEG,248718,cd1f80fa15f184059b3fa44e27afff1b,d8b765d36219691e87c1be882df803357558380d6d4a7d95cfd44a4a4f9c3b2f,1.0,c31c6eb19c6f50d8,ok,716.3688610402669,True,True,cluster_00611,val,/home/dheirav/Code/Deepfake_Detection/deepfake-project/dataset_builder/val/ai_generated/dalle_topup_000510.jpg
data_sources/ai_generated/Midjourney_TopUp/dalle_topup_000520.jpg,data_sources/ai_generated/Midjourney_TopUp,ai_generated,720,1280,0.5625,JPEG,213563,57a609fd85d34c4a71b432d23c6ec316,0a8d1db9cb03125f767a2fae2a4282f2c376f2ea979d413f92b3ca9be06afe82,1.0,ecc401fbbab076a4,ok,232.99134594857958,True,True,cluster_00807,val,/home/dheirav/Code/Deepfake_Detection/deepfake-project/dataset_builder/val/ai_generated/dalle_topup_000520.jpg
data_sources/ai_generated/Midjourney_TopUp/dalle_topup_000526.jpg,data_sources/ai_generated/Midjourney_TopUp,ai_generated,1024,1024,1.0,JPEG,337632,7bb571e19584a53ed0ad4a715299757e,e1d94b0fc0f9738295205c8f7a8afb3d305d19349083c2e69e2c00a9b4c7310e,1.0,919a96b562a46e6d,ok,1495.0265827156213,True,True,cluster_00512,val,/home/dheirav/Code/Deepfake_Detection/deepfake-project/dataset_builder/val/ai_generated/dalle_topup_000526.jpg
data_sources/ai_generated/Midjourney_TopUp/dalle_topup_000531.jpg,data_sources/ai_generated/Midjourney_TopUp,ai_generated,1024,1024,1.0,JPEG,315384,efa00f1771625c7ba9754d5aec02176c,a2cfa9e6ade6ec1b7f37fc06b61ba01b7ca3fd8f0d4674c894f5cd8e99c797e6,1.0,a3c34c9d3ce0633b,ok,1126.760631330253,True,True,cluster_00522,val,/home/dheirav/Code/Deepfake_Detection/deepfake-project/dataset_builder/val/ai_generated/dalle_topup_000531.jpg
data_sources/ai_generated/Midjourney_TopUp/dalle_topup_000537.jpg,data_sources/ai_generated/Midjourney_TopUp,ai_generated,1017,1017,1.0,JPEG,458341,512a76811c1f41bc8aa92570ba5d7432,ae642a5b50472c0b7bc8f97a99278c832f9024c30cd6d7841424df693f126bcd,1.0,d0e94b5aa4a7744e,ok,1713.2808866118244,True,True,cluster_00771,val,/home/dheirav/Code/Deepfake_Detection/deepfake-project/dataset_builder/val/ai_generated/dalle_topup_000537.jpg
data_sources/ai_generated/Midjourney_TopUp/dalle_topup_000542.jpg,data_sources/ai_generated/Midjourney_TopUp,ai_generated,346,520,0.6654,JPEG,55223,730f44a2a6b0f87f6d79b4cc3c0e236c,9d1fb88d471725d65f92a06b11e397fe7ef4350c1c2357ae3df8fa03bdcc0fe9,1.0,f6994bc639848679,ok,774.4245323151133,True,True,cluster_00991,val,/home/dheirav/Code/Deepfake_Detection/deepfake-project/dataset_builder/val/ai_generated/dalle_topup_000542.jpg
data_sources/ai_generated/Midjourney_TopUp/dalle_topup_000545.jpg,data_sources/ai_generated/Midjourney_TopUp,ai_generated,1010,1022,0.9883,JPEG,201381,7dc3d0885e7b80acf5a3e2fd7b32aab5,5b50660ecb2cc32b426d29c237a375e763f64f1bc39207098a59f51cfa085dbb,1.0,b1b43ec39298cd99,ok,293.69306998662086,True,True,cluster_00780,val,/home/dheirav/Code/Deepfake_Detection/deepfake-project/dataset_builder/val/ai_generated/dalle_topup_000545.jpg
data_sources/ai_generated/Midjourney_TopUp/dalle_topup_000549.jpg,data_sources/ai_generated/Midjourney_TopUp,ai_generated,1024,1024,1.0,JPEG,138517,d11120504243b2b6f05cff2d4b9c2aff,808a699d883c51ca114abfb2aa7c76816336f3f8b7eeeffaa56312a01dc7ad0a,1.0,ae38c1c69b978c69,ok,820.3370885848999,True,True,cluster_00706,val,/home/dheirav/Code/Deepfake_Detection/deepfake-project/dataset_builder/val/ai_generated/dalle_topup_000549.jpg
data_sources/ai_generated/Midjourney_TopUp/dalle_topup_000553.jpg,data_sources/ai_generated/Midjourney_TopUp,ai_generated,1037,1023,1.0137,JPEG,75676,fabdc8df892b8317e96516c487c4e1cb,7f4c57b5401450983948f3e67fb590455b9ee5956fb05b04c0050e4f4229335b,1.0,b09468c7d1c99e8f,ok,284.3994613758191,True,True,cluster_00455,val,/home/dheirav/Code/Deepfake_Detection/deepfake-project/dataset_builder/val/ai_generated/dalle_topup_000553.jpg
data_sources/ai_generated/Midjourney_TopUp/dalle_topup_000559.jpg,data_sources/ai_generated/Midjourney_TopUp,ai_generated,700,392,1.7857,JPEG,67028,49296d7789398bf7059822d8c4f08d17,b0b1023bf5c8487f72671e9d8643223d994c1d13dc7979247388883c6b885211,1.0,83972cc85b6b6969,ok,242.00726657260154,True,True,cluster_00903,val,/home/dheirav/Code/Deepfake_Detection/deepfake-project/dataset_builder/val/ai_generated/dalle_topup_000559.jpg
data_sources/ai_generated/Midjourney_TopUp/dalle_topup_000565.jpg,data_sources/ai_generated/Midjourney_TopUp,ai_generated,928,1232,0.7532,JPEG,360316,3b25958860237d84d237ef210df01a74,ea6f2be69106f5c441709ffd86e7a48e21f98203d0021836a78b157223964b59,1.0,c0c84ac26ccf73af,ok,1441.0855290300149,True,True,cluster_00404,val,/home/dheirav/Code/Deepfake_Detection/deepfake-project/dataset_builder/val/ai_generated/dalle_topup_000565.jpg
data_sources/ai_generated/Midjourney_TopUp/dalle_topup_000567.jpg,data_sources/ai_generated/Midjourney_TopUp,ai_generated,1280,720,1.7778,JPEG,307661,d04c27f90595d1b1e0964f3d8ccc655f,ae92c6f7514cc337f72f118cefffb07ec0d396bd3a71ca735956be9098e8784c,1.0,95c54fa646976aa1,ok,524.7462879431406,True,True,cluster_00801,val,/home/dheirav/Code/Deepfake_Detection/deepfake-project/dataset_builder/val/ai_generated/dalle_topup_000567.jpg
data_sources/ai_generated/Midjourney_TopUp/dalle_topup_000569.jpg,data_sources/ai_generated/Midjourney_TopUp,ai_generated,1024,1024,1.0,JPEG,192287,de11d6ed12bf160d31e1b4c135b68b39,e92fa059e7e8802f5a1e65d44b67ad45d2b9db1c159a742a1ba0f8d492842f18,1.0,989d267349c663d9,ok,841.4296970151734,True,True,cluster_00679,val,/home/dheirav/Code/Deepfake_Detection/deepfake-project/dataset_builder/val/ai_generated/dalle_topup_000569.jpg
data_sources/ai_generated/Midjourney_TopUp/dalle_topup_000571.jpg,data_sources/ai_generated/Midjourney_TopUp,ai_generated,1280,720,1.7778,JPEG,282931,661fc15a7b3b53733b2942e10f0f80da,781c1c7a1e627661bc9c3dcf05cc885acffda515c0d878db77f834b81b94abbf,1.0,9c995bcb0f2960f4,ok,671.5636259370486,True,True,cluster_00802,val,/home/dheirav/Code/Deepfake_Detection/deepfake-project/dataset_builder/val/ai_generated/dalle_topup_000571.jpg
data_sources/ai_generated/Midjourney_TopUp/dalle_topup_000583.jpg,data_sources/ai_generated/Midjourney_TopUp,ai_generated,1280,717,1.7852,JPEG,172593,6e0d9b9d640a3ecca38bc1894c8e2d4f,f3e1b03c444d83dabd79030b854d39eb29dbf7249af6fe53b23abfbfe13df580,1.0,ce333dcc611ec233,ok,227.6828505751542,True,True,cluster_00855,val,/home/dheirav/Code/Deepfake_Detection/deepfake-project/dataset_builder/val/ai_generated/dalle_topup_000583.jpg
data_sources/ai_generated/Midjourney_TopUp/dalle_topup_000589.jpg,data_sources/ai_generated/Midjourney_TopUp,ai_generated,1018,1018,1.0,JPEG,354217,b39e79a0e8a0652f029ed0d5eb0f8305,831dfc420501b4929700034b12e475026b568058d0a9c571df3ba30e63f243b5,1.0,9c988c4c9537cf2d,ok,1876.4237670803693,True,True,cluster_00762,val,/home/dheirav/Code/Deepfake_Detection/deepfake-project/dataset_builder/val/ai_generated/dalle_topup_000589.jpg
data_sources/ai_generated/Midjourney_TopUp/dalle_topup_000599.jpg,data_sources/ai_generated/Midjourney_TopUp,ai_generated,1024,1024,1.0,JPEG,435935,f85aba18b5863918b0fb4ef0ed18e911,770717d7e4554eb3441043f8d670b8c3655c72f73db00fbfe0600887eeada17f,1.0,a43749ccf32e4e58,ok,3642.8517613564036,True,True,cluster_00484,val,/home/dheirav/Code/Deepfake_Detection/deepfake-project/dataset_builder/val/ai_generated/dalle_topup_000599.jpg
data_sources/ai_generated/Midjourney_TopUp/dalle_topup_000615.jpg,data_sources/ai_generated/Midjourney_TopUp,ai_generated,1280,851,1.5041,JPEG,373620,253ac9d76b2b25b51503cdd6cbab4349,38c1e0e742e9833b54bc02b4c41b3f214cbd43538c90d8c9e05da1f02a1cf816,1.0,ced1c3ec75168487,ok,1289.5205195366877,True,True,cluster_00447,val,/home/dheirav/Code/Deepfake_Detection/deepfake-project/dataset_builder/val/ai_generated/dalle_topup_000615.jpg
data_sources/ai_generated/Midjourney_TopUp/dalle_topup_000623.jpg,data_sources/ai_generated/Midjourney_TopUp,ai_generated,1026,1026,1.0,JPEG,138921,d5e2d6a6e55fc28c58c757074a7d1e40,96518093235ad94b0ff0e5dc71468aecb40e98bc5290ba8ba75b8683a3e4412c,1.0,f8cbcfa6943c9212,ok,206.53354823575805,True,True,cluster_00459,val,/home/dheirav/Code/Deepfake_Detection/deepfake-project/dataset_builder/val/ai_generated/dalle_topup_000623.jpg
data_sources/ai_generated/Midjourney_TopUp/dalle_topup_000629.jpg,data_sources/ai_generated/Midjourney_TopUp,ai_generated,1024,1024,1.0,JPEG,276107,0d8eb043014a6df7a54afc2b2ca5a013,d64da0147742b7921ee73314b385349893d2755257bf87a188fe4ea95c91cfa8,1.0,8c9473e316cb8ccd,ok,1515.5874223507192,True,True,cluster_00562,val,/home/dheirav/Code/Deepfake_Detection/deepfake-project/dataset_builder/val/ai_generated/dalle_topup_000629.jpg
data_sources/ai_generated/Midjourney_TopUp/dalle_topup_000645.jpg,data_sources/ai_generated/Midjourney_TopUp,ai_generated,1017,1017,1.0,JPEG,162251,775d00350ef38f960d4a05d47bb13aa8,18145da9be00b751e8c364efdcb0cfd2793fdf1db0da3e78d3b5cfa7dfec338e,1.0,be94c16ac46bc03f,ok,511.9364187804973,True,True,cluster_00775,val,/home/dheirav/Code/Deepfake_Detection/deepfake-project/dataset_builder/val/ai_generated/dalle_topup_000645.jpg
data_sources/ai_generated/Midjourney_TopUp/dalle_topup_000654.jpg,data_sources/ai_generated/Midjourney_TopUp,ai_generated,520,520,1.0,JPEG,113130,da9fe16d936d809791dfa11051d16854,57757255619c5a702ae80ca60162544854cd4f7ded3dbea21b6db40d36e2c96f,1.0,d4c17b3236cd293a,ok,1636.383068602071,True,True,cluster_00905,val,/home/dheirav/Code/Deepfake_Detection/deepfake-project/dataset_builder/val/ai_generated/dalle_topup_000654.jpg
data_sources/ai_generated/Midjourney_TopUp/dalle_topup_000655.jpg,data_sources/ai_generated/Midjourney_TopUp,ai_generated,1023,998,1.0251,JPEG,287825,4050859080b5c4813ca59c06354dc39d,dbd02155a036b925c27ff95eb716a1a7709f236a374c3b4f8076269a8d5ce803,1.0,859e1a6967656c66,ok,507.51411708554275,True,True,cluster_00793,val,/home/dheirav/Code/Deepfake_Detection/deepfake-project/dataset_builder/val/ai_generated/dalle_topup_000655.jpg
data_sources/ai_generated/Midjourney_TopUp/dalle_topup_000657.jpg,data_sources/ai_generated/Midjourney_TopUp,ai_generated,1280,853,1.5006,JPEG,254305,8039b1bf3de03a88da4f0d62102f3412,8de13ae6871062d939f182defe7527978ea00d1b1ff941a9efd5b83dfeb5de20,1.0,848ebab567e12969,ok,555.4927582181542,True,True,cluster_00437,val,/home/dheirav/Code/Deepfake_Detection/deepfake-project/dataset_builder/val/ai_generated/dalle_topup_000657.jpg
data_sources/ai_generated/Midjourney_TopUp/dalle_topup_000659.jpg,data_sources/ai_generated/Midjourney_TopUp,ai_generated,1018,1018,1.0,JPEG,202742,497d8bc7988c85ff0fae03408172d340,4fb1dd82c0a7b887cea975b9403898d269573d168519f41ad59d136c9ebd658d,1.0,c3d938a667d09e31,ok,637.9839519169058,True,True,cluster_00763,val,/home/dheirav/Code/Deepfake_Detection/deepfake-project/dataset_builder/val/ai_generated/dalle_topup_000659.jpg
data_sources/ai_generated/Midjourney_TopUp/dalle_topup_000663.jpg,data_sources/ai_generated/Midjourney_TopUp,ai_generated,1024,1024,1.0,JPEG,560284,3d19577fd6737243021b0230b2e0b72b,516212441f0e7e9b7f410e78cd339d3c413bd7a69a090c71957c9a3b462bf75a,1.0,93bfb8b9247836c0,ok,3471.437311021087,True,True,cluster_00464,val,/home/dheirav/Code/Deepfake_Detection/deepfake-project/dataset_builder/val/ai_generated/dalle_topup_000663.jpg
data_sources/ai_generated/Midjourney_TopUp/dalle_topup_000665.jpg,data_sources/ai_generated/Midjourney_TopUp,ai_generated,1024,1024,1.0,JPEG,652545,17c918e2f16ea6241cee37b49c83f2a7,58bd9ff1657db311287787fad31c0be497832da69764425ef1da5c3576f6ec16,1.0,cb8e1de2130ff192,ok,7458.052557099692,True,True,cluster_00461,val,/home/dheirav/Code/Deepfake_Detection/deepfake-project/dataset_builder/val/ai_generated/dalle_topup_000665.jpg
data_sources/ai_generated/Midjourney_TopUp/dalle_topup_000667.jpg,data_sources/ai_generated/Midjourney_TopUp,ai_generated,1024,1024,1.0,JPEG,576578,42a842183dbda489e006b06858fad4eb,6adf5cb221344bd91c4ab056eaa848d75324cd7481a3ff0677cf010fe33305f7,1.0,96fe069a65b53131,ok,4342.258154288456,True,True,cluster_00462,val,/home/dheirav/Code/Deepfake_Detection/deepfake-project/dataset_builder/val/ai_generated/dalle_topup_000667.jpg
data_sources/ai_generated/Midjourney_TopUp/dalle_topup_000670.jpg,data_sources/ai_generated/Midjourney_TopUp,ai_generated,520,290,1.7931,JPEG,32764,47966d80f33d2e45910f1b0bacaaed9d,07b310912c3e488665ddbedf137aada71445ce44e3041d2e6cc03b01b618f51c,1.0,8f99d34ec60c96cc,ok,147.27467317678835,True,True,cluster_01090,val,/home/dheirav/Code/Deepfake_Detection/deepfake-project/dataset_builder/val/ai_generated/dalle_topup_000670.jpg
data_sources/ai_generated/Midjourney_TopUp/dalle_topup_000675.jpg,data_sources/ai_generated/Midjourney_TopUp,ai_generated,1024,1024,1.0,JPEG,403186,547084c2b6c33933e6b6c073bc9a63ca,cf435d7f687b43988b2f2e26b5793ffde02acecce3ef6602299b5eb53e096845,1.0,c79a187533a4ec39,ok,1597.173528601873,True,True,cluster_00490,val,/home/dheirav/Code/Deepfake_Detection/deepfake-project/dataset_builder/val/ai_generated/dalle_topup_000675.jpg
data_sources/ai_generated/Midjourney_TopUp/dalle_topup_000677.jpg,data_sources/ai_generated/Midjourney_TopUp,ai_generated,1280,720,1.7778,JPEG,141372,0b18fbd284ddc7e5e97ecab757c2eb33,6844778f8df7704945f7801c3b06f08e2dff5328299cfcb793774c58e5e82dca,1.0,d6c30cc9799c6237,ok,119.01001604289185,True,True,cluster_00813,val,/home/dheirav/Code/Deepfake_Detection/deepfake-project/dataset_builder/val/ai_generated/dalle_topup_000677.jpg
data_sources/ai_generated/Midjourney_TopUp/dalle_topup_000693.jpg,data_sources/ai_generated/Midjourney_TopUp,ai_generated,1024,1024,1.0,JPEG,352606,71b2279391189ed3f86412fcc1a74189,ca18215bdbd45f312a0e4e9ec6469b011a4cd053c136be22eb66e088ae9f9803,1.0,b5c41e1e00df99f8,ok,1082.2861102020795,True,True,cluster_00505,val,/home/dheirav/Code/Deepfake_Detection/deepfake-project/dataset_builder/val/ai_generated/dalle_topup_000693.jpg
data_sources/ai_generated/Midjourney_TopUp/dalle_topup_000705.jpg,data_sources/ai_generated/Midjourney_TopUp,ai_generated,1024,1014,1.0099,JPEG,280868,04289338e8e716ca189f5c61cd46ef24,f35683568480665dafdece32b92b2bca44b08e495efd18731bbf14610b0344b6,1.0,8cf36c2348c8a73f,ok,290.056243573781,True,True,cluster_00756,val,/home/dheirav/Code/Deepfake_Detection/deepfake-project/dataset_builder/val/ai_generated/dalle_topup_000705.jpg
data_sources/ai_generated/Midjourney_TopUp/dalle_topup_000711.jpg,data_sources/ai_generated/Midjourney_TopUp,ai_generated,1024,1019,1.0049,JPEG,454432,461cb6d529be7661bb1f6847de87f8e0,6401c8184e9742672bf9d408bb03976d7b8f784a9c69e161ab8bf0e139676884,1.0,ce98c33e33639863,ok,3319.686488678116,True,True,cluster_00723,val,/home/dheirav/Code/Deepfake_Detection/deepfake-project/dataset_builder/val/ai_generated/dalle_topup_000711.jpg
data_sources/ai_generated/Midjourney_TopUp/dalle_topup_000725.jpg,data_sources/ai_generated/Midjourney_TopUp,ai_generated,1280,1280,1.0,JPEG,515575,2068f4cd34bc6717069d18356c55ef39,7e13577f4a9cc88f52ec3dd65b48d469186cd30d6ff65e6ea594f17dc192fcb6,1.0,93943c5961e46b6b,ok,1668.2882926031216,True,True,cluster_00029,val,/home/dheirav/Code/Deepfake_Detection/deepfake-project/dataset_builder/val/ai_generated/dalle_topup_000725.jpg
data_sources/ai_generated/Midjourney_TopUp/dalle_topup_000731.jpg,data_sources/ai_generated/Midjourney_TopUp,ai_generated,1024,1024,1.0,JPEG,236950,c1f31d49558caa8f7b07a93759a22265,5bc0ac9c5abe38c1c0b71a4daf13930f0446e5ec04fdecf0b17cf78203562c38,1.0,e7d21819a5a6536b,ok,690.2668228104847,True,True,cluster_00629,val,/home/dheirav/Code/Deepfake_Detection/deepfake-project/dataset_builder/val/ai_generated/dalle_topup_000731.jpg
data_sources/ai_generated/Midjourney_TopUp/dalle_topup_000735.jpg,data_sources/ai_generated/Midjourney_TopUp,ai_generated,853,1280,0.6664,JPEG,362971,d2be7420c8cf010a2b3c214ef16d80c8,96893c812e2a1f64f88f3d9fc1e142c968bfa9ddde9a35e1e344deecfceb8552,1.0,93897c66077d310f,ok,906.9679806459001,True,True,cluster_00423,val,/home/dheirav/Code/Deepfake_Detection/deepfake-project/dataset_builder/val/ai_generated/dalle_topup_000735.jpg
data_sources/ai_generated/Midjourney_TopUp/dalle_topup_000737.jpg,data_sources/ai_generated/Midjourney_TopUp,ai_generated,1024,1019,1.0049,JPEG,427734,d3643ead965f2f5e804631bf11ad0307,e531b4d98761ddbc534378823e4150608f92882d5dd95bb9a80cd23d161ed7ec,1.0,c6ef89b48532b274,ok,981.2120300539574,True,True,cluster_00724,val,/home/dheirav/Code/Deepfake_Detection/deepfake-project/dataset_builder/val/ai_generated/dalle_topup_000737.jpg
data_sources/ai_generated/Midjourney_TopUp/dalle_topup_000749.jpg,data_sources/ai_generated/Midjourney_TopUp,ai_generated,1017,1023,0.9941,JPEG,208083,60b804ebc53a815beb642854d4a24cae,700bac5bc0c26357d25dcf54e9767e2ad460a219d3a2be1c020ffada48396665,1.0,c4fcc3cfc0e4e384,ok,274.124944002476,True,True,cluster_00743,val,/home/dheirav/Code/Deepfake_Detection/deepfake-project/dataset_builder/val/ai_generated/dalle_topup_000749.jpg
data_sources/ai_generated/Midjourney_TopUp/dalle_topup_000757.jpg,data_sources/ai_generated/Midjourney_TopUp,ai_generated,1280,720,1.7778,JPEG,195764,28ab50976e03727ae5d7897538084f3a,2213e38637f61347db3ac8a883443135e77a0159b6fc809c8901b67b7ce6ad86,1.0,93b38acf86940d4f,ok,216.52034862617094,True,True,cluster_00808,val,/home/dheirav/Code/Deepfake_Detection/deepfake-project/dataset_builder/val/ai_generated/dalle_topup_000757.jpg
data_sources/ai_generated/Midjourney_TopUp/dalle_topup_000761.jpg,data_sources/ai_generated/Midjourney_TopUp,ai_generated,673,1280,0.5258,JPEG,223424,4f78d946e3664e9a5735ed3d5a133eac,47b1886ec9560bbce06d1f218b2f5ece2431bfbf48affeba8be1b6e127e84116,1.0,9434cb8b25e03dee,ok,270.9629368669727,True,True,cluster_00873,val,/home/dheirav/Code/Deepfake_Detection/deepfake-project/dataset_builder/val/ai_generated/dalle_topup_000761.jpg
data_sources/ai_generated/Midjourney_TopUp/dalle_topup_000763.jpg,data_sources/ai_generated/Midjourney_TopUp,ai_generated,1280,718,1.7827,JPEG,357114,969652aacf04358af4a5ff5f1041795e,5618ea286bf5b2ffb3beee308a086241ced8c98f30397d0622e067ad4f1eb442,1.0,ad91b941e0e4b66e,ok,947.8484679763059,True,True,cluster_00815,val,/home/dheirav/Code/Deepfake_Detection/deepfake-project/dataset_builder/val/ai_generated/dalle_topup_000763.jpg
data_sources/ai_generated/Midjourney_TopUp/dalle_topup_000773.jpg,data_sources/ai_generated/Midjourney_TopUp,ai_generated,1280,672,1.9048,JPEG,176000,c6b4dc91065ab00460d004e26a3e2173,98e73baa144ceb6ee4195dba4c6d0948f595db0dd08968cea920b95d89f04a06,1.0,99e6b64cc7830b99,ok,117.89777637295171,True,True,cluster_00874,val,/home/dheirav/Code/Deepfake_Detection/deepfake-project/dataset_builder/val/ai_generated/dalle_topup_000773.jpg
data_sources/ai_generated/Midjourney_TopUp/dalle_topup_000777.jpg,data_sources/ai_generated/Midjourney_TopUp,ai_generated,768,1152,0.6667,JPEG,279945,db7f0c97769575cce0b5dd731d93a2f5,f61479cc3f314c082531634af34ffb7291a2ed6d47d54646222a0e53daaaa3cc,1.0,91ba5bc6c82713f4,ok,996.010538543402,True,True,cluster_00870,val,/home/dheirav/Code/Deepfake_Detection/deepfake-project/dataset_builder/val/ai_generated/dalle_topup_000777.jpg
data_sources/ai_generated/Midjourney_TopUp/dalle_topup_000779.jpg,data_sources/ai_generated/Midjourney_TopUp,ai_generated,1152,768,1.5,JPEG,175984,ee6775a801fec8bd28eebae961f435dc,d19444ba174579c60a3947c06aa50afd4e201fc02987ad8e28d1298efb1937b2,1.0,c47638613b9e4cc7,ok,148.10584591217568,True,True,cluster_00871,val,/home/dheirav/Code/Deepfake_Detection/deepfake-project/dataset_builder/val/ai_generated/dalle_topup_000779.jpg
data_sources/ai_generated/Midjourney_TopUp/dalle_topup_000783.jpg,data_sources/ai_generated/Midjourney_TopUp,ai_generated,1023,1023,1.0,JPEG,179869,13a8cd335e7a6ce291698b02ce7a538b,9b659b66d68b9bb7acdc1dc5420c98f8547b5bc796104ca9a8155b746ff46d1f,1.0,988f66b998336327,ok,233.67579755992884,True,True,cluster_00717,val,/home/dheirav/Code/Deepfake_Detection/deepfake-project/dataset_builder/val/ai_generated/dalle_topup_000783.jpg
data_sources/ai_generated/Midjourney_TopUp/dalle_topup_000792.jpg,data_sources/ai_generated/Midjourney_TopUp,ai_generated,1280,853,1.5006,JPEG,203749,3b63c43467d739b68879c1bed4078fb4,5c0c0ccea93b3ced8e1efd0d39b95dbf0752222f3e11f5dabeec159072d25115,1.0,9596ce9ab6a54992,ok,157.86434991173303,True,True,cluster_00444,val,/home/dheirav/Code/Deepfake_Detection/deepfake-project/dataset_builder/val/ai_generated/dalle_topup_000792.jpg
data_sources/ai_generated/Midjourney_TopUp/dalle_topup_000795.jpg,data_sources/ai_generated/Midjourney_TopUp,ai_generated,520,346,1.5029,JPEG,34879,cb9cc5a63234e2ac7383bb1bd661b0d5,e13448da84e765650128946f40b3d734804f58336bcedb1da157994c6b89256c,1.0,999a9b8365d964cc,ok,161.72247814375555,True,True,cluster_01028,val,/home/dheirav/Code/Deepfake_Detection/deepfake-project/dataset_builder/val/ai_generated/dalle_topup_000795.jpg
data_sources/ai_generated/Midjourney_TopUp/dalle_topup_000796.jpg,data_sources/ai_generated/Midjourney_TopUp,ai_generated,1280,853,1.5006,JPEG,365397,0a151ac221826bd0c314dc591cf8fab5,33a79e344d2247e900cd7f8dfca853108922202b30ee1bbb52b2d6bd4b4b03eb,1.0,cec6c4ce24397c71,ok,769.7653543424977,True,True,cluster_00422,val,/home/dheirav/Code/Deepfake_Detection/deepfake-project/dataset_builder/val/ai_generated/dalle_topup_000796.jpg
data_sources/ai_generated/Midjourney_TopUp/dalle_topup_000798.jpg,data_sources/ai_generated/Midjourney_TopUp,ai_generated,1280,853,1.5006,JPEG,402681,7247ff2d493cf637672179b732f12e2e,dd098787dd777a9bfc642850d07a9bb1165b14eae951990b03c2e49e9a3d8e9c,1.0,c7671dc061996cb6,ok,751.6684489699704,True,True,cluster_00418,val,/home/dheirav/Code/Deepfake_Detection/deepfake-project/dataset_builder/val/ai_generated/dalle_topup_000798.jpg
data_sources/ai_generated/Midjourney_TopUp/dalle_topup_000808.jpg,data_sources/ai_generated/Midjourney_TopUp,ai_generated,640,1280,0.5,JPEG,353214,7a3b0be11fb06f222e38e51bfe79feb8,f1613859a6bb9c612422e1ca9696a04c9665ac455ab6dc6bef5868cbd1b75aba,1.0,8c8c189937337377,ok,2337.1891818905337,True,True,cluster_00876,val,/home/dheirav/Code/Deepfake_Detection/deepfake-project/dataset_builder/val/ai_generated/dalle_topup_000808.jpg
data_sources/ai_generated/Midjourney_TopUp/dalle_topup_000810.jpg,data_sources/ai_generated/Midjourney_TopUp,ai_generated,1024,1024,1.0,JPEG,259040,8e93aa278e112f104a921a7201c3ba75,dce81605b92fdd747a60ff2aea2df0033af95cf5071950bf57673b3ffe5d95c6,1.0,b1cdc699c866cc39,ok,5957.798135757446,True,True,cluster_00590,val,/home/dheirav/Code/Deepfake_Detection/deepfake-project/dataset_builder/val/ai_generated/dalle_topup_000810.jpg
data_sources/ai_generated/Midjourney_TopUp/dalle_topup_000814.jpg,data_sources/ai_generated/Midjourney_TopUp,ai_generated,717,1280,0.5602,JPEG,163776,bbcd99a0b176345f3d20c4e02b1bdc5d,88a19d6dd0d66ad5a5ba1e24d96003602fe688a6c206fbfb30623bbe211e5b39,1.0,95c4430f2e3bd92e,ok,158.8959934311296,True,True,cluster_00856,val,/home/dheirav/Code/Deepfake_Detection/deepfake-project/dataset_builder/val/ai_generated/dalle_topup_000814.jpg
data_sources/ai_generated/Midjourney_TopUp/dalle_topup_000815.jpg,data_sources/ai_generated/Midjourney_TopUp,ai_generated,290,520,0.5577,JPEG,31005,64747f421a07629b915468c9983a1f36,bba7c39ef815dac61d11f97e6b18b23616b135c5bf13dce78f98e0e44eec1efd,1.0,95c44b0f2e3b992e,ok,192.4506918391039,True,True,cluster_01091,val,/home/dheirav/Code/Deepfake_Detection/deepfake-project/dataset_builder/val/ai_generated/dalle_topup_000815.jpg
data_sources/ai_generated/Midjourney_TopUp/dalle_topup_000818.jpg,data_sources/ai_generated/Midjourney_TopUp,ai_generated,1024,1024,1.0,JPEG,264317,ac14335dcac318c1e23fda6eb457cc69,3822f4be13a17f85db14d22695fa1d78cca261482dfd3ca458f70e7097303581,1.0,9eba04213367374f,ok,341.90765254650245,True,True,cluster_00583,val,/home/dheirav/Code/Deepfake_Detection/deepfake-project/dataset_builder/val/ai_generated/dalle_topup_000818.jpg
data_sources/ai_generated/Midjourney_TopUp/dalle_topup_000822.jpg,data_sources/ai_generated/Midjourney_TopUp,ai_generated,1024,1024,1.0,JPEG,257652,25616129824b0c026215c83727d3c41e,75a535340f1c9375667ed07bddf04128adc499306ae455dc1e3126afa4694870,1.0,c7921e4b693c9467,ok,991.6021909146764,True,True,cluster_00592,val,/home/dheirav/Code/Deepfake_Detection/deepfake-project/dataset_builder/val/ai_generated/dalle_topup_000822.jpg
data_sources/ai_generated/Midjourney_TopUp/dalle_topup_000836.jpg,data_sources/ai_generated/Midjourney_TopUp,ai_generated,1024,1024,1.0,JPEG,234460,f1871da50ea027bb0d19981b61cfefef,1ba73fc6cc26e7a0d1919e32258f693295c5046f628d4b2e17d46bda701281cf,1.0,e8bfd6810e6a073c,ok,338.84266013078377,True,True,cluster_00633,val,/home/dheirav/Code/Deepfake_Detection/deepfake-project/dataset_builder/val/ai_generated/dalle_topup_000836.jpg
data_sources/ai_generated/Midjourney_TopUp/dalle_topup_000842.jpg,data_sources/ai_generated/Midjourney_TopUp,ai_generated,1024,1024,1.0,JPEG,270747,ec21b651de5fcd740732620da85de727,a21fd2852c5b09a3aeb791065e9e14a5ef1229529bdd8798536907d61e96fc2c,1.0,f0b14a0e1b87a5f5,ok,305.46522748341886,True,True,cluster_00571,val,/home/dheirav/Code/Deepfake_Detection/deepfake-project/dataset_builder/val/ai_generated/dalle_topup_000842.jpg
data_sources/ai_generated/Midjourney_TopUp/dalle_topup_000848.jpg,data_sources/ai_generated/Midjourney_TopUp,ai_generated,1024,1024,1.0,JPEG,219999,32ac8e33f08b1c18668f15530963a9b0,8ba2dd0414bd4631da2e83ea5a15a224d68589c8641ec60406ab4f4c8e9cd4be,1.0,93846e56da8b6569,ok,653.9796680270083,True,True,cluster_00648,val,/home/dheirav/Code/Deepfake_Detection/deepfake-project/dataset_builder/val/ai_generated/dalle_topup_000848.jpg
data_sources/ai_generated/Midjourney_TopUp/dalle_topup_000854.jpg,data_sources/ai_generated/Midjourney_TopUp,ai_generated,833,833,1.0,JPEG,213053,1d723162b25281fc5fe4d55c7ed2ade0,587e8af7ea6dff693edd9ef23f61a64fb8ab0fb698e20d89ec7c7876117d5ee9,1.0,d078f2302de76b25,ok,2647.378881715688,True,True,cluster_00886,val,/home/dheirav/Code/Deepfake_Detection/deepfake-project/dataset_builder/val/ai_generated/dalle_topup_000854.jpg
data_sources/ai_generated/Midjourney_TopUp/dalle_topup_000856.jpg,data_sources/ai_generated/Midjourney_TopUp,ai_generated,960,1200,0.8,JPEG,396058,657489ca69baec0ec3c2a13db1962fcd,66d65fceb7e772b27b37003e6957ed483ce4d9e63b08fdf089f5790432b85b0f,1.0,aed2f1838d39ccc2,ok,3117.991050063148,True,True,cluster_00393,val,/home/dheirav/Code/Deepfake_Detection/deepfake-project/dataset_builder/val/ai_generated/dalle_topup_000856.jpg
data_sources/ai_generated/Midjourney_TopUp/dalle_topup_000864.jpg,data_sources/ai_generated/Midjourney_TopUp,ai_generated,1080,1074,1.0056,JPEG,416605,fc9faec8adf00e13ba5dffa854555119,413b4bd746727864ed664e2117d3ba90bc013630096788b7817ee3d85e6fa9b3,1.0,edcd5080df24707e,ok,323.8146208131572,True,True,cluster_00387,val,/home/dheirav/Code/Deepfake_Detection/deepfake-project/dataset_builder/val/ai_generated/dalle_topup_000864.jpg
data_sources/ai_generated/Midjourney_TopUp/dalle_topup_000868.jpg,data_sources/ai_generated/Midjourney_TopUp,ai_generated,1024,1024,1.0,JPEG,168500,8e80bbdac1d78b348c77a02bf8450eba,dd53b25506b0d706278b7968a50c0eb922643ebc508a7dc8da795371b8dc5639,1.0,8ec6719971cd9364,ok,132.78715673347688,True,True,cluster_00696,val,/home/dheirav/Code/Deepfake_Detection/deepfake-project/dataset_builder/val/ai_generated/dalle_topup_000868.jpg
data_sources/ai_generated/Midjourney_TopUp/dalle_topup_000872.jpg,data_sources/ai_generated/Midjourney_TopUp,ai_generated,960,1200,0.8,JPEG,537590,30261bcebec8e162b663111d720e2d20,a56825f333469ca3be877b709fc5ac13cfec9313d7a0ffa864ecbd3bf2b7d7fe,1.0,c39b1c640df33785,ok,2813.7943445937854,True,True,cluster_00390,val,/home/dheirav/Code/Deepfake_Detection/deepfake-project/dataset_builder/val/ai_generated/dalle_topup_000872.jpg
data_sources/ai_generated/Midjourney_TopUp/dalle_topup_000896.jpg,data_sources/ai_generated/Midjourney_TopUp,ai_generated,853,1280,0.6664,JPEG,354941,7839870b3fe7d4e1e06143bd58910491,2ff9be8a636cf56f6821a022179045031133cdbda0878814d082cfabf6886502,1.0,998986e64edb730a,ok,524.9902057238205,True,True,cluster_00425,val,/home/dheirav/Code/Deepfake_Detection/deepfake-project/dataset_builder/val/ai_generated/dalle_topup_000896.jpg
data_sources/ai_generated/Midjourney_TopUp/dalle_topup_000898.jpg,data_sources/ai_generated/Midjourney_TopUp,ai_generated,1024,1024,1.0,JPEG,204068,efdb077ace6ea1717c1651703e9dc024,35a21ecf73b015a8845be1e30804bd38e6bb937306553646d84dd6434d20dcbc,1.0,966969866c323bad,ok,231.79613484353376,True,True,cluster_00667,val,/home/dheirav/Code/Deepfake_Detection/deepfake-project/dataset_builder/val/ai_generated/dalle_topup_000898.jpg
data_sources/ai_generated/Midjourney_TopUp/dalle_topup_000900.jpg,data_sources/ai_generated/Midjourney_TopUp,ai_generated,1024,1024,1.0,JPEG,440660,cae615c7b7b8d8ba1c5bf3b643a7abab,13fa5d4e878f7d1d856692aa3833528468c88e5ed5d6f3ebaa238ce12e9c0919,1.0,d1cb30e95e892973,ok,800.5164803998184,True,True,cluster_00483,val,/home/dheirav/Code/Deepfake_Detection/deepfake-project/dataset_builder/val/ai_generated/dalle_topup_000900.jpg
data_sources/ai_generated/Midjourney_TopUp/dalle_topup_000916.jpg,data_sources/ai_generated/Midjourney_TopUp,ai_generated,853,1280,0.6664,JPEG,315493,a02d51c3d5b29d0cdb0073d8685c5fca,07a5175788759119ec60c084f776049cc9938105fb990d23644de90a34b10e2c,1.0,919d3e6763686a32,ok,791.8408869354112,True,True,cluster_00428,val,/home/dheirav/Code/Deepfake_Detection/deepfake-project/dataset_builder/val/ai_generated/dalle_topup_000916.jpg
data_sources/ai_generated/Midjourney_TopUp/dalle_topup_000918.jpg,data_sources/ai_generated/Midjourney_TopUp,ai_generated,853,1280,0.6664,JPEG,345560,9e49782c94efb3f1377b721b625d2405,bb50264065d3f6f6ca69c585f6dab3ea9befb31496600eb9aabdc05c7dd1317f,1.0,c3da3b6d3564621a,ok,1173.5034107493602,True,True,cluster_00426,val,/home/dheirav/Code/Deepfake_Detection/deepfake-project/dataset_builder/val/ai_generated/dalle_topup_000918.jpg
data_sources/ai_generated/Midjourney_TopUp/dalle_topup_000934.jpg,data_sources/ai_generated/Midjourney_TopUp,ai_generated,853,1280,0.6664,JPEG,421108,a2f394f865247d93d939be70c7e02c5a,f3c2c790e42994ee4eb5d4baf3ee5ec3f270e20d7d745adb2b1b783609461889,1.0,d09d0e703d2b4f71,ok,632.0219480474613,True,True,cluster_00416,val,/home/dheirav/Code/Deepfake_Detection/deepfake-project/dataset_builder/val/ai_generated/dalle_topup_000934.jpg
data_sources/ai_generated/Midjourney_TopUp/dalle_topup_000942.jpg,data_sources/ai_generated/Midjourney_TopUp,ai_generated,1021,1021,1.0,JPEG,372767,0cf918e39efdf8bea15fe03a29d3af94,932ffb5dbd2170fb0dadc199284786cd48e097f32aa10a998a31b15b7137683a,1.0,e1949649da27cb35,ok,2901.727658947126,True,True,cluster_00727,val,/home/dheirav/Code/Deepfake_Detection/deepfake-project/dataset_builder/val/ai_generated/dalle_topup_000942.jpg
data_sources/ai_generated/Midjourney_TopUp/dalle_topup_000948.jpg,data_sources/ai_generated/Midjourney_TopUp,ai_generated,1018,1018,1.0,JPEG,56478,a59fbeef5fb9149a30e043282f0ad5c0,842a2ac9b6176d328bd9838362b22c23ffa0d2f665c90cff65419e6e90a91d44,1.0,e1199e6679996465,ok,174.16019024933587,True,True,cluster_00765,val,/home/dheirav/Code/Deepfake_Detection/deepfake-project/dataset_builder/val/ai_generated/dalle_topup_000948.jpg
data_sources/ai_generated/Midjourney_TopUp/dalle_topup_000949.jpg,data_sources/ai_generated/Midjourney_TopUp,ai_generated,520,520,1.0,JPEG,20023,529223fb94385e45c26d849fd5ca4b7b,c18b3b0cd76eaa351e642641b50bc87c2d8ffbf36b9c81a200fbb8636d3be3a4,1.0,e1598e6679996465,ok,176.98273668639052,True,True,cluster_00946,val,/home/dheirav/Code/Deepfake_Detection/deepfake-project/dataset_builder/val/ai_generated/dalle_topup_000949.jpg
data_sources/ai_generated/Midjourney_TopUp/dalle_topup_000960.jpg,data_sources/ai_generated/Midjourney_TopUp,ai_generated,1280,640,2.0,JPEG,272383,9101dead83afde4100102bad9e6f312a,2d547fd61beaab3f5715b97584fce3392eae1c1b5192aa207c5d68f5e5def019,1.0,81685e956897759e,ok,1375.9820582556724,True,True,cluster_00879,val,/home/dheirav/Code/Deepfake_Detection/deepfake-project/dataset_builder/val/ai_generated/dalle_topup_000960.jpg
data_sources/ai_generated/Midjourney_TopUp/dalle_topup_000962.jpg,data_sources/ai_generated/Midjourney_TopUp,ai_generated,1024,1024,1.0,JPEG,219547,fb787b49facf8ea82efb147da5693062,8ba1370afce4fe8145c261aa706a5551f9cc0e2941950ab11cfd8818f4a5833e,1.0,c3a04fb20d5ba69e,ok,162.82356626703404,True,True,cluster_00649,val,/home/dheirav/Code/Deepfake_Detection/deepfake-project/dataset_builder/val/ai_generated/dalle_topup_000962.jpg
data_sources/ai_generated/Midjourney_TopUp/dalle_topup_000968.jpg,data_sources/ai_generated/Midjourney_TopUp,ai_generated,1280,832,1.5385,JPEG,87665,1278ad3a6e20225c1d6f99d267c04da9,9d0e801c712765792fed032ac2ac0253da8504b6b0b6d5989b9d3c5aff494695,1.0,d6c2b8ce213c87da,ok,108.49534160579363,True,True,cluster_00451,val,/home/dheirav/Code/Deepfake_Detection/deepfake-project/dataset_builder/val/ai_generated/dalle_topup_000968.jpg
data_sources/ai_generated/Midjourney_TopUp/dalle_topup_000973.jpg,data_sources/ai_generated/Midjourney_TopUp,ai_generated,508,520,0.9769,JPEG,69485,e1ad399638f4527fde5bba2a3802a004,601b142320388f807d799727b3f2217e379ec74af935a869ca9de0b77e114b71,1.0,d0e181967eda63cc,ok,93.05034705188494,True,True,cluster_00955,val,/home/dheirav/Code/Deepfake_Detection/deepfake-project/dataset_builder/val/ai_generated/dalle_topup_000973.jpg
data_sources/ai_generated/Midjourney_TopUp/dalle_topup_000986.jpg,data_sources/ai_generated/Midjourney_TopUp,ai_generated,512,683,0.7496,JPEG,96936,109cfd0e301a374ed80a25a68782ef6c,e896854b46bb53341c3a99fe2972a2f081e798b95c44f357a2ec83e7f3fd2381,1.0,c42f213b58b13f47,ok,280.8960173760922,True,True,cluster_00901,val,/home/dheirav/Code/Deepfake_Detection/deepfake-project/dataset_builder/val/ai_generated/dalle_topup_000986.jpg
data_sources/ai_generated/Midjourney_TopUp/dalle_topup_000992.jpg,data_sources/ai_generated/Midjourney_TopUp,ai_generated,1024,1024,1.0,JPEG,222008,5f876fa2b7ed7b825a8b6cc7c4fc6cf7,f667e237a937ec80589fec5af22db61acfe579785a80398cd9a0cf104c27c3d8,1.0,c01a1fe4f24b2d76,ok,1016.7391033122801,True,True,cluster_00643,val,/home/dheirav/Code/Deepfake_Detection/deepfake-project/dataset_builder/val/ai_generated/dalle_topup_000992.jpg
data_sources/ai_generated/Midjourney_TopUp/dalle_topup_000994.jpg,data_sources/ai_generated/Midjourney_TopUp,ai_generated,1024,1024,1.0,JPEG,179652,721ad2485374ffea866de6d6070847d8,00c26489ff67eb6c4d191eabe133e25fa6da9f538eb4ee35ed6b0d6ee1ebcba0,1.0,d04b2d3cf0e10f5e,ok,444.8631935115226,True,True,cluster_00687,val,/home/dheirav/Code/Deepfake_Detection/deepfake-project/dataset_builder/val/ai_generated/dalle_topup_000994.jpg
data_sources/ai_generated/Midjourney_TopUp/mj_topup_000000.jpg,data_sources/ai_generated/Midjourney_TopUp,ai_generated,864,1728,0.5,JPEG,329340,dbd53018aed859e937e05fd0875b5f85,b19db9e56a8e4a03be5f0051ce61f1d14227ffe07f99054abf81f47c23b88be2,1.0,940f6b742d3d3871,ok,472.7488087801857,True,True,cluster_00282,val,/home/dheirav/Code/Deepfake_Detection/deepfake-project/dataset_builder/val/ai_generated/mj_topup_000000.jpg
data_sources/ai_generated/Midjourney_TopUp/mj_topup_000002.jpg,data_sources/ai_generated/Midjourney_TopUp,ai_generated,1024,1024,1.0,JPEG,176753,2555998b1cf8f3698cf44095e23630c0,db7941860a6b6cf5b20ccd853dd5458dfb3207f15361f3bc36292513c968cded,1.0,958597b4a84b6ba3,ok,132.9097123316742,True,True,cluster_00689,val,/home/dheirav/Code/Deepfake_Detection/deepfake-project/dataset_builder/val/ai_generated/mj_topup_000002.jpg
data_sources/ai_generated/Midjourney_TopUp/mj_topup_000011.jpg,data_sources/ai_generated/Midjourney_TopUp,ai_generated,396,520,0.7615,JPEG,32529,ac084b96b296ce61fbe6a291109f5de4,e1f6ec74b7c48f4bf9a2db55893857a38d4580701ae4cca97d2cbf5202b84615,1.0,b8f4938b488dacd6,ok,282.7827502317381,True,True,cluster_00969,val,/home/dheirav/Code/Deepfake_Detection/deepfake-project/dataset_builder/val/ai_generated/mj_topup_000011.jpg
data_sources/ai_generated/Midjourney_TopUp/mj_topup_000014.jpg,data_sources/ai_generated/Midjourney_TopUp,ai_generated,1536,1024,1.5,JPEG,361406,4785a540bf15be544bb96fde46e3229c,9b6ca4ee0223f96977e5cc85eb694d3d148989992b2e1fa859d7a2d175410efd,1.0,c1c6dfc93061f466,ok,336.7081379990555,True,True,cluster_00168,val,/home/dheirav/Code/Deepfake_Detection/deepfake-project/dataset_builder/val/ai_generated/mj_topup_000014.jpg
data_sources/ai_generated/Midjourney_TopUp/mj_topup_000020.jpg,data_sources/ai_generated/Midjourney_TopUp,ai_generated,864,1728,0.5,JPEG,444793,ca1df69fddede7389836e94a9a1e1ca4,41845d0fabd911e7e1d08ece9d8ca1db51781d4293e5a66799f0897e68dc55df,1.0,902f3fb54a0f057a,ok,233.61573736057784,True,True,cluster_00239,val,/home/dheirav/Code/Deepfake_Detection/deepfake-project/dataset_builder/val/ai_generated/mj_topup_000020.jpg
data_sources/ai_generated/Midjourney_TopUp/mj_topup_000030.jpg,data_sources/ai_generated/Midjourney_TopUp,ai_generated,1024,1280,0.8,JPEG,243692,cd8bc9651c40de8eac11a1581da4fdc3,33ef6b35b127c88d7823f4789f0f031c888027f588051c54b1aa8528814499b5,1.0,c659332e6ec16c96,ok,932.9525894158309,True,True,cluster_00373,val,/home/dheirav/Code/Deepfake_Detection/deepfake-project/dataset_builder/val/ai_generated/mj_topup_000030.jpg
data_sources/ai_generated/Midjourney_TopUp/mj_topup_000035.jpg,data_sources/ai_generated/Midjourney_TopUp,ai_generated,396,520,0.7615,JPEG,53270,be9a1dac1ee8440a93d71bd1dbf33250,7ebf96eaa2a8049671c87bbb613296fbece60283b25bb1bc8478098209e429d2,1.0,bf39e8f0120dd0f1,ok,170.90154417999554,True,True,cluster_00965,val,/home/dheirav/Code/Deepfake_Detection/deepfake-project/dataset_builder/val/ai_generated/mj_topup_000035.jpg
data_sources/ai_generated/Midjourney_TopUp/mj_topup_000036.jpg,data_sources/ai_generated/Midjourney_TopUp,ai_generated,1568,896,1.75,JPEG,299969,17a19ce26ab61a944d59e828278cc061,49b22b9eaf3770dfbc7651878a595a8206385c25b4390dc0ec071ff5c9335a2f,1.0,b49c9dad1ae3e680,ok,141.62764820025794,True,True,cluster_00344,val,/home/dheirav/Code/Deepfake_Detection/deepfake-project/dataset_builder/val/ai_generated/mj_topup_000036.jpg
data_sources/ai_generated/Midjourney_TopUp/mj_topup_000042.jpg,data_sources/ai_generated/Midjourney_TopUp,ai_generated,1024,1536,0.6667,JPEG,450464,99af29790885a2d8519bc41513050d7e,d1ef72799ae37d37e89e272b7c632eb7fd1f03ce3726de9a6d1226aeec02aeb6,1.0,d1430f786837cf64,ok,1967.5819276173422,True,True,cluster_00127,val,/home/dheirav/Code/Deepfake_Detection/deepfake-project/dataset_builder/val/ai_generated/mj_topup_000042.jpg
data_sources/ai_generated/Midjourney_TopUp/mj_topup_000043.jpg,data_sources/ai_generated/Midjourney_TopUp,ai_generated,346,520,0.6654,JPEG,54570,a25a4215ca0b0f8029d67d47293da768,78b27dc0f62df0e30d7038fd69fe17725318faf9c708ad268488be9425bf37e3,1.0,d1430f7c6836cf64,ok,1099.6349350435084,True,True,cluster_00992,val,/home/dheirav/Code/Deepfake_Detection/deepfake-project/dataset_builder/val/ai_generated/mj_topup_000043.jpg
data_sources/ai_generated/Midjourney_TopUp/mj_topup_000045.jpg,data_sources/ai_generated/Midjourney_TopUp,ai_generated,520,520,1.0,JPEG,38257,f519f1479ff587d5a1f4e24a682145f8,bc5c9bc4a04b42300413cbfc7b3967ab128c09d092a4a0c2b50466a7ff3a5eee,1.0,c4f17f3e33443119,ok,96.81053185812823,True,True,cluster_00942,val,/home/dheirav/Code/Deepfake_Detection/deepfake-project/dataset_builder/val/ai_generated/mj_topup_000045.jpg
data_sources/ai_generated/Midjourney_TopUp/mj_topup_000056.jpg,data_sources/ai_generated/Midjourney_TopUp,ai_generated,864,1728,0.5,JPEG,284434,b78e88b1dab64e82e737ba151c0e01a4,168e39d31b83eb893f33980ac2d2b4d557d4342731c0c7945b7afc8603b0a3fe,1.0,b15b4ead7810a66b,ok,135.00668048275608,True,True,cluster_00309,val,/home/dheirav/Code/Deepfake_Detection/deepfake-project/dataset_builder/val/ai_generated/mj_topup_000056.jpg
data_sources/ai_generated/Midjourney_TopUp/mj_topup_000058.jpg,data_sources/ai_generated/Midjourney_TopUp,ai_generated,864,1728,0.5,JPEG,232256,1b4ae31ff8098e3207d191b01ed3ffda,4f63170761346d0686f926314a83d88bb2a5f49b06213d4d99b00a59985558f1,1.0,fccf00d0bfb1303c,ok,239.61071123779064,True,True,cluster_00325,val,/home/dheirav/Code/Deepfake_Detection/deepfake-project/dataset_builder/val/ai_generated/mj_topup_000058.jpg
data_sources/ai_generated/Midjourney_TopUp/mj_topup_000062.jpg,data_sources/ai_generated/Midjourney_TopUp,ai_generated,1024,1536,0.6667,JPEG,349025,2c32ec55d486a874baecd251ab1015bd,2722194cd8eecc78f105ae9cb722b6a246f5d2fa2217e05d78e5e6a3ecb4b395,1.0,c0621f9f60e1cf0f,ok,271.6356299233674,True,True,cluster_00175,val,/home/dheirav/Code/Deepfake_Detection/deepfake-project/dataset_builder/val/ai_generated/mj_topup_000062.jpg
data_sources/ai_generated/Midjourney_TopUp/mj_topup_000066.jpg,data_sources/ai_generated/Midjourney_TopUp,ai_generated,864,1728,0.5,JPEG,249482,8a21d4e3862b739123d3df5b817a4508,8210d9ff31cb9eba71ca5b8190c86de8c96ff18681708bd005fb2a75b31d5047,1.0,92e269cd3692da2d,ok,1123.5625769227397,True,True,cluster_00318,val,/home/dheirav/Code/Deepfake_Detection/deepfake-project/dataset_builder/val/ai_generated/mj_topup_000066.jpg
data_sources/ai_generated/Midjourney_TopUp/mj_topup_000086.jpg,data_sources/ai_generated/Midjourney_TopUp,ai_generated,1024,1536,0.6667,JPEG,362916,e6b4d67cc646bb4d67a55cdea89e326b,959e839f4f0cbee38b854df30f9ae8a40aeb8a7be91bb5b4357e199b0ef7fa66,1.0,c0b89ec71bdc7123,ok,471.23035922459604,True,True,cluster_00167,val,/home/dheirav/Code/Deepfake_Detection/deepfake-project/dataset_builder/val/ai_generated/mj_topup_000086.jpg
data_sources/ai_generated/Midjourney_TopUp/mj_topup_000088.jpg,data_sources/ai_generated/Midjourney_TopUp,ai_generated,1280,2560,0.5,JPEG,750756,1a2a25e8794d042b9f8c1a45fda507d3,bfd5cce91ecea949c544ad47cf85cdb1823d504ad09a6f668cede593d827151f,1.0,e840d9e1454fedb8,ok,279.60223012647026,True,True,cluster_00015,val,/home/dheirav/Code/Deepfake_Detection/deepfake-project/dataset_builder/val/ai_generated/mj_topup_000088.jpg
data_sources/ai_generated/Midjourney_TopUp/mj_topup_000093.jpg,data_sources/ai_generated/Midjourney_TopUp,ai_generated,300,520,0.5769,JPEG,47675,4ba451efed07898267e14db12e3c463e,b2c89b77f1be34a05a1c1b558fe2a314ac49e63ae2b0df70307cfe43321771be,1.0,9d93c9ad32cc2734,ok,580.3392814983563,True,True,cluster_01043,val,/home/dheirav/Code/Deepfake_Detection/deepfake-project/dataset_builder/val/ai_generated/mj_topup_000093.jpg
data_sources/ai_generated/Midjourney_TopUp/mj_topup_000099.jpg,data_sources/ai_generated/Midjourney_TopUp,ai_generated,346,520,0.6654,JPEG,61213,ca9036f8fb6b2949f52079fad9a58424,523e09204922b1f459fef065c40323a0d5f70a32c3267155f4dced82c5a17c2c,1.0,cfeb34651c156a15,ok,483.5250463709626,True,True,cluster_00989,val,/home/dheirav/Code/Deepfake_Detection/deepfake-project/dataset_builder/val/ai_generated/mj_topup_000099.jpg
data_sources/ai_generated/Midjourney_TopUp/mj_topup_000102.jpg,data_sources/ai_generated/Midjourney_TopUp,ai_generated,1024,1536,0.6667,JPEG,450412,2389ba0add27830c75809e3c70173333,4d5722749c1f29b0202d4e21aa60afaa9e1db7bd4e08fe00952689e042a4a004,1.0,d09847a72c8773f2,ok,894.1666678297703,True,True,cluster_00128,val,/home/dheirav/Code/Deepfake_Detection/deepfake-project/dataset_builder/val/ai_generated/mj_topup_000102.jpg
data_sources/ai_generated/Midjourney_TopUp/mj_topup_000125.jpg,data_sources/ai_generated/Midjourney_TopUp,ai_generated,346,520,0.6654,JPEG,35640,12dcf16b0b6ac89912981c26e71220ed,0f02799d2dba420aab92ffc2fed756799efb85879f446a68ffbf37254ffa9f5f,1.0,c4c272ec1f932b59,ok,192.92898500366059,True,True,cluster_01027,val,/home/dheirav/Code/Deepfake_Detection/deepfake-project/dataset_builder/val/ai_generated/mj_topup_000125.jpg
data_sources/ai_generated/Midjourney_TopUp/mj_topup_000126.jpg,data_sources/ai_generated/Midjourney_TopUp,ai_generated,1024,1280,0.8,JPEG,316565,d6fcad5615f99af33216e1721051cd68,6e6699a5d94be1c0be5cf4641097fe4e8efc08f87858f6d63f665be5047dfac0,1.0,8cd1c1c65785d793,ok,471.0309562597884,True,True,cluster_00368,val,/home/dheirav/Code/Deepfake_Detection/deepfake-project/dataset_builder/val/ai_generated/mj_topup_000126.jpg
data_sources/ai_generated/Midjourney_TopUp/mj_topup_000128.jpg,data_sources/ai_generated/Midjourney_TopUp,ai_generated,1024,1024,1.0,JPEG,266789,2e3ef1584063e4f48e4830ecf675a2ba,300e398a736a8a028aee05f2759616d9666289620a1d3fbe2e92404e7f457b47,1.0,93b3af27a70b9290,ok,314.4386043417753,True,True,cluster_00578,val,/home/dheirav/Code/Deepfake_Detection/deepfake-project/dataset_builder/val/ai_generated/mj_topup_000128.jpg
data_sources/ai_generated/Midjourney_TopUp/mj_topup_000137.jpg,data_sources/ai_generated/Midjourney_TopUp,ai_generated,300,520,0.5769,JPEG,42068,c9952de504be24732104bf01a5fc7868,c56b854067ea132df68413a961ac3734ec82af4d620950ac11c75893b5de0fcf,1.0,ec5a91267d13275c,ok,349.1913075295447,True,True,cluster_01057,val,/home/dheirav/Code/Deepfake_Detection/deepfake-project/dataset_builder/val/ai_generated/mj_topup_000137.jpg
data_sources/ai_generated/Midjourney_TopUp/mj_topup_000145.jpg,data_sources/ai_generated/Midjourney_TopUp,ai_generated,346,520,0.6654,JPEG,43943,5b933a0570957fad6fab96d540ca31eb,2a5a83243375fbefaf6a88d52965297170511a87601341bbb48f53724c6f8ce4,1.0,eec055321d8fc972,ok,290.6159761410375,True,True,cluster_01006,val,/home/dheirav/Code/Deepfake_Detection/deepfake-project/dataset_builder/val/ai_generated/mj_topup_000145.jpg
data_sources/ai_generated/Midjourney_TopUp/mj_topup_000166.jpg,data_sources/ai_generated/Midjourney_TopUp,ai_generated,1024,1536,0.6667,JPEG,385584,2bbab90847b1b34af34a345474a69008,5d443682341468a9e2002660740e5c46fa10718ee02d581024b02b7b49058953,1.0,95946aeaa535a475,ok,123.95289444733093,True,True,cluster_00155,val,/home/dheirav/Code/Deepfake_Detection/deepfake-project/dataset_builder/val/ai_generated/mj_topup_000166.jpg
data_sources/ai_generated/Midjourney_TopUp/mj_topup_000170.jpg,data_sources/ai_generated/Midjourney_TopUp,ai_generated,1024,1536,0.6667,JPEG,274015,b683719b48c5c88ba24098f21828e8be,b743e91223e0963915117b73f84a054ee9a76d5bb87edd9082e9a579e23fd7b3,1.0,924c69694cbc33de,ok,202.1211217242138,True,True,cluster_00208,val,/home/dheirav/Code/Deepfake_Detection/deepfake-project/dataset_builder/val/ai_generated/mj_topup_000170.jpg
data_sources/ai_generated/Midjourney_TopUp/mj_topup_000174.jpg,data_sources/ai_generated/Midjourney_TopUp,ai_generated,1024,1024,1.0,JPEG,302449,4eaf91ff86b5a1289dbfd3557868e223,e0017a978d64cd886f8bf4e3d54138b6a64c2a396136b7997983d2b665eca4ba,1.0,94d37bc66e2c249c,ok,1199.6631068030692,True,True,cluster_00534,val,/home/dheirav/Code/Deepfake_Detection/deepfake-project/dataset_builder/val/ai_generated/mj_topup_000174.jpg
data_sources/ai_generated/Midjourney_TopUp/mj_topup_000177.jpg,data_sources/ai_generated/Midjourney_TopUp,ai_generated,520,346,1.5029,JPEG,46555,c555751e197d19d79cfb515445247e1b,12af953383a084747b3ba420afc805fa95896b557474a6401b0bb8894ff1b9c4,1.0,c11f5a61a6581be7,ok,319.80609363607164,True,True,cluster_00999,val,/home/dheirav/Code/Deepfake_Detection/deepfake-project/dataset_builder/val/ai_generated/mj_topup_000177.jpg
data_sources/ai_generated/Midjourney_TopUp/mj_topup_000187.jpg,data_sources/ai_generated/Midjourney_TopUp,ai_generated,346,520,0.6654,JPEG,44212,2d80b505bb4d2a97c02db3f8cf08eae8,901b52cb6596ddbdd30025aad6a0b3ace779bfb5cd40be7871d2942228e8cfd2,1.0,c0c8f7c74db063c6,ok,218.30653551296132,True,True,cluster_01005,val,/home/dheirav/Code/Deepfake_Detection/deepfake-project/dataset_builder/val/ai_generated/mj_topup_000187.jpg
data_sources/ai_generated/Midjourney_TopUp/mj_topup_000188.jpg,data_sources/ai_generated/Midjourney_TopUp,ai_generated,1024,1024,1.0,JPEG,269411,cdcab2b2fb4ef1ccc46d62565f0a9076,163e28b3100710539da8bd06fed117a90c8e14c9b891bbd07b8d61dda66a4298,1.0,c3d97c3e9b81c264,ok,333.5094419200286,True,True,cluster_00573,val,/home/dheirav/Code/Deepfake_Detection/deepfake-project/dataset_builder/val/ai_generated/mj_topup_000188.jpg
data_sources/ai_generated/Midjourney_TopUp/mj_topup_000204.jpg,data_sources/ai_generated/Midjourney_TopUp,ai_generated,864,1728,0.5,JPEG,228856,20b2df05350a16586836acf5f7e5e06c,f02ee3ddd8ed972d90213c8e972778e5c32d69a0af24dd5568dcfa10dc23ad55,1.0,e290efa9811d3f68,ok,1068.9323718584235,True,True,cluster_00326,val,/home/dheirav/Code/Deepfake_Detection/deepfake-project/dataset_builder/val/ai_generated/mj_topup_000204.jpg
data_sources/ai_generated/Midjourney_TopUp/mj_topup_000215.jpg,data_sources/ai_generated/Midjourney_TopUp,ai_generated,260,520,0.5,JPEG,20159,c1a14d8791a92224bcdb35057ab52549,480ac6cc9ca250ec3aefcb4e0718512605f20b086342740cbbb563916d2f2737,1.0,87783835f227661e,ok,127.08796755869018,True,True,cluster_01121,val,/home/dheirav/Code/Deepfake_Detection/deepfake-project/dataset_builder/val/ai_generated/mj_topup_000215.jpg
data_sources/ai_generated/Midjourney_TopUp/mj_topup_000216.jpg,data_sources/ai_generated/Midjourney_TopUp,ai_generated,1024,1024,1.0,JPEG,221869,73542b50795143e2475f46737d215948,7003eaa37434560d60678e93f4ceaae0f7596aa168dca2afd6c3004fd3e47fec,1.0,9219613f0e966fc3,ok,296.24357205902925,True,True,cluster_00644,val,/home/dheirav/Code/Deepfake_Detection/deepfake-project/dataset_builder/val/ai_generated/mj_topup_000216.jpg
data_sources/ai_generated/Midjourney_TopUp/mj_topup_000226.jpg,data_sources/ai_generated/Midjourney_TopUp,ai_generated,1024,1536,0.6667,JPEG,393900,b86700ce139d6fddb46bf075bdbec7f2,ad860acf47ad0682b13f98decc1962de3ed15d0fa80ccb4699d952d0b2819600,1.0,86636dcc18b3754b,ok,139.69749468414253,True,True,cluster_00151,val,/home/dheirav/Code/Deepfake_Detection/deepfake-project/dataset_builder/val/ai_generated/mj_topup_000226.jpg
data_sources/ai_generated/Midjourney_TopUp/mj_topup_000231.jpg,data_sources/ai_generated/Midjourney_TopUp,ai_generated,300,520,0.5769,JPEG,55385,7234a2454782436474aae2c543819543,ed66178d686684ab440901a115005a79b1877cf73fac11c085c428d1cf618532,1.0,91956acb4a66376c,ok,775.8019931870068,True,True,cluster_01040,val,/home/dheirav/Code/Deepfake_Detection/deepfake-project/dataset_builder/val/ai_generated/mj_topup_000231.jpg
data_sources/ai_generated/Midjourney_TopUp/mj_topup_000242.jpg,data_sources/ai_generated/Midjourney_TopUp,ai_generated,1024,1280,0.8,JPEG,300718,43b976edcf78896db707762990631fa9,f7a2398bad325f148991e6f5174ec7eb8df8ed1e70a39a263fc02152f5af67aa,1.0,94952d6d4e629e9a,ok,1007.6085794091202,True,True,cluster_00371,val,/home/dheirav/Code/Deepfake_Detection/deepfake-project/dataset_builder/val/ai_generated/mj_topup_000242.jpg
data_sources/ai_generated/Midjourney_TopUp/mj_topup_000258.jpg,data_sources/ai_generated/Midjourney_TopUp,ai_generated,960,1664,0.5769,JPEG,542297,bbd14260ed8b4005a0a88e4d598867de,2f5d7645f17050f9d84190d2167d22fe6858b54f224a4dbe09d068895d2024b0,1.0,93262d2babc713f0,ok,1469.6118862271921,True,True,cluster_00042,val,/home/dheirav/Code/Deepfake_Detection/deepfake-project/dataset_builder/val/ai_generated/mj_topup_000258.jpg
data_sources/ai_generated/Midjourney_TopUp/mj_topup_000272.jpg,data_sources/ai_generated/Midjourney_TopUp,ai_generated,960,1664,0.5769,JPEG,488508,c86ba60a7d9d01e3b083a6c75c8c8cba,5078cc79cb4147d69f46822696d3eafd452bcf064b1e4313fe95a8e6e32648c4,1.0,eb9555e03c6c3338,ok,360.5871794678662,True,True,cluster_00048,val,/home/dheirav/Code/Deepfake_Detection/deepfake-project/dataset_builder/val/ai_generated/mj_topup_000272.jpg
data_sources/ai_generated/Midjourney_TopUp/mj_topup_000284.jpg,data_sources/ai_generated/Midjourney_TopUp,ai_generated,864,1728,0.5,JPEG,301262,accff894a774e6db180c861d55a6d23e,4b79c046d23d555eaf2799df2bc5e7c9c53a905e6249d06f5f130c9aff9dc6b4,1.0,cce6664c6938a64f,ok,176.5220764483494,True,True,cluster_00300,val,/home/dheirav/Code/Deepfake_Detection/deepfake-project/dataset_builder/val/ai_generated/mj_topup_000284.jpg
data_sources/ai_generated/Midjourney_TopUp/mj_topup_000290.jpg,data_sources/ai_generated/Midjourney_TopUp,ai_generated,864,1728,0.5,JPEG,311211,b6f1ced6e6b28ad7335be55190e403c0,074f92648a356ab08665670aef9ac5e3e9e2556f5c94c6f43dc20fec3ff226fb,1.0,9899494a3d6f24b7,ok,252.70448543618875,True,True,cluster_00295,val,/home/dheirav/Code/Deepfake_Detection/deepfake-project/dataset_builder/val/ai_generated/mj_topup_000290.jpg
data_sources/ai_generated/Midjourney_TopUp/mj_topup_000291.jpg,data_sources/ai_generated/Midjourney_TopUp,ai_generated,260,520,0.5,JPEG,39073,2c720cc7ba2a371e8ee17ab0da57222a,f3159ddb12fc41efc365fb7ddd1502e8a9bf7c522cea4a30e9ef061eaca3d515,1.0,9899494b3d6e24b7,ok,612.1090594363271,True,True,cluster_01101,val,/home/dheirav/Code/Deepfake_Detection/deepfake-project/dataset_builder/val/ai_generated/mj_topup_000291.jpg
data_sources/ai_generated/Midjourney_TopUp/mj_topup_000293.jpg,data_sources/ai_generated/Midjourney_TopUp,ai_generated,416,520,0.8,JPEG,49423,f0989c3cf7c9a924da3c91b67ebd9866,a740c34907f984c4752063b375825fbcd1aaf4a90969ee1fa16179b23ac935d2,1.0,edd83609f942b11d,ok,204.58558136387018,True,True,cluster_00960,val,/home/dheirav/Code/Deepfake_Detection/deepfake-project/dataset_builder/val/ai_generated/mj_topup_000293.jpg
data_sources/ai_generated/Midjourney_TopUp/mj_topup_000296.jpg,data_sources/ai_generated/Midjourney_TopUp,ai_generated,1024,1344,0.7619,JPEG,199052,ad546ed156658cc3878a94334c2ecfcf,e99238484a6fe232c92932532fb8853fa68bee16d0c11ed22d6dd9df08fe8970,1.0,bdc0c31d8cf039cd,ok,145.46660576910233,True,True,cluster_00357,val,/home/dheirav/Code/Deepfake_Detection/deepfake-project/dataset_builder/val/ai_generated/mj_topup_000296.jpg
data_sources/ai_generated/Midjourney_TopUp/mj_topup_000321.jpg,data_sources/ai_generated/Midjourney_TopUp,ai_generated,346,520,0.6654,JPEG,45149,e4bd60456f43b69220a7909605788a36,7f4f93bb50c31bb539303de6f95d0557148f99464b4d47980a186ea3bfa9489f,1.0,80a71d5f187276b9,ok,116.53899472143245,True,True,cluster_01002,val,/home/dheirav/Code/Deepfake_Detection/deepfake-project/dataset_builder/val/ai_generated/mj_topup_000321.jpg
data_sources/ai_generated/Midjourney_TopUp/mj_topup_000323.jpg,data_sources/ai_generated/Midjourney_TopUp,ai_generated,260,520,0.5,JPEG,31987,a15189c427c01feddd43806fca746ad8,0aa2e844c72031f0b0d9b25d027fe603fc410af6871fe1c96fa2e56a9d0fdea7,1.0,c01f3f683b63a263,ok,468.275362351141,True,True,cluster_01114,val,/home/dheirav/Code/Deepfake_Detection/deepfake-project/dataset_builder/val/ai_generated/mj_topup_000323.jpg
data_sources/ai_generated/Midjourney_TopUp/mj_topup_000324.jpg,data_sources/ai_generated/Midjourney_TopUp,ai_generated,960,1664,0.5769,JPEG,399248,c1c0bae8941a002b81fbc7991057fb4f,81371485394fc363874eb54efbee44ff5c41d50b4e5f874014985513b73e0945,1.0,eac7a59884999f38,ok,371.5916626082135,True,True,cluster_00065,val,/home/dheirav/Code/Deepfake_Detection/deepfake-project/dataset_builder/val/ai_generated/mj_topup_000324.jpg
data_sources/ai_generated/Midjourney_TopUp/mj_topup_000326.jpg,data_sources/ai_generated/Midjourney_TopUp,ai_generated,960,1664,0.5769,JPEG,327335,e4a5e398c68cec2d38a04fd147c8b1f2,f5e177491eabe93cf7d116e310da0ebb0ac7fddc070483faa2eafc3bc4274cd6,1.0,e3a87c7222dd829d,ok,614.5742811503824,True,True,cluster_00087,val,/home/dheirav/Code/Deepfake_Detection/deepfake-project/dataset_builder/val/ai_generated/mj_topup_000326.jpg
data_sources/ai_generated/Midjourney_TopUp/mj_topup_000328.jpg,data_sources/ai_generated/Midjourney_TopUp,ai_generated,1024,1024,1.0,JPEG,185247,ff6ea42d7e99478f32b74629b4fce2a3,235171b1308a8c4580a6f4989ecbb51a0b90786eb268084a0ba62cac3ea7cf33,1.0,9b4d4d927b653219,ok,1531.7764272021877,True,True,cluster_00685,val,/home/dheirav/Code/Deepfake_Detection/deepfake-project/dataset_builder/val/ai_generated/mj_topup_000328.jpg
data_sources/ai_generated/Midjourney_TopUp/mj_topup_000337.jpg,data_sources/ai_generated/Midjourney_TopUp,ai_generated,300,520,0.5769,JPEG,46784,b600bcd674c3f36aec088274e80c975c,4a8102497a29f5fc9d1ecb1d06c6d31357b1b559d896770b1feff93ec0baf6d1,1.0,c8e97c397e60271c,ok,433.6623770399408,True,True,cluster_01048,val,/home/dheirav/Code/Deepfake_Detection/deepfake-project/dataset_builder/val/ai_generated/mj_topup_000337.jpg
data_sources/ai_generated/Midjourney_TopUp/mj_topup_000344.jpg,data_sources/ai_generated/Midjourney_TopUp,ai_generated,1024,1536,0.6667,JPEG,353492,ca7e0e9ab22ebdd43d6e190a1fe498b3,d9995c343d26e786c636e8637841e2523128a83fdfa30fc22dde3025ba6e83ed,1.0,c06e3ad167338d66,ok,1582.8349957614903,True,True,cluster_00174,val,/home/dheirav/Code/Deepfake_Detection/deepfake-project/dataset_builder/val/ai_generated/mj_topup_000344.jpg
data_sources/ai_generated/Midjourney_TopUp/mj_topup_000348.jpg,data_sources/ai_generated/Midjourney_TopUp,ai_generated,1024,1536,0.6667,JPEG,342046,71bcd0ba5b8a2114fd37a4939567309c,9aa9f3e897882735f0a65397c1a7357a1c85129930655cd3dc7eb66a40153457,1.0,c7065bcf1c783c31,ok,219.97387235566688,True,True,cluster_00180,val,/home/dheirav/Code/Deepfake_Detection/deepfake-project/dataset_builder/val/ai_generated/mj_topup_000348.jpg
data_sources/ai_generated/Midjourney_TopUp/mj_topup_000350.jpg,data_sources/ai_generated/Midjourney_TopUp,ai_generated,864,1728,0.5,JPEG,316972,9fca6784147248f76a7691b87a1db663,5b89b90ada3680f92561fd86c2180735cf916a85af48d6d051092a5a526146e1,1.0,c4d8e31c1e35d7e0,ok,614.0882877256174,True,True,cluster_00290,val,/home/dheirav/Code/Deepfake_Detection/deepfake-project/dataset_builder/val/ai_generated/mj_topup_000350.jpg
data_sources/ai_generated/Midjourney_TopUp/mj_topup_000352.jpg,data_sources/ai_generated/Midjourney_TopUp,ai_generated,1728,864,2.0,JPEG,500357,dc9e4446e1d35159672bdc2b1b3c2740,39cac737a4ec04c1bc8b3fc34f47deea6428fed8088b74742b947210c0f4c5a2,1.0,8da5725e465a5b86,ok,1378.4751629759228,True,True,cluster_00228,val,/home/dheirav/Code/Deepfake_Detection/deepfake-project/dataset_builder/val/ai_generated/mj_topup_000352.jpg
data_sources/ai_generated/Midjourney_TopUp/mj_topup_000358.jpg,data_sources/ai_generated/Midjourney_TopUp,ai_generated,864,1728,0.5,JPEG,587390,3383b321c0d27481c4b05c4b68ef0235,8a4bc7cd810e3ac93219bd00f63eae42ae0972bab025fb8babf6aaef53aad02e,1.0,99586db4169b3974,ok,1406.751171432938,True,True,cluster_00222,val,/home/dheirav/Code/Deepfake_Detection/deepfake-project/dataset_builder/val/ai_generated/mj_topup_000358.jpg
data_sources/ai_generated/Midjourney_TopUp/mj_topup_000364.jpg,data_sources/ai_generated/Midjourney_TopUp,ai_generated,1536,1024,1.5,JPEG,320114,3260316ef75ba8156e969b7de0142309,e9ec9b396be2856cf3f2c9b08f3bd90dc4a8717f2409496d59db24d4b500aff9,1.0,9c56b81b6e2943ad,ok,121.05235669926817,True,True,cluster_00189,val,/home/dheirav/Code/Deepfake_Detection/deepfake-project/dataset_builder/val/ai_generated/mj_topup_000364.jpg
data_sources/ai_generated/Midjourney_TopUp/mj_topup_000376.jpg,data_sources/ai_generated/Midjourney_TopUp,ai_generated,1024,1024,1.0,JPEG,233771,f75f1826f90dc62f310f641c614210ab,f6a15f482445e2918874c692d9deb671b4120cd85830e53617a075cf36ca5757,1.0,f41b4e3478c73331,ok,411.3893991394498,True,True,cluster_00634,val,/home/dheirav/Code/Deepfake_Detection/deepfake-project/dataset_builder/val/ai_generated/mj_topup_000376.jpg
data_sources/ai_generated/Midjourney_TopUp/mj_topup_000378.jpg,data_sources/ai_generated/Midjourney_TopUp,ai_generated,1024,1536,0.6667,JPEG,369517,45c438304cfa6ef5f8db7e80089cd397,8983d7e2495a79af1d631c256a70dd4b9bcbea7041f6687498b75040eac82af8,1.0,841318ce632f69fd,ok,136.81715315559956,True,True,cluster_00163,val,/home/dheirav/Code/Deepfake_Detection/deepfake-project/dataset_builder/val/ai_generated/mj_topup_000378.jpg
data_sources/ai_generated/Midjourney_TopUp/mj_topup_000390.jpg,data_sources/ai_generated/Midjourney_TopUp,ai_generated,1568,896,1.75,JPEG,315060,c6d97bfc0673b4cf9096dde532bacc16,21d15c681cc6f616d336b9b7e11f67204ed918e3d591ecbabb28c7e4bb6f3f4b,1.0,c66ccc3e9131d939,ok,225.0639244890471,True,True,cluster_00343,val,/home/dheirav/Code/Deepfake_Detection/deepfake-project/dataset_builder/val/ai_generated/mj_topup_000390.jpg
data_sources/ai_generated/Midjourney_TopUp/mj_topup_000401.jpg,data_sources/ai_generated/Midjourney_TopUp,ai_generated,346,520,0.6654,JPEG,34851,062ba9b8a2b9be45c1e5a828d237229b,ec6701487539c02970c0150cb7021f79d40ae669090c28860668dea5ff425c03,1.0,d9c18787663ed88c,ok,200.85557465288042,True,True,cluster_01029,val,/home/dheirav/Code/Deepfake_Detection/deepfake-project/dataset_builder/val/ai_generated/mj_topup_000401.jpg
data_sources/ai_generated/Midjourney_TopUp/mj_topup_000404.jpg,data_sources/ai_generated/Midjourney_TopUp,ai_generated,1024,1024,1.0,JPEG,314652,6ae8b7c3904c64bb01a210bc000dbc66,a22c224fb1318ca01a95690cc31118a199d63264c08d91adb0feb59122c6327f,1.0,9a8964d2debc2927,ok,125.45241737467222,True,True,cluster_00524,val,/home/dheirav/Code/Deepfake_Detection/deepfake-project/dataset_builder/val/ai_generated/mj_topup_000404.jpg
data_sources/ai_generated/Midjourney_TopUp/mj_topup_000409.jpg,data_sources/ai_generated/Midjourney_TopUp,ai_generated,520,520,1.0,JPEG,50540,e8f836ec09b2ba3107e32a38f211f951,e0ce8a7bed291714b06c2990388beccbcf3ae270e9848f799e0b399faca46027,1.0,f84d86b36c92265b,ok,98.64707589018624,True,True,cluster_00928,val,/home/dheirav/Code/Deepfake_Detection/deepfake-project/dataset_builder/val/ai_generated/mj_topup_000409.jpg
data_sources/ai_generated/Midjourney_TopUp/mj_topup_000416.jpg,data_sources/ai_generated/Midjourney_TopUp,ai_generated,1024,1536,0.6667,JPEG,463291,9dd7a335f35cc4f17c0fddf679b420e9,da7cc72775ae73d05106311fed1c1bdf700997a8280eef66cbe4970114427e31,1.0,d180666703be3b79,ok,787.6458370840005,True,True,cluster_00125,val,/home/dheirav/Code/Deepfake_Detection/deepfake-project/dataset_builder/val/ai_generated/mj_topup_000416.jpg
data_sources/ai_generated/Midjourney_TopUp/mj_topup_000424.jpg,data_sources/ai_generated/Midjourney_TopUp,ai_generated,1536,1024,1.5,JPEG,313012,66cae3c35997aa5ba824e0415734f3b4,55358ebfd3eaff074bad0a7a0913dce0b5327581e6e23e6b6ea8604cfe74533e,1.0,b14dcc265c33cb35,ok,228.65564979136448,True,True,cluster_00193,val,/home/dheirav/Code/Deepfake_Detection/deepfake-project/dataset_builder/val/ai_generated/mj_topup_000424.jpg
data_sources/ai_generated/Midjourney_TopUp/mj_topup_000428.jpg,data_sources/ai_generated/Midjourney_TopUp,ai_generated,960,1664,0.5769,JPEG,376120,03e81f332a3a8d7b55b7dc270294d53e,ba16ded890e81435772ec9b7cfcc26b5b6a8ce89fa3a1f83568111ba717d429e,1.0,c4833f0c7c393337,ok,511.2791954524559,True,True,cluster_00072,val,/home/dheirav/Code/Deepfake_Detection/deepfake-project/dataset_builder/val/ai_generated/mj_topup_000428.jpg
data_sources/ai_generated/Midjourney_TopUp/mj_topup_000433.jpg,data_sources/ai_generated/Midjourney_TopUp,ai_generated,520,520,1.0,JPEG,51495,55f1cf8e1d92b69ad6dc03ae818c310f,eb791970b0c2aef4a6519d828e676d525f14bea04a4b878aed95005b08ec5893,1.0,c44b9f70e0b56335,ok,101.36054835143148,True,True,cluster_00927,val,/home/dheirav/Code/Deepfake_Detection/deepfake-project/dataset_builder/val/ai_generated/mj_topup_000433.jpg
data_sources/ai_generated/Midjourney_TopUp/mj_topup_000436.jpg,data_sources/ai_generated/Midjourney_TopUp,ai_generated,1024,1024,1.0,JPEG,294982,e653d400733caf71b0a078e38fd70cd2,40d064869161240fddd08ea8ee0503e572926f714c211fe17c5d898f5be9aba0,1.0,94946e6b6b123b9a,ok,1960.5513324650194,True,True,cluster_00540,val,/home/dheirav/Code/Deepfake_Detection/deepfake-project/dataset_builder/val/ai_generated/mj_topup_000436.jpg
data_sources/ai_generated/Midjourney_TopUp/mj_topup_000462.jpg,data_sources/ai_generated/Midjourney_TopUp,ai_generated,864,1728,0.5,JPEG,340483,8cc247d4bc01aa8ded1749d5159aefe1,1cffd5b6a17efb1e909696833a7c420d469c307bf7466fe6565cedbbee86b3d5,1.0,c7c71f9364c981b4,ok,122.16096929543326,True,True,cluster_00274,val,/home/dheirav/Code/Deepfake_Detection/deepfake-project/dataset_builder/val/ai_generated/mj_topup_000462.jpg
data_sources/ai_generated/Midjourney_TopUp/mj_topup_000482.jpg,data_sources/ai_generated/Midjourney_TopUp,ai_generated,960,1664,0.5769,JPEG,559231,46c1d5389ee4bfc972a43170524e7172,69aaf9b0582fda0e96ffddf51c98eb6279d769ce454f56c9378870fbcb612691,1.0,84f462321f472fe9,ok,1429.9398282413872,True,True,cluster_00040,val,/home/dheirav/Code/Deepfake_Detection/deepfake-project/dataset_builder/val/ai_generated/mj_topup_000482.jpg
data_sources/ai_generated/Midjourney_TopUp/mj_topup_000484.jpg,data_sources/ai_generated/Midjourney_TopUp,ai_generated,864,1728,0.5,JPEG,371415,78ca5ebe035a9b3bb98824758d04929e,e68ed4941bc9a005f14c78f9718de80adb6db7824d3384e2e1a948dfe4bccc89,1.0,d04f6db01f992467,ok,1423.3983857102592,True,True,cluster_00261,val,/home/dheirav/Code/Deepfake_Detection/deepfake-project/dataset_builder/val/ai_generated/mj_topup_000484.jpg
data_sources/ai_generated/Midjourney_TopUp/mj_topup_000498.jpg,data_sources/ai_generated/Midjourney_TopUp,ai_generated,300,520,0.5769,JPEG,44642,fe9d317407cad2d687d91c6087c099ec,e4278d6120c7da41c3939ef2d0cd5061c263d264883f1af2a1bc14f9a7813d45,1.0,ca2f21c5749987f4,ok,442.96011538313616,True,True,cluster_01052,val,/home/dheirav/Code/Deepfake_Detection/deepfake-project/dataset_builder/val/ai_generated/mj_topup_000498.jpg
data_sources/ai_generated/Midjourney_TopUp/mj_topup_000501.jpg,data_sources/ai_generated/Midjourney_TopUp,ai_generated,864,1728,0.5,JPEG,270525,8eae797723291809084144c64f776959,2b266d8456faa4a9cbf06390f28ac4536f744ce89fbe109b763d3029614112c4,1.0,b4cf8fb06c622c2d,ok,365.32132656797063,True,True,cluster_00313,val,/home/dheirav/Code/Deepfake_Detection/deepfake-project/dataset_builder/val/ai_generated/mj_topup_000501.jpg
data_sources/ai_generated/Midjourney_TopUp/mj_topup_000509.jpg,data_sources/ai_generated/Midjourney_TopUp,ai_generated,960,1664,0.5769,JPEG,569351,4ae9f878e48ef14656e6abf6f60d6f08,9b1a8b98fcfa085cf40e66fadb470d10fca08f632954bd8925f93110df0cccbd,1.0,82e27d292e5c3ae3,ok,2800.594828085203,True,True,cluster_00039,val,/home/dheirav/Code/Deepfake_Detection/deepfake-project/dataset_builder/val/ai_generated/mj_topup_000509.jpg
data_sources/ai_generated/Midjourney_TopUp/mj_topup_000511.jpg,data_sources/ai_generated/Midjourney_TopUp,ai_generated,864,1728,0.5,JPEG,341400,4c387d304c6882ab41f8548aee88644c,6e37d25287e3b870c82ec9bff03851cf837493e7412aa6c94caee07a2c23926b,1.0,85a8f2c679c33c93,ok,829.2276948593056,True,True,cluster_00273,val,/home/dheirav/Code/Deepfake_Detection/deepfake-project/dataset_builder/val/ai_generated/mj_topup_000511.jpg
data_sources/ai_generated/Midjourney_TopUp/mj_topup_000516.jpg,data_sources/ai_generated/Midjourney_TopUp,ai_generated,1024,1024,1.0,JPEG,265450,84d32689aa2498dff4018886e5289aa2,d929b899021fafc556bce3822f8882e544b6702bd6ff60b77851083e4c3a6394,1.0,a95af060436ee667,ok,261.55130825820277,True,True,cluster_00580,val,/home/dheirav/Code/Deepfake_Detection/deepfake-project/dataset_builder/val/ai_generated/mj_topup_000516.jpg
data_sources/ai_generated/Midjourney_TopUp/mj_topup_000519.jpg,data_sources/ai_generated/Midjourney_TopUp,ai_generated,864,1728,0.5,JPEG,257172,d5d0dd307fba32f9d39fd45c61ab32eb,fb3d9826d463d8a078d2631afd9b6948853ae8d77a160b3df77eae501c683359,1.0,95323b8c5e68e19d,ok,556.7952336509169,True,True,cluster_00317,val,/home/dheirav/Code/Deepfake_Detection/deepfake-project/dataset_builder/val/ai_generated/mj_topup_000519.jpg
data_sources/ai_generated/Midjourney_TopUp/mj_topup_000522.jpg,data_sources/ai_generated/Midjourney_TopUp,ai_generated,864,1728,0.5,JPEG,356503,994ff86d140036500aaa2f07e4dc8535,a0fc8e4b8cad38f1faae8ac42a67924ce2482209a35a2a7c7e1910fb5b746ab4,1.0,956b6ae16a4ed892,ok,680.3131897600744,True,True,cluster_00266,val,/home/dheirav/Code/Deepfake_Detection/deepfake-project/dataset_builder/val/ai_generated/mj_topup_000522.jpg
data_sources/ai_generated/Midjourney_TopUp/mj_topup_000526.jpg,data_sources/ai_generated/Midjourney_TopUp,ai_generated,520,520,1.0,JPEG,48784,62856818b3c5057f6bb694c51e0688d3,c064ad7008c8e45265753342201783bce248eb4dd7af30c6eae9561c1e045541,1.0,cce5d532171a72cc,ok,100.9382182064266,True,True,cluster_00933,val,/home/dheirav/Code/Deepfake_Detection/deepfake-project/dataset_builder/val/ai_generated/mj_topup_000526.jpg
data_sources/ai_generated/Midjourney_TopUp/mj_topup_000529.jpg,data_sources/ai_generated/Midjourney_TopUp,ai_generated,1024,1536,0.6667,JPEG,444112,13206be35bf45eb31265b1b19b07d74b,26a7cc58eacd17687d70797b895a9e3a65c36a10e48c7ffd7dc9344857c54a93,1.0,fbc88d9e9031ce31,ok,2064.591010017728,True,True,cluster_00130,val,/home/dheirav/Code/Deepfake_Detection/deepfake-project/dataset_builder/val/ai_generated/mj_topup_000529.jpg
data_sources/ai_generated/Midjourney_TopUp/mj_topup_000531.jpg,data_sources/ai_generated/Midjourney_TopUp,ai_generated,864,1728,0.5,JPEG,174706,348faaf81920da41826770fdde0ee967,5bd6029b21508ea6d8654f346c96d9c1d7433862261bfdd7ea47a0d56219b45d,1.0,f99a4e611992359b,ok,198.8352529684208,True,True,cluster_00333,val,/home/dheirav/Code/Deepfake_Detection/deepfake-project/dataset_builder/val/ai_generated/mj_topup_000531.jpg
data_sources/ai_generated/Midjourney_TopUp/mj_topup_000533.jpg,data_sources/ai_generated/Midjourney_TopUp,ai_generated,296,520,0.5692,JPEG,48665,bf17245a64f1e74d7a2bce68e0cf0b2d,0958d9a5a8de8e23ccc31b58fe868ed6db98b8319055702811e8e0a5bb18df3e,1.0,c1cc6cc6f831724f,ok,674.5522494891219,True,True,cluster_01072,val,/home/dheirav/Code/Deepfake_Detection/deepfake-project/dataset_builder/val/ai_generated/mj_topup_000533.jpg
data_sources/ai_generated/Midjourney_TopUp/mj_topup_000537.jpg,data_sources/ai_generated/Midjourney_TopUp,ai_generated,520,296,1.7568,JPEG,43472,ab1b993bb9f25319d23f940799538e2e,d9ffc0389c3a3d0319981bb435b510bdf153ee99fd6d4c3ea7b2b1f6169cc294,1.0,c6b61d7a9043ef06,ok,180.26964292122892,True,True,cluster_01074,val,/home/dheirav/Code/Deepfake_Detection/deepfake-project/dataset_builder/val/ai_generated/mj_topup_000537.jpg
data_sources/ai_generated/Midjourney_TopUp/mj_topup_000542.jpg,data_sources/ai_generated/Midjourney_TopUp,ai_generated,1024,1536,0.6667,JPEG,354837,a607007556df7ff3f7966494b95dc5a3,f4370f55b5e681d29e20b73439a72abe8372a4e718e66f0aef9e2a2e04bcea70,1.0,c9d926c6661ed931,ok,788.0255797893365,True,True,cluster_00173,val,/home/dheirav/Code/Deepfake_Detection/deepfake-project/dataset_builder/val/ai_generated/mj_topup_000542.jpg
data_sources/ai_generated/Midjourney_TopUp/mj_topup_000552.jpg,data_sources/ai_generated/Midjourney_TopUp,ai_generated,864,1728,0.5,JPEG,465381,afeff807099f77d0281ba51d83e98ebf,b7e29c0979cccec0c13988376aa07146ca64a8a4d89a9dffbe54d72f20b78e61,1.0,9db398dd436d2384,ok,238.79840223067163,True,True,cluster_00233,val,/home/dheirav/Code/Deepfake_Detection/deepfake-project/dataset_builder/val/ai_generated/mj_topup_000552.jpg
data_sources/ai_generated/Midjourney_TopUp/mj_topup_000566.jpg,data_sources/ai_generated/Midjourney_TopUp,ai_generated,1024,1024,1.0,JPEG,164023,bce0fc7df299dedf6cb8347bc0358825,6482ba7162fc7d1edc305260b49bb6350732ca9107f5d356ebcf4961bacaea37,1.0,e62658a993d3c99c,ok,134.5414514512076,True,True,cluster_00698,val,/home/dheirav/Code/Deepfake_Detection/deepfake-project/dataset_builder/val/ai_generated/mj_topup_000566.jpg
data_sources/ai_generated/Midjourney_TopUp/mj_topup_000570.jpg,data_sources/ai_generated/Midjourney_TopUp,ai_generated,1024,1024,1.0,JPEG,241219,12b3f42298bc204720104e033b741ce1,9d10aea6453880439071efb936a854c5ab645a11ae3ad4648da8fde17669f40d,1.0,93a34e44313f9b69,ok,116.43262847570804,True,True,cluster_00621,val,/home/dheirav/Code/Deepfake_Detection/deepfake-project/dataset_builder/val/ai_generated/mj_topup_000570.jpg
data_sources/ai_generated/Midjourney_TopUp/mj_topup_000576.jpg,data_sources/ai_generated/Midjourney_TopUp,ai_generated,1024,1024,1.0,JPEG,228273,bf2f7e4b47d10854c9c60daf3eef8a47,679edc1ec321e96828ca2a970fba334320f8735aef470aaa5a62e2592ffffc3c,1.0,a055476a3e99955b,ok,106.68644398183004,True,True,cluster_00638,val,/home/dheirav/Code/Deepfake_Detection/deepfake-project/dataset_builder/val/ai_generated/mj_topup_000576.jpg
data_sources/ai_generated/Midjourney_TopUp/mj_topup_000580.jpg,data_sources/ai_generated/Midjourney_TopUp,ai_generated,1024,1024,1.0,JPEG,325678,17a1758a3b2cbf3935bd2f1c718356be,50cd9f0e38026f0f2ebdbf21e636b91c2e8bc54b8a188989e7e36948885865c7,1.0,e1e54791658d5a5a,ok,1071.6151665332582,True,True,cluster_00517,val,/home/dheirav/Code/Deepfake_Detection/deepfake-project/dataset_builder/val/ai_generated/mj_topup_000580.jpg
data_sources/ai_generated/Midjourney_TopUp/mj_topup_000584.jpg,data_sources/ai_generated/Midjourney_TopUp,ai_generated,1024,1024,1.0,JPEG,288411,12827ca8bfea5d803f4afeca030c7d7b,36975ff6f8893b2b549ccd90ac0ccfab135a153f245944719801d6b2a830bc8f,1.0,e56492c7cd3935c1,ok,4334.10875644855,True,True,cluster_00545,val,/home/dheirav/Code/Deepfake_Detection/deepfake-project/dataset_builder/val/ai_generated/mj_topup_000584.jpg
data_sources/ai_generated/Midjourney_TopUp/mj_topup_000606.jpg,data_sources/ai_generated/Midjourney_TopUp,ai_generated,1024,1024,1.0,JPEG,283378,855f8d39d51adc614c89f2957664c018,f14bbe930372c691e08ed0760f38d7726b9a3ec5b0fcbdfc8f9d90a9e34b8f28,1.0,b4cfc30cce319c33,ok,2644.7629791064537,True,True,cluster_00552,val,/home/dheirav/Code/Deepfake_Detection/deepfake-project/dataset_builder/val/ai_generated/mj_topup_000606.jpg
data_sources/ai_generated/Midjourney_TopUp/mj_topup_000612.jpg,data_sources/ai_generated/Midjourney_TopUp,ai_generated,1024,1536,0.6667,JPEG,419824,e7eb5ed0dbd6c589623890fef4a12ed3,ea870c8e4983c44628c490298b3c163a26054359464971ede1c166bc0b799936,1.0,878432316bce6d4f,ok,660.03215706804,True,True,cluster_00137,val,/home/dheirav/Code/Deepfake_Detection/deepfake-project/dataset_builder/val/ai_generated/mj_topup_000612.jpg
data_sources/ai_generated/Midjourney_TopUp/mj_topup_000614.jpg,data_sources/ai_generated/Midjourney_TopUp,ai_generated,864,1728,0.5,JPEG,549561,f62bfc4bbca07617626693fbf31dd624,a3913fbedd4f9f98fb65b7198e722ef3b091d61144f16ecc0d807ca1ccd95159,1.0,d0bdd44b0b076676,ok,1614.816783621677,True,True,cluster_00224,val,/home/dheirav/Code/Deepfake_Detection/deepfake-project/dataset_builder/val/ai_generated/mj_topup_000614.jpg
data_sources/ai_generated/Midjourney_TopUp/mj_topup_000630.jpg,data_sources/ai_generated/Midjourney_TopUp,ai_generated,1024,1536,0.6667,JPEG,567162,b0d0e8b03d6ba928e2597b6a7be02a9b,637e2497681c0fb17d9d4475fddee7844303e75825b785c157c141eb774307fb,1.0,eecac13db905cc70,ok,1607.7218679104114,True,True,cluster_00111,val,/home/dheirav/Code/Deepfake_Detection/deepfake-project/dataset_builder/val/ai_generated/mj_topup_000630.jpg
data_sources/ai_generated/Midjourney_TopUp/mj_topup_000631.jpg,data_sources/ai_generated/Midjourney_TopUp,ai_generated,346,520,0.6654,JPEG,77774,58204cf745c12bcb8469cfa475dc1e8e,e10702aaa106243760f47f3594e069469d9fbbf63b7c8f85780d80c85a07b366,1.0,eecec11db905cc70,ok,4074.903029007625,True,True,cluster_00982,val,/home/dheirav/Code/Deepfake_Detection/deepfake-project/dataset_builder/val/ai_generated/mj_topup_000631.jpg
data_sources/ai_generated/Midjourney_TopUp/mj_topup_000640.jpg,data_sources/ai_generated/Midjourney_TopUp,ai_generated,1024,1536,0.6667,JPEG,343999,86f435089432c549e8a046f7c9cfdc09,acd55cbfb4e7fb45a3094aa84ad222bc5e35c2191dbba105011a9f397a6818cf,1.0,e78aa0b4920d9f79,ok,87.09189740640149,True,True,cluster_00178,val,/home/dheirav/Code/Deepfake_Detection/deepfake-project/dataset_builder/val/ai_generated/mj_topup_000640.jpg
data_sources/ai_generated/Midjourney_TopUp/mj_topup_000680.jpg,data_sources/ai_generated/Midjourney_TopUp,ai_generated,864,1728,0.5,JPEG,374365,0d015d6e0950b9670fab6cc0b970b871,0d3aff4dabbf006f5d65b526096a23d8423f152d87a4c224224212390acabe77,1.0,eedd582897322b34,ok,420.3237859970324,True,True,cluster_00260,val,/home/dheirav/Code/Deepfake_Detection/deepfake-project/dataset_builder/val/ai_generated/mj_topup_000680.jpg
data_sources/ai_generated/Midjourney_TopUp/mj_topup_000684.jpg,data_sources/ai_generated/Midjourney_TopUp,ai_generated,1024,1024,1.0,JPEG,247766,02764b9639f917cdb076746f1a6228fa,3917def8d90c46e85c0d89bb7125166f7d92a0239f2ce3c1b83161784d29a606,1.0,c0d05b2da53b1b8f,ok,864.2889011097786,True,True,cluster_00613,val,/home/dheirav/Code/Deepfake_Detection/deepfake-project/dataset_builder/val/ai_generated/mj_topup_000684.jpg
data_sources/ai_generated/Midjourney_TopUp/mj_topup_000697.jpg,data_sources/ai_generated/Midjourney_TopUp,ai_generated,296,520,0.5692,JPEG,45116,b95b5472bbdae874e1a520958fec160b,5f96389db44304b8d4c52b8408f69c176a948f87531690b301b8887567ba8c4f,1.0,d9c90c3777da6302,ok,354.0342888371352,True,True,cluster_01073,val,/home/dheirav/Code/Deepfake_Detection/deepfake-project/dataset_builder/val/ai_generated/mj_topup_000697.jpg
data_sources/ai_generated/Midjourney_TopUp/mj_topup_000698.jpg,data_sources/ai_generated/Midjourney_TopUp,ai_generated,1024,1024,1.0,JPEG,245299,58444d0de5440efd3635f03a6f037538,c5c90dfa06267cb4bd08c681d186ae8ad81e6c4c5e281fb2ac0888f8a460b403,1.0,b5594a3666b98b98,ok,394.28475664080815,True,True,cluster_00616,val,/home/dheirav/Code/Deepfake_Detection/deepfake-project/dataset_builder/val/ai_generated/mj_topup_000698.jpg
data_sources/ai_generated/Midjourney_TopUp/mj_topup_000704.jpg,data_sources/ai_generated/Midjourney_TopUp,ai_generated,1024,1536,0.6667,JPEG,284807,e12112f33e7f4f055493c0ef6b5457f8,bc600d13c9380ffd9a9e97dc33030ed990d455f15e0a0f1ad15d164bba614044,1.0,f1030f643e933d2d,ok,122.12550852605393,True,True,cluster_00205,val,/home/dheirav/Code/Deepfake_Detection/deepfake-project/dataset_builder/val/ai_generated/mj_topup_000704.jpg
data_sources/ai_generated/Midjourney_TopUp/mj_topup_000716.jpg,data_sources/ai_generated/Midjourney_TopUp,ai_generated,1664,2432,0.6842,JPEG,737147,435267c999395798fd82b399c7a9ac92,84480e492ed0469883ae86952055743723ffbcf904ba2144e7d1d9c11d2b05ac,1.0,c34b9b383c1e693c,ok,290.91202039400736,True,True,cluster_00006,val,/home/dheirav/Code/Deepfake_Detection/deepfake-project/dataset_builder/val/ai_generated/mj_topup_000716.jpg
data_sources/ai_generated/Midjourney_TopUp/mj_topup_000722.jpg,data_sources/ai_generated/Midjourney_TopUp,ai_generated,1024,1024,1.0,JPEG,307011,70f9a71d535dc23d727a63c7c97d9036,ee89733e8d92be6b37cceda2aab9f4dbf153f8a242665ca06008cc681be181f7,1.0,c2ca1a6187ece76c,ok,879.6511840661841,True,True,cluster_00531,val,/home/dheirav/Code/Deepfake_Detection/deepfake-project/dataset_builder/val/ai_generated/mj_topup_000722.jpg
data_sources/ai_generated/Midjourney_TopUp/mj_topup_000724.jpg,data_sources/ai_generated/Midjourney_TopUp,ai_generated,1024,1536,0.6667,JPEG,404676,abe44c0c513059a9531f6da3da6315b9,b244d0b114cc9755aa244d54b3d239a5c94b0125828903bf850c0588e3bfec80,1.0,92c46d3bd1633a3c,ok,200.05343500769072,True,True,cluster_00142,val,/home/dheirav/Code/Deepfake_Detection/deepfake-project/dataset_builder/val/ai_generated/mj_topup_000724.jpg
data_sources/ai_generated/Midjourney_TopUp/mj_topup_000738.jpg,data_sources/ai_generated/Midjourney_TopUp,ai_generated,864,1728,0.5,JPEG,457361,4af7a155f322b0c48da199993bd6c6a2,63562b4fe8b90bfa8880bb3d65d00546abe17a07903dd352af858342ca49d515,1.0,957c2db222c36e4d,ok,378.76901052840844,True,True,cluster_00234,val,/home/dheirav/Code/Deepfake_Detection/deepfake-project/dataset_builder/val/ai_generated/mj_topup_000738.jpg
data_sources/ai_generated/Midjourney_TopUp/mj_topup_000742.jpg,data_sources/ai_generated/Midjourney_TopUp,ai_generated,1152,1792,0.6429,JPEG,389403,8c878f3ca3d3a86359eb4934ba678ed2,fc94028b10f20cd326b214c15621ddd1a71d92c5a987fbc2ca030ac81f315581,1.0,894af672c9b4c8ad,ok,192.84996723937158,True,True,cluster_00026,val,/home/dheirav/Code/Deepfake_Detection/deepfake-project/dataset_builder/val/ai_generated/mj_topup_000742.jpg
data_sources/ai_generated/Midjourney_TopUp/mj_topup_000750.jpg,data_sources/ai_generated/Midjourney_TopUp,ai_generated,864,1728,0.5,JPEG,395084,b13f5a722ba546394b3321091756c20b,c8856ad30f84c805a56d765d2b302e697a17edaafd7d7e35e137805bd8718e17,1.0,f732e1a116363ba8,ok,247.52459815516582,True,True,cluster_00250,val,/home/dheirav/Code/Deepfake_Detection/deepfake-project/dataset_builder/val/ai_generated/mj_topup_000750.jpg
data_sources/ai_generated/Midjourney_TopUp/mj_topup_000753.jpg,data_sources/ai_generated/Midjourney_TopUp,ai_generated,1024,1024,1.0,JPEG,332391,4c6dbc0708ab46c0ea623b5fd558cd79,05802235c50f37b09db5fc8ff734d02fa9dc5d19d596dfa115d5c801c7b3fecf,1.0,8cc8e5cb8e2c3c1f,ok,376.5009031206636,True,True,cluster_00514,val,/home/dheirav/Code/Deepfake_Detection/deepfake-project/dataset_builder/val/ai_generated/mj_topup_000753.jpg
data_sources/ai_generated/Midjourney_TopUp/mj_topup_000770.jpg,data_sources/ai_generated/Midjourney_TopUp,ai_generated,1024,1344,0.7619,JPEG,275988,fffb65e6e16fa7bbb58933762ef0ac8d,7283279170b5b45d798ed08abf95ea81ea24c92af4bfde54f2cb6bd0119715f3,1.0,99539e6f279aa806,ok,256.2258984949899,True,True,cluster_00354,val,/home/dheirav/Code/Deepfake_Detection/deepfake-project/dataset_builder/val/ai_generated/mj_topup_000770.jpg
data_sources/ai_generated/Midjourney_TopUp/mj_topup_000790.jpg,data_sources/ai_generated/Midjourney_TopUp,ai_generated,864,1728,0.5,JPEG,314419,da6c51e03c1e5135739458216852ad3d,d0e413942a5effaaee88e98307c9d42eb84549bef873c56d93d2ba387bb17ba3,1.0,db3f6924962591c9,ok,97.5456851407303,True,True,cluster_00291,val,/home/dheirav/Code/Deepfake_Detection/deepfake-project/dataset_builder/val/ai_generated/mj_topup_000790.jpg
data_sources/ai_generated/Midjourney_TopUp/mj_topup_000801.jpg,data_sources/ai_generated/Midjourney_TopUp,ai_generated,260,520,0.5,JPEG,37601,87b3b916e1faf0c13668b727227f309d,f32b0692c4cfc1d3e2c652fea96b7cc721e6ffe5ae8887173d9f82c00ea394c4,1.0,c1c1c3ce2f3c3c35,ok,463.8514980173466,True,True,cluster_01105,val,/home/dheirav/Code/Deepfake_Detection/deepfake-project/dataset_builder/val/ai_generated/mj_topup_000801.jpg
data_sources/ai_generated/Midjourney_TopUp/mj_topup_000808.jpg,data_sources/ai_generated/Midjourney_TopUp,ai_generated,1024,1536,0.6667,JPEG,288512,bd7373ebd2e6ea34a9a3cc5c9afa60e0,9d164634a170db28e1bbd143b80bea0d04201e4106ab221b27a8b7dd8f40c3cb,1.0,9a45e633977c8c68,ok,432.36684984602834,True,True,cluster_00202,val,/home/dheirav/Code/Deepfake_Detection/deepfake-project/dataset_builder/val/ai_generated/mj_topup_000808.jpg
data_sources/ai_generated/Midjourney_TopUp/mj_topup_000811.jpg,data_sources/ai_generated/Midjourney_TopUp,ai_generated,260,520,0.5,JPEG,28685,d3a4b3ab98032e85f98a45b7bb19c696,d849367a7ad37742811aa213b78047432529a7ebc8c016e7f90b95a4d2f93c47,1.0,b5b15a4e49992d66,ok,279.1531696885614,True,True,cluster_01118,val,/home/dheirav/Code/Deepfake_Detection/deepfake-project/dataset_builder/val/ai_generated/mj_topup_000811.jpg
data_sources/ai_generated/Midjourney_TopUp/mj_topup_000812.jpg,data_sources/ai_generated/Midjourney_TopUp,ai_generated,1152,1792,0.6429,JPEG,414809,aa43e2a33856cc069d428b5a0d190fa9,1d16afa1b05a8a727985d1c529043428ed3bc8148ef66f6dcb2d332392690bad,1.0,9d9b60629dbf2522,ok,388.3537607110058,True,True,cluster_00025,val,/home/dheirav/Code/Deepfake_Detection/deepfake-project/dataset_builder/val/ai_generated/mj_topup_000812.jpg
data_sources/ai_generated/Midjourney_TopUp/mj_topup_000816.jpg,data_sources/ai_generated/Midjourney_TopUp,ai_generated,864,1728,0.5,JPEG,297819,283b5a51dda9dd41fec9254ad1fdd76b,dac84e6f013c9b18e9a20d56b0111f6a43bd9b15f72c369cb18b4cb7d7eaac24,1.0,a9ab96b649a16a59,ok,84.99491264128896,True,True,cluster_00303,val,/home/dheirav/Code/Deepfake_Detection/deepfake-project/dataset_builder/val/ai_generated/mj_topup_000816.jpg
data_sources/ai_generated/Midjourney_TopUp/mj_topup_000820.jpg,data_sources/ai_generated/Midjourney_TopUp,ai_generated,864,1728,0.5,JPEG,334358,c9764c0ca2d432082bcfff8336627cdb,cb15006c38ec46bc9db082c7c41cee9be1e943c40da2d2487f461dc3e7cb2a99,1.0,c88d999869cd26ee,ok,397.6919573416716,True,True,cluster_00280,val,/home/dheirav/Code/Deepfake_Detection/deepfake-project/dataset_builder/val/ai_generated/mj_topup_000820.jpg
data_sources/ai_generated/Midjourney_TopUp/mj_topup_000824.jpg,data_sources/ai_generated/Midjourney_TopUp,ai_generated,864,1728,0.5,JPEG,336476,5ee8c2076b91a913787c4d47d3f6cffd,27dd72e6b3de5aa54f3fd6f3eb8f09600da9fef62d1792e90807df33ef50066f,1.0,bbb3554546580f2d,ok,264.198139704498,True,True,cluster_00277,val,/home/dheirav/Code/Deepfake_Detection/deepfake-project/dataset_builder/val/ai_generated/mj_topup_000824.jpg
data_sources/ai_generated/Midjourney_TopUp/mj_topup_000833.jpg,data_sources/ai_generated/Midjourney_TopUp,ai_generated,260,520,0.5,JPEG,28370,bf9f00014d456ed62d8f62cbd9fb751e,c0a22cec9f5888de1ae3c7daf17bbdd1cc1defbbb0c37b0756a58bcbf14821c5,1.0,b5b1524a49e969d6,ok,316.0235499098421,True,True,cluster_01119,val,/home/dheirav/Code/Deepfake_Detection/deepfake-project/dataset_builder/val/ai_generated/mj_topup_000833.jpg
data_sources/ai_generated/Midjourney_TopUp/mj_topup_000840.jpg,data_sources/ai_generated/Midjourney_TopUp,ai_generated,864,1728,0.5,JPEG,312314,fc1486f3ba0fe71a6a2fb266d6a66151,1fafa789a96fc878fe1df0444cac63c2b2cacb534d4ed3e521b5512a6ab3f0a9,1.0,a99b12163f3f6053,ok,201.64492857637654,True,True,cluster_00294,val,/home/dheirav/Code/Deepfake_Detection/deepfake-project/dataset_builder/val/ai_generated/mj_topup_000840.jpg
data_sources/ai_generated/Midjourney_TopUp/mj_topup_000845.jpg,data_sources/ai_generated/Midjourney_TopUp,ai_generated,300,520,0.5769,JPEG,60689,cd78835cd656e9ebdc70861d6830d9a8,5aafed50117c008f5547cd740ca9619453195d69627a70dd5faf3c8c9c05031b,1.0,e09d17f48c3a36c3,ok,948.3226735535832,True,True,cluster_01038,val,/home/dheirav/Code/Deepfake_Detection/deepfake-project/dataset_builder/val/ai_generated/mj_topup_000845.jpg
data_sources/ai_generated/Midjourney_TopUp/mj_topup_000848.jpg,data_sources/ai_generated/Midjourney_TopUp,ai_generated,864,1728,0.5,JPEG,275659,d0589ca0a0e7281090017cbf2ca75184,e63883bf897307c4590a552c83276f3d3c9ec9a96b081b82b94f74d5bfc96f99,1.0,b11a46ed1de16e26,ok,163.612511651359,True,True,cluster_00312,val,/home/dheirav/Code/Deepfake_Detection/deepfake-project/dataset_builder/val/ai_generated/mj_topup_000848.jpg
data_sources/ai_generated/Midjourney_TopUp/mj_topup_000851.jpg,data_sources/ai_generated/Midjourney_TopUp,ai_generated,260,520,0.5,JPEG,35106,0a77c81303765b030e47b7ed05af1f8b,514c4101df31749e10fc4af0cdc9b55d3a5fef5ad14da35a53304ec084faefc7,1.0,b4ac49951d9572da,ok,512.710682791,True,True,cluster_01109,val,/home/dheirav/Code/Deepfake_Detection/deepfake-project/dataset_builder/val/ai_generated/mj_topup_000851.jpg
data_sources/ai_generated/Midjourney_TopUp/mj_topup_000857.jpg,data_sources/ai_generated/Midjourney_TopUp,ai_generated,520,346,1.5029,JPEG,46087,782e5a2a5e0ae2eacf78f5f58e7e1ca2,42691fff828f4eebe53ac0b67c3537bd0b038e63367f7c141640b9d277d05698,1.0,908b5bcc4bc8667b,ok,380.9560001410389,True,True,cluster_01001,val,/home/dheirav/Code/Deepfake_Detection/deepfake-project/dataset_builder/val/ai_generated/mj_topup_000857.jpg
data_sources/ai_generated/Midjourney_TopUp/mj_topup_000866.jpg,data_sources/ai_generated/Midjourney_TopUp,ai_generated,960,1664,0.5769,JPEG,327729,0e0469bfc46a572e38d48f4f8f7fa5c5,c1eb4929529ff1ad68f6a2c82fa2c19d77c879fd2a9fcdbca7ec547a3b8e0e53,1.0,9999866d49ce79c1,ok,146.48775772716715,True,True,cluster_00086,val,/home/dheirav/Code/Deepfake_Detection/deepfake-project/dataset_builder/val/ai_generated/mj_topup_000866.jpg
data_sources/ai_generated/Midjourney_TopUp/mj_topup_000882.jpg,data_sources/ai_generated/Midjourney_TopUp,ai_generated,2048,2048,1.0,JPEG,981113,3124679a2e2da767b83cd6407bfff5d5,d52326f3681d5713d096e7f70434700283dfd4c22ff4974a0bbc5f3a3dd6a338,1.0,8791346d695a7b62,ok,1346.2229978308542,True,True,cluster_00002,val,/home/dheirav/Code/Deepfake_Detection/deepfake-project/dataset_builder/val/ai_generated/mj_topup_000882.jpg
data_sources/ai_generated/Midjourney_TopUp/mj_topup_000884.jpg,data_sources/ai_generated/Midjourney_TopUp,ai_generated,960,1664,0.5769,JPEG,351222,e064785c8f6d3ea6fe785518ed1cc830,494c539e24fb7bc1f85b79d7cc883ec00efcb958eac2adb5eb537367b967a1c8,1.0,c13dda33369063f8,ok,382.40480701363134,True,True,cluster_00079,val,/home/dheirav/Code/Deepfake_Detection/deepfake-project/dataset_builder/val/ai_generated/mj_topup_000884.jpg
data_sources/ai_generated/Midjourney_TopUp/mj_topup_000895.jpg,data_sources/ai_generated/Midjourney_TopUp,ai_generated,520,520,1.0,JPEG,68548,d8c071fbac8ca265986e348ab1595da9,f37bd6cb860e8285556c3fa16fbe806a762e893f4e090ec290a9047385ac703d,1.0,93a54b052f5c6c5b,ok,139.53751533362802,True,True,cluster_00916,val,/home/dheirav/Code/Deepfake_Detection/deepfake-project/dataset_builder/val/ai_generated/mj_topup_000895.jpg
data_sources/ai_generated/Midjourney_TopUp/mj_topup_000907.jpg,data_sources/ai_generated/Midjourney_TopUp,ai_generated,346,520,0.6654,JPEG,42220,0ffd0260e3bd5658f09a6b90e4ea16b2,29014e247fcb0745bba5f4b5104ae22e132c685ebfb7ccfdb574806c9692e65f,1.0,fca087d49aca951d,ok,165.39614698990644,True,True,cluster_01010,val,/home/dheirav/Code/Deepfake_Detection/deepfake-project/dataset_builder/val/ai_generated/mj_topup_000907.jpg
data_sources/ai_generated/Midjourney_TopUp/mj_topup_000916.jpg,data_sources/ai_generated/Midjourney_TopUp,ai_generated,1024,1024,1.0,JPEG,170077,032f884b9760a3a0af24d738981da6ef,65c289cfa7833b3e1b5e324d2842eb2dcfa1da825f380c03e1ab02395d37e63d,1.0,c1903c2d2f4bdb63,ok,154.8446391225725,True,True,cluster_00694,val,/home/dheirav/Code/Deepfake_Detection/deepfake-project/dataset_builder/val/ai_generated/mj_topup_000916.jpg
data_sources/ai_generated/Midjourney_TopUp/mj_topup_000928.jpg,data_sources/ai_generated/Midjourney_TopUp,ai_generated,1024,1024,1.0,JPEG,444542,ff0628a16f22b622d460aef4b38c05c5,ab2397813d61d0da0290312b0ee1a358128d0ecd8b330d2d4c6a413742f8b4d9,1.0,913666393bc638ce,ok,4877.723193022961,True,True,cluster_00482,val,/home/dheirav/Code/Deepfake_Detection/deepfake-project/dataset_builder/val/ai_generated/mj_topup_000928.jpg
data_sources/ai_generated/Midjourney_TopUp/mj_topup_000941.jpg,data_sources/ai_generated/Midjourney_TopUp,ai_generated,300,520,0.5769,JPEG,42746,0904a1c144dea60f917609e3c34d80e3,7139b56a1f65b98940c29c86f052c2442b559ae0a034a390875f1f6ea7e57f6c,1.0,80d76d3c267b15cc,ok,455.5908546073307,True,True,cluster_01055,val,/home/dheirav/Code/Deepfake_Detection/deepfake-project/dataset_builder/val/ai_generated/mj_topup_000941.jpg
data_sources/ai_generated/Midjourney_TopUp/mj_topup_000947.jpg,data_sources/ai_generated/Midjourney_TopUp,ai_generated,346,520,0.6654,JPEG,41033,df72b8d81a69f3878e74ef82580987a8,68b993d650ae6ae4208fb3d8a1bad2cada13e610d3f23b12dd3e82eaab136760,1.0,c1cb392d9e3cd870,ok,281.11740001385925,True,True,cluster_01013,val,/home/dheirav/Code/Deepfake_Detection/deepfake-project/dataset_builder/val/ai_generated/mj_topup_000947.jpg
data_sources/ai_generated/Midjourney_TopUp/mj_topup_000948.jpg,data_sources/ai_generated/Midjourney_TopUp,ai_generated,1568,896,1.75,JPEG,357487,bd4c352592f5275698a8908eb0746357,72b0954f57b864046621f1fa556c769010e973e51a05430a8da520096cd1058a,1.0,9492f69c6d646e49,ok,714.3017784436357,True,True,cluster_00341,val,/home/dheirav/Code/Deepfake_Detection/deepfake-project/dataset_builder/val/ai_generated/mj_topup_000948.jpg
data_sources/ai_generated/Midjourney_TopUp/mj_topup_000952.jpg,data_sources/ai_generated/Midjourney_TopUp,ai_generated,960,1664,0.5769,JPEG,331671,69de98e40ef3313f624d26678d67f5eb,5c5104efa66519ad69d85ba616d43b75b3260eab8454079878d1373f50985650,1.0,b4c369b467f1189c,ok,364.748361156104,True,True,cluster_00085,val,/home/dheirav/Code/Deepfake_Detection/deepfake-project/dataset_builder/val/ai_generated/mj_topup_000952.jpg
data_sources/ai_generated/Midjourney_TopUp/mj_topup_000961.jpg,data_sources/ai_generated/Midjourney_TopUp,ai_generated,520,520,1.0,JPEG,49472,ce184a6ae3195c5ebdcd14f163133a7d,8bca9b1d0ac27cb1da1b5cdb561c6dc6bcb6dcf6f3ad29644d95ef5648505e05,1.0,9acd65a949d2b474,ok,119.89210340827528,True,True,cluster_00932,val,/home/dheirav/Code/Deepfake_Detection/deepfake-project/dataset_builder/val/ai_generated/mj_topup_000961.jpg
data_sources/ai_generated/Midjourney_TopUp/mj_topup_000963.jpg,data_sources/ai_generated/Midjourney_TopUp,ai_generated,346,520,0.6654,JPEG,35760,a8f8ba1c3c052b21c5ba425f56071d1e,b22d3f9d3eb084716c81d84a79039195eba93cfbdfa64e3735b3268d3f6ba5db,1.0,e18faf0c0af03177,ok,154.99499213198925,True,True,cluster_01026,val,/home/dheirav/Code/Deepfake_Detection/deepfake-project/dataset_builder/val/ai_generated/mj_topup_000963.jpg
data_sources/ai_generated/Midjourney_TopUp/mj_topup_000964.jpg,data_sources/ai_generated/Midjourney_TopUp,ai_generated,1152,1792,0.6429,JPEG,388222,e8d95bafb781401f4939fbb47fa467f0,e0f388944d02e0dffecf98784946d22fb37ad7464d44f2aaaf7a2275dc0385c9,1.0,ecba87d11c1b3872,ok,98.63983390703831,True,True,cluster_00027,val,/home/dheirav/Code/Deepfake_Detection/deepfake-project/dataset_builder/val/ai_generated/mj_topup_000964.jpg
data_sources/ai_generated/Midjourney_TopUp/mj_topup_000972.jpg,data_sources/ai_generated/Midjourney_TopUp,ai_generated,1024,1024,1.0,JPEG,385458,2c2889a5ae4913f5fe990252c7162d6d,eb809a7e4aeac6906feee54dec2804f16811fa536aa47dcf3c0defb851b72ea1,1.0,916346395bd669c6,ok,2716.6198618601256,True,True,cluster_00497,val,/home/dheirav/Code/Deepfake_Detection/deepfake-project/dataset_builder/val/ai_generated/mj_topup_000972.jpg
data_sources/ai_generated/Midjourney_TopUp/mj_topup_000976.jpg,data_sources/ai_generated/Midjourney_TopUp,ai_generated,864,1728,0.5,JPEG,210375,fb81ecbaf7e35c341f8d38690376cf6a,9374f6ebd36080c1b5cbf2672ab0f5a1f853638c1a4ecb49d668775061ed68c3,1.0,c3e85c9b3be704a4,ok,164.86644363680392,True,True,cluster_00330,val,/home/dheirav/Code/Deepfake_Detection/deepfake-project/dataset_builder/val/ai_generated/mj_topup_000976.jpg
data_sources/ai_generated/Midjourney_TopUp/mj_topup_000978.jpg,data_sources/ai_generated/Midjourney_TopUp,ai_generated,864,1728,0.5,JPEG,442717,c7903039a085149ef1b3f68a2cdf8c95,82f449db4ff1ef8eaaac25ebcd9f5f32fc91ddae51d23b211d1fc12716aba226,1.0,f0cb4e6463790c8f,ok,908.2031235976559,True,True,cluster_00240,val,/home/dheirav/Code/Deepfake_Detection/deepfake-project/dataset_builder/val/ai_generated/mj_topup_000978.jpg
data_sources/ai_generated/Midjourney_TopUp/mj_topup_000983.jpg,data_sources/ai_generated/Midjourney_TopUp,ai_generated,520,520,1.0,JPEG,47568,de86c0e1a00fffbe203610e11450f90e,ebed8980b74cba8883d2cb97472708b8d188c3158833183a49ff55761cbc0980,1.0,c484f3739c6ead60,ok,107.72385337255129,True,True,cluster_00934,val,/home/dheirav/Code/Deepfake_Detection/deepfake-project/dataset_builder/val/ai_generated/mj_topup_000983.jpg
data_sources/ai_generated/Midjourney_TopUp/mj_topup_000985.jpg,data_sources/ai_generated/Midjourney_TopUp,ai_generated,416,520,0.8,JPEG,45571,f90b3f55aa0bb977ea7eb557b60e11aa,d2d48cf4393c78f3a614cb762adbd28982efeb826bc8948cfae0276c70f64815,1.0,9c41c33ed438e33d,ok,265.8980034252816,True,True,cluster_00961,val,/home/dheirav/Code/Deepfake_Detection/deepfake-project/dataset_builder/val/ai_generated/mj_topup_000985.jpg
data_sources/ai_generated/Midjourney_TopUp/mj_topup_000994.jpg,data_sources/ai_generated/Midjourney_TopUp,ai_generated,960,1664,0.5769,JPEG,350437,64644a2263df7a61cf3a5a087d06dd86,aa5e9c5fbc3f1b322fee57194141e701b6ab7f8715dd595197660a610e3e7d89,1.0,9194b63736763626,ok,360.15194742414343,True,True,cluster_00080,val,/home/dheirav/Code/Deepfake_Detection/deepfake-project/dataset_builder/val/ai_generated/mj_topup_000994.jpg
data_sources/ai_generated/Midjourney_TopUp/mj_topup_001004.jpg,data_sources/ai_generated/Midjourney_TopUp,ai_generated,1152,2048,0.5625,JPEG,802309,ded6b3819b19468a411d01373c5b7b9f,4a79c44848041e32339b981167c252788135185aece3b8d8c22f9510046d08cf,1.0,99ce43303cd9669b,ok,760.6549997759627,True,True,cluster_00021,val,/home/dheirav/Code/Deepfake_Detection/deepfake-project/dataset_builder/val/ai_generated/mj_topup_001004.jpg
data_sources/ai_generated/Midjourney_TopUp/mj_topup_001008.jpg,data_sources/ai_generated/Midjourney_TopUp,ai_generated,1024,1024,1.0,JPEG,386856,781f063c3bd1b3691e0c39ee0f8c0c80,3120a04eb6ad6daec53e9fd6f5ff517c8cbc925312499acdc3141a8ebc885fd8,1.0,fa71384bcae91217,ok,999.3661360202786,True,True,cluster_00496,val,/home/dheirav/Code/Deepfake_Detection/deepfake-project/dataset_builder/val/ai_generated/mj_topup_001008.jpg
data_sources/ai_generated/Midjourney_TopUp/mj_topup_001010.jpg,data_sources/ai_generated/Midjourney_TopUp,ai_generated,960,1664,0.5769,JPEG,287871,2a010fb464e1facef2f7bfaa584e2a46,048c8d894012af1eb3e09e92f9469bf0d2d0c6c0bd1162d8944c3391a426e27b,1.0,c4ec3f13a04bdf24,ok,348.0830314217231,True,True,cluster_00102,val,/home/dheirav/Code/Deepfake_Detection/deepfake-project/dataset_builder/val/ai_generated/mj_topup_001010.jpg
data_sources/ai_generated/Midjourney_TopUp/mj_topup_001020.jpg,data_sources/ai_generated/Midjourney_TopUp,ai_generated,864,1728,0.5,JPEG,447180,ccfbc2a4f86fd6fc35214f19934c6b73,fe0f485b5930767f5d97b64b214c49a7ea5a0062ccb9cd9f47d71fe3b01ce487,1.0,c1c41a3e3917e4f3,ok,1393.620032759529,True,True,cluster_00237,val,/home/dheirav/Code/Deepfake_Detection/deepfake-project/dataset_builder/val/ai_generated/mj_topup_001020.jpg
data_sources/ai_generated/Midjourney_TopUp/mj_topup_001022.jpg,data_sources/ai_generated/Midjourney_TopUp,ai_generated,1024,1408,0.7273,JPEG,291166,a0bec704911fc4948620e2cdd0e9b561,7eb75de407909ea3ac5938dcd32037d7b91c8f852521b8de4d3f5e529063a9bc,1.0,d2230cfff2802f2e,ok,111.82859747170102,True,True,cluster_00337,val,/home/dheirav/Code/Deepfake_Detection/deepfake-project/dataset_builder/val/ai_generated/mj_topup_001022.jpg
data_sources/ai_generated/Midjourney_TopUp/mj_topup_001024.jpg,data_sources/ai_generated/Midjourney_TopUp,ai_generated,1463,2560,0.5715,JPEG,601542,30f91f91d92cf3014bc5f75aabb57ced,a75c647a5e077698f5acb5f8ff5865721f6abad612dcd69a32f99fb48783f0d9,1.0,921919f73b933989,ok,96.7951132245942,True,True,cluster_00011,val,/home/dheirav/Code/Deepfake_Detection/deepfake-project/dataset_builder/val/ai_generated/mj_topup_001024.jpg
data_sources/ai_generated/Midjourney_TopUp/mj_topup_001032.jpg,data_sources/ai_generated/Midjourney_TopUp,ai_generated,1536,1024,1.5,JPEG,547822,4c4a59d14e372bd8b7e0c0f730af52f0,fe2e7531e4da9371615619b82e135832da28c9da70e20a1c293e6487e556b1ed,1.0,8ccc8c563267bab3,ok,364.6644844324571,True,True,cluster_00113,val,/home/dheirav/Code/Deepfake_Detection/deepfake-project/dataset_builder/val/ai_generated/mj_topup_001032.jpg
data_sources/ai_generated/Midjourney_TopUp/mj_topup_001072.jpg,data_sources/ai_generated/Midjourney_TopUp,ai_generated,1024,1536,0.6667,JPEG,409774,821f17016d7d11dea93d8422baea1d83,efa56be218d5c6213111205af3392ffefb0879321aafe972254dfa8d90874aa4,1.0,c7c76632786a3127,ok,1407.280406301682,True,True,cluster_00140,val,/home/dheirav/Code/Deepfake_Detection/deepfake-project/dataset_builder/val/ai_generated/mj_topup_001072.jpg
data_sources/ai_generated/Midjourney_TopUp/mj_topup_001094.jpg,data_sources/ai_generated/Midjourney_TopUp,ai_generated,1024,1536,0.6667,JPEG,236668,8e6f20189c1a07fa6483bd6705b558f8,47437b3a3730d21812f0f426f6c3bc8ddb8dc791d28fb67110a2548f01ce784e,1.0,d1e0c60f3c6c396d,ok,81.43642981269862,True,True,cluster_00215,val,/home/dheirav/Code/Deepfake_Detection/deepfake-project/dataset_builder/val/ai_generated/mj_topup_001094.jpg
data_sources/ai_generated/Midjourney_TopUp/mj_topup_001096.jpg,data_sources/ai_generated/Midjourney_TopUp,ai_generated,1024,1536,0.6667,JPEG,292684,5daac510460b21c9da35957517682c27,70a0109dfb661e0461ad3db0c2e3e59e027e13f04333e403c22f2f477e89148e,1.0,f9f9e466c6264609,ok,113.68522775951836,True,True,cluster_00200,val,/home/dheirav/Code/Deepfake_Detection/deepfake-project/dataset_builder/val/ai_generated/mj_topup_001096.jpg
data_sources/ai_generated/Midjourney_TopUp/mj_topup_001098.jpg,data_sources/ai_generated/Midjourney_TopUp,ai_generated,1024,1536,0.6667,JPEG,328979,040331f56934a542e531de797dd9d751,10fe40c4a0915d2325ce5240e1cd343d85934701ea054cf988544206ec5abfa8,1.0,ea8c11711f71f037,ok,131.044891194227,True,True,cluster_00184,val,/home/dheirav/Code/Deepfake_Detection/deepfake-project/dataset_builder/val/ai_generated/mj_topup_001098.jpg
data_sources/ai_generated/Midjourney_TopUp/mj_topup_001115.jpg,data_sources/ai_generated/Midjourney_TopUp,ai_generated,260,520,0.5,JPEG,49750,b0c40f3b2e7101a45d59bcc1c5c02d37,2f323fc864c8b759d733d7ff6f41be8d7aa7e11e304968cabf302275f2bbd275,1.0,954a58673d2c792e,ok,1111.1588233946643,True,True,cluster_01096,val,/home/dheirav/Code/Deepfake_Detection/deepfake-project/dataset_builder/val/ai_generated/mj_topup_001115.jpg
data_sources/ai_generated/Midjourney_TopUp/mj_topup_001116.jpg,data_sources/ai_generated/Midjourney_TopUp,ai_generated,1024,1024,1.0,JPEG,242500,b8fe17857313e6bd00fe69d0c31d9bc8,55b63d7eaa7558ca784a0e7cbf40c73a1c01dc72bfa4e1b571529cea864feece,1.0,9d6996366a946dc2,ok,271.8595170306789,True,True,cluster_00618,val,/home/dheirav/Code/Deepfake_Detection/deepfake-project/dataset_builder/val/ai_generated/mj_topup_001116.jpg
data_sources/ai_generated/Midjourney_TopUp/mj_topup_001118.jpg,data_sources/ai_generated/Midjourney_TopUp,ai_generated,1568,896,1.75,JPEG,383613,c063bb94d39d391ff2465e9073fcd8f9,dca8f0a8c2d242533e443b22d20de745cb47481791bd9d2fd29624c7c03d73e6,1.0,996626cc7caa523e,ok,381.9810888004033,True,True,cluster_00340,val,/home/dheirav/Code/Deepfake_Detection/deepfake-project/dataset_builder/val/ai_generated/mj_topup_001118.jpg
data_sources/ai_generated/Midjourney_TopUp/mj_topup_001122.jpg,data_sources/ai_generated/Midjourney_TopUp,ai_generated,1024,1536,0.6667,JPEG,299056,ba08700d0cba99ccebbff79890b4888e,ee6a8727ccfe9eeffa9e80879abf50b5428ce01e786cc79b6ce6d6231a7b321c,1.0,cc293bb6c23327d2,ok,236.13263421082345,True,True,cluster_00198,val,/home/dheirav/Code/Deepfake_Detection/deepfake-project/dataset_builder/val/ai_generated/mj_topup_001122.jpg
data_sources/ai_generated/Midjourney_TopUp/mj_topup_001132.jpg,data_sources/ai_generated/Midjourney_TopUp,ai_generated,1024,1024,1.0,JPEG,221071,7bb6ae079dc6275e505cf5dfc150aaa7,4d4425c930c36cabb251cd3180d0c13245e220aaadb8470a7fce35a4b29d6770,1.0,c684969ac3b2cb9b,ok,188.06873906211695,True,True,cluster_00646,val,/home/dheirav/Code/Deepfake_Detection/deepfake-project/dataset_builder/val/ai_generated/mj_topup_001132.jpg
data_sources/ai_generated/Midjourney_TopUp/mj_topup_001134.jpg,data_sources/ai_generated/Midjourney_TopUp,ai_generated,1024,1536,0.6667,JPEG,325578,3a4a76f23be743c9610a5c6277f4602d,ddbe3cb4a942f3b1c5bacacf89ccf6b2e505a4cbefe9c142e2b99f18db4872d2,1.0,8cce7333c54cc713,ok,92.35439143625707,True,True,cluster_00186,val,/home/dheirav/Code/Deepfake_Detection/deepfake-project/dataset_builder/val/ai_generated/mj_topup_001134.jpg
data_sources/ai_generated/Midjourney_TopUp/mj_topup_001138.jpg,data_sources/ai_generated/Midjourney_TopUp,ai_generated,1024,1536,0.6667,JPEG,336255,16a508df2d2c0660d6eae184eadb3260,4b55a086f7c8c0c306cb3db97ba11c2a39effb68a9c89ea86a6ea7f455ba6922,1.0,9bea65b1d281c4cd,ok,80.12540728391185,True,True,cluster_00182,val,/home/dheirav/Code/Deepfake_Detection/deepfake-project/dataset_builder/val/ai_generated/mj_topup_001138.jpg
data_sources/ai_generated/Midjourney_TopUp/mj_topup_001140.jpg,data_sources/ai_generated/Midjourney_TopUp,ai_generated,1024,1024,1.0,JPEG,311059,230c02360b4f3da74c807ab21bceae94,2ff0306c5bf48d2d957aaa12fc3cdc41b6ce09ab1a03dca83458e2582c213116,1.0,9515669a78b16bc3,ok,795.413082709746,True,True,cluster_00528,val,/home/dheirav/Code/Deepfake_Detection/deepfake-project/dataset_builder/val/ai_generated/mj_topup_001140.jpg
data_sources/ai_generated/Midjourney_TopUp/mj_topup_001148.jpg,data_sources/ai_generated/Midjourney_TopUp,ai_generated,1024,1024,1.0,JPEG,234766,7126d84460fca861e7fbcae20d7fd177,4b3044a235c8d588864018647e3cbb90e1e87d8b3b25e00077cd9fb81161a062,1.0,ec1731725ba9e194,ok,136.20975207317585,True,True,cluster_00631,val,/home/dheirav/Code/Deepfake_Detection/deepfake-project/dataset_builder/val/ai_generated/mj_topup_001148.jpg
data_sources/ai_generated/Midjourney_TopUp/mj_topup_001150.jpg,data_sources/ai_generated/Midjourney_TopUp,ai_generated,1024,1024,1.0,JPEG,304723,e273e94a3c1fe114f938782c4ab87103,9f865dffd323081c98fd72f77bc0ca95a4fa2414950b74d48890010f14850d0d,1.0,cf86403f1e379139,ok,292.2434387206886,True,True,cluster_00533,val,/home/dheirav/Code/Deepfake_Detection/deepfake-project/dataset_builder/val/ai_generated/mj_topup_001150.jpg
data_sources/ai_generated/Midjourney_TopUp/mj_topup_001154.jpg,data_sources/ai_generated/Midjourney_TopUp,ai_generated,1024,1024,1.0,JPEG,247840,35a9224bb91eb1e37862d83cc200e103,a81c919ad2f0f4088da236f22eaffa48d7ffad9f89716c5215a6ee58880e7ca5,1.0,cc3a4bafd264985a,ok,95.77108030900763,True,True,cluster_00612,val,/home/dheirav/Code/Deepfake_Detection/deepfake-project/dataset_builder/val/ai_generated/mj_topup_001154.jpg
data_sources/ai_generated/Midjourney_TopUp/mj_topup_001162.jpg,data_sources/ai_generated/Midjourney_TopUp,ai_generated,1664,2432,0.6842,JPEG,714285,87e64451ee5b411c279c68a3f02c8bcd,c1d7cc6b3f83fa1baefb03355d02fa961ba6a21428c7790377fe3bcde51c341a,1.0,cc0dbae639f66112,ok,178.11143536895267,True,True,cluster_00007,val,/home/dheirav/Code/Deepfake_Detection/deepfake-project/dataset_builder/val/ai_generated/mj_topup_001162.jpg
data_sources/ai_generated/Midjourney_TopUp/mj_topup_001164.jpg,data_sources/ai_generated/Midjourney_TopUp,ai_generated,864,1728,0.5,JPEG,336498,b3b7dd8276d607403efd4819cd528f52,43b783d1308825e00bdf0adb886e4efd6c19ab668568660c5453fc0c0716f63c,1.0,c1c13b3b384ccecd,ok,1063.0226240820255,True,True,cluster_00276,val,/home/dheirav/Code/Deepfake_Detection/deepfake-project/dataset_builder/val/ai_generated/mj_topup_001164.jpg
data_sources/ai_generated/Midjourney_TopUp/mj_topup_001170.jpg,data_sources/ai_generated/Midjourney_TopUp,ai_generated,1536,1024,1.5,JPEG,411338,4b79449c12de2f7eb96e7cdcb5d307ac,a5e8e5e1ce775f01d8583fc86a1fb992422fd9878fb2e60742a43b669c21e6d3,1.0,c4d39f30d7259ac2,ok,219.47277945212167,True,True,cluster_00139,val,/home/dheirav/Code/Deepfake_Detection/deepfake-project/dataset_builder/val/ai_generated/mj_topup_001170.jpg
data_sources/ai_generated/Midjourney_TopUp/mj_topup_001174.jpg,data_sources/ai_generated/Midjourney_TopUp,ai_generated,864,1728,0.5,JPEG,284065,0e28d253d683e909f858e476dccee23f,65bdfb7034bcbe559ab5dca4df0c6e7a37d3833a0f8c9dad046819b34032e744,1.0,9c979c3963656664,ok,609.5327187360305,True,True,cluster_00311,val,/home/dheirav/Code/Deepfake_Detection/deepfake-project/dataset_builder/val/ai_generated/mj_topup_001174.jpg
data_sources/ai_generated/Midjourney_TopUp/mj_topup_001183.jpg,data_sources/ai_generated/Midjourney_TopUp,ai_generated,346,520,0.6654,JPEG,38954,385320a894462ff427e47a393610298a,003d3b97691a0c67c20c522f6868dd6a2e2760b6392ac53e11867cd36a8f7afa,1.0,915a4d876a5caa7c,ok,155.93659805326254,True,True,cluster_01018,val,/home/dheirav/Code/Deepfake_Detection/deepfake-project/dataset_builder/val/ai_generated/mj_topup_001183.jpg
data_sources/ai_generated/Midjourney_TopUp/mj_topup_001184.jpg,data_sources/ai_generated/Midjourney_TopUp,ai_generated,1024,1024,1.0,JPEG,348339,1ccaeb4e5e1e3e5397d8a1a19d0d7656,842404ce31c70ced170135c931d675a850a3edc53c20855a80789bd671adcb7e,1.0,904f6b3c24f312f3,ok,2349.2526616814416,True,True,cluster_00508,val,/home/dheirav/Code/Deepfake_Detection/deepfake-project/dataset_builder/val/ai_generated/mj_topup_001184.jpg
data_sources/ai_generated/Midjourney_TopUp/mj_topup_001185.jpg,data_sources/ai_generated/Midjourney_TopUp,ai_generated,520,520,1.0,JPEG,84060,65752d61e0f245a7cc8a9ef8e98a5af6,c0c59027a8921c5710164e6ed30380fe715789bc5f9ce51f94bb14e1053d7d4c,1.0,904f6b3c24f292f3,ok,789.1560206993365,True,True,cluster_00909,val,/home/dheirav/Code/Deepfake_Detection/deepfake-project/dataset_builder/val/ai_generated/mj_topup_001185.jpg
data_sources/ai_generated/Midjourney_TopUp/mj_topup_001190.jpg,data_sources/ai_generated/Midjourney_TopUp,ai_generated,1024,1536,0.6667,JPEG,338849,a6a0d8b6b48d0901b2545bce516a4288,4bcb14f6f923285c8e48481b9638aed50aad3c55af0c57ef55cb89ab6454ba3a,1.0,9d985a2cedd23331,ok,166.5899432623345,True,True,cluster_00181,val,/home/dheirav/Code/Deepfake_Detection/deepfake-project/dataset_builder/val/ai_generated/mj_topup_001190.jpg
data_sources/ai_generated/Midjourney_TopUp/mj_topup_001194.jpg,data_sources/ai_generated/Midjourney_TopUp,ai_generated,864,1728,0.5,JPEG,306928,f992ebd92fc920e9db3f9779efbfec5e,e8495691b14cd54157b4dbc36de475fedc1f0bfc7e0f7cc90721d5fd86a27106,1.0,99e66c6632984f99,ok,1052.3067159588252,True,True,cluster_00297,val,/home/dheirav/Code/Deepfake_Detection/deepfake-project/dataset_builder/val/ai_generated/mj_topup_001194.jpg
data_sources/ai_generated/Midjourney_TopUp/mj_topup_001196.jpg,data_sources/ai_generated/Midjourney_TopUp,ai_generated,960,1664,0.5769,JPEG,314918,7bf1c39284127a4f6a6541b9cd152452,e64e8e6c26b9939c64b73bc30be70eb0970af4bb8825be8a15a7ed55e1245de6,1.0,a5ec5c1949367bc8,ok,113.16253120797938,True,True,cluster_00091,val,/home/dheirav/Code/Deepfake_Detection/deepfake-project/dataset_builder/val/ai_generated/mj_topup_001196.jpg
