path,dataset_source,class_label,width,height,aspect_ratio,format,file_size_bytes,md5_hash,sha256,quality_score,phash,quality_flag,blur_score,resolution_ok,aspect_ratio_ok,cluster_id,split,export_path
data_sources/ai_edited/IMD2020/c95adiz_0.jpg,data_sources/ai_edited/IMD2020,ai_edited,460,233,1.9742,JPEG,36955,94bfa3dee59014ec0749e3aaa27ed873,32886974bc471e27e5c45832ffd63e1b1b394518cd05f822590c5e7ba2a353a8,0.7,a552ca2d354bbac6,low_resolution,1159.756301690428,False,True,cluster_01715,test,/home/dheirav/Code/Deepfake_Detection/deepfake-project/dataset_builder/test/ai_edited/c95adiz_0.jpg
data_sources/ai_edited/IMD2020/c9codtz_0.png,data_sources/ai_edited/IMD2020,ai_edited,250,210,1.1905,PNG,51546,9a4061b5c8c9d2d824ca803fe102a902,d0d696ea119d19763708566386877244440fc66ebe0bd3ce646259c3258835b6,0.7,b2815ecd8ccbb562,low_resolution,1330.9069519005895,False,True,cluster_01721,test,/home/dheirav/Code/Deepfake_Detection/deepfake-project/dataset_builder/test/ai_edited/c9codtz_0.png
data_sources/ai_edited/IMD2020/c8ydsfu_0.jpg,data_sources/ai_edited/IMD2020,ai_edited,1022,496,2.0605,JPEG,184581,51135b18ca237f64c1ae2878e4408758,09b0a24fe052f7bedbfd759459ef5915a339bfb3df2725c817a2439e46af0b6a,0.8,b8467819527cd9ce,aspect_ratio_extreme,764.9739875338012,True,False,cluster_01686,test,/home/dheirav/Code/Deepfake_Detection/deepfake-project/dataset_builder/test/ai_edited/c8ydsfu_0.jpg
data_sources/ai_edited/IMD2020/c8yh8v9_0.jpg,data_sources/ai_edited/IMD2020,ai_edited,640,272,2.3529,JPEG,30384,6da14bbf35493536d4b8cf1fd7aa0817,0fe4f6051faf3f2d4a45b68ee9c94024b0b76753ee4f0090485e79e7478b0a8a,0.8,e0de4e631c2793a3,aspect_ratio_extreme,347.7247923278809,True,False,cluster_01710,test,/home/dheirav/Code/Deepfake_Detection/deepfake-project/dataset_builder/test/ai_edited/c8yh8v9_0.jpg
data_sources/ai_edited/IMD2020/c912yu8_0.jpg,data_sources/ai_edited/IMD2020,ai_edited,1400,609,2.2989,JPEG,185360,a82d6a8950ddac091b3e3f5663cc911c,d14904301a5e3d9e81004739b78c25ea22e1f9505e5a7165a41d88336df67c61,0.8,fca78332e76d4098,aspect_ratio_extreme,306.163745996627,True,False,cluster_01682,test,/home/dheirav/Code/Deepfake_Detection/deepfake-project/dataset_builder/test/ai_edited/c912yu8_0.jpg
data_sources/ai_edited/IMD2020/c91oecj_0.jpg,data_sources/ai_edited/IMD2020,ai_edited,436,905,0.4818,JPEG,72675,d87f4551cc86eeb0cb7028f5b2ba54fc,d43f604afa89e80a841df19d0684145890df859a06bc49ae2e64d6c07f6d6c30,0.8,a0d38fb4f17870ac,aspect_ratio_extreme,238.313909422315,True,False,cluster_01697,test,/home/dheirav/Code/Deepfake_Detection/deepfake-project/dataset_builder/test/ai_edited/c91oecj_0.jpg
data_sources/ai_edited/IMD2020/c94fuqy_0.jpg,data_sources/ai_edited/IMD2020,ai_edited,990,454,2.1806,JPEG,248951,611fc964f0c8338fd3a382dd33f636bb,e7c1ee9f3129f02a0a277976a96fccc77c4e7d073afe7be4615e5575322878e5,0.8,c8b79e49e10d1ed2,aspect_ratio_extreme,299.7069657450463,True,False,cluster_01693,test,/home/dheirav/Code/Deepfake_Detection/deepfake-project/dataset_builder/test/ai_edited/c94fuqy_0.jpg
data_sources/ai_edited/IMD2020/c957rl8_0.jpg,data_sources/ai_edited/IMD2020,ai_edited,1071,463,2.3132,JPEG,127724,7e60a944b161fad5d2fc44ef1d8d6502,3dbf34eae6c6c2966f170dc4be46927ec999071b0b5f9432fb59a947458b64c2,0.8,d53b28c71368c736,aspect_ratio_extreme,304.46778095259936,True,False,cluster_01688,test,/home/dheirav/Code/Deepfake_Detection/deepfake-project/dataset_builder/test/ai_edited/c957rl8_0.jpg
data_sources/ai_edited/IMD2020/c95occz_0.jpg,data_sources/ai_edited/IMD2020,ai_edited,600,2436,0.2463,JPEG,128106,acb146659a1085359c8f6b701d8450bf,fb690974bd22cbe0a2fcb68c8ec80cd02f2ba3521ba27fe90212b5ec538360f9,0.8,da78431f6595274a,aspect_ratio_extreme,131.73463464479772,True,False,cluster_01676,test,/home/dheirav/Code/Deepfake_Detection/deepfake-project/dataset_builder/test/ai_edited/c95occz_0.jpg
data_sources/ai_edited/IMD2020/c968x5d_0.jpg,data_sources/ai_edited/IMD2020,ai_edited,850,315,2.6984,JPEG,205586,9f2f3c60d8acc77af53a03a84b0de4e5,b733ba2adef5b17560cc386a0234533884b4dca03cace50e5aaba0385380ee0a,0.8,9c5e00327e77e2b2,aspect_ratio_extreme,996.9231261192442,True,False,cluster_01704,test,/home/dheirav/Code/Deepfake_Detection/deepfake-project/dataset_builder/test/ai_edited/c968x5d_0.jpg
data_sources/ai_edited/IMD2020/c96chir_0.jpg,data_sources/ai_edited/IMD2020,ai_edited,1000,496,2.0161,JPEG,138659,0254bd34f0b8b342262e03a53e2c8d4e,1db4f03a39b2af6e01b85bc221b6f963941cfe5821b05f730e500519c17ad779,0.8,9abab54e4c75819c,aspect_ratio_extreme,1726.4704619719002,True,False,cluster_01687,test,/home/dheirav/Code/Deepfake_Detection/deepfake-project/dataset_builder/test/ai_edited/c96chir_0.jpg
data_sources/ai_edited/IMD2020/c9gd6qy_0.jpg,data_sources/ai_edited/IMD2020,ai_edited,4251,1471,2.8899,JPEG,621384,aa3d57b24fdbb3c0148017d0c78fac76,38a90c7bdc34a6acf54da64e251051362bb63a43c4afb799a397057e6ea756b5,0.8,a49387e4fc587923,aspect_ratio_extreme,280.9218924477276,True,False,cluster_01667,test,/home/dheirav/Code/Deepfake_Detection/deepfake-project/dataset_builder/test/ai_edited/c9gd6qy_0.jpg
data_sources/ai_edited/IMD2020/c9gg5nc_0.jpg,data_sources/ai_edited/IMD2020,ai_edited,2000,692,2.8902,JPEG,359850,73f14f71502b77b057fd5f9dc2e97caa,2450c1f19ac5871b7bb5966536b41fab4aa9a797f39623feb6929aca8160e038,0.8,a493c7ece4da3823,aspect_ratio_extreme,753.8019185454556,True,False,cluster_01677,test,/home/dheirav/Code/Deepfake_Detection/deepfake-project/dataset_builder/test/ai_edited/c9gg5nc_0.jpg
data_sources/ai_edited/IMD2020/c9ghgvz_0.jpg,data_sources/ai_edited/IMD2020,ai_edited,4250,1470,2.8912,JPEG,622734,029395fb7b4fc1ca8377e378b9a8e957,64865f7d3f125d37fd7533f6c7332533c25c3235a76e8085017e437bde95f64a,0.8,b572d0f0f879290b,aspect_ratio_extreme,300.0790617735002,True,False,cluster_01670,test,/home/dheirav/Code/Deepfake_Detection/deepfake-project/dataset_builder/test/ai_edited/c9ghgvz_0.jpg
data_sources/ai_edited/IMD2020/c9h6iyv_0.jpg,data_sources/ai_edited/IMD2020,ai_edited,1920,800,2.4,JPEG,179336,0028da40aec436e18626127f0eb3f8df,0c16167362ce9433738bdb4dbd57594191839e3df7f5e74854fcc623ba3a77e6,0.8,dcf0f3cd80d0f059,aspect_ratio_extreme,154.5891591613498,True,False,cluster_01675,test,/home/dheirav/Code/Deepfake_Detection/deepfake-project/dataset_builder/test/ai_edited/c9h6iyv_0.jpg
data_sources/ai_edited/IMD2020/c9x50xh_0.jpg,data_sources/ai_edited/IMD2020,ai_edited,1584,673,2.3536,JPEG,77404,47f9bfb9e94345a9bcc81bde400e8c4f,2cb8f2ae52efcf1706b3d2929478f180c780da9ebd6b82a6d6e417e44f469baf,0.8,968c5d7373a34943,aspect_ratio_extreme,131.29478428710274,True,False,cluster_01678,test,/home/dheirav/Code/Deepfake_Detection/deepfake-project/dataset_builder/test/ai_edited/c9x50xh_0.jpg
data_sources/ai_edited/IMD2020/00006_fake.jpg,data_sources/ai_edited/IMD2020,ai_edited,1200,836,1.4354,JPEG,261323,18cb8af29326c266df6f1773c71bfb83,49a6f62a651d6dddec73f433d11e19a582cad5168c09c45e840a9efd7017f93f,1.0,f4a2c215fa699556,ok,1992.7816055935987,True,True,cluster_00382,test,/home/dheirav/Code/Deepfake_Detection/deepfake-project/dataset_builder/test/ai_edited/00006_fake.jpg
data_sources/ai_edited/IMD2020/00018_fake.jpg,data_sources/ai_edited/IMD2020,ai_edited,389,525,0.741,JPEG,57155,73be4758bdd0ba715c150603e94e37f9,aae37b42b13d34c346777aa0d97e8ee98d7d5a1a270f1c197dc0f31abd7e6229,1.0,8dfd78a7a29062d8,ok,85.6297496018473,True,True,cluster_01551,test,/home/dheirav/Code/Deepfake_Detection/deepfake-project/dataset_builder/test/ai_edited/00018_fake.jpg
data_sources/ai_edited/IMD2020/00032_fake.jpg,data_sources/ai_edited/IMD2020,ai_edited,295,370,0.7973,JPEG,43133,40051fd664e7144840bfcc6d55ae66b0,bed2619b8f95f8512e3c946872536c850027e3fdafc5917037fd23b257ab2fbb,1.0,ebf6ec5c43424c0d,ok,821.9311601813789,True,True,cluster_01655,test,/home/dheirav/Code/Deepfake_Detection/deepfake-project/dataset_builder/test/ai_edited/00032_fake.jpg
data_sources/ai_edited/IMD2020/00044_fake.jpg,data_sources/ai_edited/IMD2020,ai_edited,333,419,0.7947,JPEG,52894,4edb081a3194c24f082ee991c0ac0634,6c33a0eb61e11044c1ef63aca43d61dbcf5f52ccd8b0fe2b9d8ca0e03713f6db,1.0,9078569f93a92e56,ok,951.04128162929,True,True,cluster_01640,test,/home/dheirav/Code/Deepfake_Detection/deepfake-project/dataset_builder/test/ai_edited/00044_fake.jpg
data_sources/ai_edited/IMD2020/00056_fake.jpg,data_sources/ai_edited/IMD2020,ai_edited,1024,576,1.7778,JPEG,68723,58dfcf062a5051bf78fd347ffd5954bb,1d2116eb4ca7c57e07198523a464ba45aedfc2f35d36093c7923cca6336defbb,1.0,fe3780c8b5317f80,ok,148.23143088592238,True,True,cluster_00857,test,/home/dheirav/Code/Deepfake_Detection/deepfake-project/dataset_builder/test/ai_edited/00056_fake.jpg
data_sources/ai_edited/IMD2020/00057_fake.jpg,data_sources/ai_edited/IMD2020,ai_edited,270,287,0.9408,JPEG,51436,0c449d9eff3413be0bb359a223799168,18a7a23f1c8afe18ef5533a09320430dc49d1d4648ae53b26de5641f92305c1e,1.0,9ee378b261b82ab8,ok,2105.40082466733,True,True,cluster_01664,test,/home/dheirav/Code/Deepfake_Detection/deepfake-project/dataset_builder/test/ai_edited/00057_fake.jpg
data_sources/ai_edited/IMD2020/00059_fake.jpg,data_sources/ai_edited/IMD2020,ai_edited,412,587,0.7019,JPEG,64578,f77c8263ab383763e667a7d4f62e9a9a,5e1a75599d03a1d3ffe475685ba38405d4b6918fd0438a1d6a2678f5f34a98c0,1.0,891dc8e726e33978,ok,114.988014722069,True,True,cluster_01464,test,/home/dheirav/Code/Deepfake_Detection/deepfake-project/dataset_builder/test/ai_edited/00059_fake.jpg
data_sources/ai_edited/IMD2020/00076_fake.jpg,data_sources/ai_edited/IMD2020,ai_edited,902,1200,0.7517,JPEG,224177,fb5d8f8425beb4687eb46cde9c402ae7,6b07210196d3a24dce2a36952af471cd20ab3825d5aed11511274c6168412ec1,1.0,cc7cf0184ee7896c,ok,263.75893936689585,True,True,cluster_00362,test,/home/dheirav/Code/Deepfake_Detection/deepfake-project/dataset_builder/test/ai_edited/00076_fake.jpg
data_sources/ai_edited/IMD2020/00090_fake.jpg,data_sources/ai_edited/IMD2020,ai_edited,461,291,1.5842,JPEG,45664,9c3eb310320435963dd05842096c6b1c,550117b07544c81650a14658142314a519e58f2f13ab0524a232d10fbd316bef,1.0,b5ee1a0c79d8e491,ok,778.0791292444593,True,True,cluster_01645,test,/home/dheirav/Code/Deepfake_Detection/deepfake-project/dataset_builder/test/ai_edited/00090_fake.jpg
data_sources/ai_edited/IMD2020/00095_fake.jpg,data_sources/ai_edited/IMD2020,ai_edited,395,534,0.7397,JPEG,58431,bdc8e3a2b93dc06dd0defaabddc0f19d,65acdbc942ae5cb56ea657c4882630448aef303f92789c329d3c22e558b95d37,1.0,b6c9d84f2fd01a89,ok,144.40357854930957,True,True,cluster_01546,test,/home/dheirav/Code/Deepfake_Detection/deepfake-project/dataset_builder/test/ai_edited/00095_fake.jpg
data_sources/ai_edited/IMD2020/00099_fake.jpg,data_sources/ai_edited/IMD2020,ai_edited,385,378,1.0185,JPEG,54711,d144ffdcb439cba1a18274dc198e220c,8b6a7c788d5b70362b7abd162ad409a78d9b5cc6fa54b4e89f2e7966c9f41eb2,1.0,92e0c7926fcd1e8c,ok,540.6139346336537,True,True,cluster_01636,test,/home/dheirav/Code/Deepfake_Detection/deepfake-project/dataset_builder/test/ai_edited/00099_fake.jpg
data_sources/ai_edited/IMD2020/00107_fake.jpg,data_sources/ai_edited/IMD2020,ai_edited,700,394,1.7766,JPEG,99562,b50a946820c3d897527cff007877bea8,2ae9831cbb33c7da46f496ca8e088f7d17ca126fe441fc2371852c0ef2b2f2e3,1.0,f89c9448da2365af,ok,2208.3762183072276,True,True,cluster_01387,test,/home/dheirav/Code/Deepfake_Detection/deepfake-project/dataset_builder/test/ai_edited/00107_fake.jpg
data_sources/ai_edited/IMD2020/00109_fake.jpg,data_sources/ai_edited/IMD2020,ai_edited,636,618,1.0291,JPEG,123728,47ac9c28b39ff2303dc2fc4ef672f910,8bb6cd9b3d17e8705af840538c41a9cc22c16bed6445a537f847be82745346ce,1.0,8be5458cbbf4460e,ok,408.0197967448012,True,True,cluster_01143,test,/home/dheirav/Code/Deepfake_Detection/deepfake-project/dataset_builder/test/ai_edited/00109_fake.jpg
data_sources/ai_edited/IMD2020/c8tvsnn_0.jpg,data_sources/ai_edited/IMD2020,ai_edited,1000,748,1.3369,JPEG,207458,2dfe1a91c1e847719b7e21067daae196,f7f9f8ad8d56ac437aa94ee29ec9cc435bfb2403a1b3d438fc5ea116fd4daefc,1.0,9cb8e952d1aeb243,ok,442.65309538090884,True,True,cluster_00587,test,/home/dheirav/Code/Deepfake_Detection/deepfake-project/dataset_builder/test/ai_edited/c8tvsnn_0.jpg
data_sources/ai_edited/IMD2020/c8tx1h1_0.jpg,data_sources/ai_edited/IMD2020,ai_edited,1000,748,1.3369,JPEG,153858,b5ad7996dfb0309c3a2953fb44a9dcf9,17f416b0501ba76191e5ef2ee10e9621b4a72a20e0a748cdf4eca315ed9cb617,1.0,ac98b071e49ed34b,ok,289.3825534755337,True,True,cluster_00589,test,/home/dheirav/Code/Deepfake_Detection/deepfake-project/dataset_builder/test/ai_edited/c8tx1h1_0.jpg
data_sources/ai_edited/IMD2020/c8u4gpd_0.jpg,data_sources/ai_edited/IMD2020,ai_edited,501,409,1.2249,JPEG,50059,a25f7b41f7b8d2c2706b36cd70e9e6b4,a77eaf3254b3c781e0b34bcabae2861966678fb403b4e6da4e0397b280b61af3,1.0,f81fa2032dac817f,ok,114.05300669560654,True,True,cluster_01550,test,/home/dheirav/Code/Deepfake_Detection/deepfake-project/dataset_builder/test/ai_edited/c8u4gpd_0.jpg
data_sources/ai_edited/IMD2020/c8uaap3_0.jpg,data_sources/ai_edited/IMD2020,ai_edited,720,960,0.75,JPEG,209658,95d9194298934d071738114c49ecfba2,d89219c7766726ab276bcc2759bb5518542eb01b4c2aae3f7c62398de24a011d,1.0,8597eab394334cd8,ok,1996.46942587157,True,True,cluster_00672,test,/home/dheirav/Code/Deepfake_Detection/deepfake-project/dataset_builder/test/ai_edited/c8uaap3_0.jpg
data_sources/ai_edited/IMD2020/c8ucm3b_0.jpg,data_sources/ai_edited/IMD2020,ai_edited,742,989,0.7503,JPEG,273329,44770d17a19c4c76ad31f6b9dcc18dd9,0780960dbd030822eb75841cec739d8e8db5b5c2bf825187915c258e1a570b93,1.0,8c93cece926a68d9,ok,1237.6052798811247,True,True,cluster_00605,test,/home/dheirav/Code/Deepfake_Detection/deepfake-project/dataset_builder/test/ai_edited/c8ucm3b_0.jpg
data_sources/ai_edited/IMD2020/c8uka8j_0.jpg,data_sources/ai_edited/IMD2020,ai_edited,720,540,1.3333,JPEG,218449,7904ba37f3f7b577793ed01ce9084487,7618b2b1965ef95b23cf2af7f12a3873da357a818a6c6e6ba52076609b93e193,1.0,f649c9ac561b3147,ok,822.2384443898023,True,True,cluster_01159,test,/home/dheirav/Code/Deepfake_Detection/deepfake-project/dataset_builder/test/ai_edited/c8uka8j_0.jpg
data_sources/ai_edited/IMD2020/c8umnyd_0.jpg,data_sources/ai_edited/IMD2020,ai_edited,1081,1600,0.6756,JPEG,352106,763ecc5c1e12dc9f5943796595fdcf2d,483d9f77bed49737f0eb48295ca3f29554d9410582cba28bc3f32ccbc53a026b,1.0,f4281b4e86bd14b7,ok,411.17537577894814,True,True,cluster_00212,test,/home/dheirav/Code/Deepfake_Detection/deepfake-project/dataset_builder/test/ai_edited/c8umnyd_0.jpg
data_sources/ai_edited/IMD2020/c8uopdm_0.jpg,data_sources/ai_edited/IMD2020,ai_edited,950,534,1.779,JPEG,68946,8c71a3d656d16d5ee39194c379ae9806,8bc8344c05b59553a3354da75f0241243eb1a228b49cca797e1262cb376d46d9,1.0,f794cd48c1f2a3a2,ok,295.9556844007667,True,True,cluster_00963,test,/home/dheirav/Code/Deepfake_Detection/deepfake-project/dataset_builder/test/ai_edited/c8uopdm_0.jpg
data_sources/ai_edited/IMD2020/c8v1094_0.png,data_sources/ai_edited/IMD2020,ai_edited,650,474,1.3713,PNG,437655,42684e69e4ae29acbba1c486a0431fcd,4f8cfce3748f44fff296a942eb840f3f7b4f4236ab91c9461667a41f14781a9a,1.0,d6369649b16b2d19,ok,345.2722070030522,True,True,cluster_01321,test,/home/dheirav/Code/Deepfake_Detection/deepfake-project/dataset_builder/test/ai_edited/c8v1094_0.png
data_sources/ai_edited/IMD2020/c8vcovx_0.jpg,data_sources/ai_edited/IMD2020,ai_edited,1068,747,1.4297,JPEG,226482,8586e2f395cd395ed5b598e7959266ec,95a90b07d80b688ac7dfea37e81badb34c53965ae030e61672b50a50984b967e,1.0,e7878dd3c7c0d098,ok,978.2010597896043,True,True,cluster_00528,test,/home/dheirav/Code/Deepfake_Detection/deepfake-project/dataset_builder/test/ai_edited/c8vcovx_0.jpg
data_sources/ai_edited/IMD2020/c8vejd9_0.jpg,data_sources/ai_edited/IMD2020,ai_edited,570,633,0.9005,JPEG,217854,ec6f1950e74d735e71ab1a8c34ba455a,21277d835838992d2e962e3f4d0defa317d40e17a641de49fb7d24d8b216a0d1,1.0,c4bb84ade8b4195e,ok,955.0691386853151,True,True,cluster_01211,test,/home/dheirav/Code/Deepfake_Detection/deepfake-project/dataset_builder/test/ai_edited/c8vejd9_0.jpg
data_sources/ai_edited/IMD2020/c8venih_0.jpg,data_sources/ai_edited/IMD2020,ai_edited,1068,747,1.4297,JPEG,149126,2a4bffbb77e7fb7d00b976d89ad17f4a,a88d78548d0a13dc4b0c7157a218525fae96160921e243b55f3c7fb8b9c60fe2,1.0,e7878dd7c5c0d098,ok,1545.5797350644311,True,True,cluster_00534,test,/home/dheirav/Code/Deepfake_Detection/deepfake-project/dataset_builder/test/ai_edited/c8venih_0.jpg
data_sources/ai_edited/IMD2020/c8vf42i_0.jpg,data_sources/ai_edited/IMD2020,ai_edited,1068,747,1.4297,JPEG,222545,604a3c16873df299d806e0f415b2f385,757e46b0782392ff5a25fc8bdad04037af9efe9e5d57c194642de18d6bb00104,1.0,e7c38dd3cdc0d098,ok,959.9890204843095,True,True,cluster_00529,test,/home/dheirav/Code/Deepfake_Detection/deepfake-project/dataset_builder/test/ai_edited/c8vf42i_0.jpg
data_sources/ai_edited/IMD2020/c8vgphr_0.jpg,data_sources/ai_edited/IMD2020,ai_edited,375,500,0.75,JPEG,155481,30f7f3a6ba9cf40e894369f3bacc26b3,24153412df61817fc8668ae5fcb4bed5de2be8719ee431df3806a714e1d7f9d3,1.0,b6d066ccbb239893,ok,2379.179525744953,True,True,cluster_01575,test,/home/dheirav/Code/Deepfake_Detection/deepfake-project/dataset_builder/test/ai_edited/c8vgphr_0.jpg
data_sources/ai_edited/IMD2020/c8vkb96_0.jpg,data_sources/ai_edited/IMD2020,ai_edited,686,1024,0.6699,JPEG,105764,2db542145ae560f3deaebece0d888df6,84471133b9b56ed8200ae9ed8a4a9ecb4c65acb2d4c945cad4e47647a0519caf,1.0,e2a43f415352c3f5,ok,250.66646725079733,True,True,cluster_00635,test,/home/dheirav/Code/Deepfake_Detection/deepfake-project/dataset_builder/test/ai_edited/c8vkb96_0.jpg
data_sources/ai_edited/IMD2020/c8vklwm_0.png,data_sources/ai_edited/IMD2020,ai_edited,570,633,0.9005,PNG,573833,29e98a39d660e3cdcecea6edc5cf44fd,2711614848c240fe5276e6e250e2f6f4af0ed7e2e90001626cd12542203b894c,1.0,c4fba4adc8b019da,ok,942.414917010935,True,True,cluster_01209,test,/home/dheirav/Code/Deepfake_Detection/deepfake-project/dataset_builder/test/ai_edited/c8vklwm_0.png
data_sources/ai_edited/IMD2020/c8w2mlr_0.jpg,data_sources/ai_edited/IMD2020,ai_edited,1120,629,1.7806,JPEG,212699,c6bc371ca86b1ceb3ab168cd1efbd971,fc394da8089ee69b23e071590c08fe7be53fec351826c2700413701ef26a9d59,1.0,beaac470fa627168,ok,802.0345808740853,True,True,cluster_00633,test,/home/dheirav/Code/Deepfake_Detection/deepfake-project/dataset_builder/test/ai_edited/c8w2mlr_0.jpg
data_sources/ai_edited/IMD2020/c8wantc_0.jpg,data_sources/ai_edited/IMD2020,ai_edited,1280,960,1.3333,JPEG,267124,67cd498f09b0fe88e65a6ee4e1b5cbdc,1fc972c4bb62893ce0642ec582c3878ba8a6d3a6ecad46438cfda14149aa372b,1.0,abd2d538e213f40d,ok,688.1744287061028,True,True,cluster_00322,test,/home/dheirav/Code/Deepfake_Detection/deepfake-project/dataset_builder/test/ai_edited/c8wantc_0.jpg
data_sources/ai_edited/IMD2020/c8wcbsq_0.jpg,data_sources/ai_edited/IMD2020,ai_edited,491,699,0.7024,JPEG,158602,651a67c19bd24143a689cb9a428062a6,71f5991054da178b8cd6bc764b2c0248863af36f6ac3e457b73140a5e6fd354c,1.0,957a69a5d18a56b1,ok,488.9563226089566,True,True,cluster_01251,test,/home/dheirav/Code/Deepfake_Detection/deepfake-project/dataset_builder/test/ai_edited/c8wcbsq_0.jpg
data_sources/ai_edited/IMD2020/c8wcodr_0.jpg,data_sources/ai_edited/IMD2020,ai_edited,491,699,0.7024,JPEG,185464,0c6fb26eeefae6026923507bec827e09,9bd79daa08ec3f665acdbc751c6e449e912612c1e588e600f11327a6874e3d2c,1.0,d2183d6561de8f38,ok,2365.8227639461265,True,True,cluster_01250,test,/home/dheirav/Code/Deepfake_Detection/deepfake-project/dataset_builder/test/ai_edited/c8wcodr_0.jpg
data_sources/ai_edited/IMD2020/c8wcpg5_0.png,data_sources/ai_edited/IMD2020,ai_edited,491,699,0.7024,PNG,398239,bb72e4a09545f01641475cebe6fa692d,a40b712eb9dc4978d1d477c151efbf977c16764d8d4ce9f6ffa09feff3af489f,1.0,8cd27b64702f8e99,ok,525.2001227850237,True,True,cluster_01249,test,/home/dheirav/Code/Deepfake_Detection/deepfake-project/dataset_builder/test/ai_edited/c8wcpg5_0.png
data_sources/ai_edited/IMD2020/c8wtjmm_0.png,data_sources/ai_edited/IMD2020,ai_edited,407,566,0.7191,PNG,312588,ead14461bc92931ba73650b8be8590ee,a176709d542e408309967e57d76dab0b41d61eead0e820f8b375eb742f1fd111,1.0,ee8cb3132d784d8c,ok,1196.8862614300083,True,True,cluster_01511,test,/home/dheirav/Code/Deepfake_Detection/deepfake-project/dataset_builder/test/ai_edited/c8wtjmm_0.png
data_sources/ai_edited/IMD2020/c8wwgw2_0.jpg,data_sources/ai_edited/IMD2020,ai_edited,948,664,1.4277,JPEG,187523,92f443f29fb491a70395dae813309305,0f655e37f9c837e3f8afb622e67214c8f5a07a7f6d1870195d69efb91070ffde,1.0,92468db970835fb6,ok,998.8574210915482,True,True,cluster_00775,test,/home/dheirav/Code/Deepfake_Detection/deepfake-project/dataset_builder/test/ai_edited/c8wwgw2_0.jpg
data_sources/ai_edited/IMD2020/c8wwrie_0.jpg,data_sources/ai_edited/IMD2020,ai_edited,1500,1004,1.494,JPEG,219546,d1a482ed2cf5c1acb8ccdbbce10727f0,ee2d03ee525ed5e5d4566be5f9ce2159ee54d0d0fc113806c0ecba520ae60c7e,1.0,d5843ebc306366c7,ok,670.2281647994141,True,True,cluster_00254,test,/home/dheirav/Code/Deepfake_Detection/deepfake-project/dataset_builder/test/ai_edited/c8wwrie_0.jpg
data_sources/ai_edited/IMD2020/c8wxqdn_0.jpg,data_sources/ai_edited/IMD2020,ai_edited,1224,819,1.4945,JPEG,209535,ae4afa83c8b7d610d88e800168970067,31f1c02912ca0d166de4d10337eb037a0b4bbbf8667c50821cf08c72e977bb48,1.0,e9e6099bc681b9f0,ok,242.74351058642324,True,True,cluster_00383,test,/home/dheirav/Code/Deepfake_Detection/deepfake-project/dataset_builder/test/ai_edited/c8wxqdn_0.jpg
data_sources/ai_edited/IMD2020/c8xfpsi_0.png,data_sources/ai_edited/IMD2020,ai_edited,490,368,1.3315,PNG,228933,b8fc7d45a4a44a6b735689e260793969,4854c7e63f270a85e9fe7ccf21bf0a4b7fad5170191e56ea0c5f377610f3fd21,1.0,e5f28d8c1a5b64e4,ok,582.5028304405682,True,True,cluster_01592,test,/home/dheirav/Code/Deepfake_Detection/deepfake-project/dataset_builder/test/ai_edited/c8xfpsi_0.png
data_sources/ai_edited/IMD2020/c8xhzdr_0.jpg,data_sources/ai_edited/IMD2020,ai_edited,650,366,1.776,JPEG,133503,f447d0393b26b7928161c6451b8e2d07,9e44ed8bce56ed2e5b937379e028762058a7fa518489d97be693f44c62ef7429,1.0,a10f6a163d1ee2f2,ok,500.00087959534886,True,True,cluster_01488,test,/home/dheirav/Code/Deepfake_Detection/deepfake-project/dataset_builder/test/ai_edited/c8xhzdr_0.jpg
data_sources/ai_edited/IMD2020/c8xtrds_0.jpg,data_sources/ai_edited/IMD2020,ai_edited,444,644,0.6894,JPEG,108493,c548d99ae256abca3449284caeefd4bf,e24ea9208f1124bb78e9bb7d5529d3c08d6e7ab089f61e78d4af45dedfa4eafa,1.0,df91cd6e00c53a6a,ok,1113.9607887240236,True,True,cluster_01370,test,/home/dheirav/Code/Deepfake_Detection/deepfake-project/dataset_builder/test/ai_edited/c8xtrds_0.jpg
data_sources/ai_edited/IMD2020/c8y2qcw_0.jpg,data_sources/ai_edited/IMD2020,ai_edited,900,611,1.473,JPEG,198601,12dfa898588631bf3ca269ec97c1e6bf,55b9cb452e4f797ab1355427d54994900a3425686c7f55e6757d92ab1a054de8,1.0,c4f1bb4c3845cf54,ok,1186.186859743151,True,True,cluster_00896,test,/home/dheirav/Code/Deepfake_Detection/deepfake-project/dataset_builder/test/ai_edited/c8y2qcw_0.jpg
data_sources/ai_edited/IMD2020/c8y3utt_0.jpg,data_sources/ai_edited/IMD2020,ai_edited,900,611,1.473,JPEG,187623,535e132d3053c7a8b9b29c646946fa3d,1c339e2c0806c0ac0bdbafdbe1e4a0b58dec349e35caf972d37b01c6f3d93074,1.0,c4f1bbcc3a15cb44,ok,693.6859576281108,True,True,cluster_00897,test,/home/dheirav/Code/Deepfake_Detection/deepfake-project/dataset_builder/test/ai_edited/c8y3utt_0.jpg
data_sources/ai_edited/IMD2020/c8y9zbo_0.jpg,data_sources/ai_edited/IMD2020,ai_edited,900,611,1.473,JPEG,172886,c07dfcaac17e836d0b0efb3406ff61db,fa67f5347b625a7dfcaa8a2a4b5a925073b27f4cad3b1a03a861648ebf48794c,1.0,c4f1bbcc3245cbc4,ok,633.0944974156355,True,True,cluster_00899,test,/home/dheirav/Code/Deepfake_Detection/deepfake-project/dataset_builder/test/ai_edited/c8y9zbo_0.jpg
data_sources/ai_edited/IMD2020/c8yea0e_0.jpg,data_sources/ai_edited/IMD2020,ai_edited,960,635,1.5118,JPEG,242902,9fad8b91eac9d91bb569a33b0126fc40,0cf0ada35064f8d50e28535038ab7b45297d1140603c8c4fba48e3b1c5c5ae40,1.0,c11d2fc53d6a1d91,ok,2593.8291800688544,True,True,cluster_00824,test,/home/dheirav/Code/Deepfake_Detection/deepfake-project/dataset_builder/test/ai_edited/c8yea0e_0.jpg
data_sources/ai_edited/IMD2020/c8yiqdr_0.jpg,data_sources/ai_edited/IMD2020,ai_edited,453,604,0.75,JPEG,64596,d71b9e2559cacfec04258d8a0e5ea951,91e5fc36386b62ea2633f960ce936e64e8139d5d34f7c6ae714fbd5f4ffec3bb,1.0,ff7f034102e5708d,ok,234.5391103764699,True,True,cluster_01392,test,/home/dheirav/Code/Deepfake_Detection/deepfake-project/dataset_builder/test/ai_edited/c8yiqdr_0.jpg
data_sources/ai_edited/IMD2020/c8yqawk_0.png,data_sources/ai_edited/IMD2020,ai_edited,775,574,1.3502,PNG,640923,b95a78910a3e218e1e958c2ba9f876e8,3276f44be6a7a159cec7e959a9c98ed9e93027b6b48b67c00497a832c9766f1b,1.0,94d632936d90e59b,ok,539.648552520101,True,True,cluster_01073,test,/home/dheirav/Code/Deepfake_Detection/deepfake-project/dataset_builder/test/ai_edited/c8yqawk_0.png
data_sources/ai_edited/IMD2020/c8z0zg4_0.jpg,data_sources/ai_edited/IMD2020,ai_edited,529,667,0.7931,JPEG,201856,6756beefb37e84174d3d648de4dab1ce,29ecbd32009c3a17c7b41cf014bcd406fffd36664ca666239cac84677c488b52,1.0,b817e3339761d330,ok,572.7175000327985,True,True,cluster_01224,test,/home/dheirav/Code/Deepfake_Detection/deepfake-project/dataset_builder/test/ai_edited/c8z0zg4_0.jpg
data_sources/ai_edited/IMD2020/c8z1qqq_0.jpg,data_sources/ai_edited/IMD2020,ai_edited,472,315,1.4984,JPEG,31331,ee47d692e102f01779f964c84117bd9f,1366e456a3836601c09e50b62c7e93ffdc67e915f16e7b241648250474251c66,1.0,e6cd1b994c729a32,ok,1017.234661680261,True,True,cluster_01634,test,/home/dheirav/Code/Deepfake_Detection/deepfake-project/dataset_builder/test/ai_edited/c8z1qqq_0.jpg
data_sources/ai_edited/IMD2020/c8z1ubs_0.jpg,data_sources/ai_edited/IMD2020,ai_edited,1600,1196,1.3378,JPEG,439780,ebe1923dcf8b679ed8b588adaac2d8cb,80a3bec876821d0f22e4e5e0d65ce0a87d5729d7562f502d72a4a6e7836a5adc,1.0,abfab4c1cb181c65,ok,595.6414984878131,True,True,cluster_00195,test,/home/dheirav/Code/Deepfake_Detection/deepfake-project/dataset_builder/test/ai_edited/c8z1ubs_0.jpg
data_sources/ai_edited/IMD2020/c8z3l9n_0.jpg,data_sources/ai_edited/IMD2020,ai_edited,800,533,1.5009,JPEG,129898,365278f4909f1db2c185d109be0a5511,527265be22815c9e69bc2f6c3ea8bbde8b8fc1e3ec087c80a85979865ec92028,1.0,dd90629b49b63665,ok,930.7613953890716,True,True,cluster_01097,test,/home/dheirav/Code/Deepfake_Detection/deepfake-project/dataset_builder/test/ai_edited/c8z3l9n_0.jpg
data_sources/ai_edited/IMD2020/c8z4ldo_0.jpg,data_sources/ai_edited/IMD2020,ai_edited,1152,768,1.5,JPEG,103375,4ef0bd44142b8199460a26b477c3baf3,b0e9c9c235f86f923592bd85816aaa1a3d23fa1457c01332fd6d2630f6fba559,1.0,d590639f6ad49835,ok,794.5111071623143,True,True,cluster_00475,test,/home/dheirav/Code/Deepfake_Detection/deepfake-project/dataset_builder/test/ai_edited/c8z4ldo_0.jpg
data_sources/ai_edited/IMD2020/c8zb000_0.jpg,data_sources/ai_edited/IMD2020,ai_edited,1024,768,1.3333,JPEG,153256,325a20863f4d793bad8962f1aeb10845,b426fcf3371aaae175ce98701b8497377ed8bd6df6cddc4595ba03ce56348f6a,1.0,fce3134ec48f3cc0,ok,313.3581433991963,True,True,cluster_00554,test,/home/dheirav/Code/Deepfake_Detection/deepfake-project/dataset_builder/test/ai_edited/c8zb000_0.jpg
data_sources/ai_edited/IMD2020/c8zf0hg_0.jpg,data_sources/ai_edited/IMD2020,ai_edited,640,480,1.3333,JPEG,128153,deedbea3e2d7172c5420dc3f5b55aeac,7935e53cea028b6206da324e7b81298a763e408dd300b8b5bd43951d4d75264e,1.0,f9d3ca240d188f67,ok,445.30485811690215,True,True,cluster_01333,test,/home/dheirav/Code/Deepfake_Detection/deepfake-project/dataset_builder/test/ai_edited/c8zf0hg_0.jpg
data_sources/ai_edited/IMD2020/c8zj234_0.jpg,data_sources/ai_edited/IMD2020,ai_edited,633,720,0.8792,JPEG,189689,2ccb445da1e223643081b90404f0a1d6,1733ec622ae1727c4ad29b132e372ceef90fb0cfe893bf42a0a233e8bb213c88,1.0,89337de042e74cdc,ok,1310.073140307829,True,True,cluster_01045,test,/home/dheirav/Code/Deepfake_Detection/deepfake-project/dataset_builder/test/ai_edited/c8zj234_0.jpg
data_sources/ai_edited/IMD2020/c8zjhlp_0.jpg,data_sources/ai_edited/IMD2020,ai_edited,431,339,1.2714,JPEG,63335,e6a85d53f509fedb371d7ee068dbd2d7,f10f1aee9d28b92d3182a28028b5e33dd7deb364347f9486516b5645ba6e8ebc,1.0,d39b4c0f26ed6906,ok,4792.188962245384,True,True,cluster_01635,test,/home/dheirav/Code/Deepfake_Detection/deepfake-project/dataset_builder/test/ai_edited/c8zjhlp_0.jpg
data_sources/ai_edited/IMD2020/c8zsg4j_0.jpg,data_sources/ai_edited/IMD2020,ai_edited,1024,683,1.4993,JPEG,162808,9c649c29bd08d84a42b587b8513d2deb,8f284919559acaee4ea549eea122452d906c4ba295272fdb89e8b56973aca669,1.0,81f0da1937c74e74,ok,283.43388816782783,True,True,cluster_00642,test,/home/dheirav/Code/Deepfake_Detection/deepfake-project/dataset_builder/test/ai_edited/c8zsg4j_0.jpg
data_sources/ai_edited/IMD2020/c8zsnr4_0.png,data_sources/ai_edited/IMD2020,ai_edited,500,375,1.3333,PNG,413798,aab4c69cb6acbd1c212072b0ad27b742,7e3b20cf31585f1a265905d6096b64eccaf7cd1e86f114052695c8e913f405dc,1.0,b08d6fa0f9072c7c,ok,1884.1819873556196,True,True,cluster_01572,test,/home/dheirav/Code/Deepfake_Detection/deepfake-project/dataset_builder/test/ai_edited/c8zsnr4_0.png
data_sources/ai_edited/IMD2020/c8zuhhz_0.jpg,data_sources/ai_edited/IMD2020,ai_edited,493,335,1.4716,JPEG,67312,0df69a7eb75a4fc5397ab58b72303aa9,6f690d0d51631566285778881513b94d569f016f9cd277232524194c4cbab85b,1.0,e3b71d1378787c20,ok,356.2624766498937,True,True,cluster_01615,test,/home/dheirav/Code/Deepfake_Detection/deepfake-project/dataset_builder/test/ai_edited/c8zuhhz_0.jpg
data_sources/ai_edited/IMD2020/c908yxz_0.jpg,data_sources/ai_edited/IMD2020,ai_edited,1296,792,1.6364,JPEG,201317,dfa20fee284bb19f024a72a6f1dab4dc,212c380f13cf728c73509af8e9e9be83f6ebb179d1d03780ea2496d506c8da63,1.0,f098274754dcb92b,ok,139.8542455767979,True,True,cluster_00377,test,/home/dheirav/Code/Deepfake_Detection/deepfake-project/dataset_builder/test/ai_edited/c908yxz_0.jpg
data_sources/ai_edited/IMD2020/c90cmeo_0.jpg,data_sources/ai_edited/IMD2020,ai_edited,858,536,1.6007,JPEG,129753,1078c431d6c271a14ec5b1699bcc128c,b00c69580af51755932df94503faf710fbbd581893e044e507baad091ace8344,1.0,c3b7fe4964990926,ok,463.2852714114309,True,True,cluster_01033,test,/home/dheirav/Code/Deepfake_Detection/deepfake-project/dataset_builder/test/ai_edited/c90cmeo_0.jpg
data_sources/ai_edited/IMD2020/c90cqnr_0.jpg,data_sources/ai_edited/IMD2020,ai_edited,600,484,1.2397,JPEG,210318,4fa44dcbeb84d303bf8ab4dd60d7f3f7,1f5a3834771c63dbfa4b9b06cf150fb57919c8bd25e8d88e91d92ed035854bca,1.0,9587b481cd36cb96,ok,1255.2097749299437,True,True,cluster_01362,test,/home/dheirav/Code/Deepfake_Detection/deepfake-project/dataset_builder/test/ai_edited/c90cqnr_0.jpg
data_sources/ai_edited/IMD2020/c90d7x7_0.jpg,data_sources/ai_edited/IMD2020,ai_edited,950,697,1.363,JPEG,191389,3eef8aea3cad3b4c18369f3e5bb5e189,e5b54c02146871ceb6af4adfcd632866d37f345f3cf826c7059e72b320ae4d3e,1.0,cce38e30c0c73d7c,ok,329.8435774991835,True,True,cluster_00743,test,/home/dheirav/Code/Deepfake_Detection/deepfake-project/dataset_builder/test/ai_edited/c90d7x7_0.jpg
data_sources/ai_edited/IMD2020/c90g14e_0.jpg,data_sources/ai_edited/IMD2020,ai_edited,858,536,1.6007,JPEG,150351,14aa5f93b8fcb3bbf63a89553816d42b,4c03676bb25d7862540d390c5ed8a8e8f9f6bac3a1ce08336a38f4bf3995d298,1.0,c3b1fec964990d26,ok,691.0572961229385,True,True,cluster_01031,test,/home/dheirav/Code/Deepfake_Detection/deepfake-project/dataset_builder/test/ai_edited/c90g14e_0.jpg
data_sources/ai_edited/IMD2020/c90lr6w_0.jpg,data_sources/ai_edited/IMD2020,ai_edited,1100,600,1.8333,JPEG,201779,af0f51dcff177073bd3038bb859b38d7,2d867f09d807464bfb0eda43ea2d11de811e2602d23225915042a63bbe424d18,1.0,ffd0d83a95214ad4,ok,93.15713608241506,True,True,cluster_00753,test,/home/dheirav/Code/Deepfake_Detection/deepfake-project/dataset_builder/test/ai_edited/c90lr6w_0.jpg
data_sources/ai_edited/IMD2020/c90o4ei_0.jpg,data_sources/ai_edited/IMD2020,ai_edited,960,720,1.3333,JPEG,175536,2b07c608ff94f9d16269e7bfe5ab2af7,0189229b12c631adfd78718ecb970dd3164567898ff109b546f194cabf582ba5,1.0,f4aea2d51e398b82,ok,548.2777276201078,True,True,cluster_00683,test,/home/dheirav/Code/Deepfake_Detection/deepfake-project/dataset_builder/test/ai_edited/c90o4ei_0.jpg
data_sources/ai_edited/IMD2020/c90o79c_0.jpg,data_sources/ai_edited/IMD2020,ai_edited,1200,800,1.5,JPEG,227925,5b103f8a738b88b1d6ac288004f12c80,95cc5560dad8c973cfd6531052fa407817afdbc7cd994009a6d31f85854a1f0e,1.0,c8991915baabbb1a,ok,458.8529032482639,True,True,cluster_00405,test,/home/dheirav/Code/Deepfake_Detection/deepfake-project/dataset_builder/test/ai_edited/c90o79c_0.jpg
data_sources/ai_edited/IMD2020/c90os5y_0.jpg,data_sources/ai_edited/IMD2020,ai_edited,800,450,1.7778,JPEG,145945,5d74c169af047a9cc738f135614cbbf9,47649fedf60a2f99a401ad115a3f853842f256900252b9e79651db5bbbe476b9,1.0,ba36d43013d73e86,ok,969.6748973140432,True,True,cluster_01216,test,/home/dheirav/Code/Deepfake_Detection/deepfake-project/dataset_builder/test/ai_edited/c90os5y_0.jpg
data_sources/ai_edited/IMD2020/c90prjy_0.jpg,data_sources/ai_edited/IMD2020,ai_edited,1200,800,1.5,JPEG,225315,4ca597202aec6ec50755668289aa965f,e40be02b44a6c459fe560923ccaeb6deaf1e442e977fb3d5ee997c3ed54da8ce,1.0,d3912a053b2f93ba,ok,472.4784311370443,True,True,cluster_00406,test,/home/dheirav/Code/Deepfake_Detection/deepfake-project/dataset_builder/test/ai_edited/c90prjy_0.jpg
data_sources/ai_edited/IMD2020/c90pv3g_0.png,data_sources/ai_edited/IMD2020,ai_edited,600,600,1.0,PNG,342559,cc1f41ed9397f2d10390d16e9c5af3df,e9d7441f0ae6ee098b8b4d22c5d43d8060776bb0046babd695b91cec1f634071,1.0,a4b4f06cb9b8ba64,ok,291.39187856388116,True,True,cluster_01215,test,/home/dheirav/Code/Deepfake_Detection/deepfake-project/dataset_builder/test/ai_edited/c90pv3g_0.png
data_sources/ai_edited/IMD2020/c90znpe_0.jpg,data_sources/ai_edited/IMD2020,ai_edited,960,622,1.5434,JPEG,189240,1ec1e698635e2089f5b99155b5d6605e,401b2c6ae6197fd63e957352dc219ed3db3076af4c26eee4c47f3b07a121c699,1.0,a55adea90316d4e9,ok,1043.468672150393,True,True,cluster_00840,test,/home/dheirav/Code/Deepfake_Detection/deepfake-project/dataset_builder/test/ai_edited/c90znpe_0.jpg
data_sources/ai_edited/IMD2020/c910bn6_0.jpg,data_sources/ai_edited/IMD2020,ai_edited,1219,792,1.5391,JPEG,380186,224c544199941645049d6779cb84360e,7cba9a6c0ff30eebf9d8d78f3546d4e42e97bd6b6921dc041988237ffa8d66b4,1.0,fc41cf4ea472d1a2,ok,1008.9689655875466,True,True,cluster_00398,test,/home/dheirav/Code/Deepfake_Detection/deepfake-project/dataset_builder/test/ai_edited/c910bn6_0.jpg
data_sources/ai_edited/IMD2020/c910wxp_0.jpg,data_sources/ai_edited/IMD2020,ai_edited,800,600,1.3333,JPEG,88059,37c24a5673d7eacd1c2e2c57c47a427d,ab40993b330eda6a84f092323ddabd3e26a9136754faa013cecb3920e8a6bab9,1.0,a77628e1be366198,ok,655.2693674452039,True,True,cluster_01006,test,/home/dheirav/Code/Deepfake_Detection/deepfake-project/dataset_builder/test/ai_edited/c910wxp_0.jpg
data_sources/ai_edited/IMD2020/c912un2_0.jpg,data_sources/ai_edited/IMD2020,ai_edited,1024,768,1.3333,JPEG,233755,98331824147944ff4eb0b61f64b83aa6,f8f4195ed714d3bc055795a09e9cf668de1028f4366997c4947152a897577f6a,1.0,e28474f292b39be1,ok,601.904338827575,True,True,cluster_00545,test,/home/dheirav/Code/Deepfake_Detection/deepfake-project/dataset_builder/test/ai_edited/c912un2_0.jpg
data_sources/ai_edited/IMD2020/c91681h_0.jpg,data_sources/ai_edited/IMD2020,ai_edited,960,622,1.5434,JPEG,116503,be9c962a7c2f5ccc7ff9f1dbbbca1827,8eaeb70459e0a83cd415f7f231ef46185d8c4789213077cf2f8f1718e0ec2505,1.0,b5d4c05bbb664d24,ok,215.7111900129621,True,True,cluster_00841,test,/home/dheirav/Code/Deepfake_Detection/deepfake-project/dataset_builder/test/ai_edited/c91681h_0.jpg
data_sources/ai_edited/IMD2020/c91gqec_0.jpg,data_sources/ai_edited/IMD2020,ai_edited,677,1036,0.6535,JPEG,186678,57c1894b2bf705ec987aeac9ff6c7c2b,213303b583637ed149102c7904ea5b6c284b5a351b0f94c24d4a9da139fb4d59,1.0,f3df0c0612b98dc6,ok,1412.843502286093,True,True,cluster_00637,test,/home/dheirav/Code/Deepfake_Detection/deepfake-project/dataset_builder/test/ai_edited/c91gqec_0.jpg
data_sources/ai_edited/IMD2020/c91h8oi_0.jpg,data_sources/ai_edited/IMD2020,ai_edited,765,1024,0.7471,JPEG,260394,2a6cd577a51ce5ab32e56dbd9c254763,77806d6fc33f99611e7911a4300e48b5c9ea902d9a772470a8e878816295a997,1.0,8298fdae76dba110,ok,872.543764409084,True,True,cluster_00561,test,/home/dheirav/Code/Deepfake_Detection/deepfake-project/dataset_builder/test/ai_edited/c91h8oi_0.jpg
data_sources/ai_edited/IMD2020/c91hclm_0.jpg,data_sources/ai_edited/IMD2020,ai_edited,765,1024,0.7471,JPEG,245443,be11002a3f74763930d9ee9596716fb4,e8bcee51f7dbb9b3b84de355ec3d7e51177b6994088bddaa8025a74b38b7bcdd,1.0,8290bebd774f8198,ok,565.9706813635381,True,True,cluster_00562,test,/home/dheirav/Code/Deepfake_Detection/deepfake-project/dataset_builder/test/ai_edited/c91hclm_0.jpg
data_sources/ai_edited/IMD2020/c91kvfk_0.jpg,data_sources/ai_edited/IMD2020,ai_edited,491,960,0.5115,JPEG,245985,34428269f1c2e3e2396f0ffbd9e79654,64206fd38eb07950ae065b24d5189618bb845d5bab1685366414dd42ee656b07,1.0,a5e35eb4f198308e,ok,290.5749705361345,True,True,cluster_01018,test,/home/dheirav/Code/Deepfake_Detection/deepfake-project/dataset_builder/test/ai_edited/c91kvfk_0.jpg
data_sources/ai_edited/IMD2020/c91mttb_0.png,data_sources/ai_edited/IMD2020,ai_edited,750,550,1.3636,PNG,603397,abe56c4d3140aa1d30effc1c0da81e3b,b64d2b300bd9a42c8dfc54de8904c5e28bd7b3b280334334b6a104fb0db7cf95,1.0,e699d10c6f6a324d,ok,1971.0549639572803,True,True,cluster_01120,test,/home/dheirav/Code/Deepfake_Detection/deepfake-project/dataset_builder/test/ai_edited/c91mttb_0.png
data_sources/ai_edited/IMD2020/c91z2wh_0.jpg,data_sources/ai_edited/IMD2020,ai_edited,1920,1200,1.6,JPEG,211598,c9b330069f784152a79eafc1f62b11b3,e8032f771f39b05664983b5f04d09b4e11879dd9136aea63bbcb735816c24a42,1.0,86b1735e38c77a18,ok,346.39777036748416,True,True,cluster_00127,test,/home/dheirav/Code/Deepfake_Detection/deepfake-project/dataset_builder/test/ai_edited/c91z2wh_0.jpg
data_sources/ai_edited/IMD2020/c928p9k_0.png,data_sources/ai_edited/IMD2020,ai_edited,640,427,1.4988,PNG,532942,f1f7f3597e84544b172d00d2d4e7d898,00d84732454318a17823de42b517287f63858b49a6a127a1b070f29118a66441,1.0,e67a72f0a1399991,ok,700.3988373008573,True,True,cluster_01393,test,/home/dheirav/Code/Deepfake_Detection/deepfake-project/dataset_builder/test/ai_edited/c928p9k_0.png
data_sources/ai_edited/IMD2020/c92b5tv_0.jpg,data_sources/ai_edited/IMD2020,ai_edited,1920,1200,1.6,JPEG,686433,6110d7b603a499e529a155495b996c5c,f9d6a42ab8c3b466b3fab127a2c148164e262879fc942591c55adfb792af36d2,1.0,8c7872accea627d1,ok,213.23786553475765,True,True,cluster_00116,test,/home/dheirav/Code/Deepfake_Detection/deepfake-project/dataset_builder/test/ai_edited/c92b5tv_0.jpg
data_sources/ai_edited/IMD2020/c92be1o_0.jpg,data_sources/ai_edited/IMD2020,ai_edited,1680,1257,1.3365,JPEG,332141,020c24b7b056d32c322a6e0fcad29ce1,4ccd8c421365e38a79828d9662f438d3b532d041683309b1c3d34f2cb416e0c5,1.0,8cffb6984d2e2852,ok,498.205614068551,True,True,cluster_00145,test,/home/dheirav/Code/Deepfake_Detection/deepfake-project/dataset_builder/test/ai_edited/c92be1o_0.jpg
data_sources/ai_edited/IMD2020/c92ebc2_0.jpg,data_sources/ai_edited/IMD2020,ai_edited,2048,1368,1.4971,JPEG,273819,136e5bf10bc80cc4822f5ba00bea79cd,5c430fc62cd4148c2e7be707bff25d3a818f4cf000bfc3a071556aebf8cdbddb,1.0,d1f08ecef61cc922,ok,459.79818278280146,True,True,cluster_00090,test,/home/dheirav/Code/Deepfake_Detection/deepfake-project/dataset_builder/test/ai_edited/c92ebc2_0.jpg
data_sources/ai_edited/IMD2020/c92fby0_0.jpg,data_sources/ai_edited/IMD2020,ai_edited,2048,1368,1.4971,JPEG,607715,d2251116fe069296a689bed7977e783d,47ead561ee09929a64be3bf3bfef68046926356eea00214a10d5a53b53085885,1.0,90f8cb97ee4e9460,ok,556.3627838604588,True,True,cluster_00087,test,/home/dheirav/Code/Deepfake_Detection/deepfake-project/dataset_builder/test/ai_edited/c92fby0_0.jpg
data_sources/ai_edited/IMD2020/c92n9gt_0.png,data_sources/ai_edited/IMD2020,ai_edited,750,455,1.6484,PNG,733415,315591dac3ec81df1644b587676ca7f3,8e827e5f289cd1435b03066835f42d250958d074a1560fc43749bea6bf836e6e,1.0,85d0c9f1f4364f2a,ok,1677.1676742585653,True,True,cluster_01258,test,/home/dheirav/Code/Deepfake_Detection/deepfake-project/dataset_builder/test/ai_edited/c92n9gt_0.png
data_sources/ai_edited/IMD2020/c92onbn_0.png,data_sources/ai_edited/IMD2020,ai_edited,750,455,1.6484,PNG,598724,729f1970ef1f227c67bea991875120fe,8e6a8d95d74a228142cb28439d0b0d73639c26d35988e6832d85b5f547c178c4,1.0,85d8c8f1b6364f2a,ok,1276.9916808217665,True,True,cluster_01259,test,/home/dheirav/Code/Deepfake_Detection/deepfake-project/dataset_builder/test/ai_edited/c92onbn_0.png
data_sources/ai_edited/IMD2020/c92psdg_0.jpg,data_sources/ai_edited/IMD2020,ai_edited,750,455,1.6484,JPEG,75080,013fbe2c2d3d0838c7ba866242fa09aa,95e8dbadd7169a990f098039dd4822ba5248f9e69a99a3bcdc140674fa77532f,1.0,85c2cbf8b4364f2a,ok,1155.1110687821385,True,True,cluster_01268,test,/home/dheirav/Code/Deepfake_Detection/deepfake-project/dataset_builder/test/ai_edited/c92psdg_0.jpg
data_sources/ai_edited/IMD2020/c92q18a_0.jpg,data_sources/ai_edited/IMD2020,ai_edited,1048,838,1.2506,JPEG,313368,b38a471aa2e9e44c9223c2c14bec2713,e9dfe305bc940e75c87f6990437b611198a6c2f26bba2e69a55b53753c8dc826,1.0,be22c1b8979dc6e0,ok,1035.6440179196002,True,True,cluster_00479,test,/home/dheirav/Code/Deepfake_Detection/deepfake-project/dataset_builder/test/ai_edited/c92q18a_0.jpg
data_sources/ai_edited/IMD2020/c92s0oq_0.jpg,data_sources/ai_edited/IMD2020,ai_edited,540,774,0.6977,JPEG,210147,4fbe3e0b05d50643cde98670100108c3,1a33184d37f25c6c9605dc3f9c4cf6654c24535af88c1ab64f46a791922b24fc,1.0,fd80d994079cb4e6,ok,337.2781526732181,True,True,cluster_01114,test,/home/dheirav/Code/Deepfake_Detection/deepfake-project/dataset_builder/test/ai_edited/c92s0oq_0.jpg
data_sources/ai_edited/IMD2020/c92slcj_0.jpg,data_sources/ai_edited/IMD2020,ai_edited,750,455,1.6484,JPEG,99752,dedaf1ca43c7c31842b17a5c6b9817dd,c9f703f078a290e5897792e1c2ea7569a7555e48c14266e2c97983b4ed1143e5,1.0,a5f2cbf89406cf28,ok,1317.4692886296739,True,True,cluster_01266,test,/home/dheirav/Code/Deepfake_Detection/deepfake-project/dataset_builder/test/ai_edited/c92slcj_0.jpg
data_sources/ai_edited/IMD2020/c92sqgw_0.jpg,data_sources/ai_edited/IMD2020,ai_edited,750,455,1.6484,JPEG,204353,e1aa6610c519ea295711f4feb34380c0,6eab63c641da587083eece68a37865ec69e584f6a88eb54f2a3bf2f4aae87e25,1.0,85d8c9f8b4364f2a,ok,1269.4609392880325,True,True,cluster_01263,test,/home/dheirav/Code/Deepfake_Detection/deepfake-project/dataset_builder/test/ai_edited/c92sqgw_0.jpg
data_sources/ai_edited/IMD2020/c92uvo3_0.jpg,data_sources/ai_edited/IMD2020,ai_edited,750,455,1.6484,JPEG,209208,d4f40c15ac5c8b414f3c011912485c26,2db6e05b11bec50546e49ffefc7e1db79d48b5c5423193243cb5d79ab8677652,1.0,85d8c9f1b4364f2a,ok,1264.9589671268602,True,True,cluster_01262,test,/home/dheirav/Code/Deepfake_Detection/deepfake-project/dataset_builder/test/ai_edited/c92uvo3_0.jpg
data_sources/ai_edited/IMD2020/c92xk95_0.jpg,data_sources/ai_edited/IMD2020,ai_edited,540,960,0.5625,JPEG,132257,39db9e5125a00b757bf617a95534be87,118b933af6012849f8dc13a7b3a372ecad45f54d7b52ab587804f7d43f2667f1,1.0,fda20a5d076b606b,ok,192.98385416010268,True,True,cluster_00950,test,/home/dheirav/Code/Deepfake_Detection/deepfake-project/dataset_builder/test/ai_edited/c92xk95_0.jpg
data_sources/ai_edited/IMD2020/c9306r3_0.jpg,data_sources/ai_edited/IMD2020,ai_edited,1024,768,1.3333,JPEG,175362,3a9d7951d905adbdea1a605fce507677,fb937c594c6a4519a8e096c5afde9ab15f87b91e3569848c3c05814b8d6c13aa,1.0,88d1d3f0a92f4e6a,ok,193.4425486810101,True,True,cluster_00551,test,/home/dheirav/Code/Deepfake_Detection/deepfake-project/dataset_builder/test/ai_edited/c9306r3_0.jpg
data_sources/ai_edited/IMD2020/c934im7_0.jpg,data_sources/ai_edited/IMD2020,ai_edited,905,577,1.5685,JPEG,204821,f42b9ed40be4ce9a4316cb7e0e7e40c1,e7938c4952b997af13e5069c8a5da2d00c0bfb6f5c6919c4246d4d2e33a97794,1.0,b749a60278ee7a43,ok,1758.8970885470676,True,True,cluster_00945,test,/home/dheirav/Code/Deepfake_Detection/deepfake-project/dataset_builder/test/ai_edited/c934im7_0.jpg
data_sources/ai_edited/IMD2020/c935n1j_0.jpg,data_sources/ai_edited/IMD2020,ai_edited,523,428,1.222,JPEG,70827,9352aae155189faae00e6506bcbadb19,a057f7912e287b2a33b2c19c6d329aeee45bee34bc2d3bca8cc6fd6a63fb2b1e,1.0,b8e496c3639e499c,ok,1086.8836570134065,True,True,cluster_01533,test,/home/dheirav/Code/Deepfake_Detection/deepfake-project/dataset_builder/test/ai_edited/c935n1j_0.jpg
data_sources/ai_edited/IMD2020/c938omt_0.png,data_sources/ai_edited/IMD2020,ai_edited,523,428,1.222,PNG,292352,9fdcb4e9d61a6794c2533c3a6dfb245d,095ea21c0cfe748c7061a6649bfd778e69dcd58e82084de6305793c88b9a34a6,1.0,b0ec9643cb9ec19a,ok,795.9459801863419,True,True,cluster_01531,test,/home/dheirav/Code/Deepfake_Detection/deepfake-project/dataset_builder/test/ai_edited/c938omt_0.png
data_sources/ai_edited/IMD2020/c93czl5_0.jpg,data_sources/ai_edited/IMD2020,ai_edited,500,500,1.0,JPEG,174212,c410a6f79be1fab17414675f5ca64c8a,e1f7fd4e9f23aef3966af42b29d2b8f7ba1f285b4140d16a13f716f733df7eaf,1.0,b344343d6f5ad870,ok,866.821794452464,True,True,cluster_01449,test,/home/dheirav/Code/Deepfake_Detection/deepfake-project/dataset_builder/test/ai_edited/c93czl5_0.jpg
data_sources/ai_edited/IMD2020/c93ewwm_0.jpg,data_sources/ai_edited/IMD2020,ai_edited,709,1086,0.6529,JPEG,154035,04f032c5c50cf0c6cbae73affcd5b39c,a5b2cc24bc7a49c09668d312ae00df83c2d7be16432763d435cfc9dafa3914da,1.0,876ef805fb36b084,ok,340.6251536377012,True,True,cluster_00575,test,/home/dheirav/Code/Deepfake_Detection/deepfake-project/dataset_builder/test/ai_edited/c93ewwm_0.jpg
data_sources/ai_edited/IMD2020/c93f747_0.jpg,data_sources/ai_edited/IMD2020,ai_edited,709,1086,0.6529,JPEG,157711,c36c54cc4ba03d97c2761fda66821fad,2179a8d4a2736abdb0d02c4f0d87292360ef32e97996f4c50a0344b04941a762,1.0,876ef801fa3ef084,ok,323.6137246803598,True,True,cluster_00574,test,/home/dheirav/Code/Deepfake_Detection/deepfake-project/dataset_builder/test/ai_edited/c93f747_0.jpg
data_sources/ai_edited/IMD2020/c93g8n1_0.jpg,data_sources/ai_edited/IMD2020,ai_edited,792,594,1.3333,JPEG,205898,0133eadc3243a33099567fdced880c3b,e00946a564312d3c23a300de25fdb32885a2d14051ec669e28047d36d7636471,1.0,b94ac66a9b3364c5,ok,2018.0650802983155,True,True,cluster_01020,test,/home/dheirav/Code/Deepfake_Detection/deepfake-project/dataset_builder/test/ai_edited/c93g8n1_0.jpg
data_sources/ai_edited/IMD2020/c93gd4c_0.jpg,data_sources/ai_edited/IMD2020,ai_edited,1500,1000,1.5,JPEG,336551,ed1174a15bb01e65290be0335dd538e9,48230475fa9567ec3e47a246c51931aadfeea414c42aac86845a1ced04eda02f,1.0,ec8adb51cec454a6,ok,100.33044286676622,True,True,cluster_00260,test,/home/dheirav/Code/Deepfake_Detection/deepfake-project/dataset_builder/test/ai_edited/c93gd4c_0.jpg
data_sources/ai_edited/IMD2020/c93gg4y_0.png,data_sources/ai_edited/IMD2020,ai_edited,769,594,1.2946,PNG,777547,c85f995617c86b24a676aa3bf5f3e936,cf327113d0b2ad634dee18cf369cc6a7b30bf7dfe2e6fbbe596c04b8c7ea6abb,1.0,bb6d8d92241c2fa5,ok,1182.220050494717,True,True,cluster_01043,test,/home/dheirav/Code/Deepfake_Detection/deepfake-project/dataset_builder/test/ai_edited/c93gg4y_0.png
data_sources/ai_edited/IMD2020/c93gtrk_0.jpg,data_sources/ai_edited/IMD2020,ai_edited,709,1086,0.6529,JPEG,177458,da4a3e52a8d1fa78ca187e2a22600639,2d33279f8120344484208dfe3dfad19df0cfa291d46d6d386017a8bc27ba8680,1.0,8636b405ff36b0cc,ok,1022.8923690994021,True,True,cluster_00573,test,/home/dheirav/Code/Deepfake_Detection/deepfake-project/dataset_builder/test/ai_edited/c93gtrk_0.jpg
data_sources/ai_edited/IMD2020/c93hbzp_0.png,data_sources/ai_edited/IMD2020,ai_edited,750,499,1.503,PNG,251743,7f6970a26ac086435ac7aad491f6382b,8a8ec8dec5d44aea62bf4d4945a1b578193a53af6f4edaf10f5dcc9198296909,1.0,d139e265da269999,ok,232.28689925897484,True,True,cluster_01189,test,/home/dheirav/Code/Deepfake_Detection/deepfake-project/dataset_builder/test/ai_edited/c93hbzp_0.png
data_sources/ai_edited/IMD2020/c93is7s_0.jpg,data_sources/ai_edited/IMD2020,ai_edited,709,1086,0.6529,JPEG,133764,337ecd05a25924e2c9a27ee624feb4c3,c049c3827b27dbfa50e8fa63d8752d21b49c91472945905839bee4e52c291be6,1.0,876ef805e836f194,ok,398.66523369603567,True,True,cluster_00576,test,/home/dheirav/Code/Deepfake_Detection/deepfake-project/dataset_builder/test/ai_edited/c93is7s_0.jpg
data_sources/ai_edited/IMD2020/c93k770_0.jpg,data_sources/ai_edited/IMD2020,ai_edited,1600,1200,1.3333,JPEG,181175,07666381329ad3bda48fb4ab3e35bf52,055cfe6871dd646ec37823283a871c68324f44b8fe35c9cae14593371553b9cf,1.0,b80774b84fe94b98,ok,132.13797680221248,True,True,cluster_00191,test,/home/dheirav/Code/Deepfake_Detection/deepfake-project/dataset_builder/test/ai_edited/c93k770_0.jpg
data_sources/ai_edited/IMD2020/c93l76u_0.jpg,data_sources/ai_edited/IMD2020,ai_edited,329,475,0.6926,JPEG,31871,459274b6a95eb406426850180583db93,15f41773ce5c78cd4515e76b92601bf74ae14c119ce93596a8920426bea43529,1.0,96076cfc693a9a68,ok,1421.2673855757546,True,True,cluster_01625,test,/home/dheirav/Code/Deepfake_Detection/deepfake-project/dataset_builder/test/ai_edited/c93l76u_0.jpg
data_sources/ai_edited/IMD2020/c944h7f_0.png,data_sources/ai_edited/IMD2020,ai_edited,896,637,1.4066,PNG,565058,84cd4426aad9b4261a3ef4e49e944f37,db2ed16844b1acda2e36c38378d93c35193bbc61d9314ce7c978cfc9bf2903f7,1.0,d92666c9993266e6,ok,89.14039321312505,True,True,cluster_00882,test,/home/dheirav/Code/Deepfake_Detection/deepfake-project/dataset_builder/test/ai_edited/c944h7f_0.png
data_sources/ai_edited/IMD2020/c9479yq_0.jpg,data_sources/ai_edited/IMD2020,ai_edited,622,801,0.7765,JPEG,115413,0ed53f6d1ffa9abc30ed57451279d742,1bf7fd584dcb10b08f879e184b2403437a30764bc6aaf68195794a6ab0af9ca2,1.0,b0e31db8a66953d2,ok,482.197219306938,True,True,cluster_00975,test,/home/dheirav/Code/Deepfake_Detection/deepfake-project/dataset_builder/test/ai_edited/c9479yq_0.jpg
data_sources/ai_edited/IMD2020/c948hfr_0.jpg,data_sources/ai_edited/IMD2020,ai_edited,1024,768,1.3333,JPEG,142229,839468995e9b43ad99af0ad2463fe3df,9ebe4c1083a56cefd212eb88802f0ad527a3c2e464c34441628b9c0c1ccdb7b8,1.0,84f27f8d6a178364,ok,462.09228559808497,True,True,cluster_00555,test,/home/dheirav/Code/Deepfake_Detection/deepfake-project/dataset_builder/test/ai_edited/c948hfr_0.jpg
data_sources/ai_edited/IMD2020/c949yvb_0.jpg,data_sources/ai_edited/IMD2020,ai_edited,1836,2448,0.75,JPEG,576176,9889606c05e85099bd05dd5c1ec261b6,3ed879cb62e8a53ad6594e203d1491420e5e5d612677bfb3db504179af9c2b60,1.0,c0a4ffaa8a6dd550,ok,229.83546164316184,True,True,cluster_00039,test,/home/dheirav/Code/Deepfake_Detection/deepfake-project/dataset_builder/test/ai_edited/c949yvb_0.jpg
data_sources/ai_edited/IMD2020/c94amkh_0.png,data_sources/ai_edited/IMD2020,ai_edited,622,801,0.7765,PNG,419428,30821609f982a6b27a8ddcb8462ed7ba,180b1971d746b6f7b5ad2eb8e4bff57e107fde9a7d2431d03829314812ec6e3a,1.0,b1ed49386670b396,ok,443.9218420680819,True,True,cluster_00971,test,/home/dheirav/Code/Deepfake_Detection/deepfake-project/dataset_builder/test/ai_edited/c94amkh_0.png
data_sources/ai_edited/IMD2020/c94ddtu_0.jpg,data_sources/ai_edited/IMD2020,ai_edited,3586,2230,1.6081,JPEG,684421,a1cd167c1c459c86b6e852d436535195,a5b598eadbae2d9cb740aec6714220dd80cc885e5cef329c0a4c094a01768d8f,1.0,aabc56d65dc1051d,ok,104.45344913827552,True,True,cluster_00006,test,/home/dheirav/Code/Deepfake_Detection/deepfake-project/dataset_builder/test/ai_edited/c94ddtu_0.jpg
data_sources/ai_edited/IMD2020/c94e0w4_0.jpg,data_sources/ai_edited/IMD2020,ai_edited,749,657,1.14,JPEG,190082,3af121e66b47905dcc021ce7666dc6e8,e8dba1572b06b04cc74e396f25dd097fae075764e2cd45dcc0ffc95fa4cb4dbe,1.0,8949a336f6947c9c,ok,373.42600767976927,True,True,cluster_00984,test,/home/dheirav/Code/Deepfake_Detection/deepfake-project/dataset_builder/test/ai_edited/c94e0w4_0.jpg
data_sources/ai_edited/IMD2020/c94frqx_0.jpg,data_sources/ai_edited/IMD2020,ai_edited,883,627,1.4083,JPEG,219753,1a097639411d9ca159250f75cc693519,c3883fd4098dd6161250718ae5254c7782b72f61466b3359f6f9b105378b461f,1.0,d51cfc629b54b0d1,ok,317.08824967464346,True,True,cluster_00892,test,/home/dheirav/Code/Deepfake_Detection/deepfake-project/dataset_builder/test/ai_edited/c94frqx_0.jpg
data_sources/ai_edited/IMD2020/c94i3fa_0.png,data_sources/ai_edited/IMD2020,ai_edited,976,521,1.8733,PNG,512656,a34fac1ddef2a8022d6afa2e321d5a6b,f05a8762f7cfa17cbd91dc4670cfc1a97d2bae12e7f65f1714c985e8c3f81cc7,1.0,acceb43592cbc925,ok,2503.3223466851264,True,True,cluster_00962,test,/home/dheirav/Code/Deepfake_Detection/deepfake-project/dataset_builder/test/ai_edited/c94i3fa_0.png
data_sources/ai_edited/IMD2020/c94kqhs_0.jpg,data_sources/ai_edited/IMD2020,ai_edited,1000,667,1.4993,JPEG,123878,ce159274a2167417e4eb7d81b281606b,ab183ac1e9eea95b287799adb5c0d32233f0dbb2867bf2c382ee0d94724ab336,1.0,c39e3c61cd9c9233,ok,103.41779754719717,True,True,cluster_00732,test,/home/dheirav/Code/Deepfake_Detection/deepfake-project/dataset_builder/test/ai_edited/c94kqhs_0.jpg
data_sources/ai_edited/IMD2020/c94o928_0.jpg,data_sources/ai_edited/IMD2020,ai_edited,600,390,1.5385,JPEG,97008,609df8c7be9394df881885ce334beafe,2cab1c6034a8d97d45472cc5f66a6a42226ba0db522e8c2e8d3dbecd590db31a,1.0,d0d61f216a66ba8d,ok,587.9343092022609,True,True,cluster_01498,test,/home/dheirav/Code/Deepfake_Detection/deepfake-project/dataset_builder/test/ai_edited/c94o928_0.jpg
data_sources/ai_edited/IMD2020/c94otp8_0.png,data_sources/ai_edited/IMD2020,ai_edited,328,500,0.656,PNG,282289,d5f3c5981b9ac41d98c4a847060d2257,46521b3e0376c76f6e6117d0448fa3f5b2f5e31da60ab05262d0e89d7241d8a6,1.0,cd5d20f27138478f,ok,518.0735027470256,True,True,cluster_01617,test,/home/dheirav/Code/Deepfake_Detection/deepfake-project/dataset_builder/test/ai_edited/c94otp8_0.png
data_sources/ai_edited/IMD2020/c94ouih_0.jpg,data_sources/ai_edited/IMD2020,ai_edited,354,672,0.5268,JPEG,179155,aa9dece95a9d2a935a2c60f9beb9b488,1c244462e968a082307ed71af4c5e694963fec0e952caf94949913d3e53ddea8,1.0,cfb0488771f083dd,ok,132.45579724836495,True,True,cluster_01489,test,/home/dheirav/Code/Deepfake_Detection/deepfake-project/dataset_builder/test/ai_edited/c94ouih_0.jpg
data_sources/ai_edited/IMD2020/c94oxzj_0.jpg,data_sources/ai_edited/IMD2020,ai_edited,900,504,1.7857,JPEG,203328,62680083291b2af9a9aaa28524b46e65,851692b8b7f4b7ddb69f673858c23749c4cef2c4f07c8b03ec3118e8cccbbbdb,1.0,bb5c72ad704f6c08,ok,486.3243753207681,True,True,cluster_01052,test,/home/dheirav/Code/Deepfake_Detection/deepfake-project/dataset_builder/test/ai_edited/c94oxzj_0.jpg
data_sources/ai_edited/IMD2020/c94q8ji_0.jpg,data_sources/ai_edited/IMD2020,ai_edited,1000,1239,0.8071,JPEG,276632,70b93feb2574d8095f1d60583f7a9b7f,3b330553190c48deccc529817f13b115106a64310e42b710153dacb24b6d6c0a,1.0,b9e0468fd68a0bf8,ok,188.6673524665639,True,True,cluster_00316,test,/home/dheirav/Code/Deepfake_Detection/deepfake-project/dataset_builder/test/ai_edited/c94q8ji_0.jpg
data_sources/ai_edited/IMD2020/c94waqq_0.jpg,data_sources/ai_edited/IMD2020,ai_edited,1048,840,1.2476,JPEG,147176,6143e0231734d06e91dc3900cf57cb1a,8acefb2c2cb5a594d93f5deec1a7117dcf7f1102b32e421dd9b08f6fca6c2049,1.0,aed3d03c4b3c9463,ok,297.6246682964687,True,True,cluster_00478,test,/home/dheirav/Code/Deepfake_Detection/deepfake-project/dataset_builder/test/ai_edited/c94waqq_0.jpg
data_sources/ai_edited/IMD2020/c952g1p_0.jpg,data_sources/ai_edited/IMD2020,ai_edited,398,278,1.4317,JPEG,61700,a80ec3e306cf7a6b78b9f28b43b7e122,c05043eaf2ccf7c1726119f9ba4c0878a28e29c0da2a26100f5d723b482a34e0,1.0,ff22aa9aa06f9194,ok,699.6622930759683,True,True,cluster_01654,test,/home/dheirav/Code/Deepfake_Detection/deepfake-project/dataset_builder/test/ai_edited/c952g1p_0.jpg
data_sources/ai_edited/IMD2020/c957j9n_0.jpg,data_sources/ai_edited/IMD2020,ai_edited,720,480,1.5,JPEG,91630,ccda5d26878a44958d41789fe07e34ff,1cd74d70f97920d2b5bc4aa8eef41aa08a6dd09723af31508ba7a303999e93cb,1.0,d4363b480f0376be,ok,747.8621312431598,True,True,cluster_01245,test,/home/dheirav/Code/Deepfake_Detection/deepfake-project/dataset_builder/test/ai_edited/c957j9n_0.jpg
data_sources/ai_edited/IMD2020/c957wve_0.jpg,data_sources/ai_edited/IMD2020,ai_edited,1894,1147,1.6513,JPEG,430628,baf94311c5fc7d0352c2ab7d2de0940e,cf97ed413d5596df45045ad79bbe244e2116feb0835dc1428ad3d9e34ad3a955,1.0,873078af93346c4f,ok,230.28821686847624,True,True,cluster_00138,test,/home/dheirav/Code/Deepfake_Detection/deepfake-project/dataset_builder/test/ai_edited/c957wve_0.jpg
data_sources/ai_edited/IMD2020/c957x7p_0.jpg,data_sources/ai_edited/IMD2020,ai_edited,897,1200,0.7475,JPEG,91417,67be1780ffc0d21558db02cf0b34eedd,b5acce044152ea2ff0e25a138c9e55988f6dcb2b90c19f10a38e86ba521f6aa6,1.0,d834d9db7c007333,ok,248.19423117986418,True,True,cluster_00369,test,/home/dheirav/Code/Deepfake_Detection/deepfake-project/dataset_builder/test/ai_edited/c957x7p_0.jpg
data_sources/ai_edited/IMD2020/c958b7f_0.jpg,data_sources/ai_edited/IMD2020,ai_edited,3483,1959,1.7779,JPEG,669980,0ee675564f47a2cd3f7be784ca44fbda,1476d49b8d22e5c34e40310b0d149d4f8d4d55c0d8df8e787e60a9b6bad1071a,1.0,c8bf144cff1249e2,ok,408.8331976826399,True,True,cluster_00009,test,/home/dheirav/Code/Deepfake_Detection/deepfake-project/dataset_builder/test/ai_edited/c958b7f_0.jpg
data_sources/ai_edited/IMD2020/c959a6e_0.jpg,data_sources/ai_edited/IMD2020,ai_edited,403,403,1.0,JPEG,36482,eaec9b7328514b0982a26be48fac5136,e205aa93e92c5fc304c3ac7d507cb8c687e1c0ca24051655fdecb134db0d306e,1.0,c486b9f43f4bcc0c,ok,1385.00198447024,True,True,cluster_01619,test,/home/dheirav/Code/Deepfake_Detection/deepfake-project/dataset_builder/test/ai_edited/c959a6e_0.jpg
data_sources/ai_edited/IMD2020/c95biez_0.jpg,data_sources/ai_edited/IMD2020,ai_edited,920,702,1.3105,JPEG,211208,9cc3d10c50311c0f38eb37ebf7a2d98d,80e0d15873f8aa28bcad0fbcae7c2423188de25d35987fc1dd0b34ddf79f509d,1.0,a45b53f08c2d6de4,ok,1317.2391674241062,True,True,cluster_00767,test,/home/dheirav/Code/Deepfake_Detection/deepfake-project/dataset_builder/test/ai_edited/c95biez_0.jpg
data_sources/ai_edited/IMD2020/c95kdy8_0.jpg,data_sources/ai_edited/IMD2020,ai_edited,1296,1009,1.2844,JPEG,264667,c62aa48a37816878df8004411c2e7981,54fa7c45505f4a871b35c5cd70bf44292ade81cf464c46254103f9c878b31a64,1.0,cb85e69392f60879,ok,183.63718346799305,True,True,cluster_00297,test,/home/dheirav/Code/Deepfake_Detection/deepfake-project/dataset_builder/test/ai_edited/c95kdy8_0.jpg
data_sources/ai_edited/IMD2020/c95lr06_0.jpg,data_sources/ai_edited/IMD2020,ai_edited,500,619,0.8078,JPEG,107805,ef94dcac4e059f8bff4f82e589b6781b,7c994c8596a118d8d68394438e5b6fa27f9b152464c72bea62ff2ace35ef5af7,1.0,f419308ffd04b356,ok,1737.2530311472303,True,True,cluster_01314,test,/home/dheirav/Code/Deepfake_Detection/deepfake-project/dataset_builder/test/ai_edited/c95lr06_0.jpg
data_sources/ai_edited/IMD2020/c95mu70_0.jpg,data_sources/ai_edited/IMD2020,ai_edited,600,800,0.75,JPEG,95985,f585ab989af5b63dde50fdffb989e395,9d7f6a73212be0145a86ca1280ba9eb659972b62f2944d6c88ce5828fe45cee8,1.0,f8c52766662e0dd8,ok,104.67658851985676,True,True,cluster_01005,test,/home/dheirav/Code/Deepfake_Detection/deepfake-project/dataset_builder/test/ai_edited/c95mu70_0.jpg
data_sources/ai_edited/IMD2020/c95o67f_0.jpg,data_sources/ai_edited/IMD2020,ai_edited,600,800,0.75,JPEG,66448,9c622bfb3021dc847041b5affbe26cbd,5fd3281e7e0785d28198cd205d90a894d1f1e1f87d0fb2c885f227dff4498f5c,1.0,fac5273e742606d8,ok,86.3978319819271,True,True,cluster_01008,test,/home/dheirav/Code/Deepfake_Detection/deepfake-project/dataset_builder/test/ai_edited/c95o67f_0.jpg
data_sources/ai_edited/IMD2020/c95wl0v_0.jpg,data_sources/ai_edited/IMD2020,ai_edited,1850,1211,1.5277,JPEG,602846,7356fa4830cc6c9ef641e5dcdb45d731,c4746ea1ca1a7dfe0d0577730e0773f77f1a8b4901d35679d110445abfb34180,1.0,eee4a186f8611a7a,ok,2282.387060950285,True,True,cluster_00134,test,/home/dheirav/Code/Deepfake_Detection/deepfake-project/dataset_builder/test/ai_edited/c95wl0v_0.jpg
data_sources/ai_edited/IMD2020/c95woiz_0.jpg,data_sources/ai_edited/IMD2020,ai_edited,1200,911,1.3172,JPEG,186372,d19904aa33d43bfdd1a485dff14488be,75037d7f2ae8e14797f998ae6b31924f10d14cb728a096d7d52a6291a0b9f66d,1.0,d3e8e496fb988462,ok,2536.359089121415,True,True,cluster_00352,test,/home/dheirav/Code/Deepfake_Detection/deepfake-project/dataset_builder/test/ai_edited/c95woiz_0.jpg
data_sources/ai_edited/IMD2020/c967vk6_0.jpg,data_sources/ai_edited/IMD2020,ai_edited,640,960,0.6667,JPEG,107930,da53ae1db824e6bb4d63c3fc2885acbd,cd2e4de05aec197e37948e9fcbe8d0d9cff131c569af245a230e4b1b5e0a4f35,1.0,cc3bf860e73037c4,ok,239.9391187851985,True,True,cluster_00805,test,/home/dheirav/Code/Deepfake_Detection/deepfake-project/dataset_builder/test/ai_edited/c967vk6_0.jpg
data_sources/ai_edited/IMD2020/c96c40d_0.png,data_sources/ai_edited/IMD2020,ai_edited,572,332,1.7229,PNG,130050,4f079b2f245035504c2ec3559ba47e67,ebf72dfb3748a2327a5a71f4c08756caf7e6becefb556bcf76c162e692321866,1.0,9d667323cadb8948,ok,96.9653614240437,True,True,cluster_01571,test,/home/dheirav/Code/Deepfake_Detection/deepfake-project/dataset_builder/test/ai_edited/c96c40d_0.png
data_sources/ai_edited/IMD2020/c96c9hk_0.jpg,data_sources/ai_edited/IMD2020,ai_edited,600,400,1.5,JPEG,28967,eae8eb22a1d7286aa643970ce50415ba,8ecfa3681f4c4e30c6a1d143216186192a42744806738f91b8ecf1b8fe5344b3,1.0,cd93322de1cdb24a,ok,166.70675463498262,True,True,cluster_01483,test,/home/dheirav/Code/Deepfake_Detection/deepfake-project/dataset_builder/test/ai_edited/c96c9hk_0.jpg
data_sources/ai_edited/IMD2020/c96cglv_0.jpg,data_sources/ai_edited/IMD2020,ai_edited,600,800,0.75,JPEG,190997,6f7879b38d645b26f95e12f4a92a7e80,28363c7b3c9b70282b2bdf7c17ad54c87fa42bab2cd42e91c95e23dc7b043a9c,1.0,9f0ff1e168ca812d,ok,1234.308675658294,True,True,cluster_00999,test,/home/dheirav/Code/Deepfake_Detection/deepfake-project/dataset_builder/test/ai_edited/c96cglv_0.jpg
data_sources/ai_edited/IMD2020/c96d5la_0.jpg,data_sources/ai_edited/IMD2020,ai_edited,600,800,0.75,JPEG,196213,3c369ce54fddc51b4a92cc655d60919a,6a5c6d04281b6b5c2d273073132520bb03f812dc9809c31d157da1a4e03db15a,1.0,cf0c34f3538fa134,ok,3253.9503070012324,True,True,cluster_00998,test,/home/dheirav/Code/Deepfake_Detection/deepfake-project/dataset_builder/test/ai_edited/c96d5la_0.jpg
data_sources/ai_edited/IMD2020/c96dewj_0.jpg,data_sources/ai_edited/IMD2020,ai_edited,1271,876,1.4509,JPEG,279419,879ad2f433185f09dcc8df46ea9bfdb7,16e77315a3d2677345a46cd5b768838aaf964f67e399d3bda4423b64ba429547,1.0,da0c6927e6478bf0,ok,1188.0077615182674,True,True,cluster_00343,test,/home/dheirav/Code/Deepfake_Detection/deepfake-project/dataset_builder/test/ai_edited/c96dewj_0.jpg
data_sources/ai_edited/IMD2020/c96z6j0_0.jpg,data_sources/ai_edited/IMD2020,ai_edited,2290,1417,1.6161,JPEG,560986,7f57828d7fea7aa03e938482814fc6be,7a92579da5baa094485563f138c3d17583fb5e8a7af5ccdafc53ba7220b2ef21,1.0,e5ea94396438e39c,ok,2835.293494158031,True,True,cluster_00063,test,/home/dheirav/Code/Deepfake_Detection/deepfake-project/dataset_builder/test/ai_edited/c96z6j0_0.jpg
data_sources/ai_edited/IMD2020/c96zxum_0.jpg,data_sources/ai_edited/IMD2020,ai_edited,721,481,1.499,JPEG,192828,63ceb3c479b7e3aa9cd252b5ad433fb2,b8858549e414749cf0aec881170a7d3d114733cdc1cd400dfe63073eb9451175,1.0,f6bb88a5cea0882f,ok,2913.8084228351595,True,True,cluster_01236,test,/home/dheirav/Code/Deepfake_Detection/deepfake-project/dataset_builder/test/ai_edited/c96zxum_0.jpg
data_sources/ai_edited/IMD2020/c970mrg_0.jpg,data_sources/ai_edited/IMD2020,ai_edited,2290,1417,1.6161,JPEG,588770,ca350fbd25ef2848ddb07e7deeb3c25c,5230b57328471b62541c6fec9352e8553831d90bc63ba9a300fb3997cec79b17,1.0,e5ea9409553a6796,ok,2966.9754345967463,True,True,cluster_00061,test,/home/dheirav/Code/Deepfake_Detection/deepfake-project/dataset_builder/test/ai_edited/c970mrg_0.jpg
data_sources/ai_edited/IMD2020/c970ssc_0.jpg,data_sources/ai_edited/IMD2020,ai_edited,640,480,1.3333,JPEG,73098,bf2e60af4d1a4e93e59918d17397bb90,32bf55a9c81c336d7ff23f4f6f56f4e8c5f45e5472c9ad2565806cfc3ed85e4c,1.0,974633996a2576a3,ok,417.8540992614322,True,True,cluster_01337,test,/home/dheirav/Code/Deepfake_Detection/deepfake-project/dataset_builder/test/ai_edited/c970ssc_0.jpg
data_sources/ai_edited/IMD2020/c970x7m_0.jpg,data_sources/ai_edited/IMD2020,ai_edited,2290,1417,1.6161,JPEG,598969,c55d7cea6778b853d7b9c62767dda519,868140120385d799ca933258df6b5c433dbbb8c654620b61b1f03057f00a4028,1.0,87831cf86770e1dc,ok,2657.650490896037,True,True,cluster_00059,test,/home/dheirav/Code/Deepfake_Detection/deepfake-project/dataset_builder/test/ai_edited/c970x7m_0.jpg
data_sources/ai_edited/IMD2020/c972p3n_0.jpg,data_sources/ai_edited/IMD2020,ai_edited,1500,1697,0.8839,JPEG,356948,4432d4007e3f38a2a36d5f5b4a661017,9402e6c6e04a8f7cf9e3d56fe2c8316f4cf5913704b3d32db481790c1c34433b,1.0,b34c43997c3c61f1,ok,302.9953512460693,True,True,cluster_00110,test,/home/dheirav/Code/Deepfake_Detection/deepfake-project/dataset_builder/test/ai_edited/c972p3n_0.jpg
data_sources/ai_edited/IMD2020/c97jfxe_0.png,data_sources/ai_edited/IMD2020,ai_edited,615,409,1.5037,PNG,401627,7a107ef331bd9263658595dd352195da,746ff836e4a8d302d168ccb0e35092edd811c14131f191d0a7386d03591e9622,1.0,9ec1bd8ce037ac98,ok,622.6054597993674,True,True,cluster_01447,test,/home/dheirav/Code/Deepfake_Detection/deepfake-project/dataset_builder/test/ai_edited/c97jfxe_0.png
data_sources/ai_edited/IMD2020/c97knp0_0.jpg,data_sources/ai_edited/IMD2020,ai_edited,609,606,1.005,JPEG,166241,6d2b3b88a9c2419744d6e976b40bc193,4b38f88390cea801c10aef879a3d675d64d8d5398abcee9bfbb1f9fc874aed9d,1.0,d2e49f2d27a90c36,ok,1589.2680388966096,True,True,cluster_01199,test,/home/dheirav/Code/Deepfake_Detection/deepfake-project/dataset_builder/test/ai_edited/c97knp0_0.jpg
data_sources/ai_edited/IMD2020/c97ofea_0.jpg,data_sources/ai_edited/IMD2020,ai_edited,590,791,0.7459,JPEG,83597,8b16edbe791cf8ec5c8ae259f5676f6b,72a3c5b26657b79c41d34ac30b1568e44e34117744c11cfc588c841985dc531f,1.0,c28ebc6d829b5de0,ok,424.52612626598926,True,True,cluster_01025,test,/home/dheirav/Code/Deepfake_Detection/deepfake-project/dataset_builder/test/ai_edited/c97ofea_0.jpg
data_sources/ai_edited/IMD2020/c97qk9d_0.png,data_sources/ai_edited/IMD2020,ai_edited,498,640,0.7781,PNG,183095,f445ff2d44e3b7254f619d0c79e1a41e,e1f121a807bf6956f64d5526ba318cd4dee8beddf10f9bfb6e923f3ab2f39a43,1.0,c03b44bb40f7269f,ok,476.23501956558664,True,True,cluster_01300,test,/home/dheirav/Code/Deepfake_Detection/deepfake-project/dataset_builder/test/ai_edited/c97qk9d_0.png
data_sources/ai_edited/IMD2020/c97qqbo_0.jpg,data_sources/ai_edited/IMD2020,ai_edited,446,296,1.5068,JPEG,64623,cd6530fbb19702c22c7f49fc7001efcc,b5bdc126156b79d5a552e279330337203a6a5237052ab0af14ed8e9ea887dfeb,1.0,abc0edbd96c69070,ok,5501.774045934332,True,True,cluster_01647,test,/home/dheirav/Code/Deepfake_Detection/deepfake-project/dataset_builder/test/ai_edited/c97qqbo_0.jpg
data_sources/ai_edited/IMD2020/c97qyg0_0.jpg,data_sources/ai_edited/IMD2020,ai_edited,603,960,0.6281,JPEG,220572,2d502c6b45467c0e88bead9bbb667c4a,77c230d4d225dd362b236ec59fc8880c36d5c44166968c74cadc58c72b6f6d6e,1.0,a4f7b310c56d5499,ok,254.082949358021,True,True,cluster_00869,test,/home/dheirav/Code/Deepfake_Detection/deepfake-project/dataset_builder/test/ai_edited/c97qyg0_0.jpg
data_sources/ai_edited/IMD2020/c97shkd_0.jpg,data_sources/ai_edited/IMD2020,ai_edited,655,422,1.5521,JPEG,118680,7d8907f4c0940796ba10d80b90f72367,359e3d3bf1c7746b823e476b74fff6323b8b979ce8082daee9d055c04dc640f9,1.0,bb1da6cc4ce68893,ok,1074.7051987988857,True,True,cluster_01385,test,/home/dheirav/Code/Deepfake_Detection/deepfake-project/dataset_builder/test/ai_edited/c97shkd_0.jpg
data_sources/ai_edited/IMD2020/c97zamq_0.jpg,data_sources/ai_edited/IMD2020,ai_edited,1024,581,1.7625,JPEG,136161,ab4acc2d03a183e21f4447cad7f743d7,450d26f1f315ec722f54f6b379a7680f7bae7ccaa29c3d2f85709876a4650127,1.0,8bd45d20ea5f148f,ok,822.4361419840437,True,True,cluster_00847,test,/home/dheirav/Code/Deepfake_Detection/deepfake-project/dataset_builder/test/ai_edited/c97zamq_0.jpg
data_sources/ai_edited/IMD2020/c9813uk_0.jpg,data_sources/ai_edited/IMD2020,ai_edited,700,525,1.3333,JPEG,191221,f4f9ddb0915d673d954c0de94c5a702e,38dbf56e14b0244d28ea81eff57d3b3d38f155f9a5b17e63c3f6d85375cd89f9,1.0,e6c6d2e0bc9e6321,ok,841.5456014581406,True,True,cluster_01203,test,/home/dheirav/Code/Deepfake_Detection/deepfake-project/dataset_builder/test/ai_edited/c9813uk_0.jpg
data_sources/ai_edited/IMD2020/c987rum_0.jpg,data_sources/ai_edited/IMD2020,ai_edited,1000,665,1.5038,JPEG,154274,2a15c3a7721917c93b12a87e6eaa22d6,180c9eb146b903a9afc2284d2036fe7df2792ad24402f907088503cc5b8bc350,1.0,a1f2d204235bde8f,ok,453.79373679233646,True,True,cluster_00740,test,/home/dheirav/Code/Deepfake_Detection/deepfake-project/dataset_builder/test/ai_edited/c987rum_0.jpg
data_sources/ai_edited/IMD2020/c98aivj_0.jpg,data_sources/ai_edited/IMD2020,ai_edited,834,555,1.5027,JPEG,69263,15e31bc57da73a301fabfc14eb620477,57ee11874cc6c5f459e7297432c91fab6a87d28e20869737daed11e826917ea0,1.0,828349ef38fa2b4d,ok,618.7239079960793,True,True,cluster_01027,test,/home/dheirav/Code/Deepfake_Detection/deepfake-project/dataset_builder/test/ai_edited/c98aivj_0.jpg
data_sources/ai_edited/IMD2020/c98jkof_0.jpg,data_sources/ai_edited/IMD2020,ai_edited,640,776,0.8247,JPEG,160120,7e753e96d624af3aa80fb4fc08c771b0,7b77e688b8ba15d714e1f5cbf21e48c5153739ec1a8b80fe24a02a2eae53fd56,1.0,b7988c7130d6c7a6,ok,1777.8269932976623,True,True,cluster_00979,test,/home/dheirav/Code/Deepfake_Detection/deepfake-project/dataset_builder/test/ai_edited/c98jkof_0.jpg
data_sources/ai_edited/IMD2020/c98ow2q_0.jpg,data_sources/ai_edited/IMD2020,ai_edited,641,425,1.5082,JPEG,107089,02b2f05a194b5a739056583e4fe1eaf5,67da21a867191c93cffb200af2d3153737f97d1d810197fcfa619436ef2fc752,1.0,93cb33c59771c033,ok,259.8193799301289,True,True,cluster_01404,test,/home/dheirav/Code/Deepfake_Detection/deepfake-project/dataset_builder/test/ai_edited/c98ow2q_0.jpg
data_sources/ai_edited/IMD2020/c98urai_0.png,data_sources/ai_edited/IMD2020,ai_edited,555,851,0.6522,PNG,666644,0ff01544578c1db99a10e6de4dc791d9,d6f90fc719ae81765d1b029614fbe5a27cef5d69c225c6c412bf498e9e655f40,1.0,fe90b34748e9f0d0,ok,506.78969249847705,True,True,cluster_01017,test,/home/dheirav/Code/Deepfake_Detection/deepfake-project/dataset_builder/test/ai_edited/c98urai_0.png
data_sources/ai_edited/IMD2020/c98uwak_0.png,data_sources/ai_edited/IMD2020,ai_edited,641,425,1.5082,PNG,296839,452e77187908ed2706fe9257127ba800,1ccf8dcb36f59f502497a3966919c36ce728df75ffb30a8d36f162240dcc4f50,1.0,83cf3bc59770c033,ok,1031.5714579730486,True,True,cluster_01402,test,/home/dheirav/Code/Deepfake_Detection/deepfake-project/dataset_builder/test/ai_edited/c98uwak_0.png
data_sources/ai_edited/IMD2020/c98wx7s_0.jpg,data_sources/ai_edited/IMD2020,ai_edited,599,338,1.7722,JPEG,110541,f6350bec13fbf940f37e19d633b20832,3c72a99bc0813f48203abcc697448131d1672932c0a7e6f3d03690790d38612a,1.0,8d65b809d266e4e7,ok,275.0319041208194,True,True,cluster_01554,test,/home/dheirav/Code/Deepfake_Detection/deepfake-project/dataset_builder/test/ai_edited/c98wx7s_0.jpg
data_sources/ai_edited/IMD2020/c992u19_0.jpg,data_sources/ai_edited/IMD2020,ai_edited,520,720,0.7222,JPEG,184466,9c620d1b7cb324d79452efdf4cd18b3e,66c3bee4591004ee3ac279b8f7a824278d07a104aa03a63ccd628a7044fb5371,1.0,991b5ce12167762e,ok,322.8458350010658,True,True,cluster_01179,test,/home/dheirav/Code/Deepfake_Detection/deepfake-project/dataset_builder/test/ai_edited/c992u19_0.jpg
data_sources/ai_edited/IMD2020/c994ew8_0.jpg,data_sources/ai_edited/IMD2020,ai_edited,660,500,1.32,JPEG,229367,d0999da4c40ef8f6a34efb9164b91014,3b2491903b4bb34dedfb3ecc0670665c19d544cb3f4da2482bfe5a197155ff29,1.0,cee551da599326a1,ok,118.80497245087236,True,True,cluster_01287,test,/home/dheirav/Code/Deepfake_Detection/deepfake-project/dataset_builder/test/ai_edited/c994ew8_0.jpg
data_sources/ai_edited/IMD2020/c99548p_0.png,data_sources/ai_edited/IMD2020,ai_edited,550,418,1.3158,PNG,256878,623089d942a06fe1c945e01938934399,f71550edf3226c6d58b7170f7f949040df61018f9bd835063dac01feeb6e27a8,1.0,dea781466d196c69,ok,231.28661065451797,True,True,cluster_01512,test,/home/dheirav/Code/Deepfake_Detection/deepfake-project/dataset_builder/test/ai_edited/c99548p_0.png
data_sources/ai_edited/IMD2020/c996msq_0.jpg,data_sources/ai_edited/IMD2020,ai_edited,550,418,1.3158,JPEG,95872,a0a85d78cf9661209016c821573e1f05,7f5c6eeb72dc8adef5925d76957840ba995e404ac831adc7dcc8af5f9c6154b7,1.0,dea791466d196c68,ok,188.65318388086357,True,True,cluster_01516,test,/home/dheirav/Code/Deepfake_Detection/deepfake-project/dataset_builder/test/ai_edited/c996msq_0.jpg
data_sources/ai_edited/IMD2020/c9977lj_0.jpg,data_sources/ai_edited/IMD2020,ai_edited,550,418,1.3158,JPEG,104992,8c3bc1e44db2ebc0551549c623f3acaf,aa5a5cf4aaaaa243faff3662f17fa28f63072f75980bd51dccb237f40e5591e9,1.0,dea191466d1b6ec1,ok,440.9733404706852,True,True,cluster_01515,test,/home/dheirav/Code/Deepfake_Detection/deepfake-project/dataset_builder/test/ai_edited/c9977lj_0.jpg
data_sources/ai_edited/IMD2020/c998ytl_0.jpg,data_sources/ai_edited/IMD2020,ai_edited,373,497,0.7505,JPEG,89044,9f12d2326919ef92de5eccc48c60f2db,9b298b6ec9d2c071821dfa96466a03d509baf806f4e14e8322c1aab197456de6,1.0,bdbad5ccc065c305,ok,781.0011081891806,True,True,cluster_01583,test,/home/dheirav/Code/Deepfake_Detection/deepfake-project/dataset_builder/test/ai_edited/c998ytl_0.jpg
data_sources/ai_edited/IMD2020/c99ae5w_0.jpg,data_sources/ai_edited/IMD2020,ai_edited,520,720,0.7222,JPEG,184004,aae7d255517f589be5d185e22ad022c3,d8529eb989d0541ce53bfea868fe99aa8dfe881749c67bba27d8627d35d8c607,1.0,891b7ee1a167562a,ok,304.5700309662126,True,True,cluster_01180,test,/home/dheirav/Code/Deepfake_Detection/deepfake-project/dataset_builder/test/ai_edited/c99ae5w_0.jpg
data_sources/ai_edited/IMD2020/c99g3y1_0.jpg,data_sources/ai_edited/IMD2020,ai_edited,1200,1899,0.6319,JPEG,337343,fe2b924a38b017b1f798abb130df9f12,deebc1b0bb0dcfb77c95e838fc8dea658bea11f2607744e187434124bd3fcca8,1.0,a792919bdf0af08c,ok,176.57353837437157,True,True,cluster_00129,test,/home/dheirav/Code/Deepfake_Detection/deepfake-project/dataset_builder/test/ai_edited/c99g3y1_0.jpg
data_sources/ai_edited/IMD2020/c99gb54_0.jpg,data_sources/ai_edited/IMD2020,ai_edited,960,640,1.5,JPEG,117433,7c3c2bb21019a420fab5de3c67e7e5ff,4de4a9fbd886283b9a18028096505bdf009d50b4b793a1e71b3c17b8737f7570,1.0,9d2d849272e73f88,ok,1036.4040304405823,True,True,cluster_00801,test,/home/dheirav/Code/Deepfake_Detection/deepfake-project/dataset_builder/test/ai_edited/c99gb54_0.jpg
data_sources/ai_edited/IMD2020/c99ixjq_0.jpg,data_sources/ai_edited/IMD2020,ai_edited,960,640,1.5,JPEG,193324,b884bcf00f728e76b0e4f03022ec88fc,7cd527a7f888121b610219a658c4e3b0501253ed9dbc946bd6eedeb8d51c118c,1.0,9725cd0b70e6ba91,ok,549.5827846040698,True,True,cluster_00793,test,/home/dheirav/Code/Deepfake_Detection/deepfake-project/dataset_builder/test/ai_edited/c99ixjq_0.jpg
data_sources/ai_edited/IMD2020/c99k5bh_0.jpg,data_sources/ai_edited/IMD2020,ai_edited,1500,998,1.503,JPEG,574909,17135eef1f7d10f10d32751994d622ae,a144c18dfc9e4f76bb5e6903ef8e98c06bf7482f505a49904a50093f0985228b,1.0,ad1f126583e995b2,ok,2082.3228098365507,True,True,cluster_00267,test,/home/dheirav/Code/Deepfake_Detection/deepfake-project/dataset_builder/test/ai_edited/c99k5bh_0.jpg
data_sources/ai_edited/IMD2020/c99lrlg_0.jpg,data_sources/ai_edited/IMD2020,ai_edited,500,640,0.7812,JPEG,75793,6a7a51e71c6e9eadad2caa7d8f449374,78eef9414dacd68af7697469158c4ce66eeb95b0e68509747f151a34962ae1f3,1.0,b1c14e9c7bc72945,ok,454.0242933518652,True,True,cluster_01298,test,/home/dheirav/Code/Deepfake_Detection/deepfake-project/dataset_builder/test/ai_edited/c99lrlg_0.jpg
data_sources/ai_edited/IMD2020/c99meyn_0.jpg,data_sources/ai_edited/IMD2020,ai_edited,960,640,1.5,JPEG,110460,0bff25f1c138ac88bd325f8b24ad52d2,3a7a56e83f917296fe7c8100e25ee39cf473e5986d75ce91b2ef9eeaab7380d6,1.0,b789cc12f0c63db1,ok,867.1378024642839,True,True,cluster_00804,test,/home/dheirav/Code/Deepfake_Detection/deepfake-project/dataset_builder/test/ai_edited/c99meyn_0.jpg
data_sources/ai_edited/IMD2020/c99mhvd_0.jpg,data_sources/ai_edited/IMD2020,ai_edited,960,640,1.5,JPEG,221078,3e0230374e4eccf3d5f8c12d03b517ca,c0f879f65709f99e20c6d5b649c50bfd44b4bbdcf24004026a0b1ee8ba84ab4f,1.0,9925869272e7ba99,ok,861.1737585119645,True,True,cluster_00790,test,/home/dheirav/Code/Deepfake_Detection/deepfake-project/dataset_builder/test/ai_edited/c99mhvd_0.jpg
data_sources/ai_edited/IMD2020/c99twh4_0.jpg,data_sources/ai_edited/IMD2020,ai_edited,600,382,1.5707,JPEG,49723,da355e6f9326abc711322f2dd0801b98,0590b3ac8b0e5832876a0edeacee2e3cdbb9897756f048437b4da1635321d35a,1.0,ac161ede629be548,ok,371.65253990507614,True,True,cluster_01521,test,/home/dheirav/Code/Deepfake_Detection/deepfake-project/dataset_builder/test/ai_edited/c99twh4_0.jpg
data_sources/ai_edited/IMD2020/c99x7l6_0.jpg,data_sources/ai_edited/IMD2020,ai_edited,970,701,1.3837,JPEG,99523,2f34c7757213da89c1cb65591a604bd6,67574c5528fc0c43c54199e340d7e37b81d1711442461e385e9277149e019619,1.0,9a30f79e44ef2059,ok,632.2946176233021,True,True,cluster_00710,test,/home/dheirav/Code/Deepfake_Detection/deepfake-project/dataset_builder/test/ai_edited/c99x7l6_0.jpg
data_sources/ai_edited/IMD2020/c9a00lf_0.jpg,data_sources/ai_edited/IMD2020,ai_edited,800,1200,0.6667,JPEG,257061,a602d9d2d5f19aa87156be56325c759c,8308f2793e1e6b64b6f704192080aed2a2e75a798c37cf40f16cd4e044335ae7,1.0,c4e1b37b198c721e,ok,601.7778584956772,True,True,cluster_00401,test,/home/dheirav/Code/Deepfake_Detection/deepfake-project/dataset_builder/test/ai_edited/c9a00lf_0.jpg
data_sources/ai_edited/IMD2020/c9a0u7u_0.jpg,data_sources/ai_edited/IMD2020,ai_edited,800,1200,0.6667,JPEG,203534,0a354e8ca19be452826c38c16204f36c,8f0937db3968c7bad3f41defd60d594dc7378752e43647181f5d72eaa7455a29,1.0,c1e0b57b1b8d641e,ok,552.4461645316829,True,True,cluster_00410,test,/home/dheirav/Code/Deepfake_Detection/deepfake-project/dataset_builder/test/ai_edited/c9a0u7u_0.jpg
data_sources/ai_edited/IMD2020/c9a16se_0.png,data_sources/ai_edited/IMD2020,ai_edited,982,798,1.2306,PNG,734921,5d92127f8b6012a7e010554e00193817,abccd94e12c29f29917a389052b689b58bcc4b72b90ea57008c2f7c787882c44,1.0,a31a56a5697a98c7,ok,412.8592907566449,True,True,cluster_00560,test,/home/dheirav/Code/Deepfake_Detection/deepfake-project/dataset_builder/test/ai_edited/c9a16se_0.png
data_sources/ai_edited/IMD2020/c9a3qjw_0.jpg,data_sources/ai_edited/IMD2020,ai_edited,800,1200,0.6667,JPEG,246641,9b9688fd651597d302b29824e4dd661b,fdd5cd41a9ea0bca290205c03346b825fd06dd6a5b01e543de1de9315345597e,1.0,c2e1b5791ba6741c,ok,614.6274884021603,True,True,cluster_00402,test,/home/dheirav/Code/Deepfake_Detection/deepfake-project/dataset_builder/test/ai_edited/c9a3qjw_0.jpg
data_sources/ai_edited/IMD2020/c9a6u1u_0.png,data_sources/ai_edited/IMD2020,ai_edited,500,750,0.6667,PNG,664365,3d9e6b130b59410de452e038711cd6a9,671a67fb81712824a15f445cfbe87a0c19916782835c0e021292f69b32dc0fbb,1.0,c4e1b1791ca6d39c,ok,363.14844211529953,True,True,cluster_01176,test,/home/dheirav/Code/Deepfake_Detection/deepfake-project/dataset_builder/test/ai_edited/c9a6u1u_0.png
data_sources/ai_edited/IMD2020/c9abx9g_0.jpg,data_sources/ai_edited/IMD2020,ai_edited,960,720,1.3333,JPEG,167825,85f1091e0efd40ad3dd063e9528280cc,a0419b0b2179bcb1bd000dbfb50a6fa0ccd7c998c7dd29371b554ed2ea136293,1.0,918ae6bd2c3ee161,ok,781.2632009056227,True,True,cluster_00686,test,/home/dheirav/Code/Deepfake_Detection/deepfake-project/dataset_builder/test/ai_edited/c9abx9g_0.jpg
data_sources/ai_edited/IMD2020/c9acbml_0.jpg,data_sources/ai_edited/IMD2020,ai_edited,886,660,1.3424,JPEG,195661,038726f20a8716ea941e52ec360a769b,aee3b10d97b9217cdd4d49c4591cf12ba937b5860fb315561bafcb5ebd90c4a2,1.0,908bbebd251ee164,ok,687.9568048464752,True,True,cluster_00863,test,/home/dheirav/Code/Deepfake_Detection/deepfake-project/dataset_builder/test/ai_edited/c9acbml_0.jpg
data_sources/ai_edited/IMD2020/c9aeqqk_0.jpg,data_sources/ai_edited/IMD2020,ai_edited,799,495,1.6141,JPEG,112065,cbe0fda64e6f700ccdb9c85809ca2c1f,35e1d80f4da28e49fff72fcf4fa88777afa00f5f16daa765f5c5d0b102f5c059,1.0,fe121225e07c2ddd,ok,529.964902423323,True,True,cluster_01140,test,/home/dheirav/Code/Deepfake_Detection/deepfake-project/dataset_builder/test/ai_edited/c9aeqqk_0.jpg
data_sources/ai_edited/IMD2020/c9ag2ll_0.jpg,data_sources/ai_edited/IMD2020,ai_edited,960,720,1.3333,JPEG,175818,d327af9269fd31db32b798981a78846a,68e6d54a61c67b5ab4d590666eab39df1aec2c29f0588f629ddea95e91d7a55f,1.0,ea6a1e9893676193,ok,455.3270544034981,True,True,cluster_00682,test,/home/dheirav/Code/Deepfake_Detection/deepfake-project/dataset_builder/test/ai_edited/c9ag2ll_0.jpg
data_sources/ai_edited/IMD2020/c9agnet_0.jpg,data_sources/ai_edited/IMD2020,ai_edited,1817,1227,1.4808,JPEG,306880,b5288784e8c87ce3b4b3503b513bdd04,05f1e0dcaf16b03044d76aca735dd5be8030252806873baa39faa51ba11a85fa,1.0,e666c178191b1e3b,ok,82.28762806387077,True,True,cluster_00137,test,/home/dheirav/Code/Deepfake_Detection/deepfake-project/dataset_builder/test/ai_edited/c9agnet_0.jpg
data_sources/ai_edited/IMD2020/c9alw3v_0.png,data_sources/ai_edited/IMD2020,ai_edited,641,644,0.9953,PNG,591139,3431b23b2709a59d433214f005097ee8,ce9480251dd745af13e931d511648e0c3cdee6776d6bf76a7a878b1f73a67b8d,1.0,f0159363e11e6765,ok,966.126358520997,True,True,cluster_01116,test,/home/dheirav/Code/Deepfake_Detection/deepfake-project/dataset_builder/test/ai_edited/c9alw3v_0.png
data_sources/ai_edited/IMD2020/c9amlei_0.jpg,data_sources/ai_edited/IMD2020,ai_edited,1100,733,1.5007,JPEG,103390,9efa974e8bc560ecabfb78bea2729853,a49fc1f19961d9711364762126dcbca81ef09f2e3ed1af679d46a585cdabedd3,1.0,dca21f05dcba6685,ok,425.27281772624207,True,True,cluster_00523,test,/home/dheirav/Code/Deepfake_Detection/deepfake-project/dataset_builder/test/ai_edited/c9amlei_0.jpg
data_sources/ai_edited/IMD2020/c9atngk_0.jpg,data_sources/ai_edited/IMD2020,ai_edited,856,578,1.481,JPEG,148782,e06e84aa0893f55e65c171f0236d4c37,5f61a8ec61a2d7304d523c261a735c2d09f33a0c3891817ad9fa00d0131d0aff,1.0,9847d4f909e3a6b4,ok,120.31468082624545,True,True,cluster_00983,test,/home/dheirav/Code/Deepfake_Detection/deepfake-project/dataset_builder/test/ai_edited/c9atngk_0.jpg
data_sources/ai_edited/IMD2020/c9aysiu_0.jpg,data_sources/ai_edited/IMD2020,ai_edited,1422,1066,1.334,JPEG,219359,64b1d69274b9b986356a8051f012d6be,5a35d173bb7849308108121a5ee700ebd757efce063ff40fe2b24d54e8759e66,1.0,f10ea4df18e9146b,ok,81.93366898613866,True,True,cluster_00253,test,/home/dheirav/Code/Deepfake_Detection/deepfake-project/dataset_builder/test/ai_edited/c9aysiu_0.jpg
data_sources/ai_edited/IMD2020/c9b0mve_0.jpg,data_sources/ai_edited/IMD2020,ai_edited,1152,864,1.3333,JPEG,260259,be508f3159b04a509c5f29a336fb542a,1da0c0da4839ecf36b80da2927c75ed36a9ac83465938af8c33dde858e80e331,1.0,99b6626d90972dd8,ok,1001.1651208470124,True,True,cluster_00386,test,/home/dheirav/Code/Deepfake_Detection/deepfake-project/dataset_builder/test/ai_edited/c9b0mve_0.jpg
data_sources/ai_edited/IMD2020/c9b0yv0_0.jpg,data_sources/ai_edited/IMD2020,ai_edited,1024,576,1.7778,JPEG,107409,9f9486b1a1e12961b634484c297d0f75,b426eae8df7a11870cbf0d3e7baf574bb439ef9efa9dc70a436ac1e04817b11c,1.0,80d6ded43a63a12f,ok,906.663431968675,True,True,cluster_00855,test,/home/dheirav/Code/Deepfake_Detection/deepfake-project/dataset_builder/test/ai_edited/c9b0yv0_0.jpg
data_sources/ai_edited/IMD2020/c9b11xy_0.jpg,data_sources/ai_edited/IMD2020,ai_edited,2471,1647,1.5003,JPEG,665418,b19590ae62e07718452c443df7015439,fea188b2e72ec22302c51f27a9f011aa61905a64f452d3ea9ea70f381e91d604,1.0,c2e4cd9ad359123b,ok,598.8788164881857,True,True,cluster_00050,test,/home/dheirav/Code/Deepfake_Detection/deepfake-project/dataset_builder/test/ai_edited/c9b11xy_0.jpg
data_sources/ai_edited/IMD2020/c9bl9ay_0.jpg,data_sources/ai_edited/IMD2020,ai_edited,600,600,1.0,JPEG,96488,a593b6d4b6eabb137be3e2ba8323577f,9e6e1bf624678b4129c1ed768a178822bece910dc80b4b3d388de40e3c8eda6c,1.0,db26cd8292cdcd92,ok,320.40988688869595,True,True,cluster_01217,test,/home/dheirav/Code/Deepfake_Detection/deepfake-project/dataset_builder/test/ai_edited/c9bl9ay_0.jpg
data_sources/ai_edited/IMD2020/c9bldch_0.jpg,data_sources/ai_edited/IMD2020,ai_edited,800,554,1.444,JPEG,194859,1e7d23c86b56a3182d979d1965583d88,64950b61e29024d8fe32ae3f624b055d14dc497a5c088cf6d3f74e0a716ed25a,1.0,ef909f3c15221739,ok,3766.9439226309273,True,True,cluster_01076,test,/home/dheirav/Code/Deepfake_Detection/deepfake-project/dataset_builder/test/ai_edited/c9bldch_0.jpg
data_sources/ai_edited/IMD2020/c9blqqz_0.jpg,data_sources/ai_edited/IMD2020,ai_edited,720,540,1.3333,JPEG,168478,4332ab6b643d0846070328d9c3158b36,4b92c950e5b79076afa0187a44bca42265d43af1fb2bf2b99e6894c1541f6b34,1.0,9e3e7270701e5656,ok,194.59189115791946,True,True,cluster_01160,test,/home/dheirav/Code/Deepfake_Detection/deepfake-project/dataset_builder/test/ai_edited/c9blqqz_0.jpg
data_sources/ai_edited/IMD2020/c9bmy3r_0.jpg,data_sources/ai_edited/IMD2020,ai_edited,800,1200,0.6667,JPEG,236958,dc059a16fffc3d0aa214de404767fb4e,73e5441b3169dafa6ffc71ed674aecf94b356e72edbd3ec447a9a22e6813ff9e,1.0,d2dbda682149cdc3,ok,457.0774619398601,True,True,cluster_00403,test,/home/dheirav/Code/Deepfake_Detection/deepfake-project/dataset_builder/test/ai_edited/c9bmy3r_0.jpg
data_sources/ai_edited/IMD2020/c9bn0uy_0.jpg,data_sources/ai_edited/IMD2020,ai_edited,350,262,1.3359,JPEG,19429,47b8ea163f8274284ca5fb9cbb7f3f23,7cf7826a82a3b0761843f54647c09c1320fd026a45918b0db10d25cce7d94519,1.0,abca542745357875,ok,595.9527802570851,True,True,cluster_01661,test,/home/dheirav/Code/Deepfake_Detection/deepfake-project/dataset_builder/test/ai_edited/c9bn0uy_0.jpg
data_sources/ai_edited/IMD2020/c9bqr3l_0.jpg,data_sources/ai_edited/IMD2020,ai_edited,1023,576,1.776,JPEG,80437,41e7c352b62c4eaa07b61aa7318edb52,316f0c39ec10a2045981411aaef5824b71e72f83f70b161679adabc9b93c23ae,1.0,e19e30667f199899,ok,236.20704561509592,True,True,cluster_00858,test,/home/dheirav/Code/Deepfake_Detection/deepfake-project/dataset_builder/test/ai_edited/c9bqr3l_0.jpg
data_sources/ai_edited/IMD2020/c9bugf8_0.jpg,data_sources/ai_edited/IMD2020,ai_edited,940,528,1.7803,JPEG,148714,59411917fd361da198ae928861de924d,3f1ab3d1bf8e4c981a879f27f013d6809d5f3611033d01aa381212374bc9e381,1.0,d6f6f63c26932130,ok,372.9387895619529,True,True,cluster_00981,test,/home/dheirav/Code/Deepfake_Detection/deepfake-project/dataset_builder/test/ai_edited/c9bugf8_0.jpg
data_sources/ai_edited/IMD2020/c9bzbcq_0.jpg,data_sources/ai_edited/IMD2020,ai_edited,850,638,1.3323,JPEG,215920,9e100cea05effdd1bc6fb3ec6b3ff996,1c3185dadd8f99d71297582d141a6460163455ad6c65e7193e5906b827945069,1.0,e1701a9d0f9e4ad3,ok,1326.5501472343178,True,True,cluster_00909,test,/home/dheirav/Code/Deepfake_Detection/deepfake-project/dataset_builder/test/ai_edited/c9bzbcq_0.jpg
data_sources/ai_edited/IMD2020/c9ca1of_0.jpg,data_sources/ai_edited/IMD2020,ai_edited,1280,1027,1.2463,JPEG,417871,372ef0c0a9833272ccd8fed9c636c51e,07593e680af7db4f0acc241b77b03f9f4399d2e716bc2a1662d858c02a38b401,1.0,fa85c06b39a6c378,ok,889.2022784467154,True,True,cluster_00291,test,/home/dheirav/Code/Deepfake_Detection/deepfake-project/dataset_builder/test/ai_edited/c9ca1of_0.jpg
data_sources/ai_edited/IMD2020/c9ccedw_0.jpg,data_sources/ai_edited/IMD2020,ai_edited,546,682,0.8006,JPEG,134175,0973f6d4a898feb17dfbc9e9391d5366,b651d26c556a89c3c646722b93c10e66124a474ac5a5114d05cc39adb00589c5,1.0,a64419dbe7cc4c93,ok,951.5038239705899,True,True,cluster_01194,test,/home/dheirav/Code/Deepfake_Detection/deepfake-project/dataset_builder/test/ai_edited/c9ccedw_0.jpg
data_sources/ai_edited/IMD2020/c9cd7xe_0.jpg,data_sources/ai_edited/IMD2020,ai_edited,725,480,1.5104,JPEG,121135,97bb5cd00368366eaa138b0e259a7e49,12b3246638dc1bb6bce0fccf0c7e56ce3f1fb25c932cfb4682491154290d0a43,1.0,b3970ca5d35acc45,ok,526.4713367386709,True,True,cluster_01232,test,/home/dheirav/Code/Deepfake_Detection/deepfake-project/dataset_builder/test/ai_edited/c9cd7xe_0.jpg
data_sources/ai_edited/IMD2020/c9ceq9q_0.jpg,data_sources/ai_edited/IMD2020,ai_edited,1280,1027,1.2463,JPEG,383241,2349a4b95302cf4bea7c35923073b47d,3cd56c0a23e4e01e49d179df330c095e304d81f0d63ce194cccba31e3fee26e7,1.0,fe94c86f10aac17c,ok,714.582348125087,True,True,cluster_00294,test,/home/dheirav/Code/Deepfake_Detection/deepfake-project/dataset_builder/test/ai_edited/c9ceq9q_0.jpg
data_sources/ai_edited/IMD2020/c9ceql8_0.jpg,data_sources/ai_edited/IMD2020,ai_edited,990,742,1.3342,JPEG,165823,26f388d45d52df0a810eca3815881759,31b4f5deb67235cd2397ce5ed284d191859d8e54d5dbd8c8fc0dc1cc96df2079,1.0,e66851d1a5fc9836,ok,384.99410815329196,True,True,cluster_00592,test,/home/dheirav/Code/Deepfake_Detection/deepfake-project/dataset_builder/test/ai_edited/c9ceql8_0.jpg
data_sources/ai_edited/IMD2020/c9cgjfv_0.jpg,data_sources/ai_edited/IMD2020,ai_edited,1200,900,1.3333,JPEG,302040,72408a250b3bffcf784cbd9322710c92,a9828328e3e640ab256b5bb2f1f30eb05e4845df2b24c5e22dcd2589dc5ef165,1.0,c3139a1e38d37fc0,ok,301.0945088534559,True,True,cluster_00367,test,/home/dheirav/Code/Deepfake_Detection/deepfake-project/dataset_builder/test/ai_edited/c9cgjfv_0.jpg
data_sources/ai_edited/IMD2020/c9chbnh_0.jpg,data_sources/ai_edited/IMD2020,ai_edited,1200,800,1.5,JPEG,159069,8807f3b595fab4063e70d3bf98ea7f7c,255e0119f072163a8c2311a789362d28dd1045c70fa663702dfddb437eefc9b2,1.0,cb36ba483ce834ea,ok,194.7029206544748,True,True,cluster_00416,test,/home/dheirav/Code/Deepfake_Detection/deepfake-project/dataset_builder/test/ai_edited/c9chbnh_0.jpg
data_sources/ai_edited/IMD2020/c9chzux_0.jpg,data_sources/ai_edited/IMD2020,ai_edited,1980,1024,1.9336,JPEG,386879,648e45236f612f34c0e6a4de92221ae1,2855d5629b47f98fa3f77997b0ccfc6a1852829eb3b5b815f000749555322042,1.0,b1ac9252e8d94fca,ok,963.4905373561722,True,True,cluster_00169,test,/home/dheirav/Code/Deepfake_Detection/deepfake-project/dataset_builder/test/ai_edited/c9chzux_0.jpg
data_sources/ai_edited/IMD2020/c9cilly_0.jpg,data_sources/ai_edited/IMD2020,ai_edited,1280,1027,1.2463,JPEG,432195,aecd2e7447b205e559965f08821e1d3f,e807bba8919cdfc940a7d627babed43a4a5479ecf1a906d0a8d3b1e9ab2e58b5,1.0,fe9d9863210ed878,ok,1293.1637783318383,True,True,cluster_00289,test,/home/dheirav/Code/Deepfake_Detection/deepfake-project/dataset_builder/test/ai_edited/c9cilly_0.jpg
data_sources/ai_edited/IMD2020/c9cj5xa_0.jpg,data_sources/ai_edited/IMD2020,ai_edited,1936,2592,0.7469,JPEG,755735,cecab56fc6bb7f684a33880f077951e1,720ba617d726ffcf4171fd95c14299632f3ff6325b061ad488e4bc61ad4862da,1.0,a5a4fb56c8caace0,ok,126.42646928513223,True,True,cluster_00025,test,/home/dheirav/Code/Deepfake_Detection/deepfake-project/dataset_builder/test/ai_edited/c9cj5xa_0.jpg
data_sources/ai_edited/IMD2020/c9ck0j3_0.jpg,data_sources/ai_edited/IMD2020,ai_edited,1936,2592,0.7469,JPEG,705328,cdd0fdfa7d969a371b62218daa25cdf9,63976486417dc3250d7bf7bd24c497040e2d9a2cd26b0db3f5728d5f591db37e,1.0,a1a4ff56c2ea8ce0,ok,102.45273315533727,True,True,cluster_00026,test,/home/dheirav/Code/Deepfake_Detection/deepfake-project/dataset_builder/test/ai_edited/c9ck0j3_0.jpg
data_sources/ai_edited/IMD2020/c9clks3_0.jpg,data_sources/ai_edited/IMD2020,ai_edited,822,545,1.5083,JPEG,136507,e9c89592fcbfc9ea9ef3737e55c9b188,f1945b995f634c476b67cdaf89b6d5b538e66de82de3330e414fd11b755b0964,1.0,b83187c386e23b3e,ok,303.7225739145907,True,True,cluster_01062,test,/home/dheirav/Code/Deepfake_Detection/deepfake-project/dataset_builder/test/ai_edited/c9clks3_0.jpg
data_sources/ai_edited/IMD2020/c9cmdfe_0.jpg,data_sources/ai_edited/IMD2020,ai_edited,822,545,1.5083,JPEG,201500,dddd1a7c295ae05d35f91169ad6cee20,8fe4acb2abe236db3b7b58f91b8b9ab17842bf52fed7dd36db6c7d2c041b8e3c,1.0,b8309fb138e2c3c7,ok,321.32310582278814,True,True,cluster_01059,test,/home/dheirav/Code/Deepfake_Detection/deepfake-project/dataset_builder/test/ai_edited/c9cmdfe_0.jpg
data_sources/ai_edited/IMD2020/c9cnst8_0.jpg,data_sources/ai_edited/IMD2020,ai_edited,1936,2592,0.7469,JPEG,519004,10d0f48d9a8d05e207690e15afc2c05f,4854bcceadeeb51f8d807d06aa7765f802b039722aa637976ae8d6dc3abf75d0,1.0,a7a5f356c8c2aea0,ok,163.8807943955028,True,True,cluster_00029,test,/home/dheirav/Code/Deepfake_Detection/deepfake-project/dataset_builder/test/ai_edited/c9cnst8_0.jpg
data_sources/ai_edited/IMD2020/c9cnzf8_0.jpg,data_sources/ai_edited/IMD2020,ai_edited,700,395,1.7722,JPEG,171142,386a88bdff6be29ef6a80687c87652c2,198bf0a015798e451bc81f77a0da6878757c9a56d232761480e34bc0efd5ee9e,1.0,e9684e6cd29625da,ok,345.4879704711242,True,True,cluster_01384,test,/home/dheirav/Code/Deepfake_Detection/deepfake-project/dataset_builder/test/ai_edited/c9cnzf8_0.jpg
data_sources/ai_edited/IMD2020/c9cofak_0.jpg,data_sources/ai_edited/IMD2020,ai_edited,640,800,0.8,JPEG,234473,2733947bc3f7ce893fafff108cdae613,8ec15e401acf70aaf909242a0717546168255199b27f2ed852fbaf051eee12c8,1.0,93b0ad9a63cb3869,ok,248.33817177734372,True,True,cluster_00954,test,/home/dheirav/Code/Deepfake_Detection/deepfake-project/dataset_builder/test/ai_edited/c9cofak_0.jpg
data_sources/ai_edited/IMD2020/c9con3s_0.jpg,data_sources/ai_edited/IMD2020,ai_edited,682,550,1.24,JPEG,83711,b2aace17728a4be9fb19af4f7394ed4f,68fa5f21ab91501864c95e261dd855f0e43bb2f1e0679f6fffe0fc5679ac8fb8,1.0,f5f456c48d8d25a1,ok,566.7403795040526,True,True,cluster_01175,test,/home/dheirav/Code/Deepfake_Detection/deepfake-project/dataset_builder/test/ai_edited/c9con3s_0.jpg
data_sources/ai_edited/IMD2020/c9coynw_0.png,data_sources/ai_edited/IMD2020,ai_edited,822,545,1.5083,PNG,426137,f9507b32bec74d020a34b6b4e3cea97a,9c4db61ea47a95805d0a955accd6c06c6c7bf71a1292e1a77bd74530ebad5f2f,1.0,b8318ec3cfc219dc,ok,337.8006405687402,True,True,cluster_01057,test,/home/dheirav/Code/Deepfake_Detection/deepfake-project/dataset_builder/test/ai_edited/c9coynw_0.png
data_sources/ai_edited/IMD2020/c9cpev3_0.jpg,data_sources/ai_edited/IMD2020,ai_edited,660,774,0.8527,JPEG,170659,c89612a16e7f57076caaede141b97ffb,9978d6baee3f2ca69738e2652678820ad502a7c17427dc0f758a669e97cab863,1.0,ab174c713ed130e5,ok,713.8929723566611,True,True,cluster_00956,test,/home/dheirav/Code/Deepfake_Detection/deepfake-project/dataset_builder/test/ai_edited/c9cpev3_0.jpg
data_sources/ai_edited/IMD2020/c9cptn0_0.jpg,data_sources/ai_edited/IMD2020,ai_edited,1200,1438,0.8345,JPEG,518357,ea3a73a3e7bb9ea0bd0c6e575870ac31,478a0f25ff6c6214b09277801ddfb8eed912f9b0f5fbfbb79830afaae7aac397,1.0,8eb4d98793b1c1c3,ok,355.50990025326297,True,True,cluster_00214,test,/home/dheirav/Code/Deepfake_Detection/deepfake-project/dataset_builder/test/ai_edited/c9cptn0_0.jpg
data_sources/ai_edited/IMD2020/c9cqodp_0.jpg,data_sources/ai_edited/IMD2020,ai_edited,822,545,1.5083,JPEG,135787,086fa3e8756f10ea35ef5bd1c3e332c2,2869e1ccad13ede3cb8144c42aacd1c5161d4da51e4a9a6c9e708d926066e51f,1.0,b8389f9387c24bd8,ok,322.0947741594138,True,True,cluster_01063,test,/home/dheirav/Code/Deepfake_Detection/deepfake-project/dataset_builder/test/ai_edited/c9cqodp_0.jpg
data_sources/ai_edited/IMD2020/c9cu722_0.jpg,data_sources/ai_edited/IMD2020,ai_edited,598,320,1.8687,JPEG,117998,59bbaf624752db38f272f2a707ddcedf,4d3bbf8266efe3ab51ff0f852fe37bcd2c4193866b1ef5a42b12f6b8ba6bc4f8,1.0,e8ba416e91c7c7b0,ok,473.54549774156607,True,True,cluster_01568,test,/home/dheirav/Code/Deepfake_Detection/deepfake-project/dataset_builder/test/ai_edited/c9cu722_0.jpg
data_sources/ai_edited/IMD2020/c9cufxm_0.jpg,data_sources/ai_edited/IMD2020,ai_edited,1224,1224,1.0,JPEG,485652,c9eb50ec7c670d5a1c060258125c8f10,34eb70b5f267871a824a7735b8bff7708091e83ef9dc6c14df6b1957b759eac1,1.0,d2f54a08653dee31,ok,248.8431100733094,True,True,cluster_00266,test,/home/dheirav/Code/Deepfake_Detection/deepfake-project/dataset_builder/test/ai_edited/c9cufxm_0.jpg
data_sources/ai_edited/IMD2020/c9d1ut9_0.jpg,data_sources/ai_edited/IMD2020,ai_edited,720,480,1.5,JPEG,157064,d0b4b05da7e7c5ab99fba7c09ee58136,77906c11a494dadf303d70bdae13f16fe2e8bf593211d0b2ed8710ed18832566,1.0,9c46d139234c6f4f,ok,139.8282623113855,True,True,cluster_01242,test,/home/dheirav/Code/Deepfake_Detection/deepfake-project/dataset_builder/test/ai_edited/c9d1ut9_0.jpg
data_sources/ai_edited/IMD2020/c9d38jl_0.jpg,data_sources/ai_edited/IMD2020,ai_edited,500,368,1.3587,JPEG,113603,d215c3dec455cb098a982adafc2a1034,bfe44f7918468376afe5ca7462b942f600ce27bee7e8c2f28a63f2ceef0a6399,1.0,838a7af9dbc825c4,ok,1603.4263907719462,True,True,cluster_01586,test,/home/dheirav/Code/Deepfake_Detection/deepfake-project/dataset_builder/test/ai_edited/c9d38jl_0.jpg
data_sources/ai_edited/IMD2020/c9d3l1c_0.jpg,data_sources/ai_edited/IMD2020,ai_edited,500,368,1.3587,JPEG,50762,2b97d397e07cbadfe771dac65702f796,f4793d659f64fab69cb8c69aa85606d69fe5de2a2ae628ecf8c410e9fc5b271d,1.0,a3e25afbdb906484,ok,1149.4971554713786,True,True,cluster_01587,test,/home/dheirav/Code/Deepfake_Detection/deepfake-project/dataset_builder/test/ai_edited/c9d3l1c_0.jpg
data_sources/ai_edited/IMD2020/c9d5i6n_0.jpg,data_sources/ai_edited/IMD2020,ai_edited,648,486,1.3333,JPEG,150159,1740e9de3aaa8f0dea85fc96d45206bc,931e7a6cd29af40202fe84f2ad9de5719ae1a7c1637df904b30cb6d5368e67c2,1.0,87877c99708e7c61,ok,297.65409536626845,True,True,cluster_01305,test,/home/dheirav/Code/Deepfake_Detection/deepfake-project/dataset_builder/test/ai_edited/c9d5i6n_0.jpg
data_sources/ai_edited/IMD2020/c9d6jfi_0.jpg,data_sources/ai_edited/IMD2020,ai_edited,899,745,1.2067,JPEG,206374,c75f0bdca7c5c7f9401d1f25ffa1594d,aa46bae49cb7b4e1e0af8dda2608913d676a04d19217cc165e7c0c75f3a8275e,1.0,d0c74c79ef3aa608,ok,939.7236080078491,True,True,cluster_00718,test,/home/dheirav/Code/Deepfake_Detection/deepfake-project/dataset_builder/test/ai_edited/c9d6jfi_0.jpg
data_sources/ai_edited/IMD2020/c9d710z_0.jpg,data_sources/ai_edited/IMD2020,ai_edited,899,745,1.2067,JPEG,99085,517d32855d0635e4f34ae573c942853a,79647be5bcb9bda0ba102aa4b87bbb0c4644199be02fcc549f36d1049b401c23,1.0,d1c74c79c33ea328,ok,903.3128788351572,True,True,cluster_00722,test,/home/dheirav/Code/Deepfake_Detection/deepfake-project/dataset_builder/test/ai_edited/c9d710z_0.jpg
data_sources/ai_edited/IMD2020/c9d7js8_0.jpg,data_sources/ai_edited/IMD2020,ai_edited,483,365,1.3233,JPEG,84215,e2d7ec8d637786861c00ce4e3bc68371,c7c6fe8e67b50c0658813bbad642aff537dc9b46a0cce6b7dd6f6dee75d3e170,1.0,c7382cf3261e78f0,ok,132.69965030846143,True,True,cluster_01596,test,/home/dheirav/Code/Deepfake_Detection/deepfake-project/dataset_builder/test/ai_edited/c9d7js8_0.jpg
data_sources/ai_edited/IMD2020/c9d81o3_0.jpg,data_sources/ai_edited/IMD2020,ai_edited,1005,754,1.3329,JPEG,168208,24d902b56d82602e3269f19cb602f586,f462b50a4bda1afdb0a40a71be9d2f5b0a2069c3967230ec391cce1943072f67,1.0,8aa664e55d5a115f,ok,808.5242076724988,True,True,cluster_00579,test,/home/dheirav/Code/Deepfake_Detection/deepfake-project/dataset_builder/test/ai_edited/c9d81o3_0.jpg
data_sources/ai_edited/IMD2020/c9d9dft_0.jpg,data_sources/ai_edited/IMD2020,ai_edited,612,612,1.0,JPEG,194721,c44d89f1b64fe19d713825e98e1fbe8e,2adc1bb0b4131bfdb31a4fae315f7755fc389673994d041f2c1ebaf5d271735e,1.0,a316a9f5c91d89a5,ok,8020.647716760579,True,True,cluster_01177,test,/home/dheirav/Code/Deepfake_Detection/deepfake-project/dataset_builder/test/ai_edited/c9d9dft_0.jpg
data_sources/ai_edited/IMD2020/c9dem0q_0.jpg,data_sources/ai_edited/IMD2020,ai_edited,477,731,0.6525,JPEG,195170,37d23485ea7fbbe49a73e7d3c7dbb222,5df1cc5ce1a141f0c9ddc38524d2dc25246f577d4d1d4d4395e0755a212ca58d,1.0,c2163dc8796d273c,ok,701.3627573662519,True,True,cluster_01230,test,/home/dheirav/Code/Deepfake_Detection/deepfake-project/dataset_builder/test/ai_edited/c9dem0q_0.jpg
data_sources/ai_edited/IMD2020/c9df1un_0.jpg,data_sources/ai_edited/IMD2020,ai_edited,899,745,1.2067,JPEG,248916,4a19b8ac065b59f9cb73de625f2dd1d6,1ce539e1458571f74eccfe6360b0508554c7f80069d514291f16856fcedefdf9,1.0,94cb1472e936ea2d,ok,1407.7802146221854,True,True,cluster_00716,test,/home/dheirav/Code/Deepfake_Detection/deepfake-project/dataset_builder/test/ai_edited/c9df1un_0.jpg
data_sources/ai_edited/IMD2020/c9dl27f_0.jpg,data_sources/ai_edited/IMD2020,ai_edited,1536,2048,0.75,JPEG,540814,87fafb08be7c8c11b0d41ae82e3df706,cfd4c59fdbaa5f6e5d13f1290e711efa8d8a443da024a9ac287a9bd1e2efa1a9,1.0,dbf4e4e59a9b040c,ok,82.49698995030485,True,True,cluster_00070,test,/home/dheirav/Code/Deepfake_Detection/deepfake-project/dataset_builder/test/ai_edited/c9dl27f_0.jpg
data_sources/ai_edited/IMD2020/c9dr5uk_0.jpg,data_sources/ai_edited/IMD2020,ai_edited,600,324,1.8519,JPEG,84391,80e872cbe7c591cf5acc2d1c755ad456,d5b0fbdd684f919d19d4f97d0a345ccffaf548e21007bbd356cb1f0bf86d4651,1.0,9ad339646c599b26,ok,169.19097254925464,True,True,cluster_01562,test,/home/dheirav/Code/Deepfake_Detection/deepfake-project/dataset_builder/test/ai_edited/c9dr5uk_0.jpg
data_sources/ai_edited/IMD2020/c9dyl8y_0.jpg,data_sources/ai_edited/IMD2020,ai_edited,1000,562,1.7794,JPEG,176124,acf862498d1d11b3b365cf314fa885aa,af2d5bc4820da7e6bf92df60f711f3aadd777decbd6e799e6e6dd1591b865ae3,1.0,9a9e8607795907b6,ok,350.0522495347039,True,True,cluster_00887,test,/home/dheirav/Code/Deepfake_Detection/deepfake-project/dataset_builder/test/ai_edited/c9dyl8y_0.jpg
data_sources/ai_edited/IMD2020/c9e195c_0.jpg,data_sources/ai_edited/IMD2020,ai_edited,1920,1079,1.7794,JPEG,663918,1e25aa4dc11ba4f5bd5dd97fb3d009db,c42489277f2cefb1e1ff7474ad3066b2648941484ac92db531fa126c597e2c44,1.0,9e9a8a137d658996,ok,1159.0479830459622,True,True,cluster_00167,test,/home/dheirav/Code/Deepfake_Detection/deepfake-project/dataset_builder/test/ai_edited/c9e195c_0.jpg
data_sources/ai_edited/IMD2020/c9ece0x_0.jpg,data_sources/ai_edited/IMD2020,ai_edited,800,519,1.5414,JPEG,232484,9649f3b3b612ffc1389f68a93b860460,1e04cd6ad7e21343bfffba8438622aeb86c90f9d568e9ed18a11b8ab4d2da354,1.0,c0cadabfe12c30d5,ok,300.6963896493692,True,True,cluster_01115,test,/home/dheirav/Code/Deepfake_Detection/deepfake-project/dataset_builder/test/ai_edited/c9ece0x_0.jpg
data_sources/ai_edited/IMD2020/c9ecnrt_0.jpg,data_sources/ai_edited/IMD2020,ai_edited,920,1207,0.7622,JPEG,180229,8a5838d42fd46e3599c00ec11b7ae1fa,6ab685146b17988f06467b8b2f7f05a7764e3e1489319ea229ca0541ee6a9ed9,1.0,c8b73748e3c1714b,ok,830.646953811296,True,True,cluster_00346,test,/home/dheirav/Code/Deepfake_Detection/deepfake-project/dataset_builder/test/ai_edited/c9ecnrt_0.jpg
data_sources/ai_edited/IMD2020/c9ekoti_0.png,data_sources/ai_edited/IMD2020,ai_edited,500,340,1.4706,PNG,264074,4f1b62cfda2eda7098443f82fe51e9dc,fd4ce794661916245bc4ce61a9abb5c110611d28ef9992595436c27b3b3df6c3,1.0,c06d363a3631999f,ok,590.6927468204499,True,True,cluster_01608,test,/home/dheirav/Code/Deepfake_Detection/deepfake-project/dataset_builder/test/ai_edited/c9ekoti_0.png
data_sources/ai_edited/IMD2020/c9en86k_0.jpg,data_sources/ai_edited/IMD2020,ai_edited,588,800,0.735,JPEG,162638,a1fc3911624765eb055cf65aed0b50d2,9672ca8c691a1530ddc50a3973c84d9b14819e0d45078a7c42136891217403b9,1.0,a71a6337334bc8b4,ok,111.46455415404444,True,True,cluster_01022,test,/home/dheirav/Code/Deepfake_Detection/deepfake-project/dataset_builder/test/ai_edited/c9en86k_0.jpg
data_sources/ai_edited/IMD2020/c9eqhuj_0.jpg,data_sources/ai_edited/IMD2020,ai_edited,900,602,1.495,JPEG,265463,77b7de92e5fed6b78d85a1473ccc9d63,e5f5e414908f534b6e61fadaf1fbeb27ef21670a24b48d41bc77e50e7df1868c,1.0,d4e6852377415c97,ok,6402.421853315245,True,True,cluster_00910,test,/home/dheirav/Code/Deepfake_Detection/deepfake-project/dataset_builder/test/ai_edited/c9eqhuj_0.jpg
data_sources/ai_edited/IMD2020/c9eqqy1_0.jpg,data_sources/ai_edited/IMD2020,ai_edited,838,540,1.5519,JPEG,153586,4f1bb63e1e1487d11a9bc8160fc1f8f8,32300f0943b5f00fef9291ea77910177d1bce39d086940f2297638ae9577a508,1.0,805ee1777891de2c,ok,242.77791914890136,True,True,cluster_01054,test,/home/dheirav/Code/Deepfake_Detection/deepfake-project/dataset_builder/test/ai_edited/c9eqqy1_0.jpg
data_sources/ai_edited/IMD2020/c9f0n0z_0.jpg,data_sources/ai_edited/IMD2020,ai_edited,1024,682,1.5015,JPEG,138692,fb5b9bdd1ee1d9c211eb9fda557dee0d,62002c7c4b1cd09d2bdbd7b70e8716d5bdbc931b6c49c11ebf859d8c09020308,1.0,bda406be2c11f24f,ok,233.33015393502416,True,True,cluster_00649,test,/home/dheirav/Code/Deepfake_Detection/deepfake-project/dataset_builder/test/ai_edited/c9f0n0z_0.jpg
data_sources/ai_edited/IMD2020/c9f1h60_0.jpg,data_sources/ai_edited/IMD2020,ai_edited,800,530,1.5094,JPEG,139562,c2fcbe5678012326c0df40bf75d62902,98b2c8518a9b1ca8d95d73c6581b69aabcf67b27878ebf9be50d6b3a27495cb8,1.0,c00b2b7c2ea375c7,ok,1483.3623446457314,True,True,cluster_01106,test,/home/dheirav/Code/Deepfake_Detection/deepfake-project/dataset_builder/test/ai_edited/c9f1h60_0.jpg
data_sources/ai_edited/IMD2020/c9f3n7z_0.jpg,data_sources/ai_edited/IMD2020,ai_edited,606,630,0.9619,JPEG,201345,352c154c07c35e718b021c2efc5e49b1,2a12284110c98955c1fccd3f0f51166ede5c48cb134c2ba9f049407e28ceac2f,1.0,b3b1fb88708e1b61,ok,245.42575513675501,True,True,cluster_01168,test,/home/dheirav/Code/Deepfake_Detection/deepfake-project/dataset_builder/test/ai_edited/c9f3n7z_0.jpg
data_sources/ai_edited/IMD2020/c9f517t_0.jpg,data_sources/ai_edited/IMD2020,ai_edited,745,520,1.4327,JPEG,97895,281f5640a7af60f353b76cab25565125,15b4168ea59504945df8b25594187f7061f74634d665a99c1488954b2ac07753,1.0,c0fc9474368f1a9b,ok,301.284504244678,True,True,cluster_01165,test,/home/dheirav/Code/Deepfake_Detection/deepfake-project/dataset_builder/test/ai_edited/c9f517t_0.jpg
data_sources/ai_edited/IMD2020/c9f8vaj_0.jpg,data_sources/ai_edited/IMD2020,ai_edited,1024,682,1.5015,JPEG,172212,7e99a35732787eb00a924f0f50190e7e,93264163f678d8cc63df51314f35a7b8233be9a0d332a91e634a94677b7c9654,1.0,bfa1069eac80b66d,ok,219.39309931713805,True,True,cluster_00646,test,/home/dheirav/Code/Deepfake_Detection/deepfake-project/dataset_builder/test/ai_edited/c9f8vaj_0.jpg
data_sources/ai_edited/IMD2020/c9fj64j_0.jpg,data_sources/ai_edited/IMD2020,ai_edited,900,599,1.5025,JPEG,175574,0c9d897241109b8de59670b3ea200625,fad5ad7ccb9ed7d47d6ea68f62118b431ccc1e0a252e13f18007ecc05f29e1e2,1.0,bcc1c41b8d2df19c,ok,1158.547958108747,True,True,cluster_00924,test,/home/dheirav/Code/Deepfake_Detection/deepfake-project/dataset_builder/test/ai_edited/c9fj64j_0.jpg
data_sources/ai_edited/IMD2020/c9fjq1l_0.jpg,data_sources/ai_edited/IMD2020,ai_edited,850,565,1.5044,JPEG,184781,8e5bd80e74ddd1cebb0471e08cc64ee5,5d96b81a9a20eae22ad511f6fd5ae471f3e156a14f1d23f9aa27ec3997d64a5f,1.0,facdd87ac1b84191,ok,250.14966451515338,True,True,cluster_00991,test,/home/dheirav/Code/Deepfake_Detection/deepfake-project/dataset_builder/test/ai_edited/c9fjq1l_0.jpg
data_sources/ai_edited/IMD2020/c9fk35b_0.jpg,data_sources/ai_edited/IMD2020,ai_edited,1862,2804,0.6641,JPEG,714153,df5fef8e4469a3d714e034eeebd2b057,da1386e6b3ebc50a7d80d421da63c9c109a8485da6e19ca69ba95e21d0d17f9b,1.0,d3cc653326d5d0c6,ok,328.49024812545514,True,True,cluster_00023,test,/home/dheirav/Code/Deepfake_Detection/deepfake-project/dataset_builder/test/ai_edited/c9fk35b_0.jpg
data_sources/ai_edited/IMD2020/c9fl051_0.jpg,data_sources/ai_edited/IMD2020,ai_edited,900,599,1.5025,JPEG,169149,7251dbbcf9a9f9431bddaaafe96af037,6734199ca2e85d98e5c3785dd99c02bc75af04d87dea1a41087b3ed2b942e081,1.0,bcd1c40f8d3ce19c,ok,1272.1145374658488,True,True,cluster_00927,test,/home/dheirav/Code/Deepfake_Detection/deepfake-project/dataset_builder/test/ai_edited/c9fl051_0.jpg
data_sources/ai_edited/IMD2020/c9flfa0_0.jpg,data_sources/ai_edited/IMD2020,ai_edited,1863,2805,0.6642,JPEG,738195,7c20b75adbbcbebfe125656899f39ac2,de0b4ef104cdfddedb6c9213a2e1abfa66d47eed1313d724764e981ec0380c1c,1.0,93ce19191cdcf0e6,ok,489.79153487403465,True,True,cluster_00021,test,/home/dheirav/Code/Deepfake_Detection/deepfake-project/dataset_builder/test/ai_edited/c9flfa0_0.jpg
data_sources/ai_edited/IMD2020/c9fmhir_0.jpg,data_sources/ai_edited/IMD2020,ai_edited,600,450,1.3333,JPEG,74093,462a912466ce4c5d5681e62f5ee36a5a,805db617204e86d169013a935fa7f083c056d999d7ceb8dc4a1a64d0e1afc3b8,1.0,a50d52d63da58673,ok,164.49770459246915,True,True,cluster_01414,test,/home/dheirav/Code/Deepfake_Detection/deepfake-project/dataset_builder/test/ai_edited/c9fmhir_0.jpg
data_sources/ai_edited/IMD2020/c9fnyyh_0.jpg,data_sources/ai_edited/IMD2020,ai_edited,900,599,1.5025,JPEG,135521,f9084c252377999f1beac4172f59385f,768d5c6067718812952921e46c8f12e18bef1365537fc5e36a15f3530ef07673,1.0,acd1d46aad0c439f,ok,869.9753268780854,True,True,cluster_00931,test,/home/dheirav/Code/Deepfake_Detection/deepfake-project/dataset_builder/test/ai_edited/c9fnyyh_0.jpg
data_sources/ai_edited/IMD2020/c9fvs3e_0.jpg,data_sources/ai_edited/IMD2020,ai_edited,900,675,1.3333,JPEG,126017,db595e7c44374bb75b293fb2f70a5f2c,6e89bb5942c735308c1aafc8b3736d3c097b60fd7ae5d09f2072a807813910dd,1.0,87c585bcaa9a7534,ok,291.5013826743864,True,True,cluster_00831,test,/home/dheirav/Code/Deepfake_Detection/deepfake-project/dataset_builder/test/ai_edited/c9fvs3e_0.jpg
data_sources/ai_edited/IMD2020/c9fz0du_0.jpg,data_sources/ai_edited/IMD2020,ai_edited,540,304,1.7763,JPEG,113010,4a80634ce19b9fee840cc1bca15337ce,3ec696e39c4721e3a09a2b21a68cf3301b286398c9fd96c4a584f755d5d35e2c,1.0,e5a7de5a6118c89c,ok,1702.0828802647595,True,True,cluster_01616,test,/home/dheirav/Code/Deepfake_Detection/deepfake-project/dataset_builder/test/ai_edited/c9fz0du_0.jpg
data_sources/ai_edited/IMD2020/c9g2fgf_0.jpg,data_sources/ai_edited/IMD2020,ai_edited,430,539,0.7978,JPEG,186503,8bee25a8ba9a2926489347e358115766,85c9d010a83dbdaf1020d77821eaba00e36be8bfa474523da45c2a4039f3a5dc,1.0,dd0272bd82ed529a,ok,2982.0792250937684,True,True,cluster_01503,test,/home/dheirav/Code/Deepfake_Detection/deepfake-project/dataset_builder/test/ai_edited/c9g2fgf_0.jpg
data_sources/ai_edited/IMD2020/c9g4hr5_0.jpg,data_sources/ai_edited/IMD2020,ai_edited,620,923,0.6717,JPEG,146108,253f7cf6c663524b4272c92d55997caa,6e4c745ae91c72504089558f8d802a6c17dc05f88827c649d4d54da50e5a2490,1.0,d2b60e4b3951599b,ok,8550.513757284569,True,True,cluster_00879,test,/home/dheirav/Code/Deepfake_Detection/deepfake-project/dataset_builder/test/ai_edited/c9g4hr5_0.jpg
data_sources/ai_edited/IMD2020/c9g4p2k_0.jpg,data_sources/ai_edited/IMD2020,ai_edited,720,479,1.5031,JPEG,94500,8107ed232fff93caee2212d870a7813f,ef8d22418a8fbf062e11487f7519fbbc56063f53d6364c00fc2d79fcb7f1c797,1.0,d0232f5c6c6d7cc2,ok,333.13000710149885,True,True,cluster_01247,test,/home/dheirav/Code/Deepfake_Detection/deepfake-project/dataset_builder/test/ai_edited/c9g4p2k_0.jpg
data_sources/ai_edited/IMD2020/c9g5jrp_0.jpg,data_sources/ai_edited/IMD2020,ai_edited,640,426,1.5023,JPEG,150210,4364474dcf6c16500378bafd8d9bb090,d391a65aeaace88b23da29d3beba06db35189979193cc60d0785d64d56ab0114,1.0,e7677422daac46a4,ok,455.10228851520833,True,True,cluster_01398,test,/home/dheirav/Code/Deepfake_Detection/deepfake-project/dataset_builder/test/ai_edited/c9g5jrp_0.jpg
data_sources/ai_edited/IMD2020/c9g8384_0.jpg,data_sources/ai_edited/IMD2020,ai_edited,470,322,1.4596,JPEG,23184,d5f7782f3addb02029f3fa30c0292343,a2a5159992cefb4c7681bf2b2e06aeeeaeec28d6cb368a44485fda77a2ccf6df,1.0,c53e494e63c866d9,ok,89.61441582874588,True,True,cluster_01631,test,/home/dheirav/Code/Deepfake_Detection/deepfake-project/dataset_builder/test/ai_edited/c9g8384_0.jpg
data_sources/ai_edited/IMD2020/c9g8k86_0.jpg,data_sources/ai_edited/IMD2020,ai_edited,570,760,0.75,JPEG,220328,3852048070300ddcc08f39f886e8c61a,96cd4c2e921da10a7c8a09be3b4d4015504f5126ec14abe169cb35414ef1ae5f,1.0,c81a3d3732696c79,ok,126.72937216458142,True,True,cluster_01083,test,/home/dheirav/Code/Deepfake_Detection/deepfake-project/dataset_builder/test/ai_edited/c9g8k86_0.jpg
data_sources/ai_edited/IMD2020/c9gbskr_0.jpg,data_sources/ai_edited/IMD2020,ai_edited,570,760,0.75,JPEG,64146,8bff1ba3751182db31bacf07eaa6decb,8c736d4caf10df0d07585c00617037ba0d58d08e85c167a7e422b0879b57241d,1.0,c81b2d3732696c79,ok,128.70771701906574,True,True,cluster_01085,test,/home/dheirav/Code/Deepfake_Detection/deepfake-project/dataset_builder/test/ai_edited/c9gbskr_0.jpg
data_sources/ai_edited/IMD2020/c9gdmsw_0.jpg,data_sources/ai_edited/IMD2020,ai_edited,2048,1536,1.3333,JPEG,673123,ccfffb1356b1fb3b0bdcf5c90729b16e,062b91398119cadd80a898d5bbbdc699a0111a1c44960d14a3c172f033b41c0e,1.0,92b765cad94a2339,ok,3166.6360663886976,True,True,cluster_00068,test,/home/dheirav/Code/Deepfake_Detection/deepfake-project/dataset_builder/test/ai_edited/c9gdmsw_0.jpg
data_sources/ai_edited/IMD2020/c9gjago_0.jpg,data_sources/ai_edited/IMD2020,ai_edited,590,393,1.5013,JPEG,63134,4ab4e0adc7b7a6dbab31ca36f382efed,1d43b7df2410a6bdfa95496fdac6f6d2e6e57a1e90a36145228e33d1f0de36ab,1.0,835fa847972e642d,ok,336.9438541046644,True,True,cluster_01500,test,/home/dheirav/Code/Deepfake_Detection/deepfake-project/dataset_builder/test/ai_edited/c9gjago_0.jpg
data_sources/ai_edited/IMD2020/c9gjh0g_0.jpg,data_sources/ai_edited/IMD2020,ai_edited,1000,667,1.4993,JPEG,150890,61254e6fc05b7f9140fc2da56d622fcc,78855ab1265cadb3812d588fe0f9fed112142a8a17907f0ba9131e93ca7fc4d5,1.0,dec29d39f658ca08,ok,188.28435478044858,True,True,cluster_00730,test,/home/dheirav/Code/Deepfake_Detection/deepfake-project/dataset_builder/test/ai_edited/c9gjh0g_0.jpg
data_sources/ai_edited/IMD2020/c9gl75j_0.jpg,data_sources/ai_edited/IMD2020,ai_edited,849,565,1.5027,JPEG,104923,d2073e6437ddbd56d4f9d160f23942cb,22585b6f80088bb31080032c177810ab921150accc36fdd336af05ae5e1a3ff6,1.0,8b13b80df72e5156,ok,871.3982442664469,True,True,cluster_01012,test,/home/dheirav/Code/Deepfake_Detection/deepfake-project/dataset_builder/test/ai_edited/c9gl75j_0.jpg
data_sources/ai_edited/IMD2020/c9gmqwd_0.png,data_sources/ai_edited/IMD2020,ai_edited,956,500,1.912,PNG,613257,c117155a3a7482f4acd745881481be5e,244a7f6ec9214c8762a01db5ae548a244ada7582621816f3e8884db187b007ec,1.0,dec151ee058b61b6,ok,863.9436955426157,True,True,cluster_01014,test,/home/dheirav/Code/Deepfake_Detection/deepfake-project/dataset_builder/test/ai_edited/c9gmqwd_0.png
data_sources/ai_edited/IMD2020/c9grv2t_0.jpg,data_sources/ai_edited/IMD2020,ai_edited,3110,2073,1.5002,JPEG,663668,b9cc7a53b2bb244948594965cfa3065f,b2e00b49b5dce9e7ccd4af795e39228b3d685f38aa2baeb68f21dd756213b714,1.0,95366956495d92cd,ok,150.5155403077528,True,True,cluster_00010,test,/home/dheirav/Code/Deepfake_Detection/deepfake-project/dataset_builder/test/ai_edited/c9grv2t_0.jpg
data_sources/ai_edited/IMD2020/c9gtlnu_0.jpg,data_sources/ai_edited/IMD2020,ai_edited,640,478,1.3389,JPEG,43639,336fdd97288c430be035ca443035e400,589ce24defd52f642a9fe3a23939f473fa2168f9d767b8a4155b98662d29d631,1.0,836f94c71c93686e,ok,190.73250165351945,True,True,cluster_01344,test,/home/dheirav/Code/Deepfake_Detection/deepfake-project/dataset_builder/test/ai_edited/c9gtlnu_0.jpg
data_sources/ai_edited/IMD2020/c9gyshx_0.jpg,data_sources/ai_edited/IMD2020,ai_edited,1600,1067,1.4995,JPEG,281299,e3cd4e55865eb32bb880a3651cfb57c3,529aa8aecb187588f4c7e7d3d58359a647f7db262733799af37a5f826a2c2f3f,1.0,948918763c8bcf76,ok,490.28231843708767,True,True,cluster_00221,test,/home/dheirav/Code/Deepfake_Detection/deepfake-project/dataset_builder/test/ai_edited/c9gyshx_0.jpg
data_sources/ai_edited/IMD2020/c9h0gbn_0.png,data_sources/ai_edited/IMD2020,ai_edited,681,509,1.3379,PNG,434796,d91f0473c6e65e797411551bedbb8052,c69e2b7ec5b1a824ec1c504bf37e4433ac6f4fc75f8f30086dcfad7632af9001,1.0,fafdf27269804183,ok,143.4053458418397,True,True,cluster_01238,test,/home/dheirav/Code/Deepfake_Detection/deepfake-project/dataset_builder/test/ai_edited/c9h0gbn_0.png
data_sources/ai_edited/IMD2020/c9h0z4q_0.jpg,data_sources/ai_edited/IMD2020,ai_edited,800,600,1.3333,JPEG,100732,5eb00f5ecb8c63b6e9de8fe85b44c36d,584fdeb9cc454fdb7e22f7fa5ba1836cac35b6a6e2c6d5e418e5136d924c3fb8,1.0,89d73cbc87c04da5,ok,175.1531208553993,True,True,cluster_01004,test,/home/dheirav/Code/Deepfake_Detection/deepfake-project/dataset_builder/test/ai_edited/c9h0z4q_0.jpg
data_sources/ai_edited/IMD2020/c9h41sp_0.jpg,data_sources/ai_edited/IMD2020,ai_edited,1000,799,1.2516,JPEG,225756,d151fcb8ce026d2fc09e6cee5aa8925f,eb6f18906aa98f5fb68954d2214b74801051a82242b07d665b1352ca2a3fce93,1.0,b5b41a09e3da9aa5,ok,138.59129178037628,True,True,cluster_00524,test,/home/dheirav/Code/Deepfake_Detection/deepfake-project/dataset_builder/test/ai_edited/c9h41sp_0.jpg
data_sources/ai_edited/IMD2020/c9h4l2n_0.jpg,data_sources/ai_edited/IMD2020,ai_edited,1024,768,1.3333,JPEG,205657,c0e6472d5d04e92a94aa0da03be0531d,f3e73e867cb62acaf8369aec1fa92bf4991101fdef32902d001fa45acd1b12ca,1.0,cec0d19eb0a42f7a,ok,260.6758867511121,True,True,cluster_00548,test,/home/dheirav/Code/Deepfake_Detection/deepfake-project/dataset_builder/test/ai_edited/c9h4l2n_0.jpg
data_sources/ai_edited/IMD2020/c9h53ur_0.jpg,data_sources/ai_edited/IMD2020,ai_edited,2700,1793,1.5059,JPEG,537152,881535a8898e4839a2e3e2323ce3166c,8483749d8447abe13aca2e23a4482da8da162a215a97a27eb595d9fea552b2ef,1.0,816e763370e3cc3c,ok,271.25581788344124,True,True,cluster_00032,test,/home/dheirav/Code/Deepfake_Detection/deepfake-project/dataset_builder/test/ai_edited/c9h53ur_0.jpg
data_sources/ai_edited/IMD2020/c9h5fdh_0.jpg,data_sources/ai_edited/IMD2020,ai_edited,716,574,1.2474,JPEG,92037,8f02c3784004d446691f5858a5f7c38c,5b8ab2fe755fc03c650a3557b09455b2eab7159217363d5adea807ec49dcaafb,1.0,9bb7b4488e38f530,ok,1985.0734664025865,True,True,cluster_01122,test,/home/dheirav/Code/Deepfake_Detection/deepfake-project/dataset_builder/test/ai_edited/c9h5fdh_0.jpg
data_sources/ai_edited/IMD2020/c9h6icz_0.jpg,data_sources/ai_edited/IMD2020,ai_edited,960,664,1.4458,JPEG,188077,f06d82c0b8f3a3b1912d3ede980f34fc,448181349274fa0a7e59d81607889c5c339d08eecae71a5d830bd4fb3223310b,1.0,dda6a0781fc53c83,ok,817.7789041118327,True,True,cluster_00773,test,/home/dheirav/Code/Deepfake_Detection/deepfake-project/dataset_builder/test/ai_edited/c9h6icz_0.jpg
data_sources/ai_edited/IMD2020/c9h6m92_0.jpg,data_sources/ai_edited/IMD2020,ai_edited,634,475,1.3347,JPEG,239295,1b37c441f610167780f1c6f1b9bc9d16,5786578b01141d9b6b37f2ce21770031b948f1515f61ee84d0e7ed80ec250788,1.0,cc0ef05073b70b73,ok,868.6128719539734,True,True,cluster_01348,test,/home/dheirav/Code/Deepfake_Detection/deepfake-project/dataset_builder/test/ai_edited/c9h6m92_0.jpg
data_sources/ai_edited/IMD2020/c9h7w73_0.jpg,data_sources/ai_edited/IMD2020,ai_edited,1303,732,1.7801,JPEG,169035,2c5b2668e55a6112f33b4fb7e31e49cd,9690c9b5924a5ab0d6e7082c641051394896b832960329e77b65bad1fff00061,1.0,b89997a7a46da522,ok,236.02232253761937,True,True,cluster_00423,test,/home/dheirav/Code/Deepfake_Detection/deepfake-project/dataset_builder/test/ai_edited/c9h7w73_0.jpg
data_sources/ai_edited/IMD2020/c9h97f9_0.jpg,data_sources/ai_edited/IMD2020,ai_edited,600,803,0.7472,JPEG,195393,ee24354b8f7ab311c9e706d772bf330f,8a51465a55dcb5f93a2fe3a1b6af01cb9dd3c2c5359580c9328eb59da35e9d88,1.0,8f8f9b9f12700578,ok,2112.0935124792986,True,True,cluster_00989,test,/home/dheirav/Code/Deepfake_Detection/deepfake-project/dataset_builder/test/ai_edited/c9h97f9_0.jpg
data_sources/ai_edited/IMD2020/c9hal43_0.jpg,data_sources/ai_edited/IMD2020,ai_edited,1311,956,1.3713,JPEG,330810,e66ca84aed5a001898261f5368827345,8be387037117224b921b72aebd58505c28a6288e9751e3c550ac9d5a13d1b654,1.0,d3693c86a3788e8b,ok,2263.4374525519906,True,True,cluster_00311,test,/home/dheirav/Code/Deepfake_Detection/deepfake-project/dataset_builder/test/ai_edited/c9hal43_0.jpg
data_sources/ai_edited/IMD2020/c9harx6_0.jpg,data_sources/ai_edited/IMD2020,ai_edited,460,296,1.5541,JPEG,36766,84c87db9fd9a86f2c7a8c02696417f59,8b606e24014810435124e00de01b713afbd3338de283594020de56965dd7cdc9,1.0,acedb470cb681731,ok,715.9133895026532,True,True,cluster_01643,test,/home/dheirav/Code/Deepfake_Detection/deepfake-project/dataset_builder/test/ai_edited/c9harx6_0.jpg
data_sources/ai_edited/IMD2020/c9hg0i2_0.jpg,data_sources/ai_edited/IMD2020,ai_edited,1000,799,1.2516,JPEG,214488,02e2c944510cd055f34bc72ea8d8225d,92cb7f7af522bdb3601a7b8904716f8270d5f86bec0ae0e2ce8e7c5d21ec09c2,1.0,a17b1e0ce5e4193b,ok,456.46355983537615,True,True,cluster_00526,test,/home/dheirav/Code/Deepfake_Detection/deepfake-project/dataset_builder/test/ai_edited/c9hg0i2_0.jpg
data_sources/ai_edited/IMD2020/c9hk5hp_0.jpg,data_sources/ai_edited/IMD2020,ai_edited,964,740,1.3027,JPEG,229346,28ae6ab75e846db3bffcace7bdde6928,412830d1611059fbe4a802852698a4e0b0f887779f00f17a27b6e855847c04c5,1.0,9eb28baeb1858c99,ok,1647.4893034829156,True,True,cluster_00622,test,/home/dheirav/Code/Deepfake_Detection/deepfake-project/dataset_builder/test/ai_edited/c9hk5hp_0.jpg
data_sources/ai_edited/IMD2020/c9hr4mf_0.png,data_sources/ai_edited/IMD2020,ai_edited,800,445,1.7978,PNG,292222,663017eeb055ea03a70d487674492904,28a6abc24efe473d555e993b7b98052f0ba1925addb7a0f42006cbd64766656c,1.0,acf3cc294f8cb162,ok,117.3736929235892,True,True,cluster_01220,test,/home/dheirav/Code/Deepfake_Detection/deepfake-project/dataset_builder/test/ai_edited/c9hr4mf_0.png
data_sources/ai_edited/IMD2020/c9hxjwt_0.jpg,data_sources/ai_edited/IMD2020,ai_edited,900,900,1.0,JPEG,248394,e52169ee3632da8fe11bf003b9f34566,bf0fcea1355ea525ab80579059811751a23714405f9d836b5a8a5b814d5f9c4b,1.0,85961325e5ede549,ok,2071.931421171576,True,True,cluster_00516,test,/home/dheirav/Code/Deepfake_Detection/deepfake-project/dataset_builder/test/ai_edited/c9hxjwt_0.jpg
data_sources/ai_edited/IMD2020/c9hyb2c_0.jpg,data_sources/ai_edited/IMD2020,ai_edited,900,900,1.0,JPEG,280121,9beb7a3883ed6a0eb1f105f6daaafc3d,99998d9638854f2a1ab15fad32c0714866fd21936134551e031c6f711d48dfb6,1.0,b59453e58f34e146,ok,2975.2144877825926,True,True,cluster_00514,test,/home/dheirav/Code/Deepfake_Detection/deepfake-project/dataset_builder/test/ai_edited/c9hyb2c_0.jpg
data_sources/ai_edited/IMD2020/c9hyeec_0.jpg,data_sources/ai_edited/IMD2020,ai_edited,900,900,1.0,JPEG,227178,31098e35d1271267e1943b7c084569fe,61a80f85fc91e309a6219801cd95d5fb64f601ba168732b2967ee5b901ed1b66,1.0,b584172567f4c54d,ok,2144.891528304338,True,True,cluster_00518,test,/home/dheirav/Code/Deepfake_Detection/deepfake-project/dataset_builder/test/ai_edited/c9hyeec_0.jpg
data_sources/ai_edited/IMD2020/c9i2yhe_0.jpg,data_sources/ai_edited/IMD2020,ai_edited,1600,1200,1.3333,JPEG,300641,3d18c701d5d00c2b54e8d18472eec093,80bd18b26f133a8b6d492670d2bec2cf324611ff27c350c624cc028a886ce98c,1.0,d9823e78c18306ff,ok,386.43356771272755,True,True,cluster_00188,test,/home/dheirav/Code/Deepfake_Detection/deepfake-project/dataset_builder/test/ai_edited/c9i2yhe_0.jpg
data_sources/ai_edited/IMD2020/c9i8kwz_0.jpg,data_sources/ai_edited/IMD2020,ai_edited,1968,1400,1.4057,JPEG,311983,5c2f9ecbf48f86f4060878139328d8e5,e02e6cdff538df8d3782be912b2c5075b01a9d21218a81e9e2cb36d1b242daf1,1.0,eb39d226197a6331,ok,107.91767160961437,True,True,cluster_00100,test,/home/dheirav/Code/Deepfake_Detection/deepfake-project/dataset_builder/test/ai_edited/c9i8kwz_0.jpg
data_sources/ai_edited/IMD2020/c9iccvg_0.jpg,data_sources/ai_edited/IMD2020,ai_edited,998,561,1.779,JPEG,65264,22e3312c256d79143f74e20b052e2e7c,803ed352a0db7748ba67ffb27ff7bbefb2240fe480fd5706934bb4179fbc3e0b,1.0,f25b728d8c271b8a,ok,104.55993211106386,True,True,cluster_00889,test,/home/dheirav/Code/Deepfake_Detection/deepfake-project/dataset_builder/test/ai_edited/c9iccvg_0.jpg
data_sources/ai_edited/IMD2020/c9iff6x_0.jpg,data_sources/ai_edited/IMD2020,ai_edited,1102,784,1.4056,JPEG,242490,2883aee21a19486b40c8b1fb9693ba42,1aeb93d06555d312942455d8726ab27a058649b37b3619e1a26073473cbe6363,1.0,cb3bd224195a6337,ok,407.82547208531884,True,True,cluster_00493,test,/home/dheirav/Code/Deepfake_Detection/deepfake-project/dataset_builder/test/ai_edited/c9iff6x_0.jpg
data_sources/ai_edited/IMD2020/c9ihrfw_0.jpg,data_sources/ai_edited/IMD2020,ai_edited,1600,1000,1.6,JPEG,154261,af00ff8eb7bc7bfb6bba5da40a8ba8a9,a7626ca656e01b2fa84525c27f9d549f841b4f06d2c16ade7671859fd5d32176,1.0,bdc08a37c13dd61c,ok,81.86732124418593,True,True,cluster_00244,test,/home/dheirav/Code/Deepfake_Detection/deepfake-project/dataset_builder/test/ai_edited/c9ihrfw_0.jpg
data_sources/ai_edited/IMD2020/c9iibxz_0.jpg,data_sources/ai_edited/IMD2020,ai_edited,2500,1669,1.4979,JPEG,415554,43e1641d401d47e7929dcd2df8f5fcc3,827b97ebb0a9d644d7e01c2d942194aeab27d15cf80b87b904aebc3ba5623085,1.0,946272a6a7695c9b,ok,159.61643417853017,True,True,cluster_00046,test,/home/dheirav/Code/Deepfake_Detection/deepfake-project/dataset_builder/test/ai_edited/c9iibxz_0.jpg
data_sources/ai_edited/IMD2020/c9iihrs_0.jpg,data_sources/ai_edited/IMD2020,ai_edited,635,497,1.2777,JPEG,164727,797d70544f8a8c04b56ce80eba1a2807,87f86fd06699130225855363224b42b678b25a683e2f2705239ee91941c8c150,1.0,ed506bcf807395c8,ok,4354.174383079473,True,True,cluster_01303,test,/home/dheirav/Code/Deepfake_Detection/deepfake-project/dataset_builder/test/ai_edited/c9iihrs_0.jpg
data_sources/ai_edited/IMD2020/c9iijp8_0.jpg,data_sources/ai_edited/IMD2020,ai_edited,800,596,1.3423,JPEG,205187,0d722fa2346f7b704694c001fe437001,de68ede5d54465356da07bdd2bf98fcc52661dee8807eb98d6dce3d74d5275bc,1.0,9235c92f644b7857,ok,549.3000718767595,True,True,cluster_01015,test,/home/dheirav/Code/Deepfake_Detection/deepfake-project/dataset_builder/test/ai_edited/c9iijp8_0.jpg
data_sources/ai_edited/IMD2020/c9ily5x_0.jpg,data_sources/ai_edited/IMD2020,ai_edited,1400,958,1.4614,JPEG,382191,4419ef2d8e41e5514b118c7abf9c1232,e7c940be0234943a35be815fa8a8093788de7c1941ef05254260ebe6d2159617,1.0,b9cac6bb19918cc6,ok,410.26171462781457,True,True,cluster_00282,test,/home/dheirav/Code/Deepfake_Detection/deepfake-project/dataset_builder/test/ai_edited/c9ily5x_0.jpg
data_sources/ai_edited/IMD2020/c9imbmj_0.jpg,data_sources/ai_edited/IMD2020,ai_edited,2748,1696,1.6203,JPEG,633230,4885aaaf2b75d88aa1fb314133aeb699,c16cb3cd50e083622a7ac0dd23bac453562a8d9fe6dfa2c49f7a109296207b6b,1.0,99a1bed18f962c4c,ok,500.1883764849575,True,True,cluster_00036,test,/home/dheirav/Code/Deepfake_Detection/deepfake-project/dataset_builder/test/ai_edited/c9imbmj_0.jpg
data_sources/ai_edited/IMD2020/c9imiv9_0.jpg,data_sources/ai_edited/IMD2020,ai_edited,1920,1200,1.6,JPEG,289245,e7c09057cf6f5050efaf54a6329cc8a5,165d388641c4cfe00f4342f26331919ba2e4901655e0c0554df4b59cb6b51ae9,1.0,e3cc8e831b1e607d,ok,243.95549562890326,True,True,cluster_00126,test,/home/dheirav/Code/Deepfake_Detection/deepfake-project/dataset_builder/test/ai_edited/c9imiv9_0.jpg
data_sources/ai_edited/IMD2020/c9iorrc_0.jpg,data_sources/ai_edited/IMD2020,ai_edited,1280,720,1.7778,JPEG,289248,4b52ffb1d85c75a7d2a72b9b976b24d6,c11215a352a7f1179367b6d4719dbbd4651a4d98d5e5432b61b01b92213c2039,1.0,863af94bd928f911,ok,1078.6652046414586,True,True,cluster_00435,test,/home/dheirav/Code/Deepfake_Detection/deepfake-project/dataset_builder/test/ai_edited/c9iorrc_0.jpg
data_sources/ai_edited/IMD2020/c9iup8s_0.jpg,data_sources/ai_edited/IMD2020,ai_edited,722,406,1.7783,JPEG,86024,3e565cceb7acc7e6ec0c3f5bee31864f,a9ae9f1a0eb2da87c9c1a24b6c46cec1c656a10dd7fdc3a76f7b2494c209a7b6,1.0,fda4303e8fe2e08c,ok,602.8763998348331,True,True,cluster_01358,test,/home/dheirav/Code/Deepfake_Detection/deepfake-project/dataset_builder/test/ai_edited/c9iup8s_0.jpg
data_sources/ai_edited/IMD2020/c9ixvi8_0.jpg,data_sources/ai_edited/IMD2020,ai_edited,1280,852,1.5023,JPEG,280235,e5afb6f24faf53641a0f455d7f3438d1,acb56a30ce9885035244bb350ef105dbcfef856b1248751ebf86a3b8a31f94bd,1.0,f5c08eb931935c47,ok,1119.180637246596,True,True,cluster_00358,test,/home/dheirav/Code/Deepfake_Detection/deepfake-project/dataset_builder/test/ai_edited/c9ixvi8_0.jpg
data_sources/ai_edited/IMD2020/c9ixvz6_0.jpg,data_sources/ai_edited/IMD2020,ai_edited,730,450,1.6222,JPEG,85210,198db9c70508d73d544bf6eb6bf5efb8,1a780ac2f4ea530bfc066616eeec12e75b52c65ba9fbf54c980c7c1bf8eed538,1.0,8a796d161fb86625,ok,658.5177809653584,True,True,cluster_01289,test,/home/dheirav/Code/Deepfake_Detection/deepfake-project/dataset_builder/test/ai_edited/c9ixvz6_0.jpg
data_sources/ai_edited/IMD2020/c9ixwnp_0.jpg,data_sources/ai_edited/IMD2020,ai_edited,800,536,1.4925,JPEG,251977,f48d76e0b81a4b494e21595da25ddddd,f4c533a83e8306efcebf9a523c540f9357ba7b1c8df0407fe7b455275d487a1a,1.0,c0c43f37f4e59131,ok,197.7298022744617,True,True,cluster_01089,test,/home/dheirav/Code/Deepfake_Detection/deepfake-project/dataset_builder/test/ai_edited/c9ixwnp_0.jpg
data_sources/ai_edited/IMD2020/c9iy8fs_0.jpg,data_sources/ai_edited/IMD2020,ai_edited,494,581,0.8503,JPEG,87977,a35f3f9b77311a43a7d42e6dba3946b8,87c81c5e62a892a754740fa80bf3b0da2dc14651e147a42a2ecebd4bf32b9191,1.0,9381a0f5ce80f9fc,ok,198.28096320762174,True,True,cluster_01368,test,/home/dheirav/Code/Deepfake_Detection/deepfake-project/dataset_builder/test/ai_edited/c9iy8fs_0.jpg
data_sources/ai_edited/IMD2020/c9j64u7_0.jpg,data_sources/ai_edited/IMD2020,ai_edited,1276,851,1.4994,JPEG,239580,7630cff36f49458e4286012a4305efba,53f5fb18287e98ed3e9915ee065e81080d0d0cc4e940a96e4bc6290497df5697,1.0,c090abfd17e26ac9,ok,772.6630158575063,True,True,cluster_00360,test,/home/dheirav/Code/Deepfake_Detection/deepfake-project/dataset_builder/test/ai_edited/c9j64u7_0.jpg
data_sources/ai_edited/IMD2020/c9j6as6_0.jpg,data_sources/ai_edited/IMD2020,ai_edited,469,700,0.67,JPEG,205771,73e862745848cdd920175a5e7d7dd758,57e9ea38b98aedc30e7f570dddcf66d0e7ad0577449a45c6f9bbc3de7fb962f0,1.0,9f1ae42c73383671,ok,237.10276897779377,True,True,cluster_01290,test,/home/dheirav/Code/Deepfake_Detection/deepfake-project/dataset_builder/test/ai_edited/c9j6as6_0.jpg
data_sources/ai_edited/IMD2020/c9j6j6z_0.jpg,data_sources/ai_edited/IMD2020,ai_edited,1280,853,1.5006,JPEG,257591,431e07d44874a0c97691309fd592b5be,32648636b81db47fdce3dfa865be2a2096b3914c8a451c4872505ad240d5c617,1.0,c0b1afec36ec4cc1,ok,275.51005050789644,True,True,cluster_00355,test,/home/dheirav/Code/Deepfake_Detection/deepfake-project/dataset_builder/test/ai_edited/c9j6j6z_0.jpg
data_sources/ai_edited/IMD2020/c9je6ik_0.jpg,data_sources/ai_edited/IMD2020,ai_edited,2485,1944,1.2783,JPEG,534358,5180a088b3f26f27c2cb46e29e10eb65,aa11add6895a63e23a8230a83f356a5313723db46ff6e71c903d5e2324045201,1.0,807b955f67676025,ok,182.85578119617549,True,True,cluster_00033,test,/home/dheirav/Code/Deepfake_Detection/deepfake-project/dataset_builder/test/ai_edited/c9je6ik_0.jpg
data_sources/ai_edited/IMD2020/c9jmyul_0.jpg,data_sources/ai_edited/IMD2020,ai_edited,960,720,1.3333,JPEG,256452,0da78d6fa3cd5afe045af8425df37d5c,cf992f3b0dc6fd5482a0d2ebd6fc44fb2257427486f6aa944e6660e35ce705da,1.0,b6858936e6e619c9,ok,618.5712276314923,True,True,cluster_00661,test,/home/dheirav/Code/Deepfake_Detection/deepfake-project/dataset_builder/test/ai_edited/c9jmyul_0.jpg
data_sources/ai_edited/IMD2020/c9jnza3_0.jpg,data_sources/ai_edited/IMD2020,ai_edited,748,492,1.5203,JPEG,93300,83897fcd4010670c7e2691ff8bacf377,ce013dbf0f6729de17dec20799afbea403cf795eb3b60057552390daca2c6263,1.0,926deae4c956859a,ok,212.5747222834524,True,True,cluster_01200,test,/home/dheirav/Code/Deepfake_Detection/deepfake-project/dataset_builder/test/ai_edited/c9jnza3_0.jpg
data_sources/ai_edited/IMD2020/c9jqa49_0.jpg,data_sources/ai_edited/IMD2020,ai_edited,960,720,1.3333,JPEG,205033,4bc66f5fd65a2c57c932c4f75ed84de6,410e16e9faa5b27797726caca6510c348c47f086f477e9436cb209b2f4550541,1.0,991b2675c5cb3b05,ok,684.9159382773296,True,True,cluster_00674,test,/home/dheirav/Code/Deepfake_Detection/deepfake-project/dataset_builder/test/ai_edited/c9jqa49_0.jpg
data_sources/ai_edited/IMD2020/c9jqgc7_0.jpg,data_sources/ai_edited/IMD2020,ai_edited,1774,1013,1.7512,JPEG,286911,cf0684ccf1b811b9dfbeb4a1ba75afa1,81a3924b83492de27a9f395a81461f01e2154ad9101fac4c151664b0d2351daf,1.0,886ce39b787916c6,ok,145.2899030879241,True,True,cluster_00206,test,/home/dheirav/Code/Deepfake_Detection/deepfake-project/dataset_builder/test/ai_edited/c9jqgc7_0.jpg
data_sources/ai_edited/IMD2020/c9k2t5d_0.jpg,data_sources/ai_edited/IMD2020,ai_edited,1377,1627,0.8463,JPEG,608118,8dc80c2108a335e415b1ee8eaf4d594c,bdc8c0913505a0daf0844eda04d818662de35203480202b8dd4e27bdc32fe33f,1.0,ccca23b87227ee51,ok,3930.9325849632237,True,True,cluster_00133,test,/home/dheirav/Code/Deepfake_Detection/deepfake-project/dataset_builder/test/ai_edited/c9k2t5d_0.jpg
data_sources/ai_edited/IMD2020/c9k4d7o_0.jpg,data_sources/ai_edited/IMD2020,ai_edited,480,480,1.0,JPEG,99330,3af23db16b0ef22a7e7f0ec12f0c180a,1d65be4bbed13c3de1573443403cf662a84cbe7cb1464b253d4ee062abade5d7,1.0,decc253e99c1e20e,ok,2461.8472597173995,True,True,cluster_01510,test,/home/dheirav/Code/Deepfake_Detection/deepfake-project/dataset_builder/test/ai_edited/c9k4d7o_0.jpg
data_sources/ai_edited/IMD2020/c9kdajw_0.png,data_sources/ai_edited/IMD2020,ai_edited,480,480,1.0,PNG,487356,9449640c087487807b77acac14085f12,313915d38715507105dd307d057d14e6e2f75ba1ab6cc5d244dc8c03f7f3f7e3,1.0,decc2d2a99d9c60a,ok,1790.8380521477593,True,True,cluster_01507,test,/home/dheirav/Code/Deepfake_Detection/deepfake-project/dataset_builder/test/ai_edited/c9kdajw_0.png
data_sources/ai_edited/IMD2020/c9klnxl_0.jpg,data_sources/ai_edited/IMD2020,ai_edited,800,573,1.3962,JPEG,119940,841401153c1c51ac9c6a467fe2b31e45,6e50b745b8429a75fa69b2ed2ba7516fcefd2fb008d5fa78457d01da462eb073,1.0,949c796e60c8759b,ok,497.66328958451356,True,True,cluster_01038,test,/home/dheirav/Code/Deepfake_Detection/deepfake-project/dataset_builder/test/ai_edited/c9klnxl_0.jpg
data_sources/ai_edited/IMD2020/c9klqw1_0.jpg,data_sources/ai_edited/IMD2020,ai_edited,1920,1080,1.7778,JPEG,409612,6f93f341e38026a24a79eaa12994f887,ce7c10a1225d3e37966ebcb34bc6a321a475c1067cf53262a024ed58aec7f86e,1.0,c2d515c03a9f55ab,ok,438.9803685936212,True,True,cluster_00154,test,/home/dheirav/Code/Deepfake_Detection/deepfake-project/dataset_builder/test/ai_edited/c9klqw1_0.jpg
data_sources/ai_edited/IMD2020/c9kw0f4_0.jpg,data_sources/ai_edited/IMD2020,ai_edited,634,540,1.1741,JPEG,57502,a672242f1116bfffdcd4c207dec69188,2fbd6f4285eee2a54dc9571cb481c2cec3e90ae07b195a0333abf5019a58302d,1.0,b31bc6c0c3e7e0f0,ok,258.527130246256,True,True,cluster_01255,test,/home/dheirav/Code/Deepfake_Detection/deepfake-project/dataset_builder/test/ai_edited/c9kw0f4_0.jpg
data_sources/ai_edited/IMD2020/c9kym5f_0.jpg,data_sources/ai_edited/IMD2020,ai_edited,956,637,1.5008,JPEG,129147,2c1696f6a36469371170e4fa39db1269,89dad35d1b7b62b8cc639ba6ae7bf65be1e5be22528ce5ea29736b7593b14ae2,1.0,86ec138b79e5263c,ok,104.04299807418718,True,True,cluster_00826,test,/home/dheirav/Code/Deepfake_Detection/deepfake-project/dataset_builder/test/ai_edited/c9kym5f_0.jpg
data_sources/ai_edited/IMD2020/c9kyq67_0.jpg,data_sources/ai_edited/IMD2020,ai_edited,720,960,0.75,JPEG,131346,772f000686705caa30f0cea2a12c8d63,86680c023f4a93151b181f061f3f1f34207b712212d0e9e91c819e880b3669a2,1.0,8ed661299a9e6761,ok,290.7409918680052,True,True,cluster_00698,test,/home/dheirav/Code/Deepfake_Detection/deepfake-project/dataset_builder/test/ai_edited/c9kyq67_0.jpg
data_sources/ai_edited/IMD2020/c9l2kg9_0.png,data_sources/ai_edited/IMD2020,ai_edited,500,672,0.744,PNG,430656,d763c3f90796434b7ccf4b68690b6e0b,18f8b21b326bb9675318cfab72b3129654ea09083d2a03136213a7766efd2146,1.0,8895c3ebfcd20b0b,ok,576.2177707380598,True,True,cluster_01274,test,/home/dheirav/Code/Deepfake_Detection/deepfake-project/dataset_builder/test/ai_edited/c9l2kg9_0.png
data_sources/ai_edited/IMD2020/c9l5ksv_0.jpg,data_sources/ai_edited/IMD2020,ai_edited,1200,865,1.3873,JPEG,277323,16a4df8b31ab962eb05e62992094fe28,8bced6d9984a050993e07cc82bd1e8d76c21b2e0fb9a8059165cdb28e35d304d,1.0,b8c7138cfea3c1b0,ok,322.64841562631193,True,True,cluster_00372,test,/home/dheirav/Code/Deepfake_Detection/deepfake-project/dataset_builder/test/ai_edited/c9l5ksv_0.jpg
data_sources/ai_edited/IMD2020/c9l5lkt_0.jpg,data_sources/ai_edited/IMD2020,ai_edited,1500,1081,1.3876,JPEG,399813,94c63c1ef7b8365d728f5530d314cf4b,507c1ac21f97450a319e88dbb83620db9238feba9231485a614cd7475db15842,1.0,b8ed338c7e23c4b0,ok,174.57458764294051,True,True,cluster_00239,test,/home/dheirav/Code/Deepfake_Detection/deepfake-project/dataset_builder/test/ai_edited/c9l5lkt_0.jpg
data_sources/ai_edited/IMD2020/c9l6bwf_0.jpg,data_sources/ai_edited/IMD2020,ai_edited,720,960,0.75,JPEG,246224,429b730c73dd1f759b4ecdd80c0f3ed4,1e059fe4cc544edb800da8c8bd46fac3e131faa2c9f40b1c0e80519da3be5053,1.0,d62d52123e3d34cb,ok,80.74579704479119,True,True,cluster_00663,test,/home/dheirav/Code/Deepfake_Detection/deepfake-project/dataset_builder/test/ai_edited/c9l6bwf_0.jpg
data_sources/ai_edited/IMD2020/c9l6nsf_0.jpg,data_sources/ai_edited/IMD2020,ai_edited,1500,1081,1.3876,JPEG,213140,c14b8c9069f6214f70635f82ddda7a72,e8058c78989c0cffea718af6c14e211e31ae6d1dfdea2fe2eaf2f15d71a01b4c,1.0,bbef138ccca3c0b0,ok,267.84929858757755,True,True,cluster_00243,test,/home/dheirav/Code/Deepfake_Detection/deepfake-project/dataset_builder/test/ai_edited/c9l6nsf_0.jpg
data_sources/ai_edited/IMD2020/c9l8asi_0.jpg,data_sources/ai_edited/IMD2020,ai_edited,600,432,1.3889,JPEG,239920,ba95d7e95e7850f265d54d2711e50e5f,1c192a80acc8e5a14c15c1b8ff5830c6f204ba89d89807ba74ff0b744560ebf2,1.0,bacd138c7ea3c1b0,ok,572.7046292809636,True,True,cluster_01442,test,/home/dheirav/Code/Deepfake_Detection/deepfake-project/dataset_builder/test/ai_edited/c9l8asi_0.jpg
data_sources/ai_edited/IMD2020/c9laeqh_0.jpg,data_sources/ai_edited/IMD2020,ai_edited,482,720,0.6694,JPEG,140874,4880ec7d0e395242efa02423241ea2f3,8249da5216763c8581e02d34bf17d2b88ba0db2bb17bc54ed3f2d9a7f54c9436,1.0,bda322ec6eb1881e,ok,346.27657618418556,True,True,cluster_01235,test,/home/dheirav/Code/Deepfake_Detection/deepfake-project/dataset_builder/test/ai_edited/c9laeqh_0.jpg
data_sources/ai_edited/IMD2020/c9lat0v_0.jpg,data_sources/ai_edited/IMD2020,ai_edited,600,415,1.4458,JPEG,130579,70a32032369a7f937bca812d8c364d2f,237046e1c0fafb7eb95365c0cd9592c8bba54960a62948527995da9f8bf78da0,1.0,b5431ef8f8946895,ok,496.160446405558,True,True,cluster_01454,test,/home/dheirav/Code/Deepfake_Detection/deepfake-project/dataset_builder/test/ai_edited/c9lat0v_0.jpg
data_sources/ai_edited/IMD2020/c9lazy2_0.jpg,data_sources/ai_edited/IMD2020,ai_edited,1500,1081,1.3876,JPEG,214668,5e27a1fc5712d303cbb2e4c19aba5f09,fd5a29be4c9de756070693f867792fed818df39170a051e5311d4d6ed2d09271,1.0,bacd128c7ea3c3b0,ok,192.8372364621578,True,True,cluster_00242,test,/home/dheirav/Code/Deepfake_Detection/deepfake-project/dataset_builder/test/ai_edited/c9lazy2_0.jpg
data_sources/ai_edited/IMD2020/c9lkxdi_0.png,data_sources/ai_edited/IMD2020,ai_edited,1600,1147,1.3949,PNG,2338839,28288df74c19a28648ad9f9418874f7e,19a30fa7bbc0cd6d4630f674e58c399d94deaa1416c79c0c49edc465fde1d4c0,1.0,8baca796d643c1e2,ok,644.4453448245732,True,True,cluster_00200,test,/home/dheirav/Code/Deepfake_Detection/deepfake-project/dataset_builder/test/ai_edited/c9lkxdi_0.png
data_sources/ai_edited/IMD2020/c9ll7hu_0.jpg,data_sources/ai_edited/IMD2020,ai_edited,1507,1080,1.3954,JPEG,302641,d4340c7638814c992920fd4a23204222,efcc2480068ac4111f6e63e26d56c714147c2e0804141493acef1fab18087d16,1.0,869b8d864b47c5e3,ok,672.439572575168,True,True,cluster_00236,test,/home/dheirav/Code/Deepfake_Detection/deepfake-project/dataset_builder/test/ai_edited/c9ll7hu_0.jpg
data_sources/ai_edited/IMD2020/c9ll8td_0.jpg,data_sources/ai_edited/IMD2020,ai_edited,500,484,1.0331,JPEG,84107,d626834788afb2c93c9e6cdc9233f76a,44f37f022f57d5fe342ad107e64538f6f6fb700a01450b42bfe12e3879034609,1.0,ede3991ae6a65109,ok,690.2993231315997,True,True,cluster_01463,test,/home/dheirav/Code/Deepfake_Detection/deepfake-project/dataset_builder/test/ai_edited/c9ll8td_0.jpg
data_sources/ai_edited/IMD2020/c9lmn3m_0.jpg,data_sources/ai_edited/IMD2020,ai_edited,1600,1059,1.5109,JPEG,548775,e8a03f695a5ed7288aef418378811e30,d543b64d7bf2499570f5d73f3206cefeb95b79c95eb7eef93bef81bde5701406,1.0,d5979a83cfa4e421,ok,534.6333289744194,True,True,cluster_00226,test,/home/dheirav/Code/Deepfake_Detection/deepfake-project/dataset_builder/test/ai_edited/c9lmn3m_0.jpg
data_sources/ai_edited/IMD2020/c9lnp9v_0.jpg,data_sources/ai_edited/IMD2020,ai_edited,1936,2592,0.7469,JPEG,546778,112f5f8c72e6ab2c83ca48064ba216ea,6c016058f00bf41666c6d19dd02a39136b23cd4254dd41594c4be964f2b440e0,1.0,c7e7383f616212d8,ok,107.28777355547962,True,True,cluster_00028,test,/home/dheirav/Code/Deepfake_Detection/deepfake-project/dataset_builder/test/ai_edited/c9lnp9v_0.jpg
data_sources/ai_edited/IMD2020/c9lon94_0.png,data_sources/ai_edited/IMD2020,ai_edited,850,637,1.3344,PNG,332016,15920af1e0155bc71649b0ba5adba614,a4c886d0cb0748f5dd26c8020afd12d7836e65c0d9bf4c2b925d05bd145133dd,1.0,b2c7ce30d99d30c9,ok,191.60223471363497,True,True,cluster_00911,test,/home/dheirav/Code/Deepfake_Detection/deepfake-project/dataset_builder/test/ai_edited/c9lon94_0.png
data_sources/ai_edited/IMD2020/c9lqual_0.jpg,data_sources/ai_edited/IMD2020,ai_edited,1000,667,1.4993,JPEG,140583,94ef0729c2cfea1beb7a6a642e51f9d6,efbd502f8c71fa2e4dc5193a907965d82e5475083ba29763ef9f216cf085628b,1.0,b19f8c664756189b,ok,591.0572067946476,True,True,cluster_00731,test,/home/dheirav/Code/Deepfake_Detection/deepfake-project/dataset_builder/test/ai_edited/c9lqual_0.jpg
data_sources/ai_edited/IMD2020/c9lqv7f_0.jpg,data_sources/ai_edited/IMD2020,ai_edited,1400,933,1.5005,JPEG,315848,948776c954029faf6349a54c5c9c561c,06b6884ecbb4659db20c1d229a134c23c1a44e70f24dde78d02d787677e93226,1.0,b6a68899596c66e3,ok,214.01182041480214,True,True,cluster_00298,test,/home/dheirav/Code/Deepfake_Detection/deepfake-project/dataset_builder/test/ai_edited/c9lqv7f_0.jpg
data_sources/ai_edited/IMD2020/c9lqv8m_0.jpg,data_sources/ai_edited/IMD2020,ai_edited,1116,800,1.395,JPEG,304897,6ed7ef62c28ec1d904faea06d17ee13d,fb6c7f2b8c1801a6d73f6f7745e6478ebc25efc7a62bebfcf50bab32f6729931,1.0,86bb83864b47c5e6,ok,2377.5878060079,True,True,cluster_00464,test,/home/dheirav/Code/Deepfake_Detection/deepfake-project/dataset_builder/test/ai_edited/c9lqv8m_0.jpg
data_sources/ai_edited/IMD2020/c9lqz29_0.jpg,data_sources/ai_edited/IMD2020,ai_edited,1024,576,1.7778,JPEG,90977,81206726331b700ba86df0226e881cc0,f20108b5cfbe74f90284dc8e663b0a502c0916ece5df502f139542c2012a2619,1.0,8d49ca35c28ddd0f,ok,768.1205703474375,True,True,cluster_00856,test,/home/dheirav/Code/Deepfake_Detection/deepfake-project/dataset_builder/test/ai_edited/c9lqz29_0.jpg
data_sources/ai_edited/IMD2020/c9ls62j_0.jpg,data_sources/ai_edited/IMD2020,ai_edited,599,900,0.6656,JPEG,296612,2d272853f1cf4791fc5707a306fb228c,73e076587d3b4e16777e3710c8b94aa8e9cc3b9e2752bc619d16d8e49fe347c7,1.0,874f7ba5e472900b,ok,1414.1340120749076,True,True,cluster_00921,test,/home/dheirav/Code/Deepfake_Detection/deepfake-project/dataset_builder/test/ai_edited/c9ls62j_0.jpg
data_sources/ai_edited/IMD2020/c9lslic_0.jpg,data_sources/ai_edited/IMD2020,ai_edited,424,565,0.7504,JPEG,113415,8532c0adbbe778200b5aecb6e79bd8a1,6f832c7da43b1dd8dcb87addb2dd036e43d0eb27efdf3ca9c14a47c320841a65,1.0,8b0db51bca27f14a,ok,1453.7782226392624,True,True,cluster_01486,test,/home/dheirav/Code/Deepfake_Detection/deepfake-project/dataset_builder/test/ai_edited/c9lslic_0.jpg
data_sources/ai_edited/IMD2020/c9lvqgs_0.jpg,data_sources/ai_edited/IMD2020,ai_edited,786,525,1.4971,JPEG,56370,76fa27cb25e2d43599cefd6e584b3cca,005b1e564c9e443023f99fcf228b978103cfe7dd5dd47845023b9acb2c523c21,1.0,b28f8932474cd8db,ok,640.3370146999129,True,True,cluster_01119,test,/home/dheirav/Code/Deepfake_Detection/deepfake-project/dataset_builder/test/ai_edited/c9lvqgs_0.jpg
data_sources/ai_edited/IMD2020/c9lyit5_0.jpg,data_sources/ai_edited/IMD2020,ai_edited,535,800,0.6687,JPEG,124520,56df6f9a8ec2c0659ed1d54fb66c7a84,a79f74edcb1f0e7b3657d0570c656efe3ba68d913a30ef31b442542de650f1e7,1.0,d15be46462dc9b1c,ok,9193.838845981478,True,True,cluster_01092,test,/home/dheirav/Code/Deepfake_Detection/deepfake-project/dataset_builder/test/ai_edited/c9lyit5_0.jpg
data_sources/ai_edited/IMD2020/c9m2mgp_0.jpg,data_sources/ai_edited/IMD2020,ai_edited,720,540,1.3333,JPEG,42336,999b73be4c12c7edc691d68e9f1e898a,1a5f93d9c4f3815016c00e6e9e6c4d7d42891d23b3fff3f12dec3b5edd87cb09,1.0,94949bf3624b5935,ok,256.5268661645876,True,True,cluster_01164,test,/home/dheirav/Code/Deepfake_Detection/deepfake-project/dataset_builder/test/ai_edited/c9m2mgp_0.jpg
data_sources/ai_edited/IMD2020/c9m8hr9_0.png,data_sources/ai_edited/IMD2020,ai_edited,428,640,0.6687,PNG,749209,236b750bc691ad024743df99e9ff8c51,decfb1ceb5663da1e48c51b4464cdea3a34ec91762b6252a26803eb686e3179d,1.0,d96be3e4621a9c58,ok,5574.898716719327,True,True,cluster_01389,test,/home/dheirav/Code/Deepfake_Detection/deepfake-project/dataset_builder/test/ai_edited/c9m8hr9_0.png
data_sources/ai_edited/IMD2020/c9mf0b8_0.png,data_sources/ai_edited/IMD2020,ai_edited,800,614,1.3029,PNG,449445,36358a82d56002d3596ac00b34549264,2274068ab8d532c18a4568ea559adb56b6c0e6b4479bb9c726d010095bf2fa42,1.0,cf39302666d3cb98,ok,126.21493484610912,True,True,cluster_00985,test,/home/dheirav/Code/Deepfake_Detection/deepfake-project/dataset_builder/test/ai_edited/c9mf0b8_0.png
data_sources/ai_edited/IMD2020/c9mf9lg_0.jpg,data_sources/ai_edited/IMD2020,ai_edited,1024,717,1.4282,JPEG,195063,5475c77da0184e461f7d0928d81fd992,f8d6fccfa4230dae1b14433302932fd207c4cd3f065f5765baa48c02372c9275,1.0,bfd5c141ca2e443d,ok,1369.9218709087536,True,True,cluster_00597,test,/home/dheirav/Code/Deepfake_Detection/deepfake-project/dataset_builder/test/ai_edited/c9mf9lg_0.jpg
data_sources/ai_edited/IMD2020/c9mgqt3_0.jpg,data_sources/ai_edited/IMD2020,ai_edited,876,640,1.3687,JPEG,172026,fbc27ed77877bb30b328c2fc8ba3cd23,120807f1cd52b5bb3a4c5937e91cba464d9bdd9636653630ad03c5d9069bdfba,1.0,bb95d030d57b062e,ok,1546.5077938716563,True,True,cluster_00888,test,/home/dheirav/Code/Deepfake_Detection/deepfake-project/dataset_builder/test/ai_edited/c9mgqt3_0.jpg
data_sources/ai_edited/IMD2020/c9mic78_0.jpg,data_sources/ai_edited/IMD2020,ai_edited,959,671,1.4292,JPEG,83942,eff499b806f5df17828ea63830709008,9565ad107fbed672d5d04fb9a25b2d21e9247fb3c1ce8c44685bddd9cb217651,1.0,bbd5c105ce2a443f,ok,783.1199930560645,True,True,cluster_00770,test,/home/dheirav/Code/Deepfake_Detection/deepfake-project/dataset_builder/test/ai_edited/c9mic78_0.jpg
data_sources/ai_edited/IMD2020/c9ml96z_0.jpg,data_sources/ai_edited/IMD2020,ai_edited,1024,717,1.4282,JPEG,193158,24fc9b4c1a27a50bc59c3dc067973455,5e3995dc72561cfda3012eba88d98f775b4b308084f1347f85b51132248d7a7c,1.0,bb95c145ca2e143f,ok,1365.8587688995137,True,True,cluster_00598,test,/home/dheirav/Code/Deepfake_Detection/deepfake-project/dataset_builder/test/ai_edited/c9ml96z_0.jpg
data_sources/ai_edited/IMD2020/c9mriaz_0.jpg,data_sources/ai_edited/IMD2020,ai_edited,1024,717,1.4282,JPEG,203231,c8970d37c4fb806f5de00ddf9490614a,9fb41f607f7e7a1caf9c265dc3a875a0e4a733fb9622161826e62038de3577a0,1.0,bbd0e50c9a6a413f,ok,2163.389448741053,True,True,cluster_00595,test,/home/dheirav/Code/Deepfake_Detection/deepfake-project/dataset_builder/test/ai_edited/c9mriaz_0.jpg
data_sources/ai_edited/IMD2020/c9mvlue_0.jpg,data_sources/ai_edited/IMD2020,ai_edited,1024,717,1.4282,JPEG,191076,f0506ddaaff7ee46bda03c11b9369c86,da2611be834d303f9d3f882f8d04c92cb0de9f48d8daf1b8577ef7f25190524a,1.0,bf95c141ca2a453f,ok,1313.2544033709241,True,True,cluster_00599,test,/home/dheirav/Code/Deepfake_Detection/deepfake-project/dataset_builder/test/ai_edited/c9mvlue_0.jpg
data_sources/ai_edited/IMD2020/c9n0zlx_0.jpg,data_sources/ai_edited/IMD2020,ai_edited,620,372,1.6667,JPEG,133764,19af197e23a97762d1e61087e23c9f7b,fa6aea1a1d9ad34ac411a3995c3dd40d8a7a19501ee221bfe8ec67c1a53c161b,1.0,b6744053d944e7ec,ok,1430.8676399489173,True,True,cluster_01506,test,/home/dheirav/Code/Deepfake_Detection/deepfake-project/dataset_builder/test/ai_edited/c9n0zlx_0.jpg
data_sources/ai_edited/IMD2020/c9n6ne8_0.jpg,data_sources/ai_edited/IMD2020,ai_edited,1650,1449,1.1387,JPEG,237114,3743769741f000615683e9d646447e52,ac4f175e355f5a22f2348dac0e30375d481d062d94e6985533f26a0778549e01,1.0,b3b05c0cc74e8df2,ok,459.8806242912795,True,True,cluster_00112,test,/home/dheirav/Code/Deepfake_Detection/deepfake-project/dataset_builder/test/ai_edited/c9n6ne8_0.jpg
data_sources/ai_edited/IMD2020/c9nau5v_0.jpg,data_sources/ai_edited/IMD2020,ai_edited,929,1170,0.794,JPEG,178374,00fb928bb2763c87270e18e0bcea30be,cc3eb07bd3036a81b59d630081a5147f2d351c63104a5ebcd6b6d41dc4c44696,1.0,bf3f829a3d22c2a1,ok,461.5816718557586,True,True,cluster_00359,test,/home/dheirav/Code/Deepfake_Detection/deepfake-project/dataset_builder/test/ai_edited/c9nau5v_0.jpg
data_sources/ai_edited/IMD2020/c9nb0ph_0.jpg,data_sources/ai_edited/IMD2020,ai_edited,683,1024,0.667,JPEG,257278,cbbdc2b17553c73d2aded5a1d1a1de77,e5bb73e393d4134a611bc6c18823af7bb6ac63f1cdba3a86579c3bbfbb70d7b9,1.0,99e64e788374c9b2,ok,610.5108662829371,True,True,cluster_00640,test,/home/dheirav/Code/Deepfake_Detection/deepfake-project/dataset_builder/test/ai_edited/c9nb0ph_0.jpg
data_sources/ai_edited/IMD2020/c9nds5g_0.jpg,data_sources/ai_edited/IMD2020,ai_edited,1500,1000,1.5,JPEG,190081,6107c206b6aa4a679cbe1095a9aba0e8,7a8356e9a3899a8818fc339293a700b6911bc7ba0cc68c59ec8687e8a9d0aeee,1.0,d04b0e674f9c499e,ok,488.7021526185597,True,True,cluster_00264,test,/home/dheirav/Code/Deepfake_Detection/deepfake-project/dataset_builder/test/ai_edited/c9nds5g_0.jpg
data_sources/ai_edited/IMD2020/c9njsph_0.jpg,data_sources/ai_edited/IMD2020,ai_edited,543,362,1.5,JPEG,78140,2968b5c4586926886e2a2a6b2156c7ba,bd601be45165c1a5950298d521609f8f59966bda441d5f2b01fb110184fddc8a,1.0,e3919ac294389be7,ok,1635.653938057847,True,True,cluster_01560,test,/home/dheirav/Code/Deepfake_Detection/deepfake-project/dataset_builder/test/ai_edited/c9njsph_0.jpg
data_sources/ai_edited/IMD2020/c9nk828_0.jpg,data_sources/ai_edited/IMD2020,ai_edited,2272,1704,1.3333,JPEG,532215,7088c9bb6407424890b2a505cdd6be61,24c64c44e1c079eaf789be021eaa9f5142aa97f207fe493622e87ca7f6e663a7,1.0,c53942c3bdc963f0,ok,556.0686625759412,True,True,cluster_00054,test,/home/dheirav/Code/Deepfake_Detection/deepfake-project/dataset_builder/test/ai_edited/c9nk828_0.jpg
data_sources/ai_edited/IMD2020/c9nkbnj_0.jpg,data_sources/ai_edited/IMD2020,ai_edited,576,384,1.5,JPEG,120070,a28962630b702990c94a4c1a24d8042c,dbdb9dc5e6e8b9150e17628d0318e07ac72c7874823d88fd7a164b6f7010de42,1.0,c13e33a9dc639d0c,ok,1949.570931014619,True,True,cluster_01537,test,/home/dheirav/Code/Deepfake_Detection/deepfake-project/dataset_builder/test/ai_edited/c9nkbnj_0.jpg
data_sources/ai_edited/IMD2020/c9nknvd_0.png,data_sources/ai_edited/IMD2020,ai_edited,700,672,1.0417,PNG,554955,3d3fb5d45223fd316aca8dd485655ecd,bf2c01dab5c4a9b1c5025d9266122f270ad9cc27d145a8463e7c2a0f180b9357,1.0,cba57673510e2333,ok,142.0023660137224,True,True,cluster_01021,test,/home/dheirav/Code/Deepfake_Detection/deepfake-project/dataset_builder/test/ai_edited/c9nknvd_0.png
data_sources/ai_edited/IMD2020/c9nl77k_0.jpg,data_sources/ai_edited/IMD2020,ai_edited,1078,900,1.1978,JPEG,109197,7c690df4180fac8cc03644548ba52229,6579f34801bc40e7b1630f9eab2d38544ba6f9cdcf95ffc8161fce1dbc50d2e0,1.0,853a6be41dfa6885,ok,90.96970471547053,True,True,cluster_00397,test,/home/dheirav/Code/Deepfake_Detection/deepfake-project/dataset_builder/test/ai_edited/c9nl77k_0.jpg
data_sources/ai_edited/IMD2020/c9nma8l_0.jpg,data_sources/ai_edited/IMD2020,ai_edited,1280,800,1.6,JPEG,283122,c00db80ec3789743f9947d880be9a8dd,53f2a8c74c127da179f7387d6945e3ffcfb0a6c16ecc806d17f190bb0dc5bf2e,1.0,9390e27b98596c3e,ok,250.90769064403437,True,True,cluster_00379,test,/home/dheirav/Code/Deepfake_Detection/deepfake-project/dataset_builder/test/ai_edited/c9nma8l_0.jpg
data_sources/ai_edited/IMD2020/c9nmqfd_0.jpg,data_sources/ai_edited/IMD2020,ai_edited,500,667,0.7496,JPEG,155000,8fbebce3cfa48d88f6b45a45e736196b,5f89d97f57981ff352e60badad62fe2b6ca6a292586b4f8fb36e52e784692644,1.0,c1f0b8dc9f1a0b53,ok,423.41480003811284,True,True,cluster_01280,test,/home/dheirav/Code/Deepfake_Detection/deepfake-project/dataset_builder/test/ai_edited/c9nmqfd_0.jpg
data_sources/ai_edited/IMD2020/c9npg11_0.jpg,data_sources/ai_edited/IMD2020,ai_edited,1920,1080,1.7778,JPEG,276403,5c7109aa5d3d0a6ff36f50937b792143,498d0072a96a2c9d203c9f25f9c79dd06f80ece7cb366c2f3e59b973133dac20,1.0,8682b96d72f1696c,ok,583.688725170193,True,True,cluster_00160,test,/home/dheirav/Code/Deepfake_Detection/deepfake-project/dataset_builder/test/ai_edited/c9npg11_0.jpg
data_sources/ai_edited/IMD2020/c9nra1a_0.jpg,data_sources/ai_edited/IMD2020,ai_edited,1587,1043,1.5216,JPEG,432159,2a54dd16e52144f7fe8e0d67484ddf3e,29ea8a1f0718a8036275bd07bc87f0bf623b68bb982a5caf8f341a18dda2bf18,1.0,ad58de3d8db8c141,ok,87.40003277531656,True,True,cluster_00234,test,/home/dheirav/Code/Deepfake_Detection/deepfake-project/dataset_builder/test/ai_edited/c9nra1a_0.jpg
data_sources/ai_edited/IMD2020/c9nu96c_0.jpg,data_sources/ai_edited/IMD2020,ai_edited,379,373,1.0161,JPEG,22894,7360097674436a11a26fb76ec765b6df,a88216f86ad7e2670abbdb9f7524ce30eef5aafaad1dc415a13e85887a39c191,1.0,b7dfc2c0f9d8081c,ok,398.9193900392111,True,True,cluster_01638,test,/home/dheirav/Code/Deepfake_Detection/deepfake-project/dataset_builder/test/ai_edited/c9nu96c_0.jpg
data_sources/ai_edited/IMD2020/c9nuy5u_0.jpg,data_sources/ai_edited/IMD2020,ai_edited,500,336,1.4881,JPEG,111406,3816bb7587fb5ed33913526dd392bc74,2b99ba53fae4de311215da1606f5ed511a409f236de185e66f40f92470600d00,1.0,e324a47bd961b0b6,ok,524.7830724480938,True,True,cluster_01609,test,/home/dheirav/Code/Deepfake_Detection/deepfake-project/dataset_builder/test/ai_edited/c9nuy5u_0.jpg
data_sources/ai_edited/IMD2020/c9nv7k9_0.png,data_sources/ai_edited/IMD2020,ai_edited,1271,703,1.808,PNG,591226,a050c0b6e85cb08095a1c56db8d3fd24,38e3ea0eb170b00ac4bd7d5c8c84d8384cd62b8464b5b186b7d0398a47a51c37,1.0,93d746d9d9245496,ok,106.63050336879914,True,True,cluster_00463,test,/home/dheirav/Code/Deepfake_Detection/deepfake-project/dataset_builder/test/ai_edited/c9nv7k9_0.png
data_sources/ai_edited/IMD2020/c9nvi4n_0.jpg,data_sources/ai_edited/IMD2020,ai_edited,468,367,1.2752,JPEG,77053,3f4b44fa3e0e52022cc98a4b54cd5d6b,e26fdbae0060486aa52ff2fcc257395045ce17a900eefb8f6fcd2abff073df53,1.0,d1e61b244ec6f139,ok,3457.028870871471,True,True,cluster_01603,test,/home/dheirav/Code/Deepfake_Detection/deepfake-project/dataset_builder/test/ai_edited/c9nvi4n_0.jpg
data_sources/ai_edited/IMD2020/c9nwfkt_0.jpg,data_sources/ai_edited/IMD2020,ai_edited,960,689,1.3933,JPEG,83553,73664be75397a2e250326b09aafa862f,5d9d2975c86f58e2471fad75eff57d4e4d867b559b012a89d759f688fdb8da46,1.0,b3ca6c9c4a67b198,ok,423.06528020882695,True,True,cluster_00751,test,/home/dheirav/Code/Deepfake_Detection/deepfake-project/dataset_builder/test/ai_edited/c9nwfkt_0.jpg
data_sources/ai_edited/IMD2020/c9nwr7t_0.jpg,data_sources/ai_edited/IMD2020,ai_edited,1489,1600,0.9306,JPEG,548350,958dd28fda46cd982af35303ae825114,ca38c4722081c816225ae1e6af8662cceb377afabc366251862c06e43e1645a3,1.0,dfd86366483570d1,ok,131.88626932894036,True,True,cluster_00113,test,/home/dheirav/Code/Deepfake_Detection/deepfake-project/dataset_builder/test/ai_edited/c9nwr7t_0.jpg
data_sources/ai_edited/IMD2020/c9nx3jn_0.jpg,data_sources/ai_edited/IMD2020,ai_edited,900,675,1.3333,JPEG,126936,547fcc10f11ac69d19b1ae1c0c43fa16,3294a73f58bddea1d89bd17822514c112ca3e5fa3cb8c337f6c8e0394cd00ef5,1.0,cd46141736b962ed,ok,347.6839123111964,True,True,cluster_00830,test,/home/dheirav/Code/Deepfake_Detection/deepfake-project/dataset_builder/test/ai_edited/c9nx3jn_0.jpg
data_sources/ai_edited/IMD2020/c9nxx81_0.png,data_sources/ai_edited/IMD2020,ai_edited,330,437,0.7551,PNG,80684,3f250de59048d408f223ebfd07a1d512,0071574b1600633f8524cb3eba1e74076e0e249c60a5da2125fa7f43f72ca906,1.0,ba3dd22dd20385ce,ok,448.76824076000275,True,True,cluster_01637,test,/home/dheirav/Code/Deepfake_Detection/deepfake-project/dataset_builder/test/ai_edited/c9nxx81_0.png
data_sources/ai_edited/IMD2020/c9nxy4w_0.png,data_sources/ai_edited/IMD2020,ai_edited,1500,1125,1.3333,PNG,455038,a75839772ace66b83b2f8fc058a5f7b0,e72d4e55daac1ba077fee8072f4ad851867b98a6e9cd00cbba23266abd456fad,1.0,b333999b8ccc64cc,ok,91.81471878236145,True,True,cluster_00228,test,/home/dheirav/Code/Deepfake_Detection/deepfake-project/dataset_builder/test/ai_edited/c9nxy4w_0.png
data_sources/ai_edited/IMD2020/c9o2ydg_0.jpg,data_sources/ai_edited/IMD2020,ai_edited,960,636,1.5094,JPEG,177136,abb298a959b701f56d3d6084bf179b63,1b29b06eb3e0bddbe4553c7ead2af804f91ddcdbd5b7a2ca6788f915306ff29f,1.0,e38c96f1130b6cdc,ok,251.89081079894623,True,True,cluster_00821,test,/home/dheirav/Code/Deepfake_Detection/deepfake-project/dataset_builder/test/ai_edited/c9o2ydg_0.jpg
data_sources/ai_edited/IMD2020/c9o3qze_0.jpg,data_sources/ai_edited/IMD2020,ai_edited,591,471,1.2548,JPEG,76138,9e0ddea8c5503a5be819728bbeae0541,015efbb06ede6922ead98918f604a6a314c55056e5a47828d4410ed9502b5d41,1.0,91f3333c3e48c3c3,ok,868.5207463263312,True,True,cluster_01378,test,/home/dheirav/Code/Deepfake_Detection/deepfake-project/dataset_builder/test/ai_edited/c9o3qze_0.jpg
data_sources/ai_edited/IMD2020/c9o5mjb_0.jpg,data_sources/ai_edited/IMD2020,ai_edited,960,636,1.5094,JPEG,91835,908ac41a742f485427296218bcb814fc,b7634985165e4a90fa0494fe503c15b63752b93015362b62039e3db631f2dfe2,1.0,e38e96f1130b6cd8,ok,213.68383544446266,True,True,cluster_00823,test,/home/dheirav/Code/Deepfake_Detection/deepfake-project/dataset_builder/test/ai_edited/c9o5mjb_0.jpg
data_sources/ai_edited/IMD2020/c9o85b2_0.png,data_sources/ai_edited/IMD2020,ai_edited,530,768,0.6901,PNG,590345,74b97145f287466f3811e68883944c6e,7063ae65801ace5be0c90b23ae4a5760cb02686cc6cfc904b9c8830e79691ad6,1.0,be9f8562c07988bc,ok,456.49372499052424,True,True,cluster_01127,test,/home/dheirav/Code/Deepfake_Detection/deepfake-project/dataset_builder/test/ai_edited/c9o85b2_0.png
data_sources/ai_edited/IMD2020/c9o87nu_0.jpg,data_sources/ai_edited/IMD2020,ai_edited,800,1067,0.7498,JPEG,280115,849f69f28e41eb91b688cdfab6e0672b,919a25122414c2dc7cd44d242b60d9e190a1e25f59e6aa943ffd85514963fcd1,1.0,fd4c533bc036c3a1,ok,616.5017591245928,True,True,cluster_00499,test,/home/dheirav/Code/Deepfake_Detection/deepfake-project/dataset_builder/test/ai_edited/c9o87nu_0.jpg
data_sources/ai_edited/IMD2020/c9o8vr7_0.jpg,data_sources/ai_edited/IMD2020,ai_edited,540,373,1.4477,JPEG,108809,6634b0232f1645b0b07e3983e79324bc,bd398dab43ec61a5f9a7469d1322556dd2efa06d60c6e2c231076418b82b57d2,1.0,aa49cd07b3252d97,ok,157.41780471340897,True,True,cluster_01556,test,/home/dheirav/Code/Deepfake_Detection/deepfake-project/dataset_builder/test/ai_edited/c9o8vr7_0.jpg
data_sources/ai_edited/IMD2020/c9oce7b_0.jpg,data_sources/ai_edited/IMD2020,ai_edited,634,931,0.681,JPEG,217560,a7c6e7b7a81fe883efb2b6a9ece112d7,e0cf027fcc9cbdafb7d254520575aac5eeea70cdcaf01f12a28d05fe1f7cdcad,1.0,d459cb2e589c26cb,ok,473.3854984413683,True,True,cluster_00848,test,/home/dheirav/Code/Deepfake_Detection/deepfake-project/dataset_builder/test/ai_edited/c9oce7b_0.jpg
data_sources/ai_edited/IMD2020/c9ockip_0.jpg,data_sources/ai_edited/IMD2020,ai_edited,648,448,1.4464,JPEG,141333,ce1b701baadc293c34b85ea87d59e4fa,641f09de9f8d67d4408826af28ec24b413f6f2a4af1ce4772b749f1c87633c79,1.0,f2cd96526d3056cc,ok,802.8356531916945,True,True,cluster_01363,test,/home/dheirav/Code/Deepfake_Detection/deepfake-project/dataset_builder/test/ai_edited/c9ockip_0.jpg
data_sources/ai_edited/IMD2020/c9ocul2_0.jpg,data_sources/ai_edited/IMD2020,ai_edited,425,624,0.6811,JPEG,111838,6c1591e17ab3844308f58c05c8c8c9d6,aacf6dc9e6e45c749f22822df6dbefd4956bafa1ddb526ca57ff938bf2e3c06d,1.0,d559cb2a59943687,ok,688.1732843601346,True,True,cluster_01429,test,/home/dheirav/Code/Deepfake_Detection/deepfake-project/dataset_builder/test/ai_edited/c9ocul2_0.jpg
data_sources/ai_edited/IMD2020/c9oinbz_0.jpg,data_sources/ai_edited/IMD2020,ai_edited,523,449,1.1648,JPEG,30171,ebc7aa51a72690aad2d85507448e0106,44e633689f7694a33f5d221567619e868431ba1716d5533a0cdcb5b935333f8f,1.0,c0cc3e839df4f191,ok,345.20449134069156,True,True,cluster_01497,test,/home/dheirav/Code/Deepfake_Detection/deepfake-project/dataset_builder/test/ai_edited/c9oinbz_0.jpg
data_sources/ai_edited/IMD2020/c9oviie_0.jpg,data_sources/ai_edited/IMD2020,ai_edited,600,300,2.0,JPEG,129407,e71bdc7d1a6afa40ea4c242979c4103d,18b0cf3b583d82d4b3832a9732e99830f25815c09eb60588ddcb135f9cc2a23e,1.0,cafcbd10d3463ac2,ok,1847.704445005432,True,True,cluster_01593,test,/home/dheirav/Code/Deepfake_Detection/deepfake-project/dataset_builder/test/ai_edited/c9oviie_0.jpg
data_sources/ai_edited/IMD2020/c9ozu20_0.jpg,data_sources/ai_edited/IMD2020,ai_edited,1500,967,1.5512,JPEG,276476,39e100a0ce7e8c2b59284cfcf3616ba9,d2b04868f72eb942429c9d0aa249ebb36348e7c7ca19bf3f4378400dece95c66,1.0,8be9c73961745626,ok,1166.4244226649541,True,True,cluster_00270,test,/home/dheirav/Code/Deepfake_Detection/deepfake-project/dataset_builder/test/ai_edited/c9ozu20_0.jpg
data_sources/ai_edited/IMD2020/c9p5bmr_0.jpg,data_sources/ai_edited/IMD2020,ai_edited,700,525,1.3333,JPEG,110127,7dcd3ebc47a8553e84fec5b3abf9bd3c,8e3f759e86327bed6f95c6b7f5a76fccabf14f1fa8279f595f6d11644acfbac0,1.0,ab9d9452ae5ed841,ok,699.1835304999508,True,True,cluster_01204,test,/home/dheirav/Code/Deepfake_Detection/deepfake-project/dataset_builder/test/ai_edited/c9p5bmr_0.jpg
data_sources/ai_edited/IMD2020/c9p6j5b_0.jpg,data_sources/ai_edited/IMD2020,ai_edited,800,600,1.3333,JPEG,61644,610e009de34465c3f49d6cc4f5dc6663,64d2988fd902e5b1ea9911d96da6d79870c6e9ac065ac9d8898f2b028e7b01ec,1.0,84c06f6ed2d79cc8,ok,398.99296144081603,True,True,cluster_01009,test,/home/dheirav/Code/Deepfake_Detection/deepfake-project/dataset_builder/test/ai_edited/c9p6j5b_0.jpg
data_sources/ai_edited/IMD2020/c9pged8_0.png,data_sources/ai_edited/IMD2020,ai_edited,600,400,1.5,PNG,372914,0eeefd066bbab5fade9d00d2bae6e4e4,f7ccc68033861dff8782860e2fa28fdd9f354b801c554e27169ce1c5a20c0523,1.0,f18c267349dcb0a7,ok,3667.151279651042,True,True,cluster_01473,test,/home/dheirav/Code/Deepfake_Detection/deepfake-project/dataset_builder/test/ai_edited/c9pged8_0.png
data_sources/ai_edited/IMD2020/c9pju0e_0.jpg,data_sources/ai_edited/IMD2020,ai_edited,640,960,0.6667,JPEG,173929,b76bf381c30258b8234e873777ee9d9b,46509bdb540c699622b5a954040a98f109ed20517726aec4958af40b1a5e1007,1.0,ccf9994dde469830,ok,362.97777879688476,True,True,cluster_00795,test,/home/dheirav/Code/Deepfake_Detection/deepfake-project/dataset_builder/test/ai_edited/c9pju0e_0.jpg
data_sources/ai_edited/IMD2020/c9plxty_0.png,data_sources/ai_edited/IMD2020,ai_edited,640,960,0.6667,PNG,714068,5e04c24188ea39a9234e7b0289a26b50,e7e6f750cbd238b162bc374a0fb690a5e8675dfcec28e3017bd6616a015fe88e,1.0,ccf1994fde469830,ok,265.70435862856704,True,True,cluster_00786,test,/home/dheirav/Code/Deepfake_Detection/deepfake-project/dataset_builder/test/ai_edited/c9plxty_0.png
data_sources/ai_edited/IMD2020/c9prwxt_0.png,data_sources/ai_edited/IMD2020,ai_edited,549,644,0.8525,PNG,365018,60192e26c10eebf378c0b03689c0ef6f,39989dc1d251c0a5f5450e6130d5f4537c7360fd3c8787380d989d5726801223,1.0,b6b44bb2a46a952b,ok,82.78669286307743,True,True,cluster_01223,test,/home/dheirav/Code/Deepfake_Detection/deepfake-project/dataset_builder/test/ai_edited/c9prwxt_0.png
data_sources/ai_edited/IMD2020/c9pur9b_0.jpg,data_sources/ai_edited/IMD2020,ai_edited,511,314,1.6274,JPEG,152875,b00b1c7ea224f4688595ddc2566f17cb,1e63bd66530c16c2fd0405e8183c435671aa5d148c9a6b89ec628350cd823dd0,1.0,ba172b4b645ccc4d,ok,2197.017706203796,True,True,cluster_01621,test,/home/dheirav/Code/Deepfake_Detection/deepfake-project/dataset_builder/test/ai_edited/c9pur9b_0.jpg
data_sources/ai_edited/IMD2020/c9q0f2e_0.png,data_sources/ai_edited/IMD2020,ai_edited,622,490,1.2694,PNG,439759,519feb0208aad8d51737237b0fa2d06e,e9dfe0ec6aca82262bc42c73c072cbab896365c96343509f731c3ac154d97178,1.0,f2010a6e37ab9d9c,ok,642.4586589467623,True,True,cluster_01345,test,/home/dheirav/Code/Deepfake_Detection/deepfake-project/dataset_builder/test/ai_edited/c9q0f2e_0.png
data_sources/ai_edited/IMD2020/c9qa0jn_0.jpg,data_sources/ai_edited/IMD2020,ai_edited,1516,2022,0.7498,JPEG,708998,a599a24e2f9f35c31dd36754c27a88f9,a14658a488f55ccab742fbd14e29589a7fb3f6bbc48ef126b26d16ce33a66c44,1.0,e4faebc184881cb7,ok,1791.737979728407,True,True,cluster_00075,test,/home/dheirav/Code/Deepfake_Detection/deepfake-project/dataset_builder/test/ai_edited/c9qa0jn_0.jpg
data_sources/ai_edited/IMD2020/c9qa804_0.jpg,data_sources/ai_edited/IMD2020,ai_edited,1859,1518,1.2246,JPEG,502539,00ed45908a47014beed10f8a2f16320e,ce1366c715e87afc37639cb9b79fd4d5142a72bf032a9b1420d0fc79dfa3734f,1.0,a4dacb31566aacd1,ok,124.82945296754853,True,True,cluster_00085,test,/home/dheirav/Code/Deepfake_Detection/deepfake-project/dataset_builder/test/ai_edited/c9qa804_0.jpg
data_sources/ai_edited/IMD2020/c9qbapf_0.jpg,data_sources/ai_edited/IMD2020,ai_edited,543,720,0.7542,JPEG,115947,f72490cd34c7efa09ff343a563eaa831,4ee1810bfac8785a367db8855d0232d4bdf205d2e98930bdfbbd02df33aaab5e,1.0,9a9e9e9e8c852565,ok,431.8615042209929,True,True,cluster_01153,test,/home/dheirav/Code/Deepfake_Detection/deepfake-project/dataset_builder/test/ai_edited/c9qbapf_0.jpg
data_sources/ai_edited/IMD2020/c9qbijq_0.jpg,data_sources/ai_edited/IMD2020,ai_edited,543,720,0.7542,JPEG,209248,487e4d6e3415135820995ca661667344,2def155690403db9d5bc6d905b0f9fe1d680e3beaf0e05dd606e9916149815f0,1.0,929c9e9e8c878d65,ok,502.23899433706265,True,True,cluster_01148,test,/home/dheirav/Code/Deepfake_Detection/deepfake-project/dataset_builder/test/ai_edited/c9qbijq_0.jpg
data_sources/ai_edited/IMD2020/c9qblv3_0.jpg,data_sources/ai_edited/IMD2020,ai_edited,543,720,0.7542,JPEG,121026,6b9fcf695d6f8dd5f0de2e4d0cbec7aa,d9341f4dece67e9bac7e393f403fcd6b5fcf82f5814a2a033105ef00c4fc3ec8,1.0,929c9a9a8ca6ed65,ok,342.54337982411477,True,True,cluster_01152,test,/home/dheirav/Code/Deepfake_Detection/deepfake-project/dataset_builder/test/ai_edited/c9qblv3_0.jpg
data_sources/ai_edited/IMD2020/c9qc61f_0.jpg,data_sources/ai_edited/IMD2020,ai_edited,1295,989,1.3094,JPEG,429740,b3e3106d9c7fb30758f94ce6052a86a8,91c94a3e9bffb2211a048a74db4efa73e3ce22c5227bb1ee6c05bf2ace661c77,1.0,86a5ecdaf99d4242,ok,597.2550112355385,True,True,cluster_00308,test,/home/dheirav/Code/Deepfake_Detection/deepfake-project/dataset_builder/test/ai_edited/c9qc61f_0.jpg
data_sources/ai_edited/IMD2020/c9qclh8_0.jpg,data_sources/ai_edited/IMD2020,ai_edited,960,689,1.3933,JPEG,120579,cc388d455d69e14dcbfd5ee0dace4297,2384e786fcac7ef02bb8bc62d5bc4f839ea1ea8298f7dd13a3551a204bd9facf,1.0,b2f6e09cdb4c83c2,ok,172.96345548621332,True,True,cluster_00750,test,/home/dheirav/Code/Deepfake_Detection/deepfake-project/dataset_builder/test/ai_edited/c9qclh8_0.jpg
data_sources/ai_edited/IMD2020/c9qct83_0.png,data_sources/ai_edited/IMD2020,ai_edited,543,720,0.7542,PNG,571661,31f10bb569bb8d4c98220c8f3426e8d0,2b4a6288f3d5f8f8fdaf29d9e1db7edafd5cd093b2c858e099917e375c449ba6,1.0,9e889e9e8c85857d,ok,550.9123765782771,True,True,cluster_01146,test,/home/dheirav/Code/Deepfake_Detection/deepfake-project/dataset_builder/test/ai_edited/c9qct83_0.png
data_sources/ai_edited/IMD2020/c9qfggr_0.jpg,data_sources/ai_edited/IMD2020,ai_edited,1024,768,1.3333,JPEG,182973,558611832ffa99a309733af7ba1d9156,2a29dad2576032ead7fb8f85c478f89ad8f5210c7e182a8a43b74728f5f208dc,1.0,c5a596c7939b061b,ok,780.1029735857868,True,True,cluster_00550,test,/home/dheirav/Code/Deepfake_Detection/deepfake-project/dataset_builder/test/ai_edited/c9qfggr_0.jpg
data_sources/ai_edited/IMD2020/c9qh57b_0.jpg,data_sources/ai_edited/IMD2020,ai_edited,1920,1080,1.7778,JPEG,421671,41cf8e87d4be4e326b52e4271dbcff51,6147fa89684fbeef1a2fbfcefb75c3d9e5487d55ad9eff2dacbdc1ddf57c0561,1.0,d5d564649b9b6264,ok,153.1895696059469,True,True,cluster_00152,test,/home/dheirav/Code/Deepfake_Detection/deepfake-project/dataset_builder/test/ai_edited/c9qh57b_0.jpg
data_sources/ai_edited/IMD2020/c9qhgpe_0.jpg,data_sources/ai_edited/IMD2020,ai_edited,600,400,1.5,JPEG,173374,0da1abc0d03a539ee3585bb097da8f66,44f2a2b07cc81d0e90bcc388cde9a1aa9aacbc8f99d8e0ff253c0c24bacff0b3,1.0,ba4094356d1b36ed,ok,254.17165222666668,True,True,cluster_01476,test,/home/dheirav/Code/Deepfake_Detection/deepfake-project/dataset_builder/test/ai_edited/c9qhgpe_0.jpg
data_sources/ai_edited/IMD2020/c9qjgce_0.jpg,data_sources/ai_edited/IMD2020,ai_edited,396,594,0.6667,JPEG,110793,efa0aa3924045bcc8e37006af1afdcce,72eaa93dc3f37e0e7d9c7be068e3fff22eb7b71b269adb106ef732e491385411,1.0,e6ceccf2998c8b09,ok,664.318257341588,True,True,cluster_01492,test,/home/dheirav/Code/Deepfake_Detection/deepfake-project/dataset_builder/test/ai_edited/c9qjgce_0.jpg
data_sources/ai_edited/IMD2020/c9ql7s0_0.jpg,data_sources/ai_edited/IMD2020,ai_edited,3125,1837,1.7011,JPEG,586353,3a982eabac53bbfca775e1b47f193cc6,a08eb743450a846da99057c4d198eaac4cdaf246bd02dd50e6a983fa2ffe5aad,1.0,d3b58e2ac54c9c96,ok,113.55990844340782,True,True,cluster_00019,test,/home/dheirav/Code/Deepfake_Detection/deepfake-project/dataset_builder/test/ai_edited/c9ql7s0_0.jpg
data_sources/ai_edited/IMD2020/c9qu9on_0.jpg,data_sources/ai_edited/IMD2020,ai_edited,635,422,1.5047,JPEG,174141,466672792567129ecf22ee87b04128b6,1db7d616d64414661263306499db8f5dfd0096fcdbb3d27241b4043bbb51e3d3,1.0,9d63045ebe6e3185,ok,714.4567955404485,True,True,cluster_01422,test,/home/dheirav/Code/Deepfake_Detection/deepfake-project/dataset_builder/test/ai_edited/c9qu9on_0.jpg
data_sources/ai_edited/IMD2020/c9qvtyc_0.jpg,data_sources/ai_edited/IMD2020,ai_edited,635,422,1.5047,JPEG,50993,97366600c0a73bb1eedb157d54a4b6da,6ff72af0eb464afbfc51e40a416a7d30bc4d46fcd633eead20f6401776109474,1.0,9d63005ebe7c7185,ok,494.3815347423045,True,True,cluster_01424,test,/home/dheirav/Code/Deepfake_Detection/deepfake-project/dataset_builder/test/ai_edited/c9qvtyc_0.jpg
data_sources/ai_edited/IMD2020/c9qwcfj_0.jpg,data_sources/ai_edited/IMD2020,ai_edited,635,422,1.5047,JPEG,134937,e66152cd700668a12d8fe8a21fcf0dc0,deee0494e6cb6c5ebe71ada86608b08c25d9934ffe74b6c2859bd808069a7ad8,1.0,9f63045ebe6c3185,ok,442.91505285127954,True,True,cluster_01423,test,/home/dheirav/Code/Deepfake_Detection/deepfake-project/dataset_builder/test/ai_edited/c9qwcfj_0.jpg
data_sources/ai_edited/IMD2020/c9qxrer_0.png,data_sources/ai_edited/IMD2020,ai_edited,635,422,1.5047,PNG,372138,22b5e7ea79c13e4fdac453ae1aa16f43,3497bf2ecaa07d6e106c453c72c64552731578c90f68579103a85eaa92cd4389,1.0,c93d21c63e4c71e5,ok,493.4745369409518,True,True,cluster_01421,test,/home/dheirav/Code/Deepfake_Detection/deepfake-project/dataset_builder/test/ai_edited/c9qxrer_0.png
data_sources/ai_edited/IMD2020/c9qyul2_0.jpg,data_sources/ai_edited/IMD2020,ai_edited,417,386,1.0803,JPEG,36086,05885c96c8e294d5d459f91692081253,126b4be6f4c44f594e59b511f24b68e11d137a53ad7960f5dc2c1e2326717efb,1.0,ab74c5e5060ece3a,ok,397.2002832966787,True,True,cluster_01620,test,/home/dheirav/Code/Deepfake_Detection/deepfake-project/dataset_builder/test/ai_edited/c9qyul2_0.jpg
data_sources/ai_edited/IMD2020/c9qzamk_0.png,data_sources/ai_edited/IMD2020,ai_edited,306,321,0.9533,PNG,147760,e9546f5d1d577586bcb69ca22bd8f3d0,63e91e575a523b43aaeb259571ccceb6259be1335c2ee2f3d35e82de1f3b1f0d,1.0,9ab6716b64a86c65,ok,224.90546862412646,True,True,cluster_01657,test,/home/dheirav/Code/Deepfake_Detection/deepfake-project/dataset_builder/test/ai_edited/c9qzamk_0.png
data_sources/ai_edited/IMD2020/c9r116y_0.jpg,data_sources/ai_edited/IMD2020,ai_edited,1081,810,1.3346,JPEG,194923,78ae50c18088b53d3c4752a166c1c045,272ccbcd7e07f7340abe7b7d95b0158c07f3a4e52b97cf5928051f516fbd9df4,1.0,fbd88867d9484e62,ok,529.6766277402254,True,True,cluster_00483,test,/home/dheirav/Code/Deepfake_Detection/deepfake-project/dataset_builder/test/ai_edited/c9r116y_0.jpg
data_sources/ai_edited/IMD2020/c9r1e51_0.jpg,data_sources/ai_edited/IMD2020,ai_edited,1200,813,1.476,JPEG,194672,e44760148203c5eb9016d6e7c366ee06,620a857bbd7182a624d0cfa413042e94a5966f5df0a56b83d07c55902098d793,1.0,b29ded6a324c9d0c,ok,293.6982536820089,True,True,cluster_00395,test,/home/dheirav/Code/Deepfake_Detection/deepfake-project/dataset_builder/test/ai_edited/c9r1e51_0.jpg
data_sources/ai_edited/IMD2020/c9r227u_0.jpg,data_sources/ai_edited/IMD2020,ai_edited,2048,1348,1.5193,JPEG,512411,b2955fb93ea8ccf6117256a01fb4e4f7,64ddfe57012f5e3c4a3b73f3d89f367d66d9e266f2b616c0081e0a02fd7b2eb3,1.0,ae99dd52c3a5c84a,ok,189.12088921586553,True,True,cluster_00098,test,/home/dheirav/Code/Deepfake_Detection/deepfake-project/dataset_builder/test/ai_edited/c9r227u_0.jpg
data_sources/ai_edited/IMD2020/c9r3z04_0.jpg,data_sources/ai_edited/IMD2020,ai_edited,600,349,1.7192,JPEG,170964,e8460102f1e78ab26b7119cb0556a494,8043cfae63329a1299a0b198c3c7d7fd4d13474b58fbdff688d2f79adeff07e2,1.0,d9e42fbfa4886322,ok,2226.8543420274787,True,True,cluster_01547,test,/home/dheirav/Code/Deepfake_Detection/deepfake-project/dataset_builder/test/ai_edited/c9r3z04_0.jpg
data_sources/ai_edited/IMD2020/c9r4vts_0.jpg,data_sources/ai_edited/IMD2020,ai_edited,1081,810,1.3346,JPEG,173058,58b1c7286a214e4916ce8f81fd34b44a,89b4a9f7262095e627edf81f2a862c924290297a01001f9eb0e97eddbbd65b3b,1.0,fb988867d94a4e68,ok,539.207134035518,True,True,cluster_00486,test,/home/dheirav/Code/Deepfake_Detection/deepfake-project/dataset_builder/test/ai_edited/c9r4vts_0.jpg
data_sources/ai_edited/IMD2020/c9r7vrf_0.jpg,data_sources/ai_edited/IMD2020,ai_edited,1600,1200,1.3333,JPEG,576889,dc54cecafad9eb049b528d14470dcd9d,e2717339de0163e19e6c7ed8476ba500e113bd46a4dcb33a6e4e184fb1911016,1.0,aff0912cc24b35ad,ok,1739.4624760481424,True,True,cluster_00177,test,/home/dheirav/Code/Deepfake_Detection/deepfake-project/dataset_builder/test/ai_edited/c9r7vrf_0.jpg
data_sources/ai_edited/IMD2020/c9r82u9_0.jpg,data_sources/ai_edited/IMD2020,ai_edited,1620,1080,1.5,JPEG,373889,6c75a53fb83a35cfdc5a7e4af1e638d5,f20499d6713bd95896661d28185416830903ea45fe7f2d180b9f2e2ed333951c,1.0,8fdde2b29488b531,ok,316.9372113396561,True,True,cluster_00208,test,/home/dheirav/Code/Deepfake_Detection/deepfake-project/dataset_builder/test/ai_edited/c9r82u9_0.jpg
data_sources/ai_edited/IMD2020/c9r8my1_0.jpg,data_sources/ai_edited/IMD2020,ai_edited,2048,1348,1.5193,JPEG,288461,675defdd9caa9cf06f86aaef738c6a28,3061a8990a75d4932e2a9c2a3e61720f94a4193c7a7b69cb381e20a225f259a7,1.0,aebddc42c3a5886c,ok,189.2450681106805,True,True,cluster_00099,test,/home/dheirav/Code/Deepfake_Detection/deepfake-project/dataset_builder/test/ai_edited/c9r8my1_0.jpg
data_sources/ai_edited/IMD2020/c9r9pvh_0.jpg,data_sources/ai_edited/IMD2020,ai_edited,1081,810,1.3346,JPEG,166131,f679f2823e523ad33cae77e76c846628,ffdb04e3d1b9027f1674a855708ca0715c5f611afb2fe59425f2d23d710b02b4,1.0,cbdaaa67c9424678,ok,527.0725471035405,True,True,cluster_00487,test,/home/dheirav/Code/Deepfake_Detection/deepfake-project/dataset_builder/test/ai_edited/c9r9pvh_0.jpg
data_sources/ai_edited/IMD2020/c9rv3bk_0.jpg,data_sources/ai_edited/IMD2020,ai_edited,730,518,1.4093,JPEG,120209,8933d4a11abf63839fc9967fb31271df,9a4fa60e8cd74ce688af37da161012c78e5957e4e445290de74a66609c42001d,1.0,b3190eb3b98d243e,ok,1934.1121602750072,True,True,cluster_01171,test,/home/dheirav/Code/Deepfake_Detection/deepfake-project/dataset_builder/test/ai_edited/c9rv3bk_0.jpg
data_sources/ai_edited/IMD2020/c9rx5mc_0.jpg,data_sources/ai_edited/IMD2020,ai_edited,1000,665,1.5038,JPEG,283481,cb8b6f86a2d5a74acb027418dd14139b,f731b32a322e449c96840e5a48cdc30b2b843d314b56e4cce8e5b5cb5b2edf03,1.0,95c201bf4cb2cf6c,ok,2514.803316042682,True,True,cluster_00737,test,/home/dheirav/Code/Deepfake_Detection/deepfake-project/dataset_builder/test/ai_edited/c9rx5mc_0.jpg
data_sources/ai_edited/IMD2020/c9ryjzh_0.jpg,data_sources/ai_edited/IMD2020,ai_edited,640,480,1.3333,JPEG,106092,ec826a4eff2ea96ba8ce9a26131356b7,60bb6b3cf516290cfd700002569dc1e5e516f9f1da4b777c6512d847f1770458,1.0,c76a841e5eb02bf1,ok,197.24391819931668,True,True,cluster_01334,test,/home/dheirav/Code/Deepfake_Detection/deepfake-project/dataset_builder/test/ai_edited/c9ryjzh_0.jpg
data_sources/ai_edited/IMD2020/c9s0tj6_0.jpg,data_sources/ai_edited/IMD2020,ai_edited,538,316,1.7025,JPEG,29078,bd32d6e013ce4ba1f6e240530a4ce694,8e27af87a7b2bda68715d9f50639691f2ac89cf5f9368593b29f0fa863756841,1.0,a86dcf03b52499c7,ok,339.6124153072377,True,True,cluster_01607,test,/home/dheirav/Code/Deepfake_Detection/deepfake-project/dataset_builder/test/ai_edited/c9s0tj6_0.jpg
data_sources/ai_edited/IMD2020/c9s10kg_0.jpg,data_sources/ai_edited/IMD2020,ai_edited,936,1102,0.8494,JPEG,216959,ea3083bb38768155e86030ed5e4a9213,eb999a12a0d07cf5aa723471f5a8458f4513f258044e508fc3be86d9658b71d5,1.0,b6068d931f3929b5,ok,259.8237730200628,True,True,cluster_00374,test,/home/dheirav/Code/Deepfake_Detection/deepfake-project/dataset_builder/test/ai_edited/c9s10kg_0.jpg
data_sources/ai_edited/IMD2020/c9s2tum_0.jpg,data_sources/ai_edited/IMD2020,ai_edited,1200,900,1.3333,JPEG,326492,b3cee50716b383ec3a448908208bd8eb,475b2149bbf8c708e14b28053deb38ed242cf1b4abf051c4f7b7e60ddd9784f9,1.0,8a3a35e5d68e0a7c,ok,4989.240315739808,True,True,cluster_00365,test,/home/dheirav/Code/Deepfake_Detection/deepfake-project/dataset_builder/test/ai_edited/c9s2tum_0.jpg
data_sources/ai_edited/IMD2020/c9sb09t_0.jpg,data_sources/ai_edited/IMD2020,ai_edited,1000,750,1.3333,JPEG,182315,7b686bf95a8bf9d767a94ffa8a376bdd,9ffff46a33c30858ee88ae8582c80b5e488e9b5f176a5b19eb529f1d0978761e,1.0,b8c351a6bed185c6,ok,191.80965981405154,True,True,cluster_00581,test,/home/dheirav/Code/Deepfake_Detection/deepfake-project/dataset_builder/test/ai_edited/c9sb09t_0.jpg
data_sources/ai_edited/IMD2020/c9sbtl1_0.jpg,data_sources/ai_edited/IMD2020,ai_edited,2048,1536,1.3333,JPEG,671703,d6e4a0ec3cdb7800cca1b39e9223be04,b626fb892cd258fd4c8ff5815143ef4f4d019aa530739a3de90352e14ab7d5bd,1.0,b8c351a6b7d185c6,ok,90.3894381870046,True,True,cluster_00069,test,/home/dheirav/Code/Deepfake_Detection/deepfake-project/dataset_builder/test/ai_edited/c9sbtl1_0.jpg
data_sources/ai_edited/IMD2020/c9sevmb_0.jpg,data_sources/ai_edited/IMD2020,ai_edited,906,605,1.4975,JPEG,175450,3765379588969a0de8b22ec4b95c6e6c,760812749745e3618589d0515c611799ac7bc25372c2b94cde44eb8ca17a8db5,1.0,8e98a867dd756152,ok,1109.1580168386913,True,True,cluster_00904,test,/home/dheirav/Code/Deepfake_Detection/deepfake-project/dataset_builder/test/ai_edited/c9sevmb_0.jpg
data_sources/ai_edited/IMD2020/c9skrua_0.jpg,data_sources/ai_edited/IMD2020,ai_edited,960,707,1.3579,JPEG,223867,e173e4a25f1a600fab0cb7ca4e8777cf,478e1d3ed96723ed5b49b92b35830bc017f282da550e26d83c0fd693891cbb94,1.0,cd11996a8ae376c9,ok,913.3981217887676,True,True,cluster_00713,test,/home/dheirav/Code/Deepfake_Detection/deepfake-project/dataset_builder/test/ai_edited/c9skrua_0.jpg
data_sources/ai_edited/IMD2020/c9sl9vi_0.jpg,data_sources/ai_edited/IMD2020,ai_edited,1200,829,1.4475,JPEG,200914,b1e0583ee027b6dfd54ea8b91e3336de,88a0df6ff3ed5246cd0c0809ff152b714e65cbd7639747bc9876d68f12f6698f,1.0,ea3f4219e708f689,ok,2316.5649436461276,True,True,cluster_00388,test,/home/dheirav/Code/Deepfake_Detection/deepfake-project/dataset_builder/test/ai_edited/c9sl9vi_0.jpg
data_sources/ai_edited/IMD2020/c9slrk8_0.jpg,data_sources/ai_edited/IMD2020,ai_edited,960,640,1.5,JPEG,169573,58cce2f6f4b2ee0aa4c0a658bf32578b,86fe32683f402118dab24545f6e756b32348c072489580d7412c895294f3c243,1.0,fe695b46a9921748,ok,515.9865756938696,True,True,cluster_00796,test,/home/dheirav/Code/Deepfake_Detection/deepfake-project/dataset_builder/test/ai_edited/c9slrk8_0.jpg
data_sources/ai_edited/IMD2020/c9smxwp_0.jpg,data_sources/ai_edited/IMD2020,ai_edited,1600,1200,1.3333,JPEG,403418,35ccea64a4ee9c74f2240ca4ae8dc889,002a9b7629132c1d50ccdf42b539337c8403cccde2c88e3773af261e81ef54f5,1.0,a988dbdad2f2e0b0,ok,146.45708684157307,True,True,cluster_00182,test,/home/dheirav/Code/Deepfake_Detection/deepfake-project/dataset_builder/test/ai_edited/c9smxwp_0.jpg
data_sources/ai_edited/IMD2020/c9snbpi_0.png,data_sources/ai_edited/IMD2020,ai_edited,960,707,1.3579,PNG,1177147,ac484d6739858e3525e324f36d355303,034ba5373b9f40087fd25c86772e7f3f5e6135cda066fdfb8d689279eccc7d76,1.0,952199f28dc136ed,ok,1004.5804205322785,True,True,cluster_00712,test,/home/dheirav/Code/Deepfake_Detection/deepfake-project/dataset_builder/test/ai_edited/c9snbpi_0.png
data_sources/ai_edited/IMD2020/c9sni90_0.jpg,data_sources/ai_edited/IMD2020,ai_edited,777,571,1.3608,JPEG,182378,335e8687fec9d8ea3420ff08a4ab0286,357c13b6fd99ffe2c0223b52c73f0d249ba632e76f16ea94e72658283e4bbfd2,1.0,cc64b5629a817fc9,ok,783.8843994021775,True,True,cluster_01074,test,/home/dheirav/Code/Deepfake_Detection/deepfake-project/dataset_builder/test/ai_edited/c9sni90_0.jpg
data_sources/ai_edited/IMD2020/c9snzf4_0.jpg,data_sources/ai_edited/IMD2020,ai_edited,740,960,0.7708,JPEG,109558,f50c8b20593ec0f2e5c2439a29a6ff37,824243c351ca3021fd076f4e818c5f332afcf6225acfc6d4da0c713b6f2f3032,1.0,e76f1410f858b627,ok,369.5704756522702,True,True,cluster_00627,test,/home/dheirav/Code/Deepfake_Detection/deepfake-project/dataset_builder/test/ai_edited/c9snzf4_0.jpg
data_sources/ai_edited/IMD2020/c9spdmn_0.jpg,data_sources/ai_edited/IMD2020,ai_edited,1600,1200,1.3333,JPEG,399061,09399c7e7c1aa252dbce7fd0cf046659,36c09b7f24972cda043f837f08ee989ea74b11ade50da939ca8848b57e3f9344,1.0,8988dbdad2f2f0b0,ok,152.91837333805313,True,True,cluster_00183,test,/home/dheirav/Code/Deepfake_Detection/deepfake-project/dataset_builder/test/ai_edited/c9spdmn_0.jpg
data_sources/ai_edited/IMD2020/c9sv7jw_0.jpg,data_sources/ai_edited/IMD2020,ai_edited,1150,752,1.5293,JPEG,200314,13f440ec0d891bcf1c9ee89a2a626133,48d352069cb4b93245389c93c8a0b06a217a031c5ace90891c1a0793f24b1cdb,1.0,ca88a4d5d53555d3,ok,365.65656552802983,True,True,cluster_00492,test,/home/dheirav/Code/Deepfake_Detection/deepfake-project/dataset_builder/test/ai_edited/c9sv7jw_0.jpg
data_sources/ai_edited/IMD2020/c9swxup_0.jpg,data_sources/ai_edited/IMD2020,ai_edited,1440,812,1.7734,JPEG,187030,857476b8b93701c4281e4b2939838f32,9d974edf7fb0042524753ea9e1a8f54837992d6d9b28a1307b2d2d37ba5c1bba,1.0,9691a9acababac4a,ok,118.38616723985068,True,True,cluster_00336,test,/home/dheirav/Code/Deepfake_Detection/deepfake-project/dataset_builder/test/ai_edited/c9swxup_0.jpg
data_sources/ai_edited/IMD2020/c9sxwtn_0.jpg,data_sources/ai_edited/IMD2020,ai_edited,1280,722,1.7729,JPEG,211585,62b6c6aa0a8aa08f89a9c87339ed28b3,143aa8eda7e1e0e474e67968d821715662aaa8bf43229bb67a89874df4257968,1.0,9491a9ada9afaa4a,ok,187.6557762673926,True,True,cluster_00428,test,/home/dheirav/Code/Deepfake_Detection/deepfake-project/dataset_builder/test/ai_edited/c9sxwtn_0.jpg
data_sources/ai_edited/IMD2020/c9t2l1i_0.jpg,data_sources/ai_edited/IMD2020,ai_edited,640,960,0.6667,JPEG,88210,d7ac852c11d72f6dd5b3ef9c60081743,e436a7874854796510b957a97fb16680f583ea63dfcad9f5062e1ff9ca904d11,1.0,bf99d2e667b01023,ok,101.64111165304979,True,True,cluster_00808,test,/home/dheirav/Code/Deepfake_Detection/deepfake-project/dataset_builder/test/ai_edited/c9t2l1i_0.jpg
data_sources/ai_edited/IMD2020/c9t5fpp_0.jpg,data_sources/ai_edited/IMD2020,ai_edited,982,692,1.4191,JPEG,171167,4fb49ddec649f24fd230bdd81445d2d7,eb8e3ae1b25cd42eafb3d78e7f179bd6d93e88d1de328f6cfc37e161d9224b1b,1.0,e29c9c614f0b30fe,ok,2609.735674083169,True,True,cluster_00711,test,/home/dheirav/Code/Deepfake_Detection/deepfake-project/dataset_builder/test/ai_edited/c9t5fpp_0.jpg
data_sources/ai_edited/IMD2020/c9tmqeu_0.jpg,data_sources/ai_edited/IMD2020,ai_edited,900,600,1.5,JPEG,32354,7113ab935de04d440440304ca644e369,39f8b39ce6ddd537f8f93d3bcd21b206af367a33a95c0698af376faa64904a9a,1.0,983e62cb9b644cb5,ok,140.12589259061727,True,True,cluster_00917,test,/home/dheirav/Code/Deepfake_Detection/deepfake-project/dataset_builder/test/ai_edited/c9tmqeu_0.jpg
data_sources/ai_edited/IMD2020/c9trg08_0.jpg,data_sources/ai_edited/IMD2020,ai_edited,980,943,1.0392,JPEG,243690,b6bf8350ad37971f5360de208dc83884,c1847506a29633c610bccbd3c60b60362f08724a78c1ccd512b778fb75cac812,1.0,bea06dde749224e4,ok,1184.2578238921512,True,True,cluster_00429,test,/home/dheirav/Code/Deepfake_Detection/deepfake-project/dataset_builder/test/ai_edited/c9trg08_0.jpg
data_sources/ai_edited/IMD2020/c9u17mo_0.jpg,data_sources/ai_edited/IMD2020,ai_edited,1000,666,1.5015,JPEG,151540,2a2fa303c687b27717704839ba573142,d606fb59f0dc0aacd2feebe745c3db78015820e85ce902274e42f6b0b11b9f32,1.0,c4bb84b1c2bde19c,ok,2839.538272321942,True,True,cluster_00734,test,/home/dheirav/Code/Deepfake_Detection/deepfake-project/dataset_builder/test/ai_edited/c9u17mo_0.jpg
data_sources/ai_edited/IMD2020/c9u2w1w_0.png,data_sources/ai_edited/IMD2020,ai_edited,976,549,1.7778,PNG,523954,846ee6bf9af08cad30fbd4e4a4f5ce6c,b83392f376ccc5a075413e7c1abb72d03996f89838d853e20314dbbe2ccbe12a,1.0,c0c0d4dc9d9d23b7,ok,220.30809738142375,True,True,cluster_00934,test,/home/dheirav/Code/Deepfake_Detection/deepfake-project/dataset_builder/test/ai_edited/c9u2w1w_0.png
data_sources/ai_edited/IMD2020/c9u4fdo_0.jpg,data_sources/ai_edited/IMD2020,ai_edited,1000,1030,0.9709,JPEG,358083,bdcfb6bedc8fa339277344db69d77fe4,d13d9d426bbd4c41b9c7775c3d0ca73540480b277a8b1e60b0784aeb2ae8283c,1.0,e2ea951195bdc62c,ok,2122.148634670182,True,True,cluster_00375,test,/home/dheirav/Code/Deepfake_Detection/deepfake-project/dataset_builder/test/ai_edited/c9u4fdo_0.jpg
data_sources/ai_edited/IMD2020/c9u55gy_0.jpg,data_sources/ai_edited/IMD2020,ai_edited,792,492,1.6098,JPEG,134462,bda9d1851ce8870e9ccb8ac20cfaa2dc,6dcab93da0aa955a3af5b045d15a4284ec916beab2306c4f0dd4e72ad2b69dd7,1.0,d2ece919701435f6,ok,1469.2664048434472,True,True,cluster_01156,test,/home/dheirav/Code/Deepfake_Detection/deepfake-project/dataset_builder/test/ai_edited/c9u55gy_0.jpg
data_sources/ai_edited/IMD2020/c9u5f90_0.jpg,data_sources/ai_edited/IMD2020,ai_edited,720,480,1.5,JPEG,122704,058fe32cb517e41ed1ae0bcdab54d644,c102bc14188d7e0b12a9775eac28e34d1b30cd9d31fd40dd91ffc84ca47f400c,1.0,ec1748c9e46cb8e3,ok,421.29919016644925,True,True,cluster_01244,test,/home/dheirav/Code/Deepfake_Detection/deepfake-project/dataset_builder/test/ai_edited/c9u5f90_0.jpg
data_sources/ai_edited/IMD2020/c9u63t1_0.jpg,data_sources/ai_edited/IMD2020,ai_edited,812,542,1.4982,JPEG,107200,a2a6671009b33b2d5c9528fb9eae673a,00b0ae75f1d93a5ddfc1e6e06c2d47ae4ea0104a293f8dd6b8d4da4f3da816d7,1.0,9495d589e1c67a74,ok,439.32267229777517,True,True,cluster_01078,test,/home/dheirav/Code/Deepfake_Detection/deepfake-project/dataset_builder/test/ai_edited/c9u63t1_0.jpg
data_sources/ai_edited/IMD2020/c9u6sk6_0.jpg,data_sources/ai_edited/IMD2020,ai_edited,960,639,1.5023,JPEG,148075,555e9af26209b16d069d061f13c963b3,e0916bb7bc622210f3a64998b7c450c81b2e78bdba76e6a1fd545d19efd46ab8,1.0,c3895ef1e0631d35,ok,446.7301014040408,True,True,cluster_00813,test,/home/dheirav/Code/Deepfake_Detection/deepfake-project/dataset_builder/test/ai_edited/c9u6sk6_0.jpg
data_sources/ai_edited/IMD2020/c9u8n2n_0.png,data_sources/ai_edited/IMD2020,ai_edited,720,480,1.5,PNG,393164,06d54af6dc7e4594103814749b888195,9f6ce349dd1b315d84c1ddd4c77172f717f987ee902c882292671c20d4b2dbe9,1.0,fc1349c9e2253be2,ok,638.7597478768724,True,True,cluster_01240,test,/home/dheirav/Code/Deepfake_Detection/deepfake-project/dataset_builder/test/ai_edited/c9u8n2n_0.png
data_sources/ai_edited/IMD2020/c9ua527_0.jpg,data_sources/ai_edited/IMD2020,ai_edited,1024,681,1.5037,JPEG,114769,90733bcfb4d66767c81afeafca3192af,b38660f954514d3b2aad8005b7cb1ebb09f3afe445bbe0cc6e7f317486107f8f,1.0,c6e4795911e6159b,ok,651.5494916679804,True,True,cluster_00659,test,/home/dheirav/Code/Deepfake_Detection/deepfake-project/dataset_builder/test/ai_edited/c9ua527_0.jpg
data_sources/ai_edited/IMD2020/c9uanxz_0.jpg,data_sources/ai_edited/IMD2020,ai_edited,1024,681,1.5037,JPEG,149367,4d786cdc344b8d00bc97c4fc6c8b99ed,a7943f83cf41011b536991da98cc60bc76a49e7ad82509e6a1e94e9695d1a5df,1.0,c2e4795b18ee159a,ok,383.5391320487643,True,True,cluster_00657,test,/home/dheirav/Code/Deepfake_Detection/deepfake-project/dataset_builder/test/ai_edited/c9uanxz_0.jpg
data_sources/ai_edited/IMD2020/c9ub2k7_0.jpg,data_sources/ai_edited/IMD2020,ai_edited,1024,681,1.5037,JPEG,145355,6948c223cab3d67e8ee31accbe9aca89,16b5909e94a4b788df0476035056a97d7717cf8b160d17e40ac7435d16ad1da3,1.0,c2e07c5f14ee199a,ok,377.95162719093844,True,True,cluster_00658,test,/home/dheirav/Code/Deepfake_Detection/deepfake-project/dataset_builder/test/ai_edited/c9ub2k7_0.jpg
data_sources/ai_edited/IMD2020/c9ub6j6_0.jpg,data_sources/ai_edited/IMD2020,ai_edited,959,558,1.7186,JPEG,139449,eef2eb1ade4f0bd13883cd3ca3017953,1f99c2c67ee5575cd55dae324a8bc7b4c79aa45db2942de8cf1b3f3a2b036e44,1.0,cddf2e645845d08e,ok,161.52247677960224,True,True,cluster_00938,test,/home/dheirav/Code/Deepfake_Detection/deepfake-project/dataset_builder/test/ai_edited/c9ub6j6_0.jpg
data_sources/ai_edited/IMD2020/c9udub9_0.jpg,data_sources/ai_edited/IMD2020,ai_edited,1024,681,1.5037,JPEG,152512,83826e872e2de8e0f6af4fdf89bfbc22,dbf245dc8e77501f5b0f5bdf86c44ae92a0b6bf3462de4e2c574986ed2ff6412,1.0,c0f0836f1bc6b1ae,ok,270.53892440693244,True,True,cluster_00656,test,/home/dheirav/Code/Deepfake_Detection/deepfake-project/dataset_builder/test/ai_edited/c9udub9_0.jpg
data_sources/ai_edited/IMD2020/c9uudgq_0.jpg,data_sources/ai_edited/IMD2020,ai_edited,1280,960,1.3333,JPEG,286634,08a0418caf035b3e5d7dad7c4f00a6a2,7b353b36793cd6903f72c3c6f12dac3feb5cd29d2351d2b640e1c8498011c354,1.0,91add34616d3f119,ok,885.4277488857269,True,True,cluster_00321,test,/home/dheirav/Code/Deepfake_Detection/deepfake-project/dataset_builder/test/ai_edited/c9uudgq_0.jpg
data_sources/ai_edited/IMD2020/c9uv7su_0.jpg,data_sources/ai_edited/IMD2020,ai_edited,692,480,1.4417,JPEG,239345,ffe92d962bb62e3e2537840dadedf6fa,3dddf70697a5f56f343877f9ee6af09deef8dac30df6758661cfdb2cd9ce3c1f,1.0,db3bc626254c853d,ok,2153.159987118811,True,True,cluster_01283,test,/home/dheirav/Code/Deepfake_Detection/deepfake-project/dataset_builder/test/ai_edited/c9uv7su_0.jpg
data_sources/ai_edited/IMD2020/c9uwhhl_0.jpg,data_sources/ai_edited/IMD2020,ai_edited,450,536,0.8396,JPEG,126808,a08004f2abb84071093cef4fb7b02a80,9286fe9ddf94faee516da69ad2f13c7bbd18d3ae03d82778b363d6ccdc0371a5,1.0,9d0915e7627a2e3c,ok,883.7435945737731,True,True,cluster_01465,test,/home/dheirav/Code/Deepfake_Detection/deepfake-project/dataset_builder/test/ai_edited/c9uwhhl_0.jpg
data_sources/ai_edited/IMD2020/c9uyxnv_0.png,data_sources/ai_edited/IMD2020,ai_edited,620,538,1.1524,PNG,435267,938c66f8862c0a833b5aeda1752ccece,41605635ae627ec7acedf943b421248b35e77cb2f82a56c5081a81e9fba8aee9,1.0,d948b56269f70669,ok,2922.918944102891,True,True,cluster_01279,test,/home/dheirav/Code/Deepfake_Detection/deepfake-project/dataset_builder/test/ai_edited/c9uyxnv_0.png
data_sources/ai_edited/IMD2020/c9v219b_0.jpg,data_sources/ai_edited/IMD2020,ai_edited,545,395,1.3797,JPEG,242463,7174fffcabf5f67361d4037ad3a47574,2faf1de70bc7b15620a0fdd7a18833df641e8a77b15bccc5c533c0e8129e5070,1.0,c666f929c10e5f86,ok,3011.16066098461,True,True,cluster_01541,test,/home/dheirav/Code/Deepfake_Detection/deepfake-project/dataset_builder/test/ai_edited/c9v219b_0.jpg
data_sources/ai_edited/IMD2020/c9v2juf_0.jpg,data_sources/ai_edited/IMD2020,ai_edited,2000,1397,1.4316,JPEG,301022,9e651ab85322add88163903efc596570,ae1e8584df9bbc49670da61c9a03160f5c9f1e7961dbea2cad3bc246460801ae,1.0,f9ebead00542566c,ok,81.56488518830923,True,True,cluster_00092,test,/home/dheirav/Code/Deepfake_Detection/deepfake-project/dataset_builder/test/ai_edited/c9v2juf_0.jpg
data_sources/ai_edited/IMD2020/c9vax7w_0.jpg,data_sources/ai_edited/IMD2020,ai_edited,1035,686,1.5087,JPEG,167414,b83e09bbb178153653c66d0ef6f1c349,d3bed38181c9477d5b75c86c4a8151d2ffd3980c1d2c6be86faf80c64e7595f7,1.0,ccc2b1669397be44,ok,235.62634678052385,True,True,cluster_00628,test,/home/dheirav/Code/Deepfake_Detection/deepfake-project/dataset_builder/test/ai_edited/c9vax7w_0.jpg
data_sources/ai_edited/IMD2020/c9vbhkz_0.jpg,data_sources/ai_edited/IMD2020,ai_edited,1600,1071,1.4939,JPEG,258011,41689d4562755688fbda48efbebfc4cc,f7dabedbbc020bb4967e1b8626d037d1f0200736c42f7e49e01d8b5a8c230f34,1.0,b3c0dc9c689f08b7,ok,180.1539604287671,True,True,cluster_00216,test,/home/dheirav/Code/Deepfake_Detection/deepfake-project/dataset_builder/test/ai_edited/c9vbhkz_0.jpg
data_sources/ai_edited/IMD2020/c9vcuci_0.jpg,data_sources/ai_edited/IMD2020,ai_edited,1600,1071,1.4939,JPEG,293350,4746688fb14c05c5eb2fc5e555322ae8,17e13da5970959aa85e8b319ec63cd5261116faebab69fa43f1ab8eca1859a29,1.0,a3c0d89d689f0cb7,ok,195.769829930583,True,True,cluster_00215,test,/home/dheirav/Code/Deepfake_Detection/deepfake-project/dataset_builder/test/ai_edited/c9vcuci_0.jpg
data_sources/ai_edited/IMD2020/c9vqeru_0.png,data_sources/ai_edited/IMD2020,ai_edited,500,333,1.5015,PNG,215085,f5116dbdda0c147dd4f4b4f233f10bb4,37dacf014ba4eeaa1d3f7ccb1b4a1381cbdfbd48b311062f93a071533b93ad3d,1.0,87b3fccc4cce0195,ok,98.33663638211182,True,True,cluster_01612,test,/home/dheirav/Code/Deepfake_Detection/deepfake-project/dataset_builder/test/ai_edited/c9vqeru_0.png
data_sources/ai_edited/IMD2020/c9vruzp_0.jpg,data_sources/ai_edited/IMD2020,ai_edited,2499,1874,1.3335,JPEG,645037,19746a9ae2d4c806bf393651bb51df27,adf41ac83d1531a0805fc20119cfb90994e0f4048e95582ba65f8efa0bbf4f97,1.0,db2c7492d8967b09,ok,161.54306702541567,True,True,cluster_00035,test,/home/dheirav/Code/Deepfake_Detection/deepfake-project/dataset_builder/test/ai_edited/c9vruzp_0.jpg
data_sources/ai_edited/IMD2020/c9vsemx_0.jpg,data_sources/ai_edited/IMD2020,ai_edited,493,345,1.429,JPEG,88815,9bf4b1275b13233087e13dc0333b3903,115454a713b64b46ac69d2dc518bd2c2794e00f816cc85b961e257ae37ae1c86,1.0,8fc3c4b960dcb92a,ok,277.13526861006414,True,True,cluster_01606,test,/home/dheirav/Code/Deepfake_Detection/deepfake-project/dataset_builder/test/ai_edited/c9vsemx_0.jpg
data_sources/ai_edited/IMD2020/c9vwn9s_0.jpg,data_sources/ai_edited/IMD2020,ai_edited,580,297,1.9529,JPEG,53425,a9828dc7e36064b49e4052809ec01523,db05f535228ae4ae89c4f03937e356288cd959e3788218b92f9b6f147b78794f,1.0,c0ceb359a6935aa6,ok,302.95366386763124,True,True,cluster_01602,test,/home/dheirav/Code/Deepfake_Detection/deepfake-project/dataset_builder/test/ai_edited/c9vwn9s_0.jpg
data_sources/ai_edited/IMD2020/c9w2r6t_0.jpg,data_sources/ai_edited/IMD2020,ai_edited,1221,1920,0.6359,JPEG,748592,a93d4ed08a19fbc5e1586d8422ff8710,309f17c019cb1e1ff089261d58346160c36e5248c2b501b97c18d7a292a49fd2,1.0,c5384ba576a25fc8,ok,2465.706408647136,True,True,cluster_00114,test,/home/dheirav/Code/Deepfake_Detection/deepfake-project/dataset_builder/test/ai_edited/c9w2r6t_0.jpg
data_sources/ai_edited/IMD2020/c9w5t18_0.jpg,data_sources/ai_edited/IMD2020,ai_edited,620,497,1.2475,JPEG,241191,034c28beb2d6475763cb088b5fd64a58,2492610d488e5eacf68ee5665887d1d4ec546664c788e5059d849ca67ed05a12,1.0,b4e89b97c433e381,ok,3312.6629240005154,True,True,cluster_01316,test,/home/dheirav/Code/Deepfake_Detection/deepfake-project/dataset_builder/test/ai_edited/c9w5t18_0.jpg
data_sources/ai_edited/IMD2020/c9wf4dc_0.jpg,data_sources/ai_edited/IMD2020,ai_edited,620,497,1.2475,JPEG,136483,997880d990d352097ff4ff8e437f8230,a609aee609e0ac92f9f7fecf8626cbe551e36b7a68eb131b08cfe4234e6ece7e,1.0,bcf09b8fcc23c321,ok,3347.3882827662223,True,True,cluster_01319,test,/home/dheirav/Code/Deepfake_Detection/deepfake-project/dataset_builder/test/ai_edited/c9wf4dc_0.jpg
data_sources/ai_edited/IMD2020/c9wp96y_0.jpg,data_sources/ai_edited/IMD2020,ai_edited,960,720,1.3333,JPEG,126950,b784754b4cb510120f6da3f7410c46ed,463fed78b28069148fde53f0843717ad491decc2b4e667ae728bfb3c82b22185,1.0,91666e6963c1975a,ok,461.62414882731287,True,True,cluster_00699,test,/home/dheirav/Code/Deepfake_Detection/deepfake-project/dataset_builder/test/ai_edited/c9wp96y_0.jpg
data_sources/ai_edited/IMD2020/c9wxubr_0.jpg,data_sources/ai_edited/IMD2020,ai_edited,946,704,1.3438,JPEG,86311,20528e285312bcaed2dd034e5ffc1e73,e15d3506e57cbd48a785d256c7d4e0912466c5986ba32473604f8826e96b1574,1.0,94666f6b61c8935a,ok,407.29156087539286,True,True,cluster_00735,test,/home/dheirav/Code/Deepfake_Detection/deepfake-project/dataset_builder/test/ai_edited/c9wxubr_0.jpg
data_sources/ai_edited/IMD2020/c9wybvp_0.jpg,data_sources/ai_edited/IMD2020,ai_edited,960,720,1.3333,JPEG,241592,e9dda724d033c3b3f810855a5144285c,5ff534f290dd270477a15feb27db88b94ea39e9e2f2421f29584a126e58133cd,1.0,91666e69c8cd935a,ok,473.69971590771246,True,True,cluster_00666,test,/home/dheirav/Code/Deepfake_Detection/deepfake-project/dataset_builder/test/ai_edited/c9wybvp_0.jpg
data_sources/ai_edited/IMD2020/c9x31z7_0.png,data_sources/ai_edited/IMD2020,ai_edited,622,466,1.3348,PNG,470199,da9be4fd528c8721852737942f51f647,de8cba01be81c45a2ba55afa13bfe7532255fc823a0b728456f45f2d0ca87089,1.0,b3a658cd88d9372c,ok,2135.9523679529184,True,True,cluster_01365,test,/home/dheirav/Code/Deepfake_Detection/deepfake-project/dataset_builder/test/ai_edited/c9x31z7_0.png
data_sources/ai_edited/IMD2020/c9xa55l_0.jpg,data_sources/ai_edited/IMD2020,ai_edited,720,540,1.3333,JPEG,90035,6974db095af4f3f12922d333b0b7964f,1d1ccb9fd4ce6efebac8a2dc4b85af6db6bf811df6c903d41c1cadc86064c54c,1.0,db6224dc0fd61399,ok,487.20250506687233,True,True,cluster_01163,test,/home/dheirav/Code/Deepfake_Detection/deepfake-project/dataset_builder/test/ai_edited/c9xa55l_0.jpg
data_sources/ai_edited/IMD2020/c9xe80s_0.jpg,data_sources/ai_edited/IMD2020,ai_edited,615,461,1.3341,JPEG,76949,ece30e590f6496d6ea10922c764aaf21,9ddb005284697ab9408f420398cc023c79e6c8b90476337ed029ca6ca056fe56,1.0,b2eca8ac9984d367,ok,167.76840874094935,True,True,cluster_01372,test,/home/dheirav/Code/Deepfake_Detection/deepfake-project/dataset_builder/test/ai_edited/c9xe80s_0.jpg
data_sources/ai_edited/IMD2020/c9xfmme_0.jpg,data_sources/ai_edited/IMD2020,ai_edited,960,720,1.3333,JPEG,124446,d9a1a3c34ee6a8a999a44233a8e3a048,427f38b1e6a5301c840dee7c4246a8508139d8174ba0a85dbe6c4cf73868e1bd,1.0,d5fd8e96294d9032,ok,298.25175098513375,True,True,cluster_00700,test,/home/dheirav/Code/Deepfake_Detection/deepfake-project/dataset_builder/test/ai_edited/c9xfmme_0.jpg
data_sources/ai_edited/IMD2020/c9xfzri_0.jpg,data_sources/ai_edited/IMD2020,ai_edited,636,800,0.795,JPEG,150000,3a67e7de577cc06036106d1043f8140b,3e74618efe7abc5c1b9af995e61e8d73d6e22c83f5f7a3db016bc2f0f82a3487,1.0,c42f4aec91333e3c,ok,2987.626831098882,True,True,cluster_00961,test,/home/dheirav/Code/Deepfake_Detection/deepfake-project/dataset_builder/test/ai_edited/c9xfzri_0.jpg
data_sources/ai_edited/IMD2020/c9xl2zu_0.jpg,data_sources/ai_edited/IMD2020,ai_edited,1741,1125,1.5476,JPEG,163254,c8e90b006cae525c46cd3d1d84860200,86484e81a49c7dfbe63f0e7f9475cacfe49ad88c902d99272a51d27a9f5a93a2,1.0,914e1ea14e92b75d,ok,368.0434274032238,True,True,cluster_00173,test,/home/dheirav/Code/Deepfake_Detection/deepfake-project/dataset_builder/test/ai_edited/c9xl2zu_0.jpg
data_sources/ai_edited/IMD2020/c9xo089_0.jpg,data_sources/ai_edited/IMD2020,ai_edited,512,512,1.0,JPEG,97431,82117c1a8c19a790010deaf3e966c970,035f6595851a574980873690fac1140182a876b37fcabc0897839a063e6809b2,1.0,ea983567c6c79198,ok,306.11307600267173,True,True,cluster_01433,test,/home/dheirav/Code/Deepfake_Detection/deepfake-project/dataset_builder/test/ai_edited/c9xo089_0.jpg
data_sources/ai_edited/IMD2020/c9xv7da_0.jpg,data_sources/ai_edited/IMD2020,ai_edited,1200,800,1.5,JPEG,293215,89a172553b4ce233b569a622289c80f1,c48650c5b0bcfb3456893f5565bf309e37f3efe7682054b60ad5cf2b73eacf0a,1.0,8e0639d817e1db39,ok,3281.269098742899,True,True,cluster_00400,test,/home/dheirav/Code/Deepfake_Detection/deepfake-project/dataset_builder/test/ai_edited/c9xv7da_0.jpg
data_sources/ai_edited/IMD2020/ca8jhgo_0.jpg,data_sources/ai_edited/IMD2020,ai_edited,594,396,1.5,JPEG,164992,8f7d46b92c8408d5f45c442e58d3cbdd,3350e536ab29f5a1ada8284143b5c6c8423265106616e6d706216b7d637073b3,1.0,ac56d22955d2ab55,ok,911.8564043665792,True,True,cluster_01491,test,/home/dheirav/Code/Deepfake_Detection/deepfake-project/dataset_builder/test/ai_edited/ca8jhgo_0.jpg
data_sources/ai_edited/IMD2020/00024_fake.jpg,data_sources/ai_edited/IMD2020,ai_edited,317,241,1.3154,JPEG,49395,8fbb8806820031ec27dc79d3c0611002,038e6874cdce5e3f3ba2f30de7b8d18310da2f74aa18768cc0c3b977c846d801,0.7,d791698ab2ec191d,low_resolution,1763.0643731132398,False,True,cluster_01720,train,/home/dheirav/Code/Deepfake_Detection/deepfake-project/dataset_builder/train/ai_edited/00024_fake.jpg
data_sources/ai_edited/IMD2020/00027_fake.jpg,data_sources/ai_edited/IMD2020,ai_edited,417,253,1.6482,JPEG,48180,024deee19a7531917f642c9426672d5d,d8acbc851247239eca97a4741e28eff58088f6043906fe61c6068ec306673be1,0.7,a79e201ad7a99a69,low_resolution,2258.41810459563,False,True,cluster_01716,train,/home/dheirav/Code/Deepfake_Detection/deepfake-project/dataset_builder/train/ai_edited/00027_fake.jpg
data_sources/ai_edited/IMD2020/00047_fake_02.jpg,data_sources/ai_edited/IMD2020,ai_edited,286,176,1.625,JPEG,11352,f8235e1c06fbdd7a7c854b0e4a72d61c,70057e1d9660f46389d70760229378c37a50f636fd578addef3360fa70dd3e75,0.7,f961a64a34ca25de,low_resolution,3810.161834559727,False,True,cluster_01722,train,/home/dheirav/Code/Deepfake_Detection/deepfake-project/dataset_builder/train/ai_edited/00047_fake_02.jpg
data_sources/ai_edited/IMD2020/c9dr8ae_0.jpg,data_sources/ai_edited/IMD2020,ai_edited,448,252,1.7778,JPEG,107236,624decd330a96431c07c090eafa8b2cc,bd2b60c1fe3470c79b7897adf1fc4be467913b65a8a18d1bfdfb24d356f9220b,0.7,c9062699386738ff,low_resolution,988.7445053678123,False,True,cluster_01714,train,/home/dheirav/Code/Deepfake_Detection/deepfake-project/dataset_builder/train/ai_edited/c9dr8ae_0.jpg
data_sources/ai_edited/IMD2020/c9jqnxf_0.jpg,data_sources/ai_edited/IMD2020,ai_edited,400,225,1.7778,JPEG,64409,fd670516530676a37162eb71dbc1f5e0,c83bf544c3ac4f8b02da842c453e12cbdc58dc71361f1ba2e0518f9819c6472e,0.7,a229cd96d2c0e7dc,low_resolution,1757.4243475733333,False,True,cluster_01718,train,/home/dheirav/Code/Deepfake_Detection/deepfake-project/dataset_builder/train/ai_edited/c9jqnxf_0.jpg
data_sources/ai_edited/IMD2020/c9kl1ld_0.png,data_sources/ai_edited/IMD2020,ai_edited,260,193,1.3472,PNG,86429,18bfb3cd191da41ccf455f5d28be52a9,1607fe0dd670c0dcf5be2600c2aa123755ffacce09cd7b8ea844041c5a79b7c5,0.7,96cc2d053476f26b,low_resolution,1501.2323476473139,False,True,cluster_01723,train,/home/dheirav/Code/Deepfake_Detection/deepfake-project/dataset_builder/train/ai_edited/c9kl1ld_0.png
data_sources/ai_edited/IMD2020/00079_fake.jpg,data_sources/ai_edited/IMD2020,ai_edited,940,400,2.35,JPEG,121706,594f1031489e43ca8ad4e9196ba17787,6f2e1d6fedb90d6fd5dd39cda193b5c3d448f818b0794837092ea35676c02b34,0.8,83d8999f02b7b2d2,aspect_ratio_extreme,1365.6553027279313,True,False,cluster_01699,train,/home/dheirav/Code/Deepfake_Detection/deepfake-project/dataset_builder/train/ai_edited/00079_fake.jpg
data_sources/ai_edited/IMD2020/c8w5v0p_0.jpg,data_sources/ai_edited/IMD2020,ai_edited,1120,396,2.8283,JPEG,250594,2c2805aade0338eeb82f91409a8860d2,bbae05ad409e33f1e46c4b35197027c20475d4958c04e8162a68a46789ddd602,0.8,aaadd0697369f0e0,aspect_ratio_extreme,906.5333161729187,True,False,cluster_01694,train,/home/dheirav/Code/Deepfake_Detection/deepfake-project/dataset_builder/train/ai_edited/c8w5v0p_0.jpg
data_sources/ai_edited/IMD2020/c8wu4jn_0.jpg,data_sources/ai_edited/IMD2020,ai_edited,1000,462,2.1645,JPEG,143640,0452ba890891269a9ee42a5e3a9462ef,4153629fa19f103772359740ed1e5f896f14e10992693b8eb916fb314d723283,0.8,a5ca35954ab85ba5,aspect_ratio_extreme,905.6484666759945,True,False,cluster_01692,train,/home/dheirav/Code/Deepfake_Detection/deepfake-project/dataset_builder/train/ai_edited/c8wu4jn_0.jpg
data_sources/ai_edited/IMD2020/c8x3rcx_0.jpg,data_sources/ai_edited/IMD2020,ai_edited,2048,1021,2.0059,JPEG,423350,f5cdb860700570ef5ef9186a821a6c58,5b60e2a33adfa228aa7c465f349b65f65dfab7c9bf75f70f8eef23a8c11a4357,0.8,bc4383b878e3a715,aspect_ratio_extreme,281.99208579451164,True,False,cluster_01673,train,/home/dheirav/Code/Deepfake_Detection/deepfake-project/dataset_builder/train/ai_edited/c8x3rcx_0.jpg
data_sources/ai_edited/IMD2020/c8yipuf_0.jpg,data_sources/ai_edited/IMD2020,ai_edited,638,269,2.3717,JPEG,57506,26149cb41cff40b49884048bdff5d6ba,058faf7256d94304b789a62e2e57513b7dd7476fd75d4e485437a3dba41cb506,0.8,83423e1ead1abacb,aspect_ratio_extreme,854.3381481586465,True,False,cluster_01711,train,/home/dheirav/Code/Deepfake_Detection/deepfake-project/dataset_builder/train/ai_edited/c8yipuf_0.jpg
data_sources/ai_edited/IMD2020/c8zmf37_0.jpg,data_sources/ai_edited/IMD2020,ai_edited,1488,695,2.141,JPEG,128677,7228b84780148a940a86719bee6a470c,fe71970475a58ad68f052c11569360907da57d712eca2f45dd86bca09fa82890,0.8,d9ef323064311e7c,aspect_ratio_extreme,451.3241113643196,True,False,cluster_01680,train,/home/dheirav/Code/Deepfake_Detection/deepfake-project/dataset_builder/train/ai_edited/c8zmf37_0.jpg
data_sources/ai_edited/IMD2020/c92dfhw_0.jpg,data_sources/ai_edited/IMD2020,ai_edited,1496,696,2.1494,JPEG,397251,d203176fee48dc93abb2b47e2331be27,72741551b14e14d96b7e72d3f83b05df4c894538402424462c074d99bcb728fd,0.8,8abe39c036775274,aspect_ratio_extreme,545.5285399711659,True,False,cluster_01679,train,/home/dheirav/Code/Deepfake_Detection/deepfake-project/dataset_builder/train/ai_edited/c92dfhw_0.jpg
data_sources/ai_edited/IMD2020/c94f69a_0.jpg,data_sources/ai_edited/IMD2020,ai_edited,1440,604,2.3841,JPEG,183286,3bd5c94468e2160bdac3059b1e302717,407cc4fe6c1456dc6c7c9117121d26617125c2866414b2e9c94208e1bdb4eb86,0.8,84e1e94c386e7d71,aspect_ratio_extreme,445.5720137804171,True,False,cluster_01681,train,/home/dheirav/Code/Deepfake_Detection/deepfake-project/dataset_builder/train/ai_edited/c94f69a_0.jpg
data_sources/ai_edited/IMD2020/c9595sv_0.jpg,data_sources/ai_edited/IMD2020,ai_edited,1071,463,2.3132,JPEG,123515,918951db97bfaffa551780e19f551811,d47d9f5cdcb671005dc8923ce6631ef6431c6f583638485a7ca1a4877fd44c16,0.8,95ff28fc57608e01,aspect_ratio_extreme,270.742129277767,True,False,cluster_01689,train,/home/dheirav/Code/Deepfake_Detection/deepfake-project/dataset_builder/train/ai_edited/c9595sv_0.jpg
data_sources/ai_edited/IMD2020/c95ku3b_0.jpg,data_sources/ai_edited/IMD2020,ai_edited,3037,1450,2.0945,JPEG,675540,3f9d5a2e3a09280eb1741af1999cb2c1,69778c811f3954cd37d7f8acb581e8a02c644c317b6695a20f90ee55c0364351,0.8,8189b34998ba7afa,aspect_ratio_extreme,357.29947649803773,True,False,cluster_01672,train,/home/dheirav/Code/Deepfake_Detection/deepfake-project/dataset_builder/train/ai_edited/c95ku3b_0.jpg
data_sources/ai_edited/IMD2020/c95nmhg_0.jpg,data_sources/ai_edited/IMD2020,ai_edited,598,258,2.3178,JPEG,44545,e4f80d5a2833ca65db8b4ad9762d361c,edcd9425f59850953de8ee0f3923b729ce45dc273e9e020cea370d19979f4253,0.8,b401fbf00ef4419f,aspect_ratio_extreme,361.32081112203537,True,False,cluster_01712,train,/home/dheirav/Code/Deepfake_Detection/deepfake-project/dataset_builder/train/ai_edited/c95nmhg_0.jpg
data_sources/ai_edited/IMD2020/c96d4mq_0.jpg,data_sources/ai_edited/IMD2020,ai_edited,1896,936,2.0256,JPEG,256431,b020383a55c0a1b32730c3c25823512e,aeff0897942c7577db0f6c671113b19968ff9fa20f4fa366886c7183bba0ae30,0.8,c5363cc17b8c32a7,aspect_ratio_extreme,135.28180671615118,True,False,cluster_01674,train,/home/dheirav/Code/Deepfake_Detection/deepfake-project/dataset_builder/train/ai_edited/c96d4mq_0.jpg
data_sources/ai_edited/IMD2020/c9aati3_0.jpg,data_sources/ai_edited/IMD2020,ai_edited,960,428,2.243,JPEG,71494,374901a41002a1d35f5b5e19f40cecd8,6d09fe56336d040006cc5996bfb055c49f1624861e1e81d9d63435bd0708d9a7,0.8,c48e9d8c711d5ef0,aspect_ratio_extreme,737.9876744369494,True,False,cluster_01696,train,/home/dheirav/Code/Deepfake_Detection/deepfake-project/dataset_builder/train/ai_edited/c9aati3_0.jpg
data_sources/ai_edited/IMD2020/c9gdsx5_0.jpg,data_sources/ai_edited/IMD2020,ai_edited,4251,1471,2.8899,JPEG,602354,c48ba5a973b72f5b11cdd66a142dfba7,0a5186af70c237c725eee29cde62698b45d36c63f93bd3b9b0568182141e4573,0.8,a49387e4ec587b23,aspect_ratio_extreme,272.84830827954755,True,False,cluster_01668,train,/home/dheirav/Code/Deepfake_Detection/deepfake-project/dataset_builder/train/ai_edited/c9gdsx5_0.jpg
data_sources/ai_edited/IMD2020/c9kn2yy_0.png,data_sources/ai_edited/IMD2020,ai_edited,1336,560,2.3857,PNG,301488,7495506768986fe34315a560adef95b9,c41500193d95bf652f621d9f2420fdbf8be0e053f5e2fc996e8c17e76b25d2c6,0.8,8ff04ffe714004f8,aspect_ratio_extreme,4203.500004200525,True,False,cluster_01684,train,/home/dheirav/Code/Deepfake_Detection/deepfake-project/dataset_builder/train/ai_edited/c9kn2yy_0.png
data_sources/ai_edited/IMD2020/c9knukz_0.jpg,data_sources/ai_edited/IMD2020,ai_edited,853,364,2.3434,JPEG,157558,8a983f74f17a0869c19d4720cdd6cb96,738419eb53999cb836442358d0d8331492d2abe6ba52715734cd1db16bf26e5a,0.8,9fd860953f28c467,aspect_ratio_extreme,286.59166014490916,True,False,cluster_01703,train,/home/dheirav/Code/Deepfake_Detection/deepfake-project/dataset_builder/train/ai_edited/c9knukz_0.jpg
data_sources/ai_edited/IMD2020/c9mg9wr_0.jpg,data_sources/ai_edited/IMD2020,ai_edited,640,312,2.0513,JPEG,49054,899e1c9e343059286f509d6d56246aa0,cd4a733e789c98042adaf49dcc337a7921ecdc57d3e09423e40e912509b9c5cb,0.8,e0dd5e121b1b2da5,aspect_ratio_extreme,497.31129710892804,True,False,cluster_01708,train,/home/dheirav/Code/Deepfake_Detection/deepfake-project/dataset_builder/train/ai_edited/c9mg9wr_0.jpg
data_sources/ai_edited/IMD2020/c9nbxwv_0.jpg,data_sources/ai_edited/IMD2020,ai_edited,298,814,0.3661,JPEG,26854,bdb53355f3de381cc9deeced55e5428d,7fdee316a9bcd80bf4c5b514985b20a0e79cba9c8efeafcccdd5aa4a6422135c,0.8,faf020aba811ef63,aspect_ratio_extreme,145.98363681423785,True,False,cluster_01705,train,/home/dheirav/Code/Deepfake_Detection/deepfake-project/dataset_builder/train/ai_edited/c9nbxwv_0.jpg
data_sources/ai_edited/IMD2020/c9s0eqx_0.jpg,data_sources/ai_edited/IMD2020,ai_edited,960,396,2.4242,JPEG,55570,6a298cf904ab045f016e577987a80e59,7208b474152ba95fb3bdd7e83729be9b7e9797d1cf8778f6636d37a8ee6a759d,0.8,abc68763891d1ba3,aspect_ratio_extreme,442.1839640776847,True,False,cluster_01698,train,/home/dheirav/Code/Deepfake_Detection/deepfake-project/dataset_builder/train/ai_edited/c9s0eqx_0.jpg
data_sources/ai_edited/IMD2020/c9sydmi_0.jpg,data_sources/ai_edited/IMD2020,ai_edited,1279,529,2.4178,JPEG,185197,2e476ebd43eb42f219c776864357a5be,c0e8f4cac65c66dc352ed8b16989b2223b97332bc4233061a5126dfee7da2da1,0.8,80c0683ed3e73cbd,aspect_ratio_extreme,552.1193766901861,True,False,cluster_01685,train,/home/dheirav/Code/Deepfake_Detection/deepfake-project/dataset_builder/train/ai_edited/c9sydmi_0.jpg
data_sources/ai_edited/IMD2020/c9uep5n_0.jpg,data_sources/ai_edited/IMD2020,ai_edited,700,305,2.2951,JPEG,75603,ca549f7e32ed80e2949da046ebbfb542,fbe36994ef8cf73dceeefffcc9be59eb675331c2ffb443593eb880443404458f,0.8,f25d0526de318f38,aspect_ratio_extreme,188.89461157612885,True,False,cluster_01707,train,/home/dheirav/Code/Deepfake_Detection/deepfake-project/dataset_builder/train/ai_edited/c9uep5n_0.jpg
data_sources/ai_edited/IMD2020/00009_fake.jpg,data_sources/ai_edited/IMD2020,ai_edited,960,720,1.3333,JPEG,176185,52ab5ee8cf954c6bba6c6da1b7073a5d,0e2b6e21fbca125302c62350a173924ef9da66ab66454defe746d3d64d4068c2,1.0,f8d5d13bd426d444,ok,393.44111117716756,True,True,cluster_00681,train,/home/dheirav/Code/Deepfake_Detection/deepfake-project/dataset_builder/train/ai_edited/00009_fake.jpg
data_sources/ai_edited/IMD2020/00010_fake_01.jpg,data_sources/ai_edited/IMD2020,ai_edited,860,777,1.1068,JPEG,477693,324c074200023833739adfad75c590ab,a627c806f9536fbf9a2bc7fa138b7b6cd073dd8ae2b240ea20cb0e9d3ae85844,1.0,e7b18ec80f7493a2,ok,627.6690355168672,True,True,cluster_00725,train,/home/dheirav/Code/Deepfake_Detection/deepfake-project/dataset_builder/train/ai_edited/00010_fake_01.jpg
data_sources/ai_edited/IMD2020/00010_fake_02.png,data_sources/ai_edited/IMD2020,ai_edited,808,632,1.2785,PNG,1052728,9311b3cd36e0afb47f92c150325b8236,dae8e50665fe951d7cacbd9f7947252d7c08d98f9457fc4e0cd8963606688ada,1.0,823a1f7447d4cf62,ok,2270.438309862347,True,True,cluster_00957,train,/home/dheirav/Code/Deepfake_Detection/deepfake-project/dataset_builder/train/ai_edited/00010_fake_02.png
data_sources/ai_edited/IMD2020/00022_fake.jpg,data_sources/ai_edited/IMD2020,ai_edited,343,271,1.2657,JPEG,65111,6166daeaec63bdd66c14860b18659fcb,d37bad2595a2d2e40b1d2afef7bfb25fe9cf1023a7c57bfe74526cb9c7b686bd,1.0,a1d22db74ab543cc,ok,2000.6907674604272,True,True,cluster_01660,train,/home/dheirav/Code/Deepfake_Detection/deepfake-project/dataset_builder/train/ai_edited/00022_fake.jpg
data_sources/ai_edited/IMD2020/00028_fake.jpg,data_sources/ai_edited/IMD2020,ai_edited,627,473,1.3256,JPEG,73883,5ebe396660b48400c5638ba0cccae0cd,49135fdbfffef2daa97cc002485b9412769efa9541a57093416be26d49ff9494,1.0,b0ce436d7c36b898,ok,268.6915168390138,True,True,cluster_01352,train,/home/dheirav/Code/Deepfake_Detection/deepfake-project/dataset_builder/train/ai_edited/00028_fake.jpg
data_sources/ai_edited/IMD2020/00030_fake.jpg,data_sources/ai_edited/IMD2020,ai_edited,404,281,1.4377,JPEG,49146,dd64f5b2371e3684a04d23e3f30c8dda,3c2a77f36d5b3ee53907ca11935d3219cc2b6571bb781b6050754745a742c19b,1.0,ac491b33b664c4dd,ok,1792.9716301132555,True,True,cluster_01652,train,/home/dheirav/Code/Deepfake_Detection/deepfake-project/dataset_builder/train/ai_edited/00030_fake.jpg
data_sources/ai_edited/IMD2020/00037_fake.jpg,data_sources/ai_edited/IMD2020,ai_edited,849,537,1.581,JPEG,236934,5c55dd5cc1bd5c75c9d1d60001e56a17,d20520e40f4fd3e90da9700271cca4e06e9d8d1eb6ba1dee06fd68e2d595e7c1,1.0,c5e53dd8ae4e7022,ok,9202.82161504453,True,True,cluster_01044,train,/home/dheirav/Code/Deepfake_Detection/deepfake-project/dataset_builder/train/ai_edited/00037_fake.jpg
data_sources/ai_edited/IMD2020/00041_fake.jpg,data_sources/ai_edited/IMD2020,ai_edited,267,272,0.9816,JPEG,45862,a5f1b655ea80d49099968272cefe4182,2c757306a730c31904d520e054a909f009be739099ff4d1327e5e6b3160cd58a,1.0,ef6391490898e7ea,ok,1176.5936815450884,True,True,cluster_01665,train,/home/dheirav/Code/Deepfake_Detection/deepfake-project/dataset_builder/train/ai_edited/00041_fake.jpg
data_sources/ai_edited/IMD2020/00050_fake.jpg,data_sources/ai_edited/IMD2020,ai_edited,324,375,0.864,JPEG,48689,a6482b94ed5529aa09cce7e0a215a1c9,84ecb5b01f976c84a17dd5ef511870b3ff94b049a1ec522a6eb4938071f16f84,1.0,a0a26adc9e9a8ddc,ok,605.9696391714679,True,True,cluster_01651,train,/home/dheirav/Code/Deepfake_Detection/deepfake-project/dataset_builder/train/ai_edited/00050_fake.jpg
data_sources/ai_edited/IMD2020/00064_fake.jpg,data_sources/ai_edited/IMD2020,ai_edited,699,451,1.5499,JPEG,70522,b948b0242eaa71e97888138317575452,8aacc3012fc1688eed56ad4ce32c5ee4fc39eab5836b1539a4d9928956f76382,1.0,aa85c6ce98b549ce,ok,215.1467377837538,True,True,cluster_01304,train,/home/dheirav/Code/Deepfake_Detection/deepfake-project/dataset_builder/train/ai_edited/00064_fake.jpg
data_sources/ai_edited/IMD2020/00065_fake.jpg,data_sources/ai_edited/IMD2020,ai_edited,346,527,0.6565,JPEG,78953,e057c8b2db9509c08b8fa0f5206aed27,b74c093da9f489435b10fe285c88e47b6b96627ad3c4e5148fed98637b74593d,1.0,82858dd8722b6f67,ok,2324.277666378304,True,True,cluster_01590,train,/home/dheirav/Code/Deepfake_Detection/deepfake-project/dataset_builder/train/ai_edited/00065_fake.jpg
data_sources/ai_edited/IMD2020/00088_fake.jpg,data_sources/ai_edited/IMD2020,ai_edited,598,403,1.4839,JPEG,124046,0f2b9cab48dad27e4c5f02aa83161cee,3e7123ad9ead26e941a89d89945d1d55aa0c8ed58578f3e1b1f3740fc0e65d01,1.0,c09595a17463cfd3,ok,9028.51009521408,True,True,cluster_01469,train,/home/dheirav/Code/Deepfake_Detection/deepfake-project/dataset_builder/train/ai_edited/00088_fake.jpg
data_sources/ai_edited/IMD2020/00104_fake.jpg,data_sources/ai_edited/IMD2020,ai_edited,263,363,0.7245,JPEG,46708,d36e991731efee5dda2b6774fc7bd680,69c9c2459f0eb5d780dee0a11c48dfb9296410aecf241a1e106550f0f2641a2f,1.0,b1b2bec11b15d0da,ok,280.5795322974483,True,True,cluster_01658,train,/home/dheirav/Code/Deepfake_Detection/deepfake-project/dataset_builder/train/ai_edited/00104_fake.jpg
data_sources/ai_edited/IMD2020/c8swtoq_0.jpg,data_sources/ai_edited/IMD2020,ai_edited,1920,1080,1.7778,JPEG,232407,bec0403edfc130112b38c0177e38fa5c,31df007ca5c14b6e9d84df9445b34ae5d5f831d75ecd3ee3f6474451982ad9e5,1.0,c96b96944c6b6996,ok,80.150052128442,True,True,cluster_00164,train,/home/dheirav/Code/Deepfake_Detection/deepfake-project/dataset_builder/train/ai_edited/c8swtoq_0.jpg
data_sources/ai_edited/IMD2020/c8t64te_0.jpg,data_sources/ai_edited/IMD2020,ai_edited,768,1024,0.75,JPEG,250699,8965aa3f54297688477a345c0cd31dfe,093b69b29081b8f7238fd2371f74834241437ce2236addcbd525cf625bf0918c,1.0,82c5c15b5eb7364c,ok,204.24156517287096,True,True,cluster_00544,train,/home/dheirav/Code/Deepfake_Detection/deepfake-project/dataset_builder/train/ai_edited/c8t64te_0.jpg
data_sources/ai_edited/IMD2020/c8tt7fg_0.jpg,data_sources/ai_edited/IMD2020,ai_edited,1000,748,1.3369,JPEG,223507,e1a62a834c9c5a19f309fe1190bcabcd,7aac674531ddc731129384a7f2e4ec18acaf1a81227271f140c94679edad3062,1.0,9cb8e072d18ee353,ok,483.2449724975764,True,True,cluster_00584,train,/home/dheirav/Code/Deepfake_Detection/deepfake-project/dataset_builder/train/ai_edited/c8tt7fg_0.jpg
data_sources/ai_edited/IMD2020/c8ttxcu_0.jpg,data_sources/ai_edited/IMD2020,ai_edited,1000,748,1.3369,JPEG,230978,f41f53c73228d7f63ff301dfa34b4c23,abddbf5313d62cc0163be4fdd0ee6727c7bc6aa982ce75bbf165f63bb5704ee7,1.0,9cb8a172d18ee34b,ok,510.2142144166244,True,True,cluster_00582,train,/home/dheirav/Code/Deepfake_Detection/deepfake-project/dataset_builder/train/ai_edited/c8ttxcu_0.jpg
data_sources/ai_edited/IMD2020/c8twn73_0.jpg,data_sources/ai_edited/IMD2020,ai_edited,1000,748,1.3369,JPEG,212506,ea15a1fbf73862740fb7382b2240d831,fffde698dfbffc272b022c055eec6659fb5843b37d246c6624a06f8b493e6717,1.0,acb8b032d08fe35b,ok,296.9306315289238,True,True,cluster_00586,train,/home/dheirav/Code/Deepfake_Detection/deepfake-project/dataset_builder/train/ai_edited/c8twn73_0.jpg
data_sources/ai_edited/IMD2020/c8twvej_0.jpg,data_sources/ai_edited/IMD2020,ai_edited,886,663,1.3363,JPEG,173775,592b2c9fea4bde6a443767434c8254bc,ed747823ba067b2cb9edfbe1230b4dae6b050fd3f89df6673ce6cd161ef81250,1.0,9cb8e132d0aee34b,ok,290.7318815028226,True,True,cluster_00860,train,/home/dheirav/Code/Deepfake_Detection/deepfake-project/dataset_builder/train/ai_edited/c8twvej_0.jpg
data_sources/ai_edited/IMD2020/c8txu5x_0.jpg,data_sources/ai_edited/IMD2020,ai_edited,1000,748,1.3369,JPEG,215117,d21924d14d44016b58b88441aaa8a24d,092897c6871ac73a5eedfa7d08b8d9d6908b9f86634fe2720367df3b1a56fd31,1.0,8eb8b171918e6ad3,ok,271.40194168935164,True,True,cluster_00585,train,/home/dheirav/Code/Deepfake_Detection/deepfake-project/dataset_builder/train/ai_edited/c8txu5x_0.jpg
data_sources/ai_edited/IMD2020/c8u0rrz_0.jpg,data_sources/ai_edited/IMD2020,ai_edited,620,464,1.3362,JPEG,173292,0e738b674e2622f57824269a7f5fa79f,53be38bea859187d90c632a3b5eafc5f1464dd3ea03574bf46ed046ce042f8eb,1.0,9cb8e172e18eb247,ok,831.7122322289238,True,True,cluster_01366,train,/home/dheirav/Code/Deepfake_Detection/deepfake-project/dataset_builder/train/ai_edited/c8u0rrz_0.jpg
data_sources/ai_edited/IMD2020/c8u86mv_0.jpg,data_sources/ai_edited/IMD2020,ai_edited,720,960,0.75,JPEG,221444,6558ea153c3a5a3a4ab00fe92d60aa42,d2898186dbe23be9993ce4a3012da80fcfeed913305fbb533af46a99ab83fdad,1.0,cb9bcaeb91284cd8,ok,2513.0038456561538,True,True,cluster_00669,train,/home/dheirav/Code/Deepfake_Detection/deepfake-project/dataset_builder/train/ai_edited/c8u86mv_0.jpg
data_sources/ai_edited/IMD2020/c8ua0at_0.jpg,data_sources/ai_edited/IMD2020,ai_edited,720,540,1.3333,JPEG,113554,4b664f6ef165047a1cdbf909f18d8ac2,e55acd0c0a0fc307170cca50b03a5d06054e70fc0b456da65234b8d7833365be,1.0,959c94dd7324bc91,ok,1960.9003605107362,True,True,cluster_01162,train,/home/dheirav/Code/Deepfake_Detection/deepfake-project/dataset_builder/train/ai_edited/c8ua0at_0.jpg
data_sources/ai_edited/IMD2020/c8uaesm_0.jpg,data_sources/ai_edited/IMD2020,ai_edited,720,960,0.75,JPEG,242411,8a8c0b61ce377b66ea6df8cbabed2ed2,400bbe7fffd35b5ee25662e4ab2066e57bd4a38a93256b349f60770f118f267d,1.0,8693ccafb3a84cd8,ok,2460.2933508513756,True,True,cluster_00665,train,/home/dheirav/Code/Deepfake_Detection/deepfake-project/dataset_builder/train/ai_edited/c8uaesm_0.jpg
data_sources/ai_edited/IMD2020/c8ubux0_0.jpg,data_sources/ai_edited/IMD2020,ai_edited,720,960,0.75,JPEG,162227,43556c54a219057e967bd7249b121b16,f065db0b239873226e0ccd947da39ca963e797abd101d5fd3279d39bdd9bf32f,1.0,cd99e9e991294cd8,ok,3555.2478496131844,True,True,cluster_00689,train,/home/dheirav/Code/Deepfake_Detection/deepfake-project/dataset_builder/train/ai_edited/c8ubux0_0.jpg
data_sources/ai_edited/IMD2020/c8uc2z3_0.jpg,data_sources/ai_edited/IMD2020,ai_edited,768,637,1.2057,JPEG,163714,9c6927734129c9af2fa2da12e4b742bb,02d57910c063715091cf75c16182e24c1332e996f1c3ec8f2a176f9cc40a8e88,1.0,f6c6a2f4d786c203,ok,3085.166345579564,True,True,cluster_00986,train,/home/dheirav/Code/Deepfake_Detection/deepfake-project/dataset_builder/train/ai_edited/c8uc2z3_0.jpg
data_sources/ai_edited/IMD2020/c8ue2m3_0.jpg,data_sources/ai_edited/IMD2020,ai_edited,978,550,1.7782,JPEG,272969,c4bf6371cd22ed2fcbe44962b5e0d639,97bf25d2771e1e66e3d33625884ec10d064cff4010274a6bcd46b7f228d749d1,1.0,bf40527f08a3663e,ok,11471.71993082611,True,True,cluster_00933,train,/home/dheirav/Code/Deepfake_Detection/deepfake-project/dataset_builder/train/ai_edited/c8ue2m3_0.jpg
data_sources/ai_edited/IMD2020/c8uf70a_0.jpg,data_sources/ai_edited/IMD2020,ai_edited,720,960,0.75,JPEG,245709,f4a41b3327ae8e5bcacc90c12c627c98,ea351479312f6d6360aaa7c8b37c689e97bfebc4d1c89a21facf08b02d2b1efd,1.0,ec93ecea906c58d8,ok,2191.302586975598,True,True,cluster_00664,train,/home/dheirav/Code/Deepfake_Detection/deepfake-project/dataset_builder/train/ai_edited/c8uf70a_0.jpg
data_sources/ai_edited/IMD2020/c8ufqah_0.png,data_sources/ai_edited/IMD2020,ai_edited,500,555,0.9009,PNG,451768,4452562747263b01019ef9697c195b3e,80ad599eede234db8f919951bef4662a47088386343049502acd54841bfae1a8,1.0,c4bba4ade8b4195a,ok,884.8550219055726,True,True,cluster_01379,train,/home/dheirav/Code/Deepfake_Detection/deepfake-project/dataset_builder/train/ai_edited/c8ufqah_0.png
data_sources/ai_edited/IMD2020/c8uiv5e_0.jpg,data_sources/ai_edited/IMD2020,ai_edited,606,654,0.9266,JPEG,83354,d77c7fcd1da68ee8e4b79a0253f28eb3,6b0e6d63e8769f5f70d76f4faf14c7ddc8d29256285a7391485c59040ce63df5,1.0,9a197d35e226d30b,ok,139.72737864437,True,True,cluster_01139,train,/home/dheirav/Code/Deepfake_Detection/deepfake-project/dataset_builder/train/ai_edited/c8uiv5e_0.jpg
data_sources/ai_edited/IMD2020/c8v2xno_0.jpg,data_sources/ai_edited/IMD2020,ai_edited,640,480,1.3333,JPEG,74005,4214099266af674ca8264ccc2d49971d,d6fcf5c2f78dcdec84e4cb455de159328906a25dc07d444979ea8a7b7198e358,1.0,9c6c2c93c3c99cdc,ok,159.67172826104695,True,True,cluster_01336,train,/home/dheirav/Code/Deepfake_Detection/deepfake-project/dataset_builder/train/ai_edited/c8v2xno_0.jpg
data_sources/ai_edited/IMD2020/c8v3tc5_0.png,data_sources/ai_edited/IMD2020,ai_edited,650,474,1.3713,PNG,426597,e6cc1f5fc8d3b4742f8648e934cc5a79,9ffeec269359127a31e4c109855d580221525ae1f37ff51060d752aad384f8d4,1.0,d0369e0fb963adc0,ok,245.03154798811406,True,True,cluster_01322,train,/home/dheirav/Code/Deepfake_Detection/deepfake-project/dataset_builder/train/ai_edited/c8v3tc5_0.png
data_sources/ai_edited/IMD2020/c8v70y3_0.png,data_sources/ai_edited/IMD2020,ai_edited,650,474,1.3713,PNG,358775,aaac64149a4814113c598f0482355194,396d4bdfefbfb11f4b673ec8f3921d5355e8216790f804ff384f4498685c030b,1.0,d6369649b16fad40,ok,283.34738059122293,True,True,cluster_01324,train,/home/dheirav/Code/Deepfake_Detection/deepfake-project/dataset_builder/train/ai_edited/c8v70y3_0.png
data_sources/ai_edited/IMD2020/c8vemkb_0.jpg,data_sources/ai_edited/IMD2020,ai_edited,1068,747,1.4297,JPEG,197584,6385417e0a99615afe02bc0d3ed66c50,497c19076a398904e578851308563741544d9b14070d860392228467904d8294,1.0,e6998d5395c1d1b8,ok,925.620207404778,True,True,cluster_00531,train,/home/dheirav/Code/Deepfake_Detection/deepfake-project/dataset_builder/train/ai_edited/c8vemkb_0.jpg
data_sources/ai_edited/IMD2020/c8vi1sj_0.png,data_sources/ai_edited/IMD2020,ai_edited,570,633,0.9005,PNG,559393,9a7ecc3c245aa5d4c1585122b2213f38,c0465f2312803fbe1494379bd18b7fbbc47ce413bf6194a63f3c970ebb8c69a4,1.0,c4bba4bde8b0195a,ok,912.3862306349442,True,True,cluster_01210,train,/home/dheirav/Code/Deepfake_Detection/deepfake-project/dataset_builder/train/ai_edited/c8vi1sj_0.png
data_sources/ai_edited/IMD2020/c8viohc_0.jpg,data_sources/ai_edited/IMD2020,ai_edited,1920,1200,1.6,JPEG,357146,6d46642ef4e0da8a24a9e968635ababc,911347e9238098854d16e39194ec489b4d104259497eddd477e06ad20e064e20,1.0,af99906e4b349c4b,ok,200.96154463499448,True,True,cluster_00121,train,/home/dheirav/Code/Deepfake_Detection/deepfake-project/dataset_builder/train/ai_edited/c8viohc_0.jpg
data_sources/ai_edited/IMD2020/c8vizkp_0.jpg,data_sources/ai_edited/IMD2020,ai_edited,1920,1200,1.6,JPEG,321236,157326827546e2e8e653ce8b6a0edfc9,9f341dfb024da69bd09a9375d75912cbdade1d34e934eb462c8f98b67ce9bcf2,1.0,ee9b91644a349d4b,ok,277.6747790099945,True,True,cluster_00125,train,/home/dheirav/Code/Deepfake_Detection/deepfake-project/dataset_builder/train/ai_edited/c8vizkp_0.jpg
data_sources/ai_edited/IMD2020/c8vkbiq_0.jpg,data_sources/ai_edited/IMD2020,ai_edited,1920,1200,1.6,JPEG,194433,b2e148c3e9f85919ee8cfb371dfff48e,a25fcfd93cf86cd7b60e5aed3dbf6c62166f434a12bf58525a79ed8341b2d460,1.0,ef9292ec642b99d0,ok,140.23153379381796,True,True,cluster_00128,train,/home/dheirav/Code/Deepfake_Detection/deepfake-project/dataset_builder/train/ai_edited/c8vkbiq_0.jpg
data_sources/ai_edited/IMD2020/c8vkf28_0.jpg,data_sources/ai_edited/IMD2020,ai_edited,1200,750,1.6,JPEG,270952,616b5e063e8961b7e216dee4ec131542,f1a8b0eefb60bc06a4b685a5c3ef25ccdacffb98e23e797b673917157b0f665c,1.0,ee9b916c48378d4a,ok,883.7267185248778,True,True,cluster_00449,train,/home/dheirav/Code/Deepfake_Detection/deepfake-project/dataset_builder/train/ai_edited/c8vkf28_0.jpg
data_sources/ai_edited/IMD2020/c8vm7al_0.jpg,data_sources/ai_edited/IMD2020,ai_edited,570,633,0.9005,JPEG,205354,adf5dd44c984b7f859b3b91e7207329a,f797b48fa8740e6dbe77a3d48b6c076cb0faa17cb77da8f03b937e31cd0f3b38,1.0,c4bba4ade8b019da,ok,947.2310806262943,True,True,cluster_01213,train,/home/dheirav/Code/Deepfake_Detection/deepfake-project/dataset_builder/train/ai_edited/c8vm7al_0.jpg
data_sources/ai_edited/IMD2020/c8vnyrx_0.jpg,data_sources/ai_edited/IMD2020,ai_edited,570,633,0.9005,JPEG,209320,428a3c594dd3a87ce3c1d6cab18bea2e,4fe12393127e5e30cc1871e1adc2ed651767b665b47aacc502376edae5d44226,1.0,c4bbacbde8b0194a,ok,626.6927210667868,True,True,cluster_01212,train,/home/dheirav/Code/Deepfake_Detection/deepfake-project/dataset_builder/train/ai_edited/c8vnyrx_0.jpg
data_sources/ai_edited/IMD2020/c8vo3wv_0.jpg,data_sources/ai_edited/IMD2020,ai_edited,1366,854,1.5995,JPEG,362224,8ce89f09add720a2d821effc0f82864d,e5413367c31692df59855718304a1ca02dd81c29168fd346d55e1ce267183975,1.0,ae9f916c60379c58,ok,734.8089669364239,True,True,cluster_00338,train,/home/dheirav/Code/Deepfake_Detection/deepfake-project/dataset_builder/train/ai_edited/c8vo3wv_0.jpg
data_sources/ai_edited/IMD2020/c8vol8v_0.jpg,data_sources/ai_edited/IMD2020,ai_edited,1920,1200,1.6,JPEG,358880,8369e64ed696467e49534a6060923779,39c4b974795b0f154ccd74285287da7cfadd47c140eeae2f4dfd02ac46cb3430,1.0,ee9b916c40379d52,ok,212.567982154898,True,True,cluster_00120,train,/home/dheirav/Code/Deepfake_Detection/deepfake-project/dataset_builder/train/ai_edited/c8vol8v_0.jpg
data_sources/ai_edited/IMD2020/c8voq23_0.jpg,data_sources/ai_edited/IMD2020,ai_edited,1068,747,1.4297,JPEG,168265,746d30b76be0523ed91f367e91106213,90a47fb5334f909f4b55c67cc2c3f6f7c4d7c1185418c39c425d9c177ddd37ce,1.0,cf8787c7c5c1d098,ok,1072.9562276199442,True,True,cluster_00533,train,/home/dheirav/Code/Deepfake_Detection/deepfake-project/dataset_builder/train/ai_edited/c8voq23_0.jpg
data_sources/ai_edited/IMD2020/c8vqhe0_0.jpg,data_sources/ai_edited/IMD2020,ai_edited,622,505,1.2317,JPEG,64492,330aeb6ed468bd05a1269e35cd852406,38607e9f99a67b9f8ba772a61ff7decdac692f1df29df91d8cb7531f84e1366f,1.0,d80d663e2c6c9367,ok,382.934578232254,True,True,cluster_01308,train,/home/dheirav/Code/Deepfake_Detection/deepfake-project/dataset_builder/train/ai_edited/c8vqhe0_0.jpg
data_sources/ai_edited/IMD2020/c8w0r2r_0.jpg,data_sources/ai_edited/IMD2020,ai_edited,1120,629,1.7806,JPEG,175748,48f5e654baceeec921df2b62af4de487,2c200582b3187a6ea1b82b2efdc82a743db80b5d927112756cd53a45d17ce8b3,1.0,baa8cc7ad26921e9,ok,742.0944411495962,True,True,cluster_00634,train,/home/dheirav/Code/Deepfake_Detection/deepfake-project/dataset_builder/train/ai_edited/c8w0r2r_0.jpg
data_sources/ai_edited/IMD2020/c8w0y2v_0.jpg,data_sources/ai_edited/IMD2020,ai_edited,1120,629,1.7806,JPEG,218481,1a921451912929d37e21b9c941b32798,a287c9691f06d776b76fd3cff603da1b558fe3ae882c50dae298e2131302a248,1.0,bea8c458b26d7368,ok,747.852395544533,True,True,cluster_00632,train,/home/dheirav/Code/Deepfake_Detection/deepfake-project/dataset_builder/train/ai_edited/c8w0y2v_0.jpg
data_sources/ai_edited/IMD2020/c8w9n2q_0.png,data_sources/ai_edited/IMD2020,ai_edited,475,550,0.8636,PNG,470195,f0044ad299a555bc92f0da4966231ad6,b63fba30e93ead042c2d9f31744b557e1ca334ddf9a4416e2f35cfda25c2d49c,1.0,faf2811e6989326e,ok,836.0770446580765,True,True,cluster_01438,train,/home/dheirav/Code/Deepfake_Detection/deepfake-project/dataset_builder/train/ai_edited/c8w9n2q_0.png
data_sources/ai_edited/IMD2020/c8wbo4v_0.jpg,data_sources/ai_edited/IMD2020,ai_edited,1280,960,1.3333,JPEG,376619,59cd4bbede74d42c950ac7fe8f320278,8e1056c7a1aad7c5f39341e757c2d7f0ee48469fd13f5872104cf2a1db469977,1.0,bab1c6a9c292f54c,ok,1036.186968109872,True,True,cluster_00319,train,/home/dheirav/Code/Deepfake_Detection/deepfake-project/dataset_builder/train/ai_edited/c8wbo4v_0.jpg
data_sources/ai_edited/IMD2020/c8wc5ln_0.png,data_sources/ai_edited/IMD2020,ai_edited,491,699,0.7024,PNG,460040,420c7bbc666f23b5d9e9956e8efbb94c,506bf1d736d7b1b84bc2344d1dc326eafac85780e0749385607e377e9c32216e,1.0,87527d65d08fd630,ok,600.2092752400987,True,True,cluster_01248,train,/home/dheirav/Code/Deepfake_Detection/deepfake-project/dataset_builder/train/ai_edited/c8wc5ln_0.png
data_sources/ai_edited/IMD2020/c8wclzm_0.jpg,data_sources/ai_edited/IMD2020,ai_edited,491,699,0.7024,JPEG,93967,b81ce334dadc15c001a33c76e9ed26c4,5c1b954de4029eb7db22461b45032a4830108ef8be15840810d95d177356de4c,1.0,875a7967d88e9630,ok,1037.1776445778512,True,True,cluster_01253,train,/home/dheirav/Code/Deepfake_Detection/deepfake-project/dataset_builder/train/ai_edited/c8wclzm_0.jpg
data_sources/ai_edited/IMD2020/c8wt4r2_0.jpg,data_sources/ai_edited/IMD2020,ai_edited,2332,1749,1.3333,JPEG,493603,da8e9ed799041f4b4a3c1ef3cf083a42,eaf1b59fb95f4e8931af9b4bcfad893bd0fb41306147aaf7e120275698d5e2fc,1.0,ce64b1c8a6f618b9,ok,82.79028208050991,True,True,cluster_00049,train,/home/dheirav/Code/Deepfake_Detection/deepfake-project/dataset_builder/train/ai_edited/c8wt4r2_0.jpg
data_sources/ai_edited/IMD2020/c8wufvd_0.png,data_sources/ai_edited/IMD2020,ai_edited,525,528,0.9943,PNG,414358,a1520e131e4e2115a82bd7811bde41f5,1c6394c76f46c87edd5f034f85893bc9d84fbcdfd776efbc8a894eba28c60bba,1.0,b4c3435ffa7101b1,ok,2362.004874427628,True,True,cluster_01380,train,/home/dheirav/Code/Deepfake_Detection/deepfake-project/dataset_builder/train/ai_edited/c8wufvd_0.png
data_sources/ai_edited/IMD2020/c8wuvts_0.png,data_sources/ai_edited/IMD2020,ai_edited,525,528,0.9943,PNG,406988,97d60e036f0a5a20023d5ca0a292cfdc,ffd7f4fa96bccf9edb299256557beca1f37190fbdb94231ae5f2d42e3c99ff54,1.0,b0c04b5ffa7d01b1,ok,2373.703265481018,True,True,cluster_01381,train,/home/dheirav/Code/Deepfake_Detection/deepfake-project/dataset_builder/train/ai_edited/c8wuvts_0.png
data_sources/ai_edited/IMD2020/c8xa1qd_0.jpg,data_sources/ai_edited/IMD2020,ai_edited,960,639,1.5023,JPEG,235320,1f67eb2a8c6342c56692f954d2e6f4ef,8584fe32a2593f5453558e910fa26177a6bef7cefd9ab0562ec7cdf0670a0be1,1.0,c3e9cda2b8d41e92,ok,323.3633124422262,True,True,cluster_00811,train,/home/dheirav/Code/Deepfake_Detection/deepfake-project/dataset_builder/train/ai_edited/c8xa1qd_0.jpg
data_sources/ai_edited/IMD2020/c8xbjz3_0.jpg,data_sources/ai_edited/IMD2020,ai_edited,800,538,1.487,JPEG,156605,3418041b583ac70815a272575050a1b4,77180396da18ceea49e1df3b6ec624ce58676eaf9fe6af2ccd7e81670221f4b6,1.0,b4e03b744b47ec43,ok,437.93900032629364,True,True,cluster_01088,train,/home/dheirav/Code/Deepfake_Detection/deepfake-project/dataset_builder/train/ai_edited/c8xbjz3_0.jpg
data_sources/ai_edited/IMD2020/c8xd6bv_0.jpg,data_sources/ai_edited/IMD2020,ai_edited,960,639,1.5023,JPEG,92247,ab89de4e39e000c8b9dd2d90d3d71eae,b39070ff194dd09a499be425434a139b56d922492cf32945048c13c63ce9b1d4,1.0,c3e9d92ea2d41c96,ok,238.72358749164508,True,True,cluster_00817,train,/home/dheirav/Code/Deepfake_Detection/deepfake-project/dataset_builder/train/ai_edited/c8xd6bv_0.jpg
data_sources/ai_edited/IMD2020/c8xgdhj_0.jpg,data_sources/ai_edited/IMD2020,ai_edited,631,466,1.3541,JPEG,78291,fb55da1334169a8928f6d7398de01cf8,0959e14df1d7f02073b600efa50991a42bcb9d08df6bee648f5228d92323aadf,1.0,c72c16148796ccfd,ok,757.1247501075029,True,True,cluster_01356,train,/home/dheirav/Code/Deepfake_Detection/deepfake-project/dataset_builder/train/ai_edited/c8xgdhj_0.jpg
data_sources/ai_edited/IMD2020/c8xgnf4_0.jpg,data_sources/ai_edited/IMD2020,ai_edited,531,663,0.8009,JPEG,106514,2f9d09db18635767361c372a0c39c6be,1e47f450a8911a0c3e3b96646eb041cda22e9aa1318763222691ee61f5786bf8,1.0,bbeebbb81311c484,ok,586.3864721028966,True,True,cluster_01227,train,/home/dheirav/Code/Deepfake_Detection/deepfake-project/dataset_builder/train/ai_edited/c8xgnf4_0.jpg
data_sources/ai_edited/IMD2020/c8xujpn_0.jpg,data_sources/ai_edited/IMD2020,ai_edited,680,453,1.5011,JPEG,61275,d1ad79d9e0e4f610b97c89f4ceab9dc1,93979a802ad6b2e609318cb420501c4a356a368e8ff5b6476c02f81b23b659cd,1.0,d9336cc41739c16e,ok,133.49799071621445,True,True,cluster_01326,train,/home/dheirav/Code/Deepfake_Detection/deepfake-project/dataset_builder/train/ai_edited/c8xujpn_0.jpg
data_sources/ai_edited/IMD2020/c8y2vvo_0.jpg,data_sources/ai_edited/IMD2020,ai_edited,900,611,1.473,JPEG,93456,57fa9427fc90bd9abaedf0d2e4fc6df8,e13cf66ca9253e93024b5fc3342c97abfd1951bcd3b0ad60727ee2a9befb8857,1.0,a4f09bdc3a17c5c4,ok,940.0193229037692,True,True,cluster_00901,train,/home/dheirav/Code/Deepfake_Detection/deepfake-project/dataset_builder/train/ai_edited/c8y2vvo_0.jpg
data_sources/ai_edited/IMD2020/c8y55d9_0.jpg,data_sources/ai_edited/IMD2020,ai_edited,900,611,1.473,JPEG,217082,cf050aff43bdd1165ae59c38c94b679d,8c883af0a83f43d2e0bf88dc90d544b45cdada984ead70697646eab3331459bb,1.0,c4f1bbcc3845cf14,ok,1002.9192464601957,True,True,cluster_00894,train,/home/dheirav/Code/Deepfake_Detection/deepfake-project/dataset_builder/train/ai_edited/c8y55d9_0.jpg
data_sources/ai_edited/IMD2020/c8y5f1t_0.jpg,data_sources/ai_edited/IMD2020,ai_edited,900,611,1.473,JPEG,186785,471bc683e7025aa9fefb0a06669fa808,b7008c93c427a0b14d7f7a74ce56df7cbecc0c30d9fd7972654860105dacc2a9,1.0,e0d19b703845cf76,ok,743.5541046967788,True,True,cluster_00898,train,/home/dheirav/Code/Deepfake_Detection/deepfake-project/dataset_builder/train/ai_edited/c8y5f1t_0.jpg
data_sources/ai_edited/IMD2020/c8yaujz_0.jpg,data_sources/ai_edited/IMD2020,ai_edited,876,655,1.3374,JPEG,215385,e0ec7d57c8e6acc1d85f4ac144228285,f2649ec13cafe2d3965f604f85baf78abbf18212f63a023c2fb06c440a0af69c,1.0,f107ccb1f3891e8a,ok,196.7175002291574,True,True,cluster_00878,train,/home/dheirav/Code/Deepfake_Detection/deepfake-project/dataset_builder/train/ai_edited/c8yaujz_0.jpg
data_sources/ai_edited/IMD2020/c8ybsvm_0.png,data_sources/ai_edited/IMD2020,ai_edited,900,611,1.473,PNG,761533,3b71208c5747ae7d3374e0fd5b5a86b0,d711b19965fa959eaed0bc98e4cfbdd6def8c90d98cb257224947f25df375b28,1.0,c136bbc934652ec5,ok,3504.2819716831086,True,True,cluster_00893,train,/home/dheirav/Code/Deepfake_Detection/deepfake-project/dataset_builder/train/ai_edited/c8ybsvm_0.png
data_sources/ai_edited/IMD2020/c8yhi3a_0.jpg,data_sources/ai_edited/IMD2020,ai_edited,960,635,1.5118,JPEG,217395,b585627d8ecddaf910de4b51270213cd,fc48edfed3b2e6d1e79e7c4594ca5e4de680f7b54e0aaeabbbc040d9d83f5596,1.0,e1552fc51dea1d11,ok,1996.2756758189803,True,True,cluster_00825,train,/home/dheirav/Code/Deepfake_Detection/deepfake-project/dataset_builder/train/ai_edited/c8yhi3a_0.jpg
data_sources/ai_edited/IMD2020/c8yj464_0.png,data_sources/ai_edited/IMD2020,ai_edited,600,400,1.5,PNG,282356,95da87e29004ca380717fd2b1c5f4e40,9efa9e9fa310320e4501d7b1690c4d444f4bccf4345d4295dd2f630843c07c3d,1.0,c7c1310cce393cde,ok,1097.8155814166494,True,True,cluster_01474,train,/home/dheirav/Code/Deepfake_Detection/deepfake-project/dataset_builder/train/ai_edited/c8yj464_0.png
data_sources/ai_edited/IMD2020/c8yjv4u_0.jpg,data_sources/ai_edited/IMD2020,ai_edited,549,732,0.75,JPEG,141088,0ddb833f766f922356eb7223aa5f6f30,498e6d29a094f521c26c34e384663d681c94dfba5a634c9fa18cd6913ec8b0bc,1.0,c743397812e763c5,ok,365.92993569443934,True,True,cluster_01132,train,/home/dheirav/Code/Deepfake_Detection/deepfake-project/dataset_builder/train/ai_edited/c8yjv4u_0.jpg
data_sources/ai_edited/IMD2020/c8ynnae_0.jpg,data_sources/ai_edited/IMD2020,ai_edited,453,604,0.75,JPEG,202232,cbe22c813d6d0795149d8b329a057846,f80cc1574d714350d8880b99c475286e5d3203c98d6602f98191f2a11c6f2987,1.0,c763217806e778cd,ok,541.947800873611,True,True,cluster_01391,train,/home/dheirav/Code/Deepfake_Detection/deepfake-project/dataset_builder/train/ai_edited/c8ynnae_0.jpg
data_sources/ai_edited/IMD2020/c8ypb15_0.jpg,data_sources/ai_edited/IMD2020,ai_edited,570,452,1.2611,JPEG,122864,9f912cf2aa8a8878848ea288442c0e8c,c4be789123466248387b8855b882690e632e16bc721b1b4dd4449bee123aebdc,1.0,e1c58d5c3e56a253,ok,570.8792760870101,True,True,cluster_01443,train,/home/dheirav/Code/Deepfake_Detection/deepfake-project/dataset_builder/train/ai_edited/c8ypb15_0.jpg
data_sources/ai_edited/IMD2020/c8z3m7v_0.jpg,data_sources/ai_edited/IMD2020,ai_edited,1152,768,1.5,JPEG,183146,2ec38c6d28d5e013f3e4ac7006845234,8ffb89306183405479c4d000bdb2b097feb7126bbb5f0b469a586b5699d7a3d4,1.0,de9965866cd81a35,ok,736.6592090657832,True,True,cluster_00472,train,/home/dheirav/Code/Deepfake_Detection/deepfake-project/dataset_builder/train/ai_edited/c8z3m7v_0.jpg
data_sources/ai_edited/IMD2020/c8z3q6p_0.png,data_sources/ai_edited/IMD2020,ai_edited,1152,768,1.5,PNG,667862,488011af1dcf903dba501731fe13bbd1,5543364c95a2fdc9c7e3b4e8f90396c5a962f175e37bd1a40b59b31569b444df,1.0,b6d16996669c9865,ok,914.2514614529068,True,True,cluster_00469,train,/home/dheirav/Code/Deepfake_Detection/deepfake-project/dataset_builder/train/ai_edited/c8z3q6p_0.png
data_sources/ai_edited/IMD2020/c8z50ak_0.png,data_sources/ai_edited/IMD2020,ai_edited,1152,768,1.5,PNG,606541,bf7f06d99ccd56d45dcc09187543ba16,4ac9585b6cc7b6d2c2699a889d0af20563b070d66ef60b53a63a956f46d5d2b6,1.0,ef90d48b4cfe6814,ok,400.5920240566612,True,True,cluster_00470,train,/home/dheirav/Code/Deepfake_Detection/deepfake-project/dataset_builder/train/ai_edited/c8z50ak_0.png
data_sources/ai_edited/IMD2020/c8z82ta_0.jpg,data_sources/ai_edited/IMD2020,ai_edited,1152,768,1.5,JPEG,143656,96e4fd4b1e35e7db795e931dfa6ced87,6699ee519e11fd8b7b99369d7f759af97f6e6c5af42d84d27b5a3ee7888bcd6a,1.0,f79068ab46fe6814,ok,561.0109750213119,True,True,cluster_00474,train,/home/dheirav/Code/Deepfake_Detection/deepfake-project/dataset_builder/train/ai_edited/c8z82ta_0.jpg
data_sources/ai_edited/IMD2020/c8zefoe_0.jpg,data_sources/ai_edited/IMD2020,ai_edited,1200,704,1.7045,JPEG,337306,f37ca0eb1b86b062b6189cfed6809f6d,9ff69343cb571389872c628564fb51216284466a36a690e08de4e1ef5565a88c,1.0,80126f2b9a961e7f,ok,1151.4765726473033,True,True,cluster_00502,train,/home/dheirav/Code/Deepfake_Detection/deepfake-project/dataset_builder/train/ai_edited/c8zefoe_0.jpg
data_sources/ai_edited/IMD2020/c8zijis_0.jpg,data_sources/ai_edited/IMD2020,ai_edited,1600,1200,1.3333,JPEG,447937,9a86321c6ff147f7f8d6e613db773f75,56bfe7e981ba3f64e2309cbde5a749342961f73035fa408e0d8188fba697008b,1.0,babc45da273cc0d8,ok,1930.8830382671345,True,True,cluster_00179,train,/home/dheirav/Code/Deepfake_Detection/deepfake-project/dataset_builder/train/ai_edited/c8zijis_0.jpg
data_sources/ai_edited/IMD2020/c8zj217_0.jpg,data_sources/ai_edited/IMD2020,ai_edited,635,723,0.8783,JPEG,61027,c9095c5a17cd4bea5ca0863317db3434,7a2fe4d9829db2b4cc6be8223d9569d6e0e1f45290ed782fd13f2e07a1babafb,1.0,c0e0791f0f71398f,ok,616.5484919613857,True,True,cluster_01037,train,/home/dheirav/Code/Deepfake_Detection/deepfake-project/dataset_builder/train/ai_edited/c8zj217_0.jpg
data_sources/ai_edited/IMD2020/c8zjp3h_0.jpg,data_sources/ai_edited/IMD2020,ai_edited,633,720,0.8792,JPEG,165247,9a8d1741fb6c5fbd13f7053375eb152b,09c6435a63bfd7e88083c23f4f750cdc2985d77556f1f0df26e0c5361e12bae0,1.0,c0e0791f1f613b96,ok,269.74312044339564,True,True,cluster_01047,train,/home/dheirav/Code/Deepfake_Detection/deepfake-project/dataset_builder/train/ai_edited/c8zjp3h_0.jpg
data_sources/ai_edited/IMD2020/c8zkjgp_0.jpg,data_sources/ai_edited/IMD2020,ai_edited,611,404,1.5124,JPEG,63437,df99c308f49bccb54cdfa6a39ce20fe2,19d822c39fb07e9e422a42c75e1ce045e68c021d7027d72741aff153a96a768c,1.0,ecb65a1a72f1c161,ok,1232.4142590041715,True,True,cluster_01458,train,/home/dheirav/Code/Deepfake_Detection/deepfake-project/dataset_builder/train/ai_edited/c8zkjgp_0.jpg
data_sources/ai_edited/IMD2020/c8zp10g_0.jpg,data_sources/ai_edited/IMD2020,ai_edited,800,566,1.4134,JPEG,248077,e43ca8a55818946e5201671784d9872d,a93f0fb729a549fd16329ce51f90986d267e4582fb47a0bc07cfc1227de915b9,1.0,d2b1a9ee944c6ae4,ok,720.4875322516152,True,True,cluster_01053,train,/home/dheirav/Code/Deepfake_Detection/deepfake-project/dataset_builder/train/ai_edited/c8zp10g_0.jpg
data_sources/ai_edited/IMD2020/c8zstoa_0.jpg,data_sources/ai_edited/IMD2020,ai_edited,1024,768,1.3333,JPEG,331676,25bf5f5ba7ac02994633feadcfac4b0c,f27cd933ddfae8589eeb6c933f25616f881f03567a497d428fe3c00a94e1b687,1.0,e1674746fc031f07,ok,3621.8810854802273,True,True,cluster_00539,train,/home/dheirav/Code/Deepfake_Detection/deepfake-project/dataset_builder/train/ai_edited/c8zstoa_0.jpg
data_sources/ai_edited/IMD2020/c8zt718_0.png,data_sources/ai_edited/IMD2020,ai_edited,856,480,1.7833,PNG,265003,89a17043a5feea81b2eb54574030274e,2bd4fc3c7e4d489416a666e740bc19075899991d3d6c0ee317389fa4328c7fab,1.0,9f95306a4b6a66a5,ok,140.2365532505566,True,True,cluster_01123,train,/home/dheirav/Code/Deepfake_Detection/deepfake-project/dataset_builder/train/ai_edited/c8zt718_0.png
data_sources/ai_edited/IMD2020/c8ztmnk_0.jpg,data_sources/ai_edited/IMD2020,ai_edited,1985,1310,1.5153,JPEG,649166,fd84c0e9f84abe492bf2197e912ca030,e3d5077e78596efd4d92df5d36c974787a58b4ab63093d459b7af54d2487834d,1.0,9a8ab27c9d4bb650,ok,5541.44005362972,True,True,cluster_00103,train,/home/dheirav/Code/Deepfake_Detection/deepfake-project/dataset_builder/train/ai_edited/c8ztmnk_0.jpg
data_sources/ai_edited/IMD2020/c8zu1fj_0.jpg,data_sources/ai_edited/IMD2020,ai_edited,596,620,0.9613,JPEG,240695,f3b0c8cde7ee1e2373ba156897fbc501,c25b0cb77eb3ec563a556c2d10356d4b9db02f4da8932179c6c59087a2ec6961,1.0,c3ff91a3ec2214b8,ok,2319.912150858359,True,True,cluster_01197,train,/home/dheirav/Code/Deepfake_Detection/deepfake-project/dataset_builder/train/ai_edited/c8zu1fj_0.jpg
data_sources/ai_edited/IMD2020/c8zvzmp_0.jpg,data_sources/ai_edited/IMD2020,ai_edited,1534,1023,1.4995,JPEG,227506,7a9f436a85030e9e7d9db63a5f7aed97,bca9dfd638ca110c0ce2f7797c3b3d64ec8ec349e8a0560ae908266decae67d1,1.0,d705da5aa5bc9641,ok,224.40249088835122,True,True,cluster_00248,train,/home/dheirav/Code/Deepfake_Detection/deepfake-project/dataset_builder/train/ai_edited/c8zvzmp_0.jpg
data_sources/ai_edited/IMD2020/c8zw8i7_0.jpg,data_sources/ai_edited/IMD2020,ai_edited,594,396,1.5,JPEG,63575,8a0e883bd108218e0cfd129a4ca087d4,461f9628b47e2b178c2ba7e8f561ad8476c1cb3045828eb8ecdb3b1be0622d58,1.0,d97622e19fe1290d,ok,423.7301156861797,True,True,cluster_01494,train,/home/dheirav/Code/Deepfake_Detection/deepfake-project/dataset_builder/train/ai_edited/c8zw8i7_0.jpg
data_sources/ai_edited/IMD2020/c8zymv9_0.jpg,data_sources/ai_edited/IMD2020,ai_edited,788,768,1.026,JPEG,166739,7e31526f41578475c072c97699e80514,6f165d6eb417ab240946858273643da414cbdafff00e21fd79aeb077c18a279f,1.0,fce0923fc51a64ca,ok,1219.0037961306139,True,True,cluster_00833,train,/home/dheirav/Code/Deepfake_Detection/deepfake-project/dataset_builder/train/ai_edited/c8zymv9_0.jpg
data_sources/ai_edited/IMD2020/c90580v_0.jpg,data_sources/ai_edited/IMD2020,ai_edited,2140,1433,1.4934,JPEG,675261,9fa9d6e38152619d94cd77ae041e694c,0a11f2f35cc2a8172646c084c5ebdf9d2dbd7ce43d148f7031617ff1e28f6f5c,1.0,b63067173ae6823e,ok,461.10479371618896,True,True,cluster_00074,train,/home/dheirav/Code/Deepfake_Detection/deepfake-project/dataset_builder/train/ai_edited/c90580v_0.jpg
data_sources/ai_edited/IMD2020/c909zbe_0.jpg,data_sources/ai_edited/IMD2020,ai_edited,1633,1043,1.5657,JPEG,301195,8bf5f93d14a2ca5ff08ca871b90b38e3,ea93eafb57d795de5bdca56cc44adb2f524afe85f9117efc21f1f5cf675cc8a1,1.0,f898874664fdb922,ok,170.5570781396984,True,True,cluster_00224,train,/home/dheirav/Code/Deepfake_Detection/deepfake-project/dataset_builder/train/ai_edited/c909zbe_0.jpg
data_sources/ai_edited/IMD2020/c90coip_0.jpg,data_sources/ai_edited/IMD2020,ai_edited,858,536,1.6007,JPEG,127578,15294417c0bb8799397b2b6f004b91a7,7f386f74a995e5ac5b6c9b2c3588801d53741b57dae45558a7b5a3c12458541f,1.0,c3b7fec964190926,ok,450.6380551419757,True,True,cluster_01034,train,/home/dheirav/Code/Deepfake_Detection/deepfake-project/dataset_builder/train/ai_edited/c90coip_0.jpg
data_sources/ai_edited/IMD2020/c90dflh_0.jpg,data_sources/ai_edited/IMD2020,ai_edited,858,536,1.6007,JPEG,253709,eec9a31c1db5c15e3b3a10b4fdda4aaf,bacdca7c93b5c96133cbb1316edb3c90493f629b6c75826f674cfecf37788b47,1.0,d69ff2bbe0102e06,ok,366.7192293596371,True,True,cluster_01030,train,/home/dheirav/Code/Deepfake_Detection/deepfake-project/dataset_builder/train/ai_edited/c90dflh_0.jpg
data_sources/ai_edited/IMD2020/c90do08_0.jpg,data_sources/ai_edited/IMD2020,ai_edited,620,388,1.5979,JPEG,108496,90c0d3fae7751b0a455d82eb1e4e418f,3f1a63825575d7de5e6b025159c62c3df9b81add08f9fdda318b001420d9c0ac,1.0,8a67e590f10e6d4e,ok,11364.243903887807,True,True,cluster_01471,train,/home/dheirav/Code/Deepfake_Detection/deepfake-project/dataset_builder/train/ai_edited/c90do08_0.jpg
data_sources/ai_edited/IMD2020/c90dujh_0.jpg,data_sources/ai_edited/IMD2020,ai_edited,1200,900,1.3333,JPEG,211701,2463403cb22ded762eb52ad294bc5a9e,92ff7ecb6c1d7b8b510864275ed9bb771e4b649a2588f0595d556f57f12a8003,1.0,9e7be5e261199826,ok,148.93402591573303,True,True,cluster_00368,train,/home/dheirav/Code/Deepfake_Detection/deepfake-project/dataset_builder/train/ai_edited/c90dujh_0.jpg
data_sources/ai_edited/IMD2020/c90ef5n_0.jpg,data_sources/ai_edited/IMD2020,ai_edited,858,536,1.6007,JPEG,56082,6c0e4407dc6270334b22ae34f973c116,f0d57275b5629dea1b96a6444a593ce347c72352d54cfed6bbf34f4a998193c8,1.0,c3f69049671b2d66,ok,427.1760433080774,True,True,cluster_01035,train,/home/dheirav/Code/Deepfake_Detection/deepfake-project/dataset_builder/train/ai_edited/c90ef5n_0.jpg
data_sources/ai_edited/IMD2020/c90g2uu_0.jpg,data_sources/ai_edited/IMD2020,ai_edited,2048,1251,1.6371,JPEG,269550,4db84aa07dbd690deb66c6f31471e6d9,d1ec1fd006bd1a47d4e044bac656147cff3198ffde15fb08943d4979538a6884,1.0,b8b8a3475ed8b82a,ok,130.9487160189785,True,True,cluster_00104,train,/home/dheirav/Code/Deepfake_Detection/deepfake-project/dataset_builder/train/ai_edited/c90g2uu_0.jpg
data_sources/ai_edited/IMD2020/c90k1ai_0.jpg,data_sources/ai_edited/IMD2020,ai_edited,750,828,0.9058,JPEG,233873,1de6a592de0687a7202f58345d294c9b,e4d4b8720eae586cb34954e6591c6dd3350b641fd6f3499cccb3feb8581da017,1.0,af9534262455c9eb,ok,2852.106585002007,True,True,cluster_00778,train,/home/dheirav/Code/Deepfake_Detection/deepfake-project/dataset_builder/train/ai_edited/c90k1ai_0.jpg
data_sources/ai_edited/IMD2020/c90n1qm_0.jpg,data_sources/ai_edited/IMD2020,ai_edited,960,720,1.3333,JPEG,164997,37ec74cf43f737350d45b9d82cef8f1b,73212168848f051d1da3ad919e2641c0007448fa3ab6ba2e602bd5c0e87a4541,1.0,f4ce2a31cb33998c,ok,635.1130603518304,True,True,cluster_00687,train,/home/dheirav/Code/Deepfake_Detection/deepfake-project/dataset_builder/train/ai_edited/c90n1qm_0.jpg
data_sources/ai_edited/IMD2020/c90oh9u_0.jpg,data_sources/ai_edited/IMD2020,ai_edited,376,299,1.2575,JPEG,24961,8aca7b115f776190691c1b76d5772922,ac2fb28ab74a1fba75de437334795e54c97ae18e395b89367df5d01120b10d80,1.0,9cf30ec4f94063b6,ok,1027.94183144523,True,True,cluster_01653,train,/home/dheirav/Code/Deepfake_Detection/deepfake-project/dataset_builder/train/ai_edited/c90oh9u_0.jpg
data_sources/ai_edited/IMD2020/c90okur_0.jpg,data_sources/ai_edited/IMD2020,ai_edited,299,438,0.6826,JPEG,23819,575b96628811efb6dc8148782a266bbe,f5ac9e51984d08b9d0be491e2e3145b50b4ed9d772110a6f7290537258b58890,1.0,d93c5b0c34e32cd3,ok,411.3162439125772,True,True,cluster_01648,train,/home/dheirav/Code/Deepfake_Detection/deepfake-project/dataset_builder/train/ai_edited/c90okur_0.jpg
data_sources/ai_edited/IMD2020/c90omlo_0.jpg,data_sources/ai_edited/IMD2020,ai_edited,1500,1200,1.25,JPEG,467610,113dbfe2f0e6383bbd1ccf93e6fd577a,d821835b076665aead543b644c89dcfbad2fd3590efab7f9b911952626ae7f99,1.0,f9ba1e16c219b9c8,ok,1133.9071044903626,True,True,cluster_00205,train,/home/dheirav/Code/Deepfake_Detection/deepfake-project/dataset_builder/train/ai_edited/c90omlo_0.jpg
data_sources/ai_edited/IMD2020/c90ra8t_0.jpg,data_sources/ai_edited/IMD2020,ai_edited,1000,547,1.8282,JPEG,161788,b99398863c0ade8e7421a8f482272704,4f3eb2d0793c0cf079dc1335505d35cb020bb35adb76add427ff064e519d0149,1.0,f987da2569863cb0,ok,818.8608031660511,True,True,cluster_00905,train,/home/dheirav/Code/Deepfake_Detection/deepfake-project/dataset_builder/train/ai_edited/c90ra8t_0.jpg
data_sources/ai_edited/IMD2020/c90rlp6_0.jpg,data_sources/ai_edited/IMD2020,ai_edited,576,440,1.3091,JPEG,49573,e4d48bf57b11b5856d1cb172bfc44120,252c6b30d3ce519da81ff28513bd199b0c0554129ded0d760996f2a806b4f828,1.0,8705c8466cf15d7d,ok,590.7974119199207,True,True,cluster_01446,train,/home/dheirav/Code/Deepfake_Detection/deepfake-project/dataset_builder/train/ai_edited/c90rlp6_0.jpg
data_sources/ai_edited/IMD2020/c90sb3t_0.jpg,data_sources/ai_edited/IMD2020,ai_edited,640,427,1.4988,JPEG,107191,32a02734110ce9c8bd7c98d7a55a7af4,2490442cb0fa3775d4355a8d533dd2ce838d224ea3a8aa84787a379bf8fb61d1,1.0,c1bc2a813eeb1fe0,ok,828.7424260535192,True,True,cluster_01395,train,/home/dheirav/Code/Deepfake_Detection/deepfake-project/dataset_builder/train/ai_edited/c90sb3t_0.jpg
data_sources/ai_edited/IMD2020/c90sp6y_0.jpg,data_sources/ai_edited/IMD2020,ai_edited,1200,800,1.5,JPEG,234416,28aaa5f0370024b5b7b041b451360355,3af1466fce8af19214c54a21d002c483a283a350eb50b6fa0cfcf4221dfb77da,1.0,926d2a926d9a996e,ok,482.6274578779124,True,True,cluster_00404,train,/home/dheirav/Code/Deepfake_Detection/deepfake-project/dataset_builder/train/ai_edited/c90sp6y_0.jpg
data_sources/ai_edited/IMD2020/c90xtlr_0.png,data_sources/ai_edited/IMD2020,ai_edited,960,552,1.7391,PNG,663584,0f490f69103ed75d44a73789f3908018,6b90d667bceb88a3878bbf3955fa78905f7aa897e923e71ecca20d22ca2aaf39,1.0,91d44e77b98c1617,ok,151.032341354827,True,True,cluster_00940,train,/home/dheirav/Code/Deepfake_Detection/deepfake-project/dataset_builder/train/ai_edited/c90xtlr_0.png
data_sources/ai_edited/IMD2020/c90yb6c_0.jpg,data_sources/ai_edited/IMD2020,ai_edited,672,516,1.3023,JPEG,86481,5adeaeee641c09fbf1dafd62d181a456,cb3fedf583bf6b1e27374eb5ab66ab65a5042c3bc6de548635cb2e30e6f6a4d9,1.0,f5544b09e43cb693,ok,1999.012472506839,True,True,cluster_01237,train,/home/dheirav/Code/Deepfake_Detection/deepfake-project/dataset_builder/train/ai_edited/c90yb6c_0.jpg
data_sources/ai_edited/IMD2020/c90z7wb_0.png,data_sources/ai_edited/IMD2020,ai_edited,460,345,1.3333,PNG,216686,85d0f0dfbed343842860afe9502957df,e833bf50435f29c79e7fd1f8851bf03154b4ff5b8ea7ca5445328dee7e11a977,1.0,e8f2d5911c6cce85,ok,604.6769694479683,True,True,cluster_01623,train,/home/dheirav/Code/Deepfake_Detection/deepfake-project/dataset_builder/train/ai_edited/c90z7wb_0.png
data_sources/ai_edited/IMD2020/c90zh16_0.jpg,data_sources/ai_edited/IMD2020,ai_edited,615,462,1.3312,JPEG,69263,48ed84d29e1eeac352d1a387ef25733a,cddec187989a47e4a439ec721e7a6ee808625b42a41d1631c5b0b4942aad08ae,1.0,f140873e5e996867,ok,375.7250038126105,True,True,cluster_01371,train,/home/dheirav/Code/Deepfake_Detection/deepfake-project/dataset_builder/train/ai_edited/c90zh16_0.jpg
data_sources/ai_edited/IMD2020/c911e7z_0.jpg,data_sources/ai_edited/IMD2020,ai_edited,960,960,1.0,JPEG,159078,15e8753c7d1e388f0eca5ba10fca7d10,42515015b7d3b120927223d872453bd7013de23b42da74e88f45d8b2e07bf892,1.0,95cc6a23d44fab64,ok,158.18643322159448,True,True,cluster_00441,train,/home/dheirav/Code/Deepfake_Detection/deepfake-project/dataset_builder/train/ai_edited/c911e7z_0.jpg
data_sources/ai_edited/IMD2020/c91338s_0.jpg,data_sources/ai_edited/IMD2020,ai_edited,960,622,1.5434,JPEG,76817,f60e5a47f22b772b72e7a0ac33bbcaa0,d21689797ff64d4ccc36395aec64ba4c7d946f5a52e9fbe4d2def730a0a4f2ce,1.0,b0d5c07fbb464d22,ok,199.34260783647898,True,True,cluster_00844,train,/home/dheirav/Code/Deepfake_Detection/deepfake-project/dataset_builder/train/ai_edited/c91338s_0.jpg
data_sources/ai_edited/IMD2020/c9163k4_0.jpg,data_sources/ai_edited/IMD2020,ai_edited,490,584,0.839,JPEG,135653,2ed155ffb0f31d2f48532a10be76878f,259b9d676450ba1eb400c8760e20808d99bb3e3a9a4d8f92ddc7626802965917,1.0,ab97ce432d5233d0,ok,325.4687448381772,True,True,cluster_01369,train,/home/dheirav/Code/Deepfake_Detection/deepfake-project/dataset_builder/train/ai_edited/c9163k4_0.jpg
data_sources/ai_edited/IMD2020/c9187tg_0.jpg,data_sources/ai_edited/IMD2020,ai_edited,500,655,0.7634,JPEG,103460,4d57d2c49fc9d36c232789e3f9b14218,babbb5549b190c1ad919cb4021460638d66ed998c42780afe8137efbddcde6d4,1.0,91ccc43ee2b3ec4a,ok,4738.33905075652,True,True,cluster_01291,train,/home/dheirav/Code/Deepfake_Detection/deepfake-project/dataset_builder/train/ai_edited/c9187tg_0.jpg
data_sources/ai_edited/IMD2020/c919ztm_0.jpg,data_sources/ai_edited/IMD2020,ai_edited,960,622,1.5434,JPEG,86188,33ec203bd274fb10e9c20490f0222127,819d2ac45cb82a5a23cdd5656628fc90a291f9afdf91b652aade29eaef550582,1.0,b0d5c05fbb664da0,ok,171.28867547610992,True,True,cluster_00842,train,/home/dheirav/Code/Deepfake_Detection/deepfake-project/dataset_builder/train/ai_edited/c919ztm_0.jpg
data_sources/ai_edited/IMD2020/c91g223_0.jpg,data_sources/ai_edited/IMD2020,ai_edited,2000,1494,1.3387,JPEG,701355,c6ab3a39d7621631a6f05d70c43985e7,8188ca137607b13bff017b1ac68f79e9cc3ef41fff7175c353f2277422ba54b2,1.0,a068c8f6554d3757,ok,352.1765441428252,True,True,cluster_00080,train,/home/dheirav/Code/Deepfake_Detection/deepfake-project/dataset_builder/train/ai_edited/c91g223_0.jpg
data_sources/ai_edited/IMD2020/c91gxlz_0.jpg,data_sources/ai_edited/IMD2020,ai_edited,599,470,1.2745,JPEG,247227,7b79aaa9a4b831df2a0a4eb2314a8def,2fe8e85ae9d68311ad6161f3a53e92ac16fbfcf0be6abaf2bfce15032a2b1aba,1.0,e8bbda465d450b62,ok,1806.7646324566833,True,True,cluster_01375,train,/home/dheirav/Code/Deepfake_Detection/deepfake-project/dataset_builder/train/ai_edited/c91gxlz_0.jpg
data_sources/ai_edited/IMD2020/c91h0oh_0.png,data_sources/ai_edited/IMD2020,ai_edited,600,672,0.8929,PNG,504501,f315533733a5c9964607cf6c0d82df6d,094c2018e41d85208948ed722c54f6c82b123ff05897e00aecd7727d7d724cf4,1.0,a4391a6bf36ae226,ok,374.2564727724828,True,True,cluster_01130,train,/home/dheirav/Code/Deepfake_Detection/deepfake-project/dataset_builder/train/ai_edited/c91h0oh_0.png
data_sources/ai_edited/IMD2020/c91nl9x_0.jpg,data_sources/ai_edited/IMD2020,ai_edited,447,630,0.7095,JPEG,221858,004aec7f07922bc93851271b5a5cfc47,6ca3a5c140650ece168ea9f9c844beef07d8dafe7bd9d28e4bed7624c992e052,1.0,a58f94f15ab48bc2,ok,343.42633663913205,True,True,cluster_01373,train,/home/dheirav/Code/Deepfake_Detection/deepfake-project/dataset_builder/train/ai_edited/c91nl9x_0.jpg
data_sources/ai_edited/IMD2020/c91ot4e_0.jpg,data_sources/ai_edited/IMD2020,ai_edited,960,960,1.0,JPEG,185862,43f218feb0aa8cc095c2cbb5bc1924db,a586105f79b9a9cb91b2879dbcecb7a41ed16bf18285b8687c4e2602632c7ba0,1.0,839934ad1f424f7a,ok,391.5616840277778,True,True,cluster_00439,train,/home/dheirav/Code/Deepfake_Detection/deepfake-project/dataset_builder/train/ai_edited/c91ot4e_0.jpg
data_sources/ai_edited/IMD2020/c91pkp5_0.jpg,data_sources/ai_edited/IMD2020,ai_edited,458,684,0.6696,JPEG,65143,4d16d30145c9e606627742f3211fea7a,c6d85d4be3d8973b5298bbe83579e09eb9a8ad97ac73e3237965af9b2c2e97e4,1.0,a424939bd9e4e4a7,ok,1156.8029880485333,True,True,cluster_01309,train,/home/dheirav/Code/Deepfake_Detection/deepfake-project/dataset_builder/train/ai_edited/c91pkp5_0.jpg
data_sources/ai_edited/IMD2020/c91tgga_0.jpg,data_sources/ai_edited/IMD2020,ai_edited,1200,721,1.6644,JPEG,315747,ec87a659afecd5750ef159ab049b5deb,5640ed90158f0b3aa37e79d401ac9e0111554954bb6147a66e391fb38629d23b,1.0,f5ca3d1fc4437320,ok,1920.4950786804668,True,True,cluster_00491,train,/home/dheirav/Code/Deepfake_Detection/deepfake-project/dataset_builder/train/ai_edited/c91tgga_0.jpg
data_sources/ai_edited/IMD2020/c91ujvf_0.jpg,data_sources/ai_edited/IMD2020,ai_edited,1280,941,1.3603,JPEG,369013,231b238150ac66f0e9b388c8d63cc098,9b95d5a5d9c4e8a98db150cf3307ae62c24cd81b6900d259bba01fef99afcab4,1.0,c29f3ef0c80f650e,ok,1225.8133523825734,True,True,cluster_00327,train,/home/dheirav/Code/Deepfake_Detection/deepfake-project/dataset_builder/train/ai_edited/c91ujvf_0.jpg
data_sources/ai_edited/IMD2020/c91x9y7_0.jpg,data_sources/ai_edited/IMD2020,ai_edited,1280,941,1.3603,JPEG,276258,700b867f5d9d3a2a0cdfcedb5f6570c8,5f507e4556b7079f9ef95f5695a4211bb56b2458a0758bac744e35eac3fceba7,1.0,c6963ee1c80f255e,ok,1193.674021135319,True,True,cluster_00328,train,/home/dheirav/Code/Deepfake_Detection/deepfake-project/dataset_builder/train/ai_edited/c91x9y7_0.jpg
data_sources/ai_edited/IMD2020/c923dj8_0.jpg,data_sources/ai_edited/IMD2020,ai_edited,1280,941,1.3603,JPEG,428904,fd7f92aa89d053ab25fbb7826bcd3f2b,28962ec526bb669fbde937df4bcdec9147a7d2a0219a260bc9dcb9d97c10d497,1.0,c49f3ef0c90d650e,ok,2052.3569891787456,True,True,cluster_00326,train,/home/dheirav/Code/Deepfake_Detection/deepfake-project/dataset_builder/train/ai_edited/c923dj8_0.jpg
data_sources/ai_edited/IMD2020/c928dvs_0.jpg,data_sources/ai_edited/IMD2020,ai_edited,1680,1257,1.3365,JPEG,534658,98cfdb39a8a367149776aa177ff56ae0,0fafdc5f6aa0dd5ce5de550c4a737c4cfd9957c1c0b8f4497d19f19555f24e8d,1.0,8c9b396c5e1f885c,ok,861.7775243981764,True,True,cluster_00143,train,/home/dheirav/Code/Deepfake_Detection/deepfake-project/dataset_builder/train/ai_edited/c928dvs_0.jpg
data_sources/ai_edited/IMD2020/c928z82_0.jpg,data_sources/ai_edited/IMD2020,ai_edited,1680,1257,1.3365,JPEG,316726,3c8c0ce1b9e581b3d290b23d9b87fae5,3f0ec631cffdd37b998f6ce32d055a13c11b0a950ff6dfdf327037019d99cf21,1.0,9c9cb8983f0f489d,ok,1118.5280893638828,True,True,cluster_00146,train,/home/dheirav/Code/Deepfake_Detection/deepfake-project/dataset_builder/train/ai_edited/c928z82_0.jpg
data_sources/ai_edited/IMD2020/c92a3eh_0.jpg,data_sources/ai_edited/IMD2020,ai_edited,2048,1462,1.4008,JPEG,358513,674f5bb2c63335517fe4b146fba63b55,1fee6fdc22f37824005966f2a648498b4666cc2483f42caf168c31f26af4a92e,1.0,8c94d2edadb2b2c2,ok,117.35798122590417,True,True,cluster_00079,train,/home/dheirav/Code/Deepfake_Detection/deepfake-project/dataset_builder/train/ai_edited/c92a3eh_0.jpg
data_sources/ai_edited/IMD2020/c92cbi6_0.jpg,data_sources/ai_edited/IMD2020,ai_edited,1680,1257,1.3365,JPEG,616864,7b69e52a378148b30262f955e5d7011b,c517e6870d529358d602d2b6a4125a1e77555c01f80787601ae4039293dec7cc,1.0,9cfd3c9c5e0f0059,ok,885.430539411433,True,True,cluster_00141,train,/home/dheirav/Code/Deepfake_Detection/deepfake-project/dataset_builder/train/ai_edited/c92cbi6_0.jpg
data_sources/ai_edited/IMD2020/c92cltu_0.jpg,data_sources/ai_edited/IMD2020,ai_edited,1000,748,1.3369,JPEG,203469,a432e6c35369423b5ca0d17b610fda2b,c1957dee004a565b38778ffe115a064bcfac8a547314ee14712c0e1290f264b6,1.0,9cab7c5c8e0f105d,ok,508.96303450667733,True,True,cluster_00588,train,/home/dheirav/Code/Deepfake_Detection/deepfake-project/dataset_builder/train/ai_edited/c92cltu_0.jpg
data_sources/ai_edited/IMD2020/c92coio_0.jpg,data_sources/ai_edited/IMD2020,ai_edited,1680,1257,1.3365,JPEG,540315,e41b2e91aa13b39aaec6bfc15e5fea8c,85c6e59cdc72648c19c3a918594b212a48a1a312637efd918c2e2c42bf13a6ea,1.0,8d6bb69c5e0f105a,ok,854.2417381401398,True,True,cluster_00142,train,/home/dheirav/Code/Deepfake_Detection/deepfake-project/dataset_builder/train/ai_edited/c92coio_0.jpg
data_sources/ai_edited/IMD2020/c92df1g_0.jpg,data_sources/ai_edited/IMD2020,ai_edited,960,685,1.4015,JPEG,118351,99001f2d6e8cdcdb06a7a7dd850bfa9b,a3e1017ca992d3d61812fc8c67e7f290f09f674bc01deb895b3a8acdaa94b3b6,1.0,84b0d2c9edb4ba5a,ok,276.016703065699,True,True,cluster_00757,train,/home/dheirav/Code/Deepfake_Detection/deepfake-project/dataset_builder/train/ai_edited/c92df1g_0.jpg
data_sources/ai_edited/IMD2020/c92dxhr_0.jpg,data_sources/ai_edited/IMD2020,ai_edited,718,366,1.9617,JPEG,78409,6f25664c8acb38ff38da71bebc3514a4,71b17620e552a21999d9d128fab20be96f4f3ff34cfcb616b1d38b592261e463,1.0,d3bf88e8947464c3,ok,324.4615196925417,True,True,cluster_01431,train,/home/dheirav/Code/Deepfake_Detection/deepfake-project/dataset_builder/train/ai_edited/c92dxhr_0.jpg
data_sources/ai_edited/IMD2020/c92dy1z_0.jpg,data_sources/ai_edited/IMD2020,ai_edited,800,533,1.5009,JPEG,232765,0806399caed122ca7ae0f168517af7a2,817e7dd3bb17d8b70951dd4e2f3b0fc14280d9371d692936164174340c313284,1.0,ce717903cd4e325c,ok,9061.7661812995,True,True,cluster_01094,train,/home/dheirav/Code/Deepfake_Detection/deepfake-project/dataset_builder/train/ai_edited/c92dy1z_0.jpg
data_sources/ai_edited/IMD2020/c92eu2z_0.jpg,data_sources/ai_edited/IMD2020,ai_edited,2048,1368,1.4971,JPEG,380630,d20c5c635ac874bf6af48717ed48d6b3,fc83e7cb25fd502d2a3176b7b772d0ec0b214e267df4b80973dccbbc82cea6ed,1.0,d0d8c7c7ce16cd60,ok,328.9868903172844,True,True,cluster_00089,train,/home/dheirav/Code/Deepfake_Detection/deepfake-project/dataset_builder/train/ai_edited/c92eu2z_0.jpg
data_sources/ai_edited/IMD2020/c92glob_0.jpg,data_sources/ai_edited/IMD2020,ai_edited,918,617,1.4878,JPEG,67846,307fba8ab8b1be493e75a453ae2e179c,60f060c1274ee45d25e651a1b441713565b461389031f47583f03d2fbfe60d23,1.0,bc53bdac813b12a5,ok,221.09939701165086,True,True,cluster_00884,train,/home/dheirav/Code/Deepfake_Detection/deepfake-project/dataset_builder/train/ai_edited/c92glob_0.jpg
data_sources/ai_edited/IMD2020/c92gt3h_0.jpg,data_sources/ai_edited/IMD2020,ai_edited,900,598,1.505,JPEG,157643,242c9d9fa1413ac2e98e32e2c31456a6,3bf1aaf62625e2df1061a9fc7fccfd490c19f2e098d082c972ee391eb139c890,1.0,d17ea083373c4df0,ok,596.3762501241251,True,True,cluster_00932,train,/home/dheirav/Code/Deepfake_Detection/deepfake-project/dataset_builder/train/ai_edited/c92gt3h_0.jpg
data_sources/ai_edited/IMD2020/c92gvqy_0.jpg,data_sources/ai_edited/IMD2020,ai_edited,1680,1257,1.3365,JPEG,516580,ecf32ab0b54058025ada4c6a5bd0dda1,2b668fb1aa88ee98e83245e694fe39afdd7dbf2da68aec19eb95879b1faba441,1.0,9cfd3c9c5f0f0051,ok,3180.7159896182043,True,True,cluster_00144,train,/home/dheirav/Code/Deepfake_Detection/deepfake-project/dataset_builder/train/ai_edited/c92gvqy_0.jpg
data_sources/ai_edited/IMD2020/c92hrf9_0.jpg,data_sources/ai_edited/IMD2020,ai_edited,768,1024,0.75,JPEG,164563,5d332f660f283f0c668973e0de82dfb5,6f94947d46455af6fce315cd70aa7f93c123a5d01442b230601ebdae67ab396c,1.0,b2de86645d938939,ok,174.91825087135499,True,True,cluster_00553,train,/home/dheirav/Code/Deepfake_Detection/deepfake-project/dataset_builder/train/ai_edited/c92hrf9_0.jpg
data_sources/ai_edited/IMD2020/c92hsr5_0.jpg,data_sources/ai_edited/IMD2020,ai_edited,3000,2001,1.4993,JPEG,591744,c370b3c978821eb76654194aa5e452cd,d9c910513e4c6cdb1e3fbe5b3b54f41c790f6c8a705409327b956435f92a41d0,1.0,bc53adac923b12a5,ok,198.36020903777194,True,True,cluster_00014,train,/home/dheirav/Code/Deepfake_Detection/deepfake-project/dataset_builder/train/ai_edited/c92hsr5_0.jpg
data_sources/ai_edited/IMD2020/c92nwb3_0.jpg,data_sources/ai_edited/IMD2020,ai_edited,1500,1000,1.5,JPEG,322621,fc2cf402cf858790ac37b127d758bd27,738a4d1ae90f04609c3fec16d3390429971e77d23458ca197ba4f2538a0dab25,1.0,f986cb49b6598472,ok,140.1050330949649,True,True,cluster_00262,train,/home/dheirav/Code/Deepfake_Detection/deepfake-project/dataset_builder/train/ai_edited/c92nwb3_0.jpg
data_sources/ai_edited/IMD2020/c92pqca_0.jpg,data_sources/ai_edited/IMD2020,ai_edited,805,455,1.7692,JPEG,256023,6b7d2fc25cd0ddca723e17c75723bbdb,7178ec0f051510f2c19755af67e0160244bae557dd62e8cd5ad35cdecaee1f87,1.0,a5d0cbf1f0264f2a,ok,1354.3700573886056,True,True,cluster_01205,train,/home/dheirav/Code/Deepfake_Detection/deepfake-project/dataset_builder/train/ai_edited/c92pqca_0.jpg
data_sources/ai_edited/IMD2020/c92q4n1_0.jpg,data_sources/ai_edited/IMD2020,ai_edited,1213,1600,0.7581,JPEG,734446,e4db694c91d1e40f59728cee5519cbd9,15015931e0b21755bf133972a4506d31fe0c234a4bc14d7579f213fb9aa66bc2,1.0,c147f771b0599998,ok,498.29797752432194,True,True,cluster_00174,train,/home/dheirav/Code/Deepfake_Detection/deepfake-project/dataset_builder/train/ai_edited/c92q4n1_0.jpg
data_sources/ai_edited/IMD2020/c92qfqu_0.png,data_sources/ai_edited/IMD2020,ai_edited,588,777,0.7568,PNG,704613,4b92b89a3cb306796184b46369e4e140,24a7e59bcd86b4bf6fcf66dc755de8a929fa3411ec07a9a18e91ae56718893ef,1.0,a5c09c68c715afda,ok,1388.42018365133,True,True,cluster_01039,train,/home/dheirav/Code/Deepfake_Detection/deepfake-project/dataset_builder/train/ai_edited/c92qfqu_0.png
data_sources/ai_edited/IMD2020/c92qhl9_0.jpg,data_sources/ai_edited/IMD2020,ai_edited,750,455,1.6484,JPEG,202848,e5d8a911ae9c2c42e941def3e03f3d0f,39c2b7bb8dba87f170acc80398b0a59287343ff2e6afa3f833cb02cbea21511c,1.0,b5fa80c0f4364f2b,ok,1216.6518589141385,True,True,cluster_01264,train,/home/dheirav/Code/Deepfake_Detection/deepfake-project/dataset_builder/train/ai_edited/c92qhl9_0.jpg
data_sources/ai_edited/IMD2020/c92qjd8_0.jpg,data_sources/ai_edited/IMD2020,ai_edited,750,455,1.6484,JPEG,67141,723d1e05b1c2344fa690784c83f57a36,971d27bfaf177858d4d254721027329e31d118bb3392a9b6fae7d8f0cf151259,1.0,85cecac9b6066f68,ok,1980.7267155603856,True,True,cluster_01269,train,/home/dheirav/Code/Deepfake_Detection/deepfake-project/dataset_builder/train/ai_edited/c92qjd8_0.jpg
data_sources/ai_edited/IMD2020/c92qy35_0.png,data_sources/ai_edited/IMD2020,ai_edited,588,777,0.7568,PNG,577473,f1c5a85bc3d614a0b4baadf1aa0f38d1,006b9a9098c9387923f2bf92107f1cf32a358ebb4ea8d152404b74bb06138608,1.0,e7ca0808c335eff2,ok,1814.5339431480052,True,True,cluster_01040,train,/home/dheirav/Code/Deepfake_Detection/deepfake-project/dataset_builder/train/ai_edited/c92qy35_0.png
data_sources/ai_edited/IMD2020/c92s1zk_0.jpg,data_sources/ai_edited/IMD2020,ai_edited,540,960,0.5625,JPEG,174671,1af263362dc21e7cc5026193ee32329f,6a8296b32ce0602cfc155069159b260d30b2161d05b9cac71bee73334004f0f5,1.0,fd82027f174b6469,ok,183.0966741993259,True,True,cluster_00948,train,/home/dheirav/Code/Deepfake_Detection/deepfake-project/dataset_builder/train/ai_edited/c92s1zk_0.jpg
data_sources/ai_edited/IMD2020/c92urd0_0.jpg,data_sources/ai_edited/IMD2020,ai_edited,750,455,1.6484,JPEG,92196,02a0819a293343ef515891fcf52390c7,0407c17356c17fc29efcd7aa9262d457ceeda276d6eb1b0af5f1a8d4e58c88f2,1.0,85dac9f9b4264f28,ok,1286.0496583180238,True,True,cluster_01267,train,/home/dheirav/Code/Deepfake_Detection/deepfake-project/dataset_builder/train/ai_edited/c92urd0_0.jpg
data_sources/ai_edited/IMD2020/c92v7b9_0.jpg,data_sources/ai_edited/IMD2020,ai_edited,760,473,1.6068,JPEG,185164,61358a86b0c89f6a1307d3e4a9a57cb6,bccb152f506be097f4b3afb4bb2de05018946ff90f890b35a0682325cd241fe8,1.0,ea926e76826c9939,ok,362.12529696418284,True,True,cluster_01218,train,/home/dheirav/Code/Deepfake_Detection/deepfake-project/dataset_builder/train/ai_edited/c92v7b9_0.jpg
data_sources/ai_edited/IMD2020/c92va3t_0.jpg,data_sources/ai_edited/IMD2020,ai_edited,1200,770,1.5584,JPEG,142668,b37db1037a15821506fd72ae0621b1c5,3bc81ea64b77cd91de829e8fa1edcb8cbddf7ed548a0f72d9e3636d021316d42,1.0,9a7f055f1ec07905,ok,180.31105590135937,True,True,cluster_00432,train,/home/dheirav/Code/Deepfake_Detection/deepfake-project/dataset_builder/train/ai_edited/c92va3t_0.jpg
data_sources/ai_edited/IMD2020/c92vi3h_0.png,data_sources/ai_edited/IMD2020,ai_edited,540,960,0.5625,PNG,491493,fe54c04047c4982d6dc226cf9b25aa18,c89586efb1901b23c8dae7ad094fba8e61216a37675dd0110b8a9eb040a17f48,1.0,fd821a5f066b6463,ok,187.93893131549115,True,True,cluster_00946,train,/home/dheirav/Code/Deepfake_Detection/deepfake-project/dataset_builder/train/ai_edited/c92vi3h_0.png
data_sources/ai_edited/IMD2020/c92vzrm_0.jpg,data_sources/ai_edited/IMD2020,ai_edited,1132,725,1.5614,JPEG,235964,1e8cc275323747b5eaf8a676db35b6bc,64502109627c28bd8b477ca3bf24b00ed02df8fcc0c79e431bc236ec17700ae6,1.0,f049c49edcec8f03,ok,310.7187700022533,True,True,cluster_00510,train,/home/dheirav/Code/Deepfake_Detection/deepfake-project/dataset_builder/train/ai_edited/c92vzrm_0.jpg
data_sources/ai_edited/IMD2020/c92wjsi_0.jpg,data_sources/ai_edited/IMD2020,ai_edited,1200,770,1.5584,JPEG,182368,a1a440cbe00ae250c7d484424da79ff4,896df63ddc5638feace21fa281a07f3b54e4b4ef00a31373b5efa9a59346118f,1.0,8a7f1ddb1a807d05,ok,162.6827597425039,True,True,cluster_00431,train,/home/dheirav/Code/Deepfake_Detection/deepfake-project/dataset_builder/train/ai_edited/c92wjsi_0.jpg
data_sources/ai_edited/IMD2020/c92wo0u_0.jpg,data_sources/ai_edited/IMD2020,ai_edited,588,777,0.7568,JPEG,224438,fd650303a154237d5fdd74d774df2383,201724266539650ee934f6d0ba2545082240becf670616e80760fabde7bbd312,1.0,a5c21e28c313adfb,ok,1567.4215202640346,True,True,cluster_01041,train,/home/dheirav/Code/Deepfake_Detection/deepfake-project/dataset_builder/train/ai_edited/c92wo0u_0.jpg
data_sources/ai_edited/IMD2020/c930hby_0.png,data_sources/ai_edited/IMD2020,ai_edited,838,662,1.2659,PNG,638624,5c028ba4b2bb4379577cbe96dbdf9225,2db081b02e753906929905be248925386d5ea47a010c186dcdf5e842890eaf23,1.0,e659ed1176e465a0,ok,130.7679824693853,True,True,cluster_00891,train,/home/dheirav/Code/Deepfake_Detection/deepfake-project/dataset_builder/train/ai_edited/c930hby_0.png
data_sources/ai_edited/IMD2020/c933r08_0.jpg,data_sources/ai_edited/IMD2020,ai_edited,523,428,1.222,JPEG,48055,88c4f44712fe98bc26631256015936a9,26a93f480512937cb2b1180def28e33c17e058e48d62629c2698f54aac033adc,1.0,f0e49643cb9ec19a,ok,765.790350618005,True,True,cluster_01535,train,/home/dheirav/Code/Deepfake_Detection/deepfake-project/dataset_builder/train/ai_edited/c933r08_0.jpg
data_sources/ai_edited/IMD2020/c9350xa_0.jpg,data_sources/ai_edited/IMD2020,ai_edited,523,428,1.222,JPEG,46069,0ae36a29959eb4c2c3c47fd106353f34,b95dd5d6c6bb206d89d5505ae2a26bea7f90661ae8309c5c45e94bb8a85b495f,1.0,e2e69661c99cc99a,ok,711.3325764538549,True,True,cluster_01536,train,/home/dheirav/Code/Deepfake_Detection/deepfake-project/dataset_builder/train/ai_edited/c9350xa_0.jpg
data_sources/ai_edited/IMD2020/c935hvo_0.jpg,data_sources/ai_edited/IMD2020,ai_edited,800,500,1.6,JPEG,220393,0a46d370e49edfc70224532c3ad82457,ed8c08048b908007e3dcbac435ae0ef3f6d7cfcf79da8bdea8e9d614d1a3033f,1.0,a7b5de602d9c4d50,ok,1081.4464923612438,True,True,cluster_01134,train,/home/dheirav/Code/Deepfake_Detection/deepfake-project/dataset_builder/train/ai_edited/c935hvo_0.jpg
data_sources/ai_edited/IMD2020/c935pb2_0.jpg,data_sources/ai_edited/IMD2020,ai_edited,523,428,1.222,JPEG,123468,1603d8a83b622d1becca9d20da7d1fb7,3c498bc28a18377e466cc923fe8a00b799287069bbed939fb742c400ddf60eae,1.0,f9cd9e6061b641b2,ok,3466.1851894786255,True,True,cluster_01532,train,/home/dheirav/Code/Deepfake_Detection/deepfake-project/dataset_builder/train/ai_edited/c935pb2_0.jpg
data_sources/ai_edited/IMD2020/c936xo5_0.png,data_sources/ai_edited/IMD2020,ai_edited,523,428,1.222,PNG,325671,5dc2bd049937cfa51397f7e03fea9610,b62233bcb9e2f60369a99b5ed51583131646388a0f48878db728d52e621d8ecb,1.0,f0e49643c99ec99a,ok,647.5662273682759,True,True,cluster_01530,train,/home/dheirav/Code/Deepfake_Detection/deepfake-project/dataset_builder/train/ai_edited/c936xo5_0.png
data_sources/ai_edited/IMD2020/c93e2q1_0.png,data_sources/ai_edited/IMD2020,ai_edited,550,367,1.4986,PNG,480234,5e549ce24a5f517ca62f84e9c0c84084,49bf768fbb538ffd79702be160bd5dbcad59c4f6c012e7ccd2cb3af4147f3ec8,1.0,c8e389cc92dcd696,ok,3890.2163991067764,True,True,cluster_01555,train,/home/dheirav/Code/Deepfake_Detection/deepfake-project/dataset_builder/train/ai_edited/c93e2q1_0.png
data_sources/ai_edited/IMD2020/c93ft3o_0.jpg,data_sources/ai_edited/IMD2020,ai_edited,650,487,1.3347,JPEG,63864,b60d55d508a1c3cd506ce165a2a9dd50,b0acf3d09b232364ff129f327ce347ba353a64682d700af54af94a99cdd4a3b0,1.0,d295a9aaed955254,ok,139.99503626219547,True,True,cluster_01302,train,/home/dheirav/Code/Deepfake_Detection/deepfake-project/dataset_builder/train/ai_edited/c93ft3o_0.jpg
data_sources/ai_edited/IMD2020/c93hgyn_0.jpg,data_sources/ai_edited/IMD2020,ai_edited,709,1086,0.6529,JPEG,268158,ec88795159fed4850fa0489c982ded43,2ff16f855ce50efa732c9d9ad1cc03aa1480ca398af0725a1e295eba5f0f5faf,1.0,cf74b089753099ce,ok,627.7463416956535,True,True,cluster_00572,train,/home/dheirav/Code/Deepfake_Detection/deepfake-project/dataset_builder/train/ai_edited/c93hgyn_0.jpg
data_sources/ai_edited/IMD2020/c93hwyp_0.jpg,data_sources/ai_edited/IMD2020,ai_edited,750,499,1.503,JPEG,155254,6d359790e1ff834af840594f12a52548,4a30a3e6469938bf57305943befbd2d9bc84dd849f22b32b11b77a3d73fbcd11,1.0,d03d92259867de27,ok,259.4008783558406,True,True,cluster_01190,train,/home/dheirav/Code/Deepfake_Detection/deepfake-project/dataset_builder/train/ai_edited/c93hwyp_0.jpg
data_sources/ai_edited/IMD2020/c93ie4w_0.jpg,data_sources/ai_edited/IMD2020,ai_edited,441,606,0.7277,JPEG,71547,003363702c9f8dc5e96684c741bedf88,c7d92a5fb74ca63b1854eee93a49d5b3a80777a21e44024fc443f610f9a72007,1.0,e4841ac3377b762c,ok,352.4358032328698,True,True,cluster_01425,train,/home/dheirav/Code/Deepfake_Detection/deepfake-project/dataset_builder/train/ai_edited/c93ie4w_0.jpg
data_sources/ai_edited/IMD2020/c93mz9d_0.jpg,data_sources/ai_edited/IMD2020,ai_edited,746,497,1.501,JPEG,155324,01b722f2e43b155b3a294d7429aa123c,537decb46ba93dc0907663a93b8483a516205d28d31a42834dfd7e7de33c9a62,1.0,c0bfe2655824f7a4,ok,573.0488661358546,True,True,cluster_01196,train,/home/dheirav/Code/Deepfake_Detection/deepfake-project/dataset_builder/train/ai_edited/c93mz9d_0.jpg
data_sources/ai_edited/IMD2020/c93p653_0.jpg,data_sources/ai_edited/IMD2020,ai_edited,900,607,1.4827,JPEG,150279,435e92365eb1828873db5cbaa9a0cc7f,b8918b22c84e996d9abbc0def6287e9b2a61ea53b3651cd4e724ca0f8fd91d32,1.0,b6e6e117c2ac3e30,ok,406.80045333189656,True,True,cluster_00907,train,/home/dheirav/Code/Deepfake_Detection/deepfake-project/dataset_builder/train/ai_edited/c93p653_0.jpg
data_sources/ai_edited/IMD2020/c93z6zn_0.jpg,data_sources/ai_edited/IMD2020,ai_edited,622,801,0.7765,JPEG,211698,5a97c8332c38b99f85b69d4ae4a8f47a,55b8ee13dd08e66126734e216a7b2ccf880ce0185d633136d55652ec478f814d,1.0,b0e719986678b39a,ok,477.5145316744376,True,True,cluster_00974,train,/home/dheirav/Code/Deepfake_Detection/deepfake-project/dataset_builder/train/ai_edited/c93z6zn_0.jpg
data_sources/ai_edited/IMD2020/c93zcf5_0.jpg,data_sources/ai_edited/IMD2020,ai_edited,754,1024,0.7363,JPEG,240621,477bb2bf7098bb81894f7b0282809417,089b2e2377b14b1e1b932cef3b168ce21332dc9b048c07eae2ecb2db4d2d339b,1.0,9aebe980bd146655,ok,1699.5453440665308,True,True,cluster_00570,train,/home/dheirav/Code/Deepfake_Detection/deepfake-project/dataset_builder/train/ai_edited/c93zcf5_0.jpg
data_sources/ai_edited/IMD2020/c93zetz_0.jpg,data_sources/ai_edited/IMD2020,ai_edited,1600,1200,1.3333,JPEG,309488,49579ac2f98b50a2315e0eafff09286c,a65b6a8daec6d76e414a0abcb3771f7973b88b613adff661dcc1116a33bfbcba,1.0,e063c507923f1f5c,ok,228.72431783208305,True,True,cluster_00187,train,/home/dheirav/Code/Deepfake_Detection/deepfake-project/dataset_builder/train/ai_edited/c93zetz_0.jpg
data_sources/ai_edited/IMD2020/c9418yh_0.jpg,data_sources/ai_edited/IMD2020,ai_edited,754,1024,0.7363,JPEG,315822,2360cae57f8bdda3e834441e038925fd,5374480901a45a012ac20977e1ee276c54664ebf998878a65b58f181cd4d39ca,1.0,9aebe9c0b9146655,ok,1459.5376206805092,True,True,cluster_00567,train,/home/dheirav/Code/Deepfake_Detection/deepfake-project/dataset_builder/train/ai_edited/c9418yh_0.jpg
data_sources/ai_edited/IMD2020/c942wsd_0.jpg,data_sources/ai_edited/IMD2020,ai_edited,754,1024,0.7363,JPEG,305769,2b3692e1c06959483068a28c13cb368d,ebde9d8b13222e9f97297f0a690db3683a9e07e2e3d0e2f334ca2d3cc29d008e,1.0,9bebe980b9146655,ok,1527.4609735097756,True,True,cluster_00568,train,/home/dheirav/Code/Deepfake_Detection/deepfake-project/dataset_builder/train/ai_edited/c942wsd_0.jpg
data_sources/ai_edited/IMD2020/c946fyh_0.jpg,data_sources/ai_edited/IMD2020,ai_edited,350,489,0.7157,JPEG,25796,d01ff673c06b147cc107b952e228a286,9f653c93542779e531b2bfca0cffb18fb16bcef830129270f4986b97acceb6c4,1.0,d43863d61acd6963,ok,259.35083716915926,True,True,cluster_01605,train,/home/dheirav/Code/Deepfake_Detection/deepfake-project/dataset_builder/train/ai_edited/c946fyh_0.jpg
data_sources/ai_edited/IMD2020/c9471hz_0.jpg,data_sources/ai_edited/IMD2020,ai_edited,622,801,0.7765,JPEG,242887,89f80c888a75eb9660091f773c7bd2ca,cf486fcd44f5cf32dffcfa9b84d162a449c2b8860f031be786a6c25138216fb4,1.0,f0658e9ba528bba2,ok,456.9759522126117,True,True,cluster_00973,train,/home/dheirav/Code/Deepfake_Detection/deepfake-project/dataset_builder/train/ai_edited/c9471hz_0.jpg
data_sources/ai_edited/IMD2020/c948lks_0.jpg,data_sources/ai_edited/IMD2020,ai_edited,500,375,1.3333,JPEG,39191,4c68199e17735d4ce862fd5e243b8ac0,af54fd997d408bda77742ed1e0f561063b974bce4c8e074b9cef3f407b1caf19,1.0,b5d289b5c776248c,ok,752.2122625272889,True,True,cluster_01580,train,/home/dheirav/Code/Deepfake_Detection/deepfake-project/dataset_builder/train/ai_edited/c948lks_0.jpg
data_sources/ai_edited/IMD2020/c948sr5_0.jpg,data_sources/ai_edited/IMD2020,ai_edited,990,740,1.3378,JPEG,186788,9454bf7ab79e862cc39f99f2de4fe641,f247a280b76f40bb57d89fd8b648bee98eeb42f8dab790c601c78889365433b6,1.0,b3b70c880ba677b1,ok,1755.9308498704925,True,True,cluster_00606,train,/home/dheirav/Code/Deepfake_Detection/deepfake-project/dataset_builder/train/ai_edited/c948sr5_0.jpg
data_sources/ai_edited/IMD2020/c949b58_0.jpg,data_sources/ai_edited/IMD2020,ai_edited,1836,2448,0.75,JPEG,551862,214855ba773540fd7bf282b6449faf89,952bb68a7800929dcf46d0c5579c0c6979980b3f33183fa6df747e30f9c873d5,1.0,c024ffaa0afd5554,ok,200.1158697094482,True,True,cluster_00040,train,/home/dheirav/Code/Deepfake_Detection/deepfake-project/dataset_builder/train/ai_edited/c949b58_0.jpg
data_sources/ai_edited/IMD2020/c949n9f_0.jpg,data_sources/ai_edited/IMD2020,ai_edited,622,801,0.7765,JPEG,59867,2b73469abfcaca29c2d62105b1740b4b,7bdb3817df97998d668833503c6f0609b3d800eef601748f7835dec17e357dd8,1.0,b0e31cb0e66933da,ok,456.150244176763,True,True,cluster_00977,train,/home/dheirav/Code/Deepfake_Detection/deepfake-project/dataset_builder/train/ai_edited/c949n9f_0.jpg
data_sources/ai_edited/IMD2020/c949vtj_0.png,data_sources/ai_edited/IMD2020,ai_edited,752,663,1.1342,PNG,622828,173017311acb5fd4d6e4cc33eede6ea1,740cf29f1d8f82133e0b4e093411283baecec9357209f9609348fdb641c9cd9a,1.0,f78a59b6339ca241,ok,383.41175085067545,True,True,cluster_00969,train,/home/dheirav/Code/Deepfake_Detection/deepfake-project/dataset_builder/train/ai_edited/c949vtj_0.png
data_sources/ai_edited/IMD2020/c94bbxr_0.jpg,data_sources/ai_edited/IMD2020,ai_edited,534,665,0.803,JPEG,135232,0548b995a838524c7d638372f3b9d710,c662c8006bc295e6cd9c396e65c589fe871d20f9e2713a51d4bc627c7e8a8ece,1.0,d9c14715b92417ed,ok,1582.1037056023933,True,True,cluster_01221,train,/home/dheirav/Code/Deepfake_Detection/deepfake-project/dataset_builder/train/ai_edited/c94bbxr_0.jpg
data_sources/ai_edited/IMD2020/c94cmpk_0.jpg,data_sources/ai_edited/IMD2020,ai_edited,1024,768,1.3333,JPEG,46773,9611332be9156468df062c555882a003,b4f9f7513e1d8034c54997d5cffd2171915f1737199badc449b34d5bec5b7790,1.0,af94c01b87f61c69,ok,144.15936797282322,True,True,cluster_00558,train,/home/dheirav/Code/Deepfake_Detection/deepfake-project/dataset_builder/train/ai_edited/c94cmpk_0.jpg
data_sources/ai_edited/IMD2020/c94dlao_0.jpg,data_sources/ai_edited/IMD2020,ai_edited,754,1024,0.7363,JPEG,226635,9eb28f2f33a7dbcff37cc16418d8be32,6b5df27aac1b804185fb509dc1db33478e96c84761ff741e4c70b2dd9a547660,1.0,9bebe9c0b1146655,ok,1984.8648587737096,True,True,cluster_00571,train,/home/dheirav/Code/Deepfake_Detection/deepfake-project/dataset_builder/train/ai_edited/c94dlao_0.jpg
data_sources/ai_edited/IMD2020/c94ei0s_0.jpg,data_sources/ai_edited/IMD2020,ai_edited,1600,1344,1.1905,JPEG,65773,77557dcd61e231fe09c0a4aca610bccf,b86bd973d2df8c547d59e4d52f80288e4b87a00d26417bd7b9f6a404b69d51f4,1.0,bd39c4e4630ec6e1,ok,84.01773351326746,True,True,cluster_00140,train,/home/dheirav/Code/Deepfake_Detection/deepfake-project/dataset_builder/train/ai_edited/c94ei0s_0.jpg
data_sources/ai_edited/IMD2020/c94ejp7_0.jpg,data_sources/ai_edited/IMD2020,ai_edited,1024,768,1.3333,JPEG,256277,4ce70769464b9e70f70225d3f6fa1b71,e55329fdea8d6c9b0169e0896e417c7d4b01c26f9b6321a036e4b0f083625350,1.0,dec0690b54bc4f63,ok,1559.219934390696,True,True,cluster_00542,train,/home/dheirav/Code/Deepfake_Detection/deepfake-project/dataset_builder/train/ai_edited/c94ejp7_0.jpg
data_sources/ai_edited/IMD2020/c94fett_0.jpg,data_sources/ai_edited/IMD2020,ai_edited,1600,1200,1.3333,JPEG,657118,7e5986ba8fd1682e629ef077da1f11b5,a578f5d829350d0134b48b938f028c9e65e41d57c6c7826b86c6c2ab5f024f72,1.0,b64ac8d2d634356d,ok,1524.470465640755,True,True,cluster_00176,train,/home/dheirav/Code/Deepfake_Detection/deepfake-project/dataset_builder/train/ai_edited/c94fett_0.jpg
data_sources/ai_edited/IMD2020/c94fusp_0.jpg,data_sources/ai_edited/IMD2020,ai_edited,640,425,1.5059,JPEG,76415,2f7a47fba81a241a6b341c9f7b1e6d05,a98f8f26b94dd447395d72e22c97fab3d810b79e724b15fbaf42adaf1817289d,1.0,ce16792924f53acc,ok,636.3144131430445,True,True,cluster_01406,train,/home/dheirav/Code/Deepfake_Detection/deepfake-project/dataset_builder/train/ai_edited/c94fusp_0.jpg
data_sources/ai_edited/IMD2020/c94gj9u_0.jpg,data_sources/ai_edited/IMD2020,ai_edited,594,323,1.839,JPEG,40649,3662864ed020b6dc5a59918e8bf4f70f,47e090037165b7a4721724ebf3edd6ed355391eace4bfcfaad2af1d25194308c,1.0,852cc1958bdbd29b,ok,530.4523528597313,True,True,cluster_01567,train,/home/dheirav/Code/Deepfake_Detection/deepfake-project/dataset_builder/train/ai_edited/c94gj9u_0.jpg
data_sources/ai_edited/IMD2020/c94gx14_0.jpg,data_sources/ai_edited/IMD2020,ai_edited,990,660,1.5,JPEG,112486,59ad541bfad06d211d64330478b173bd,7e22570b7c055ead454111818681218caaad957c5a10363141faefe7c021e996,1.0,b346cc8913ee33f0,ok,975.9650757549618,True,True,cluster_00765,train,/home/dheirav/Code/Deepfake_Detection/deepfake-project/dataset_builder/train/ai_edited/c94gx14_0.jpg
data_sources/ai_edited/IMD2020/c94nt6e_0.jpg,data_sources/ai_edited/IMD2020,ai_edited,800,530,1.5094,JPEG,244146,6318d96c8b77fcbe3cfed145bd1e970d,e7799f5ed9181473df6c67ee01a0a1e864d300675491d1887a833c91c7a79cb2,1.0,9e6186da21165eb7,ok,861.8277860633456,True,True,cluster_01102,train,/home/dheirav/Code/Deepfake_Detection/deepfake-project/dataset_builder/train/ai_edited/c94nt6e_0.jpg
data_sources/ai_edited/IMD2020/c94o5rb_0.jpg,data_sources/ai_edited/IMD2020,ai_edited,1000,1239,0.8071,JPEG,115030,c0925cd736aaa42c4ceea44116a14e59,18352d5931d721216c0564138d3b00c24c4e431fb36dc7e6c486e85d1ca3b538,1.0,b9e0429fe64a8bd8,ok,232.1550520265015,True,True,cluster_00318,train,/home/dheirav/Code/Deepfake_Detection/deepfake-project/dataset_builder/train/ai_edited/c94o5rb_0.jpg
data_sources/ai_edited/IMD2020/c94objl_0.jpg,data_sources/ai_edited/IMD2020,ai_edited,1000,1239,0.8071,JPEG,172646,4ce9ec9672ba312a3f0f5f4d2215320c,77f4b29f636d6475323371d62bd845290e8fd64fe1c1765da7c380b135075ad7,1.0,b8f0438ee68a8ff0,ok,194.44258589218958,True,True,cluster_00317,train,/home/dheirav/Code/Deepfake_Detection/deepfake-project/dataset_builder/train/ai_edited/c94objl_0.jpg
data_sources/ai_edited/IMD2020/c94os8l_0.jpg,data_sources/ai_edited/IMD2020,ai_edited,1280,720,1.7778,JPEG,192817,8a7b329e5f4b47395ddf3ad83c87b598,21ff375ce8c16c3096f528ba2f11e7b7521ee406d1e233db81664ef372bb78bb,1.0,96796bc679817096,ok,80.49801034218,True,True,cluster_00438,train,/home/dheirav/Code/Deepfake_Detection/deepfake-project/dataset_builder/train/ai_edited/c94os8l_0.jpg
data_sources/ai_edited/IMD2020/c94pnq5_0.jpg,data_sources/ai_edited/IMD2020,ai_edited,807,1000,0.807,JPEG,171627,7959809a0546fda0e42944206068443a,4d4cba71b155056c1517ae70b22bff9a5a87ed3ea69b1a248f0799afecd15a36,1.0,b8f2478ff4082bf0,ok,144.97736054830642,True,True,cluster_00522,train,/home/dheirav/Code/Deepfake_Detection/deepfake-project/dataset_builder/train/ai_edited/c94pnq5_0.jpg
data_sources/ai_edited/IMD2020/c94pvw7_0.jpg,data_sources/ai_edited/IMD2020,ai_edited,1024,683,1.4993,JPEG,91438,c97b7d33027f982d4c1ca710e468a003,dd06a7d8123e549f5cbb5dd1af95636d792323fdfb2b14efc94603951b3d9710,1.0,c453116cb9cc35d7,ok,86.0248257852719,True,True,cluster_00643,train,/home/dheirav/Code/Deepfake_Detection/deepfake-project/dataset_builder/train/ai_edited/c94pvw7_0.jpg
data_sources/ai_edited/IMD2020/c94pw6i_0.png,data_sources/ai_edited/IMD2020,ai_edited,800,600,1.3333,PNG,322267,611d1f8ada96c6181c79ca0a1bf07f17,8082a220086a61f25588f22724f922329cdbe32802a6df9c49868de22a872888,1.0,bcd0e4a3c3c3c32d,ok,228.33018333333334,True,True,cluster_00993,train,/home/dheirav/Code/Deepfake_Detection/deepfake-project/dataset_builder/train/ai_edited/c94pw6i_0.png
data_sources/ai_edited/IMD2020/c94qgem_0.jpg,data_sources/ai_edited/IMD2020,ai_edited,720,540,1.3333,JPEG,123940,e72d52a0b3f9abdc4efa7026dda04761,7f36a3a4372c00386b5cb2410850802dcca09fa92ee6e902e1b9ad7614b039be,1.0,a7b3c1d117b33a48,ok,888.1980395438534,True,True,cluster_01161,train,/home/dheirav/Code/Deepfake_Detection/deepfake-project/dataset_builder/train/ai_edited/c94qgem_0.jpg
data_sources/ai_edited/IMD2020/c94qp39_0.jpg,data_sources/ai_edited/IMD2020,ai_edited,1500,989,1.5167,JPEG,141853,ba373270c6b7535d53128fd11f132814,a22c13f56e8a6dac4d322f508b5cb14e91e52eaf80bfa90d31f301e85277dc6a,1.0,99b666cd33c25c23,ok,104.88711849520821,True,True,cluster_00268,train,/home/dheirav/Code/Deepfake_Detection/deepfake-project/dataset_builder/train/ai_edited/c94qp39_0.jpg
data_sources/ai_edited/IMD2020/c94rqra_0.jpg,data_sources/ai_edited/IMD2020,ai_edited,1130,1400,0.8071,JPEG,275281,72234db99ad2e176e2c039fa86c1f452,b7c8478ee935ddca21bce045063b859c8f3e416201b613928710dc23711c2e03,1.0,b9f0468fd6880bf8,ok,129.05983409435638,True,True,cluster_00246,train,/home/dheirav/Code/Deepfake_Detection/deepfake-project/dataset_builder/train/ai_edited/c94rqra_0.jpg
data_sources/ai_edited/IMD2020/c94rx11_0.jpg,data_sources/ai_edited/IMD2020,ai_edited,500,717,0.6974,JPEG,55494,01283bc128cdbd5787b780c50c773675,f8b78417031ecd419baeef932fdd5c4be2e94afeee836a9d30cabfc970b78f79,1.0,ab4bf190b6f44447,ok,473.8878622941242,True,True,cluster_01219,train,/home/dheirav/Code/Deepfake_Detection/deepfake-project/dataset_builder/train/ai_edited/c94rx11_0.jpg
data_sources/ai_edited/IMD2020/c94s6nu_0.jpg,data_sources/ai_edited/IMD2020,ai_edited,1024,1269,0.8069,JPEG,99269,f19506b3540937d5ec56bdfeaabdc43f,5d327256e3247912a42b49597da6e66b0b6242825239d67cbde2256d57698386,1.0,9db6362f93121719,ok,86.217648663983,True,True,cluster_00304,train,/home/dheirav/Code/Deepfake_Detection/deepfake-project/dataset_builder/train/ai_edited/c94s6nu_0.jpg
data_sources/ai_edited/IMD2020/c94scmh_0.jpg,data_sources/ai_edited/IMD2020,ai_edited,2018,2500,0.8072,JPEG,496899,15c312b6f7094403cc78c094a88eca84,50afc315eaefa1cf6e7dc65c940c0f778e40c4dc75e449ffdec1d622fa455788,1.0,b9f1478fe6180bd0,ok,285.28761089233376,True,True,cluster_00024,train,/home/dheirav/Code/Deepfake_Detection/deepfake-project/dataset_builder/train/ai_edited/c94scmh_0.jpg
data_sources/ai_edited/IMD2020/c94vd78_0.jpg,data_sources/ai_edited/IMD2020,ai_edited,1202,1489,0.8073,JPEG,300302,7f337fa76cda0ce501d371ef07f5b355,86f824a9748f212f0ccb1a714b111e721c3a3519ddc2a990445ffeb9e6f5c7dc,1.0,b8f1438ed6882fd8,ok,477.91958097002066,True,True,cluster_00207,train,/home/dheirav/Code/Deepfake_Detection/deepfake-project/dataset_builder/train/ai_edited/c94vd78_0.jpg
data_sources/ai_edited/IMD2020/c952fpe_0.jpg,data_sources/ai_edited/IMD2020,ai_edited,944,528,1.7879,JPEG,143676,018524edff98f2ca0fd7a1b127d6dbbf,d7e6266f59995dd5092ed4ca4978a0f10d0fa1ab1b482e8e0d4b879c438195ea,1.0,d68c88f3b3b0f1d0,ok,469.93222340715033,True,True,cluster_00970,train,/home/dheirav/Code/Deepfake_Detection/deepfake-project/dataset_builder/train/ai_edited/c952fpe_0.jpg
data_sources/ai_edited/IMD2020/c952ngn_0.jpg,data_sources/ai_edited/IMD2020,ai_edited,639,960,0.6656,JPEG,84443,39f720410bb55acd491f57f8d44379b3,bbaa66ba228c4df2b98f4c4df94c14d6587f9fde282a51e5f499f9d94b55c44f,1.0,8a7c2586a3bc4d97,ok,407.7369120502581,True,True,cluster_00819,train,/home/dheirav/Code/Deepfake_Detection/deepfake-project/dataset_builder/train/ai_edited/c952ngn_0.jpg
data_sources/ai_edited/IMD2020/c956q0k_0.jpg,data_sources/ai_edited/IMD2020,ai_edited,1920,1080,1.7778,JPEG,460641,9020556d2a9ad15296c35c4e616a445e,bf5b5403448b13c085ceea09a545a3ffba178cdbec38e8f672368052e8823918,1.0,91eb139189a96d9d,ok,132.61378960121482,True,True,cluster_00151,train,/home/dheirav/Code/Deepfake_Detection/deepfake-project/dataset_builder/train/ai_edited/c956q0k_0.jpg
data_sources/ai_edited/IMD2020/c957juh_0.jpg,data_sources/ai_edited/IMD2020,ai_edited,1250,782,1.5985,JPEG,226243,e40b9e99bfa577b51edd096a463e65b1,c7f8b82cfaf2c51a8be467bdf9dceedd21e2b90a9e5ba075bd9f22747099d029,1.0,95db29721b4c8ec6,ok,90.96511161425788,True,True,cluster_00393,train,/home/dheirav/Code/Deepfake_Detection/deepfake-project/dataset_builder/train/ai_edited/c957juh_0.jpg
data_sources/ai_edited/IMD2020/c958j97_0.png,data_sources/ai_edited/IMD2020,ai_edited,1024,683,1.4993,PNG,629948,0ded92bda82059fd9c9e7dfcb19ea5c3,d8199154d3b5a10503c8583e19e4a19aaf41d0ef199ff2a990ce141d679a5225,1.0,aed3d52c59241b3a,ok,220.07589928654386,True,True,cluster_00639,train,/home/dheirav/Code/Deepfake_Detection/deepfake-project/dataset_builder/train/ai_edited/c958j97_0.png
data_sources/ai_edited/IMD2020/c95aqlb_0.jpg,data_sources/ai_edited/IMD2020,ai_edited,1024,745,1.3745,JPEG,106797,dc42e8a8c714373efb672802bdac197b,85cb29526810f4ddfa88c48e3b6b428c4ba5b5cfe4c8734400546a73b11e1b12,1.0,c158bee0807a8fe7,ok,180.32856410061473,True,True,cluster_00578,train,/home/dheirav/Code/Deepfake_Detection/deepfake-project/dataset_builder/train/ai_edited/c95aqlb_0.jpg
data_sources/ai_edited/IMD2020/c95ftu6_0.png,data_sources/ai_edited/IMD2020,ai_edited,500,619,0.8078,PNG,664527,d796d54f87e6ebfb9ce35345e41a35a1,8a06b49998e3a40b9055ffa7a323044527882840e21381931bc7a34c40e2be09,1.0,f419308ffd00b756,ok,1737.375189011575,True,True,cluster_01311,train,/home/dheirav/Code/Deepfake_Detection/deepfake-project/dataset_builder/train/ai_edited/c95ftu6_0.png
data_sources/ai_edited/IMD2020/c95fx63_0.png,data_sources/ai_edited/IMD2020,ai_edited,550,413,1.3317,PNG,486299,1ea8e4c14fb2bc23a1eb31679910505e,148791e30bf890137b3ff176dbad2f1b78c76503afe3989d8a2da3553de34c5c,1.0,931ca551df78b452,ok,3223.5298914061727,True,True,cluster_01524,train,/home/dheirav/Code/Deepfake_Detection/deepfake-project/dataset_builder/train/ai_edited/c95fx63_0.png
data_sources/ai_edited/IMD2020/c95gd9r_0.jpg,data_sources/ai_edited/IMD2020,ai_edited,851,678,1.2552,JPEG,123158,8d3afdb522531aba73e0fca3b18fdc0c,85c0882b9bfee6212b2051ef0124900520f1acaf02937a3a73df1aff36b6e979,1.0,dc1d2ef803306f0f,ok,340.1757692407853,True,True,cluster_00876,train,/home/dheirav/Code/Deepfake_Detection/deepfake-project/dataset_builder/train/ai_edited/c95gd9r_0.jpg
data_sources/ai_edited/IMD2020/c95gjg9_0.jpg,data_sources/ai_edited/IMD2020,ai_edited,500,619,0.8078,JPEG,73388,e53e2690d6645fe95d8eee098b07a3f7,c215d13a94c7fa9f96d23cfb615dbf831ca964749a156e2130dea2296ea836dd,1.0,dc1d308ffd04b354,ok,1710.6256448463594,True,True,cluster_01315,train,/home/dheirav/Code/Deepfake_Detection/deepfake-project/dataset_builder/train/ai_edited/c95gjg9_0.jpg
data_sources/ai_edited/IMD2020/c95ho7w_0.jpg,data_sources/ai_edited/IMD2020,ai_edited,500,375,1.3333,JPEG,156349,d26f9d6f9cfdadc500f437588972a897,df9ba53a63e451b92f3f31951acd9e965d046a8ed94d7084a13d54a0a89148bf,1.0,842d6d9c3dd930ce,ok,840.7432756985174,True,True,cluster_01574,train,/home/dheirav/Code/Deepfake_Detection/deepfake-project/dataset_builder/train/ai_edited/c95ho7w_0.jpg
data_sources/ai_edited/IMD2020/c95mkhb_0.jpg,data_sources/ai_edited/IMD2020,ai_edited,500,619,0.8078,JPEG,122579,e9f2ec6a92833512c88ce07d4c3a5cf3,dac7426a5eb9378083321b3fb74c1a2e21285c6494b3f970ae690b9ac713a95b,1.0,d419318bfd04b756,ok,1897.1613285652768,True,True,cluster_01313,train,/home/dheirav/Code/Deepfake_Detection/deepfake-project/dataset_builder/train/ai_edited/c95mkhb_0.jpg
data_sources/ai_edited/IMD2020/c95t0d9_0.jpg,data_sources/ai_edited/IMD2020,ai_edited,1200,911,1.3172,JPEG,314096,8fe503aaefcc6437d9253b29d7afeb3d,ae4151483fddc3be1491252d749c8eddc237d40ad1e3c6640efa4d213b5a278f,1.0,d0c06c967bd9e463,ok,1952.669377971956,True,True,cluster_00348,train,/home/dheirav/Code/Deepfake_Detection/deepfake-project/dataset_builder/train/ai_edited/c95t0d9_0.jpg
data_sources/ai_edited/IMD2020/c95ugiv_0.jpg,data_sources/ai_edited/IMD2020,ai_edited,1090,1138,0.9578,JPEG,376386,2e94578e59c957299ed91c10b7149cb0,301d3c725e524288aba1d69eb47743d00c6b03acb71f6e0cc9c3342a95e87d18,1.0,dded1d12630f1385,ok,531.9734646263171,True,True,cluster_00314,train,/home/dheirav/Code/Deepfake_Detection/deepfake-project/dataset_builder/train/ai_edited/c95ugiv_0.jpg
data_sources/ai_edited/IMD2020/c95utnm_0.jpg,data_sources/ai_edited/IMD2020,ai_edited,703,576,1.2205,JPEG,88201,9a1597a54a15edaf0cc15bf750d4c8b6,32b69a05723a48a341987e65ca3e7fb316a5e20f27f10533586e9e83e502287b,1.0,89c1363a5bd6918f,ok,265.6076168297737,True,True,cluster_01128,train,/home/dheirav/Code/Deepfake_Detection/deepfake-project/dataset_builder/train/ai_edited/c95utnm_0.jpg
data_sources/ai_edited/IMD2020/c95xmd0_0.jpg,data_sources/ai_edited/IMD2020,ai_edited,1366,911,1.4995,JPEG,149845,e6cc9355c6cef55ec93dd68d8a5f2b8f,e23dfe1ee588e905005f695d8eb23504aa183602644b6b117517e03be850ff5b,1.0,948a6bb1a57698cb,ok,128.77768865906233,True,True,cluster_00313,train,/home/dheirav/Code/Deepfake_Detection/deepfake-project/dataset_builder/train/ai_edited/c95xmd0_0.jpg
data_sources/ai_edited/IMD2020/c95z458_0.jpg,data_sources/ai_edited/IMD2020,ai_edited,1200,911,1.3172,JPEG,200337,a9302438ba39c43b6d4a8ce3cf97bf30,ba11b1c87daa562d35b22f5b87d2393e89242daac878d4d57fa102e7b5f10e5d,1.0,d08facd62bd8e423,ok,2620.7800687813124,True,True,cluster_00351,train,/home/dheirav/Code/Deepfake_Detection/deepfake-project/dataset_builder/train/ai_edited/c95z458_0.jpg
data_sources/ai_edited/IMD2020/c966md3_0.jpg,data_sources/ai_edited/IMD2020,ai_edited,1024,768,1.3333,JPEG,257447,cd789610fae96ea7756f2f802dcfda41,e1402ccfcd7500f837526727de817bbedeede47f1f060984e1066c1fbee32b45,1.0,93193c6d61d99c9c,ok,233.10029685494695,True,True,cluster_00541,train,/home/dheirav/Code/Deepfake_Detection/deepfake-project/dataset_builder/train/ai_edited/c966md3_0.jpg
data_sources/ai_edited/IMD2020/c968udn_0.jpg,data_sources/ai_edited/IMD2020,ai_edited,640,960,0.6667,JPEG,126724,cc776527dc9e56744eab09beb0a6de3d,831911f06a1c69ebfe92372eb0c2191297de5acf9796eaac22a3c186c6d27e0c,1.0,db34c9d0e60932cf,ok,297.595181952148,True,True,cluster_00798,train,/home/dheirav/Code/Deepfake_Detection/deepfake-project/dataset_builder/train/ai_edited/c968udn_0.jpg
data_sources/ai_edited/IMD2020/c96blfp_0.jpg,data_sources/ai_edited/IMD2020,ai_edited,601,798,0.7531,JPEG,132007,dd48b37d0791736d0f5b397c040915a0,1ed36042189871b5547ccdba5250c6a5886ac204f960599b020bae1e0325dd06,1.0,cf0c34f143bfb023,ok,4675.441977916532,True,True,cluster_01013,train,/home/dheirav/Code/Deepfake_Detection/deepfake-project/dataset_builder/train/ai_edited/c96blfp_0.jpg
data_sources/ai_edited/IMD2020/c96cbvq_0.jpg,data_sources/ai_edited/IMD2020,ai_edited,432,650,0.6646,JPEG,245563,51d4d2c079374e2198d4c89222c35d25,63d64b412307ce05809d08950a51b493f8ce8e4ca3b8894addffb893145c1ae9,1.0,dc1659abc49eb08b,ok,150.19992413057474,True,True,cluster_01376,train,/home/dheirav/Code/Deepfake_Detection/deepfake-project/dataset_builder/train/ai_edited/c96cbvq_0.jpg
data_sources/ai_edited/IMD2020/c96cha8_0.png,data_sources/ai_edited/IMD2020,ai_edited,800,1074,0.7449,PNG,258887,1ea601464df50998ff6907d577f39a57,6f51a90ac6a466990044960cd243493723306a1a340eeecede112573cc9e0a18,1.0,d04eec3433932fd1,ok,711.714729981378,True,True,cluster_00494,train,/home/dheirav/Code/Deepfake_Detection/deepfake-project/dataset_builder/train/ai_edited/c96cha8_0.png
data_sources/ai_edited/IMD2020/c96jvav_0.jpg,data_sources/ai_edited/IMD2020,ai_edited,600,800,0.75,JPEG,196705,78759f4ee922666ddfcad738cfc4affc,9cdc5586dc8b66d39901a804f1e4ed3ed1f1a47b91bcfd723c85e50028cdeeca,1.0,cf0e34f3438fb02c,ok,2472.595729713433,True,True,cluster_00997,train,/home/dheirav/Code/Deepfake_Detection/deepfake-project/dataset_builder/train/ai_edited/c96jvav_0.jpg
data_sources/ai_edited/IMD2020/c96qatb_0.jpg,data_sources/ai_edited/IMD2020,ai_edited,688,954,0.7212,JPEG,169370,9fa32d0da837947854365e5ae4eac1ee,bf173ec30a7c2062399ab1c1bc40fb2ff22ffbe8804316b3c48626b56b89a32f,1.0,9b264ada16c551af,ok,837.8176604917103,True,True,cluster_00759,train,/home/dheirav/Code/Deepfake_Detection/deepfake-project/dataset_builder/train/ai_edited/c96qatb_0.jpg
data_sources/ai_edited/IMD2020/c96zee9_0.jpg,data_sources/ai_edited/IMD2020,ai_edited,1920,1080,1.7778,JPEG,596096,660bc9fa8338b37fa79256f3857b5948,b71b1bb7ff8e9d1c2991bb3c47330620e730f4566f446445e32801efae100a77,1.0,f9f4ca1ada12d216,ok,717.5967799916486,True,True,cluster_00150,train,/home/dheirav/Code/Deepfake_Detection/deepfake-project/dataset_builder/train/ai_edited/c96zee9_0.jpg
data_sources/ai_edited/IMD2020/c970m97_0.jpg,data_sources/ai_edited/IMD2020,ai_edited,2290,1417,1.6161,JPEG,228774,3ba579a39b8d98dfbbcfc59cfdbf5cce,24fae1c50730b3db32b4a171979049106c97c655858ddb0dafe73fa114f80d73,1.0,ccccc8493b3e65c5,ok,99.46744828469774,True,True,cluster_00064,train,/home/dheirav/Code/Deepfake_Detection/deepfake-project/dataset_builder/train/ai_edited/c970m97_0.jpg
data_sources/ai_edited/IMD2020/c9724qm_0.png,data_sources/ai_edited/IMD2020,ai_edited,600,320,1.875,PNG,297463,f980d5c1775d25acdc93a888cffb6fa2,ed30f6c9bc6c281fd79afaee8b451fe9d2a7ed5d5b0183406e8dbffc8b2f007b,1.0,b03188d8df666cd9,ok,433.2896409097222,True,True,cluster_01566,train,/home/dheirav/Code/Deepfake_Detection/deepfake-project/dataset_builder/train/ai_edited/c9724qm_0.png
data_sources/ai_edited/IMD2020/c9729qx_0.jpg,data_sources/ai_edited/IMD2020,ai_edited,1024,768,1.3333,JPEG,269638,1dfc82cb3b6b03bb5d25858cf1355da8,9f74f9595c8c0fb01d19636c5b5dd6abc33f224171f6d6bd8c21e1d489ea9adf,1.0,95851d955ad20dfa,ok,925.7014837092705,True,True,cluster_00540,train,/home/dheirav/Code/Deepfake_Detection/deepfake-project/dataset_builder/train/ai_edited/c9729qx_0.jpg
data_sources/ai_edited/IMD2020/c972y81_0.jpg,data_sources/ai_edited/IMD2020,ai_edited,2290,1417,1.6161,JPEG,593094,bd6d7ea6507d0d17a10cefa70ab4946c,5182d76c0e32e81b56949c4892453b6d9b5abd5105b522d0931bcd8362c8697c,1.0,e5ea9419551a639e,ok,2981.9899809768876,True,True,cluster_00060,train,/home/dheirav/Code/Deepfake_Detection/deepfake-project/dataset_builder/train/ai_edited/c972y81_0.jpg
data_sources/ai_edited/IMD2020/c973pl2_0.png,data_sources/ai_edited/IMD2020,ai_edited,634,417,1.5204,PNG,529902,54340beae147fafccb23e85014dd419e,5f4504210522b9789f63a694c436251e3f92ede0465a658a2f72eb24bfcbcb97,1.0,a05a8a65df62cdca,ok,1592.805542129556,True,True,cluster_01430,train,/home/dheirav/Code/Deepfake_Detection/deepfake-project/dataset_builder/train/ai_edited/c973pl2_0.png
data_sources/ai_edited/IMD2020/c976lta_0.jpg,data_sources/ai_edited/IMD2020,ai_edited,640,427,1.4988,JPEG,134275,a2cb51202a44c41d54754df04a4101bf,ed9024ffa1de0e5d1a34c562934408defe64ba4f620b329a4322e0dbfab87d45,1.0,a4e64913a5ee5a99,ok,1594.8007731843172,True,True,cluster_01394,train,/home/dheirav/Code/Deepfake_Detection/deepfake-project/dataset_builder/train/ai_edited/c976lta_0.jpg
data_sources/ai_edited/IMD2020/c978035_0.jpg,data_sources/ai_edited/IMD2020,ai_edited,2290,1417,1.6161,JPEG,580313,a0524d52556329b3bdcdb6f4aeaafe32,128979c809abd896b18a300678fec78768326d720d6e670cbdf9178ea0f895e1,1.0,e5ea94195538639e,ok,2948.53620292239,True,True,cluster_00062,train,/home/dheirav/Code/Deepfake_Detection/deepfake-project/dataset_builder/train/ai_edited/c978035_0.jpg
data_sources/ai_edited/IMD2020/c979ed6_0.jpg,data_sources/ai_edited/IMD2020,ai_edited,990,672,1.4732,JPEG,108725,5465ed810b031b46bea351916b1bc54e,d0ff34f948492c80d817c9b6d9f65227057cf6a328478e7c6c619301f30d2a18,1.0,bb5f916c912e7830,ok,703.4871879858499,True,True,cluster_00736,train,/home/dheirav/Code/Deepfake_Detection/deepfake-project/dataset_builder/train/ai_edited/c979ed6_0.jpg
data_sources/ai_edited/IMD2020/c979h5q_0.jpg,data_sources/ai_edited/IMD2020,ai_edited,1600,1067,1.4995,JPEG,342024,15de36ab470d58b7e5c07a0a1ad40aea,3b756b9985231e9bfa057a8e1bf9d3b4d352d3386022bb18f9c91e93eece383b,1.0,b3e39b754422656c,ok,242.30816529762117,True,True,cluster_00219,train,/home/dheirav/Code/Deepfake_Detection/deepfake-project/dataset_builder/train/ai_edited/c979h5q_0.jpg
data_sources/ai_edited/IMD2020/c979s43_0.jpg,data_sources/ai_edited/IMD2020,ai_edited,900,506,1.7787,JPEG,103207,e5eff445379e90953280cff1b9080cbb,97a9d8a19fff19700c9cd9369ad739590b1136db6c0cae8d9ac8c39b25d7f97d,1.0,923b0f52e5c73c49,ok,832.0438651689606,True,True,cluster_01048,train,/home/dheirav/Code/Deepfake_Detection/deepfake-project/dataset_builder/train/ai_edited/c979s43_0.jpg
data_sources/ai_edited/IMD2020/c97ffgf_0.jpg,data_sources/ai_edited/IMD2020,ai_edited,800,516,1.5504,JPEG,139545,77552d90730aaa15da0aad86ed5f5401,d21d1fd5c467f127a6b08f98cc156a466db158020f63c11f33a3874c7ba52d16,1.0,f51c5b084b0d731f,ok,334.27655666855867,True,True,cluster_01118,train,/home/dheirav/Code/Deepfake_Detection/deepfake-project/dataset_builder/train/ai_edited/c97ffgf_0.jpg
data_sources/ai_edited/IMD2020/c97gn0w_0.png,data_sources/ai_edited/IMD2020,ai_edited,590,791,0.7459,PNG,536430,a6acdccc39ac57e036cfcfa32c521ebe,33647ff765023047ec24d92f16a47835e91204dfd7e6c8c25913c9864346600a,1.0,c084bbcd9436dde1,ok,628.9164901489714,True,True,cluster_01023,train,/home/dheirav/Code/Deepfake_Detection/deepfake-project/dataset_builder/train/ai_edited/c97gn0w_0.png
data_sources/ai_edited/IMD2020/c97mvm4_0.jpg,data_sources/ai_edited/IMD2020,ai_edited,1920,1080,1.7778,JPEG,614145,c0edca426a324cfc260e18c62b9f179f,380af3a77e2548cbaadbf4f36d03d563c1173df0e22d97a51609ea9e78a29fa9,1.0,c0c63f2f33313b52,ok,10060.237359629435,True,True,cluster_00149,train,/home/dheirav/Code/Deepfake_Detection/deepfake-project/dataset_builder/train/ai_edited/c97mvm4_0.jpg
data_sources/ai_edited/IMD2020/c97npfo_0.jpg,data_sources/ai_edited/IMD2020,ai_edited,603,960,0.6281,JPEG,220835,b4fa3bb5ee788e54e40c82feb2ead5d3,2e9b3e75b0ea7b5826a394bbd2fef9649ba25ccf05a63b5fa3ec839a9a694c2b,1.0,94f7e73491ad50b0,ok,176.7440222130014,True,True,cluster_00868,train,/home/dheirav/Code/Deepfake_Detection/deepfake-project/dataset_builder/train/ai_edited/c97npfo_0.jpg
data_sources/ai_edited/IMD2020/c97p12w_0.jpg,data_sources/ai_edited/IMD2020,ai_edited,402,604,0.6656,JPEG,112535,635dc2a34d21fb6bc2adc7cc2a2d615c,23f458682f3f366f89d2d5b2abb80a732f0cc94bc1529ddd55189732f05603d7,1.0,8e355b92c9d268e6,ok,329.38166435446107,True,True,cluster_01462,train,/home/dheirav/Code/Deepfake_Detection/deepfake-project/dataset_builder/train/ai_edited/c97p12w_0.jpg
data_sources/ai_edited/IMD2020/c97p9cf_0.jpg,data_sources/ai_edited/IMD2020,ai_edited,603,960,0.6281,JPEG,212058,3763f71be72ef75d330a4471b8e49731,3d5d08c7db7b3a2c0eb23c30afcb2aef5549001e9e9c9a362b4c6ab92ac5f8b1,1.0,acf79310a46d52b9,ok,282.43664590012133,True,True,cluster_00871,train,/home/dheirav/Code/Deepfake_Detection/deepfake-project/dataset_builder/train/ai_edited/c97p9cf_0.jpg
data_sources/ai_edited/IMD2020/c97pbie_0.jpg,data_sources/ai_edited/IMD2020,ai_edited,500,679,0.7364,JPEG,194966,2464609bd04127646286885e453b1472,809eead1e7d0699159ed104e7ad1121bd6cd67c9c55321f9236c716951e9a971,1.0,e4e68cc983139f3c,ok,180.2774486675068,True,True,cluster_01271,train,/home/dheirav/Code/Deepfake_Detection/deepfake-project/dataset_builder/train/ai_edited/c97pbie_0.jpg
data_sources/ai_edited/IMD2020/c97pme4_0.jpg,data_sources/ai_edited/IMD2020,ai_edited,603,960,0.6281,JPEG,231344,550dd5f5873a96a9c3ff88f97036b13c,bbef9a0e218c5d51e5906873a5c146718946cc3b5b9208f9b454971a192d3e3a,1.0,ace59316e52d4999,ok,266.82784660438057,True,True,cluster_00867,train,/home/dheirav/Code/Deepfake_Detection/deepfake-project/dataset_builder/train/ai_edited/c97pme4_0.jpg
data_sources/ai_edited/IMD2020/c97qv4m_0.jpg,data_sources/ai_edited/IMD2020,ai_edited,800,531,1.5066,JPEG,128048,a0dcdf093571f08ee61e567413ff2646,db85937eafc92423291d8df4f9e50fefa4b85f4d22d04134821b559809295245,1.0,c383fc7879268e91,ok,741.0002105010977,True,True,cluster_01100,train,/home/dheirav/Code/Deepfake_Detection/deepfake-project/dataset_builder/train/ai_edited/c97qv4m_0.jpg
data_sources/ai_edited/IMD2020/c97rh7u_0.jpg,data_sources/ai_edited/IMD2020,ai_edited,850,469,1.8124,JPEG,125917,4906945746ccc4ce8e7db7d6d47b3e10,cceb95357f5efbaac458fbc3bb16ff8239f12fc6cb045bc2f7d48ad2fc547c4d,1.0,807fa757be08fb00,ok,129.09260570909953,True,True,cluster_01136,train,/home/dheirav/Code/Deepfake_Detection/deepfake-project/dataset_builder/train/ai_edited/c97rh7u_0.jpg
data_sources/ai_edited/IMD2020/c97rkx9_0.png,data_sources/ai_edited/IMD2020,ai_edited,603,960,0.6281,PNG,585945,8243a0ea39ab457b34671e20681a20cb,f7a79fb6324067d4858b692aa99d82990baccba0a8c798ade65412bfa354237d,1.0,ace79312a46d52b9,ok,271.89513662832087,True,True,cluster_00866,train,/home/dheirav/Code/Deepfake_Detection/deepfake-project/dataset_builder/train/ai_edited/c97rkx9_0.png
data_sources/ai_edited/IMD2020/c97sv42_0.png,data_sources/ai_edited/IMD2020,ai_edited,603,960,0.6281,PNG,646446,2114fe4d12638f4c863c530f8e05070e,29ddcfe23c5b5a8c5859e7637cb163627796680e8c8412762bb05fadaddf15e6,1.0,acf59310b46d52b9,ok,293.531306359186,True,True,cluster_00865,train,/home/dheirav/Code/Deepfake_Detection/deepfake-project/dataset_builder/train/ai_edited/c97sv42_0.png
data_sources/ai_edited/IMD2020/c97u2q9_0.jpg,data_sources/ai_edited/IMD2020,ai_edited,603,960,0.6281,JPEG,86124,0cc83c137ae3f832423c52c63cc7a9f1,0919b0bb323c90832f52affefe8751cb7c881bb7d3935d075e8eba368ac8ef7c,1.0,84e3f734908f58b9,ok,172.6343133239233,True,True,cluster_00874,train,/home/dheirav/Code/Deepfake_Detection/deepfake-project/dataset_builder/train/ai_edited/c97u2q9_0.jpg
data_sources/ai_edited/IMD2020/c97ub08_0.jpg,data_sources/ai_edited/IMD2020,ai_edited,482,488,0.9877,JPEG,79394,159844f4a2afe96688002349d36b15c6,6ffa59031a82123d2e705fd93ed7e23a67374c9ea0f0eb3308502c1b12531cdf,1.0,f0b14b9097c995ce,ok,85.16986322643935,True,True,cluster_01495,train,/home/dheirav/Code/Deepfake_Detection/deepfake-project/dataset_builder/train/ai_edited/c97ub08_0.jpg
data_sources/ai_edited/IMD2020/c97up6j_0.jpg,data_sources/ai_edited/IMD2020,ai_edited,429,481,0.8919,JPEG,113153,50d0f6bdde41f92fde449317e89cc2cd,dabaf054d6baaa4b8c59af2c05b9675676cc41adf48d62f8b1d9de59becf771f,1.0,d2a3b6f621510bd6,ok,1002.7256898926845,True,True,cluster_01549,train,/home/dheirav/Code/Deepfake_Detection/deepfake-project/dataset_builder/train/ai_edited/c97up6j_0.jpg
data_sources/ai_edited/IMD2020/c97vlit_0.jpg,data_sources/ai_edited/IMD2020,ai_edited,753,699,1.0773,JPEG,184222,5a14d2174c548e9f0fab2c7f8bea95f4,27b685e743880efd665de3fceec8ca64d9e5f2fe31ec73945171b85d7e1efcc0,1.0,d90d26f230037fcb,ok,1685.982158135833,True,True,cluster_00943,train,/home/dheirav/Code/Deepfake_Detection/deepfake-project/dataset_builder/train/ai_edited/c97vlit_0.jpg
data_sources/ai_edited/IMD2020/c980b28_0.png,data_sources/ai_edited/IMD2020,ai_edited,473,338,1.3994,PNG,290319,c62ab02b62726660d2ea31c2c039acb2,748b02374d7a5ad8ceae732358aa41d4454398c4f16fd33b37928426aa144c5c,1.0,9b322a5152ca4dbf,ok,1129.7685842695196,True,True,cluster_01622,train,/home/dheirav/Code/Deepfake_Detection/deepfake-project/dataset_builder/train/ai_edited/c980b28_0.png
data_sources/ai_edited/IMD2020/c980uto_0.jpg,data_sources/ai_edited/IMD2020,ai_edited,1622,1326,1.2232,JPEG,609136,25e09e60a2b92b90c01df4f7e4289d98,4dcd23663446dc0d779cdcc90e13111cf0ba6138edf59d0a051d6746966d9e1b,1.0,a02847cf156977b5,ok,169.55651442460257,True,True,cluster_00139,train,/home/dheirav/Code/Deepfake_Detection/deepfake-project/dataset_builder/train/ai_edited/c980uto_0.jpg
data_sources/ai_edited/IMD2020/c985sf9_0.jpg,data_sources/ai_edited/IMD2020,ai_edited,1130,848,1.3325,JPEG,166164,4f69f503c48656d15a8a1265b380e6b7,cf1e87571b081ec2d896d24b51e5540e2a7312a15a430aa2c35f9e98ae1fae2c,1.0,84393ec1b1aed336,ok,189.80306973143084,True,True,cluster_00419,train,/home/dheirav/Code/Deepfake_Detection/deepfake-project/dataset_builder/train/ai_edited/c985sf9_0.jpg
data_sources/ai_edited/IMD2020/c98625n_0.jpg,data_sources/ai_edited/IMD2020,ai_edited,1000,665,1.5038,JPEG,152679,76f4947a14f22eac7f1a6510ccdc2e24,69fcc7c0bff952920ee09bdb58250ac9ae3a95e7a5c8b0caadddc8548595e3d2,1.0,a1f2d20423f8de8f,ok,421.63348486733224,True,True,cluster_00741,train,/home/dheirav/Code/Deepfake_Detection/deepfake-project/dataset_builder/train/ai_edited/c98625n_0.jpg
data_sources/ai_edited/IMD2020/c986lv8_0.jpg,data_sources/ai_edited/IMD2020,ai_edited,640,480,1.3333,JPEG,63252,07a6c1196c2ff1d26866997793d710c1,05ae98ffb5c083efc02f5bc0b199e815f474c3e3b57c919a6532f5924040d82f,1.0,8476b90b5264af9b,ok,760.5615149752192,True,True,cluster_01338,train,/home/dheirav/Code/Deepfake_Detection/deepfake-project/dataset_builder/train/ai_edited/c986lv8_0.jpg
data_sources/ai_edited/IMD2020/c986who_0.jpg,data_sources/ai_edited/IMD2020,ai_edited,1024,768,1.3333,JPEG,85492,502e670d6dad5e794d040e307fce1110,3aaa45817ad75e9688eeb6e6bb96ca3512e3bd6e912aadb948f044fa21d6c2c1,1.0,9796250cd9b44b3d,ok,1665.5488043732669,True,True,cluster_00557,train,/home/dheirav/Code/Deepfake_Detection/deepfake-project/dataset_builder/train/ai_edited/c986who_0.jpg
data_sources/ai_edited/IMD2020/c98jxiu_0.jpg,data_sources/ai_edited/IMD2020,ai_edited,960,611,1.5712,JPEG,213865,3585689a24631d931fe8a3fb564b21cb,6ad2ca9996c48c9092f5f9878555dfa5c78a5fa988f2b3a8e624e75cf268d8f5,1.0,e9d8c901db83cb59,ok,1153.0785900446483,True,True,cluster_00861,train,/home/dheirav/Code/Deepfake_Detection/deepfake-project/dataset_builder/train/ai_edited/c98jxiu_0.jpg
data_sources/ai_edited/IMD2020/c98lw0x_0.jpg,data_sources/ai_edited/IMD2020,ai_edited,1125,643,1.7496,JPEG,126320,e9a5104e28dbec7805e402530df2f0d6,a3e6e2555decbedd495ccdf13a3bb8a52f254c0709a2c98fa7895b9aaabfd225,1.0,d3f88587700b3a73,ok,91.2380260797179,True,True,cluster_00612,train,/home/dheirav/Code/Deepfake_Detection/deepfake-project/dataset_builder/train/ai_edited/c98lw0x_0.jpg
data_sources/ai_edited/IMD2020/c98mhwt_0.jpg,data_sources/ai_edited/IMD2020,ai_edited,1920,1080,1.7778,JPEG,397703,5f8ff85bec097ff45323cb9d0e55845f,e830dba174c8b17ed99aea817d8ac8f9d446561cf11db5ce3d5069a5306a834a,1.0,e99b8181f1b9cf0c,ok,361.2134758379983,True,True,cluster_00155,train,/home/dheirav/Code/Deepfake_Detection/deepfake-project/dataset_builder/train/ai_edited/c98mhwt_0.jpg
data_sources/ai_edited/IMD2020/c98ojjv_0.jpg,data_sources/ai_edited/IMD2020,ai_edited,500,500,1.0,JPEG,128399,9e7dfae7e7ef87aa0087d21fc0ef8729,c944d2efc1d46ca6521770231c890504940fc59c71b95a759d26238ad31124ef,1.0,cad8c4dce0e6e263,ok,187.72088864505602,True,True,cluster_01450,train,/home/dheirav/Code/Deepfake_Detection/deepfake-project/dataset_builder/train/ai_edited/c98ojjv_0.jpg
data_sources/ai_edited/IMD2020/c98ovsv_0.jpg,data_sources/ai_edited/IMD2020,ai_edited,500,500,1.0,JPEG,55581,dcdcd4e9212bbbf7f37749d9d7f56523,8db644f19ed95b213177c5cd30e2f7872be12af6c628aacbc9f58d39f0ed52fd,1.0,dad8c0cce6e6e063,ok,260.56855471921597,True,True,cluster_01451,train,/home/dheirav/Code/Deepfake_Detection/deepfake-project/dataset_builder/train/ai_edited/c98ovsv_0.jpg
data_sources/ai_edited/IMD2020/c98qf1y_0.jpg,data_sources/ai_edited/IMD2020,ai_edited,607,500,1.214,JPEG,96434,2f04a702481a5c9d10b6d22473737d20,9f0cfb7c70e8fd53fe36ca64930e1ddca4f579e6c6cf36303c06eb0d146f3d70,1.0,90d452a8ece69aed,ok,337.1425245055245,True,True,cluster_01347,train,/home/dheirav/Code/Deepfake_Detection/deepfake-project/dataset_builder/train/ai_edited/c98qf1y_0.jpg
data_sources/ai_edited/IMD2020/c98s7f2_0.jpg,data_sources/ai_edited/IMD2020,ai_edited,1100,740,1.4865,JPEG,90734,9f72e61b068e5f4f37358d43b5cb732e,aa121d73e045f96b5bf3c71546118b45c5121fdecf18fcae4a1969039ed2e9e6,1.0,bcb4862e3c199bcc,ok,731.1393262847573,True,True,cluster_00512,train,/home/dheirav/Code/Deepfake_Detection/deepfake-project/dataset_builder/train/ai_edited/c98s7f2_0.jpg
data_sources/ai_edited/IMD2020/c98scja_0.jpg,data_sources/ai_edited/IMD2020,ai_edited,641,425,1.5082,JPEG,145413,290a829f5527bde241405b0a175cddac,5214fc0841b696251fc720142adc35ccb67faa774a91eebdcc0e53955c3e54e8,1.0,92c3238d9771d873,ok,306.4627347268826,True,True,cluster_01403,train,/home/dheirav/Code/Deepfake_Detection/deepfake-project/dataset_builder/train/ai_edited/c98scja_0.jpg
data_sources/ai_edited/IMD2020/c98sd8w_0.jpg,data_sources/ai_edited/IMD2020,ai_edited,641,977,0.6561,JPEG,131570,d5670766092f87e64dd0ee951fcb2298,c5551a3f3728ed142485c733686d9cedc3890cdcf9aa19ba21b4f6b0a5ca890a,1.0,844243a87f3f1db5,ok,2213.3431937576556,True,True,cluster_00776,train,/home/dheirav/Code/Deepfake_Detection/deepfake-project/dataset_builder/train/ai_edited/c98sd8w_0.jpg
data_sources/ai_edited/IMD2020/c98trtt_0.jpg,data_sources/ai_edited/IMD2020,ai_edited,640,480,1.3333,JPEG,156150,be6319d7fe1062c8822c6bdab83d7384,bdba9a9ccbf240f99b53eadbedd162253e667e3db579f437e51051bd85e8d0a5,1.0,ac1c052ebcf8cb3c,ok,4406.993531179205,True,True,cluster_01331,train,/home/dheirav/Code/Deepfake_Detection/deepfake-project/dataset_builder/train/ai_edited/c98trtt_0.jpg
data_sources/ai_edited/IMD2020/c98x46e_0.jpg,data_sources/ai_edited/IMD2020,ai_edited,600,496,1.2097,JPEG,64356,e2dd4fc20a8db4603b553268120d4806,0b034d548d1cec3beb792e6f73c3cf28dcbc41e66c8e623ca48a1c29896f1cc3,1.0,d4f8384f3396cf20,ok,1017.2820240779281,True,True,cluster_01351,train,/home/dheirav/Code/Deepfake_Detection/deepfake-project/dataset_builder/train/ai_edited/c98x46e_0.jpg
data_sources/ai_edited/IMD2020/c990v3g_0.jpg,data_sources/ai_edited/IMD2020,ai_edited,550,418,1.3158,JPEG,37440,eb389f2de3d21cfeaa88df9306ecf494,c7ac28a950c7ecbbe3043a3eb116af23faa80999f84edb670d7ecd48601af7b0,1.0,daa525476d996cc8,ok,172.1156581477924,True,True,cluster_01518,train,/home/dheirav/Code/Deepfake_Detection/deepfake-project/dataset_builder/train/ai_edited/c990v3g_0.jpg
data_sources/ai_edited/IMD2020/c991rvp_0.jpg,data_sources/ai_edited/IMD2020,ai_edited,550,418,1.3158,JPEG,36759,878410b8369453819251085dd86da3e0,fcfe9863815f313c7c545038b5e1f63d761841337969b5ca9580164a01826e53,1.0,dea5b186691b6c49,ok,188.79333614043662,True,True,cluster_01519,train,/home/dheirav/Code/Deepfake_Detection/deepfake-project/dataset_builder/train/ai_edited/c991rvp_0.jpg
data_sources/ai_edited/IMD2020/c992enl_0.jpg,data_sources/ai_edited/IMD2020,ai_edited,550,418,1.3158,JPEG,48149,eaefd67705957f0018adbb9b63c8f5ee,f977a5234f3f08261992a49a66511952de352f5865fe01461b6aa3d5087fa4b7,1.0,daa0b1706c9b66cd,ok,171.40462934553122,True,True,cluster_01517,train,/home/dheirav/Code/Deepfake_Detection/deepfake-project/dataset_builder/train/ai_edited/c992enl_0.jpg
data_sources/ai_edited/IMD2020/c99303g_0.jpg,data_sources/ai_edited/IMD2020,ai_edited,1024,634,1.6151,JPEG,200332,096c4adc8ca09bd026578ee0bb46a942,80a101e802b3a24c13db34c0da85454d5234d860f83834f901221d0344fc4d48,1.0,c9f6560bb4356926,ok,1294.6565226777504,True,True,cluster_00766,train,/home/dheirav/Code/Deepfake_Detection/deepfake-project/dataset_builder/train/ai_edited/c99303g_0.jpg
data_sources/ai_edited/IMD2020/c993h77_0.jpg,data_sources/ai_edited/IMD2020,ai_edited,520,720,0.7222,JPEG,158579,5387da1d72624850a3a02de73e9734e3,6e6c771d131ae9247f6f44dec21da36afcc0222de425d67ff425a67218774feb,1.0,991b7ce12167562e,ok,321.4673201275816,True,True,cluster_01182,train,/home/dheirav/Code/Deepfake_Detection/deepfake-project/dataset_builder/train/ai_edited/c993h77_0.jpg
data_sources/ai_edited/IMD2020/c9948kv_0.jpg,data_sources/ai_edited/IMD2020,ai_edited,520,720,0.7222,JPEG,70531,699140a34ff657828a826fe5b4aaaa1b,80ebfc771a2ab3743a5cbf5a1a0e5d31e65a35bbf2e8203aa5cb39a73f923935,1.0,881b7ee1a975562a,ok,317.4446067593548,True,True,cluster_01186,train,/home/dheirav/Code/Deepfake_Detection/deepfake-project/dataset_builder/train/ai_edited/c9948kv_0.jpg
data_sources/ai_edited/IMD2020/c994oht_0.jpg,data_sources/ai_edited/IMD2020,ai_edited,1402,1826,0.7678,JPEG,305420,bf88a268ba4d25bd6cd1fd0d45c87a7d,411891385127c59e2e3d9fef5a79bd25d1ce96e0d3c04f02cf75a40b9eabfdc3,1.0,86ddd1a1eacaf224,ok,148.42719230687015,True,True,cluster_00107,train,/home/dheirav/Code/Deepfake_Detection/deepfake-project/dataset_builder/train/ai_edited/c994oht_0.jpg
data_sources/ai_edited/IMD2020/c9969lr_0.jpg,data_sources/ai_edited/IMD2020,ai_edited,520,720,0.7222,JPEG,62160,a05ab374c6c1d97ea4caa0f1377c4296,9ec1d6297d0834abd8a953d16db6191c22f8a6a7f2ca736d57d8af16cb2d131b,1.0,891b7ce12167762e,ok,322.04542791793796,True,True,cluster_01187,train,/home/dheirav/Code/Deepfake_Detection/deepfake-project/dataset_builder/train/ai_edited/c9969lr_0.jpg
data_sources/ai_edited/IMD2020/c9981l7_0.jpg,data_sources/ai_edited/IMD2020,ai_edited,520,720,0.7222,JPEG,170904,7e0151e78101afb15561140faf9c4aa9,5a1c09d5d4144327106bc5c734e1168eb930d71afdccb1eecc338238c520b233,1.0,885a5ea92177762e,ok,327.9743499583308,True,True,cluster_01181,train,/home/dheirav/Code/Deepfake_Detection/deepfake-project/dataset_builder/train/ai_edited/c9981l7_0.jpg
data_sources/ai_edited/IMD2020/c9996ea_0.jpg,data_sources/ai_edited/IMD2020,ai_edited,1402,1826,0.7678,JPEG,368025,f30ad817159746a1794e09a38dd224d0,70186c2440705741f2f619615d6631b619e0267c6f57cbe2a6146b3283820b3f,1.0,86ddd1a0e8cafe24,ok,347.3576638154171,True,True,cluster_00105,train,/home/dheirav/Code/Deepfake_Detection/deepfake-project/dataset_builder/train/ai_edited/c9996ea_0.jpg
data_sources/ai_edited/IMD2020/c99b3oc_0.jpg,data_sources/ai_edited/IMD2020,ai_edited,652,903,0.722,JPEG,207339,c5fa32ad38994dc69179c7d453fca90f,97e4112d2870c936aaa58c03d6b6bb596a71791b6fef0abb8ed943ba16a69969,1.0,c6d4c949264ed9dc,ok,667.069291821817,True,True,cluster_00859,train,/home/dheirav/Code/Deepfake_Detection/deepfake-project/dataset_builder/train/ai_edited/c99b3oc_0.jpg
data_sources/ai_edited/IMD2020/c99bj65_0.jpg,data_sources/ai_edited/IMD2020,ai_edited,520,720,0.7222,JPEG,110114,181a28f2fde9956c38e62e3ca2e127a8,21b04ec41862270817568f291dc577080f2c4cd2cb7c16769c2355fce1693d42,1.0,d98b3ff121277c20,ok,274.10170933037017,True,True,cluster_01183,train,/home/dheirav/Code/Deepfake_Detection/deepfake-project/dataset_builder/train/ai_edited/c99bj65_0.jpg
data_sources/ai_edited/IMD2020/c99fjx6_0.jpg,data_sources/ai_edited/IMD2020,ai_edited,960,640,1.5,JPEG,118648,46cc30d7c79f3e4e21f30b600a75baa5,b71742323edee243558d145448ea112f54772194ff7b89a51d99c737b0eac304,1.0,9d25c69270e63ea9,ok,990.1669126274957,True,True,cluster_00800,train,/home/dheirav/Code/Deepfake_Detection/deepfake-project/dataset_builder/train/ai_edited/c99fjx6_0.jpg
data_sources/ai_edited/IMD2020/c99grkg_0.jpg,data_sources/ai_edited/IMD2020,ai_edited,492,619,0.7948,JPEG,112733,589169b615befa13f87d07087ccae36d,deae2fa99b0869b2430013a74ac5a21e7eb11794a552caf9cea5a8cfbd11f1e4,1.0,dc1d30c3fd08b754,ok,1608.2566999402602,True,True,cluster_01346,train,/home/dheirav/Code/Deepfake_Detection/deepfake-project/dataset_builder/train/ai_edited/c99grkg_0.jpg
data_sources/ai_edited/IMD2020/c99hkdk_0.jpg,data_sources/ai_edited/IMD2020,ai_edited,1200,1188,1.0101,JPEG,287608,98137a3e7d14c5021c3372690487371a,3efa9993b0fc0c64916ff7dd89ab4d3e92e94fba60acf3bc328952ec1d84303c,1.0,9a14873f4d3149eb,ok,471.37076329264085,True,True,cluster_00276,train,/home/dheirav/Code/Deepfake_Detection/deepfake-project/dataset_builder/train/ai_edited/c99hkdk_0.jpg
data_sources/ai_edited/IMD2020/c99hksz_0.jpg,data_sources/ai_edited/IMD2020,ai_edited,634,538,1.1784,JPEG,236356,0a4df8c0e0d22c56f0e9f3d40e47eabd,df937e08d806363f0ff54aa02b4a76e5fabf445e4281926c87eb37ee66540ac4,1.0,c06191b4dc9de69e,ok,629.5584791983662,True,True,cluster_01270,train,/home/dheirav/Code/Deepfake_Detection/deepfake-project/dataset_builder/train/ai_edited/c99hksz_0.jpg
data_sources/ai_edited/IMD2020/c99lb7m_0.jpg,data_sources/ai_edited/IMD2020,ai_edited,1600,900,1.7778,JPEG,312855,758567d6ce5276b400df27981816575b,ddb5a5558a7990df996706f70e431664a8296506e2fe66aec144bd2bc833bc98,1.0,c0c83795bc671ab6,ok,523.4391263777469,True,True,cluster_00274,train,/home/dheirav/Code/Deepfake_Detection/deepfake-project/dataset_builder/train/ai_edited/c99lb7m_0.jpg
data_sources/ai_edited/IMD2020/c99par4_0.png,data_sources/ai_edited/IMD2020,ai_edited,640,480,1.3333,PNG,358091,5d7b8d5edd3b854562cf23361815d56a,4e2dac5a5fe15159cd4af2532894fc5ca8540c8beaf883d38d5c66b3979eb14b,1.0,87782b3f1c98d0e3,ok,182.35861027398636,True,True,cluster_01328,train,/home/dheirav/Code/Deepfake_Detection/deepfake-project/dataset_builder/train/ai_edited/c99par4_0.png
data_sources/ai_edited/IMD2020/c99pq37_0.jpg,data_sources/ai_edited/IMD2020,ai_edited,535,439,1.2187,JPEG,67135,39e5459e332acfab00b0adb6c1d33c5c,4fff81a2307440239c82e8bc95c3bb012efccfdf6f46ca040df35741b67fd972,1.0,a4970feaf18e502d,ok,1417.1567700764003,True,True,cluster_01496,train,/home/dheirav/Code/Deepfake_Detection/deepfake-project/dataset_builder/train/ai_edited/c99pq37_0.jpg
data_sources/ai_edited/IMD2020/c99s1ad_0.jpg,data_sources/ai_edited/IMD2020,ai_edited,460,276,1.6667,JPEG,25128,c29746fd9fc1d1d4d3205a2e8ef4b2ec,43b84b9b3d9d5e10f1defc5bad830026f47a347d1f0fe5872ca3020debe43f5f,1.0,f181cf13d39c4cac,ok,612.7237881191164,True,True,cluster_01649,train,/home/dheirav/Code/Deepfake_Detection/deepfake-project/dataset_builder/train/ai_edited/c99s1ad_0.jpg
data_sources/ai_edited/IMD2020/c99utti_0.jpg,data_sources/ai_edited/IMD2020,ai_edited,970,701,1.3837,JPEG,228156,37621eb9f2931c00d99f23adf498eba7,c81854fdf66a108d1efd5e63f61681181abf6b680b17cca0295b804ccc71587f,1.0,9a30f79f44e72059,ok,581.6585153845826,True,True,cluster_00708,train,/home/dheirav/Code/Deepfake_Detection/deepfake-project/dataset_builder/train/ai_edited/c99utti_0.jpg
data_sources/ai_edited/IMD2020/c99v20p_0.jpg,data_sources/ai_edited/IMD2020,ai_edited,990,859,1.1525,JPEG,236459,5328643c0519f8c13df1e1a4d7df46a2,4ea30504b22b1c228f464af8b07ddea41ae9785ec6b28a3af243fba75a4f09c8,1.0,91ccadeb895e6524,ok,671.7262551500595,True,True,cluster_00501,train,/home/dheirav/Code/Deepfake_Detection/deepfake-project/dataset_builder/train/ai_edited/c99v20p_0.jpg
data_sources/ai_edited/IMD2020/c9a06ao_0.jpg,data_sources/ai_edited/IMD2020,ai_edited,454,700,0.6486,JPEG,126311,edf2c77e5a241280a44e8de08a26e010,6f3a87f74f50193798e34b4c957304ba642c33afccc6f45a497d266d0f3d6a2b,1.0,d3e5a43617c9d858,ok,479.84408547689213,True,True,cluster_01301,train,/home/dheirav/Code/Deepfake_Detection/deepfake-project/dataset_builder/train/ai_edited/c9a06ao_0.jpg
data_sources/ai_edited/IMD2020/c9a0wf8_0.jpg,data_sources/ai_edited/IMD2020,ai_edited,889,1333,0.6669,JPEG,283576,ce8ec58926a42171500fa906ef01735d,2261c28f8240217675fe1a3707ceea354dbf8d2e94558d67e097cfb383f8b829,1.0,c0e1b17b1b8d643e,ok,277.4098570297801,True,True,cluster_00334,train,/home/dheirav/Code/Deepfake_Detection/deepfake-project/dataset_builder/train/ai_edited/c9a0wf8_0.jpg
data_sources/ai_edited/IMD2020/c9a2q02_0.jpg,data_sources/ai_edited/IMD2020,ai_edited,800,1200,0.6667,JPEG,199810,55fbb916a4a745208c08085dcad6a9b0,84c41d749582859e50fe0181fe8c6af690308277eebde5e59809e1986c008237,1.0,c1e4b57b198c643e,ok,764.8465827264312,True,True,cluster_00412,train,/home/dheirav/Code/Deepfake_Detection/deepfake-project/dataset_builder/train/ai_edited/c9a2q02_0.jpg
data_sources/ai_edited/IMD2020/c9a43jm_0.jpg,data_sources/ai_edited/IMD2020,ai_edited,800,1200,0.6667,JPEG,132938,eaa817836e802388b13f08518c7194b0,794298267b8daff6a1ed72f8bcd3db534e2e62fd4f8f66dd98af9177fe2cafa4,1.0,c0a0b77b19a4f2f8,ok,373.63591506426974,True,True,cluster_00417,train,/home/dheirav/Code/Deepfake_Detection/deepfake-project/dataset_builder/train/ai_edited/c9a43jm_0.jpg
data_sources/ai_edited/IMD2020/c9a5zop_0.jpg,data_sources/ai_edited/IMD2020,ai_edited,1899,2047,0.9277,JPEG,667615,ca315c81662e5476972e163fc43206f8,a76f8296201f38f51ca6afc53223bf65e248801671774bf27b15bf5a253033c3,1.0,d8631cf9037db505,ok,192.56560785206878,True,True,cluster_00052,train,/home/dheirav/Code/Deepfake_Detection/deepfake-project/dataset_builder/train/ai_edited/c9a5zop_0.jpg
data_sources/ai_edited/IMD2020/c9aamu4_0.jpg,data_sources/ai_edited/IMD2020,ai_edited,960,720,1.3333,JPEG,151466,57a670ebcf8f746d94f4983f01f47470,bfad430cfd537bdb1fe5039d49365598556c1f67f83caaec7ee675e904af3bf9,1.0,918ba7bd2c3ee160,ok,454.94758928912546,True,True,cluster_00692,train,/home/dheirav/Code/Deepfake_Detection/deepfake-project/dataset_builder/train/ai_edited/c9aamu4_0.jpg
data_sources/ai_edited/IMD2020/c9abglu_0.jpg,data_sources/ai_edited/IMD2020,ai_edited,628,417,1.506,JPEG,157807,1ca21b3c0014d54d320c44096dbe8070,96849a3c2b3741e64d50b5ee8939170dfa9e543ca8a6ac12b9804f2587d24870,1.0,b1d317427ecc4cf0,ok,2929.1407805635636,True,True,cluster_01434,train,/home/dheirav/Code/Deepfake_Detection/deepfake-project/dataset_builder/train/ai_edited/c9abglu_0.jpg
data_sources/ai_edited/IMD2020/c9af975_0.jpg,data_sources/ai_edited/IMD2020,ai_edited,960,720,1.3333,JPEG,184178,3aa3057ec7f5398c5b4bff6d6457b726,df2093e31d808c6a7ec1d4a3df2c9f0ac648ef3688c672fd5b522b10c529e02a,1.0,918be6bd2c3ee160,ok,787.3162034812561,True,True,cluster_00677,train,/home/dheirav/Code/Deepfake_Detection/deepfake-project/dataset_builder/train/ai_edited/c9af975_0.jpg
data_sources/ai_edited/IMD2020/c9alf9o_0.jpg,data_sources/ai_edited/IMD2020,ai_edited,1300,1733,0.7501,JPEG,349585,7331571aa9e9cba318b3eea5d2289c5f,e0d118a9af9eb6d39e1befe941f713015e2d20a2e7db75f45d5f6d76d07d588a,1.0,ec065b398b65335a,ok,1367.3441756631487,True,True,cluster_00131,train,/home/dheirav/Code/Deepfake_Detection/deepfake-project/dataset_builder/train/ai_edited/c9alf9o_0.jpg
data_sources/ai_edited/IMD2020/c9an6i7_0.png,data_sources/ai_edited/IMD2020,ai_edited,641,644,0.9953,PNG,579834,d1e022e521b371dbcd6ee660892cf437,86ef8c24507cda8d9941da944e1d5ca61a4b1a00485376d0361e8871fb08d74e,1.0,911c8b61fd1e6665,ok,1925.5794976351985,True,True,cluster_01117,train,/home/dheirav/Code/Deepfake_Detection/deepfake-project/dataset_builder/train/ai_edited/c9an6i7_0.png
data_sources/ai_edited/IMD2020/c9ane75_0.jpg,data_sources/ai_edited/IMD2020,ai_edited,1817,1227,1.4808,JPEG,336022,dce3a2bea9b2435980685879a715909d,1ed3ccfcf16c6ba5dacc9c5127251f490021b7618a1722326f38bc33189fbea3,1.0,e6279978594e0e39,ok,145.53901998114736,True,True,cluster_00136,train,/home/dheirav/Code/Deepfake_Detection/deepfake-project/dataset_builder/train/ai_edited/c9ane75_0.jpg
data_sources/ai_edited/IMD2020/c9arquy_0.jpg,data_sources/ai_edited/IMD2020,ai_edited,640,427,1.4988,JPEG,103775,d90441aa95290244c57e79c8c664023d,8be97a7d55e4f98455a6fad37c711375b77ec95bfc2c45c434b3b9f5709c0c9f,1.0,abe2b581c33e18b9,ok,1444.0141072614938,True,True,cluster_01396,train,/home/dheirav/Code/Deepfake_Detection/deepfake-project/dataset_builder/train/ai_edited/c9arquy_0.jpg
data_sources/ai_edited/IMD2020/c9au1qa_0.jpg,data_sources/ai_edited/IMD2020,ai_edited,1024,652,1.5706,JPEG,229248,ae91bb80f1d1f21916655f02ae3fa3b8,ef5176c8d2ece2b85e9162c0ea43f36ae22f7b02ca6be55b87a553ec6a8deb4e,1.0,9795e7c9cc8c7828,ok,283.87572035244926,True,True,cluster_00728,train,/home/dheirav/Code/Deepfake_Detection/deepfake-project/dataset_builder/train/ai_edited/c9au1qa_0.jpg
data_sources/ai_edited/IMD2020/c9ax2ln_0.jpg,data_sources/ai_edited/IMD2020,ai_edited,1280,702,1.8234,JPEG,162505,f84103783d061098de40d0425e1b7582,51eb88dd458602e5712b7cbbabaa3e2eacc0b8e9ed3820a5013bfe98727d03ab,1.0,d163056629d67976,ok,253.3159474460686,True,True,cluster_00452,train,/home/dheirav/Code/Deepfake_Detection/deepfake-project/dataset_builder/train/ai_edited/c9ax2ln_0.jpg
data_sources/ai_edited/IMD2020/c9axqrl_0.jpg,data_sources/ai_edited/IMD2020,ai_edited,450,480,0.9375,JPEG,103970,dfdfc4c53c35cfb834b52c816f35cb8a,887776f6cd32053bc25c29e03e515426364fe6738c7eb246b8831f4c4968e905,1.0,84ab28b6fec15a55,ok,995.9973086800197,True,True,cluster_01540,train,/home/dheirav/Code/Deepfake_Detection/deepfake-project/dataset_builder/train/ai_edited/c9axqrl_0.jpg
data_sources/ai_edited/IMD2020/c9ay9o7_0.jpg,data_sources/ai_edited/IMD2020,ai_edited,800,600,1.3333,JPEG,209311,44f65fee2f0c2d75e5961fff3d834b43,1f2b235605ca5becbf025c2af8e208d485c890f5cd03eee59afe0aee8a6e0965,1.0,c16b2941dac9ba37,ok,933.5154367382638,True,True,cluster_00995,train,/home/dheirav/Code/Deepfake_Detection/deepfake-project/dataset_builder/train/ai_edited/c9ay9o7_0.jpg
data_sources/ai_edited/IMD2020/c9ayp33_0.jpg,data_sources/ai_edited/IMD2020,ai_edited,1280,702,1.8234,JPEG,210641,abab0808da48238b33f6cd0a374f0be9,d80fae0b4ba655bc91e2d5712b4609ab88b0e0e13a42b30e8ce7a3dd17630fd9,1.0,d96325c62dd33166,ok,138.32081775276973,True,True,cluster_00450,train,/home/dheirav/Code/Deepfake_Detection/deepfake-project/dataset_builder/train/ai_edited/c9ayp33_0.jpg
data_sources/ai_edited/IMD2020/c9b0xit_0.jpg,data_sources/ai_edited/IMD2020,ai_edited,709,500,1.418,JPEG,248669,06bd9e82c0a32c339c80bd4f8cd36108,a3be11c77fcccb1e4abbbff7ec2d1b6aa5453028d7edf31c186321b0e1b73db6,1.0,efda95072c534724,ok,302.2068894083046,True,True,cluster_01222,train,/home/dheirav/Code/Deepfake_Detection/deepfake-project/dataset_builder/train/ai_edited/c9b0xit_0.jpg
data_sources/ai_edited/IMD2020/c9b10e8_0.jpg,data_sources/ai_edited/IMD2020,ai_edited,1280,709,1.8054,JPEG,131417,f156cc5b5de510643401920e663a3b4d,6f3655e93be31295c7107487f162ec3ce1650e4e33d8fa78bcf6bbb97cb6ee4a,1.0,d96325c62dd6316c,ok,131.66035569288704,True,True,cluster_00446,train,/home/dheirav/Code/Deepfake_Detection/deepfake-project/dataset_builder/train/ai_edited/c9b10e8_0.jpg
data_sources/ai_edited/IMD2020/c9bhen2_0.jpg,data_sources/ai_edited/IMD2020,ai_edited,500,375,1.3333,JPEG,98453,f01e02c9266be6751e87c6da5aada0ae,64c86e033a832bfac5b3cac836f3445e7c0af277ebab1ebd091be5af1ac33196,1.0,f48b32876afcc3a0,ok,688.1453107319181,True,True,cluster_01577,train,/home/dheirav/Code/Deepfake_Detection/deepfake-project/dataset_builder/train/ai_edited/c9bhen2_0.jpg
data_sources/ai_edited/IMD2020/c9bk4ex_0.jpg,data_sources/ai_edited/IMD2020,ai_edited,500,375,1.3333,JPEG,117499,ae8081a19e23b7553c20f4db1ee43367,68986f9cac2029efbff5c7634a3782d79d9a350f718852f140776959498c2402,1.0,d48b32a36bfc43a1,ok,705.6611380472889,True,True,cluster_01576,train,/home/dheirav/Code/Deepfake_Detection/deepfake-project/dataset_builder/train/ai_edited/c9bk4ex_0.jpg
data_sources/ai_edited/IMD2020/c9bly1t_0.jpg,data_sources/ai_edited/IMD2020,ai_edited,1136,640,1.775,JPEG,176374,bd755382d1173fa77d35a70e09262e9b,f0f7f8ce5df0e45f5c7e72cc2c3e28ebcb4af433965adf0c632b2f761e77fafc,1.0,c1be70197f1ef801,ok,112.03296889834829,True,True,cluster_00608,train,/home/dheirav/Code/Deepfake_Detection/deepfake-project/dataset_builder/train/ai_edited/c9bly1t_0.jpg
data_sources/ai_edited/IMD2020/c9bm4rt_0.jpg,data_sources/ai_edited/IMD2020,ai_edited,600,400,1.5,JPEG,80905,d3b1845f8893d06f7515d0d0b0d6d4d1,057f127fee61c60f8512e77ddf3a4bcd4b5a1afcb4fd9c9e24c8ac265d76fcb6,1.0,fbbc048bd320d85e,ok,573.5344584262326,True,True,cluster_01479,train,/home/dheirav/Code/Deepfake_Detection/deepfake-project/dataset_builder/train/ai_edited/c9bm4rt_0.jpg
data_sources/ai_edited/IMD2020/c9bmply_0.jpg,data_sources/ai_edited/IMD2020,ai_edited,800,1200,0.6667,JPEG,214601,eaeb5b1ed885d5df8e18ee7c6522e74c,bf97ec3273caf2dca4dced6af4a0c77af88250cc75bfb97eb19c3d026a2d3973,1.0,91df6aebc80672b0,ok,100.32241209093317,True,True,cluster_00408,train,/home/dheirav/Code/Deepfake_Detection/deepfake-project/dataset_builder/train/ai_edited/c9bmply_0.jpg
data_sources/ai_edited/IMD2020/c9bmw1x_0.jpg,data_sources/ai_edited/IMD2020,ai_edited,500,394,1.269,JPEG,38422,a1703e86eb174976bb89f834a99878b3,f33f5171f67c7af6667fba5733b29cc0c3edef3cbd0d15d973fe6135d07d0dcf,1.0,916e7e2743b289d8,ok,320.1139258619135,True,True,cluster_01558,train,/home/dheirav/Code/Deepfake_Detection/deepfake-project/dataset_builder/train/ai_edited/c9bmw1x_0.jpg
data_sources/ai_edited/IMD2020/c9bns5o_0.jpg,data_sources/ai_edited/IMD2020,ai_edited,800,1200,0.6667,JPEG,364732,36c98eb4a0ee0b13ab15bf0f07d5fedd,33e8c465f32b209ecedf6b14fe868d97c35be260bf7c6d9927f89e127522aba2,1.0,90d8fefa29145ac9,ok,3044.335572731211,True,True,cluster_00399,train,/home/dheirav/Code/Deepfake_Detection/deepfake-project/dataset_builder/train/ai_edited/c9bns5o_0.jpg
data_sources/ai_edited/IMD2020/c9bq4ri_0.jpg,data_sources/ai_edited/IMD2020,ai_edited,800,1200,0.6667,JPEG,211430,0d0ec55f3c6908e13b8245cabe6c6003,ca4d3ceffc247da57eae7071d65604e83acbbd686343f9feeb2b8785de740bfc,1.0,dbdbc8c021265afc,ok,134.0681351790104,True,True,cluster_00409,train,/home/dheirav/Code/Deepfake_Detection/deepfake-project/dataset_builder/train/ai_edited/c9bq4ri_0.jpg
data_sources/ai_edited/IMD2020/c9bt9ta_0.jpg,data_sources/ai_edited/IMD2020,ai_edited,725,480,1.5104,JPEG,116709,7b05d3c92ca619be95767df8164974a2,227602fa1d459299ba37b65942e764acd250250b61f2f7726f8a1069f0f2e867,1.0,b7970886f318cd4e,ok,502.6000447149888,True,True,cluster_01233,train,/home/dheirav/Code/Deepfake_Detection/deepfake-project/dataset_builder/train/ai_edited/c9bt9ta_0.jpg
data_sources/ai_edited/IMD2020/c9c4juu_0.jpg,data_sources/ai_edited/IMD2020,ai_edited,450,600,0.75,JPEG,173382,9d3e71d7e44bdfe7828b033f5ffddf0d,9d068b8e879010d96ed9067c414c0ac652e1c7b678fa17e09496691a65fb1083,1.0,e6c4989913f5627a,ok,1275.4145400344444,True,True,cluster_01409,train,/home/dheirav/Code/Deepfake_Detection/deepfake-project/dataset_builder/train/ai_edited/c9c4juu_0.jpg
data_sources/ai_edited/IMD2020/c9cate8_0.jpg,data_sources/ai_edited/IMD2020,ai_edited,1008,874,1.1533,JPEG,111856,2be1aa7ba06040a960120d694b0e003e,2fe2fa3afae18276e2422d64ec6048e7dd22c2557f1c57904060a39dd04982d1,1.0,b90366e4e4b9d1c6,ok,718.3548658784642,True,True,cluster_00477,train,/home/dheirav/Code/Deepfake_Detection/deepfake-project/dataset_builder/train/ai_edited/c9cate8_0.jpg
data_sources/ai_edited/IMD2020/c9ceg0w_0.jpg,data_sources/ai_edited/IMD2020,ai_edited,571,1000,0.571,JPEG,343903,2f98f2bf67345992a5e9e5ab9fe58173,97c1f4b07e8eeb3031b2aa02c75f7933bb4b508ca0befa03bd23e324631adda6,1.0,eb41801e473face9,ok,2366.087389030693,True,True,cluster_00881,train,/home/dheirav/Code/Deepfake_Detection/deepfake-project/dataset_builder/train/ai_edited/c9ceg0w_0.jpg
data_sources/ai_edited/IMD2020/c9cetkp_0.png,data_sources/ai_edited/IMD2020,ai_edited,640,514,1.2451,PNG,554950,e03a1fd6f4f4c65dce06f29a84943a73,6cdb86e6210a25f27f1c8867d2860937ed01f77c90a7b68f8956d1e8f23635ff,1.0,fe81806f3da6c178,ok,1217.6426267272684,True,True,cluster_01288,train,/home/dheirav/Code/Deepfake_Detection/deepfake-project/dataset_builder/train/ai_edited/c9cetkp_0.png
data_sources/ai_edited/IMD2020/c9cfhhv_0.jpg,data_sources/ai_edited/IMD2020,ai_edited,1599,1064,1.5028,JPEG,501167,ffab98235c8e8826cb2024cb96bad485,5315fec4fc8e50a522338264070f49b469119e2046bc2a0014a54bfb3c0c2ba2,1.0,e8e2424aa2b71bf9,ok,307.31551219461926,True,True,cluster_00225,train,/home/dheirav/Code/Deepfake_Detection/deepfake-project/dataset_builder/train/ai_edited/c9cfhhv_0.jpg
data_sources/ai_edited/IMD2020/c9cgnm5_0.jpg,data_sources/ai_edited/IMD2020,ai_edited,990,742,1.3342,JPEG,155450,7754a8c82fb313da2d0236feb686b8f0,96c3b5fc756504d075785a0994a5d237092f1b4cd40dbf2f345eb2fd20f341c9,1.0,e66259d0a4ecba2e,ok,364.1541811167716,True,True,cluster_00593,train,/home/dheirav/Code/Deepfake_Detection/deepfake-project/dataset_builder/train/ai_edited/c9cgnm5_0.jpg
data_sources/ai_edited/IMD2020/c9chqo0_0.jpg,data_sources/ai_edited/IMD2020,ai_edited,822,545,1.5083,JPEG,128658,770024706cdd0014a1560b518f982930,08bb375226e43cca4fde04b73e6ab71bde9be7c2b1fe3879d52bc0ddb2c537bd,1.0,bc38979387c24bcc,ok,317.6650547735385,True,True,cluster_01066,train,/home/dheirav/Code/Deepfake_Detection/deepfake-project/dataset_builder/train/ai_edited/c9chqo0_0.jpg
data_sources/ai_edited/IMD2020/c9clhtf_0.jpg,data_sources/ai_edited/IMD2020,ai_edited,720,480,1.5,JPEG,190059,28b36f4fd84eeeccfd8dff8bf434e740,67088b9139e8eb1ac01ed72a37ce26001c24c362f905a1a75d6b812a68f633bc,1.0,d1b36c4c5b312e35,ok,538.6137439275964,True,True,cluster_01241,train,/home/dheirav/Code/Deepfake_Detection/deepfake-project/dataset_builder/train/ai_edited/c9clhtf_0.jpg
data_sources/ai_edited/IMD2020/c9clq8i_0.png,data_sources/ai_edited/IMD2020,ai_edited,822,545,1.5083,PNG,530098,cb4fa113772e185370d8855a7907302c,addc8c325f30de610487cff7e9240db7b4464bfc37494540f7e6ff2b9fca4cdb,1.0,bc328d9387c25bcc,ok,323.7658313630891,True,True,cluster_01056,train,/home/dheirav/Code/Deepfake_Detection/deepfake-project/dataset_builder/train/ai_edited/c9clq8i_0.png
data_sources/ai_edited/IMD2020/c9cm5nk_0.jpg,data_sources/ai_edited/IMD2020,ai_edited,1280,1027,1.2463,JPEG,394076,0a6655b948b7580c9392ac067250a952,e6d7afe939170577bdf25253689588829258c34dacc094243369e22a8f9d74aa,1.0,fa85846b11e6c73a,ok,907.3138610294806,True,True,cluster_00293,train,/home/dheirav/Code/Deepfake_Detection/deepfake-project/dataset_builder/train/ai_edited/c9cm5nk_0.jpg
data_sources/ai_edited/IMD2020/c9cmtkc_0.jpg,data_sources/ai_edited/IMD2020,ai_edited,748,960,0.7792,JPEG,158873,f72c5ea30f25675f15abc4fe132fe412,b6302e6bd81ff4c3c45a50fb74a3886246fe2eaf4ad3daa92c5bd4a6ea6b8493,1.0,e6421919ede6e649,ok,741.8867883768648,True,True,cluster_00617,train,/home/dheirav/Code/Deepfake_Detection/deepfake-project/dataset_builder/train/ai_edited/c9cmtkc_0.jpg
data_sources/ai_edited/IMD2020/c9cnjtp_0.png,data_sources/ai_edited/IMD2020,ai_edited,799,502,1.5916,PNG,692086,45e2e66cfdae27c2e38c9b073ecbf4db,3814a6e249c4312f2ece768b720717338679061d0c270fd7b975ce91300fbc43,1.0,bc31a19fc7c00bec,ok,144.81018198598665,True,True,cluster_01133,train,/home/dheirav/Code/Deepfake_Detection/deepfake-project/dataset_builder/train/ai_edited/c9cnjtp_0.png
data_sources/ai_edited/IMD2020/c9co6ln_0.jpg,data_sources/ai_edited/IMD2020,ai_edited,822,545,1.5083,JPEG,63438,f58a2d1009ac08228787e5e5ace5b46d,7a9e859376ca482fde47a4dc11ead74973949921a21fe3e35de4437bbb3d3318,1.0,b8389793c6c24bf8,ok,324.483735768361,True,True,cluster_01068,train,/home/dheirav/Code/Deepfake_Detection/deepfake-project/dataset_builder/train/ai_edited/c9co6ln_0.jpg
data_sources/ai_edited/IMD2020/c9cocnw_0.jpg,data_sources/ai_edited/IMD2020,ai_edited,550,340,1.6176,JPEG,141264,50e215f60665ced92b454c923f34bc5e,51b2a810e06031696929e97c68f5d3ee574f658c318c5e890e729e2f043c2389,1.0,8c59733638a6364f,ok,2419.590535323258,True,True,cluster_01581,train,/home/dheirav/Code/Deepfake_Detection/deepfake-project/dataset_builder/train/ai_edited/c9cocnw_0.jpg
data_sources/ai_edited/IMD2020/c9coljf_0.jpg,data_sources/ai_edited/IMD2020,ai_edited,822,545,1.5083,JPEG,147415,80abb4ca372be21949e187ec41f42e47,fa874892cbc62d44638e6989d5aa15534b70ad13f6027764d0530f2113d5d143,1.0,b8388eb386c24fe9,ok,486.116328239464,True,True,cluster_01061,train,/home/dheirav/Code/Deepfake_Detection/deepfake-project/dataset_builder/train/ai_edited/c9coljf_0.jpg
data_sources/ai_edited/IMD2020/c9colrh_0.jpg,data_sources/ai_edited/IMD2020,ai_edited,822,545,1.5083,JPEG,128803,3a5c3c5fa4a685d970d0de228d7f43de,fc2127c1d11b2eb373d373a1ea27f977bf7996d10b5475ea64809703bb52d2df,1.0,b838979386c24bfc,ok,300.1673337858238,True,True,cluster_01065,train,/home/dheirav/Code/Deepfake_Detection/deepfake-project/dataset_builder/train/ai_edited/c9colrh_0.jpg
data_sources/ai_edited/IMD2020/c9cqfso_0.jpg,data_sources/ai_edited/IMD2020,ai_edited,822,545,1.5083,JPEG,173420,b4dbfcec110a5776085c3665f23684c7,1e99d18d54aad020d2f0ab10802e1817a3abeef04d72cfd7723b16529895d5e9,1.0,b838979387c24bf8,ok,330.5646839914157,True,True,cluster_01060,train,/home/dheirav/Code/Deepfake_Detection/deepfake-project/dataset_builder/train/ai_edited/c9cqfso_0.jpg
data_sources/ai_edited/IMD2020/c9cqpt2_0.jpg,data_sources/ai_edited/IMD2020,ai_edited,1280,1027,1.2463,JPEG,444854,b6b65fcb076d8425379e161467706cca,42927e1dcba8c26ad1fdc6774b439b0368932f138935d3acd8bad97e89f90bd9,1.0,be9c906b38a6c179,ok,932.6245640389546,True,True,cluster_00288,train,/home/dheirav/Code/Deepfake_Detection/deepfake-project/dataset_builder/train/ai_edited/c9cqpt2_0.jpg
data_sources/ai_edited/IMD2020/c9ct2jr_0.jpg,data_sources/ai_edited/IMD2020,ai_edited,2592,1728,1.5,JPEG,472558,d2cedf6462b36d524a25b0637c1aee20,13d6bfaa804804a3162557bf47ef6550a01c4b5f01cf8d1d8d35962df27d1232,1.0,c9cec28e3c79ce90,ok,152.1803200317198,True,True,cluster_00041,train,/home/dheirav/Code/Deepfake_Detection/deepfake-project/dataset_builder/train/ai_edited/c9ct2jr_0.jpg
data_sources/ai_edited/IMD2020/c9d0hcc_0.jpg,data_sources/ai_edited/IMD2020,ai_edited,1440,900,1.6,JPEG,117184,4d0656556b5f93670e772efee26d1d88,e7a83d6e457d9d14d7f1101a5c962d9d40ddf7a2787f70111a1fb483d84e2d6f,1.0,c323393750789dce,ok,160.64665586190893,True,True,cluster_00306,train,/home/dheirav/Code/Deepfake_Detection/deepfake-project/dataset_builder/train/ai_edited/c9d0hcc_0.jpg
data_sources/ai_edited/IMD2020/c9d2t1a_0.jpg,data_sources/ai_edited/IMD2020,ai_edited,576,424,1.3585,JPEG,180057,8bdd44bbf41235c5d67532d8f75992ed,372da620b08099e6270207b1da5aca3f29bca7a14af6322d6a9a669523b5d96f,1.0,8b8b7af9dad024c4,ok,814.3090600432705,True,True,cluster_01461,train,/home/dheirav/Code/Deepfake_Detection/deepfake-project/dataset_builder/train/ai_edited/c9d2t1a_0.jpg
data_sources/ai_edited/IMD2020/c9d41vh_0.jpg,data_sources/ai_edited/IMD2020,ai_edited,550,362,1.5193,JPEG,38948,9372c18a2abb8f5ecef0daba8e4b1990,810f235433e77ef226453641e12a9a1635d0dc6fd1d28025382029c6a59c5174,1.0,d81a639e7ba448e9,ok,901.4006564522774,True,True,cluster_01557,train,/home/dheirav/Code/Deepfake_Detection/deepfake-project/dataset_builder/train/ai_edited/c9d41vh_0.jpg
data_sources/ai_edited/IMD2020/c9d4vh2_0.png,data_sources/ai_edited/IMD2020,ai_edited,547,487,1.1232,PNG,422984,210f6ccba19a2b3cc2141f1e5da726e3,fbb54b758f088c3d95730817257b64879b65e190ad2e19b801f4d5172310279b,1.0,e4e44c59c959db4a,ok,781.2932910613565,True,True,cluster_01426,train,/home/dheirav/Code/Deepfake_Detection/deepfake-project/dataset_builder/train/ai_edited/c9d4vh2_0.png
data_sources/ai_edited/IMD2020/c9d617b_0.jpg,data_sources/ai_edited/IMD2020,ai_edited,600,400,1.5,JPEG,129664,2f73837438cd37bb3951b38dd71f0f9f,079d719f6b01f6021f94a094ae205c9434fd39fa5157fe4265d7f698228ec1e7,1.0,ce3cb1468d30a3e7,ok,3471.8599524375,True,True,cluster_01477,train,/home/dheirav/Code/Deepfake_Detection/deepfake-project/dataset_builder/train/ai_edited/c9d617b_0.jpg
data_sources/ai_edited/IMD2020/c9d7ags_0.jpg,data_sources/ai_edited/IMD2020,ai_edited,580,387,1.4987,JPEG,153045,d8bfc968c77eb053448b47f20fd50e55,baa73289d4bbdd515ccc502530a22a08f5ec137f33b9e051d41d25a705580b4d,1.0,c8c8db9ab1f89a16,ok,1610.3315299624837,True,True,cluster_01528,train,/home/dheirav/Code/Deepfake_Detection/deepfake-project/dataset_builder/train/ai_edited/c9d7ags_0.jpg
data_sources/ai_edited/IMD2020/c9d9e1a_0.png,data_sources/ai_edited/IMD2020,ai_edited,500,368,1.3587,PNG,286739,dfb22ee01b26fcaeb31171fbe6dc2f64,a4aabeae42beff2e47c23879db8faf868b6899df4f073316e29beafca596f5d1,1.0,8b8a7af9d8c825c5,ok,1681.9231785916825,True,True,cluster_01584,train,/home/dheirav/Code/Deepfake_Detection/deepfake-project/dataset_builder/train/ai_edited/c9d9e1a_0.png
data_sources/ai_edited/IMD2020/c9db1wq_0.jpg,data_sources/ai_edited/IMD2020,ai_edited,899,745,1.2067,JPEG,122685,6d9dedd8b9e695698990335f9913ab9e,129aa4aaedb33ea146a5c0cc2e5e14b5829e6a1dd4f8011004596bec4a9fb868,1.0,d9d71669ed32a209,ok,1045.6472792313828,True,True,cluster_00721,train,/home/dheirav/Code/Deepfake_Detection/deepfake-project/dataset_builder/train/ai_edited/c9db1wq_0.jpg
data_sources/ai_edited/IMD2020/c9db37a_0.jpg,data_sources/ai_edited/IMD2020,ai_edited,500,727,0.6878,JPEG,149649,903fdf1b9534d6ddd96ec96aa8cc0629,ba2956dbf5f4ef196a0e12edbe883ba568134b394e16929875c31aa2d82aed25,1.0,bc0343385f87cbf0,ok,523.2663451917605,True,True,cluster_01207,train,/home/dheirav/Code/Deepfake_Detection/deepfake-project/dataset_builder/train/ai_edited/c9db37a_0.jpg
data_sources/ai_edited/IMD2020/c9dcvq8_0.jpg,data_sources/ai_edited/IMD2020,ai_edited,926,753,1.2297,JPEG,74481,dce00378f294e29197630adf7c5724a3,a3a8b2af9ff58af82cd0ba7472bef71a1ea9405d2a1ef2308c74b88112867a66,1.0,9dd76758c8e06323,ok,561.801787651179,True,True,cluster_00660,train,/home/dheirav/Code/Deepfake_Detection/deepfake-project/dataset_builder/train/ai_edited/c9dcvq8_0.jpg
data_sources/ai_edited/IMD2020/c9dcyjm_0.jpg,data_sources/ai_edited/IMD2020,ai_edited,899,745,1.2067,JPEG,207050,69850dcb0e62e61085548194e96c93a8,55d5083290ee8e40336d630f96fcb35207bd57041f736f24eb8ca3100309caff,1.0,d4d75867e872a628,ok,784.811345357585,True,True,cluster_00717,train,/home/dheirav/Code/Deepfake_Detection/deepfake-project/dataset_builder/train/ai_edited/c9dcyjm_0.jpg
data_sources/ai_edited/IMD2020/c9dd24r_0.jpg,data_sources/ai_edited/IMD2020,ai_edited,1280,770,1.6623,JPEG,215305,e76d161742d9d56006d7dc701a9c7879,9b3c9444203eaaf0eb7952e495c0f794848b636bbd37e8219ab1eebf9e2fb760,1.0,f20f0f98e0c0979f,ok,497.98346111787333,True,True,cluster_00390,train,/home/dheirav/Code/Deepfake_Detection/deepfake-project/dataset_builder/train/ai_edited/c9dd24r_0.jpg
data_sources/ai_edited/IMD2020/c9dko71_0.jpg,data_sources/ai_edited/IMD2020,ai_edited,899,745,1.2067,JPEG,130874,71a0dd44ad75473205be3510ad4193de,94f87a297d776b8a3e19a752826ed24be22a0e78ac2fddbae695fc54c53bb45a,1.0,d0c74e79ee38a628,ok,1082.9031806252658,True,True,cluster_00720,train,/home/dheirav/Code/Deepfake_Detection/deepfake-project/dataset_builder/train/ai_edited/c9dko71_0.jpg
data_sources/ai_edited/IMD2020/c9dl0if_0.jpg,data_sources/ai_edited/IMD2020,ai_edited,626,927,0.6753,JPEG,160834,71f98e68175302a50f4da21fe0ac58b0,929da73b93c7027b9adc81332c855894870ee5cba990644fddaf95a87596ef2c,1.0,d6c628b95c6823b7,ok,238.97081481986658,True,True,cluster_00864,train,/home/dheirav/Code/Deepfake_Detection/deepfake-project/dataset_builder/train/ai_edited/c9dl0if_0.jpg
data_sources/ai_edited/IMD2020/c9dnz7d_0.jpg,data_sources/ai_edited/IMD2020,ai_edited,1868,1506,1.2404,JPEG,492279,891fa5b37b3070643ae6504ac1662eb5,e8df81ff379c12f079a213fae30512b473b65d24cb10c9694bde0607a0ed9831,1.0,d6f629c967169074,ok,136.97408301229532,True,True,cluster_00086,train,/home/dheirav/Code/Deepfake_Detection/deepfake-project/dataset_builder/train/ai_edited/c9dnz7d_0.jpg
data_sources/ai_edited/IMD2020/c9dpamg_0.png,data_sources/ai_edited/IMD2020,ai_edited,1236,708,1.7458,PNG,521491,2c85d170a9e6542821a0ef95287c6920,20e27c4041aec572a50f58c4c03781aa2de7d49841f690d690b32f9bc82afa2f,1.0,c6383345cc32bbe3,ok,207.79027069412479,True,True,cluster_00488,train,/home/dheirav/Code/Deepfake_Detection/deepfake-project/dataset_builder/train/ai_edited/c9dpamg_0.png
data_sources/ai_edited/IMD2020/c9drgb8_0.jpg,data_sources/ai_edited/IMD2020,ai_edited,600,450,1.3333,JPEG,98942,baabd4601b03f773a8cf95bf59a20223,8c2b0f4daa31ca985e4c7e669af1002afa3f97df0f0e0e0c768aec951d370d8e,1.0,f85b4bcdcdb0940c,ok,240.90200479319617,True,True,cluster_01413,train,/home/dheirav/Code/Deepfake_Detection/deepfake-project/dataset_builder/train/ai_edited/c9drgb8_0.jpg
data_sources/ai_edited/IMD2020/c9dscl6_0.jpg,data_sources/ai_edited/IMD2020,ai_edited,2992,1788,1.6734,JPEG,722495,3e7946e6f8e6678b1c0a88b8f5d4406a,dc3417f87006c2ff5f7ecb1de509892986c484ef4390059d6365eec96d4b8bf3,1.0,9b4d6390dc72e934,ok,163.63274249517187,True,True,cluster_00020,train,/home/dheirav/Code/Deepfake_Detection/deepfake-project/dataset_builder/train/ai_edited/c9dscl6_0.jpg
data_sources/ai_edited/IMD2020/c9durpw_0.jpg,data_sources/ai_edited/IMD2020,ai_edited,1024,703,1.4566,JPEG,140960,b2e8a9f43d005130ba0884e3ba40c42c,4dc2fb7b1f3ca72a4d9d4ffc0c40a7188569bc78b567e56c20170052d98ee097,1.0,93f20dfa0c8c4eb5,ok,228.6489149144159,True,True,cluster_00616,train,/home/dheirav/Code/Deepfake_Detection/deepfake-project/dataset_builder/train/ai_edited/c9durpw_0.jpg
data_sources/ai_edited/IMD2020/c9dwcgf_0.jpg,data_sources/ai_edited/IMD2020,ai_edited,1024,703,1.4566,JPEG,165487,84fd276b38c4d1251a9362822c41577c,3c00f8b8bea320b3a102956548c5a412879bc13f61d0617b878fc73f8e05af34,1.0,a3d24dec94cd0ce3,ok,362.3266062130885,True,True,cluster_00615,train,/home/dheirav/Code/Deepfake_Detection/deepfake-project/dataset_builder/train/ai_edited/c9dwcgf_0.jpg
data_sources/ai_edited/IMD2020/c9dwu2g_0.jpg,data_sources/ai_edited/IMD2020,ai_edited,600,800,0.75,JPEG,50220,d37b4988ba931f631ef9fcc49da0ce29,5bb4c978e51b579510e849d247c1f709d2d7cc1014320b368bc32e58971d5ce7,1.0,dbc4e4e59a9b150c,ok,182.84796773746095,True,True,cluster_01011,train,/home/dheirav/Code/Deepfake_Detection/deepfake-project/dataset_builder/train/ai_edited/c9dwu2g_0.jpg
data_sources/ai_edited/IMD2020/c9e3ftk_0.jpg,data_sources/ai_edited/IMD2020,ai_edited,1792,1298,1.3806,JPEG,174717,d922243f596f711af19485f28dfebb38,b42041effd0c08c3fc10564990bc1d7b4f7c4777e2d5e633145d232605b22f8f,1.0,9fcb487e08b3709c,ok,94.73141457331683,True,True,cluster_00115,train,/home/dheirav/Code/Deepfake_Detection/deepfake-project/dataset_builder/train/ai_edited/c9e3ftk_0.jpg
data_sources/ai_edited/IMD2020/c9e4ble_0.jpg,data_sources/ai_edited/IMD2020,ai_edited,835,667,1.2519,JPEG,162827,c4a55e41e3a2c4aed536e425fb9ea05f,92f1ac4585a59720aed520a8edb71b6b75f03b9639181917ed50c3f565c5e726,1.0,bfc2481c123fd1bc,ok,491.27539570097736,True,True,cluster_00890,train,/home/dheirav/Code/Deepfake_Detection/deepfake-project/dataset_builder/train/ai_edited/c9e4ble_0.jpg
data_sources/ai_edited/IMD2020/c9e7x90_0.jpg,data_sources/ai_edited/IMD2020,ai_edited,1000,707,1.4144,JPEG,101686,7261460337e9236e9cf8394ce630ff2f,94ea0c7f24d4056824885b5446962777b1c4b7ac76bf1237e7b9bea81a2ced57,1.0,def1c04739f80c3a,ok,655.4658132216709,True,True,cluster_00630,train,/home/dheirav/Code/Deepfake_Detection/deepfake-project/dataset_builder/train/ai_edited/c9e7x90_0.jpg
data_sources/ai_edited/IMD2020/c9e9teg_0.jpg,data_sources/ai_edited/IMD2020,ai_edited,1600,1084,1.476,JPEG,370835,7fb6a4ef1a7a02c6d1e3debd3c9c1277,dd61ddfe7e6edc6d59f47c3bb20c73993e3ce82296ac485378e6a6e26ca91a73,1.0,ee99216ad8b394b2,ok,182.99844841659376,True,True,cluster_00211,train,/home/dheirav/Code/Deepfake_Detection/deepfake-project/dataset_builder/train/ai_edited/c9e9teg_0.jpg
data_sources/ai_edited/IMD2020/c9eddxz_0.jpg,data_sources/ai_edited/IMD2020,ai_edited,1000,1500,0.6667,JPEG,331008,808d3f40cf251b96d911cc2be12ce40a,b554eb448909e91b8621a113cd7d0b88081a1078f5767113e380cf3c6852ea89,1.0,ed9c966869c7c132,ok,702.3999413322222,True,True,cluster_00261,train,/home/dheirav/Code/Deepfake_Detection/deepfake-project/dataset_builder/train/ai_edited/c9eddxz_0.jpg
data_sources/ai_edited/IMD2020/c9ege42_0.jpg,data_sources/ai_edited/IMD2020,ai_edited,1920,1200,1.6,JPEG,453888,fd783b3bf1a28be61c77a2e6236f2eb1,34163bd71a557378376f19d9f2556ffb2c4780e9a4b3a10eb00d4d33274f356a,1.0,da19e71be4248667,ok,1919.7504412901653,True,True,cluster_00119,train,/home/dheirav/Code/Deepfake_Detection/deepfake-project/dataset_builder/train/ai_edited/c9ege42_0.jpg
data_sources/ai_edited/IMD2020/c9eiaqx_0.jpg,data_sources/ai_edited/IMD2020,ai_edited,2478,1549,1.5997,JPEG,674133,d28dde8e64023fdce481c8fdcf44648b,dbaa2353874e62621d539b9f0004d822716ab51b39c733131d6f3f14db5372cc,1.0,da1bc543c63c3e34,ok,536.551335835571,True,True,cluster_00056,train,/home/dheirav/Code/Deepfake_Detection/deepfake-project/dataset_builder/train/ai_edited/c9eiaqx_0.jpg
data_sources/ai_edited/IMD2020/c9eictw_0.png,data_sources/ai_edited/IMD2020,ai_edited,599,900,0.6656,PNG,742329,8ec89d3715e8eda87f243c8da0f73f00,537e16eade907ba1e1359805e0e861e359bc9d578a5be99b3a42a219d7e436f4,1.0,f0930d7673535c15,ok,702.7911576371249,True,True,cluster_00920,train,/home/dheirav/Code/Deepfake_Detection/deepfake-project/dataset_builder/train/ai_edited/c9eictw_0.png
data_sources/ai_edited/IMD2020/c9eki1d_0.jpg,data_sources/ai_edited/IMD2020,ai_edited,800,674,1.1869,JPEG,156282,6e4a5949a3b74a006f29e47cd5493664,43dfb7093c1998097b3213d4377aa8af92413ef3937c0172537769f5e686a2f7,1.0,df7a090657dcb064,ok,380.86699003683884,True,True,cluster_00919,train,/home/dheirav/Code/Deepfake_Detection/deepfake-project/dataset_builder/train/ai_edited/c9eki1d_0.jpg
data_sources/ai_edited/IMD2020/c9eowm6_0.jpg,data_sources/ai_edited/IMD2020,ai_edited,1047,592,1.7686,JPEG,229280,8fc32fbe10f2414af454971dd29a2f04,73c8efee85cf9cfd0ccff7ff28da9cf22729871e51826a7bd054205c177a1cfc,1.0,d4d66c92fb211396,ok,1227.3914101606586,True,True,cluster_00780,train,/home/dheirav/Code/Deepfake_Detection/deepfake-project/dataset_builder/train/ai_edited/c9eowm6_0.jpg
data_sources/ai_edited/IMD2020/c9ep601_0.jpg,data_sources/ai_edited/IMD2020,ai_edited,600,415,1.4458,JPEG,73480,232c48611803038c443903a0406f98d6,095d9e31864f616ee18abefa28ea1789d4afeb839525daa654e8fcfb1d3793b5,1.0,8d18e563f20ddb62,ok,1453.0230867700682,True,True,cluster_01455,train,/home/dheirav/Code/Deepfake_Detection/deepfake-project/dataset_builder/train/ai_edited/c9ep601_0.jpg
data_sources/ai_edited/IMD2020/c9erwxd_0.jpg,data_sources/ai_edited/IMD2020,ai_edited,1085,900,1.2056,JPEG,261896,fae1f192ac817bdf81a30f7b6fede5f6,191c13aa530c7b3f41010d305c3475040032b9981b187be0e65729220b33f5ca,1.0,c5b9c2d1e9ad8295,ok,630.7581435328751,True,True,cluster_00394,train,/home/dheirav/Code/Deepfake_Detection/deepfake-project/dataset_builder/train/ai_edited/c9erwxd_0.jpg
data_sources/ai_edited/IMD2020/c9esffq_0.jpg,data_sources/ai_edited/IMD2020,ai_edited,419,627,0.6683,JPEG,156253,a5da6421cb35d662a1aca7911e9bc2e2,05eab922eed250e49fca4aad245125731dd839ff1811675d7d463535e2e19d24,1.0,8d52733452cf8c7c,ok,182.9451300804665,True,True,cluster_01432,train,/home/dheirav/Code/Deepfake_Detection/deepfake-project/dataset_builder/train/ai_edited/c9esffq_0.jpg
data_sources/ai_edited/IMD2020/c9ezpzg_0.jpg,data_sources/ai_edited/IMD2020,ai_edited,1024,682,1.5015,JPEG,177586,42ba40535308e5606dbffe1b5616402d,f3a2df8660fcc8edd0d4d2bbc8e23ffb5421ba3bff0de4206c1a9c5af92fdfe0,1.0,bda446be2c11f24d,ok,239.93870709774882,True,True,cluster_00645,train,/home/dheirav/Code/Deepfake_Detection/deepfake-project/dataset_builder/train/ai_edited/c9ezpzg_0.jpg
data_sources/ai_edited/IMD2020/c9f090n_0.jpg,data_sources/ai_edited/IMD2020,ai_edited,1024,682,1.5015,JPEG,170107,94c9285fe0d3418e8950aefd01872d51,9c2ab1eb4de82e747d8fc9b0ac6d55d4d72795a22a56b4c3cf31f61619c1ccc7,1.0,ffe146be2c10322d,ok,205.7859566747953,True,True,cluster_00647,train,/home/dheirav/Code/Deepfake_Detection/deepfake-project/dataset_builder/train/ai_edited/c9f090n_0.jpg
data_sources/ai_edited/IMD2020/c9f0e67_0.jpg,data_sources/ai_edited/IMD2020,ai_edited,800,530,1.5094,JPEG,142667,18de0d55a10f78efb0ced2c8ff555d94,218de442e5b3a2de42c2898af4e33f8eafa7490c18b19dd3851d2a17f09c1ea1,1.0,a40b2b7c36a374c7,ok,1349.8896088286256,True,True,cluster_01103,train,/home/dheirav/Code/Deepfake_Detection/deepfake-project/dataset_builder/train/ai_edited/c9f0e67_0.jpg
data_sources/ai_edited/IMD2020/c9f0jqs_0.jpg,data_sources/ai_edited/IMD2020,ai_edited,795,528,1.5057,JPEG,135702,ee59667681d798011d7626b7cd8865d5,0eeaa145e1c41a03f6c369448314ac410d6eb187aeb98432389df5039ea6fcca,1.0,a00b6a7c2cf374c7,ok,2235.4152038749235,True,True,cluster_01113,train,/home/dheirav/Code/Deepfake_Detection/deepfake-project/dataset_builder/train/ai_edited/c9f0jqs_0.jpg
data_sources/ai_edited/IMD2020/c9f0la4_0.jpg,data_sources/ai_edited/IMD2020,ai_edited,800,530,1.5094,JPEG,141733,a2b6ce7bd2302f793fdf7a6dbf4ceb67,aaf2353ca6bc4be54daa99e843b5300984a12b052b3b52365e5dc3c5b72fcfe6,1.0,a40b2b7c26b374c7,ok,1358.3447503380596,True,True,cluster_01104,train,/home/dheirav/Code/Deepfake_Detection/deepfake-project/dataset_builder/train/ai_edited/c9f0la4_0.jpg
data_sources/ai_edited/IMD2020/c9f13p5_0.jpg,data_sources/ai_edited/IMD2020,ai_edited,800,530,1.5094,JPEG,140241,f2017db51dccb564e1f2b0e217c90a86,1e9362f5efd7c7d5eb1ffe7a781ce266be089f76d397dacaee35b0e11f1ae329,1.0,a00b2b7c2ea774c7,ok,2776.749746484314,True,True,cluster_01105,train,/home/dheirav/Code/Deepfake_Detection/deepfake-project/dataset_builder/train/ai_edited/c9f13p5_0.jpg
data_sources/ai_edited/IMD2020/c9f14qe_0.jpg,data_sources/ai_edited/IMD2020,ai_edited,1152,720,1.6,JPEG,161210,9a563ab977642e40062a77ed46344a51,7a4e8d82ba2bb0e5995a7bd767d2f0989f44022c4cc4da87eb380057b645eaed,1.0,9b32066e6185fc79,ok,4522.8268021508475,True,True,cluster_00508,train,/home/dheirav/Code/Deepfake_Detection/deepfake-project/dataset_builder/train/ai_edited/c9f14qe_0.jpg
data_sources/ai_edited/IMD2020/c9f2dub_0.jpg,data_sources/ai_edited/IMD2020,ai_edited,1024,682,1.5015,JPEG,161564,3b2d93415e6494cf9e7829c1dd79ea4f,f294b89ca6c6ebfe03c1addbd3e2310819f0c39fe98351420b676341a608a543,1.0,bfa446be2c11326d,ok,221.11737507526405,True,True,cluster_00648,train,/home/dheirav/Code/Deepfake_Detection/deepfake-project/dataset_builder/train/ai_edited/c9f2dub_0.jpg
data_sources/ai_edited/IMD2020/c9f2qch_0.jpg,data_sources/ai_edited/IMD2020,ai_edited,480,360,1.3333,JPEG,28836,958873e67b5236c8ed477415047cc234,64aadb2e00898463242b2ba4c2b984415038fabe048ea52d312c79e10b9fe6e5,1.0,e1a9b554aca652ad,ok,135.90591589234904,True,True,cluster_01601,train,/home/dheirav/Code/Deepfake_Detection/deepfake-project/dataset_builder/train/ai_edited/c9f2qch_0.jpg
data_sources/ai_edited/IMD2020/c9f2szu_0.jpg,data_sources/ai_edited/IMD2020,ai_edited,800,530,1.5094,JPEG,134712,60ba7c41dd1788a0ef980caff57be434,64c8bd90e42b8d462a5a873ef78948d01ade1b2af24e621dbc6e6ddd4f512230,1.0,a40b2a7c2ea374cf,ok,1336.0427313420646,True,True,cluster_01108,train,/home/dheirav/Code/Deepfake_Detection/deepfake-project/dataset_builder/train/ai_edited/c9f2szu_0.jpg
data_sources/ai_edited/IMD2020/c9f3da2_0.jpg,data_sources/ai_edited/IMD2020,ai_edited,1920,1200,1.6,JPEG,466668,7a0879b8af4b92077951b1bd49560844,99886f7acea586d27ac34ac5d32874855c77435239345711b89ae78e231378ff,1.0,853ac59278acc73b,ok,3454.667707507414,True,True,cluster_00118,train,/home/dheirav/Code/Deepfake_Detection/deepfake-project/dataset_builder/train/ai_edited/c9f3da2_0.jpg
data_sources/ai_edited/IMD2020/c9f465i_0.png,data_sources/ai_edited/IMD2020,ai_edited,511,385,1.3273,PNG,271760,faf5315a7e1674aa07fd43d07df721d9,783999a2633533a803a34f010ad98c1f3046f798e2297e2335f49922c0a9a24b,1.0,a8e893976730de0e,ok,938.6368667796257,True,True,cluster_01559,train,/home/dheirav/Code/Deepfake_Detection/deepfake-project/dataset_builder/train/ai_edited/c9f465i_0.png
data_sources/ai_edited/IMD2020/c9f535u_0.jpg,data_sources/ai_edited/IMD2020,ai_edited,938,608,1.5428,JPEG,83427,f6f608c606c4d60c524f6166d85ffdb4,a57dce3facbfcf3a45e926d4e437ae4e2209e57eb4ad92b66c32b503a15f2522,1.0,a7c3b3a905f68b24,ok,154.1521910866578,True,True,cluster_00883,train,/home/dheirav/Code/Deepfake_Detection/deepfake-project/dataset_builder/train/ai_edited/c9f535u_0.jpg
data_sources/ai_edited/IMD2020/c9f627v_0.jpg,data_sources/ai_edited/IMD2020,ai_edited,781,522,1.4962,JPEG,152756,be1ad2753d468c8eb85e84698abbc4fa,61ad8dc90218cbf49e56a540fa69e9f258e50048c409d6cb50ddcdefda9f08ae,1.0,c0959eb8788ec3dc,ok,1084.508822414074,True,True,cluster_01126,train,/home/dheirav/Code/Deepfake_Detection/deepfake-project/dataset_builder/train/ai_edited/c9f627v_0.jpg
data_sources/ai_edited/IMD2020/c9fep2z_0.jpg,data_sources/ai_edited/IMD2020,ai_edited,640,480,1.3333,JPEG,44618,4a5aa77f49656cfadd351da59a95a78e,5bc6f2a2f67ea310bc52cdea3c51230acac187133257fcfecb69cda037529d97,1.0,fefa2a02fb41441d,ok,617.9247190283776,True,True,cluster_01339,train,/home/dheirav/Code/Deepfake_Detection/deepfake-project/dataset_builder/train/ai_edited/c9fep2z_0.jpg
data_sources/ai_edited/IMD2020/c9ffae4_0.jpg,data_sources/ai_edited/IMD2020,ai_edited,1024,682,1.5015,JPEG,178103,8b23858a13a7dc54511503f565c31110,be49af1937445246da32e67b9d20eb944a97fab19ca398f1404633a71fe56904,1.0,bfa446be2c01626f,ok,248.89469872897328,True,True,cluster_00644,train,/home/dheirav/Code/Deepfake_Detection/deepfake-project/dataset_builder/train/ai_edited/c9ffae4_0.jpg
data_sources/ai_edited/IMD2020/c9fjobh_0.jpg,data_sources/ai_edited/IMD2020,ai_edited,900,599,1.5025,JPEG,146262,eb2a4dfa594133fb2532ec98506fe8b7,f00136d04a9a355f30b4393f241a956c086c70b8c70146198a2ddd5b942a06b9,1.0,bcd1c02f8d1ce39c,ok,1066.7316918452234,True,True,cluster_00930,train,/home/dheirav/Code/Deepfake_Detection/deepfake-project/dataset_builder/train/ai_edited/c9fjobh_0.jpg
data_sources/ai_edited/IMD2020/c9fl1lk_0.jpg,data_sources/ai_edited/IMD2020,ai_edited,1234,1968,0.627,JPEG,301530,15fe3299ceea75c4c753619a93c449b1,59501813ecd01f06e6f4cf5670acecf346f148167776a701e3a9c8269ff54ed2,1.0,bbea4594c1f79481,ok,220.73562694142691,True,True,cluster_00111,train,/home/dheirav/Code/Deepfake_Detection/deepfake-project/dataset_builder/train/ai_edited/c9fl1lk_0.jpg
data_sources/ai_edited/IMD2020/c9fmaeu_0.jpg,data_sources/ai_edited/IMD2020,ai_edited,900,599,1.5025,JPEG,290350,4893c4c344c36603afb85a8ecfda5e74,cebd704f8a6f2605db9ce944b6ec42c8da65b80bf60320d2097e8c05e2f5f4e8,1.0,bcd0840fcb9dd31a,ok,3779.8551248440785,True,True,cluster_00922,train,/home/dheirav/Code/Deepfake_Detection/deepfake-project/dataset_builder/train/ai_edited/c9fmaeu_0.jpg
data_sources/ai_edited/IMD2020/c9fmrsm_0.png,data_sources/ai_edited/IMD2020,ai_edited,635,367,1.7302,PNG,334855,7a6edb811e798d4605d03883729587f5,52dc532e3c8859c9fe92fff3bd40297654e7fd6c4ccdcb9b6782374f8d4343ec,1.0,92f4eebb119c83b0,ok,982.8315021288026,True,True,cluster_01499,train,/home/dheirav/Code/Deepfake_Detection/deepfake-project/dataset_builder/train/ai_edited/c9fmrsm_0.png
data_sources/ai_edited/IMD2020/c9fmv7c_0.jpg,data_sources/ai_edited/IMD2020,ai_edited,900,599,1.5025,JPEG,150800,a6ebbb56e29a6039a455fb91eca1b367,249315ff365852c816c84eb353b414cb5b34025c762a2f0422b170ee319dc906,1.0,bcd1c42f8d1d629c,ok,1203.6224039428814,True,True,cluster_00929,train,/home/dheirav/Code/Deepfake_Detection/deepfake-project/dataset_builder/train/ai_edited/c9fmv7c_0.jpg
data_sources/ai_edited/IMD2020/c9fn5j8_0.jpg,data_sources/ai_edited/IMD2020,ai_edited,1600,1200,1.3333,JPEG,202972,441c6ed5f4fef1214f590bf43ddc85db,7bdea592b9554b7a661e841770321d619beb7ec50cb625014888c87d4e77519e,1.0,d1602e254ed32dbd,ok,264.50469722395724,True,True,cluster_00190,train,/home/dheirav/Code/Deepfake_Detection/deepfake-project/dataset_builder/train/ai_edited/c9fn5j8_0.jpg
data_sources/ai_edited/IMD2020/c9fntrg_0.jpg,data_sources/ai_edited/IMD2020,ai_edited,900,599,1.5025,JPEG,170970,eccfddb55a6fec2358a1791285ac2140,ba136efe837009a87ab5dd737cdcbc3c24fe1158546d434e0ce564f9dfbbfcf6,1.0,bcd1c42f8d3c6196,ok,1749.0544743977723,True,True,cluster_00925,train,/home/dheirav/Code/Deepfake_Detection/deepfake-project/dataset_builder/train/ai_edited/c9fntrg_0.jpg
data_sources/ai_edited/IMD2020/c9fqiqn_0.jpg,data_sources/ai_edited/IMD2020,ai_edited,747,500,1.494,JPEG,109487,458d35b73b4c5fb554de56f71228c155,a5f516d7cb809e7045f1031ee769c1d792bdbba8dab0fb810bcc9361fca3f826,1.0,c96eb2c26988d35b,ok,522.2983893945509,True,True,cluster_01193,train,/home/dheirav/Code/Deepfake_Detection/deepfake-project/dataset_builder/train/ai_edited/c9fqiqn_0.jpg
data_sources/ai_edited/IMD2020/c9fqvx5_0.jpg,data_sources/ai_edited/IMD2020,ai_edited,1024,576,1.7778,JPEG,199648,2e194657d9116d1d219adccd5e2fed71,45f3d594d93a726b3b3469702e19e8c3e4e9133ac47e88542546d8c208e296f5,1.0,bdc26b36c00b499f,ok,156.16564859656538,True,True,cluster_00850,train,/home/dheirav/Code/Deepfake_Detection/deepfake-project/dataset_builder/train/ai_edited/c9fqvx5_0.jpg
data_sources/ai_edited/IMD2020/c9ft4yi_0.jpg,data_sources/ai_edited/IMD2020,ai_edited,1024,534,1.9176,JPEG,205157,0660ddb4c4cc1b9a4c6afbaa2c04bb6a,66f8186f1e23182545c36c4a4484d313e8f8bb72f2f69936dcaa55c5e295e963,1.0,bfc42a32c50d5cd9,ok,164.86615649534704,True,True,cluster_00906,train,/home/dheirav/Code/Deepfake_Detection/deepfake-project/dataset_builder/train/ai_edited/c9ft4yi_0.jpg
data_sources/ai_edited/IMD2020/c9fuxna_0.jpg,data_sources/ai_edited/IMD2020,ai_edited,972,839,1.1585,JPEG,148445,beef384b34015f16d2aa097fdfdcc790,87db671f5b129e2b79ca1ee83b30a7f5247d1c250e770bd86c9a4bc4dce5f16b,1.0,9158ee42bb944d3b,ok,1485.4374757620808,True,True,cluster_00511,train,/home/dheirav/Code/Deepfake_Detection/deepfake-project/dataset_builder/train/ai_edited/c9fuxna_0.jpg
data_sources/ai_edited/IMD2020/c9fvtzk_0.jpg,data_sources/ai_edited/IMD2020,ai_edited,500,538,0.9294,JPEG,63338,d43dc94f75a58413d541bff04da58efd,884cc725d2a11cf0615de3c7cfeef8701fc5af9ebef0805765d933ba909a122a,1.0,d64819b57a6969e1,ok,1845.3139854614365,True,True,cluster_01418,train,/home/dheirav/Code/Deepfake_Detection/deepfake-project/dataset_builder/train/ai_edited/c9fvtzk_0.jpg
data_sources/ai_edited/IMD2020/c9fxe3f_0.jpg,data_sources/ai_edited/IMD2020,ai_edited,708,720,0.9833,JPEG,254689,292eb637efe0a2054b16145e5dfa8ca5,f2d054c1b7daa931bf4c0933a9184e804c8b58251784810483410277f93b7c0f,1.0,92e3699a8269fad8,ok,268.39588208499265,True,True,cluster_00958,train,/home/dheirav/Code/Deepfake_Detection/deepfake-project/dataset_builder/train/ai_edited/c9fxe3f_0.jpg
data_sources/ai_edited/IMD2020/c9g1oc0_0.jpg,data_sources/ai_edited/IMD2020,ai_edited,1280,960,1.3333,JPEG,206284,12c4ca65a5ad35404e932e8275567ad5,5e336ee9568afad1f825697766956e89ebecacfe01ce0476da8cdafe60ebc23f,1.0,aad63498b1be8387,ok,81.61612864936127,True,True,cluster_00323,train,/home/dheirav/Code/Deepfake_Detection/deepfake-project/dataset_builder/train/ai_edited/c9g1oc0_0.jpg
data_sources/ai_edited/IMD2020/c9g1s99_0.jpg,data_sources/ai_edited/IMD2020,ai_edited,500,375,1.3333,JPEG,93889,680ded009554b7639729a425b3689b3d,819e4a9a149495709101375137d3e6fa3a8ccdcc03db1c15fe8e4d8d88b542e7,1.0,aad2348eb9b2a3a3,ok,2045.292830415758,True,True,cluster_01578,train,/home/dheirav/Code/Deepfake_Detection/deepfake-project/dataset_builder/train/ai_edited/c9g1s99_0.jpg
data_sources/ai_edited/IMD2020/c9g35w2_0.jpg,data_sources/ai_edited/IMD2020,ai_edited,640,426,1.5023,JPEG,212682,f1c554ee11b6bf438e292be64d2799e3,60226b9fe8774b8633134f71807334c2a3482060a093449df61513169b12b5ad,1.0,8cd31e2ec1e166b6,ok,554.5352748122809,True,True,cluster_01397,train,/home/dheirav/Code/Deepfake_Detection/deepfake-project/dataset_builder/train/ai_edited/c9g35w2_0.jpg
data_sources/ai_edited/IMD2020/c9g3rke_0.jpg,data_sources/ai_edited/IMD2020,ai_edited,990,625,1.584,JPEG,194811,a69c8f7ae82351b97cb41bb94b452e20,5b46aa01d77dc2a840e0ed1984e6b43d3c5b7015dd915d9ef42632def50582c1,1.0,f49d4cceb194098f,ok,1515.6010517340515,True,True,cluster_00782,train,/home/dheirav/Code/Deepfake_Detection/deepfake-project/dataset_builder/train/ai_edited/c9g3rke_0.jpg
data_sources/ai_edited/IMD2020/c9g4vhi_0.png,data_sources/ai_edited/IMD2020,ai_edited,500,385,1.2987,PNG,339135,5966f52962693f1ecf94c74769f8f95f,3c319f1998ee7a594df43eab7e3d8c1f10682738464fcd070777bb198e3f6237,1.0,f8e8c755cc2e5a24,ok,493.3940668917928,True,True,cluster_01565,train,/home/dheirav/Code/Deepfake_Detection/deepfake-project/dataset_builder/train/ai_edited/c9g4vhi_0.png
data_sources/ai_edited/IMD2020/c9g5nv8_0.jpg,data_sources/ai_edited/IMD2020,ai_edited,373,474,0.7869,JPEG,76648,57536b1d72bc95cb12f0d77beb8927b2,b97691fd00292410bd4a403add27ca27c16901a62a9f6ea8549b4c7e5e00437b,1.0,bdbadcc89063c323,ok,428.61727393370217,True,True,cluster_01595,train,/home/dheirav/Code/Deepfake_Detection/deepfake-project/dataset_builder/train/ai_edited/c9g5nv8_0.jpg
data_sources/ai_edited/IMD2020/c9g7604_0.jpg,data_sources/ai_edited/IMD2020,ai_edited,640,426,1.5023,JPEG,126515,7edea616f035a314401fbd37e9c7dac3,6ff963944b8303c073c3d52d95739041725ce7e5e2a34c8ac11c964524b70154,1.0,8cdb9c225b2566f4,ok,448.9417387018328,True,True,cluster_01399,train,/home/dheirav/Code/Deepfake_Detection/deepfake-project/dataset_builder/train/ai_edited/c9g7604_0.jpg
data_sources/ai_edited/IMD2020/c9g787e_0.jpg,data_sources/ai_edited/IMD2020,ai_edited,2276,1569,1.4506,JPEG,688292,70d12a4382b2369bcd298d390f948122,2d3bf9061e3be83cecc7bc6f9341a3a8a93da9c4916a488320d9ab51f789c767,1.0,b0b8c7cf0ff00c39,ok,2250.2051042188236,True,True,cluster_00057,train,/home/dheirav/Code/Deepfake_Detection/deepfake-project/dataset_builder/train/ai_edited/c9g787e_0.jpg
data_sources/ai_edited/IMD2020/c9g9mr9_0.jpg,data_sources/ai_edited/IMD2020,ai_edited,570,760,0.75,JPEG,219912,2347fb4afed9626293a25ca1086f822a,a9337ee5789b1ddfe2019c81031b11c68941656f22c1412b57381fccac77dfb3,1.0,c81a2d7732696c79,ok,133.22662731151456,True,True,cluster_01084,train,/home/dheirav/Code/Deepfake_Detection/deepfake-project/dataset_builder/train/ai_edited/c9g9mr9_0.jpg
data_sources/ai_edited/IMD2020/c9g9t6z_0.jpg,data_sources/ai_edited/IMD2020,ai_edited,630,960,0.6562,JPEG,64834,84eeca5e4140710c211562fc4be3b7a9,8a7bd37eb1aebe18d102700e9b933a1206eb34542df31f01dc44b0b4f09b8024,1.0,955bca3589da4ba4,ok,403.9588822742465,True,True,cluster_00834,train,/home/dheirav/Code/Deepfake_Detection/deepfake-project/dataset_builder/train/ai_edited/c9g9t6z_0.jpg
data_sources/ai_edited/IMD2020/c9gck87_0.jpg,data_sources/ai_edited/IMD2020,ai_edited,3401,2182,1.5587,JPEG,698580,4a3ff4fddca12c8d0e6f0fbc5a44ebf1,674b6a1dcef48684c21d9102d9c36ebd97b3b17b8f3cda8e786723a8313da5f3,1.0,e4f3869289ed3133,ok,297.6441643774524,True,True,cluster_00008,train,/home/dheirav/Code/Deepfake_Detection/deepfake-project/dataset_builder/train/ai_edited/c9gck87_0.jpg
data_sources/ai_edited/IMD2020/c9gda7u_0.jpg,data_sources/ai_edited/IMD2020,ai_edited,560,827,0.6771,JPEG,186634,a71a903f98afae2e855b4345868f68d2,a04934d6f36e39b3767b90905d98be2389de37c823ce1548c81b6dfd798d4dea,1.0,afbd7a30c1e0584d,ok,3337.9016265117325,True,True,cluster_01026,train,/home/dheirav/Code/Deepfake_Detection/deepfake-project/dataset_builder/train/ai_edited/c9gda7u_0.jpg
data_sources/ai_edited/IMD2020/c9gf8ln_0.jpg,data_sources/ai_edited/IMD2020,ai_edited,4272,2848,1.5,JPEG,618691,e07c24c51c86e09072b83a7c179508b0,a3e90e9bfb74d1df3e173358580c7d18b0b42647e230adc4ed47e839f261c23a,1.0,9cc38f34de58e609,ok,82.07624181946738,True,True,cluster_00001,train,/home/dheirav/Code/Deepfake_Detection/deepfake-project/dataset_builder/train/ai_edited/c9gf8ln_0.jpg
data_sources/ai_edited/IMD2020/c9gfnnb_0.jpg,data_sources/ai_edited/IMD2020,ai_edited,2768,1470,1.883,JPEG,530729,002289e357da1f75789c11523dfb33cd,7c2744b1bf4ce8f81572bb09fccaf80911f2e454f2eb656b3060a5438d2ab29c,1.0,ce150dc9be9c7162,ok,246.35262927980315,True,True,cluster_00051,train,/home/dheirav/Code/Deepfake_Detection/deepfake-project/dataset_builder/train/ai_edited/c9gfnnb_0.jpg
data_sources/ai_edited/IMD2020/c9ggl99_0.jpg,data_sources/ai_edited/IMD2020,ai_edited,1469,807,1.8203,JPEG,114170,9e42a55c09d3be135e6cffee805724d3,55ddab54f85a3cb4054652db8deabadaa2e45575787b9479b9036eb7aaa41b65,1.0,a85f68e996a07f82,ok,269.58737991868185,True,True,cluster_00333,train,/home/dheirav/Code/Deepfake_Detection/deepfake-project/dataset_builder/train/ai_edited/c9ggl99_0.jpg
data_sources/ai_edited/IMD2020/c9glbxq_0.jpg,data_sources/ai_edited/IMD2020,ai_edited,2272,1704,1.3333,JPEG,298719,b87f6854ecb04441526ba8df5d339e02,8f1051ba4800e48b2348e765123e697c4b247f87a7b3a33de15a5501e7d9ab8d,1.0,85943acd3e834ab7,ok,90.5880168007042,True,True,cluster_00055,train,/home/dheirav/Code/Deepfake_Detection/deepfake-project/dataset_builder/train/ai_edited/c9glbxq_0.jpg
data_sources/ai_edited/IMD2020/c9gs7bm_0.png,data_sources/ai_edited/IMD2020,ai_edited,600,449,1.3363,PNG,381259,8011e13582ba908d296383632401f735,9345dc710540fef8813d265331332adbdd7b40500ade8db8534ddd8a4e354c2e,1.0,92caadd2e61d1ae4,ok,981.4975556038357,True,True,cluster_01417,train,/home/dheirav/Code/Deepfake_Detection/deepfake-project/dataset_builder/train/ai_edited/c9gs7bm_0.png
data_sources/ai_edited/IMD2020/c9gtkcd_0.jpg,data_sources/ai_edited/IMD2020,ai_edited,820,1161,0.7063,JPEG,206113,dd9aeeec60ff66845d7bf326a956e044,42e49368879ea928c566fe3c1034bbfc9e91a205ea378e9b0a8b5211f3c134c4,1.0,aeb570c3718383ce,ok,323.27145224141793,True,True,cluster_00424,train,/home/dheirav/Code/Deepfake_Detection/deepfake-project/dataset_builder/train/ai_edited/c9gtkcd_0.jpg
data_sources/ai_edited/IMD2020/c9gtq1e_0.jpg,data_sources/ai_edited/IMD2020,ai_edited,590,393,1.5013,JPEG,55329,4200bbfde7fb873e8f5ca40d20808dbc,02a8f9775da1fd391d46553f583c41db3e479a2df53516759d14bfa2f8c7bff7,1.0,934f2c458dbc923b,ok,178.84962330341537,True,True,cluster_01501,train,/home/dheirav/Code/Deepfake_Detection/deepfake-project/dataset_builder/train/ai_edited/c9gtq1e_0.jpg
data_sources/ai_edited/IMD2020/c9gxwzy_0.jpg,data_sources/ai_edited/IMD2020,ai_edited,1600,1200,1.3333,JPEG,143079,1ce879fef0f5b9342bedc5cfbc2450d9,408477da1b17ed1fad65aa952d59dc734c5f8a5e13614cd9a85897eb262a3758,1.0,9cb362cc71666c33,ok,137.99752574998266,True,True,cluster_00192,train,/home/dheirav/Code/Deepfake_Detection/deepfake-project/dataset_builder/train/ai_edited/c9gxwzy_0.jpg
data_sources/ai_edited/IMD2020/c9gz0w4_0.jpg,data_sources/ai_edited/IMD2020,ai_edited,1024,671,1.5261,JPEG,233310,755e0d0bd5c0c4fbeeb4fd0830f780c9,b59bc4d47edbba2ccde6f16b0a362735b942d198a64a69718b30c75ff5989795,1.0,90c84f7b990dea36,ok,769.2662720752263,True,True,cluster_00705,train,/home/dheirav/Code/Deepfake_Detection/deepfake-project/dataset_builder/train/ai_edited/c9gz0w4_0.jpg
data_sources/ai_edited/IMD2020/c9h11gt_0.jpg,data_sources/ai_edited/IMD2020,ai_edited,677,436,1.5528,JPEG,181596,528cce843059b867b927562d3b272999,3bb1c239626f53fe5d25218d1686f5481a5a6355590323664d2d7b793e77edf2,1.0,9a2ee931e61adc94,ok,1728.7987879629209,True,True,cluster_01355,train,/home/dheirav/Code/Deepfake_Detection/deepfake-project/dataset_builder/train/ai_edited/c9h11gt_0.jpg
data_sources/ai_edited/IMD2020/c9h2clv_0.jpg,data_sources/ai_edited/IMD2020,ai_edited,900,675,1.3333,JPEG,206727,89b67e31789537e9ee02dadb78d03312,32dad7b0b814bc32cfac31d52ae65c72541baf3c8d3ddc2e481ce2818f61571e,1.0,9616b637c16ecac8,ok,1216.273408585591,True,True,cluster_00829,train,/home/dheirav/Code/Deepfake_Detection/deepfake-project/dataset_builder/train/ai_edited/c9h2clv_0.jpg
data_sources/ai_edited/IMD2020/c9h2k3n_0.jpg,data_sources/ai_edited/IMD2020,ai_edited,536,750,0.7147,JPEG,75575,c79873f01cac3d90dc8862f8a5625cd7,a620ca7d3547d8b6b0eb3c73500a4e2bcaf4d49eb05148d892e828941ab5c137,1.0,9efc21e1e0836f8a,ok,108.4814291665491,True,True,cluster_01131,train,/home/dheirav/Code/Deepfake_Detection/deepfake-project/dataset_builder/train/ai_edited/c9h2k3n_0.jpg
data_sources/ai_edited/IMD2020/c9h2seb_0.jpg,data_sources/ai_edited/IMD2020,ai_edited,1632,1224,1.3333,JPEG,366846,1c0468e5d3d23822a928c9718edef0c3,c67247e2bdacb61ae8910a28b55338e79813a2db2a23c68d89f38d16c88583d0,1.0,cdbac2a5f9d8070a,ok,99.27613891479733,True,True,cluster_00172,train,/home/dheirav/Code/Deepfake_Detection/deepfake-project/dataset_builder/train/ai_edited/c9h2seb_0.jpg
data_sources/ai_edited/IMD2020/c9h38o1_0.jpg,data_sources/ai_edited/IMD2020,ai_edited,1600,1067,1.4995,JPEG,343300,a9895f30cbcdd739d1024097ee01c546,f652760be51aad452bb9832232a9a80f56afbe71dc84aa09f38f3812ecc6bf91,1.0,84d5d92b2656d999,ok,922.0163588201335,True,True,cluster_00218,train,/home/dheirav/Code/Deepfake_Detection/deepfake-project/dataset_builder/train/ai_edited/c9h38o1_0.jpg
data_sources/ai_edited/IMD2020/c9h3qse_0.jpg,data_sources/ai_edited/IMD2020,ai_edited,748,509,1.4695,JPEG,171618,b2c1e808ead0e0fd00ba3caf76cb0dfa,9d177a509cea285bd244403e33709c3bb9b134e1c031e681621837636a722660,1.0,f48383e8738cc1fa,ok,1035.543209549982,True,True,cluster_01170,train,/home/dheirav/Code/Deepfake_Detection/deepfake-project/dataset_builder/train/ai_edited/c9h3qse_0.jpg
data_sources/ai_edited/IMD2020/c9h4ej3_0.jpg,data_sources/ai_edited/IMD2020,ai_edited,400,530,0.7547,JPEG,51682,d91359479d2ad603681c3c51cfa07e63,7ef1c00673691a319105a075056dde32d1c85ff1defd2d58247dec949e878812,1.0,915e24e55e1bf560,ok,637.5773995633455,True,True,cluster_01543,train,/home/dheirav/Code/Deepfake_Detection/deepfake-project/dataset_builder/train/ai_edited/c9h4ej3_0.jpg
data_sources/ai_edited/IMD2020/c9h9cv3_0.jpg,data_sources/ai_edited/IMD2020,ai_edited,1162,836,1.39,JPEG,130515,e6b8e84b7f7533e81b309ab44d74fad9,fb924e21f3dd63a9ebea808539d2eba6d4876b8b1defa2c25ca3038068c383b9,1.0,852d25e1ab2ecd2b,ok,302.7094219330657,True,True,cluster_00396,train,/home/dheirav/Code/Deepfake_Detection/deepfake-project/dataset_builder/train/ai_edited/c9h9cv3_0.jpg
data_sources/ai_edited/IMD2020/c9hb4rz_0.jpg,data_sources/ai_edited/IMD2020,ai_edited,1024,768,1.3333,JPEG,220993,d118e8af6cca97072e2d04a655e58bb5,80c5ac256473f0b634d234903005bcaed865740aa4adaefd4e1e3c7d2ff5bb55,1.0,dbbb38ccd0198693,ok,490.559615537044,True,True,cluster_00547,train,/home/dheirav/Code/Deepfake_Detection/deepfake-project/dataset_builder/train/ai_edited/c9hb4rz_0.jpg
data_sources/ai_edited/IMD2020/c9hcema_0.jpg,data_sources/ai_edited/IMD2020,ai_edited,600,450,1.3333,JPEG,178786,f7e455f41bcbc1e4f0935b0b8b36cc12,8ab7fd1e52d09a78b2bd6c3f745e35fca99a560df9999cc99803764dd6bdf285,1.0,e2d3d54d2f2e1611,ok,1793.2137011248146,True,True,cluster_01408,train,/home/dheirav/Code/Deepfake_Detection/deepfake-project/dataset_builder/train/ai_edited/c9hcema_0.jpg
data_sources/ai_edited/IMD2020/c9hd3rx_0.jpg,data_sources/ai_edited/IMD2020,ai_edited,1000,868,1.1521,JPEG,153195,f3dcc2ea838d95d945f9b174de9fecfe,ecdb5c34e0a1db3f1fcf4477941fdf575551d51e56fa16f49cc70180cda8df3b,1.0,87bc79631c436617,ok,391.22080226267144,True,True,cluster_00490,train,/home/dheirav/Code/Deepfake_Detection/deepfake-project/dataset_builder/train/ai_edited/c9hd3rx_0.jpg
data_sources/ai_edited/IMD2020/c9hdjxv_0.png,data_sources/ai_edited/IMD2020,ai_edited,499,640,0.7797,PNG,185883,95bd92c574e4b334e9465c1069912038,d0693c2cbe30ca520cd1626da7bf274d37234b0d37adc3e0164f1c3e08e81617,1.0,f070b3c64c4ca773,ok,109.36693509214969,True,True,cluster_01299,train,/home/dheirav/Code/Deepfake_Detection/deepfake-project/dataset_builder/train/ai_edited/c9hdjxv_0.png
data_sources/ai_edited/IMD2020/c9hgxau_0.jpg,data_sources/ai_edited/IMD2020,ai_edited,926,574,1.6132,JPEG,133231,c67756e383eab0ea47298226b216051a,7696f1bcc3b1549118f8a77a4a7fc7d38e415c2029c4a807b3f4bd453b75d020,1.0,f24b2c2d396e0f92,ok,2752.0822623811227,True,True,cluster_00939,train,/home/dheirav/Code/Deepfake_Detection/deepfake-project/dataset_builder/train/ai_edited/c9hgxau_0.jpg
data_sources/ai_edited/IMD2020/c9hj5lr_0.jpg,data_sources/ai_edited/IMD2020,ai_edited,956,734,1.3025,JPEG,235392,f0ee2de38cf5eeb310dcd070527e1ece,2430163c98f3bc32c7c8cecb64a1fb982797b1ce0ebd2b8116023d803c006f2b,1.0,beb29ab7b4858981,ok,1658.135191791699,True,True,cluster_00636,train,/home/dheirav/Code/Deepfake_Detection/deepfake-project/dataset_builder/train/ai_edited/c9hj5lr_0.jpg
data_sources/ai_edited/IMD2020/c9hk6li_0.jpg,data_sources/ai_edited/IMD2020,ai_edited,720,960,0.75,JPEG,151253,5b93b4b3c02fb4b1f6838109b6dc959d,7c256828e5f1d9b2e46b294e54dcdfe11ac90229d6aa0b65ca1bf2c7a0e6ff57,1.0,da470bf8609ee532,ok,419.0633519841177,True,True,cluster_00693,train,/home/dheirav/Code/Deepfake_Detection/deepfake-project/dataset_builder/train/ai_edited/c9hk6li_0.jpg
data_sources/ai_edited/IMD2020/c9hmf8f_0.jpg,data_sources/ai_edited/IMD2020,ai_edited,964,740,1.3027,JPEG,230391,010f904a5d9ed2c0c1cd795971351420,1a81c311ed71dd23a29743cbef82db48ec17ecea9a90da1542a0db59bfc35da3,1.0,9eb28abdb5858989,ok,1631.4563933418844,True,True,cluster_00620,train,/home/dheirav/Code/Deepfake_Detection/deepfake-project/dataset_builder/train/ai_edited/c9hmf8f_0.jpg
data_sources/ai_edited/IMD2020/c9hmzo9_0.jpg,data_sources/ai_edited/IMD2020,ai_edited,964,740,1.3027,JPEG,228502,64f9d50684432a4be48ee8f1954ca2a3,f5d992b77cf620d67f3b177351c0a013cf529891507144933a813fcaa1d25294,1.0,b6b28abfb4858989,ok,1670.117480500062,True,True,cluster_00623,train,/home/dheirav/Code/Deepfake_Detection/deepfake-project/dataset_builder/train/ai_edited/c9hmzo9_0.jpg
data_sources/ai_edited/IMD2020/c9hui3v_0.jpg,data_sources/ai_edited/IMD2020,ai_edited,1600,1196,1.3378,JPEG,467721,b9b8334e98f04ac5dd2d17b953dc5133,20b7d2d980576c76302b24b5d010c844d1d76e0b44f2ac49fa6fc148c1f8d84a,1.0,abebd4c1c5c464cc,ok,182.8974189983715,True,True,cluster_00194,train,/home/dheirav/Code/Deepfake_Detection/deepfake-project/dataset_builder/train/ai_edited/c9hui3v_0.jpg
data_sources/ai_edited/IMD2020/c9hx5lf_0.jpg,data_sources/ai_edited/IMD2020,ai_edited,900,900,1.0,JPEG,253271,36d297684fdb1e95636d8e2b5f04775b,5b355fa177d9b3216a708fed0ac5c1843403469ec396292e670819c7788d7e74,1.0,85841335e7ece14f,ok,2328.7496782443895,True,True,cluster_00515,train,/home/dheirav/Code/Deepfake_Detection/deepfake-project/dataset_builder/train/ai_edited/c9hx5lf_0.jpg
data_sources/ai_edited/IMD2020/c9i09lt_0.jpg,data_sources/ai_edited/IMD2020,ai_edited,900,900,1.0,JPEG,239662,362ced5b78992752e8614d6adcb21728,314d6a5652b41e509441c7bc8d3f58dcdef38a9d39187d3ff495f517574c0df4,1.0,b59657850de4e14e,ok,1976.9718960287519,True,True,cluster_00517,train,/home/dheirav/Code/Deepfake_Detection/deepfake-project/dataset_builder/train/ai_edited/c9i09lt_0.jpg
data_sources/ai_edited/IMD2020/c9ic6md_0.jpg,data_sources/ai_edited/IMD2020,ai_edited,895,670,1.3358,JPEG,173706,81e243de054082bce14b75a7bd65b742,e2d387ae4b992a8fcbf80e1910986f2c612fc7d06cd2897c95bba828e8c0ff06,1.0,d1e2c7863be039a3,ok,554.8115610893398,True,True,cluster_00837,train,/home/dheirav/Code/Deepfake_Detection/deepfake-project/dataset_builder/train/ai_edited/c9ic6md_0.jpg
data_sources/ai_edited/IMD2020/c9ihvi6_0.jpg,data_sources/ai_edited/IMD2020,ai_edited,800,441,1.8141,JPEG,52367,a9ac67c437637f395234fa47ce2ece17,429dfd9a8c39ca48e63bc11b3e03f26f0141a9fe93eede4e02f37ce2bc43b478,1.0,eee41d38c1ce1c78,ok,136.71796311092086,True,True,cluster_01225,train,/home/dheirav/Code/Deepfake_Detection/deepfake-project/dataset_builder/train/ai_edited/c9ihvi6_0.jpg
data_sources/ai_edited/IMD2020/c9ii586_0.jpg,data_sources/ai_edited/IMD2020,ai_edited,1280,929,1.3778,JPEG,180168,797266b483dd9e2eab4ed1f2cf7f9b80,f9ef8752be562ca0c761df14eac452e57c9af5942f097f191b634a0d98c799a2,1.0,d13b82e6642cddc5,ok,496.1560687153604,True,True,cluster_00331,train,/home/dheirav/Code/Deepfake_Detection/deepfake-project/dataset_builder/train/ai_edited/c9ii586_0.jpg
data_sources/ai_edited/IMD2020/c9ii7ff_0.jpg,data_sources/ai_edited/IMD2020,ai_edited,1116,754,1.4801,JPEG,134018,652974d3d0d3e5c7bf12d22faf410bba,29e32860702c32dd23c674e65aa601a4afa82acfa60cdb474c55d80cb77c586d,1.0,b3c2c6b34bd389c4,ok,395.22404373881864,True,True,cluster_00505,train,/home/dheirav/Code/Deepfake_Detection/deepfake-project/dataset_builder/train/ai_edited/c9ii7ff_0.jpg
data_sources/ai_edited/IMD2020/c9ii97p_0.png,data_sources/ai_edited/IMD2020,ai_edited,776,667,1.1634,PNG,601382,5492c2b7cc1e756dc52c45bf6dd34aa2,ffd847d0f740bcc897e05f7c232deb1f09c7c491518d3a9aaff25ddd36996b31,1.0,e470d1e462db4b4b,ok,1232.1496556612,True,True,cluster_00953,train,/home/dheirav/Code/Deepfake_Detection/deepfake-project/dataset_builder/train/ai_edited/c9ii97p_0.png
data_sources/ai_edited/IMD2020/c9iidxf_0.jpg,data_sources/ai_edited/IMD2020,ai_edited,410,471,0.8705,JPEG,58302,d463bd30344780229c289c663063832b,9b486c5aee4db45ec2a9c68e3b9fb4a0afadae626c8f9ba86ad6713e7e4fc971,1.0,ab96d46f23c5b092,ok,623.2011145418151,True,True,cluster_01564,train,/home/dheirav/Code/Deepfake_Detection/deepfake-project/dataset_builder/train/ai_edited/c9iidxf_0.jpg
data_sources/ai_edited/IMD2020/c9iiklk_0.jpg,data_sources/ai_edited/IMD2020,ai_edited,890,595,1.4958,JPEG,176940,bac2bcd99dd45d0646624bc8e93254f9,051c204700712ec6e8621138cb67087c4ee2ed13cb800185eb917497230dfe66,1.0,8e7aa313d04cd477,ok,907.4605432830544,True,True,cluster_00941,train,/home/dheirav/Code/Deepfake_Detection/deepfake-project/dataset_builder/train/ai_edited/c9iiklk_0.jpg
data_sources/ai_edited/IMD2020/c9iin2c_0.jpg,data_sources/ai_edited/IMD2020,ai_edited,300,300,1.0,JPEG,45200,e6ad16a4cc1a8d478eb8fcc9d549c4d8,050dfc80fa732e56b8e1ad842307bc476c4393fd7de1e63598af791084bf2315,1.0,e3dc34a78963cc1c,ok,3061.8218990655555,True,True,cluster_01662,train,/home/dheirav/Code/Deepfake_Detection/deepfake-project/dataset_builder/train/ai_edited/c9iin2c_0.jpg
data_sources/ai_edited/IMD2020/c9iin8c_0.jpg,data_sources/ai_edited/IMD2020,ai_edited,1400,958,1.4614,JPEG,271023,21e80b4da5f74514ae34d8c04630c962,325504ef09fb7deb88468b0fbe94e4d88a3a1061a8aff73131d1421177e0e57b,1.0,b3c3ce3948cd98a6,ok,343.61594386788687,True,True,cluster_00286,train,/home/dheirav/Code/Deepfake_Detection/deepfake-project/dataset_builder/train/ai_edited/c9iin8c_0.jpg
data_sources/ai_edited/IMD2020/c9iis5u_0.jpg,data_sources/ai_edited/IMD2020,ai_edited,975,558,1.7473,JPEG,230672,dfa4a6d6f8204f2c0b9d6377c9a1b47a,e5f122ada4ecfbd841568496a1ee74510cb69fdf46d25803e07d0a6309b77bf3,1.0,eee69539c19c3243,ok,349.990544986674,True,True,cluster_00908,train,/home/dheirav/Code/Deepfake_Detection/deepfake-project/dataset_builder/train/ai_edited/c9iis5u_0.jpg
data_sources/ai_edited/IMD2020/c9ijf08_0.jpg,data_sources/ai_edited/IMD2020,ai_edited,640,425,1.5059,JPEG,179495,b335fd8c7115bd08d035671bccd96c56,c3400c2a2905ccbda40f0d8227ed0b680bf20a4fc2760a3c85a68f5f4ab9844b,1.0,9d5356936858ab9a,ok,1127.1660786416521,True,True,cluster_01405,train,/home/dheirav/Code/Deepfake_Detection/deepfake-project/dataset_builder/train/ai_edited/c9ijf08_0.jpg
data_sources/ai_edited/IMD2020/c9ikbq4_0.jpg,data_sources/ai_edited/IMD2020,ai_edited,600,450,1.3333,JPEG,143486,b2ba7c4ed124418c7cf911b8cc8ce718,91c1ffaa342008b638e4f5fd414e4160950e38e4a48be1032a5a7e59c5eaa9b9,1.0,a184835b5775a5b6,ok,7313.137423420521,True,True,cluster_01410,train,/home/dheirav/Code/Deepfake_Detection/deepfake-project/dataset_builder/train/ai_edited/c9ikbq4_0.jpg
data_sources/ai_edited/IMD2020/c9il4y8_0.jpg,data_sources/ai_edited/IMD2020,ai_edited,1000,1027,0.9737,JPEG,357848,8bd3fbf820562ab67bc83a98a2c47671,073b9e6b6eb4880288f972f5e77d5191c8d708a329af64843b1f3b78d013550c,1.0,9e6f37f6a5489005,ok,534.0411677459812,True,True,cluster_00376,train,/home/dheirav/Code/Deepfake_Detection/deepfake-project/dataset_builder/train/ai_edited/c9il4y8_0.jpg
data_sources/ai_edited/IMD2020/c9io67n_0.jpg,data_sources/ai_edited/IMD2020,ai_edited,800,494,1.6194,JPEG,182422,f53df013ec486c9404e79d2d130639c9,d8b2e10c4c8b0ebed37086158fd690ff57129a7fd164175209ed9a77456463fe,1.0,b3b19cd08f9e2c49,ok,1827.2615968852954,True,True,cluster_01141,train,/home/dheirav/Code/Deepfake_Detection/deepfake-project/dataset_builder/train/ai_edited/c9io67n_0.jpg
data_sources/ai_edited/IMD2020/c9iwpff_0.jpg,data_sources/ai_edited/IMD2020,ai_edited,722,406,1.7783,JPEG,61411,0863c568b1abd33ccfc7150cc6e67318,e19139ec4fff23645f2e60c6cf59df685c4b6dac9724bd0115c00eebbf4dfcaf,1.0,fda520e68faba184,ok,770.5930293233334,True,True,cluster_01359,train,/home/dheirav/Code/Deepfake_Detection/deepfake-project/dataset_builder/train/ai_edited/c9iwpff_0.jpg
data_sources/ai_edited/IMD2020/c9iz4b4_0.jpg,data_sources/ai_edited/IMD2020,ai_edited,722,406,1.7783,JPEG,167449,22635c3834d1f8ee385ab408b2ee30ff,3057eacfd3b055a98399cb077fe1b98e64f10417d781e3b019efbf5242055096,1.0,cfe130ae8f2a688e,ok,675.9135635519715,True,True,cluster_01357,train,/home/dheirav/Code/Deepfake_Detection/deepfake-project/dataset_builder/train/ai_edited/c9iz4b4_0.jpg
data_sources/ai_edited/IMD2020/c9j1upi_0.jpg,data_sources/ai_edited/IMD2020,ai_edited,625,417,1.4988,JPEG,179219,20682893e62b0ecfb5e1b1bb3203f1a5,a87239206e952d2d529bca51469babdd2c3df66ec077f30d3419a7dd0be61d22,1.0,8a29b35f9d364ac8,ok,733.887437212423,True,True,cluster_01440,train,/home/dheirav/Code/Deepfake_Detection/deepfake-project/dataset_builder/train/ai_edited/c9j1upi_0.jpg
data_sources/ai_edited/IMD2020/c9j52sd_0.jpg,data_sources/ai_edited/IMD2020,ai_edited,1400,958,1.4614,JPEG,367334,7d671243fa617ef6ec4e8b284369d8e6,f3aebf0beb52b0c57888ba464f7f3db17ef92dec0a91c4cc0a6de7dc1dc9463c,1.0,b1c1c6b369f19943,ok,467.87054186192404,True,True,cluster_00284,train,/home/dheirav/Code/Deepfake_Detection/deepfake-project/dataset_builder/train/ai_edited/c9j52sd_0.jpg
data_sources/ai_edited/IMD2020/c9j61u4_0.jpg,data_sources/ai_edited/IMD2020,ai_edited,943,660,1.4288,JPEG,157509,f111d36113a861678b8b179cd5e332a5,3cb2b4652854408da228f83427fa51683a2748de43511710e8295b631b7612b4,1.0,c2b1a9e716ce4cc3,ok,351.26529275018316,True,True,cluster_00777,train,/home/dheirav/Code/Deepfake_Detection/deepfake-project/dataset_builder/train/ai_edited/c9j61u4_0.jpg
data_sources/ai_edited/IMD2020/c9j8ny0_0.jpg,data_sources/ai_edited/IMD2020,ai_edited,3500,2556,1.3693,JPEG,676288,bd046b09044799544ac1106827bca8ec,46f4b97f77e26c5a3949aec551712bb10ad2515495ca08759f7fd8a3eaba7eb1,1.0,c6998b3c3625cb69,ok,85.83905354225898,True,True,cluster_00005,train,/home/dheirav/Code/Deepfake_Detection/deepfake-project/dataset_builder/train/ai_edited/c9j8ny0_0.jpg
data_sources/ai_edited/IMD2020/c9j9hjm_0.jpg,data_sources/ai_edited/IMD2020,ai_edited,1280,853,1.5006,JPEG,190682,b0b54b791853b955f6036610d92fa6ef,602911c2421bd0912b36e7e5da33cb1ee76bdd451a00ef23e61472a98e25bba2,1.0,c0b1affc36ec48c1,ok,303.18371559405153,True,True,cluster_00357,train,/home/dheirav/Code/Deepfake_Detection/deepfake-project/dataset_builder/train/ai_edited/c9j9hjm_0.jpg
data_sources/ai_edited/IMD2020/c9jbfvl_0.jpg,data_sources/ai_edited/IMD2020,ai_edited,1276,926,1.378,JPEG,296731,f0a8c5144a44886475cc5d0cf797abee,d1040b4789d505b710a6273d369bd39f4572eb9a9d036e4b1abf164e8dddbea5,1.0,d40e47fc07e39c61,ok,659.8882804270814,True,True,cluster_00335,train,/home/dheirav/Code/Deepfake_Detection/deepfake-project/dataset_builder/train/ai_edited/c9jbfvl_0.jpg
data_sources/ai_edited/IMD2020/c9jesbk_0.jpg,data_sources/ai_edited/IMD2020,ai_edited,1152,901,1.2786,JPEG,264262,710873536a3c0674381a81e07a329b42,32a75c6d53f93a2edd0457acc38cfa00792553bd71edb93179cd663bb11a8e2f,1.0,807f955f67672025,ok,222.23561440536716,True,True,cluster_00373,train,/home/dheirav/Code/Deepfake_Detection/deepfake-project/dataset_builder/train/ai_edited/c9jesbk_0.jpg
data_sources/ai_edited/IMD2020/c9jp25w_0.jpg,data_sources/ai_edited/IMD2020,ai_edited,615,402,1.5299,JPEG,171810,d801af7de3a3fe1f516f846eb26b97a7,1d13d47d997c07679793fecb352e9057fe07a2833b4ebf99d8c59afab7dd5f96,1.0,8efe9419e3c718a1,ok,248.68052376295867,True,True,cluster_01456,train,/home/dheirav/Code/Deepfake_Detection/deepfake-project/dataset_builder/train/ai_edited/c9jp25w_0.jpg
data_sources/ai_edited/IMD2020/c9jp5wt_0.jpg,data_sources/ai_edited/IMD2020,ai_edited,500,362,1.3812,JPEG,66206,01a15fd7a800f6b105cec398ef9ab852,80ecc452c1660c754bf0e3597f5efcfe5775ab9a1e965aab8e3af0cef754f7f6,1.0,b82f097ee65b2152,ok,982.1034031180671,True,True,cluster_01591,train,/home/dheirav/Code/Deepfake_Detection/deepfake-project/dataset_builder/train/ai_edited/c9jp5wt_0.jpg
data_sources/ai_edited/IMD2020/c9jpn76_0.jpg,data_sources/ai_edited/IMD2020,ai_edited,640,426,1.5023,JPEG,64898,6d7985c683c64835aa5265dbbd1e63ba,8529f2565fb37a8e6e6a9d4d11770b1ffe09f12e2d9af97a41ff0f3cc0e511e8,1.0,94566b2bebc90b8c,ok,618.5931520951888,True,True,cluster_01400,train,/home/dheirav/Code/Deepfake_Detection/deepfake-project/dataset_builder/train/ai_edited/c9jpn76_0.jpg
data_sources/ai_edited/IMD2020/c9jpr8z_0.jpg,data_sources/ai_edited/IMD2020,ai_edited,300,465,0.6452,JPEG,51446,2cf045a5de309866ba4be78612daa48c,bf787dbb3dd39e0a6792932e07c34634af099f13a7d68348ea5ac4dbdd73430f,1.0,eeac1c70709b3a6a,ok,3238.3035220770034,True,True,cluster_01641,train,/home/dheirav/Code/Deepfake_Detection/deepfake-project/dataset_builder/train/ai_edited/c9jpr8z_0.jpg
data_sources/ai_edited/IMD2020/c9jq15h_0.jpg,data_sources/ai_edited/IMD2020,ai_edited,589,550,1.0709,JPEG,41786,ea3833b1b6ec09938eb928a3f3d9dac2,f568bddcfa7f805153011bcfc2cf145dfe4bf1f10bcc2c0dc354e37f327d1fcb,1.0,92926d6c3f85c6c3,ok,187.3517672475652,True,True,cluster_01293,train,/home/dheirav/Code/Deepfake_Detection/deepfake-project/dataset_builder/train/ai_edited/c9jq15h_0.jpg
data_sources/ai_edited/IMD2020/c9jqshm_0.jpg,data_sources/ai_edited/IMD2020,ai_edited,800,600,1.3333,JPEG,201171,04f87c692e34633ec44bdfc218c9a0a0,c1843561e9b5e0c9a199a488d5c316807c1bf7048fbd20ccbda32665a42ffa82,1.0,96b4e1c39bd8d2d0,ok,193.14459731972224,True,True,cluster_00996,train,/home/dheirav/Code/Deepfake_Detection/deepfake-project/dataset_builder/train/ai_edited/c9jqshm_0.jpg
data_sources/ai_edited/IMD2020/c9jrs8t_0.jpg,data_sources/ai_edited/IMD2020,ai_edited,875,579,1.5112,JPEG,175026,cfa7a9f6262c75904021f5866fd829f9,d7f954657ceb0f3618f460d5ffb6870524a14c9b2eeacb9a783610c158c39977,1.0,e59f490b647e5618,ok,305.21126205953107,True,True,cluster_00964,train,/home/dheirav/Code/Deepfake_Detection/deepfake-project/dataset_builder/train/ai_edited/c9jrs8t_0.jpg
data_sources/ai_edited/IMD2020/c9jtkmu_0.jpg,data_sources/ai_edited/IMD2020,ai_edited,960,610,1.5738,JPEG,204434,b7e2707d905f45c19278c179d98bf14a,7b7e2d19fc53f66d7b01e5bff3c56c7e4f2b876c36e9a33c17e2c2a357fcbc75,1.0,868cd88353fb9c36,ok,1826.4121016861384,True,True,cluster_00862,train,/home/dheirav/Code/Deepfake_Detection/deepfake-project/dataset_builder/train/ai_edited/c9jtkmu_0.jpg
data_sources/ai_edited/IMD2020/c9juyz1_0.jpg,data_sources/ai_edited/IMD2020,ai_edited,960,720,1.3333,JPEG,211015,8133a5c857482dd7e1726569b54e0c05,4c54ef6bd6157d6055ca5ab98bad8ba6294047d1c0db91b9ee8003eb454c872e,1.0,8e8e8f6bbb931484,ok,358.55639306623675,True,True,cluster_00671,train,/home/dheirav/Code/Deepfake_Detection/deepfake-project/dataset_builder/train/ai_edited/c9juyz1_0.jpg
data_sources/ai_edited/IMD2020/c9jwdvv_0.jpg,data_sources/ai_edited/IMD2020,ai_edited,468,332,1.4096,JPEG,33002,4b64b84c9b92765baa5005ee40286cb8,389b0b3bde9691b2a5da4169fe408d37690b58239c7d88fc68a73f7d9c882719,1.0,994127f8e0afece0,ok,315.24262400800893,True,True,cluster_01627,train,/home/dheirav/Code/Deepfake_Detection/deepfake-project/dataset_builder/train/ai_edited/c9jwdvv_0.jpg
data_sources/ai_edited/IMD2020/c9k2es6_0.png,data_sources/ai_edited/IMD2020,ai_edited,640,480,1.3333,PNG,313926,dd44961e48d57450aa85254220e961a7,4d86729963eb3404e3a316915f562177d3de4880a3aa06f00a9f72e83f77693d,1.0,9a189b9c47de305e,ok,353.21096987300444,True,True,cluster_01329,train,/home/dheirav/Code/Deepfake_Detection/deepfake-project/dataset_builder/train/ai_edited/c9k2es6_0.png
data_sources/ai_edited/IMD2020/c9k2gmo_0.jpg,data_sources/ai_edited/IMD2020,ai_edited,505,592,0.853,JPEG,177094,29695b6bde15a5918384062d18f82fde,29896ff97751394ffbd86ca9fca15e4d0e1a35a62f4912e4e00ce454a752e284,1.0,9fd4d18d164e31d2,ok,2159.882583122864,True,True,cluster_01350,train,/home/dheirav/Code/Deepfake_Detection/deepfake-project/dataset_builder/train/ai_edited/c9k2gmo_0.jpg
data_sources/ai_edited/IMD2020/c9k5pqu_0.jpg,data_sources/ai_edited/IMD2020,ai_edited,555,807,0.6877,JPEG,113489,ad5a0baea5d8e2b44e8f0f4b311737d5,6753df06fcfdb7a081e47385f40ea5db452a9a78b5d81289a238565c8408edeb,1.0,8f4f71a0563f09b4,ok,628.0601091740491,True,True,cluster_01071,train,/home/dheirav/Code/Deepfake_Detection/deepfake-project/dataset_builder/train/ai_edited/c9k5pqu_0.jpg
data_sources/ai_edited/IMD2020/c9k9w0q_0.jpg,data_sources/ai_edited/IMD2020,ai_edited,480,480,1.0,JPEG,197596,ff47deb21aabf5cbcd928a331f39a628,86dcfb7893f2c42b96f050ac31ef712fc7e85e50a22bae42098752035b86f953,1.0,d0de2d229bd9c60e,ok,1809.3928183229045,True,True,cluster_01509,train,/home/dheirav/Code/Deepfake_Detection/deepfake-project/dataset_builder/train/ai_edited/c9k9w0q_0.jpg
data_sources/ai_edited/IMD2020/c9kirao_0.jpg,data_sources/ai_edited/IMD2020,ai_edited,960,640,1.5,JPEG,146924,9c57b9f60fa3e58e0f3b1698c6318d46,dc70f8da576393064773d6280cc0d4b46e7984efa446ecbd9198fa019412fbbc,1.0,b2e0cc4b5393d393,ok,323.8110937353531,True,True,cluster_00797,train,/home/dheirav/Code/Deepfake_Detection/deepfake-project/dataset_builder/train/ai_edited/c9kirao_0.jpg
data_sources/ai_edited/IMD2020/c9kjun7_0.jpg,data_sources/ai_edited/IMD2020,ai_edited,480,480,1.0,JPEG,199519,0f0ef06676a2ac551130171fee8c1330,4d5e0c82813e951d74fc96195ae336d91d14d1c330f1e100eacbd468151284e7,1.0,cc8c1b3b89edc29a,ok,1935.6042830384806,True,True,cluster_01508,train,/home/dheirav/Code/Deepfake_Detection/deepfake-project/dataset_builder/train/ai_edited/c9kjun7_0.jpg
data_sources/ai_edited/IMD2020/c9kkyc7_0.jpg,data_sources/ai_edited/IMD2020,ai_edited,955,632,1.5111,JPEG,203239,835adc71377e80202759d4ec0f19c64d,2fabf4d4959004626601efdeafd715ad85d304cd7c491d35ecd1a2819b149dd8,1.0,f4da87a43be414c3,ok,894.9265892745893,True,True,cluster_00835,train,/home/dheirav/Code/Deepfake_Detection/deepfake-project/dataset_builder/train/ai_edited/c9kkyc7_0.jpg
data_sources/ai_edited/IMD2020/c9kliff_0.jpg,data_sources/ai_edited/IMD2020,ai_edited,1920,1080,1.7778,JPEG,330142,26e2113bec1fccbba6f3c14aa0b0b640,b219c0633c418a2612e3362887ffd763c4b8d8d77948d7004bc624d59c73a2d2,1.0,c29537c0599f5599,ok,364.46849795653605,True,True,cluster_00159,train,/home/dheirav/Code/Deepfake_Detection/deepfake-project/dataset_builder/train/ai_edited/c9kliff_0.jpg
data_sources/ai_edited/IMD2020/c9kloca_0.jpg,data_sources/ai_edited/IMD2020,ai_edited,1000,668,1.497,JPEG,137026,c1ce79957cec25a86f6fdf831410f634,a7c0e7d6be89994ca8ea05f8d1bd084bfe73c1a27780b4e8126ec39d4b7fd92a,1.0,f2b6f0c9e819a187,ok,177.97036232833736,True,True,cluster_00726,train,/home/dheirav/Code/Deepfake_Detection/deepfake-project/dataset_builder/train/ai_edited/c9kloca_0.jpg
data_sources/ai_edited/IMD2020/c9kn5q6_0.png,data_sources/ai_edited/IMD2020,ai_edited,943,542,1.7399,PNG,649778,a2641e4ec790a3a5f4efb29395062683,f5fc8ed28993a5a8a2c92e5635903184c566d3d70eb6951d2ff6540e9c59038e,1.0,c03318e467acec77,ok,1847.837146426278,True,True,cluster_00955,train,/home/dheirav/Code/Deepfake_Detection/deepfake-project/dataset_builder/train/ai_edited/c9kn5q6_0.png
data_sources/ai_edited/IMD2020/c9kums5_0.jpg,data_sources/ai_edited/IMD2020,ai_edited,1920,1080,1.7778,JPEG,222961,0145a45ef866b06078320999a45d6979,de42ab88c4cbd8311ca33a7908a0e01d2e03aab5a1549e2d274952729ca68ad8,1.0,c2d531c07a9f5d0b,ok,230.32520286934982,True,True,cluster_00165,train,/home/dheirav/Code/Deepfake_Detection/deepfake-project/dataset_builder/train/ai_edited/c9kums5_0.jpg
data_sources/ai_edited/IMD2020/c9kwco4_0.png,data_sources/ai_edited/IMD2020,ai_edited,739,540,1.3685,PNG,267757,d5e93267bf0853dfaca812fe841872df,1af93bbda92345a4ab8e539ef3f9d369e08edb8c9f31209c5b30a65970dc9ed4,1.0,b833854e6397cd68,ok,299.1572711232746,True,True,cluster_01135,train,/home/dheirav/Code/Deepfake_Detection/deepfake-project/dataset_builder/train/ai_edited/c9kwco4_0.png
data_sources/ai_edited/IMD2020/c9kyp1k_0.jpg,data_sources/ai_edited/IMD2020,ai_edited,1920,1080,1.7778,JPEG,256582,46320e95b56439fb44fa1441060f9eee,bae0e191ff70e9772c30da47ce9c4a0e70ecd2160db80e20f7d6f420755ccadd,1.0,c29715c85a9fdd09,ok,375.6099041969859,True,True,cluster_00162,train,/home/dheirav/Code/Deepfake_Detection/deepfake-project/dataset_builder/train/ai_edited/c9kyp1k_0.jpg
data_sources/ai_edited/IMD2020/c9l20xa_0.jpg,data_sources/ai_edited/IMD2020,ai_edited,1500,1098,1.3661,JPEG,198357,cda6eb3c65aa8a598d77b6674281594f,60655dc004e9a0e6e3254ffc56fc1d3fcc3843dd62a852231d4d4cacf6cd7ec3,1.0,9efe3947c58c6098,ok,453.3042472786886,True,True,cluster_00235,train,/home/dheirav/Code/Deepfake_Detection/deepfake-project/dataset_builder/train/ai_edited/c9l20xa_0.jpg
data_sources/ai_edited/IMD2020/c9l7lmt_0.jpg,data_sources/ai_edited/IMD2020,ai_edited,1500,1081,1.3876,JPEG,408665,a76525fa747909dfbe36a88307a4c4fe,81cd3a9e2a39849a964c44d6525c28865f81436fc33199498ef965240533494d,1.0,b8cd138c7ea3c5b0,ok,217.60414600834096,True,True,cluster_00237,train,/home/dheirav/Code/Deepfake_Detection/deepfake-project/dataset_builder/train/ai_edited/c9l7lmt_0.jpg
data_sources/ai_edited/IMD2020/c9l7ppj_0.jpg,data_sources/ai_edited/IMD2020,ai_edited,555,313,1.7732,JPEG,98579,05a25c50b634049fadda2a9563a9278a,316572ab848c53d2c334010eb876f78260fc7598a10b37d864e23f929da7aeff,1.0,b348f02d8b52749f,ok,2086.733079868309,True,True,cluster_01600,train,/home/dheirav/Code/Deepfake_Detection/deepfake-project/dataset_builder/train/ai_edited/c9l7ppj_0.jpg
data_sources/ai_edited/IMD2020/c9l8c1u_0.png,data_sources/ai_edited/IMD2020,ai_edited,960,640,1.5,PNG,738545,6a8d3a1a8f8e455c7104dd0d6a4cb7e6,1ac8fd9e279dd811f1f15d988a474c775c3219a1f29469473ce6fe3b811fcd39,1.0,c8d29df54955aa92,ok,1064.6183485378583,True,True,cluster_00785,train,/home/dheirav/Code/Deepfake_Detection/deepfake-project/dataset_builder/train/ai_edited/c9l8c1u_0.png
data_sources/ai_edited/IMD2020/c9lkzn4_0.jpg,data_sources/ai_edited/IMD2020,ai_edited,800,574,1.3937,JPEG,164559,bb08efbcb09fd4b858ac56a1d7294f31,ea7e089b26b28e3d7db6ebf8971a71f9aff23df0d05bff4055e45b9c24eeda57,1.0,86bb87864b4591f3,ok,2193.562463549958,True,True,cluster_01036,train,/home/dheirav/Code/Deepfake_Detection/deepfake-project/dataset_builder/train/ai_edited/c9lkzn4_0.jpg
data_sources/ai_edited/IMD2020/c9ln0pg_0.jpg,data_sources/ai_edited/IMD2020,ai_edited,4015,2532,1.5857,JPEG,612818,2e73307785d67e333be621bd707fa3d6,ab3605a8fb765a001811f3044fa007a1071fbbf301664c2226578dd0ff7e3f3c,1.0,f6e9c954ac1294ab,ok,105.93090464451205,True,True,cluster_00004,train,/home/dheirav/Code/Deepfake_Detection/deepfake-project/dataset_builder/train/ai_edited/c9ln0pg_0.jpg
data_sources/ai_edited/IMD2020/c9lnb0l_0.jpg,data_sources/ai_edited/IMD2020,ai_edited,1600,1147,1.3949,JPEG,267897,bc944e74ef96cbab89fa0e72101ce7f5,83123319719524c7dceab6165bd6af0e624d62fa413b14b7c02e11446a0c1b42,1.0,849b8d846b67c1f3,ok,591.2896924953906,True,True,cluster_00202,train,/home/dheirav/Code/Deepfake_Detection/deepfake-project/dataset_builder/train/ai_edited/c9lnb0l_0.jpg
data_sources/ai_edited/IMD2020/c9lnfms_0.jpg,data_sources/ai_edited/IMD2020,ai_edited,1600,1066,1.5009,JPEG,447734,bccd8a51fb6066bf3c8d337341e9e844,bd7a15be31838c3bdc8bf657a9a055dc043509f2ce05d8c5e5df7be35bb65375,1.0,b48f89365f4cc09b,ok,616.0385077895096,True,True,cluster_00223,train,/home/dheirav/Code/Deepfake_Detection/deepfake-project/dataset_builder/train/ai_edited/c9lnfms_0.jpg
data_sources/ai_edited/IMD2020/c9lnnea_0.jpg,data_sources/ai_edited/IMD2020,ai_edited,1743,2560,0.6809,JPEG,538619,c19308b9bd7d787c53a64b295c482a0d,eeb8ba478db976ecc22d4c44a11cd42d4c075d6395284b12378cc25307107a85,1.0,85c4ca7375974b4a,ok,415.04695959620676,True,True,cluster_00042,train,/home/dheirav/Code/Deepfake_Detection/deepfake-project/dataset_builder/train/ai_edited/c9lnnea_0.jpg
data_sources/ai_edited/IMD2020/c9lqbfv_0.jpg,data_sources/ai_edited/IMD2020,ai_edited,960,700,1.3714,JPEG,133674,fe89e875d6eec1d39fd27de4efcb32e2,0ae8a5588aa3680dbcf083f61880d5f32b5574ad56e5e7250f7bf6a9baefba92,1.0,8d33967ad36d3092,ok,370.7589210086606,True,True,cluster_00715,train,/home/dheirav/Code/Deepfake_Detection/deepfake-project/dataset_builder/train/ai_edited/c9lqbfv_0.jpg
data_sources/ai_edited/IMD2020/c9lqecr_0.png,data_sources/ai_edited/IMD2020,ai_edited,1024,768,1.3333,PNG,564277,a72674e2e63d1826062d360e3addff44,48f27ccafa5d108ff4281241670de9ff62163af64d9d0723e38a367be91a38f6,1.0,f9cb0fee39682122,ok,144.66452525049036,True,True,cluster_00537,train,/home/dheirav/Code/Deepfake_Detection/deepfake-project/dataset_builder/train/ai_edited/c9lqecr_0.png
data_sources/ai_edited/IMD2020/c9lt1dp_0.jpg,data_sources/ai_edited/IMD2020,ai_edited,4000,2666,1.5004,JPEG,624636,6cb9cf6578144b0be12632e4a82231bb,5b3810ef3ea88cbb93e335f95df542582f8739c7849f69ef4c1082d30b454636,1.0,b28fc936274c58d3,ok,104.7265769837005,True,True,cluster_00002,train,/home/dheirav/Code/Deepfake_Detection/deepfake-project/dataset_builder/train/ai_edited/c9lt1dp_0.jpg
data_sources/ai_edited/IMD2020/c9ltbe6_0.jpg,data_sources/ai_edited/IMD2020,ai_edited,1600,1147,1.3949,JPEG,440851,d8943e8a5efc91beaec666e4e1353f79,eb3ad1866431520ff9a3afbd65236c1d97e785fc8c8b6547e234a44e870ea32f,1.0,849b8f8c526dc1f3,ok,926.7653867818342,True,True,cluster_00201,train,/home/dheirav/Code/Deepfake_Detection/deepfake-project/dataset_builder/train/ai_edited/c9ltbe6_0.jpg
data_sources/ai_edited/IMD2020/c9ltxrr_0.jpg,data_sources/ai_edited/IMD2020,ai_edited,1280,720,1.7778,JPEG,258234,00fe8b337753b91b1bff239afca053a3,7d5107205ce6cd956b11b12996bef9ba94e65fbc151adad3123d27c24e7db5d0,1.0,99d989cbca9cae84,ok,96.49292352648017,True,True,cluster_00436,train,/home/dheirav/Code/Deepfake_Detection/deepfake-project/dataset_builder/train/ai_edited/c9ltxrr_0.jpg
data_sources/ai_edited/IMD2020/c9lvns7_0.jpg,data_sources/ai_edited/IMD2020,ai_edited,850,637,1.3344,JPEG,50358,c54a509ffcbb19e2ae8e0ebfa9f894cb,d9a028d7195a96ee275fe6fcb9addd77fffbab5559489c31e08ae7b9da46dccb,1.0,b6c3cb30c19b39cc,ok,204.8649293497542,True,True,cluster_00914,train,/home/dheirav/Code/Deepfake_Detection/deepfake-project/dataset_builder/train/ai_edited/c9lvns7_0.jpg
data_sources/ai_edited/IMD2020/c9m59bz_0.jpg,data_sources/ai_edited/IMD2020,ai_edited,500,332,1.506,JPEG,49825,7dc288910c703ed8b539c16c29106580,2d6fddfe3846299417a830022c780785d376ae58598284a2499132aefc063434,1.0,c186a62ba7ccda33,ok,415.5066934887502,True,True,cluster_01614,train,/home/dheirav/Code/Deepfake_Detection/deepfake-project/dataset_builder/train/ai_edited/c9m59bz_0.jpg
data_sources/ai_edited/IMD2020/c9m99xu_0.jpg,data_sources/ai_edited/IMD2020,ai_edited,532,800,0.665,JPEG,73611,ad6b2cef08455f968b322939dabda392,9281b8a2205fb24fbc5eef421b7ca374556d0c928a66b901b0939fd3ed833b64,1.0,ad3699ca71234e36,ok,400.1986522320932,True,True,cluster_01099,train,/home/dheirav/Code/Deepfake_Detection/deepfake-project/dataset_builder/train/ai_edited/c9m99xu_0.jpg
data_sources/ai_edited/IMD2020/c9mdh2i_0.jpg,data_sources/ai_edited/IMD2020,ai_edited,535,800,0.6687,JPEG,187399,cf0ebf1e412a79d38e6a1c68875e9288,fd9c5c85d318574cbf9bb60eadfdde5ccb1f34143158ac28dfff4fc72bd8bb3d,1.0,d951e564665b9e18,ok,11050.998066112672,True,True,cluster_01091,train,/home/dheirav/Code/Deepfake_Detection/deepfake-project/dataset_builder/train/ai_edited/c9mdh2i_0.jpg
data_sources/ai_edited/IMD2020/c9mfypt_0.jpg,data_sources/ai_edited/IMD2020,ai_edited,1024,717,1.4282,JPEG,116299,f9dfe0499c756ad990ae14d3cccbb2ff,9b0f906d505fdfc58d975087f5488221ba8b7b6acbe66bf900537bf62523f47e,1.0,bfd5c1418a2e147d,ok,2031.580770977502,True,True,cluster_00602,train,/home/dheirav/Code/Deepfake_Detection/deepfake-project/dataset_builder/train/ai_edited/c9mfypt_0.jpg
data_sources/ai_edited/IMD2020/c9mpeuk_0.jpg,data_sources/ai_edited/IMD2020,ai_edited,1024,717,1.4282,JPEG,125295,a6d83515048a4b6c30ee2287ef78b83c,83a9ac17931199af61dbf79ac5a8cf0f8397789bc9a2c32f7098f249b02cadd7,1.0,bf94c141ca2e453f,ok,1272.2298734940077,True,True,cluster_00601,train,/home/dheirav/Code/Deepfake_Detection/deepfake-project/dataset_builder/train/ai_edited/c9mpeuk_0.jpg
data_sources/ai_edited/IMD2020/c9n1skr_0.jpg,data_sources/ai_edited/IMD2020,ai_edited,1280,720,1.7778,JPEG,195347,ae3e557bec2094be0d900c7dca9157ef,499cbf9c888e03f8c1cfcbe45ebd5b6761b7faf24dfb58a5eb6a243140e479f2,1.0,971b8ce4e3cb5870,ok,619.1030438155375,True,True,cluster_00437,train,/home/dheirav/Code/Deepfake_Detection/deepfake-project/dataset_builder/train/ai_edited/c9n1skr_0.jpg
data_sources/ai_edited/IMD2020/c9n4bm5_0.jpg,data_sources/ai_edited/IMD2020,ai_edited,800,600,1.3333,JPEG,138843,2d4703b696bcf3767b545e07545e2ed2,ba2ba18c2091ec9b462c3d68e597b8805574863caf36b13b4c70c92da04a1977,1.0,bb84c53a903ec16f,ok,427.0630164678993,True,True,cluster_01001,train,/home/dheirav/Code/Deepfake_Detection/deepfake-project/dataset_builder/train/ai_edited/c9n4bm5_0.jpg
data_sources/ai_edited/IMD2020/c9n70f3_0.jpg,data_sources/ai_edited/IMD2020,ai_edited,2048,2048,1.0,JPEG,438619,aa07ec867e3160bd21e843a43f2616a3,a54b774dbc894c328d113b20845610e6870360f47a37aeb5ae704b4140570620,1.0,f3b14cce39d1830b,ok,217.7302622547495,True,True,cluster_00044,train,/home/dheirav/Code/Deepfake_Detection/deepfake-project/dataset_builder/train/ai_edited/c9n70f3_0.jpg
data_sources/ai_edited/IMD2020/c9n9bnt_0.jpg,data_sources/ai_edited/IMD2020,ai_edited,1147,860,1.3337,JPEG,143076,9e10d089e7e6bcd0a5d094858c0534e3,dfa316dea1be9ce9089ce1b3681a1c475601a43018e1e884cb9bbebcbdc15cd1,1.0,ee6f393004467b78,ok,429.09117655477985,True,True,cluster_00389,train,/home/dheirav/Code/Deepfake_Detection/deepfake-project/dataset_builder/train/ai_edited/c9n9bnt_0.jpg
data_sources/ai_edited/IMD2020/c9ne5m1_0.png,data_sources/ai_edited/IMD2020,ai_edited,1280,720,1.7778,PNG,616024,72f00a6d0e326c2155a26da1d7b99c18,39a1318835aea6517099338af98c52cf5e94a0cda4b92d066d77dec6f68b63d9,1.0,c78c3a0f5330f0de,ok,118.44020015597756,True,True,cluster_00433,train,/home/dheirav/Code/Deepfake_Detection/deepfake-project/dataset_builder/train/ai_edited/c9ne5m1_0.png
data_sources/ai_edited/IMD2020/c9nf4zp_0.jpg,data_sources/ai_edited/IMD2020,ai_edited,1500,1000,1.5,JPEG,240931,4e6547636fb9a3a953f883ca11034165,dbfc694b5f22c9bc279b3455f0a66c9e31fb68689fa2f0448eab0897b933bbc0,1.0,c033366698f31dce,ok,199.02778622753954,True,True,cluster_00263,train,/home/dheirav/Code/Deepfake_Detection/deepfake-project/dataset_builder/train/ai_edited/c9nf4zp_0.jpg
data_sources/ai_edited/IMD2020/c9nfts5_0.jpg,data_sources/ai_edited/IMD2020,ai_edited,537,720,0.7458,JPEG,119401,ef9cee329adcd2b1096e9ee20b70a8f1,62a712201389ef3195f0e88edd3b48ac949d011a2dca5a04a23440554f6384ae,1.0,c7a944f6f802a4f9,ok,1043.9084499517487,True,True,cluster_01166,train,/home/dheirav/Code/Deepfake_Detection/deepfake-project/dataset_builder/train/ai_edited/c9nfts5_0.jpg
data_sources/ai_edited/IMD2020/c9ni4dr_0.jpg,data_sources/ai_edited/IMD2020,ai_edited,2948,1965,1.5003,JPEG,698752,bfb159294503c4dc6076ab3946e02599,a0b4fb134c3bf0e52e25d98add7d50adb5be912f26659a1d473dd38ca41e8d79,1.0,b2adf312c501939f,ok,316.0161076525013,True,True,cluster_00017,train,/home/dheirav/Code/Deepfake_Detection/deepfake-project/dataset_builder/train/ai_edited/c9ni4dr_0.jpg
data_sources/ai_edited/IMD2020/c9nks0m_0.jpg,data_sources/ai_edited/IMD2020,ai_edited,1600,1067,1.4995,JPEG,293362,10a5abe383409b3a4042a15dc2f44250,b98abbe4476325e1b14ba530789f7dff96cab88f9fe6a4c61160e0af39b1845c,1.0,f22858b3e3dc49b4,ok,328.66335152016694,True,True,cluster_00220,train,/home/dheirav/Code/Deepfake_Detection/deepfake-project/dataset_builder/train/ai_edited/c9nks0m_0.jpg
data_sources/ai_edited/IMD2020/c9ntuji_0.jpg,data_sources/ai_edited/IMD2020,ai_edited,1267,793,1.5977,JPEG,157528,d9b9ec538bdae0e9d31cfbb5819ced05,930aff9c812b3e4b75fa39075e6811a80fabb58e8fd77a72fdbfe834f25de51d,1.0,b84c4f98bc0679d9,ok,211.47502861751408,True,True,cluster_00381,train,/home/dheirav/Code/Deepfake_Detection/deepfake-project/dataset_builder/train/ai_edited/c9ntuji_0.jpg
data_sources/ai_edited/IMD2020/c9nuh5z_0.jpg,data_sources/ai_edited/IMD2020,ai_edited,500,333,1.5015,JPEG,51050,3546daa0a48b66ffdf75ec61ba5626c9,bb1dc734d93351609512722e5dab56fdcfa3d64c79926a7c7f7978d5d07da697,1.0,b921164b79e3ce8a,ok,1259.9641349018927,True,True,cluster_01613,train,/home/dheirav/Code/Deepfake_Detection/deepfake-project/dataset_builder/train/ai_edited/c9nuh5z_0.jpg
data_sources/ai_edited/IMD2020/c9nuhbj_0.jpg,data_sources/ai_edited/IMD2020,ai_edited,1500,1125,1.3333,JPEG,276571,7596419421589da94894fe89ecbc0a9a,2f341b8c73dbc2a6ffca296ae94e8b7199504c432dd114b865290a7d795aba49,1.0,abc3d05998d81dc7,ok,137.11691075078707,True,True,cluster_00230,train,/home/dheirav/Code/Deepfake_Detection/deepfake-project/dataset_builder/train/ai_edited/c9nuhbj_0.jpg
data_sources/ai_edited/IMD2020/c9nvnky_0.jpg,data_sources/ai_edited/IMD2020,ai_edited,960,689,1.3933,JPEG,220782,12b305848b17af7b6999de6c77da135b,a67cb9b5496ddaf468b0de32a15d1d3f5156b12b19e552196afac6936b630452,1.0,b3ca689c4a63b3d8,ok,507.40086617186273,True,True,cluster_00744,train,/home/dheirav/Code/Deepfake_Detection/deepfake-project/dataset_builder/train/ai_edited/c9nvnky_0.jpg
data_sources/ai_edited/IMD2020/c9nw6k4_0.jpg,data_sources/ai_edited/IMD2020,ai_edited,960,689,1.3933,JPEG,162025,d7849894f21db82ef2bd19f959f567a3,a581836a016b616fe8db55f92af43ccbce28f582a4a1001e46c1e79fe024fdd6,1.0,b7ca4c9c4823b3f8,ok,504.93026729514946,True,True,cluster_00747,train,/home/dheirav/Code/Deepfake_Detection/deepfake-project/dataset_builder/train/ai_edited/c9nw6k4_0.jpg
data_sources/ai_edited/IMD2020/c9nwdn2_0.jpg,data_sources/ai_edited/IMD2020,ai_edited,1500,1125,1.3333,JPEG,280263,fe28ce34494f418e22d5434e04fadf79,2c0168994a35cfb1630835077efc9264bee045f7d65050b286bdea32bd85475a,1.0,8943d05898da3fd7,ok,265.13222631821344,True,True,cluster_00229,train,/home/dheirav/Code/Deepfake_Detection/deepfake-project/dataset_builder/train/ai_edited/c9nwdn2_0.jpg
data_sources/ai_edited/IMD2020/c9nxj2d_0.jpg,data_sources/ai_edited/IMD2020,ai_edited,706,523,1.3499,JPEG,79720,d814e4ec720c4fe29c7fc52c53fb314a,a94541844eec7794942aea8fa9595a650254232a30f9d437f909adc5df58e034,1.0,b6dcc99967b45068,ok,592.0514917770772,True,True,cluster_01198,train,/home/dheirav/Code/Deepfake_Detection/deepfake-project/dataset_builder/train/ai_edited/c9nxj2d_0.jpg
data_sources/ai_edited/IMD2020/c9nxumx_0.jpg,data_sources/ai_edited/IMD2020,ai_edited,529,794,0.6662,JPEG,81090,77103bd7c260f5ece2010a9ebdfdbfb2,40d2ab48850b1edd33dd59f1902495b8350ba247d49363bfea6a1e44813ece83,1.0,ec47cb72636c91c1,ok,97.97663469538575,True,True,cluster_01111,train,/home/dheirav/Code/Deepfake_Detection/deepfake-project/dataset_builder/train/ai_edited/c9nxumx_0.jpg
data_sources/ai_edited/IMD2020/c9nz0zs_0.jpg,data_sources/ai_edited/IMD2020,ai_edited,956,636,1.5031,JPEG,148870,552e8517456055d7c0d108e6dda4c745,aa5a387e02b74ac445f39da570c6a7f50f0533abda4dfbbfb9698466dc6371bd,1.0,f09c96f5c74344d8,ok,617.5104139156645,True,True,cluster_00827,train,/home/dheirav/Code/Deepfake_Detection/deepfake-project/dataset_builder/train/ai_edited/c9nz0zs_0.jpg
data_sources/ai_edited/IMD2020/c9o0hnh_0.jpg,data_sources/ai_edited/IMD2020,ai_edited,960,689,1.3933,JPEG,139214,e3987fe8afb9f6b05ce6b0ac274eb2af,18a8acc6b41fb36f60592203d4557552128525674340baec847c0e4929097003,1.0,b78a66945865a2fa,ok,620.3861306305965,True,True,cluster_00748,train,/home/dheirav/Code/Deepfake_Detection/deepfake-project/dataset_builder/train/ai_edited/c9o0hnh_0.jpg
data_sources/ai_edited/IMD2020/c9o1y6b_0.jpg,data_sources/ai_edited/IMD2020,ai_edited,635,955,0.6649,JPEG,136493,70573f187b66e933f288182b7ab6cee4,1e7ac84e195c5d2396c93f68104189999022c1422b96d3af7fd59f6a10b27f79,1.0,c34befc4523ea431,ok,212.1324204644542,True,True,cluster_00832,train,/home/dheirav/Code/Deepfake_Detection/deepfake-project/dataset_builder/train/ai_edited/c9o1y6b_0.jpg
data_sources/ai_edited/IMD2020/c9o3z78_0.jpg,data_sources/ai_edited/IMD2020,ai_edited,960,689,1.3933,JPEG,204388,310384a5ab2547719fdb24b0d471fd05,abe02073740c16bee926af834a83f638ec83a37c58f4f1c44d728a0f29eca5ab,1.0,b3ca4c9c4a67b2d8,ok,452.19883726523483,True,True,cluster_00746,train,/home/dheirav/Code/Deepfake_Detection/deepfake-project/dataset_builder/train/ai_edited/c9o3z78_0.jpg
data_sources/ai_edited/IMD2020/c9o4h65_0.jpg,data_sources/ai_edited/IMD2020,ai_edited,960,636,1.5094,JPEG,174201,28bacf5e50beda5ee9ebb366770dd37b,cbd9c32f7f8954d934794565e646b17dfbbb56d51bf2c25a2d6ccd31929ae7c8,1.0,e38c96f517033ec8,ok,377.6785537104181,True,True,cluster_00822,train,/home/dheirav/Code/Deepfake_Detection/deepfake-project/dataset_builder/train/ai_edited/c9o4h65_0.jpg
data_sources/ai_edited/IMD2020/c9o51n8_0.jpg,data_sources/ai_edited/IMD2020,ai_edited,900,738,1.2195,JPEG,126381,4392bdd0548047639387d9338a6ed0ac,78bfb353972c6fb41d776276ef6ba4804b40477733d7a4410a249b37ba7e781d,1.0,d0b13d49c636e9c3,ok,163.06138360080448,True,True,cluster_00742,train,/home/dheirav/Code/Deepfake_Detection/deepfake-project/dataset_builder/train/ai_edited/c9o51n8_0.jpg
data_sources/ai_edited/IMD2020/c9o6082_0.jpg,data_sources/ai_edited/IMD2020,ai_edited,900,884,1.0181,JPEG,178777,d209acadc61937cf7003667b403806b3,a926ad821408ec251a92063d39fc32dd2caeca29617580a22155f0a02ea71104,1.0,cccd8442c7b1f68d,ok,246.6881528316737,True,True,cluster_00535,train,/home/dheirav/Code/Deepfake_Detection/deepfake-project/dataset_builder/train/ai_edited/c9o6082_0.jpg
data_sources/ai_edited/IMD2020/c9o979d_0.jpg,data_sources/ai_edited/IMD2020,ai_edited,800,1067,0.7498,JPEG,126257,6bc2f3c772e2d8626da876faf9810529,f637ffef3e056cfaf10f5ac7b82fdbd8d30f18c64fb5c3b9104d5531a7b79fa0,1.0,fc4c5a3bc037c334,ok,412.818448538787,True,True,cluster_00500,train,/home/dheirav/Code/Deepfake_Detection/deepfake-project/dataset_builder/train/ai_edited/c9o979d_0.jpg
data_sources/ai_edited/IMD2020/c9oc4q6_0.jpg,data_sources/ai_edited/IMD2020,ai_edited,590,443,1.3318,JPEG,227474,5cbefb148aea43550f2cf4591d47385b,93228d8ecd65ff471b651300a3d7a5490867be680db569bd866e9ca44fcf3b3e,1.0,9b686c29e7589b92,ok,647.7384813633297,True,True,cluster_01437,train,/home/dheirav/Code/Deepfake_Detection/deepfake-project/dataset_builder/train/ai_edited/c9oc4q6_0.jpg
data_sources/ai_edited/IMD2020/c9ocka2_0.png,data_sources/ai_edited/IMD2020,ai_edited,298,286,1.042,PNG,177853,1b813400d884849143cac91c90bbf6be,5669dda34496cd5e307206109af3f3384ed0bae6e6b1b0a39de28b0f86dd1b4a,1.0,d824e6591dcb69a6,ok,1515.4792289480604,True,True,cluster_01663,train,/home/dheirav/Code/Deepfake_Detection/deepfake-project/dataset_builder/train/ai_edited/c9ocka2_0.png
data_sources/ai_edited/IMD2020/c9octsz_0.jpg,data_sources/ai_edited/IMD2020,ai_edited,1796,1142,1.5727,JPEG,356880,a7a17db7765568c27bf8bb757e8b3be9,cea0412690b617392fcb122c88422677a5faf3243a737fa07aed45890363ba17,1.0,83b660badde0589d,ok,127.09733643166514,True,True,cluster_00168,train,/home/dheirav/Code/Deepfake_Detection/deepfake-project/dataset_builder/train/ai_edited/c9octsz_0.jpg
data_sources/ai_edited/IMD2020/c9odpwo_0.jpg,data_sources/ai_edited/IMD2020,ai_edited,634,931,0.681,JPEG,100200,e001f0de9d2dff8da4af998d45d01074,d7d246d1cd234ddd1bef82ce14ea880e6e4e835454abca8b16ddd8dd8bd709ce,1.0,d459cb2e599462cb,ok,379.3098025464451,True,True,cluster_00849,train,/home/dheirav/Code/Deepfake_Detection/deepfake-project/dataset_builder/train/ai_edited/c9odpwo_0.jpg
data_sources/ai_edited/IMD2020/c9oe4ae_0.jpg,data_sources/ai_edited/IMD2020,ai_edited,1389,1509,0.9205,JPEG,425673,d4367d8c54612228acee47b2ae95fb97,34481b45fba18eb7159668687e558c31e01f4bbe39c883c5e175ee33cc477af3,1.0,b34c4d667239ccc6,ok,159.27175033759946,True,True,cluster_00147,train,/home/dheirav/Code/Deepfake_Detection/deepfake-project/dataset_builder/train/ai_edited/c9oe4ae_0.jpg
data_sources/ai_edited/IMD2020/c9ogiu1_0.jpg,data_sources/ai_edited/IMD2020,ai_edited,1136,1019,1.1148,JPEG,214542,815ed0e54307204c54136dfbb15b5774,29fae03145c7d95aecf3c4490a78cf6c6ac1ee8e3364289ae2061fd30c0b82e5,1.0,b0cab5c81aa7a9da,ok,101.6029348275328,True,True,cluster_00339,train,/home/dheirav/Code/Deepfake_Detection/deepfake-project/dataset_builder/train/ai_edited/c9ogiu1_0.jpg
data_sources/ai_edited/IMD2020/c9oiun2_0.jpg,data_sources/ai_edited/IMD2020,ai_edited,1024,674,1.5193,JPEG,188692,ef34b17139e054ca291406c2627b68d8,e8c7db25f9ff6a5418a5b4bf668ea7d28eb518a5b8621fc9c4707252baa23d25,1.0,bf92c3ecc4c930f0,ok,510.17095836366525,True,True,cluster_00703,train,/home/dheirav/Code/Deepfake_Detection/deepfake-project/dataset_builder/train/ai_edited/c9oiun2_0.jpg
data_sources/ai_edited/IMD2020/c9ojssa_0.jpg,data_sources/ai_edited/IMD2020,ai_edited,720,720,1.0,JPEG,236670,b575939c5da99b61bea30a7afb63f66d,08a5c356e2fca59fd116f49dbf42b3cbbe45a129e8192133fe05fa46cd08a3b4,1.0,acf4c3039179cb96,ok,274.8138867388104,True,True,cluster_00947,train,/home/dheirav/Code/Deepfake_Detection/deepfake-project/dataset_builder/train/ai_edited/c9ojssa_0.jpg
data_sources/ai_edited/IMD2020/c9omlsl_0.jpg,data_sources/ai_edited/IMD2020,ai_edited,1024,682,1.5015,JPEG,128913,b8491c6010b616ab038eb8385ce3f26a,7c9d4c76897bca70a3587c09274934fa6e1fc13c650fa6f2ba09e1c6c69d1cdd,1.0,e5fde0421ae20f33,ok,720.6770135847659,True,True,cluster_00650,train,/home/dheirav/Code/Deepfake_Detection/deepfake-project/dataset_builder/train/ai_edited/c9omlsl_0.jpg
data_sources/ai_edited/IMD2020/c9orhl5_0.jpg,data_sources/ai_edited/IMD2020,ai_edited,2048,1358,1.5081,JPEG,596968,99ee2a34f5c8a8c4f63f59b13bdadb47,dba5d253b00fce7701ccb80d087326a90d5586d5677217f02edaf24533c2debf,1.0,98a7f8591629e6c9,ok,415.1662752515275,True,True,cluster_00095,train,/home/dheirav/Code/Deepfake_Detection/deepfake-project/dataset_builder/train/ai_edited/c9orhl5_0.jpg
data_sources/ai_edited/IMD2020/c9os1tp_0.jpg,data_sources/ai_edited/IMD2020,ai_edited,1086,720,1.5083,JPEG,267177,118028abeabea888e11288c0f85e7bde,54a24756021a5361b095036cd94d7d51caf8321f76fe1d2723f1c3510ad49d44,1.0,9ce3bc5056a1edd0,ok,2594.1046383030753,True,True,cluster_00564,train,/home/dheirav/Code/Deepfake_Detection/deepfake-project/dataset_builder/train/ai_edited/c9os1tp_0.jpg
data_sources/ai_edited/IMD2020/c9os3m3_0.jpg,data_sources/ai_edited/IMD2020,ai_edited,2048,1358,1.5081,JPEG,599613,ab2e8e91160f4c563bbaac5edc38b01a,f34b3cc9e7d69d55074262c4910e73a6540f7af48dfcb757890e5cc7e63de27f,1.0,9ce3b05056a1efd4,ok,766.1442797790704,True,True,cluster_00094,train,/home/dheirav/Code/Deepfake_Detection/deepfake-project/dataset_builder/train/ai_edited/c9os3m3_0.jpg
data_sources/ai_edited/IMD2020/c9owniu_0.jpg,data_sources/ai_edited/IMD2020,ai_edited,1500,967,1.5512,JPEG,504636,a0a4e46c0682ecde4e6a09aa9c5d647d,01da4f22e554b681239256d7c489a8a01aa299c738db124c4e686df5f235ec4d,1.0,8be9e331e1746626,ok,630.8752333807565,True,True,cluster_00269,train,/home/dheirav/Code/Deepfake_Detection/deepfake-project/dataset_builder/train/ai_edited/c9owniu_0.jpg
data_sources/ai_edited/IMD2020/c9oz87d_0.jpg,data_sources/ai_edited/IMD2020,ai_edited,2000,1426,1.4025,JPEG,669584,41f3191b49a7e6f908b6a85355b7e826,d9279e13787d3d6acb38111e00562330741c1ee6566e19f97b4fda985ea5bc68,1.0,dede30648fed0161,ok,724.193400177882,True,True,cluster_00082,train,/home/dheirav/Code/Deepfake_Detection/deepfake-project/dataset_builder/train/ai_edited/c9oz87d_0.jpg
data_sources/ai_edited/IMD2020/c9ozajr_0.jpg,data_sources/ai_edited/IMD2020,ai_edited,2000,1426,1.4025,JPEG,556123,d6dfebac3f0092d270c1400a31888db3,0e3430bc8f2707984200a3f48abd5b6babaa4e9b2f2d262aa290241eda09b851,1.0,d5acd8d1d5958c8c,ok,265.9362036689726,True,True,cluster_00083,train,/home/dheirav/Code/Deepfake_Detection/deepfake-project/dataset_builder/train/ai_edited/c9ozajr_0.jpg
data_sources/ai_edited/IMD2020/c9ozb2v_0.jpg,data_sources/ai_edited/IMD2020,ai_edited,800,1040,0.7692,JPEG,146650,58d3f916fa9acac2faed65694dea90a1,dd253fa33fa0ccf50af50942089f039167ced10f68d095c43640677988f19432,1.0,b1bf6066714d6398,ok,252.3168134987735,True,True,cluster_00507,train,/home/dheirav/Code/Deepfake_Detection/deepfake-project/dataset_builder/train/ai_edited/c9ozb2v_0.jpg
data_sources/ai_edited/IMD2020/c9p0mfv_0.jpg,data_sources/ai_edited/IMD2020,ai_edited,1500,967,1.5512,JPEG,262399,14f502f7ba69985722998b893fd27532,f6be237a3d0cbd9e86f4ee59377e4963ab4ae3d03d0d1406b8a0d5f5b9c77ce7,1.0,8be1e331e1747626,ok,1155.6529729972199,True,True,cluster_00271,train,/home/dheirav/Code/Deepfake_Detection/deepfake-project/dataset_builder/train/ai_edited/c9p0mfv_0.jpg
data_sources/ai_edited/IMD2020/c9p282z_0.jpg,data_sources/ai_edited/IMD2020,ai_edited,538,359,1.4986,JPEG,185698,ad13a31cb0498a8072f5a80d4be43141,827b3fc5d506ca560b835481af84f150f00087930fab9002e07bd176249462ab,1.0,b699391bf225f806,ok,2344.822596845844,True,True,cluster_01563,train,/home/dheirav/Code/Deepfake_Detection/deepfake-project/dataset_builder/train/ai_edited/c9p282z_0.jpg
data_sources/ai_edited/IMD2020/c9pgi5r_0.jpg,data_sources/ai_edited/IMD2020,ai_edited,2661,1860,1.4306,JPEG,376083,3c4924a9cfc126257048e62d4f19ddb8,2b0703e83919cb97738dbfdb96d1143b8c713f26e10b9cd457086b648741e011,1.0,aca9c31fac3863c6,ok,82.85161834477584,True,True,cluster_00031,train,/home/dheirav/Code/Deepfake_Detection/deepfake-project/dataset_builder/train/ai_edited/c9pgi5r_0.jpg
data_sources/ai_edited/IMD2020/c9pgyxl_0.jpg,data_sources/ai_edited/IMD2020,ai_edited,640,960,0.6667,JPEG,121767,a62abdc07f8c4a9734cda29702d9eac3,4efde0a1e0302a5e1b951afb40882bbf15e29b180100b55cd42f3c0fed17d9c5,1.0,95494937756aaad1,ok,607.4558237209293,True,True,cluster_00799,train,/home/dheirav/Code/Deepfake_Detection/deepfake-project/dataset_builder/train/ai_edited/c9pgyxl_0.jpg
data_sources/ai_edited/IMD2020/c9pmle5_0.jpg,data_sources/ai_edited/IMD2020,ai_edited,960,540,1.7778,JPEG,53127,3f79527be27fcc97f2d7bb0a0525198c,986c98a1654e453d97dc340c8946b1d54e998399f47a5a6d579fb420b4aa1da0,1.0,a3c758799ea9384c,ok,105.2170097017674,True,True,cluster_00952,train,/home/dheirav/Code/Deepfake_Detection/deepfake-project/dataset_builder/train/ai_edited/c9pmle5_0.jpg
data_sources/ai_edited/IMD2020/c9pn1gz_0.jpg,data_sources/ai_edited/IMD2020,ai_edited,3263,1839,1.7743,JPEG,656658,4da2d2070afdcf91775d33ff5c11cf7e,100a694bbbbc48f70a60665bb6657ca5800acbb6bb56bdc1e8951702a79db493,1.0,9999b2a7242cc977,ok,263.05115220142886,True,True,cluster_00015,train,/home/dheirav/Code/Deepfake_Detection/deepfake-project/dataset_builder/train/ai_edited/c9pn1gz_0.jpg
data_sources/ai_edited/IMD2020/c9pnr75_0.jpg,data_sources/ai_edited/IMD2020,ai_edited,1632,920,1.7739,JPEG,288480,ab9cc03e24e6829ec59514a13c75618b,5c74a67082a6a03d42a7cb47d5aab122b263208fef242e47f7fa7708afa20d0a,1.0,9899b0a22d6cd9bb,ok,3159.8688537848475,True,True,cluster_00258,train,/home/dheirav/Code/Deepfake_Detection/deepfake-project/dataset_builder/train/ai_edited/c9pnr75_0.jpg
data_sources/ai_edited/IMD2020/c9pnuvp_0.jpg,data_sources/ai_edited/IMD2020,ai_edited,1632,920,1.7739,JPEG,432676,996f7495fbfa9ab9b3d706c8eeca3166,d3bc98869aec49ca374300ecf6bfbece13159fdfe1b7e7e23d5664a5564d3b2f,1.0,9999b0a7246cc95f,ok,2246.209514627252,True,True,cluster_00256,train,/home/dheirav/Code/Deepfake_Detection/deepfake-project/dataset_builder/train/ai_edited/c9pnuvp_0.jpg
data_sources/ai_edited/IMD2020/c9poq56_0.jpg,data_sources/ai_edited/IMD2020,ai_edited,1481,977,1.5159,JPEG,339513,9bfd38f6e1f47116dce5dc156ad359d8,b970d6566735e2c03cb37b05e3f25548c0d533f8ad855f4aa2e3327ab0a8b6e3,1.0,e7fa284a0b6a2b27,ok,660.4417816184784,True,True,cluster_00272,train,/home/dheirav/Code/Deepfake_Detection/deepfake-project/dataset_builder/train/ai_edited/c9poq56_0.jpg
data_sources/ai_edited/IMD2020/c9pp2db_0.jpg,data_sources/ai_edited/IMD2020,ai_edited,940,953,0.9864,JPEG,128704,9accf61779304e33dacadeba90837282,e975e8f70eaba6cd69a01965f7007d0bc31bdce2e620521165b7dbc971fb4134,1.0,ebc5943c851ac367,ok,500.28410233256744,True,True,cluster_00461,train,/home/dheirav/Code/Deepfake_Detection/deepfake-project/dataset_builder/train/ai_edited/c9pp2db_0.jpg
data_sources/ai_edited/IMD2020/c9ppuxs_0.jpg,data_sources/ai_edited/IMD2020,ai_edited,940,953,0.9864,JPEG,144566,8052a425129eb167504dcacbdbadafe1,6cd12a52c5723a7460527c96ca4c099acf0e89a9a6ee8108a7657d709e479e6b,1.0,ebc59415951ad267,ok,508.87424077354405,True,True,cluster_00460,train,/home/dheirav/Code/Deepfake_Detection/deepfake-project/dataset_builder/train/ai_edited/c9ppuxs_0.jpg
data_sources/ai_edited/IMD2020/c9pqbmt_0.jpg,data_sources/ai_edited/IMD2020,ai_edited,600,608,0.9868,JPEG,63389,053f7333f9ec62b2e519c0317ada7d43,9e671f12dfdfb0952c2fa6330a602f21310d106f39d9c754589569ea3e127aca,1.0,fbc59415951ac267,ok,786.1168256210744,True,True,cluster_01206,train,/home/dheirav/Code/Deepfake_Detection/deepfake-project/dataset_builder/train/ai_edited/c9pqbmt_0.jpg
data_sources/ai_edited/IMD2020/c9prbhe_0.jpg,data_sources/ai_edited/IMD2020,ai_edited,940,953,0.9864,JPEG,255790,ee2c5da44915f00d5c302b441f177509,92d3e7471908549f7d74273575a7588779c9a9ad7dfee19e0d7dca1c8d32ab3f,1.0,fbc59414955ac267,ok,558.0820011996137,True,True,cluster_00458,train,/home/dheirav/Code/Deepfake_Detection/deepfake-project/dataset_builder/train/ai_edited/c9prbhe_0.jpg
data_sources/ai_edited/IMD2020/c9ps27s_0.jpg,data_sources/ai_edited/IMD2020,ai_edited,1024,866,1.1824,JPEG,180016,5844f422a970a77686bd6dee7a7242fd,c76d44d00e9e714369fbfd03002be3b2fcc091d285f2cab32755c4c609872f9f,1.0,b4ca5513ab8c1be9,ok,165.26030901161502,True,True,cluster_00467,train,/home/dheirav/Code/Deepfake_Detection/deepfake-project/dataset_builder/train/ai_edited/c9ps27s_0.jpg
data_sources/ai_edited/IMD2020/c9pufrq_0.jpg,data_sources/ai_edited/IMD2020,ai_edited,940,953,0.9864,JPEG,256234,f115a809faeea61c2ca192a55e31d17d,327923fbbbb34260f74935c2c0eabfb1efc3749451e9f22e064e462b196a02c7,1.0,fbc59430915ad267,ok,561.9522049652238,True,True,cluster_00457,train,/home/dheirav/Code/Deepfake_Detection/deepfake-project/dataset_builder/train/ai_edited/c9pufrq_0.jpg
data_sources/ai_edited/IMD2020/c9px7bq_0.jpg,data_sources/ai_edited/IMD2020,ai_edited,940,953,0.9864,JPEG,258869,a5b98bf684897f574c239d8988e5a648,28ca3cc1010858168b9680aee64b66fc9b42ce5d224383cbc433e253128c3757,1.0,ebc59435951ac267,ok,575.8375378735604,True,True,cluster_00456,train,/home/dheirav/Code/Deepfake_Detection/deepfake-project/dataset_builder/train/ai_edited/c9px7bq_0.jpg
data_sources/ai_edited/IMD2020/c9qbf36_0.jpg,data_sources/ai_edited/IMD2020,ai_edited,1024,576,1.7778,JPEG,139226,c8140b832c8442eded24b714a35463ad,7ccf31ef883cb14c2efcb064fa41f24d0ce882a23531c1217bdf6bbb24bb0d20,1.0,9496b7a4061fd1f1,ok,172.52593460499398,True,True,cluster_00852,train,/home/dheirav/Code/Deepfake_Detection/deepfake-project/dataset_builder/train/ai_edited/c9qbf36_0.jpg
data_sources/ai_edited/IMD2020/c9qd0uq_0.jpg,data_sources/ai_edited/IMD2020,ai_edited,543,720,0.7542,JPEG,255520,5305e13478f27bf02d88488db8a7606a,11d394160f027e322bc44ca87eebbf8ddb9a4d806331fcad7c32f795169035a5,1.0,b68caea68c8686f6,ok,542.3923868277167,True,True,cluster_01147,train,/home/dheirav/Code/Deepfake_Detection/deepfake-project/dataset_builder/train/ai_edited/c9qd0uq_0.jpg
data_sources/ai_edited/IMD2020/c9qeolo_0.jpg,data_sources/ai_edited/IMD2020,ai_edited,2100,1500,1.4,JPEG,593249,db9aa44663dc10bd52d0cacb8341d8f8,0684341af4f2bf483bd31ece0d5aa3ec1f882602f7dfffc1156afc7bbf052823,1.0,c0c32f55333d2c7c,ok,1093.4268589287583,True,True,cluster_00066,train,/home/dheirav/Code/Deepfake_Detection/deepfake-project/dataset_builder/train/ai_edited/c9qeolo_0.jpg
data_sources/ai_edited/IMD2020/c9qesys_0.jpg,data_sources/ai_edited/IMD2020,ai_edited,1920,1440,1.3333,JPEG,751101,3eb486db660ebc48726fac2554b5180e,8d41be50aaabc77ea3dc9373c71743aa22ff43bf34d6848a68d84d2e7974950e,1.0,f8e0e30f9846e78c,ok,653.7341214954935,True,True,cluster_00097,train,/home/dheirav/Code/Deepfake_Detection/deepfake-project/dataset_builder/train/ai_edited/c9qesys_0.jpg
data_sources/ai_edited/IMD2020/c9qf78w_0.jpg,data_sources/ai_edited/IMD2020,ai_edited,543,720,0.7542,JPEG,197215,96e4cf941d4b02c819d17898156c3e3c,7b4c35b7b371fabfe1ebcc4f4d382940913a482f79ab40348e91c77cfd765b30,1.0,929c9ab28da6cd65,ok,342.6788080602628,True,True,cluster_01150,train,/home/dheirav/Code/Deepfake_Detection/deepfake-project/dataset_builder/train/ai_edited/c9qf78w_0.jpg
data_sources/ai_edited/IMD2020/c9qf8d5_0.jpg,data_sources/ai_edited/IMD2020,ai_edited,396,594,0.6667,JPEG,83210,4e6d3bc30551fe782bacd428050c8f54,bd65afa90ee85028b2ca7f17cd2332a74dc27dbcda55035cb8ff8481fc2c15f8,1.0,963a88dc395cb23e,ok,3697.804455701916,True,True,cluster_01493,train,/home/dheirav/Code/Deepfake_Detection/deepfake-project/dataset_builder/train/ai_edited/c9qf8d5_0.jpg
data_sources/ai_edited/IMD2020/c9qgg7m_0.png,data_sources/ai_edited/IMD2020,ai_edited,640,431,1.4849,PNG,453798,244f2f00dd3456b98f2506564c1b6f9c,837cf34233a0aa233be27134a3e2025a146b8adc64203c072fb8670f80482d44,1.0,8d3ef025ce386d19,ok,742.4496793880849,True,True,cluster_01386,train,/home/dheirav/Code/Deepfake_Detection/deepfake-project/dataset_builder/train/ai_edited/c9qgg7m_0.png
data_sources/ai_edited/IMD2020/c9qgjzt_0.jpg,data_sources/ai_edited/IMD2020,ai_edited,543,720,0.7542,JPEG,115322,8e9807bd5dad4a4884849de07085a676,4877903656b770f6f4c61342ed56b4cb8ac620207d12728d297f0ff22ccca2b3,1.0,a3682ba38ca68ee7,ok,466.301298784675,True,True,cluster_01154,train,/home/dheirav/Code/Deepfake_Detection/deepfake-project/dataset_builder/train/ai_edited/c9qgjzt_0.jpg
data_sources/ai_edited/IMD2020/c9qgsja_0.jpg,data_sources/ai_edited/IMD2020,ai_edited,540,716,0.7542,JPEG,118862,10fad0e21934579572c2fd7be54f1a30,71424f0af478345d0fecb17d601b3170aeffcf23807cbbe4c48f5f68d430103b,1.0,9a9c9e968ca78565,ok,464.7931944919592,True,True,cluster_01167,train,/home/dheirav/Code/Deepfake_Detection/deepfake-project/dataset_builder/train/ai_edited/c9qgsja_0.jpg
data_sources/ai_edited/IMD2020/c9qlz7i_0.jpg,data_sources/ai_edited/IMD2020,ai_edited,540,720,0.75,JPEG,254124,b2aabe4c4d1af58794a52bdf98c41b8e,e621fa0692220babe0509cea4f9f535c128787e04bf563ef4be5592a2719dd73,1.0,929c9e9a8ca7a565,ok,700.852634792053,True,True,cluster_01158,train,/home/dheirav/Code/Deepfake_Detection/deepfake-project/dataset_builder/train/ai_edited/c9qlz7i_0.jpg
data_sources/ai_edited/IMD2020/c9qm1u8_0.jpg,data_sources/ai_edited/IMD2020,ai_edited,543,720,0.7542,JPEG,203122,001d378355e5e3a278f7881f88acae2c,cd7a363023b02fc345566528a1e4b82c63e7d0803db8e1dcc3c62f131fc71e00,1.0,9a9c9a968c876d65,ok,492.8849581185237,True,True,cluster_01149,train,/home/dheirav/Code/Deepfake_Detection/deepfake-project/dataset_builder/train/ai_edited/c9qm1u8_0.jpg
data_sources/ai_edited/IMD2020/c9qn2pn_0.jpg,data_sources/ai_edited/IMD2020,ai_edited,470,565,0.8319,JPEG,121030,641d62b1957ccf25ba0502e1220d3c9e,2f18a08092540381af4e9a7c919c1219447eb01af9c70c5e9e047370053a46bd,1.0,b49ca2c2dbed288b,ok,1784.9254056182708,True,True,cluster_01427,train,/home/dheirav/Code/Deepfake_Detection/deepfake-project/dataset_builder/train/ai_edited/c9qn2pn_0.jpg
data_sources/ai_edited/IMD2020/c9r01uk_0.jpg,data_sources/ai_edited/IMD2020,ai_edited,640,682,0.9384,JPEG,45161,8552a64b88d5c382e13c5dfd5ebf6357,a5f69f71fe3965256374bbd4da5e0bb3d23c63cffaf8bcfe3fc641e4f3c1a9ac,1.0,f37f991117ce6018,ok,1325.0010950170513,True,True,cluster_01081,train,/home/dheirav/Code/Deepfake_Detection/deepfake-project/dataset_builder/train/ai_edited/c9r01uk_0.jpg
data_sources/ai_edited/IMD2020/c9r11np_0.jpg,data_sources/ai_edited/IMD2020,ai_edited,3264,2448,1.3333,JPEG,684101,1b4fca2a247a844b79f758b6769f5ec8,1c896e9a6e45c24cc3d02caea229e78d490bd65fc6ce7cc467c9477f9285d931,1.0,f8e1620f9c0ee78c,ok,172.55768701096918,True,True,cluster_00007,train,/home/dheirav/Code/Deepfake_Detection/deepfake-project/dataset_builder/train/ai_edited/c9r11np_0.jpg
data_sources/ai_edited/IMD2020/c9r1yor_0.jpg,data_sources/ai_edited/IMD2020,ai_edited,1200,1307,0.9181,JPEG,260350,bed544dca2c1f33f826dd4bf9a67b430,1ca33c03138f0244dc5efd02fb68da86995ce445a54afb96c71a3aa4e2d151fc,1.0,f8873678c1760b74,ok,87.25221515383915,True,True,cluster_00249,train,/home/dheirav/Code/Deepfake_Detection/deepfake-project/dataset_builder/train/ai_edited/c9r1yor_0.jpg
data_sources/ai_edited/IMD2020/c9r2mxr_0.jpg,data_sources/ai_edited/IMD2020,ai_edited,1920,1200,1.6,JPEG,535064,36667d9a8c280352bff8da287c95a3fb,ec1f142f82bc3de77ebeff9835c58256f52ed940e2e183d5af40f2ce56f31d5f,1.0,d45cbde4261ae4c3,ok,424.66137528802494,True,True,cluster_00117,train,/home/dheirav/Code/Deepfake_Detection/deepfake-project/dataset_builder/train/ai_edited/c9r2mxr_0.jpg
data_sources/ai_edited/IMD2020/c9r4jzf_0.jpg,data_sources/ai_edited/IMD2020,ai_edited,1024,880,1.1636,JPEG,212241,8c3b1dea47c771b9bdf8e7176e608aff,d1887f34f122ef3ab2167676232ebd6db76b54ac724542e1fb83cdf52199823a,1.0,e25e9525625ae6ca,ok,157.1484443601498,True,True,cluster_00448,train,/home/dheirav/Code/Deepfake_Detection/deepfake-project/dataset_builder/train/ai_edited/c9r4jzf_0.jpg
data_sources/ai_edited/IMD2020/c9r55jp_0.jpg,data_sources/ai_edited/IMD2020,ai_edited,1365,897,1.5217,JPEG,165096,89f0ee9d8c064d241bb18df4982a23dd,eb086607ed73271c03a3a971b85cc0f22d388a43230ec2e95ddd08539f36e768,1.0,aeb99c42c3a5e86c,ok,476.26554412580373,True,True,cluster_00324,train,/home/dheirav/Code/Deepfake_Detection/deepfake-project/dataset_builder/train/ai_edited/c9r55jp_0.jpg
data_sources/ai_edited/IMD2020/c9r5xdn_0.jpg,data_sources/ai_edited/IMD2020,ai_edited,1081,810,1.3346,JPEG,173681,89abdf28f911a06c586ca166068dcead,3954cadcd5168821a27685b0c3635a3e44b91c4938821c36f4a636748edb14e7,1.0,cbd88867d94a476a,ok,664.103948994286,True,True,cluster_00485,train,/home/dheirav/Code/Deepfake_Detection/deepfake-project/dataset_builder/train/ai_edited/c9r5xdn_0.jpg
data_sources/ai_edited/IMD2020/c9r63ei_0.jpg,data_sources/ai_edited/IMD2020,ai_edited,1620,1080,1.5,JPEG,250418,4ca45113980b8ea296c8535aaaab938f,b0036bac4f519aa71ced1243a179b2a12700a0a723acb398785aefbbe00f4376,1.0,8fcde2b0988cb731,ok,203.2853211958605,True,True,cluster_00210,train,/home/dheirav/Code/Deepfake_Detection/deepfake-project/dataset_builder/train/ai_edited/c9r63ei_0.jpg
data_sources/ai_edited/IMD2020/c9r6ey7_0.jpg,data_sources/ai_edited/IMD2020,ai_edited,1381,921,1.4995,JPEG,295054,68fb5916e8ca18e9f2c760ce4c735ec0,1aff4505846e4555dbebdf84e0a20daa800c68759095031e7d6ff11c6fd0f287,1.0,f42b15c63b886477,ok,451.39901332459044,True,True,cluster_00309,train,/home/dheirav/Code/Deepfake_Detection/deepfake-project/dataset_builder/train/ai_edited/c9r6ey7_0.jpg
data_sources/ai_edited/IMD2020/c9r6r63_0.jpg,data_sources/ai_edited/IMD2020,ai_edited,1081,810,1.3346,JPEG,210174,797dc2311049c7dadd5fa7953cdeb482,0b188fe569abfa295115d441cf4e3432dd1d45929e27a2637b1bbf5d596c1959,1.0,fbd88867d94a4670,ok,510.83147151770163,True,True,cluster_00481,train,/home/dheirav/Code/Deepfake_Detection/deepfake-project/dataset_builder/train/ai_edited/c9r6r63_0.jpg
data_sources/ai_edited/IMD2020/c9r7lra_0.jpg,data_sources/ai_edited/IMD2020,ai_edited,1081,810,1.3346,JPEG,204296,e6e0525f274449443643806635636bb1,fd649b9a44b10f37f89b3e25168c96ef18fbcd6b412e432fd6ac1d39aebf5259,1.0,fa94ac349dc1467a,ok,551.2236492938122,True,True,cluster_00482,train,/home/dheirav/Code/Deepfake_Detection/deepfake-project/dataset_builder/train/ai_edited/c9r7lra_0.jpg
data_sources/ai_edited/IMD2020/c9r9e1p_0.jpg,data_sources/ai_edited/IMD2020,ai_edited,1068,800,1.335,JPEG,333110,bc098a28771d17c30c1db60588759af5,94938804e50fd0c837c44098bc8aa38526de2e8f1cef5fd88fdd1087f5ac4f85,1.0,dc237ccba5922959,ok,2770.97925066115,True,True,cluster_00498,train,/home/dheirav/Code/Deepfake_Detection/deepfake-project/dataset_builder/train/ai_edited/c9r9e1p_0.jpg
data_sources/ai_edited/IMD2020/c9raw4l_0.jpg,data_sources/ai_edited/IMD2020,ai_edited,510,600,0.85,JPEG,94399,64341ca3d7ea4fa7b020c58378b115bc,39f644c69781ff67bf09b703f0269a0ad4a87674195287f4e6c36aff4b91ec95,1.0,e2572acc99a6711e,ok,17379.134147604673,True,True,cluster_01343,train,/home/dheirav/Code/Deepfake_Detection/deepfake-project/dataset_builder/train/ai_edited/c9raw4l_0.jpg
data_sources/ai_edited/IMD2020/c9riqoh_0.jpg,data_sources/ai_edited/IMD2020,ai_edited,800,600,1.3333,JPEG,155812,30359f0a3f4536a9e5b23c274de782a2,fbdaf0d5f811e6d16bbbf6d62276c42bf26460aeb50299bbf7818dc0095a21c1,1.0,974cc710b742b74b,ok,1065.8538472524956,True,True,cluster_01000,train,/home/dheirav/Code/Deepfake_Detection/deepfake-project/dataset_builder/train/ai_edited/c9riqoh_0.jpg
data_sources/ai_edited/IMD2020/c9roi3w_0.jpg,data_sources/ai_edited/IMD2020,ai_edited,960,720,1.3333,JPEG,178930,6c8b91a3518b2493697de7f79958591e,cb5c88c7040667d34c083b91ab8ae0ba2c061e199ebcd3e4cf872462916bca0f,1.0,b85cc47367e3309c,ok,267.64540088859945,True,True,cluster_00678,train,/home/dheirav/Code/Deepfake_Detection/deepfake-project/dataset_builder/train/ai_edited/c9roi3w_0.jpg
data_sources/ai_edited/IMD2020/c9rorcy_0.jpg,data_sources/ai_edited/IMD2020,ai_edited,940,1225,0.7673,JPEG,239576,43444ee2b6b01d3f80f3aa7c09285521,d5a7308d231ef8617657e083de9b6d9f0c1de084c1406bb9750c012104bb4d5a,1.0,9ae6e1e4f1639886,ok,347.54282159297674,True,True,cluster_00341,train,/home/dheirav/Code/Deepfake_Detection/deepfake-project/dataset_builder/train/ai_edited/c9rorcy_0.jpg
data_sources/ai_edited/IMD2020/c9rp985_0.jpg,data_sources/ai_edited/IMD2020,ai_edited,1024,768,1.3333,JPEG,255186,237669811aeb73fc854fc01543e8fc55,7e5ab314ddec685a9f2d5bc1a26c5e47dc4de067282e5b514869c56608b113d3,1.0,aecec5c7c62c2730,ok,1226.8184939967405,True,True,cluster_00543,train,/home/dheirav/Code/Deepfake_Detection/deepfake-project/dataset_builder/train/ai_edited/c9rp985_0.jpg
data_sources/ai_edited/IMD2020/c9rsftz_0.jpg,data_sources/ai_edited/IMD2020,ai_edited,1024,765,1.3386,JPEG,229780,3fed52b269edb67722c64765db2c4ece,074fa7a939b63ba5c8291fee297bbd85440e77eaccd3acff7e2111dfc04bd5a0,1.0,dadacfc3898d0c31,ok,396.35541124194356,True,True,cluster_00563,train,/home/dheirav/Code/Deepfake_Detection/deepfake-project/dataset_builder/train/ai_edited/c9rsftz_0.jpg
data_sources/ai_edited/IMD2020/c9ru0d5_0.jpg,data_sources/ai_edited/IMD2020,ai_edited,993,601,1.6522,JPEG,195531,86cae74c79e5c906eb37fd4d436f11a6,fe6806d556ecfe88868358027a9b9f7d96d7305876db9d0f5dd0fdcdbe5f1d6a,1.0,a21b1cf6a38d2e66,ok,2279.826905354136,True,True,cluster_00845,train,/home/dheirav/Code/Deepfake_Detection/deepfake-project/dataset_builder/train/ai_edited/c9ru0d5_0.jpg
data_sources/ai_edited/IMD2020/c9rxhks_0.jpg,data_sources/ai_edited/IMD2020,ai_edited,1200,900,1.3333,JPEG,516547,da9c1c07815320fcc86f57ddf7582982,24b4102c09f5a182ce855e90c78aebb568e8b45cf540a2595d8fcf7efe098f83,1.0,a63419e9e4a61afa,ok,3069.2046249977698,True,True,cluster_00363,train,/home/dheirav/Code/Deepfake_Detection/deepfake-project/dataset_builder/train/ai_edited/c9rxhks_0.jpg
data_sources/ai_edited/IMD2020/c9s0iit_0.jpg,data_sources/ai_edited/IMD2020,ai_edited,1200,900,1.3333,JPEG,322883,a4d8979ddafb00530b2e43d0083eded2,6a604d90adb4e3320d3eab9637b16c67f3e133eacceb066e87f935fbfab0a8e6,1.0,a63219e8e6a70d7c,ok,4997.493005475919,True,True,cluster_00366,train,/home/dheirav/Code/Deepfake_Detection/deepfake-project/dataset_builder/train/ai_edited/c9s0iit_0.jpg
data_sources/ai_edited/IMD2020/c9s5r36_0.png,data_sources/ai_edited/IMD2020,ai_edited,884,488,1.8115,PNG,936503,55ffa8979c3e888a868b1f9efce2a5c6,4a88c17452ca9ae17ea0ccba6b84c4b2f2580d1ff660df4a5f241767d666ef81,1.0,eab534d2732b14a9,ok,1858.7997618139514,True,True,cluster_01087,train,/home/dheirav/Code/Deepfake_Detection/deepfake-project/dataset_builder/train/ai_edited/c9s5r36_0.png
data_sources/ai_edited/IMD2020/c9s8qkh_0.jpg,data_sources/ai_edited/IMD2020,ai_edited,1753,985,1.7797,JPEG,135337,8a1872b9c9f985145eecd4c0ecf6e8f8,ea247e0ba458828ee6f0edf54a5b0fb2ab7266f1b80a1e71af743d0c18d952b4,1.0,c02e26c3bee62f19,ok,251.26549590762713,True,True,cluster_00213,train,/home/dheirav/Code/Deepfake_Detection/deepfake-project/dataset_builder/train/ai_edited/c9s8qkh_0.jpg
data_sources/ai_edited/IMD2020/c9sd8lt_0.jpg,data_sources/ai_edited/IMD2020,ai_edited,740,960,0.7708,JPEG,164770,fe439124032df951db67e6f934b2eda9,b961630f542da9855f4ec920d6fe8eb3af81a7b35bfde7a8d790148ef095879b,1.0,e76d14115a5ab627,ok,391.736893049831,True,True,cluster_00626,train,/home/dheirav/Code/Deepfake_Detection/deepfake-project/dataset_builder/train/ai_edited/c9sd8lt_0.jpg
data_sources/ai_edited/IMD2020/c9sol61_0.png,data_sources/ai_edited/IMD2020,ai_edited,452,617,0.7326,PNG,395769,138947b037af0e15884600021eb47a7f,9e0eaef35652482dd8e19087dd98320a6e6c4b983ce7ce48147b35bf1025ae78,1.0,f25281183cc7f2bd,ok,215.56367843204345,True,True,cluster_01377,train,/home/dheirav/Code/Deepfake_Detection/deepfake-project/dataset_builder/train/ai_edited/c9sol61_0.png
data_sources/ai_edited/IMD2020/c9swoak_0.jpg,data_sources/ai_edited/IMD2020,ai_edited,1920,1170,1.641,JPEG,264073,3df4846c83fc8542e2f3cf13c599fca4,c9d59ee29214ac72e4ec77393400cfc15304741aa20cdc97139fa5a44aa48247,1.0,92b8199bd3739296,ok,397.44928906509494,True,True,cluster_00132,train,/home/dheirav/Code/Deepfake_Detection/deepfake-project/dataset_builder/train/ai_edited/c9swoak_0.jpg
data_sources/ai_edited/IMD2020/c9sxsh2_0.jpg,data_sources/ai_edited/IMD2020,ai_edited,3264,1840,1.7739,JPEG,436926,60c1959b52210c5b42cdb5005b281258,6b32bacb6bbb1db44decabc3844f7506e0998a33df807c1424872edf2ec60db6,1.0,949129ada9afba4a,ok,80.70094374308974,True,True,cluster_00013,train,/home/dheirav/Code/Deepfake_Detection/deepfake-project/dataset_builder/train/ai_edited/c9sxsh2_0.jpg
data_sources/ai_edited/IMD2020/c9syk85_0.jpg,data_sources/ai_edited/IMD2020,ai_edited,1280,720,1.7778,JPEG,400011,a6d40b334da13e2b701cbe78367a8924,d5e36fd0b20d8fc7cce101cb39a227310ba9dfdd1965aea6155a85013c989774,1.0,d8c3330d9f12331f,ok,3857.558829051028,True,True,cluster_00434,train,/home/dheirav/Code/Deepfake_Detection/deepfake-project/dataset_builder/train/ai_edited/c9syk85_0.jpg
data_sources/ai_edited/IMD2020/c9syx9t_0.jpg,data_sources/ai_edited/IMD2020,ai_edited,3264,1840,1.7739,JPEG,481307,1025c591eb56eeb1e7e40185547d94d5,5f6192f842de6c9dcb5973f35fe1ecce2a596946e6b5cd021582b08c341698e3,1.0,969529b5a9acb24b,ok,220.553885252574,True,True,cluster_00012,train,/home/dheirav/Code/Deepfake_Detection/deepfake-project/dataset_builder/train/ai_edited/c9syx9t_0.jpg
data_sources/ai_edited/IMD2020/c9szqbq_0.jpg,data_sources/ai_edited/IMD2020,ai_edited,378,504,0.75,JPEG,110497,96f9fd9dff3ddcce2c34eb8e9b1dd9c1,d60721e1036cdc9c67f855c68723a4df45ecbd5179ba5c9b3cc10eb9fe32a320,1.0,868cb93be8e781cc,ok,963.8424774334388,True,True,cluster_01570,train,/home/dheirav/Code/Deepfake_Detection/deepfake-project/dataset_builder/train/ai_edited/c9szqbq_0.jpg
data_sources/ai_edited/IMD2020/c9t18zw_0.jpg,data_sources/ai_edited/IMD2020,ai_edited,2197,1463,1.5017,JPEG,722376,ebb265d0b19d5235535f6cd2137dd340,4ba812a946fc4cabdb99d0664cb255d2465f9c15de0bad606506e359d48284a6,1.0,a4dba7500357cab6,ok,2287.969979484057,True,True,cluster_00065,train,/home/dheirav/Code/Deepfake_Detection/deepfake-project/dataset_builder/train/ai_edited/c9t18zw_0.jpg
data_sources/ai_edited/IMD2020/c9t32sp_0.png,data_sources/ai_edited/IMD2020,ai_edited,391,577,0.6776,PNG,509458,32933d80f399f803cc5d5f4158520fd8,fa789275596b42c13215ed1b3bb0a6626c18fbde7c232094531e50340fd133d6,1.0,e1a7a39c9a98c54d,ok,114.08812769653588,True,True,cluster_01526,train,/home/dheirav/Code/Deepfake_Detection/deepfake-project/dataset_builder/train/ai_edited/c9t32sp_0.png
data_sources/ai_edited/IMD2020/c9t57ny_0.jpg,data_sources/ai_edited/IMD2020,ai_edited,640,960,0.6667,JPEG,88720,e1461392e484948a0687e10a1faf9389,ae142a77ded0a2cf7b14a7a5315415f9953d31ad3928a11e8e76ea3ebfe70efd,1.0,bd1992d6666c491b,ok,98.65274087981119,True,True,cluster_00807,train,/home/dheirav/Code/Deepfake_Detection/deepfake-project/dataset_builder/train/ai_edited/c9t57ny_0.jpg
data_sources/ai_edited/IMD2020/c9t5bpb_0.jpg,data_sources/ai_edited/IMD2020,ai_edited,640,960,0.6667,JPEG,259931,ca748905a8dc4d56fd9284c45aa7b25f,448efae59d6b2dfcb84f6294e84c5b1ce9ba0a89d67da8343fd8288d8a105cfb,1.0,bd99d2c76724501b,ok,126.78911942988236,True,True,cluster_00787,train,/home/dheirav/Code/Deepfake_Detection/deepfake-project/dataset_builder/train/ai_edited/c9t5bpb_0.jpg
data_sources/ai_edited/IMD2020/c9tc1u1_0.jpg,data_sources/ai_edited/IMD2020,ai_edited,640,960,0.6667,JPEG,233486,aa4676465a45e7252e467b20f4f00e0c,703abc5b2e06c5efe949068b15d23ead41f54d638387cd4349a33ac84a0c8d82,1.0,bf1992d667604a0f,ok,119.38465006478364,True,True,cluster_00789,train,/home/dheirav/Code/Deepfake_Detection/deepfake-project/dataset_builder/train/ai_edited/c9tc1u1_0.jpg
data_sources/ai_edited/IMD2020/c9td4wy_0.jpg,data_sources/ai_edited/IMD2020,ai_edited,1200,904,1.3274,JPEG,121591,49863e7a3cf3b59e037f5adf5f78f288,7bd155af23f81f201fdfc678b295d73455ec3a21dcf19d680455007246aa30ac,1.0,b759c837844b668e,ok,151.355123536453,True,True,cluster_00361,train,/home/dheirav/Code/Deepfake_Detection/deepfake-project/dataset_builder/train/ai_edited/c9td4wy_0.jpg
data_sources/ai_edited/IMD2020/c9tgf50_0.png,data_sources/ai_edited/IMD2020,ai_edited,720,960,0.75,PNG,136968,5cf23229485f73e49133b8943014567d,3a38bab1467fde7ac16f85e69fcbbf4312713f45c3e57bfbac95dc6d17ba6bd4,1.0,e4655999969692d9,ok,190.85303819444445,True,True,cluster_00697,train,/home/dheirav/Code/Deepfake_Detection/deepfake-project/dataset_builder/train/ai_edited/c9tgf50_0.png
data_sources/ai_edited/IMD2020/c9thhyx_0.jpg,data_sources/ai_edited/IMD2020,ai_edited,1448,972,1.4897,JPEG,326086,eff7d2185d9f9707e4d0d364fecf4c3b,87cb5d43c511420558659a317d7d64e23c602d00fea4176592baa938aeed98c0,1.0,b7f04c2fca1f9282,ok,887.6786993725622,True,True,cluster_00278,train,/home/dheirav/Code/Deepfake_Detection/deepfake-project/dataset_builder/train/ai_edited/c9thhyx_0.jpg
data_sources/ai_edited/IMD2020/c9ti2l5_0.jpg,data_sources/ai_edited/IMD2020,ai_edited,1200,600,2.0,JPEG,255249,48533858585e0609412d90622cc541c2,5c4bace3436eedba2e33e01b321a7251a5171b12584b564f6184d41be8fbe320,1.0,e2e114dcc83975a7,ok,504.9838513659702,True,True,cluster_00614,train,/home/dheirav/Code/Deepfake_Detection/deepfake-project/dataset_builder/train/ai_edited/c9ti2l5_0.jpg
data_sources/ai_edited/IMD2020/c9tivpo_0.png,data_sources/ai_edited/IMD2020,ai_edited,575,394,1.4594,PNG,318598,4e9c04354dcb296373a2888f71a5c188,4371ada91130f5e181c70baa939394536f41c0fe5959a2e6f9d5dda60514e6e9,1.0,b3a3cc923368cba6,ok,311.7386263933185,True,True,cluster_01525,train,/home/dheirav/Code/Deepfake_Detection/deepfake-project/dataset_builder/train/ai_edited/c9tivpo_0.png
data_sources/ai_edited/IMD2020/c9tm0rs_0.jpg,data_sources/ai_edited/IMD2020,ai_edited,1059,820,1.2915,JPEG,253473,eef9ae2092e72c356df898241cb42130,baca0ac27a802b8b6932868a3b33fddb8e4ebb09a4524aa38e14f6e8c36f4fda,1.0,d473f4dce981a521,ok,236.93640776428649,True,True,cluster_00489,train,/home/dheirav/Code/Deepfake_Detection/deepfake-project/dataset_builder/train/ai_edited/c9tm0rs_0.jpg
data_sources/ai_edited/IMD2020/c9tz09a_0.jpg,data_sources/ai_edited/IMD2020,ai_edited,980,943,1.0392,JPEG,145922,46b52c26d73559ee5c1e1aa133d1f48f,a47b02890a30d274df62bc48f97238df664560b684f8cb00bc7af4f0ebbe02b0,1.0,bfa06dde649226c4,ok,983.3789031821206,True,True,cluster_00430,train,/home/dheirav/Code/Deepfake_Detection/deepfake-project/dataset_builder/train/ai_edited/c9tz09a_0.jpg
data_sources/ai_edited/IMD2020/c9tzpit_0.jpg,data_sources/ai_edited/IMD2020,ai_edited,1024,768,1.3333,JPEG,196388,37289c654061dd73ee93eadd0d91cba5,86eae809492df53b6f207bf34aaf313e8efc0560ae4f0d6c6aee9acecd3fd7e8,1.0,d0b478e4cc7daa62,ok,206.23428888343267,True,True,cluster_00549,train,/home/dheirav/Code/Deepfake_Detection/deepfake-project/dataset_builder/train/ai_edited/c9tzpit_0.jpg
data_sources/ai_edited/IMD2020/c9u54ff_0.jpg,data_sources/ai_edited/IMD2020,ai_edited,976,549,1.7778,JPEG,197247,50ee317168cf242bde55788cedd9cb0d,d7c8c92e1b5429f0022a137986eb449df8b231e00f2f9ee3575a58a27491ca3c,1.0,c0c0d4dc9f95a7b4,ok,225.86872260642002,True,True,cluster_00935,train,/home/dheirav/Code/Deepfake_Detection/deepfake-project/dataset_builder/train/ai_edited/c9u54ff_0.jpg
data_sources/ai_edited/IMD2020/c9u5rax_0.jpg,data_sources/ai_edited/IMD2020,ai_edited,856,720,1.1889,JPEG,132894,07e9320d28dafde3ba7fa89808871fee,76c79eff9838d6512748169b8f18ed7633c2e535fc9b0b1281c18ba311dbb06a,1.0,c5ecee120823a7be,ok,100.38940864726992,True,True,cluster_00784,train,/home/dheirav/Code/Deepfake_Detection/deepfake-project/dataset_builder/train/ai_edited/c9u5rax_0.jpg
data_sources/ai_edited/IMD2020/c9u6r0p_0.jpg,data_sources/ai_edited/IMD2020,ai_edited,960,639,1.5023,JPEG,91646,749a56446c731234eb77fdad16e0353c,9262e8383b5d92c8f8bf229432878fd0c65468c80e65087bb78b25580c474efc,1.0,e7885c71d0439f33,ok,354.76320242510377,True,True,cluster_00818,train,/home/dheirav/Code/Deepfake_Detection/deepfake-project/dataset_builder/train/ai_edited/c9u6r0p_0.jpg
data_sources/ai_edited/IMD2020/c9u6u6a_0.jpg,data_sources/ai_edited/IMD2020,ai_edited,2048,1365,1.5004,JPEG,433547,1d7e3c91298217c696568aa4defcf169,52db3e9c41f338ac4abadc66c32ce8e2c3f832e19a47541b6b22fae281261da6,1.0,abe095a0e23b6ae3,ok,229.31428670054942,True,True,cluster_00091,train,/home/dheirav/Code/Deepfake_Detection/deepfake-project/dataset_builder/train/ai_edited/c9u6u6a_0.jpg
data_sources/ai_edited/IMD2020/c9u6xhp_0.jpg,data_sources/ai_edited/IMD2020,ai_edited,720,480,1.5,JPEG,134363,15ad4028e5bac588320510f1249263a9,a617d7aed17eea278c800d346a580a0062e29f4e9f38fd5fb93bbcf1cc8afd58,1.0,f44b52c9e42539f2,ok,420.844040965382,True,True,cluster_01243,train,/home/dheirav/Code/Deepfake_Detection/deepfake-project/dataset_builder/train/ai_edited/c9u6xhp_0.jpg
data_sources/ai_edited/IMD2020/c9u8hhh_0.jpg,data_sources/ai_edited/IMD2020,ai_edited,600,400,1.5,JPEG,83133,5fd5c76eedc7584607819b2c9aef9f7b,37f38194954c1ed40ddb9f84a11faa16eee7b9739fcf0e8522faf8ad9beeaa5e,1.0,e05d33e856730bd2,ok,510.30661939888887,True,True,cluster_01478,train,/home/dheirav/Code/Deepfake_Detection/deepfake-project/dataset_builder/train/ai_edited/c9u8hhh_0.jpg
data_sources/ai_edited/IMD2020/c9u8l4u_0.jpg,data_sources/ai_edited/IMD2020,ai_edited,1000,666,1.5015,JPEG,181097,9d5cea6be8a80978a025d14c3f00f90a,9badc037ed55c7b196d6bbe1bca3aacfbefecde9068f760434ec1ea16f1953ba,1.0,c6eae6f0c2ace28c,ok,2718.155043910124,True,True,cluster_00733,train,/home/dheirav/Code/Deepfake_Detection/deepfake-project/dataset_builder/train/ai_edited/c9u8l4u_0.jpg
data_sources/ai_edited/IMD2020/c9u8wpx_0.jpg,data_sources/ai_edited/IMD2020,ai_edited,1024,681,1.5037,JPEG,188313,154a414e969f34c0e9f3ea0c4a1c91b2,74c05702179ae4ad71e497120fb915d36ab132ebacbd5564204f2d9beb1a01af,1.0,c2e47dd91166159b,ok,397.3243494835107,True,True,cluster_00655,train,/home/dheirav/Code/Deepfake_Detection/deepfake-project/dataset_builder/train/ai_edited/c9u8wpx_0.jpg
data_sources/ai_edited/IMD2020/c9uaypt_0.jpg,data_sources/ai_edited/IMD2020,ai_edited,600,347,1.7291,JPEG,143973,2517c189b78b418917224210ffdeed9c,13c5864b32e41230def29d847ceb4dc68db8b7a5b0d7adfed3b780c82152f7e6,1.0,84c1a3a2af1bee93,ok,445.19649411309695,True,True,cluster_01548,train,/home/dheirav/Code/Deepfake_Detection/deepfake-project/dataset_builder/train/ai_edited/c9uaypt_0.jpg
data_sources/ai_edited/IMD2020/c9uonxh_0.jpg,data_sources/ai_edited/IMD2020,ai_edited,959,558,1.7186,JPEG,140191,644d46ee71d784012510dd548c2c34d4,76abe2061d01c14a4477277c6a6ea727ee054a9b83bc6d1730caee28bb510edd,1.0,cddf26c6d8c5d00c,ok,171.2272711004554,True,True,cluster_00937,train,/home/dheirav/Code/Deepfake_Detection/deepfake-project/dataset_builder/train/ai_edited/c9uonxh_0.jpg
data_sources/ai_edited/IMD2020/c9uuuw6_0.jpg,data_sources/ai_edited/IMD2020,ai_edited,692,480,1.4417,JPEG,235900,54005830138e74c5181b413c6259fd7e,cd8404170089980ace0db6ee5a31b8480343f9bec3671d536083b3296cf20577,1.0,d93bc626254e913d,ok,2329.267760481046,True,True,cluster_01285,train,/home/dheirav/Code/Deepfake_Detection/deepfake-project/dataset_builder/train/ai_edited/c9uuuw6_0.jpg
data_sources/ai_edited/IMD2020/c9uux1l_0.jpg,data_sources/ai_edited/IMD2020,ai_edited,450,536,0.8396,JPEG,44970,92edb0ee0be5cb9bb240110ba969f9fa,73a251ce90f84ce2a5726f59018232b4740fac7d053282e0eaaa55b65674f31f,1.0,984a35e562b7079d,ok,305.0307257070095,True,True,cluster_01468,train,/home/dheirav/Code/Deepfake_Detection/deepfake-project/dataset_builder/train/ai_edited/c9uux1l_0.jpg
data_sources/ai_edited/IMD2020/c9uvpds_0.jpg,data_sources/ai_edited/IMD2020,ai_edited,450,536,0.8396,JPEG,51146,0f5b9b4fa85961c8ad37fedf6d90f41f,24165ef32a27fc3aa7bee31c0fffd8acb4200eaea82ee6e96d24bd338bf54141,1.0,984a3da5e2f7069c,ok,374.9990854165979,True,True,cluster_01467,train,/home/dheirav/Code/Deepfake_Detection/deepfake-project/dataset_builder/train/ai_edited/c9uvpds_0.jpg
data_sources/ai_edited/IMD2020/c9uvrvt_0.jpg,data_sources/ai_edited/IMD2020,ai_edited,450,536,0.8396,JPEG,84891,a56fde49965a4333e0758435225ef54a,dc409a9fe9f631ca0aace6d18b6766e2e88d5730e81d9cdcfb345bf01d915dec,1.0,986a15e5e6b606bc,ok,278.5008587377513,True,True,cluster_01466,train,/home/dheirav/Code/Deepfake_Detection/deepfake-project/dataset_builder/train/ai_edited/c9uvrvt_0.jpg
data_sources/ai_edited/IMD2020/c9uvsh0_0.png,data_sources/ai_edited/IMD2020,ai_edited,805,430,1.8721,PNG,400828,b3073054cd3b140a9f94ecbb316f9691,b5c34f1f7597723737fd0d7acb0b1ceb48187c62692bfddf3062aa30052940ba,1.0,90666e99092fe7cc,ok,367.2038942402957,True,True,cluster_01239,train,/home/dheirav/Code/Deepfake_Detection/deepfake-project/dataset_builder/train/ai_edited/c9uvsh0_0.png
data_sources/ai_edited/IMD2020/c9uwssv_0.jpg,data_sources/ai_edited/IMD2020,ai_edited,692,480,1.4417,JPEG,109823,20b35c4a4a3bfd6c0d1e166c6763aba9,dc8bd40e85eca85a32754e95de2c3c3c0a1afbad8042b73d1266c95b16c093a1,1.0,d939c62625da913d,ok,2094.900173410541,True,True,cluster_01286,train,/home/dheirav/Code/Deepfake_Detection/deepfake-project/dataset_builder/train/ai_edited/c9uwssv_0.jpg
data_sources/ai_edited/IMD2020/c9v4jj6_0.png,data_sources/ai_edited/IMD2020,ai_edited,692,480,1.4417,PNG,650426,65dd1f1dd2948b716e2fd231192f868c,e63004f24c136ad9686456f195e0eb18d089eea4cbe9ed6c0e803da0d1735997,1.0,b829cb52a4f6896b,ok,2239.971922608469,True,True,cluster_01281,train,/home/dheirav/Code/Deepfake_Detection/deepfake-project/dataset_builder/train/ai_edited/c9v4jj6_0.png
data_sources/ai_edited/IMD2020/c9v5ckc_0.jpg,data_sources/ai_edited/IMD2020,ai_edited,1024,766,1.3368,JPEG,101452,5fc154f2dace6d2dcaecb37235afa109,96725e86e14794c836420f06acefddb06e082ef0b7056ff3c2eb653b8295ab9b,1.0,abae43c31276f48c,ok,887.7035401059413,True,True,cluster_00559,train,/home/dheirav/Code/Deepfake_Detection/deepfake-project/dataset_builder/train/ai_edited/c9v5ckc_0.jpg
data_sources/ai_edited/IMD2020/c9v6alw_0.jpg,data_sources/ai_edited/IMD2020,ai_edited,790,1054,0.7495,JPEG,130902,adf58465bc51348c79e7fca0a6dfd1b6,8e225605d7dba7c17918b89d94bc7a8be51860493a94a83841327ecd66f60b63,1.0,d0d0909dcf8f66c3,ok,234.00878213300865,True,True,cluster_00506,train,/home/dheirav/Code/Deepfake_Detection/deepfake-project/dataset_builder/train/ai_edited/c9v6alw_0.jpg
data_sources/ai_edited/IMD2020/c9vc8b8_0.jpg,data_sources/ai_edited/IMD2020,ai_edited,1200,1087,1.104,JPEG,375937,051a107fc7d338df08a06a3c42f765a7,c35178935d3b9a4aa32c5216b37e8da507f7a60340ca7ba9ef9144ea2051825e,1.0,e7481ca3e3dcc037,ok,523.2335847729863,True,True,cluster_00302,train,/home/dheirav/Code/Deepfake_Detection/deepfake-project/dataset_builder/train/ai_edited/c9vc8b8_0.jpg
data_sources/ai_edited/IMD2020/c9vftfw_0.jpg,data_sources/ai_edited/IMD2020,ai_edited,1200,1087,1.104,JPEG,282028,dfeb541dc8d8c88f461f4cb84ae60d50,1e232e718705754ef6a5dffddbb51a1a569caf515cd2af83a65d7f7eafc923ca,1.0,f52718839ee37503,ok,971.9646142164447,True,True,cluster_00303,train,/home/dheirav/Code/Deepfake_Detection/deepfake-project/dataset_builder/train/ai_edited/c9vftfw_0.jpg
data_sources/ai_edited/IMD2020/c9vgr3d_0.jpg,data_sources/ai_edited/IMD2020,ai_edited,1150,719,1.5994,JPEG,96004,c00b071840beb2b758aa56d28191c7d7,3e30461385129ad260aa064f1bb65c2846df392173f4b52af329299aa35034f0,1.0,bcbc26e05b8bb505,ok,88.61992010755426,True,True,cluster_00509,train,/home/dheirav/Code/Deepfake_Detection/deepfake-project/dataset_builder/train/ai_edited/c9vgr3d_0.jpg
data_sources/ai_edited/IMD2020/c9vin2j_0.png,data_sources/ai_edited/IMD2020,ai_edited,634,423,1.4988,PNG,295091,f247187658a83d3f27604152bd9fd0f3,c7c9ae28fb5426f360e429af7648087b3254947bc329eabd88f2f954fb38c4ae,1.0,e591122fe7168b69,ok,483.0505933639495,True,True,cluster_01420,train,/home/dheirav/Code/Deepfake_Detection/deepfake-project/dataset_builder/train/ai_edited/c9vin2j_0.png
data_sources/ai_edited/IMD2020/c9virda_0.jpg,data_sources/ai_edited/IMD2020,ai_edited,1920,1080,1.7778,JPEG,140626,c3cf075d302421d488f7324ca46013e6,9f34e52979573b3e13e3dc7ba146f26319464be2904a16f7cc30f35f3e36a1ac,1.0,e1960ce95aad27d2,ok,199.52460983475885,True,True,cluster_00166,train,/home/dheirav/Code/Deepfake_Detection/deepfake-project/dataset_builder/train/ai_edited/c9virda_0.jpg
data_sources/ai_edited/IMD2020/c9vmmk9_0.jpg,data_sources/ai_edited/IMD2020,ai_edited,649,480,1.3521,JPEG,184338,39b3ac46f2738ea37af6626195ad87eb,b599a6a78d7a86f1b0cf3bf29e3937c78faa1c051a69cdd84af41ad5fdb17374,1.0,dec9989501f576c4,ok,4509.735914520808,True,True,cluster_01310,train,/home/dheirav/Code/Deepfake_Detection/deepfake-project/dataset_builder/train/ai_edited/c9vmmk9_0.jpg
data_sources/ai_edited/IMD2020/c9vp3og_0.jpg,data_sources/ai_edited/IMD2020,ai_edited,750,450,1.6667,JPEG,46014,598ac9089419a001b11316488b1f9e93,2f2930318912304c93648692946efa54605cb95ac4cdbf34ab38709c63260573,1.0,f6b16994aad25899,ok,157.0491317824966,True,True,cluster_01273,train,/home/dheirav/Code/Deepfake_Detection/deepfake-project/dataset_builder/train/ai_edited/c9vp3og_0.jpg
data_sources/ai_edited/IMD2020/c9w82t9_0.jpg,data_sources/ai_edited/IMD2020,ai_edited,434,348,1.2471,JPEG,81076,733e72cb47124885c605d732fd0fa7fa,29372a74bdc8a5be111df982f1efd6934a3dca5ebc7d6b8444a969c916a0478c,1.0,b4f09b8fc433c3a1,ok,4177.584612613353,True,True,cluster_01632,train,/home/dheirav/Code/Deepfake_Detection/deepfake-project/dataset_builder/train/ai_edited/c9w82t9_0.jpg
data_sources/ai_edited/IMD2020/c9wa696_0.jpg,data_sources/ai_edited/IMD2020,ai_edited,1024,606,1.6898,JPEG,219681,af212740e4a73038532c83f989f2b1dd,eebc564be8828beb3bd3a5c2d6616d19dc4caf0e312e86f3eaa2ffcdd9b4077b,1.0,ea4c157b4e70714e,ok,1017.8782001661494,True,True,cluster_00779,train,/home/dheirav/Code/Deepfake_Detection/deepfake-project/dataset_builder/train/ai_edited/c9wa696_0.jpg
data_sources/ai_edited/IMD2020/c9wakel_0.jpg,data_sources/ai_edited/IMD2020,ai_edited,620,497,1.2475,JPEG,177696,0b3f9d692704401aeb6f574843a478b4,9c65c21be88be924c8bc6ba0392d93a2ee4d2812ea92062023815e0a2f72bcb3,1.0,a4389b8fc6e1b187,ok,3678.729123602006,True,True,cluster_01317,train,/home/dheirav/Code/Deepfake_Detection/deepfake-project/dataset_builder/train/ai_edited/c9wakel_0.jpg
data_sources/ai_edited/IMD2020/c9wbc6o_0.jpg,data_sources/ai_edited/IMD2020,ai_edited,620,497,1.2475,JPEG,139934,917aef789d82d6cda7b8f91e179a90c3,7ed49d628823fd1f41ee98b25da074dbce5b90e5b3d10da96460287f395fa0f9,1.0,b3c09eb7e02bc919,ok,2943.6622924889293,True,True,cluster_01318,train,/home/dheirav/Code/Deepfake_Detection/deepfake-project/dataset_builder/train/ai_edited/c9wbc6o_0.jpg
data_sources/ai_edited/IMD2020/c9wpjvq_0.jpg,data_sources/ai_edited/IMD2020,ai_edited,960,720,1.3333,JPEG,172921,7b801788e87f9eb5217b759dd1a56ae7,4e5fa748cee8ed82873c80ad5df6061e956e6e7a498cdddf979cd3306fc21ff2,1.0,90067e6be3c8975a,ok,430.8738193940004,True,True,cluster_00684,train,/home/dheirav/Code/Deepfake_Detection/deepfake-project/dataset_builder/train/ai_edited/c9wpjvq_0.jpg
data_sources/ai_edited/IMD2020/c9wpljd_0.jpg,data_sources/ai_edited/IMD2020,ai_edited,960,720,1.3333,JPEG,163604,be5710cf4ffffa65c844a72ed2b0208e,d4c67cfcd96f577e3015e94f3a92e20bc243c616f5f28df8b15be6a5dc24b05d,1.0,94666f69c3c0975a,ok,419.06251112343534,True,True,cluster_00688,train,/home/dheirav/Code/Deepfake_Detection/deepfake-project/dataset_builder/train/ai_edited/c9wpljd_0.jpg
data_sources/ai_edited/IMD2020/c9wqghc_0.jpg,data_sources/ai_edited/IMD2020,ai_edited,960,720,1.3333,JPEG,177384,564d7f5deac66b45b50269bbca25315e,6c3cb6a402c40c30a99075292269c75c54ff0140779578cbb3348df8747257b4,1.0,90766f693ac3b01e,ok,384.2250617658178,True,True,cluster_00679,train,/home/dheirav/Code/Deepfake_Detection/deepfake-project/dataset_builder/train/ai_edited/c9wqghc_0.jpg
data_sources/ai_edited/IMD2020/c9wua2z_0.jpg,data_sources/ai_edited/IMD2020,ai_edited,960,720,1.3333,JPEG,158862,2cdab678294a5b3286e99265924e5303,0ef079dffa7e2c4bec51814ac26b9a8796c9543eeafbadcb9a8f75fd57086a5a,1.0,94062f7f41c8f34b,ok,409.36587353072713,True,True,cluster_00690,train,/home/dheirav/Code/Deepfake_Detection/deepfake-project/dataset_builder/train/ai_edited/c9wua2z_0.jpg
data_sources/ai_edited/IMD2020/c9wwhov_0.jpg,data_sources/ai_edited/IMD2020,ai_edited,960,720,1.3333,JPEG,147406,8ac3b3b47de8bf3a0a1f880c7c137bb1,b4b2798f87645edf93a658f984520052911c92fa03281b16dae41e4e6fcd2da5,1.0,94666f6961c8975a,ok,436.339548096172,True,True,cluster_00695,train,/home/dheirav/Code/Deepfake_Detection/deepfake-project/dataset_builder/train/ai_edited/c9wwhov_0.jpg
data_sources/ai_edited/IMD2020/c9x24tr_0.jpg,data_sources/ai_edited/IMD2020,ai_edited,720,960,0.75,JPEG,213655,73c0ea8f2b0b58a3387b816b274868b3,3137b8035b449f5abe5afc6e0a5520107c22e35e8b146b15cbd0805f72fba6eb,1.0,e4f68959344cb672,ok,3761.5177588184474,True,True,cluster_00670,train,/home/dheirav/Code/Deepfake_Detection/deepfake-project/dataset_builder/train/ai_edited/c9x24tr_0.jpg
data_sources/ai_edited/IMD2020/c9x67wt_0.jpg,data_sources/ai_edited/IMD2020,ai_edited,720,960,0.75,JPEG,207914,7500dcb51a67107b4ce3786e36ffdf3a,15bf7b289eb63c7ba6caaf9940bccd0f70fcddf151afbcc05549f1a9b226cb3e,1.0,b1cb0e33f08f8de0,ok,4182.73138594573,True,True,cluster_00673,train,/home/dheirav/Code/Deepfake_Detection/deepfake-project/dataset_builder/train/ai_edited/c9x67wt_0.jpg
data_sources/ai_edited/IMD2020/c9xdu1a_0.png,data_sources/ai_edited/IMD2020,ai_edited,467,399,1.1704,PNG,333062,1f7ed56020f1988fa1cd447ed7948013,15463c48ccf0086dad37e16e4f7252f63b58241bbb87dccf7af7481c7fa168fe,1.0,916373e32c31c74e,ok,679.8764548998906,True,True,cluster_01582,train,/home/dheirav/Code/Deepfake_Detection/deepfake-project/dataset_builder/train/ai_edited/c9xdu1a_0.png
data_sources/ai_edited/IMD2020/c9xegom_0.png,data_sources/ai_edited/IMD2020,ai_edited,636,800,0.795,PNG,570515,5cb090d1d0671009ba3aeee623a16b63,362ca8e20999989186344950914af80314fdb5840b8b7bee15826cab631ab856,1.0,c12f6eec92333a2c,ok,1129.4857823643458,True,True,cluster_00959,train,/home/dheirav/Code/Deepfake_Detection/deepfake-project/dataset_builder/train/ai_edited/c9xegom_0.png
data_sources/ai_edited/IMD2020/c9xfdz5_0.jpg,data_sources/ai_edited/IMD2020,ai_edited,620,349,1.7765,JPEG,248700,6e4bdbef0f590e13f0482bc9c6a8189b,c4894f30e37097d21b376f2b111a7f2c8ba3a9c17889a21a99d1317689d3d961,1.0,f08f875e117838d9,ok,1351.2251423888433,True,True,cluster_01538,train,/home/dheirav/Code/Deepfake_Detection/deepfake-project/dataset_builder/train/ai_edited/c9xfdz5_0.jpg
data_sources/ai_edited/IMD2020/c9xkpkx_0.jpg,data_sources/ai_edited/IMD2020,ai_edited,1112,1663,0.6687,JPEG,217496,b6ec067ffd13a8b7683c987c2a99f058,143a1cade14327492ddd394dd0bd4110b4ca1b81a4536b4008f63ec5e298b93c,1.0,f2e69f8d0d29a2c2,ok,156.69343563032916,True,True,cluster_00199,train,/home/dheirav/Code/Deepfake_Detection/deepfake-project/dataset_builder/train/ai_edited/c9xkpkx_0.jpg
data_sources/ai_edited/IMD2020/c9xt8lv_0.jpg,data_sources/ai_edited/IMD2020,ai_edited,1600,1067,1.4995,JPEG,238647,67637418842bee9142405a6e75456996,e7cc0cd844358a686371eb888c2b063d23f5910057242d58e966312ae602b2fc,1.0,c378664d3dacc561,ok,344.4157395478785,True,True,cluster_00222,train,/home/dheirav/Code/Deepfake_Detection/deepfake-project/dataset_builder/train/ai_edited/c9xt8lv_0.jpg
data_sources/ai_edited/IMD2020/c9xup2p_0.png,data_sources/ai_edited/IMD2020,ai_edited,620,387,1.6021,PNG,341198,90f78d32737ffec225baba9e1e52718a,74f66178fbddce2bc98085f51b3c3907aa810fe67f42b12d09c27676baf1827d,1.0,cdb392af0416c1fa,ok,1017.3425490812564,True,True,cluster_01484,train,/home/dheirav/Code/Deepfake_Detection/deepfake-project/dataset_builder/train/ai_edited/c9xup2p_0.png
data_sources/ai_edited/IMD2020/c9xwa8e_0.jpg,data_sources/ai_edited/IMD2020,ai_edited,736,479,1.5365,JPEG,218810,53a41ab989c83329cf168b71f3f960a3,9070a2a789f6c37309b21b67f088564f02f28e81cc67a8abf3c6461864127730,1.0,fba4094f4726c6c6,ok,158.13936462636272,True,True,cluster_01226,train,/home/dheirav/Code/Deepfake_Detection/deepfake-project/dataset_builder/train/ai_edited/c9xwa8e_0.jpg
data_sources/ai_edited/IMD2020/c9elhr5_0.png,data_sources/ai_edited/IMD2020,ai_edited,500,252,1.9841,PNG,225839,c6d3883619d0c206880fe5038bbe9dcc,1cf5bca2f9aa66ffba5b8fa5c2e495dfc2429cc72325de4dc1779c3b13a46505,0.7,e9f42a97960914bb,low_resolution,317.080868978584,False,True,cluster_01713,val,/home/dheirav/Code/Deepfake_Detection/deepfake-project/dataset_builder/val/ai_edited/c9elhr5_0.png
data_sources/ai_edited/IMD2020/c9h1dkc_0.jpg,data_sources/ai_edited/IMD2020,ai_edited,400,250,1.6,JPEG,47908,4e0d22fa988b749787c032391a2dd0ae,54bda13f866df7c49a2b07794cd72b5fdd30eb63717539b5ce2052535550cf7b,0.7,b68dbce25b915324,low_resolution,198.6105724231,False,True,cluster_01717,val,/home/dheirav/Code/Deepfake_Detection/deepfake-project/dataset_builder/val/ai_edited/c9h1dkc_0.jpg
data_sources/ai_edited/IMD2020/c9oexva_0.jpg,data_sources/ai_edited/IMD2020,ai_edited,340,234,1.453,JPEG,24163,121f7e65e7c589424ae307a965be3ea0,55113a9c7d8ca46feb2f85b9063f4e3c84b9e25618821927d40d55e80f99cf86,0.7,a205967258bedace,low_resolution,1269.2864189238335,False,True,cluster_01719,val,/home/dheirav/Code/Deepfake_Detection/deepfake-project/dataset_builder/val/ai_edited/c9oexva_0.jpg
data_sources/ai_edited/IMD2020/c90dutg_0.jpg,data_sources/ai_edited/IMD2020,ai_edited,1000,478,2.0921,JPEG,116227,082ea8d4d2a2eff75f1041bf8e2a795a,6e2514df06662ed9e6595e678cf96a245891f89d9d6e0008e0db25c9aa38524a,0.8,92d4d5d7ff182809,aspect_ratio_extreme,631.0928555205222,True,False,cluster_01690,val,/home/dheirav/Code/Deepfake_Detection/deepfake-project/dataset_builder/val/ai_edited/c90dutg_0.jpg
data_sources/ai_edited/IMD2020/c90s0h8_0.jpg,data_sources/ai_edited/IMD2020,ai_edited,1000,467,2.1413,JPEG,118197,d0ee37484e83f3fb7108fad44283db60,18eb96a0672d6909e9acbff4841072630793591cfad8709a2c99a753cb8bfa88,0.8,f84c318947e906fb,aspect_ratio_extreme,204.12930718742805,True,False,cluster_01691,val,/home/dheirav/Code/Deepfake_Detection/deepfake-project/dataset_builder/val/ai_edited/c90s0h8_0.jpg
data_sources/ai_edited/IMD2020/c92atfy_0.jpg,data_sources/ai_edited/IMD2020,ai_edited,700,310,2.2581,JPEG,43564,bd5f9e960ea7010d6c205d1d063eb872,3401e39f0813028819b3b59c86e5949c3a2aaf2509c32205fc99803dca546bbd,0.8,87879378679e8239,aspect_ratio_extreme,1272.8799771273757,True,False,cluster_01706,val,/home/dheirav/Code/Deepfake_Detection/deepfake-project/dataset_builder/val/ai_edited/c92atfy_0.jpg
data_sources/ai_edited/IMD2020/c92m6qm_0.png,data_sources/ai_edited/IMD2020,ai_edited,337,973,0.3464,PNG,262627,930f745edd9f78b242710dca6b69d88f,a5599609aa35aaddb18d4b9d7e4c43b264473faf1ef2142b41497e50dfec1140,0.8,faa5a5969e9a6128,aspect_ratio_extreme,1178.5402789256514,True,False,cluster_01701,val,/home/dheirav/Code/Deepfake_Detection/deepfake-project/dataset_builder/val/ai_edited/c92m6qm_0.png
data_sources/ai_edited/IMD2020/c94m47r_0.jpg,data_sources/ai_edited/IMD2020,ai_edited,856,403,2.1241,JPEG,111849,5cd76574e11c31b419f5938340d649f7,d0b673efb55c5ab3e9a44f9fd9e9102bff44fb3124773dac368913a0312eb02a,0.8,dffd4ea446a60622,aspect_ratio_extreme,767.9135054082082,True,False,cluster_01700,val,/home/dheirav/Code/Deepfake_Detection/deepfake-project/dataset_builder/val/ai_edited/c94m47r_0.jpg
data_sources/ai_edited/IMD2020/c9dst40_0.jpg,data_sources/ai_edited/IMD2020,ai_edited,614,1280,0.4797,JPEG,126904,1df14784e0d08a8cb353f857349f6f12,f0441ae7514cd3dae6fe075dab05afa9c4579242cf605c1b898f679f3f1fac8a,0.8,9ba445cb66279a65,aspect_ratio_extreme,215.82118643458585,True,False,cluster_01683,val,/home/dheirav/Code/Deepfake_Detection/deepfake-project/dataset_builder/val/ai_edited/c9dst40_0.jpg
data_sources/ai_edited/IMD2020/c9dwil8_0.jpg,data_sources/ai_edited/IMD2020,ai_edited,630,289,2.1799,JPEG,51738,f34181340cb34171f53d70560d7d2b21,610792078d7316d021cfb2c215a1e63c1c03dd0623b1fb421222ab0e3c533285,0.8,e0889bd174a66bcb,aspect_ratio_extreme,214.76082659073234,True,False,cluster_01709,val,/home/dheirav/Code/Deepfake_Detection/deepfake-project/dataset_builder/val/ai_edited/c9dwil8_0.jpg
data_sources/ai_edited/IMD2020/c9gd8cq_0.jpg,data_sources/ai_edited/IMD2020,ai_edited,4251,1471,2.8899,JPEG,644932,6a9e3c9c3c4fb087d6fd74ac72e5021f,8d35ffea3b8e9ce27c24c1b0dec8483ff7ce1709a236e75e3b505ec94de95195,0.8,a493c6e4ec5a5b23,aspect_ratio_extreme,293.79063392396245,True,False,cluster_01666,val,/home/dheirav/Code/Deepfake_Detection/deepfake-project/dataset_builder/val/ai_edited/c9gd8cq_0.jpg
data_sources/ai_edited/IMD2020/c9gfhtc_0.jpg,data_sources/ai_edited/IMD2020,ai_edited,4250,1470,2.8912,JPEG,652727,d0f2d611eaebb081a10893e0603805d8,ee1a992ca40c77f5dd75ad5512da584215d8ef0cd0d72a798f1a3ecd139ec24f,0.8,e69a8ee4e15b5921,aspect_ratio_extreme,294.35844430812745,True,False,cluster_01669,val,/home/dheirav/Code/Deepfake_Detection/deepfake-project/dataset_builder/val/ai_edited/c9gfhtc_0.jpg
data_sources/ai_edited/IMD2020/c9gkk0s_0.jpg,data_sources/ai_edited/IMD2020,ai_edited,4138,1360,3.0426,JPEG,540525,84430de1f338bd56f1cfc11cb7f35982,ec04ce7f69c74e72c4e7544830a2144d69575f15c033bd8a3f22af21f5be0bb1,0.8,a493c6e5fc58231b,aspect_ratio_extreme,278.53619279405586,True,False,cluster_01671,val,/home/dheirav/Code/Deepfake_Detection/deepfake-project/dataset_builder/val/ai_edited/c9gkk0s_0.jpg
data_sources/ai_edited/IMD2020/c9pse6z_0.jpg,data_sources/ai_edited/IMD2020,ai_edited,924,460,2.0087,JPEG,93968,f0ae4df1a4e8f005e94578d5b6a16c9e,a99d7f5b45ac9f3b570effcaea28cc07130d404a065522d3b75e47bbf830bb69,0.8,eaf488ca8f9cd858,aspect_ratio_extreme,904.8315105006703,True,False,cluster_01695,val,/home/dheirav/Code/Deepfake_Detection/deepfake-project/dataset_builder/val/ai_edited/c9pse6z_0.jpg
data_sources/ai_edited/IMD2020/c9ucsmp_0.jpg,data_sources/ai_edited/IMD2020,ai_edited,959,334,2.8713,JPEG,199477,b7b8792c6c9bb3ffe2476a20a881c595,7c600209d48678b9a77b5334c957e27ecf298eb9a8d4c63a2b6251e517c457ba,0.8,839e71573521553d,aspect_ratio_extreme,329.5155229247257,True,False,cluster_01702,val,/home/dheirav/Code/Deepfake_Detection/deepfake-project/dataset_builder/val/ai_edited/c9ucsmp_0.jpg
data_sources/ai_edited/IMD2020/00011_fake.jpg,data_sources/ai_edited/IMD2020,ai_edited,700,500,1.4,JPEG,65484,4a547e4bf975e26700974c83c00b0ebd,42ed6bfd1274979bf338d6da5c10d112e5d992fa22bcdbee8a0bc9f17ad3073f,1.0,f1961a7925c29379,ok,123.82669415404897,True,True,cluster_01228,val,/home/dheirav/Code/Deepfake_Detection/deepfake-project/dataset_builder/val/ai_edited/00011_fake.jpg
data_sources/ai_edited/IMD2020/00015_fake.jpg,data_sources/ai_edited/IMD2020,ai_edited,371,469,0.791,JPEG,74365,3edda7be90c92b38fd2a2ce5ff6007d6,dd07e9213f2514692f91d312dacabc4cdfcefbd5d78228ccd95a4758deaad49d,1.0,c33e3d30f0e21e5c,ok,1230.8628770355513,True,True,cluster_01599,val,/home/dheirav/Code/Deepfake_Detection/deepfake-project/dataset_builder/val/ai_edited/00015_fake.jpg
data_sources/ai_edited/IMD2020/00016_fake.jpg,data_sources/ai_edited/IMD2020,ai_edited,324,291,1.1134,JPEG,57657,76ae15666a4596b7af490278b6c34339,205309854fe3e4bbc3caa172160081d9e73c0873a695dec1dc5ff364d9d1a7d5,1.0,f4c3b8ed860df068,ok,2244.4783166264797,True,True,cluster_01659,val,/home/dheirav/Code/Deepfake_Detection/deepfake-project/dataset_builder/val/ai_edited/00016_fake.jpg
data_sources/ai_edited/IMD2020/00031_fake.jpg,data_sources/ai_edited/IMD2020,ai_edited,618,347,1.781,JPEG,49666,1b4abc44b15efca92302ad717c55651d,621a8ffb1923cc3037a7febb58474651b566b0c1b163c55136abc9350bc10468,1.0,c779b946a14c9a63,ok,248.97109802813932,True,True,cluster_01542,val,/home/dheirav/Code/Deepfake_Detection/deepfake-project/dataset_builder/val/ai_edited/00031_fake.jpg
data_sources/ai_edited/IMD2020/00036_fake.jpg,data_sources/ai_edited/IMD2020,ai_edited,950,631,1.5055,JPEG,96696,0a9e051e0d65f100766eec00d3f68d81,8695a5b0316bf03ff7a5cc4a93b5f03ab1381458d40e0a9e9900bc05201233b0,1.0,83a5ec9873ca6cac,ok,304.4957053820174,True,True,cluster_00838,val,/home/dheirav/Code/Deepfake_Detection/deepfake-project/dataset_builder/val/ai_edited/00036_fake.jpg
data_sources/ai_edited/IMD2020/00047_fake_01.jpg,data_sources/ai_edited/IMD2020,ai_edited,1200,740,1.6216,JPEG,122700,31f59cd72f35069003f668249cf5ff61,0aa7d648d84ed9ad63323289e21ca7fcee28f56137122b1b40c23b1caa03782b,1.0,d961a74a1ce624de,ok,1178.8048190640168,True,True,cluster_00465,val,/home/dheirav/Code/Deepfake_Detection/deepfake-project/dataset_builder/val/ai_edited/00047_fake_01.jpg
data_sources/ai_edited/IMD2020/00073_fake.jpg,data_sources/ai_edited/IMD2020,ai_edited,490,660,0.7424,JPEG,75077,21d572b0b79c5990ec103207c94839b9,159ae13e5f13f91665101d5a2657545c94a9fe790f401f998baf1582fa0af3a9,1.0,b3e0c79c46f32c86,ok,333.0501320255583,True,True,cluster_01294,val,/home/dheirav/Code/Deepfake_Detection/deepfake-project/dataset_builder/val/ai_edited/00073_fake.jpg
data_sources/ai_edited/IMD2020/00087_fake.jpg,data_sources/ai_edited/IMD2020,ai_edited,719,975,0.7374,JPEG,58335,d129fbce15f2eaab9f06b45016bb7910,de92d7db6063ec0515640401256e9836b98f79c887f3cde5444da27142afe92c,1.0,b7605e522ccb56a5,ok,199.65342428338866,True,True,cluster_00638,val,/home/dheirav/Code/Deepfake_Detection/deepfake-project/dataset_builder/val/ai_edited/00087_fake.jpg
data_sources/ai_edited/IMD2020/00097_fake.jpg,data_sources/ai_edited/IMD2020,ai_edited,383,274,1.3978,JPEG,46223,ea461b1d403cc1d0c5193135dac5b450,45ff0d5f423bc8cfc9f50a53ed62fd3b7c9299dfaa721b9f43946aa8c58082be,1.0,d562824d3d19c6f6,ok,603.73480549724,True,True,cluster_01656,val,/home/dheirav/Code/Deepfake_Detection/deepfake-project/dataset_builder/val/ai_edited/00097_fake.jpg
data_sources/ai_edited/IMD2020/c8t9rsw_0.jpg,data_sources/ai_edited/IMD2020,ai_edited,768,1024,0.75,JPEG,99613,882fbb293b78c81a4d15c52e4b042625,f7a63889fc873f6ab864881d2038ffe08f482bcd9cf5f54b88aeda1ac7fe3c9c,1.0,8281c5683ebf1f4e,ok,193.2264251957337,True,True,cluster_00556,val,/home/dheirav/Code/Deepfake_Detection/deepfake-project/dataset_builder/val/ai_edited/c8t9rsw_0.jpg
data_sources/ai_edited/IMD2020/c8tf5mq_0.png,data_sources/ai_edited/IMD2020,ai_edited,500,503,0.994,PNG,304382,ac0f788172061ae3709d2cbbb9194d31,f909e127b4121cfae875ff06aabc0a7871f153aed77c89afd95bea4034076167,1.0,e5a30d639ce3668c,ok,520.2168496188515,True,True,cluster_01448,val,/home/dheirav/Code/Deepfake_Detection/deepfake-project/dataset_builder/val/ai_edited/c8tf5mq_0.png
data_sources/ai_edited/IMD2020/c8ttni9_0.jpg,data_sources/ai_edited/IMD2020,ai_edited,1000,748,1.3369,JPEG,224101,1a2a8baae28a6cc9e30c3838fb859953,37d4b7764b736c79fc9f78f6117a81e1393b3843458f932b2d4dd01d8144bdb1,1.0,acb8b032f1cde352,ok,301.4320513343229,True,True,cluster_00583,val,/home/dheirav/Code/Deepfake_Detection/deepfake-project/dataset_builder/val/ai_edited/c8ttni9_0.jpg
data_sources/ai_edited/IMD2020/c8tzqf0_0.jpg,data_sources/ai_edited/IMD2020,ai_edited,800,600,1.3333,JPEG,129303,9c619e711ba80826ca3e11c8f313e76a,47e64828f0926d92124772e89161a070dd8c0ca650dab7d5d2bddbc49619d738,1.0,c74ebcb1434b9866,ok,398.3319788530556,True,True,cluster_01002,val,/home/dheirav/Code/Deepfake_Detection/deepfake-project/dataset_builder/val/ai_edited/c8tzqf0_0.jpg
data_sources/ai_edited/IMD2020/c8u0wl4_0.jpg,data_sources/ai_edited/IMD2020,ai_edited,620,464,1.3362,JPEG,168556,f116de8309bce07ba0155de05bd76a54,8100c88a1a9772aeaf82d226189993d5aa0a9368c93e4dac675768297efe050b,1.0,acb8b131d09e6b4b,ok,968.9117455770884,True,True,cluster_01367,val,/home/dheirav/Code/Deepfake_Detection/deepfake-project/dataset_builder/val/ai_edited/c8u0wl4_0.jpg
data_sources/ai_edited/IMD2020/c8ufr4g_0.jpg,data_sources/ai_edited/IMD2020,ai_edited,606,654,0.9266,JPEG,208470,347eb3ab8fee72714a873c75624291fd,085b9c3f23a1affed11043d5e61ca517edbf49ab18ab7f7e0d6246be4be048d4,1.0,9a197d31e226d70b,ok,137.44190781377543,True,True,cluster_01138,val,/home/dheirav/Code/Deepfake_Detection/deepfake-project/dataset_builder/val/ai_edited/c8ufr4g_0.jpg
data_sources/ai_edited/IMD2020/c8uiddx_0.png,data_sources/ai_edited/IMD2020,ai_edited,606,654,0.9266,PNG,450551,78931578c0ea3d141c5ff9b4d748a582,c17025c95f09cb4df191e712bd7eddc834e43c55a40f9f8fdb88d835592bb3e9,1.0,9a197d34e227d307,ok,158.10829114613688,True,True,cluster_01137,val,/home/dheirav/Code/Deepfake_Detection/deepfake-project/dataset_builder/val/ai_edited/c8uiddx_0.png
data_sources/ai_edited/IMD2020/c8ulbmf_0.jpg,data_sources/ai_edited/IMD2020,ai_edited,600,450,1.3333,JPEG,122860,ef4138db52a4c9b7cc73fc2c9c6525ef,480b124008b1a57d57d132c6a6f459ad597ad632a18a80dd5e381e26ea4f163f,1.0,d0d5ece0d7a0499d,ok,2539.5231536170645,True,True,cluster_01412,val,/home/dheirav/Code/Deepfake_Detection/deepfake-project/dataset_builder/val/ai_edited/c8ulbmf_0.jpg
data_sources/ai_edited/IMD2020/c8v26qj_0.png,data_sources/ai_edited/IMD2020,ai_edited,650,474,1.3713,PNG,386168,437796e0c4cce074abfd38e30050c001,a53e3162797fce79c2d0c8d1214b2bd7498b4849e64a28ba98639f9d74f1fbd6,1.0,d6369649b96fb140,ok,391.32121006892663,True,True,cluster_01323,val,/home/dheirav/Code/Deepfake_Detection/deepfake-project/dataset_builder/val/ai_edited/c8v26qj_0.png
data_sources/ai_edited/IMD2020/c8v3xty_0.jpg,data_sources/ai_edited/IMD2020,ai_edited,650,474,1.3713,JPEG,152733,1d12c1b416173af590e20da47d874d36,82a5b5df80967e24089b3696f4852b1e083025b879334d1f2f64182b7c09f45a,1.0,d0369648b16b2ddd,ok,281.4809159281252,True,True,cluster_01325,val,/home/dheirav/Code/Deepfake_Detection/deepfake-project/dataset_builder/val/ai_edited/c8v3xty_0.jpg
data_sources/ai_edited/IMD2020/c8v5c8j_0.jpg,data_sources/ai_edited/IMD2020,ai_edited,640,480,1.3333,JPEG,143568,c874d9408abbfe540fc3615c9540cb3c,140cdc5f8df0d34801afb11611af5c445f9a3f5f6b3f73e9e5ec5dcde81eba09,1.0,8374cc8bb6492bf2,ok,463.64524066152575,True,True,cluster_01332,val,/home/dheirav/Code/Deepfake_Detection/deepfake-project/dataset_builder/val/ai_edited/c8v5c8j_0.jpg
data_sources/ai_edited/IMD2020/c8vepqy_0.jpg,data_sources/ai_edited/IMD2020,ai_edited,1068,747,1.4297,JPEG,202953,95410c7cac1e06a91adb7fafa3bf8dc9,d1f478a588ff620aea69961a3c1064d735183d36efef98c83308dc5dc48a1380,1.0,c9c787c697c1c2b8,ok,209.78103246844518,True,True,cluster_00530,val,/home/dheirav/Code/Deepfake_Detection/deepfake-project/dataset_builder/val/ai_edited/c8vepqy_0.jpg
data_sources/ai_edited/IMD2020/c8vfd6x_0.jpg,data_sources/ai_edited/IMD2020,ai_edited,1068,747,1.4297,JPEG,185155,495f7a33944600f45fb72daa499688ae,4d5f96d79ddb840dd445b8db9a2c8ee2316a2a0b619bcd8ac4a5a08bb68edcf1,1.0,d9e687d7cd81c038,ok,888.5431624325794,True,True,cluster_00532,val,/home/dheirav/Code/Deepfake_Detection/deepfake-project/dataset_builder/val/ai_edited/c8vfd6x_0.jpg
data_sources/ai_edited/IMD2020/c8vjlk1_0.jpg,data_sources/ai_edited/IMD2020,ai_edited,1068,747,1.4297,JPEG,226843,f76aa898066e994775e05e8726d12e15,9044aaa34719212743440209e0cc9235aadb2bedd4b6429f939bb43cdf30c03a,1.0,e6878dd3cdc1d098,ok,973.6132779506379,True,True,cluster_00527,val,/home/dheirav/Code/Deepfake_Detection/deepfake-project/dataset_builder/val/ai_edited/c8vjlk1_0.jpg
data_sources/ai_edited/IMD2020/c8vpmfd_0.jpg,data_sources/ai_edited/IMD2020,ai_edited,1920,1200,1.6,JPEG,331854,6f2ee9cf53f2daf7b0bb833f4f36b5a9,74885e4a0cc3af1debfbef64a724f688879c304d7fd55b62ca42d1424a136162,1.0,ee9b916c48369e62,ok,180.42592397527227,True,True,cluster_00122,val,/home/dheirav/Code/Deepfake_Detection/deepfake-project/dataset_builder/val/ai_edited/c8vpmfd_0.jpg
data_sources/ai_edited/IMD2020/c8vqeqw_0.jpg,data_sources/ai_edited/IMD2020,ai_edited,1920,1200,1.6,JPEG,327091,9e5edb9f731d77bbdecb7e45c05ac92c,cde95339165692af03305b461eab707109260b365893ed12b5641c9395682d68,1.0,ee9b916460379e4a,ok,179.3422121697167,True,True,cluster_00123,val,/home/dheirav/Code/Deepfake_Detection/deepfake-project/dataset_builder/val/ai_edited/c8vqeqw_0.jpg
data_sources/ai_edited/IMD2020/c8w0a7n_0.jpg,data_sources/ai_edited/IMD2020,ai_edited,860,528,1.6288,JPEG,88542,c3cdd9d6107089100bb3704a7d115728,d8b71ab73fd3ec63cb8f07d61d91a079308057ab61a88a4568ab6b376d41235b,1.0,b5f44abbca46b01a,ok,583.4769518184246,True,True,cluster_01049,val,/home/dheirav/Code/Deepfake_Detection/deepfake-project/dataset_builder/val/ai_edited/c8w0a7n_0.jpg
data_sources/ai_edited/IMD2020/c8wars7_0.jpg,data_sources/ai_edited/IMD2020,ai_edited,600,899,0.6674,JPEG,115531,00d097c057cfef9fc6cd21f2b5fb95e7,f51171fb7eb9eccfbe1373b696105c2c5d2ef7be42f2c9f571616da6f4e04505,1.0,faf2a1011f62c99b,ok,154.38710789101006,True,True,cluster_00918,val,/home/dheirav/Code/Deepfake_Detection/deepfake-project/dataset_builder/val/ai_edited/c8wars7_0.jpg
data_sources/ai_edited/IMD2020/c8wc6jq_0.png,data_sources/ai_edited/IMD2020,ai_edited,491,624,0.7869,PNG,599288,15f0132c799f430e5ecf79559088374b,1543b15aff1e15f48fdb7b6119c21f6d1a9eb7d4a9c2da54865f2fabf2458835,1.0,855a6d679887b07a,ok,732.8832120595646,True,True,cluster_01341,val,/home/dheirav/Code/Deepfake_Detection/deepfake-project/dataset_builder/val/ai_edited/c8wc6jq_0.png
data_sources/ai_edited/IMD2020/c8wc7vs_0.jpg,data_sources/ai_edited/IMD2020,ai_edited,491,699,0.7024,JPEG,145189,74a09dd298d757d86256a13a0963e723,c24c25baa9257ad54bb860060d8e9016e6eebe92584c66131ebfd7f194423929,1.0,8d527d67d08f9630,ok,626.3711141933974,True,True,cluster_01252,val,/home/dheirav/Code/Deepfake_Detection/deepfake-project/dataset_builder/val/ai_edited/c8wc7vs_0.jpg
data_sources/ai_edited/IMD2020/c8wcfx9_0.jpg,data_sources/ai_edited/IMD2020,ai_edited,527,318,1.6572,JPEG,66801,5201bcb1136698e67c554491e153a978,dc4863593936ea5e69df825eab1cb75c5f1ba2bf765dd93fa2f9fb6fa57e9fd3,1.0,854c3372af59f229,ok,419.22846031229085,True,True,cluster_01610,val,/home/dheirav/Code/Deepfake_Detection/deepfake-project/dataset_builder/val/ai_edited/c8wcfx9_0.jpg
data_sources/ai_edited/IMD2020/c8wdsc1_0.jpg,data_sources/ai_edited/IMD2020,ai_edited,500,375,1.3333,JPEG,179076,7da22396f069359c65d0d38a8df2fcef,dc61eeca3dd137d3eb3017133c06c9432498de79477ebe9cfcebddba72406796,1.0,bb13c78f29388636,ok,2524.0525557077335,True,True,cluster_01573,val,/home/dheirav/Code/Deepfake_Detection/deepfake-project/dataset_builder/val/ai_edited/c8wdsc1_0.jpg
data_sources/ai_edited/IMD2020/c8wrglm_0.jpg,data_sources/ai_edited/IMD2020,ai_edited,525,528,0.9943,JPEG,128610,70c6a346d674292049a5759724c2c607,7cf0e611fd795b8ba909a5fd8eb196adfa6702d6d4af75af7bc7750dacd24cc5,1.0,f0c0435ffa1f21b1,ok,2372.724257378867,True,True,cluster_01382,val,/home/dheirav/Code/Deepfake_Detection/deepfake-project/dataset_builder/val/ai_edited/c8wrglm_0.jpg
data_sources/ai_edited/IMD2020/c8wry2k_0.jpg,data_sources/ai_edited/IMD2020,ai_edited,864,578,1.4948,JPEG,103573,c43730e991ebfe3e697480925e7b548c,7e62919bd724fcefd3f3172c24da6fae464dbe94c40c9ac71bf2d544038a3e08,1.0,84802b7b96967bec,ok,286.1713578664519,True,True,cluster_00968,val,/home/dheirav/Code/Deepfake_Detection/deepfake-project/dataset_builder/val/ai_edited/c8wry2k_0.jpg
data_sources/ai_edited/IMD2020/c8wsol6_0.jpg,data_sources/ai_edited/IMD2020,ai_edited,630,948,0.6646,JPEG,105225,4b34cd3351bb6433cda1b27595b696db,b1c1a33c31e9ff86ac731b9a3698f498713842fffb50fa3e8c46a818e376fc40,1.0,df64401b377ac43c,ok,152.6692465313625,True,True,cluster_00839,val,/home/dheirav/Code/Deepfake_Detection/deepfake-project/dataset_builder/val/ai_edited/c8wsol6_0.jpg
data_sources/ai_edited/IMD2020/c8wtc5y_0.jpg,data_sources/ai_edited/IMD2020,ai_edited,965,768,1.2565,JPEG,157056,f5d0a9b831bd5249ee5f0676dcde701f,f4b71ee4cd89424fc67419dc7a9860f9426a4dbb1271ddb70da6b11e16180268,1.0,8ee45b989b6945b1,ok,453.53453657417094,True,True,cluster_00590,val,/home/dheirav/Code/Deepfake_Detection/deepfake-project/dataset_builder/val/ai_edited/c8wtc5y_0.jpg
data_sources/ai_edited/IMD2020/c8wte77_0.jpg,data_sources/ai_edited/IMD2020,ai_edited,1024,835,1.2263,JPEG,137104,03db30a34f87a7a47a213ba6b3618db9,9be71158bcc03220ffb3508fc5e1159b88a3fb54f23d80b303a02427c3a59752,1.0,e9c90f34b496d61a,ok,172.79300821463738,True,True,cluster_00497,val,/home/dheirav/Code/Deepfake_Detection/deepfake-project/dataset_builder/val/ai_edited/c8wte77_0.jpg
data_sources/ai_edited/IMD2020/c8wvegs_0.jpg,data_sources/ai_edited/IMD2020,ai_edited,953,953,1.0,JPEG,136018,b45741bc1b89447499341915340ddafc,d5a713b86e9bc5f30dc024adc87550c0ea1958bfcf80dc09fc0907e9b5b2a2a4,1.0,adda1a2dd201da3d,ok,254.4517692732117,True,True,cluster_00445,val,/home/dheirav/Code/Deepfake_Detection/deepfake-project/dataset_builder/val/ai_edited/c8wvegs_0.jpg
data_sources/ai_edited/IMD2020/c8wx8en_0.jpg,data_sources/ai_edited/IMD2020,ai_edited,900,1350,0.6667,JPEG,280865,003fbadae8d506eec5d562fc3058dbb0,811bc28725ecffb26e4504daa6e6f29c10a0d34cadbe7516e3574808406d9364,1.0,e8a6d678195923b6,ok,135.88261891000084,True,True,cluster_00325,val,/home/dheirav/Code/Deepfake_Detection/deepfake-project/dataset_builder/val/ai_edited/c8wx8en_0.jpg
data_sources/ai_edited/IMD2020/c8wyxuh_0.jpg,data_sources/ai_edited/IMD2020,ai_edited,525,800,0.6562,JPEG,159971,31b0ef9647749b898ad210a01e058f1f,f1cfe94be6f770b0661dcef552eeea31130311f2bd76df07e52e0590d1c4b204,1.0,82e8389d5767532e,ok,1194.9600132265248,True,True,cluster_01112,val,/home/dheirav/Code/Deepfake_Detection/deepfake-project/dataset_builder/val/ai_edited/c8wyxuh_0.jpg
data_sources/ai_edited/IMD2020/c8wziyg_0.jpg,data_sources/ai_edited/IMD2020,ai_edited,1200,797,1.5056,JPEG,302472,57914dbad4415a73f763b385d5066117,1ec0efd95afc631cb359bef86c5c4957f0bf345a6688b08ab63e63a4ecb5b481,1.0,9787c4ecb8cae232,ok,5193.38150301842,True,True,cluster_00420,val,/home/dheirav/Code/Deepfake_Detection/deepfake-project/dataset_builder/val/ai_edited/c8wziyg_0.jpg
data_sources/ai_edited/IMD2020/c8x0x1t_0.jpg,data_sources/ai_edited/IMD2020,ai_edited,1575,2100,0.75,JPEG,338782,668639fa4cd9063679877b7962bbe37f,0c54742f947d2caad8811eb9c9f7a417e9a60aea3bb814608c268f8c16cd6bac,1.0,ea95a5ee91c09e4a,ok,1224.6470548752834,True,True,cluster_00058,val,/home/dheirav/Code/Deepfake_Detection/deepfake-project/dataset_builder/val/ai_edited/c8x0x1t_0.jpg
data_sources/ai_edited/IMD2020/c8x1pe8_0.jpg,data_sources/ai_edited/IMD2020,ai_edited,1247,964,1.2936,JPEG,366820,a355ecd895c872c681e9bfd80d275e11,b6e7c898b329f4a27f6e5e38a2c985a33a7fe57759be3398ee77975db279eb4b,1.0,c0b3dba1309b8caf,ok,671.9572401719994,True,True,cluster_00329,val,/home/dheirav/Code/Deepfake_Detection/deepfake-project/dataset_builder/val/ai_edited/c8x1pe8_0.jpg
data_sources/ai_edited/IMD2020/c8x2s20_0.jpg,data_sources/ai_edited/IMD2020,ai_edited,1247,964,1.2936,JPEG,154462,eee96341b05eadbf0d0e3f7ddfb04336,0614a02e41cee8faadb442e987040063c0929a40dfd8794f972ff6da6d26c682,1.0,c083f3b9339e8c87,ok,516.3683111649855,True,True,cluster_00330,val,/home/dheirav/Code/Deepfake_Detection/deepfake-project/dataset_builder/val/ai_edited/c8x2s20_0.jpg
data_sources/ai_edited/IMD2020/c8x9xkj_0.jpg,data_sources/ai_edited/IMD2020,ai_edited,960,639,1.5023,JPEG,114973,fbffeb7bdefd45bf684e38174eb9bf1b,7bb61da6a4261801e70a8d836fda12f9e011e550dfca50da7a848bc575bb72e6,1.0,e3c91df2c28cd0a7,ok,217.36625441743786,True,True,cluster_00815,val,/home/dheirav/Code/Deepfake_Detection/deepfake-project/dataset_builder/val/ai_edited/c8x9xkj_0.jpg
data_sources/ai_edited/IMD2020/c8xanp8_0.png,data_sources/ai_edited/IMD2020,ai_edited,960,639,1.5023,PNG,621516,1459f4a073323a8c24036030001c725c,c73cba43ec68b5e347d7b37d3667e9437ad8d11aa381026a144aa8f5fb1add70,1.0,c3e1d9aea2d41c96,ok,213.48602411944236,True,True,cluster_00810,val,/home/dheirav/Code/Deepfake_Detection/deepfake-project/dataset_builder/val/ai_edited/c8xanp8_0.png
data_sources/ai_edited/IMD2020/c8xariv_0.jpg,data_sources/ai_edited/IMD2020,ai_edited,468,300,1.56,JPEG,113211,313b4ae0213f17a70b385d318ec9420b,4c0811729bf0a28b94e47f8e6240a8995cf673c01b608d618b6c518ba39fa11d,1.0,d6da25334ca77825,ok,1735.0580038144476,True,True,cluster_01639,val,/home/dheirav/Code/Deepfake_Detection/deepfake-project/dataset_builder/val/ai_edited/c8xariv_0.jpg
data_sources/ai_edited/IMD2020/c8xdawa_0.jpg,data_sources/ai_edited/IMD2020,ai_edited,960,639,1.5023,JPEG,96731,71cb61d5165cb4a464631092cecc2be2,9eb61aa3d5d91012659690e0a6c6344fdc7625c180690d2dfcce1bb2855881c5,1.0,d3e989aaa2d43c96,ok,267.2427302505663,True,True,cluster_00816,val,/home/dheirav/Code/Deepfake_Detection/deepfake-project/dataset_builder/val/ai_edited/c8xdawa_0.jpg
data_sources/ai_edited/IMD2020/c8xkcsl_0.jpg,data_sources/ai_edited/IMD2020,ai_edited,920,518,1.7761,JPEG,109993,85d443e58d18f8cf3c38cfe2bd75793d,ef86fe30f604d802d072ee8ea0c3744a957d2ecbe051fb9eb9a88498ace7c9e4,1.0,cbccccc4cb999c64,ok,700.5632674917649,True,True,cluster_01016,val,/home/dheirav/Code/Deepfake_Detection/deepfake-project/dataset_builder/val/ai_edited/c8xkcsl_0.jpg
data_sources/ai_edited/IMD2020/c8y31sd_0.jpg,data_sources/ai_edited/IMD2020,ai_edited,900,611,1.473,JPEG,201452,d8b3592c718b93e4dcbc5c92052186ca,3d0bc3611cdc9cb2c41a8e0da7693220d8f0e5d25b2f9ee9a18b0c30ea689d97,1.0,95f0ab58361d8ec6,ok,690.752875373955,True,True,cluster_00895,val,/home/dheirav/Code/Deepfake_Detection/deepfake-project/dataset_builder/val/ai_edited/c8y31sd_0.jpg
data_sources/ai_edited/IMD2020/c8yb71t_0.jpg,data_sources/ai_edited/IMD2020,ai_edited,900,611,1.473,JPEG,84769,6564babb8535bd41b10129bd5c295368,43d315c93d9bca19e1ed8d76310d93eac37159ce23b39a42d68c11644425a52c,1.0,e1f08f581a45cbd5,ok,603.0956517901204,True,True,cluster_00902,val,/home/dheirav/Code/Deepfake_Detection/deepfake-project/dataset_builder/val/ai_edited/c8yb71t_0.jpg
data_sources/ai_edited/IMD2020/c8ye71b_0.jpg,data_sources/ai_edited/IMD2020,ai_edited,900,611,1.473,JPEG,127364,07392d48967be348cfe699a9cd03a3f1,3ff57bd3059a8ae4e779b6364e84f580127e6599e6ec724b63076b1a44d70f0e,1.0,e0d09b789855cfd4,ok,807.2674329355523,True,True,cluster_00900,val,/home/dheirav/Code/Deepfake_Detection/deepfake-project/dataset_builder/val/ai_edited/c8ye71b_0.jpg
data_sources/ai_edited/IMD2020/c8yfhte_0.jpg,data_sources/ai_edited/IMD2020,ai_edited,800,534,1.4981,JPEG,244464,db8af60495b1002e615acf492508607b,67e84ccb02b9cd721206a85316452956f08807e238c8319b1c3812bc3b4b2827,1.0,ec4ae22bc9762c4d,ok,578.7277687651671,True,True,cluster_01093,val,/home/dheirav/Code/Deepfake_Detection/deepfake-project/dataset_builder/val/ai_edited/c8yfhte_0.jpg
data_sources/ai_edited/IMD2020/c8yhtxf_0.jpg,data_sources/ai_edited/IMD2020,ai_edited,500,356,1.4045,JPEG,90558,79f6a07a614dbfd9ccaffc63ff7da24a,08a0a30a82eb8602e0ab9a8cd02f294189b34dd1e31d272cddc6a0566a705096,1.0,8ff290cbe18c9587,ok,825.6703989238732,True,True,cluster_01594,val,/home/dheirav/Code/Deepfake_Detection/deepfake-project/dataset_builder/val/ai_edited/c8yhtxf_0.jpg
data_sources/ai_edited/IMD2020/c8yjs3y_0.jpg,data_sources/ai_edited/IMD2020,ai_edited,600,352,1.7045,JPEG,34514,c8ee78f01e58ec64f0b32a07cf7cc00d,41eabefc5154fa971febf5815385015ec698d53b0c7c89b8ea13458b28be35fc,1.0,c79d4216f0c938f3,ok,289.6783326467579,True,True,cluster_01545,val,/home/dheirav/Code/Deepfake_Detection/deepfake-project/dataset_builder/val/ai_edited/c8yjs3y_0.jpg
data_sources/ai_edited/IMD2020/c8yjscj_0.png,data_sources/ai_edited/IMD2020,ai_edited,453,604,0.75,PNG,392128,93d91c422e9c24d12a2d191e5519e573,70dff78c354f6415a9c7df3b1e0bc4d61852dc6ce2a7e6e28d8d107f857c1c58,1.0,c75201e856e778cd,ok,246.60214800894408,True,True,cluster_01390,val,/home/dheirav/Code/Deepfake_Detection/deepfake-project/dataset_builder/val/ai_edited/c8yjscj_0.png
data_sources/ai_edited/IMD2020/c8yv0ld_0.jpg,data_sources/ai_edited/IMD2020,ai_edited,1224,1632,0.75,JPEG,418700,aed4de9ec43f810cbc1515df6bc2c642,0f56b02aebd07c37007f5eef175171171363b12299ebda34beaa1c701da17777,1.0,d5d52bffc0c09185,ok,287.96947635240673,True,True,cluster_00170,val,/home/dheirav/Code/Deepfake_Detection/deepfake-project/dataset_builder/val/ai_edited/c8yv0ld_0.jpg
data_sources/ai_edited/IMD2020/c8yvmji_0.jpg,data_sources/ai_edited/IMD2020,ai_edited,1224,1632,0.75,JPEG,374406,04851da3c6c8571e812a32cb620a0b0a,65fdce294a547f4e90c7f0ee933fbe3d8b4a4f093778d8411fc97b7e26f31eb3,1.0,b1c70ef7d0c0c794,ok,354.05508096521265,True,True,cluster_00171,val,/home/dheirav/Code/Deepfake_Detection/deepfake-project/dataset_builder/val/ai_edited/c8yvmji_0.jpg
data_sources/ai_edited/IMD2020/c8z27jg_0.jpg,data_sources/ai_edited/IMD2020,ai_edited,1152,768,1.5,JPEG,102646,c1ea57709ed65f478ea32e47ffa79a70,5429181bebfcbdbb57abdce874e1a83b3481455b58e847a0b55e409e6805a137,1.0,9491638f6ebe9831,ok,3171.862239125656,True,True,cluster_00476,val,/home/dheirav/Code/Deepfake_Detection/deepfake-project/dataset_builder/val/ai_edited/c8z27jg_0.jpg
data_sources/ai_edited/IMD2020/c8z2itj_0.jpg,data_sources/ai_edited/IMD2020,ai_edited,494,467,1.0578,JPEG,124576,6365dd6b4c35deb519c5d9322c1b92d2,c4c9d7f475c2cc12944e00b62b95366881207ec313e079a720ea1764302034dc,1.0,e2955986c66633d9,ok,2754.3240068676273,True,True,cluster_01505,val,/home/dheirav/Code/Deepfake_Detection/deepfake-project/dataset_builder/val/ai_edited/c8z2itj_0.jpg
data_sources/ai_edited/IMD2020/c8z31h1_0.jpg,data_sources/ai_edited/IMD2020,ai_edited,600,400,1.5,JPEG,68947,1fc4b82edea8abf4e9693272c6704313,4828b5eb7047833019844debbe244bc39bf21917c0ce7697e8d634a7f4e5bc6f,1.0,f790e40b62fe6894,ok,735.1015410116494,True,True,cluster_01480,val,/home/dheirav/Code/Deepfake_Detection/deepfake-project/dataset_builder/val/ai_edited/c8z31h1_0.jpg
data_sources/ai_edited/IMD2020/c8z3et9_0.jpg,data_sources/ai_edited/IMD2020,ai_edited,1152,768,1.5,JPEG,219693,20d8ce83aa60dfc1015a96114fa9481b,ac35c1fb284e075c62f034cf1f7200440dd7ad0de9d624ea7a5a9d76dbdd5363,1.0,ef90d49b44fe6814,ok,1048.5243699747457,True,True,cluster_00471,val,/home/dheirav/Code/Deepfake_Detection/deepfake-project/dataset_builder/val/ai_edited/c8z3et9_0.jpg
data_sources/ai_edited/IMD2020/c8z4o30_0.jpg,data_sources/ai_edited/IMD2020,ai_edited,1152,768,1.5,JPEG,146156,2dbb6e970796ca938484e5767854febb,a055675e778869ec01054a2b1f8737b26ac08dcfa82a61e46a5da6582bf6d27a,1.0,ff90698b56ec6910,ok,478.0447918596078,True,True,cluster_00473,val,/home/dheirav/Code/Deepfake_Detection/deepfake-project/dataset_builder/val/ai_edited/c8z4o30_0.jpg
data_sources/ai_edited/IMD2020/c8zax0v_0.jpg,data_sources/ai_edited/IMD2020,ai_edited,1200,704,1.7045,JPEG,88988,e39212527e66e7dd59635668d5d9c534,a7e63d620c4b32e7674e2c0b0f7716097328df6703f5e259d6ac7152a1fd38fe,1.0,93626d99661e4d36,ok,201.8462701178923,True,True,cluster_00503,val,/home/dheirav/Code/Deepfake_Detection/deepfake-project/dataset_builder/val/ai_edited/c8zax0v_0.jpg
data_sources/ai_edited/IMD2020/c8zepg5_0.jpg,data_sources/ai_edited/IMD2020,ai_edited,749,499,1.501,JPEG,202054,b35d0d45ee3b934191e06aa46239e012,09ea2e3df9932d08d63bce7772ad48f9a8cea2d410f71d453efe829eae8e0c5e,1.0,dc91618e6ebe9825,ok,721.3422115336306,True,True,cluster_01191,val,/home/dheirav/Code/Deepfake_Detection/deepfake-project/dataset_builder/val/ai_edited/c8zepg5_0.jpg
data_sources/ai_edited/IMD2020/c8zexo2_0.jpg,data_sources/ai_edited/IMD2020,ai_edited,600,352,1.7045,JPEG,247757,ca8f83e60f11447777544113b1c6d722,888589d92b3b6a04913d0e704eb6a461c59d01be8ae58ed6973a14958cfb697e,1.0,814033ceb31c7f3e,ok,2026.3184738277664,True,True,cluster_01544,val,/home/dheirav/Code/Deepfake_Detection/deepfake-project/dataset_builder/val/ai_edited/c8zexo2_0.jpg
data_sources/ai_edited/IMD2020/c8zezwq_0.jpg,data_sources/ai_edited/IMD2020,ai_edited,1200,639,1.8779,JPEG,132155,44917535c39971eaa3dd4cab2fd85005,08bc1695f40b800e5975adb3c5b5954707f7563090fc98f875de6b066d53737b,1.0,8e416e3b1c0f163f,ok,783.6157481334114,True,True,cluster_00577,val,/home/dheirav/Code/Deepfake_Detection/deepfake-project/dataset_builder/val/ai_edited/c8zezwq_0.jpg
data_sources/ai_edited/IMD2020/c8zpxv6_0.jpg,data_sources/ai_edited/IMD2020,ai_edited,633,720,0.8792,JPEG,178595,58274e14775e225c663d136204fd98b0,f7c91d58c9a32690e176b2c932d9e088ba793b5dcf1fe1678810c12fbae738eb,1.0,c4e0691f47797986,ok,385.9857939227266,True,True,cluster_01046,val,/home/dheirav/Code/Deepfake_Detection/deepfake-project/dataset_builder/val/ai_edited/c8zpxv6_0.jpg
data_sources/ai_edited/IMD2020/c8zttpz_0.png,data_sources/ai_edited/IMD2020,ai_edited,400,387,1.0336,PNG,260198,64d9adf68cd0d485b00b4bfbdad9cf60,1b757a40c01d5449fe2f15a97e6af8fb7e00021b0b88f1c75e4f38531db164e4,1.0,f078811f9c46ef43,ok,1355.4585572080587,True,True,cluster_01628,val,/home/dheirav/Code/Deepfake_Detection/deepfake-project/dataset_builder/val/ai_edited/c8zttpz_0.png
data_sources/ai_edited/IMD2020/c8ztu03_0.jpg,data_sources/ai_edited/IMD2020,ai_edited,709,471,1.5053,JPEG,56362,5c8bf87d1a63e2bb5945d79d00fb3feb,dc4cb9c933048f85c2c93e59804e0a18f9782539ec5814511ef62c46d97b8069,1.0,9e3ef0c347d19838,ok,223.1608607073626,True,True,cluster_01277,val,/home/dheirav/Code/Deepfake_Detection/deepfake-project/dataset_builder/val/ai_edited/c8ztu03_0.jpg
data_sources/ai_edited/IMD2020/c8zv3tl_0.jpg,data_sources/ai_edited/IMD2020,ai_edited,640,453,1.4128,JPEG,114726,36fcd028ce6dd94782fb723b2a7cd88a,dc6b610e3ee393be821dc5a3ffdfbee044ad75b37e16829239abb30fb2c62a52,1.0,c2b1af6e944d68e4,ok,1278.2042280565252,True,True,cluster_01364,val,/home/dheirav/Code/Deepfake_Detection/deepfake-project/dataset_builder/val/ai_edited/c8zv3tl_0.jpg
data_sources/ai_edited/IMD2020/c8zwpv6_0.jpg,data_sources/ai_edited/IMD2020,ai_edited,663,391,1.6957,JPEG,68465,ff46eec36f99a2504589a6cd5e5613f6,fca13a5ce9cede2a4825f54432d205e3835841c4fe7941559fa4bf4cb02b4db8,1.0,989fc7fc443318cc,ok,298.84310432565445,True,True,cluster_01441,val,/home/dheirav/Code/Deepfake_Detection/deepfake-project/dataset_builder/val/ai_edited/c8zwpv6_0.jpg
data_sources/ai_edited/IMD2020/c9026js_0.jpg,data_sources/ai_edited/IMD2020,ai_edited,570,431,1.3225,JPEG,172311,af222ec6a3bae6c501523867fca2e13d,8dedc6d05f7dc4eb9ca89442a1bdf455f638be3028bf8ae639ad3171a845a2ec,1.0,c392c987b46b5d34,ok,784.3393130022449,True,True,cluster_01459,val,/home/dheirav/Code/Deepfake_Detection/deepfake-project/dataset_builder/val/ai_edited/c9026js_0.jpg
data_sources/ai_edited/IMD2020/c90ciwt_0.png,data_sources/ai_edited/IMD2020,ai_edited,858,536,1.6007,PNG,647424,8c6aaf228478f1ef562f9fe235d7e008,329462d848500258972ba1be04b207b5d220ebc3a58d150d5142ace9a31c70a8,1.0,c311f609669b2d76,ok,432.367154177958,True,True,cluster_01029,val,/home/dheirav/Code/Deepfake_Detection/deepfake-project/dataset_builder/val/ai_edited/c90ciwt_0.png
data_sources/ai_edited/IMD2020/c90d9fr_0.jpg,data_sources/ai_edited/IMD2020,ai_edited,2880,2112,1.3636,JPEG,744480,1b4c76cd08dbc4029af35f066b6d2570,c20fb5da253dce04a9629de382b105725680642ce58a7b96daef34926773b2c1,1.0,c0e68f2463cf649d,ok,152.0629528606156,True,True,cluster_00011,val,/home/dheirav/Code/Deepfake_Detection/deepfake-project/dataset_builder/val/ai_edited/c90d9fr_0.jpg
data_sources/ai_edited/IMD2020/c90eken_0.jpg,data_sources/ai_edited/IMD2020,ai_edited,858,536,1.6007,JPEG,135440,1a8d8ab7e043e058cbc7cedced75e944,3000c5b0a86e1d0e54b1bdecf7cd95a1753ecab525e26fef86ffdb80090049b5,1.0,c397fec974190926,ok,524.4773044898787,True,True,cluster_01032,val,/home/dheirav/Code/Deepfake_Detection/deepfake-project/dataset_builder/val/ai_edited/c90eken_0.jpg
data_sources/ai_edited/IMD2020/c90i4n3_0.jpg,data_sources/ai_edited/IMD2020,ai_edited,900,551,1.6334,JPEG,197123,f6fed9d596b1a7e23c8417d02d05fe8b,f95785ea52e6bd7d73ce9294a59f52297eec372bbe686fb93bbd38d61bb3a687,1.0,b347386649cd4793,ok,665.5333275894844,True,True,cluster_00982,val,/home/dheirav/Code/Deepfake_Detection/deepfake-project/dataset_builder/val/ai_edited/c90i4n3_0.jpg
data_sources/ai_edited/IMD2020/c90jgir_0.jpg,data_sources/ai_edited/IMD2020,ai_edited,960,720,1.3333,JPEG,169872,aa316cb8598835a4d142760fe1c2e6b5,352a9be7ef4773ad45220e453c1144201b723c0e88b454770e5ec060a09c1899,1.0,f5ec089582d39baa,ok,559.1675844714506,True,True,cluster_00685,val,/home/dheirav/Code/Deepfake_Detection/deepfake-project/dataset_builder/val/ai_edited/c90jgir_0.jpg
data_sources/ai_edited/IMD2020/c90mtx6_0.jpg,data_sources/ai_edited/IMD2020,ai_edited,1200,800,1.5,JPEG,183548,c0852ba782aaeedec17cd09f0085d942,637568871dffe149d2f77c80900478ffd6b784122c563b53af0bb90979eb59fb,1.0,d4992a013baf4bb6,ok,476.4094347760417,True,True,cluster_00413,val,/home/dheirav/Code/Deepfake_Detection/deepfake-project/dataset_builder/val/ai_edited/c90mtx6_0.jpg
data_sources/ai_edited/IMD2020/c90pt3k_0.jpg,data_sources/ai_edited/IMD2020,ai_edited,1200,800,1.5,JPEG,179350,b4d01ee484e11977e2b07dbc612ae85b,f74ea3ce0e18904d755c2135ed156679b80f01dbf638f9f65b72fb68bf644f1a,1.0,d1992a05bb2f91ba,ok,469.338861859375,True,True,cluster_00414,val,/home/dheirav/Code/Deepfake_Detection/deepfake-project/dataset_builder/val/ai_edited/c90pt3k_0.jpg
data_sources/ai_edited/IMD2020/c90q0i2_0.jpg,data_sources/ai_edited/IMD2020,ai_edited,1200,800,1.5,JPEG,170065,687abf4034d61c940182adfaeefa23d1,88431fb0f8dc41844276284aac47ffd577806f12cc0c58607227e47826285051,1.0,85582952af5bb55a,ok,513.088319990816,True,True,cluster_00415,val,/home/dheirav/Code/Deepfake_Detection/deepfake-project/dataset_builder/val/ai_edited/c90q0i2_0.jpg
data_sources/ai_edited/IMD2020/c90q79y_0.jpg,data_sources/ai_edited/IMD2020,ai_edited,1200,800,1.5,JPEG,223614,b3710e186e3389752cf60de1b9d9368f,a7b32493fef103e951e5508c8c911e2a9dd893c6989f775577daed8849e8c633,1.0,d1992a11ba2f93ba,ok,451.76182683664933,True,True,cluster_00407,val,/home/dheirav/Code/Deepfake_Detection/deepfake-project/dataset_builder/val/ai_edited/c90q79y_0.jpg
data_sources/ai_edited/IMD2020/c90znhl_0.jpg,data_sources/ai_edited/IMD2020,ai_edited,742,450,1.6489,JPEG,40290,e8e27bed5cfdd82319b577a8eff66b05,95a7000b3f0571d0442e2ca3edd9b669d096c0bdab8f9920620a828185b76331,1.0,f2cacd343cc92339,ok,304.9678399882464,True,True,cluster_01278,val,/home/dheirav/Code/Deepfake_Detection/deepfake-project/dataset_builder/val/ai_edited/c90znhl_0.jpg
data_sources/ai_edited/IMD2020/c910i2y_0.jpg,data_sources/ai_edited/IMD2020,ai_edited,1152,864,1.3333,JPEG,246166,91b95480c0bef69ad086a2ad9719627a,7e1fba1844d3e9e45b78511befa92e0cbe0f4e9e0711b375e9ffda98d3a8643b,1.0,8f5fb88ed08e8d90,ok,467.7463744537114,True,True,cluster_00387,val,/home/dheirav/Code/Deepfake_Detection/deepfake-project/dataset_builder/val/ai_edited/c910i2y_0.jpg
data_sources/ai_edited/IMD2020/c911vlp_0.jpg,data_sources/ai_edited/IMD2020,ai_edited,960,622,1.5434,JPEG,83854,4663aa03c0abbd2b0579a776d79162ed,41c407e4041413a411a79f579b1004c4553850402725faf76c33ecc4a456151c,1.0,b4d5c05bbb664d24,ok,155.90094716852562,True,True,cluster_00843,val,/home/dheirav/Code/Deepfake_Detection/deepfake-project/dataset_builder/val/ai_edited/c911vlp_0.jpg
data_sources/ai_edited/IMD2020/c9132um_0.jpg,data_sources/ai_edited/IMD2020,ai_edited,800,533,1.5009,JPEG,148764,d2da67bd412788b3193edf892183d9c9,bd77c5e2287ceff6f76848ad681971e6f320084533c6d3728be4a0855bba9d7b,1.0,ba529acbc186e07d,ok,1246.320503354445,True,True,cluster_01096,val,/home/dheirav/Code/Deepfake_Detection/deepfake-project/dataset_builder/val/ai_edited/c9132um_0.jpg
data_sources/ai_edited/IMD2020/c91416c_0.jpg,data_sources/ai_edited/IMD2020,ai_edited,637,358,1.7793,JPEG,56921,5364b211e9a8f3c954525c4141e68fd1,985f50afea0049557acce57a183db4bca427c49d49ccf8e3886ad189d49d0313,1.0,f80aa72cc077d17c,ok,294.0390184343405,True,True,cluster_01523,val,/home/dheirav/Code/Deepfake_Detection/deepfake-project/dataset_builder/val/ai_edited/c91416c_0.jpg
data_sources/ai_edited/IMD2020/c91g0zs_0.jpg,data_sources/ai_edited/IMD2020,ai_edited,1300,752,1.7287,JPEG,250147,ab392957336ecbb88bb8f840fa272727,a0241555038e4fdcfaeed7609f76711f14e5868786406f75bb2f29f0aae9a87c,1.0,940af26d67f4ac2a,ok,1827.9382110658412,True,True,cluster_00392,val,/home/dheirav/Code/Deepfake_Detection/deepfake-project/dataset_builder/val/ai_edited/c91g0zs_0.jpg
data_sources/ai_edited/IMD2020/c91js2j_0.jpg,data_sources/ai_edited/IMD2020,ai_edited,600,842,0.7126,JPEG,174475,10e610656bc48ebb93a9a3bee177fc10,4cc084ed6c2c9189edd2a94ab118b58193821fa7a4238b8c54942f77aa3687ed,1.0,c29539c2e69c9877,ok,775.172898693477,True,True,cluster_00965,val,/home/dheirav/Code/Deepfake_Detection/deepfake-project/dataset_builder/val/ai_edited/c91js2j_0.jpg
data_sources/ai_edited/IMD2020/c91lgra_0.jpg,data_sources/ai_edited/IMD2020,ai_edited,960,960,1.0,JPEG,185845,29cf77a26becc9452e3b421b4faf9370,6a140b1c342e4a2a876d1102763c56d46142f3039293b47b85420571731cde2c,1.0,a39934ad1f46497a,ok,208.13445963541668,True,True,cluster_00440,val,/home/dheirav/Code/Deepfake_Detection/deepfake-project/dataset_builder/val/ai_edited/c91lgra_0.jpg
data_sources/ai_edited/IMD2020/c91lxbv_0.jpg,data_sources/ai_edited/IMD2020,ai_edited,1600,1143,1.3998,JPEG,601584,e203dce4e37cb490f7fede8eb0c0a758,1f81f4cd5a1223f165ed04afcb21e34b44d3ca8e4a22e72c4f31d3c2a29da9d6,1.0,d113b3b84ec0ea6e,ok,966.728245111998,True,True,cluster_00204,val,/home/dheirav/Code/Deepfake_Detection/deepfake-project/dataset_builder/val/ai_edited/c91lxbv_0.jpg
data_sources/ai_edited/IMD2020/c91o1ca_0.jpg,data_sources/ai_edited/IMD2020,ai_edited,481,959,0.5016,JPEG,98060,d0cda38befecce427e9e4b39972924bf,add61fd67b4123d5c4c04c4ee39f6ac6d66d9f2f806c97c08a2dcf79e2d65047,1.0,94d34fb47118716e,ok,283.9946733681977,True,True,cluster_01028,val,/home/dheirav/Code/Deepfake_Detection/deepfake-project/dataset_builder/val/ai_edited/c91o1ca_0.jpg
data_sources/ai_edited/IMD2020/c91o8wl_0.jpg,data_sources/ai_edited/IMD2020,ai_edited,562,571,0.9842,JPEG,116585,4ad775db931afe66187fc2d6f6ca3fd4,9b41168f860f88f285f28b2a2d579109b72ab6f398969067575baec940930977,1.0,df02806cdb56ca3d,ok,1181.853302185083,True,True,cluster_01297,val,/home/dheirav/Code/Deepfake_Detection/deepfake-project/dataset_builder/val/ai_edited/c91o8wl_0.jpg
data_sources/ai_edited/IMD2020/c91qncg_0.jpg,data_sources/ai_edited/IMD2020,ai_edited,491,960,0.5115,JPEG,67614,3ca253b364a95d575cbbf23cc0ded7f7,898f7b90d1a18c0a7f8383fcf5633fcc19ff6bdc4bde35dbb2c40bd095fcd1d3,1.0,a4c3deb47168722e,ok,232.25785633305455,True,True,cluster_01019,val,/home/dheirav/Code/Deepfake_Detection/deepfake-project/dataset_builder/val/ai_edited/c91qncg_0.jpg
data_sources/ai_edited/IMD2020/c91wof4_0.jpg,data_sources/ai_edited/IMD2020,ai_edited,866,649,1.3344,JPEG,202059,a1c481176de0f586a58034b406354553,039f78325226f19295595126b99520e9096c7d74d6def6368a63f6d2ee9a9d94,1.0,da876d50656d1a6a,ok,221.18307169963745,True,True,cluster_00886,val,/home/dheirav/Code/Deepfake_Detection/deepfake-project/dataset_builder/val/ai_edited/c91wof4_0.jpg
data_sources/ai_edited/IMD2020/c925i21_0.jpg,data_sources/ai_edited/IMD2020,ai_edited,840,629,1.3355,JPEG,93742,b631a556eac0da9a4563f7269ff80fbe,2d77f839a0c21cdf66c560d08c80c2e52d7449d3ff1f929a436893d976b59162,1.0,9e4bb5945e1e90d2,ok,594.9046352646532,True,True,cluster_00942,val,/home/dheirav/Code/Deepfake_Detection/deepfake-project/dataset_builder/val/ai_edited/c925i21_0.jpg
data_sources/ai_edited/IMD2020/c926it4_0.jpg,data_sources/ai_edited/IMD2020,ai_edited,2048,1368,1.4971,JPEG,439842,7175ee019c9f4da453b350659e8c148e,1fafbc9b7159c410504f27eb03cf42384bbcba41c22b1fb28075815e1aca90b6,1.0,aaa5070ee0eb7f88,ok,345.51187111642014,True,True,cluster_00088,val,/home/dheirav/Code/Deepfake_Detection/deepfake-project/dataset_builder/val/ai_edited/c926it4_0.jpg
data_sources/ai_edited/IMD2020/c929r39_0.jpg,data_sources/ai_edited/IMD2020,ai_edited,960,685,1.4015,JPEG,131078,925c40a6b24baab7edc123f2453800c9,cf49b589bb808a4e30b50684679af15459d5a7d18162c015779a53db6112718f,1.0,8cb4d2cbedb6c2c0,ok,323.81048164467416,True,True,cluster_00756,val,/home/dheirav/Code/Deepfake_Detection/deepfake-project/dataset_builder/val/ai_edited/c929r39_0.jpg
data_sources/ai_edited/IMD2020/c92ai3g_0.png,data_sources/ai_edited/IMD2020,ai_edited,393,589,0.6672,PNG,493272,24f211dfcd30155e4c2c3aeea2dd3c47,15d74aeff624c054e9964c9e962ce6a2eae3dbb0b5cb3368b0e02fc55500695c,1.0,926865387e97e227,ok,1595.794793100575,True,True,cluster_01504,val,/home/dheirav/Code/Deepfake_Detection/deepfake-project/dataset_builder/val/ai_edited/c92ai3g_0.png
data_sources/ai_edited/IMD2020/c92cabj_0.jpg,data_sources/ai_edited/IMD2020,ai_edited,1089,815,1.3362,JPEG,274106,cfcd63f503363da1574b6ebfb98de8e3,9aa9d53e686bca4f338d61fd544edcd5e3e40dd8f3defb4baf96bfe4a4387297,1.0,8c6bb4945e2f905b,ok,634.4159322769009,True,True,cluster_00466,val,/home/dheirav/Code/Deepfake_Detection/deepfake-project/dataset_builder/val/ai_edited/c92cabj_0.jpg
data_sources/ai_edited/IMD2020/c92dgp0_0.jpg,data_sources/ai_edited/IMD2020,ai_edited,500,375,1.3333,JPEG,44696,22c3090cf8868ba069ea18de98fdcbbc,589251fe039f4eaaf7ba2beaa63a1bfd7f15a4ec517cf7f98182f2a69fcaaea9,1.0,d39fbce061189f0c,ok,1803.1462446904889,True,True,cluster_01579,val,/home/dheirav/Code/Deepfake_Detection/deepfake-project/dataset_builder/val/ai_edited/c92dgp0_0.jpg
data_sources/ai_edited/IMD2020/c92jm4u_0.jpg,data_sources/ai_edited/IMD2020,ai_edited,960,685,1.4015,JPEG,132957,b3e5eacc33f79a03ef4c9a1747220654,6ab5cc94dfed746dbc4fdc4e704dcc375e3a1007e39449bac1d728c3866991fb,1.0,85b3d0c9edb4b262,ok,434.39064513431714,True,True,cluster_00755,val,/home/dheirav/Code/Deepfake_Detection/deepfake-project/dataset_builder/val/ai_edited/c92jm4u_0.jpg
data_sources/ai_edited/IMD2020/c92lydr_0.jpg,data_sources/ai_edited/IMD2020,ai_edited,960,685,1.4015,JPEG,151059,ff7ca764a1b071de0d650a573483711e,1f8baa5b6aa7e714bd329c3bf9ecf39821ab44cd8846ed512d7c0b4a52e84141,1.0,81b79ac8ecb2b3c2,ok,331.7161278576575,True,True,cluster_00754,val,/home/dheirav/Code/Deepfake_Detection/deepfake-project/dataset_builder/val/ai_edited/c92lydr_0.jpg
data_sources/ai_edited/IMD2020/c92p68x_0.jpg,data_sources/ai_edited/IMD2020,ai_edited,750,455,1.6484,JPEG,196793,54d95faac91bc26bae2aae3fd3ac1be3,41339a2bb45c94eb7ef26eecfea1522108c0fd6bed1cc8dff6f11277b349698d,1.0,84d8cbf4b4274f2a,ok,1299.5798093440694,True,True,cluster_01265,val,/home/dheirav/Code/Deepfake_Detection/deepfake-project/dataset_builder/val/ai_edited/c92p68x_0.jpg
data_sources/ai_edited/IMD2020/c92q0yd_0.jpg,data_sources/ai_edited/IMD2020,ai_edited,368,500,0.736,JPEG,175400,b42464ad11ace413e0960db480ff3c08,421b3e53090dba236c1074855b6b37ca4f0c6dc5fcbccbdefeddb41738f1ba1f,1.0,fa25a1523d5bd035,ok,2410.46964311862,True,True,cluster_01585,val,/home/dheirav/Code/Deepfake_Detection/deepfake-project/dataset_builder/val/ai_edited/c92q0yd_0.jpg
data_sources/ai_edited/IMD2020/c92q42b_0.png,data_sources/ai_edited/IMD2020,ai_edited,750,455,1.6484,PNG,459307,3e8c42f03576f73df5fcd1846bda0c22,c4b8c5a8788968cbac0f27ab6e5d98eb17b3fe9f5acbfcacc8e5b42e37507a64,1.0,85d0cbf8b4364f2a,ok,1265.4716153934041,True,True,cluster_01261,val,/home/dheirav/Code/Deepfake_Detection/deepfake-project/dataset_builder/val/ai_edited/c92q42b_0.png
data_sources/ai_edited/IMD2020/c92qgq8_0.jpg,data_sources/ai_edited/IMD2020,ai_edited,932,904,1.031,JPEG,178426,fdc0c43de003567ebd474f217c60604b,aeb909d10e1d3f02dcaeb42223821e7e888411a0465a2fb56889e5ef938fe436,1.0,b94fc638d9c852e1,ok,402.9719534005168,True,True,cluster_00504,val,/home/dheirav/Code/Deepfake_Detection/deepfake-project/dataset_builder/val/ai_edited/c92qgq8_0.jpg
data_sources/ai_edited/IMD2020/c92rwnu_0.png,data_sources/ai_edited/IMD2020,ai_edited,750,455,1.6484,PNG,549081,e9a7c62d4f8338525c40e7aa603cbcba,b64ef9a723eed85b45ee8e6b1a604717945fd5d8272abd5c003f3caf4eba6e59,1.0,84c8cbf4f4274f2a,ok,1257.9665304370646,True,True,cluster_01260,val,/home/dheirav/Code/Deepfake_Detection/deepfake-project/dataset_builder/val/ai_edited/c92rwnu_0.png
data_sources/ai_edited/IMD2020/c92us74_0.jpg,data_sources/ai_edited/IMD2020,ai_edited,540,960,0.5625,JPEG,56337,bc3c8cc4a176523e2f880118bcd40792,995f7eab9c2cfd0c89c2de422faa035b62159274dc717cd3dc7b0944c8abca6f,1.0,fd821a5f067b6063,ok,187.76500384181566,True,True,cluster_00951,val,/home/dheirav/Code/Deepfake_Detection/deepfake-project/dataset_builder/val/ai_edited/c92us74_0.jpg
data_sources/ai_edited/IMD2020/c930c3q_0.jpg,data_sources/ai_edited/IMD2020,ai_edited,588,777,0.7568,JPEG,143992,e9f56d415f050b1d41e80c38cc45ac10,136740b4616816e8a4213b70141b16d86bf1fd2ba78035482aec589d43d670c8,1.0,a5c09c6ac791adf2,ok,1425.512535749594,True,True,cluster_01042,val,/home/dheirav/Code/Deepfake_Detection/deepfake-project/dataset_builder/val/ai_edited/c930c3q_0.jpg
data_sources/ai_edited/IMD2020/c936lfy_0.jpg,data_sources/ai_edited/IMD2020,ai_edited,523,428,1.222,JPEG,52461,eee501065e4783d7c42e862625d0489b,5a966755a2a79698c30b5cc043b7e040785d5eb312374ae6228a591c70887f53,1.0,f0ec9643cb96c19a,ok,854.1510926684156,True,True,cluster_01534,val,/home/dheirav/Code/Deepfake_Detection/deepfake-project/dataset_builder/val/ai_edited/c936lfy_0.jpg
data_sources/ai_edited/IMD2020/c93i12g_0.jpg,data_sources/ai_edited/IMD2020,ai_edited,2048,1475,1.3885,JPEG,337022,76c6ad64f9507df07310e6f0ae13625a,c4b7d4d566e869b30aa926dff844e15029866c03eeab3478c7e4533b6ef092b8,1.0,92a669c5cdb2b24d,ok,83.82830077931153,True,True,cluster_00078,val,/home/dheirav/Code/Deepfake_Detection/deepfake-project/dataset_builder/val/ai_edited/c93i12g_0.jpg
data_sources/ai_edited/IMD2020/c93kbyf_0.jpg,data_sources/ai_edited/IMD2020,ai_edited,598,418,1.4306,JPEG,112407,db3206cf44d72bd67384cb457977c69a,bdc95737b7b58ee4c8851b2c8146416f554595b4eab9c1a89d04d3361593c1f5,1.0,f61b89d8662e0cb5,ok,422.31694964074825,True,True,cluster_01452,val,/home/dheirav/Code/Deepfake_Detection/deepfake-project/dataset_builder/val/ai_edited/c93kbyf_0.jpg
data_sources/ai_edited/IMD2020/c93ls41_0.jpg,data_sources/ai_edited/IMD2020,ai_edited,750,464,1.6164,JPEG,100445,24c37ca20afc987cf345d2e97f42e8b1,bb48cbe88f9199de627afd8966f9487984eaaf467ea30fdbbe3f09d2f40fa3bc,1.0,e2c98c1cc2f1e379,ok,450.21334998208977,True,True,cluster_01234,val,/home/dheirav/Code/Deepfake_Detection/deepfake-project/dataset_builder/val/ai_edited/c93ls41_0.jpg
data_sources/ai_edited/IMD2020/c93me8y_0.png,data_sources/ai_edited/IMD2020,ai_edited,750,499,1.503,PNG,283448,af18b5ca744cd29864c004a258beccda,c0cd92304a16309fd6db8965f62b266b0c6d0c362633af1d1e15ea7a84c76d97,1.0,d00b96659d6a3d6a,ok,1323.0192209991126,True,True,cluster_01188,val,/home/dheirav/Code/Deepfake_Detection/deepfake-project/dataset_builder/val/ai_edited/c93me8y_0.png
data_sources/ai_edited/IMD2020/c93yj46_0.jpg,data_sources/ai_edited/IMD2020,ai_edited,602,448,1.3438,JPEG,85967,94331b15b5ee100040fc90d1b59161ca,20080abc22c3dfa1ea0d9fdccf79a0d35fc1f61b7692232a0f47dda2d4598648,1.0,9ac9aa9a36a6c99a,ok,1985.406217448936,True,True,cluster_01416,val,/home/dheirav/Code/Deepfake_Detection/deepfake-project/dataset_builder/val/ai_edited/c93yj46_0.jpg
data_sources/ai_edited/IMD2020/c940xti_0.jpg,data_sources/ai_edited/IMD2020,ai_edited,622,801,0.7765,JPEG,112503,703b5deea4067df75fa6af2291ff6051,ba08f92fd5b0adb25e9c3adbbaa4f0e59e40b235243591b273885e288d3245e7,1.0,b1e54d18e6693396,ok,528.8770327019505,True,True,cluster_00976,val,/home/dheirav/Code/Deepfake_Detection/deepfake-project/dataset_builder/val/ai_edited/c940xti_0.jpg
data_sources/ai_edited/IMD2020/c942gr7_0.jpg,data_sources/ai_edited/IMD2020,ai_edited,754,478,1.5774,JPEG,103711,1d2f474bc42a1c3574edbe76b0ff6b28,2f15be45c1025859470ee72df5fa6509808adeb9ad0c9c880d8dfe10a74c23b7,1.0,9bebaab0a6cdc184,ok,1042.9131201045643,True,True,cluster_01214,val,/home/dheirav/Code/Deepfake_Detection/deepfake-project/dataset_builder/val/ai_edited/c942gr7_0.jpg
data_sources/ai_edited/IMD2020/c944m4x_0.jpg,data_sources/ai_edited/IMD2020,ai_edited,754,1024,0.7363,JPEG,260825,3d4a2ec8bce5cbe2cded3afcf6d8178c,864435ba341e113292e8fccbcf29da524e7a90b5d896b9df0d127adc283dcd28,1.0,9bebe9c0b9142655,ok,1348.8946968475948,True,True,cluster_00569,val,/home/dheirav/Code/Deepfake_Detection/deepfake-project/dataset_builder/val/ai_edited/c944m4x_0.jpg
data_sources/ai_edited/IMD2020/c947jvq_0.png,data_sources/ai_edited/IMD2020,ai_edited,640,480,1.3333,PNG,408073,73a3219e9fcd9555199c128ab98aaef4,30af9c8d83a9d6f7e0b01514951dd290e8fa7bbdef7d76b7d30f2a9fe533de27,1.0,fe7341e1036e3878,ok,151.18584770023557,True,True,cluster_01327,val,/home/dheirav/Code/Deepfake_Detection/deepfake-project/dataset_builder/val/ai_edited/c947jvq_0.png
data_sources/ai_edited/IMD2020/c948ak3_0.png,data_sources/ai_edited/IMD2020,ai_edited,622,801,0.7765,PNG,412538,ca1d0fa9b0604619b0f4cb3f8526abc6,392ca9caa466e33053a1c0d2701faa3885875e6977c5854376cbcc4e80786a0a,1.0,b0e71b18666833de,ok,431.03422770823494,True,True,cluster_00972,val,/home/dheirav/Code/Deepfake_Detection/deepfake-project/dataset_builder/val/ai_edited/c948ak3_0.png
data_sources/ai_edited/IMD2020/c94a4qa_0.jpg,data_sources/ai_edited/IMD2020,ai_edited,1650,928,1.778,JPEG,360306,4b16457d2d2bfbcbff7c1b3efd8058c4,079c791a71d7814002c67ccfa4f567c5b1cc7d0c933f264612dc379ab79028f7,1.0,c04e6cf2dbb45a70,ok,177.26864351142655,True,True,cluster_00251,val,/home/dheirav/Code/Deepfake_Detection/deepfake-project/dataset_builder/val/ai_edited/c94a4qa_0.jpg
data_sources/ai_edited/IMD2020/c94cpfe_0.jpg,data_sources/ai_edited/IMD2020,ai_edited,334,500,0.668,JPEG,97410,0ba6c53851f5acfa720b09eda98328ee,15c0bbc2ffb9e3b682d31af36fd35d699bc1d03ffb7c4bef278e18eb2c00153b,1.0,dc2673cc16e65913,ok,552.1296971529994,True,True,cluster_01611,val,/home/dheirav/Code/Deepfake_Detection/deepfake-project/dataset_builder/val/ai_edited/c94cpfe_0.jpg
data_sources/ai_edited/IMD2020/c94ctu2_0.jpg,data_sources/ai_edited/IMD2020,ai_edited,622,801,0.7765,JPEG,50917,58acdb933db56f6ebdd0e423718f1ca2,ac6ba8398ef2bb4031035a88087a0c0fa2ad40ae041f217eee7897d21aa4dec5,1.0,b0e70d186678b39e,ok,441.29473395656817,True,True,cluster_00978,val,/home/dheirav/Code/Deepfake_Detection/deepfake-project/dataset_builder/val/ai_edited/c94ctu2_0.jpg
data_sources/ai_edited/IMD2020/c94epq9_0.jpg,data_sources/ai_edited/IMD2020,ai_edited,1280,1024,1.25,JPEG,342705,c5d6557484ff1b5cbbb48657c5a8b180,b965c0c6c5431c26a8dec422c694a91e568cfda1e800f80838d7e91e6df5d3c9,1.0,e9578722c2687bf0,ok,4055.8879709394446,True,True,cluster_00296,val,/home/dheirav/Code/Deepfake_Detection/deepfake-project/dataset_builder/val/ai_edited/c94epq9_0.jpg
data_sources/ai_edited/IMD2020/c94fzwl_0.jpg,data_sources/ai_edited/IMD2020,ai_edited,990,660,1.5,JPEG,217233,8b77c73e003f73a14377df5d739fa3c8,d1332c392d5141fc2fed016605d2859d350b0fabb6cff81ee98fc6e9fb30e4aa,1.0,b347ccb803e633d1,ok,1400.3084782690323,True,True,cluster_00762,val,/home/dheirav/Code/Deepfake_Detection/deepfake-project/dataset_builder/val/ai_edited/c94fzwl_0.jpg
data_sources/ai_edited/IMD2020/c94h2qf_0.jpg,data_sources/ai_edited/IMD2020,ai_edited,990,660,1.5,JPEG,199653,9410b7877938ea506c10f92cbffd345c,a6770825b799d18636d6a1cde7865b885cc07dbcbb9da0b8bf7267ffe5b974f3,1.0,b347cc9803ec33f1,ok,1292.236360117823,True,True,cluster_00763,val,/home/dheirav/Code/Deepfake_Detection/deepfake-project/dataset_builder/val/ai_edited/c94h2qf_0.jpg
data_sources/ai_edited/IMD2020/c94ilwx_0.jpg,data_sources/ai_edited/IMD2020,ai_edited,1400,900,1.5556,JPEG,192870,502b872474502c1c60dcf9751705beda,b5586818080be42371ae04ccf8edae203f2e999a401e7785bc71d2b9a9bd620c,1.0,a14f54f9c62879d2,ok,325.48012517904766,True,True,cluster_00310,val,/home/dheirav/Code/Deepfake_Detection/deepfake-project/dataset_builder/val/ai_edited/c94ilwx_0.jpg
data_sources/ai_edited/IMD2020/c94n3m0_0.jpg,data_sources/ai_edited/IMD2020,ai_edited,430,617,0.6969,JPEG,180295,2593675413243c5d059f2d5a50496f64,45122524eb4fb95714a3e11c288d4819d6861abebf834dbb58c2e0ba3d1e41eb,1.0,f360cc9e92c74959,ok,2813.580518836359,True,True,cluster_01428,val,/home/dheirav/Code/Deepfake_Detection/deepfake-project/dataset_builder/val/ai_edited/c94n3m0_0.jpg
data_sources/ai_edited/IMD2020/c94og9i_0.jpg,data_sources/ai_edited/IMD2020,ai_edited,1034,1280,0.8078,JPEG,217732,ec39eccd09ce276dd317c95e3ee1e1c3,28542dd3c79b75a4cec3f41b621f1b9441da6236590b91870779ba273cb22df5,1.0,b9f0468ed68a0bf8,ok,92.38194499838824,True,True,cluster_00287,val,/home/dheirav/Code/Deepfake_Detection/deepfake-project/dataset_builder/val/ai_edited/c94og9i_0.jpg
data_sources/ai_edited/IMD2020/c94ov3d_0.png,data_sources/ai_edited/IMD2020,ai_edited,628,431,1.4571,PNG,309990,0fd25348d385037517232800cdbc095f,31d91b367ac098e1ad3ce765669ebbcf11bbe211c6c05f968e2bfba6d7eed483,1.0,f8c9a6ba640f836c,ok,166.9787450229329,True,True,cluster_01407,val,/home/dheirav/Code/Deepfake_Detection/deepfake-project/dataset_builder/val/ai_edited/c94ov3d_0.png
data_sources/ai_edited/IMD2020/c94ovkm_0.jpg,data_sources/ai_edited/IMD2020,ai_edited,640,400,1.6,JPEG,177909,c6fa2ef9bd06c8ea48f9a92b25b64fa5,1bfc6a56cfb42969e0a65a064a15f40df62abd4d3d371cc2980e08bf34ad9c59,1.0,f1c366586677e007,ok,101.03724786058045,True,True,cluster_01445,val,/home/dheirav/Code/Deepfake_Detection/deepfake-project/dataset_builder/val/ai_edited/c94ovkm_0.jpg
data_sources/ai_edited/IMD2020/c94psxr_0.jpg,data_sources/ai_edited/IMD2020,ai_edited,1600,1200,1.3333,JPEG,467788,a4d7967173a195ed4363075e264435b8,222dc8db3eedcd4642bdc596e1b2458aadda9e72aabc437f551f408b3fa3bbbb,1.0,a3bbac4edece0045,ok,179.10304188380832,True,True,cluster_00178,val,/home/dheirav/Code/Deepfake_Detection/deepfake-project/dataset_builder/val/ai_edited/c94psxr_0.jpg
data_sources/ai_edited/IMD2020/c94soye_0.png,data_sources/ai_edited/IMD2020,ai_edited,611,404,1.5124,PNG,283096,5bcbc56a428bcf06aaad6cbb0192e63c,335e8d70dc92c793bf26af9cb820e3532828dd098253eb91693bd26c93e7c778,1.0,99f1f2b3180d6173,ok,481.1425745405711,True,True,cluster_01457,val,/home/dheirav/Code/Deepfake_Detection/deepfake-project/dataset_builder/val/ai_edited/c94soye_0.png
data_sources/ai_edited/IMD2020/c94ueeu_0.jpg,data_sources/ai_edited/IMD2020,ai_edited,864,1071,0.8067,JPEG,234619,d79bcff4f42dc10a7796f5faa57ce2a8,40a5c1f604bc590a28ccb45a3027cee5083ae4256c963f1b701dfa40b4bfa716,1.0,b8e0438fc6c88ff8,ok,518.2179903351101,True,True,cluster_00427,val,/home/dheirav/Code/Deepfake_Detection/deepfake-project/dataset_builder/val/ai_edited/c94ueeu_0.jpg
data_sources/ai_edited/IMD2020/c94vln6_0.jpg,data_sources/ai_edited/IMD2020,ai_edited,953,669,1.4245,JPEG,103325,50482c4ad0263715e2c1010e9f80e715,bd5d6f1b17e83c2d9e7a816416ee50b7db0024106086c4d1f3797ef31ff64608,1.0,de9783c739f84430,ok,580.8350297772289,True,True,cluster_00772,val,/home/dheirav/Code/Deepfake_Detection/deepfake-project/dataset_builder/val/ai_edited/c94vln6_0.jpg
data_sources/ai_edited/IMD2020/c94vpjk_0.jpg,data_sources/ai_edited/IMD2020,ai_edited,712,480,1.4833,JPEG,94678,2293fb076b46676cd61a7cf993714124,2000ab59ae186f9117f9c35e885ee6de0e3f7de147f010947131acb2f164542b,1.0,c2c319eb12fd6391,ok,359.41678909797264,True,True,cluster_01256,val,/home/dheirav/Code/Deepfake_Detection/deepfake-project/dataset_builder/val/ai_edited/c94vpjk_0.jpg
data_sources/ai_edited/IMD2020/c94xd3q_0.jpg,data_sources/ai_edited/IMD2020,ai_edited,800,533,1.5009,JPEG,116100,845df7caa45c85f74544a3c29df509c7,828369966cbfe14d3e2e7eff8a078cc0b259bf2f327be43f00671f63e7d4b346,1.0,92eb65f65f23a060,ok,1055.5859804576867,True,True,cluster_01098,val,/home/dheirav/Code/Deepfake_Detection/deepfake-project/dataset_builder/val/ai_edited/c94xd3q_0.jpg
data_sources/ai_edited/IMD2020/c94ygpb_0.jpg,data_sources/ai_edited/IMD2020,ai_edited,338,507,0.6667,JPEG,22239,ba84e77fe94332e27065f1926d2ffac7,dc51546f2b6cec48ae6444011ea689e8eb74799ce06ce52828eebe1de18a63d9,1.0,dba488576769845e,ok,369.37983258751416,True,True,cluster_01604,val,/home/dheirav/Code/Deepfake_Detection/deepfake-project/dataset_builder/val/ai_edited/c94ygpb_0.jpg
data_sources/ai_edited/IMD2020/c94zspt_0.jpg,data_sources/ai_edited/IMD2020,ai_edited,1024,576,1.7778,JPEG,107828,338f9e54a3463dffed4379ad5ec80eb9,5479f48c8168a26e9719d0bf1b0bd7bf5996188d2b1fbe4f61146b8ad936dfce,1.0,ee91162e31c8cebc,ok,120.53464458312517,True,True,cluster_00854,val,/home/dheirav/Code/Deepfake_Detection/deepfake-project/dataset_builder/val/ai_edited/c94zspt_0.jpg
data_sources/ai_edited/IMD2020/c951j7v_0.jpg,data_sources/ai_edited/IMD2020,ai_edited,762,572,1.3322,JPEG,115458,1c60ba1c01e418538af39a16f5d1d360,fa464f8efee183307ac185430663224fa7e47ad38e313439527bbfd23eccb1c7,1.0,b94e473e2ec5220f,ok,312.41267919966083,True,True,cluster_01082,val,/home/dheirav/Code/Deepfake_Detection/deepfake-project/dataset_builder/val/ai_edited/c951j7v_0.jpg
data_sources/ai_edited/IMD2020/c956eb7_0.jpg,data_sources/ai_edited/IMD2020,ai_edited,4300,2418,1.7783,JPEG,1059374,bb8d41aebf528777a7bfeb7babde300e,1ba89a19d951d4a073b2dc4ca55d69685e99cfa4971a2983370a8a59d44ab07e,1.0,9da5601cbf43168f,ok,119.83913718801222,True,True,cluster_00003,val,/home/dheirav/Code/Deepfake_Detection/deepfake-project/dataset_builder/val/ai_edited/c956eb7_0.jpg
data_sources/ai_edited/IMD2020/c956l7o_0.png,data_sources/ai_edited/IMD2020,ai_edited,495,659,0.7511,PNG,563858,9128f48df17265e45c0422ee4ae671bd,247a147e8f67a4f0c6ed2221b75d3b6e175a9609775e0cb7ae816ce5db965eca,1.0,dbd8c6303c3f8c62,ok,133.9547590049367,True,True,cluster_01292,val,/home/dheirav/Code/Deepfake_Detection/deepfake-project/dataset_builder/val/ai_edited/c956l7o_0.png
data_sources/ai_edited/IMD2020/c956yew_0.jpg,data_sources/ai_edited/IMD2020,ai_edited,1920,1080,1.7778,JPEG,271709,9ea6bc86657996e77ead62e8e02ed101,c8b0e02ad7943dd5d0d03e9d7227c2f4014e6d7a0fef1ef567c08e181ac79250,1.0,90ef3495ff0a11aa,ok,618.2122776799483,True,True,cluster_00161,val,/home/dheirav/Code/Deepfake_Detection/deepfake-project/dataset_builder/val/ai_edited/c956yew_0.jpg
data_sources/ai_edited/IMD2020/c957wt6_0.jpg,data_sources/ai_edited/IMD2020,ai_edited,980,722,1.3573,JPEG,197506,907f6e54fc6d5e5aadc7ac80ce9438ec,673e108e8c733d1cf78a113409df592c5b0d8e1218d0690849e157600417df55,1.0,d16ed433b11d3b90,ok,119.91646973149673,True,True,cluster_00629,val,/home/dheirav/Code/Deepfake_Detection/deepfake-project/dataset_builder/val/ai_edited/c957wt6_0.jpg
data_sources/ai_edited/IMD2020/c958erg_0.jpg,data_sources/ai_edited/IMD2020,ai_edited,612,816,0.75,JPEG,174385,16cf6c6aa286a09d9df90fa7bda6b685,fa8e072b638632a1bce0feb946260dee41bbb1c07f3ac141c2fa275e3cc3ed2f,1.0,f3d7c4080c3df329,ok,571.8017830366036,True,True,cluster_00967,val,/home/dheirav/Code/Deepfake_Detection/deepfake-project/dataset_builder/val/ai_edited/c958erg_0.jpg
data_sources/ai_edited/IMD2020/c958gik_0.jpg,data_sources/ai_edited/IMD2020,ai_edited,1000,1169,0.8554,JPEG,361117,7ec8c8b9768a117f6a3cfe162babef12,e8a0ac3bf754a5735cdbe1c9f620a2e83c67d93fd0091fbcf4b719c3a6942cc9,1.0,a02e2e53566d5cf4,ok,2000.095645101723,True,True,cluster_00337,val,/home/dheirav/Code/Deepfake_Detection/deepfake-project/dataset_builder/val/ai_edited/c958gik_0.jpg
data_sources/ai_edited/IMD2020/c95c3yu_0.png,data_sources/ai_edited/IMD2020,ai_edited,590,568,1.0387,PNG,504167,7820a55063755894c10d92bf0caba525,3bb9880ec33d8bfdeff51d7962254bb1ef45c3b5980830cff808a77f508488d0,1.0,f2cec44627792971,ok,585.1287623594308,True,True,cluster_01276,val,/home/dheirav/Code/Deepfake_Detection/deepfake-project/dataset_builder/val/ai_edited/c95c3yu_0.png
data_sources/ai_edited/IMD2020/c95flen_0.jpg,data_sources/ai_edited/IMD2020,ai_edited,920,626,1.4696,JPEG,96961,5d593e2f2a4be9a1ccfce6df4460ade4,559381d2ac7a137af4d403ece5980e65cf6cf3e06826370617c525fc3777463a,1.0,be60dc9f838809bd,ok,503.4586622472761,True,True,cluster_00877,val,/home/dheirav/Code/Deepfake_Detection/deepfake-project/dataset_builder/val/ai_edited/c95flen_0.jpg
data_sources/ai_edited/IMD2020/c95hyjq_0.png,data_sources/ai_edited/IMD2020,ai_edited,602,397,1.5164,PNG,609349,abd2b63684ef95dec1606acc12e93076,17d15bf948b26320d7d92a8626dc4d7d5aee6c963ce7030a7b09c3f420655ece,1.0,e99697c931316a8e,ok,906.4803482793819,True,True,cluster_01487,val,/home/dheirav/Code/Deepfake_Detection/deepfake-project/dataset_builder/val/ai_edited/c95hyjq_0.png
data_sources/ai_edited/IMD2020/c95qbrf_0.jpg,data_sources/ai_edited/IMD2020,ai_edited,1200,911,1.3172,JPEG,254589,5b8b17d1e6993fe19595fad4fad3679f,fc6b88c87e222a2dda3ffb7d221f24fd2ca274f29af2e00e04d9cd21fae59e2a,1.0,c21ebc6153976e62,ok,586.1898480508788,True,True,cluster_00349,val,/home/dheirav/Code/Deepfake_Detection/deepfake-project/dataset_builder/val/ai_edited/c95qbrf_0.jpg
data_sources/ai_edited/IMD2020/c95srb7_0.jpg,data_sources/ai_edited/IMD2020,ai_edited,1440,900,1.6,JPEG,453730,e9c2956135faa493408cf5500d27f55d,2bdfbcc906e9578306d953c239b322433b13813fbc135891a640278194fa739a,1.0,84ad1e174573752d,ok,2192.680662679312,True,True,cluster_00305,val,/home/dheirav/Code/Deepfake_Detection/deepfake-project/dataset_builder/val/ai_edited/c95srb7_0.jpg
data_sources/ai_edited/IMD2020/c95uufr_0.jpg,data_sources/ai_edited/IMD2020,ai_edited,1920,1200,1.6,JPEG,324854,fe5ff157dd0d9077c6986ee5ff71c29c,b70a1bc6324bfde12865dfa0be490f055a7a94c25ee0457669101673e04d8342,1.0,8188de727d1f3689,ok,348.32393893513694,True,True,cluster_00124,val,/home/dheirav/Code/Deepfake_Detection/deepfake-project/dataset_builder/val/ai_edited/c95uufr_0.jpg
data_sources/ai_edited/IMD2020/c95uyty_0.jpg,data_sources/ai_edited/IMD2020,ai_edited,715,605,1.1818,JPEG,62967,069adf837c107b26389028c3dd4a1f4b,4448a23c9f6255f049d75b4586e2d11e4bdc5c298e14578efab79b5be49dc97c,1.0,8786ae9ad869b9d0,ok,245.96891539490719,True,True,cluster_01086,val,/home/dheirav/Code/Deepfake_Detection/deepfake-project/dataset_builder/val/ai_edited/c95uyty_0.jpg
data_sources/ai_edited/IMD2020/c95wc8c_0.jpg,data_sources/ai_edited/IMD2020,ai_edited,1366,911,1.4995,JPEG,450434,f330c6fcf6d8ccc5c90b5daf99434695,3d458a024c6ccf994ac23010a1983533b562258b36a8cc8b5e0591bf309538b7,1.0,94ef82faa5909993,ok,2570.188964229082,True,True,cluster_00312,val,/home/dheirav/Code/Deepfake_Detection/deepfake-project/dataset_builder/val/ai_edited/c95wc8c_0.jpg
data_sources/ai_edited/IMD2020/c95y02z_0.jpg,data_sources/ai_edited/IMD2020,ai_edited,1200,911,1.3172,JPEG,229449,26d3eb8de36c01b88eadc1b20128917b,4c314b186f54d6b89a7dd6cd8923be3e776919fbfdb8c09df76957618007ada7,1.0,d4c9639678d82763,ok,559.2504107200531,True,True,cluster_00350,val,/home/dheirav/Code/Deepfake_Detection/deepfake-project/dataset_builder/val/ai_edited/c95y02z_0.jpg
data_sources/ai_edited/IMD2020/c9684z1_0.jpg,data_sources/ai_edited/IMD2020,ai_edited,640,960,0.6667,JPEG,86476,10e12e4c0fcd06d76063b0b1797c9f36,cb86be235af8ceceb0c6f4df2e9acc0c21ec1c54d326492ee161844e5a256855,1.0,e63ee0c0c7703fc4,ok,271.10614163079794,True,True,cluster_00809,val,/home/dheirav/Code/Deepfake_Detection/deepfake-project/dataset_builder/val/ai_edited/c9684z1_0.jpg
data_sources/ai_edited/IMD2020/c9689r9_0.png,data_sources/ai_edited/IMD2020,ai_edited,716,622,1.1511,PNG,698099,5afbf6562e94129c1a1421832001a9ad,0067e35cd5dddb8979951a04df4c8d5e0f44c7b0b9c4db07b76bf712410550fe,1.0,ca293227ae8ddc4d,ok,1246.6723573841632,True,True,cluster_01072,val,/home/dheirav/Code/Deepfake_Detection/deepfake-project/dataset_builder/val/ai_edited/c9689r9_0.png
data_sources/ai_edited/IMD2020/c968kn0_0.jpg,data_sources/ai_edited/IMD2020,ai_edited,592,500,1.184,JPEG,93615,7abcaa83ed1507b9fb0ce1057892fc09,ebd9b44ca1f23ce87ac88e4a536efa46b53f8ac91369cb2fc05f8df303144833,1.0,8345bc38bde2553a,ok,196.37164928981008,True,True,cluster_01353,val,/home/dheirav/Code/Deepfake_Detection/deepfake-project/dataset_builder/val/ai_edited/c968kn0_0.jpg
data_sources/ai_edited/IMD2020/c96bh08_0.jpg,data_sources/ai_edited/IMD2020,ai_edited,700,1223,0.5724,JPEG,206516,dd92ccb737807a18a16ab568e5a31aab,adc92a54cfff8198d90d69fe1a2c0df89d6616addf8f176e3b16c0f2f0ae262a,1.0,85cae0c2bd49ada7,ok,857.0210101765801,True,True,cluster_00496,val,/home/dheirav/Code/Deepfake_Detection/deepfake-project/dataset_builder/val/ai_edited/c96bh08_0.jpg
data_sources/ai_edited/IMD2020/c96dfr7_0.jpg,data_sources/ai_edited/IMD2020,ai_edited,600,800,0.75,JPEG,220637,9e6d0b3afbc59d0045e606d8dddc0935,b0e0d2a6fb582a1b792077f90b43c4da34f89c87947f13cbd4f84c62781eaaf5,1.0,cf0e34b0538fb133,ok,2764.0645588801,True,True,cluster_00994,val,/home/dheirav/Code/Deepfake_Detection/deepfake-project/dataset_builder/val/ai_edited/c96dfr7_0.jpg
data_sources/ai_edited/IMD2020/c96ese6_0.jpg,data_sources/ai_edited/IMD2020,ai_edited,640,939,0.6816,JPEG,246730,3ef5d0acc1897dc7df47007e5cbe74f5,b2a958f5998763a8d675b50ce216c588d35d14d280d28ee1b42b772f782e2614,1.0,a8c3efd604826ad7,ok,587.2606620680872,True,True,cluster_00836,val,/home/dheirav/Code/Deepfake_Detection/deepfake-project/dataset_builder/val/ai_edited/c96ese6_0.jpg
data_sources/ai_edited/IMD2020/c970wej_0.jpg,data_sources/ai_edited/IMD2020,ai_edited,1264,720,1.7556,JPEG,166142,212d31690035b7054afcde3ff4f457c0,71c8b59c527e38d0d793062a900db74d949472e4dc039f5add6fa86d198952e3,1.0,f4ef8b10b638c0f1,ok,1024.2106582533524,True,True,cluster_00444,val,/home/dheirav/Code/Deepfake_Detection/deepfake-project/dataset_builder/val/ai_edited/c970wej_0.jpg
data_sources/ai_edited/IMD2020/c972iqs_0.jpg,data_sources/ai_edited/IMD2020,ai_edited,1280,854,1.4988,JPEG,248151,4744a6e2a2bdba93e6480713cbcf77aa,576d9f5863381f6dab142d40b672fa4bd04df1977d3770fa11ab3f9185b54f7e,1.0,8390d4f5b6f264b8,ok,269.2975387670069,True,True,cluster_00353,val,/home/dheirav/Code/Deepfake_Detection/deepfake-project/dataset_builder/val/ai_edited/c972iqs_0.jpg
data_sources/ai_edited/IMD2020/c978nfj_0.png,data_sources/ai_edited/IMD2020,ai_edited,1339,1008,1.3284,PNG,574313,cb73d8b2bdd70978366cf509be33a48e,17c1c4e5985fbbd2dcd91e25add48df073143d55333cd769204eb155f618bf92,1.0,e5e51b5a76a0216d,ok,149.11441297631416,True,True,cluster_00281,val,/home/dheirav/Code/Deepfake_Detection/deepfake-project/dataset_builder/val/ai_edited/c978nfj_0.png
data_sources/ai_edited/IMD2020/c979ib3_0.jpg,data_sources/ai_edited/IMD2020,ai_edited,800,427,1.8735,JPEG,154962,c18fd5f2f973ee621718329cc57f0ee0,c82dd31d02817e4fd3eb6915f10301742f384d0fc82f78c4f0514a49720992b6,1.0,baf2e522c22584f7,ok,418.15617083156513,True,True,cluster_01257,val,/home/dheirav/Code/Deepfake_Detection/deepfake-project/dataset_builder/val/ai_edited/c979ib3_0.jpg
data_sources/ai_edited/IMD2020/c97ai36_0.png,data_sources/ai_edited/IMD2020,ai_edited,1024,690,1.4841,PNG,761030,bdbb435e8950d70d2a69b963d74c9022,f13a688b5eeeb8faa4922392ab5ad3542a1f1bce7a7c082919e92d481f054bd3,1.0,d95826c7622e669e,ok,506.80639965292136,True,True,cluster_00631,val,/home/dheirav/Code/Deepfake_Detection/deepfake-project/dataset_builder/val/ai_edited/c97ai36_0.png
data_sources/ai_edited/IMD2020/c97g287_0.jpg,data_sources/ai_edited/IMD2020,ai_edited,590,791,0.7459,JPEG,192133,a0ba406634a4ac46452e5acaab64f5c9,07236b29fbb67063a317666c9ca10fecd91e095a3d6d46fbde0a244b4406c56d,1.0,d286bd4992967de0,ok,408.06851200464877,True,True,cluster_01024,val,/home/dheirav/Code/Deepfake_Detection/deepfake-project/dataset_builder/val/ai_edited/c97g287_0.jpg
data_sources/ai_edited/IMD2020/c97l4h2_0.jpg,data_sources/ai_edited/IMD2020,ai_edited,800,550,1.4545,JPEG,238991,1f5e3d4fa164f30aa8f2a1d1964b4ae5,44b356fc10bbb1e1b81331261ca30c3635ab33b10793c876a8bd507fa7f421f8,1.0,c690b96d93632f26,ok,2257.267113805599,True,True,cluster_01079,val,/home/dheirav/Code/Deepfake_Detection/deepfake-project/dataset_builder/val/ai_edited/c97l4h2_0.jpg
data_sources/ai_edited/IMD2020/c97nvx1_0.jpg,data_sources/ai_edited/IMD2020,ai_edited,603,960,0.6281,JPEG,91217,6faac00d8914f1d17ca1c80fceb3b521,9c5852d7a00ed171754c64e72246cbb6baa5c6b1a970100a53fe1d3a1b220387,1.0,acf39714a46d5899,ok,279.5258976694564,True,True,cluster_00873,val,/home/dheirav/Code/Deepfake_Detection/deepfake-project/dataset_builder/val/ai_edited/c97nvx1_0.jpg
data_sources/ai_edited/IMD2020/c97ot02_0.jpg,data_sources/ai_edited/IMD2020,ai_edited,600,450,1.3333,JPEG,40582,c8cb95faeba64ed728d7eac0fc1adedd,1f2bb6d17e1af26620c880d11ede46d41bd6f88dde50eac528cc6795f731b595,1.0,9c71682663ac74d7,ok,89.33607167043895,True,True,cluster_01415,val,/home/dheirav/Code/Deepfake_Detection/deepfake-project/dataset_builder/val/ai_edited/c97ot02_0.jpg
data_sources/ai_edited/IMD2020/c97te6m_0.jpg,data_sources/ai_edited/IMD2020,ai_edited,603,960,0.6281,JPEG,215679,e3226f042d5367731706e302cb01e7a6,e541dcccea547544efd1ba356311e7c1fe4dabbe98345516f13f6a80a6a3db5b,1.0,ace3b710a46d58b9,ok,264.163767099364,True,True,cluster_00870,val,/home/dheirav/Code/Deepfake_Detection/deepfake-project/dataset_builder/val/ai_edited/c97te6m_0.jpg
data_sources/ai_edited/IMD2020/c97v6ia_0.jpg,data_sources/ai_edited/IMD2020,ai_edited,603,960,0.6281,JPEG,95476,1295176752a6e6b478786b98f301c8ec,2f91918396466de63b1b35480f6b752fbfd53441441f2a7f52fc264bba4f85a9,1.0,ecf5d314a46d5891,ok,302.7683858419341,True,True,cluster_00872,val,/home/dheirav/Code/Deepfake_Detection/deepfake-project/dataset_builder/val/ai_edited/c97v6ia_0.jpg
data_sources/ai_edited/IMD2020/c97vf7q_0.jpg,data_sources/ai_edited/IMD2020,ai_edited,567,423,1.3404,JPEG,194346,375d5dc347900ee7b6243b6447423c59,b5c672024d71ca7575d371ff8df9f42258628e0c441731ced922ecb7c422b71a,1.0,b8a941eabcbc60ba,ok,357.86524706807154,True,True,cluster_01485,val,/home/dheirav/Code/Deepfake_Detection/deepfake-project/dataset_builder/val/ai_edited/c97vf7q_0.jpg
data_sources/ai_edited/IMD2020/c9825wp_0.jpg,data_sources/ai_edited/IMD2020,ai_edited,487,755,0.645,JPEG,73616,6e576ef92b69b902bd9888ac529b529a,1452aef0205d8602be0946fdde2b2e94a9757aaba9fdf855c842991b2ddb581c,1.0,ca5a1870e09f3b6d,ok,872.8616212644404,True,True,cluster_01202,val,/home/dheirav/Code/Deepfake_Detection/deepfake-project/dataset_builder/val/ai_edited/c9825wp_0.jpg
data_sources/ai_edited/IMD2020/c9829t7_0.png,data_sources/ai_edited/IMD2020,ai_edited,450,300,1.5,PNG,326327,ab258fa09d2dbfce534ee57b980ebcd7,35cc88f3edccbe9661445635e6fa4907eb3976bd21913136dd0c3243efc66488,1.0,e3a43c0b2eebb330,ok,4646.466561153579,True,True,cluster_01644,val,/home/dheirav/Code/Deepfake_Detection/deepfake-project/dataset_builder/val/ai_edited/c9829t7_0.png
data_sources/ai_edited/IMD2020/c987c52_0.jpg,data_sources/ai_edited/IMD2020,ai_edited,1000,665,1.5038,JPEG,195057,db224f30e6953c9b665d0d727d008918,ba1b5d97e80981698a56bc03dff7dc2f9bf77a615fccc7cc0a51c84ab9e3e617,1.0,a5f3db0723629694,ok,1149.4921597541434,True,True,cluster_00739,val,/home/dheirav/Code/Deepfake_Detection/deepfake-project/dataset_builder/val/ai_edited/c987c52_0.jpg
data_sources/ai_edited/IMD2020/c98a70p_0.jpg,data_sources/ai_edited/IMD2020,ai_edited,1000,665,1.5038,JPEG,209540,31259dc2ff09e80b2f069ce5922d53c8,58ba76ffef9fbb119d516a6777b5d729c18159df9bda19de73d5f1a01785c373,1.0,a5f2d20422da9e9f,ok,442.00438102439034,True,True,cluster_00738,val,/home/dheirav/Code/Deepfake_Detection/deepfake-project/dataset_builder/val/ai_edited/c98a70p_0.jpg
data_sources/ai_edited/IMD2020/c98el2l_0.jpg,data_sources/ai_edited/IMD2020,ai_edited,545,480,1.1354,JPEG,124177,bda4b39a31a50e7686af11e566b2bb13,7fa728ee304dc0726cb58646ad16d81d51b5bb1229689cc1d602d0d9484082a4,1.0,aea847d250da61af,ok,3699.695762530277,True,True,cluster_01435,val,/home/dheirav/Code/Deepfake_Detection/deepfake-project/dataset_builder/val/ai_edited/c98el2l_0.jpg
data_sources/ai_edited/IMD2020/c98jpyg_0.jpg,data_sources/ai_edited/IMD2020,ai_edited,819,614,1.3339,JPEG,111136,5a7241de553e950d504249dc77fc7384,63586039b641ba0db3c86b8b68f3913efff19f263a1a0862a951613243cf4e52,1.0,d325ca20b9fc654b,ok,227.1011389681411,True,True,cluster_00966,val,/home/dheirav/Code/Deepfake_Detection/deepfake-project/dataset_builder/val/ai_edited/c98jpyg_0.jpg
data_sources/ai_edited/IMD2020/c98jqgu_0.jpg,data_sources/ai_edited/IMD2020,ai_edited,640,776,0.8247,JPEG,140402,97f61a2537b2aa0c17e544381dd736b0,0e6d740101d6763a13f6aa1f4cb0f5c6ee38229b33c6659e6ea3e05169dd011a,1.0,a79a8cf130d6c3a6,ok,1831.2979039034021,True,True,cluster_00980,val,/home/dheirav/Code/Deepfake_Detection/deepfake-project/dataset_builder/val/ai_edited/c98jqgu_0.jpg
data_sources/ai_edited/IMD2020/c98koeq_0.jpg,data_sources/ai_edited/IMD2020,ai_edited,1686,1136,1.4842,JPEG,490869,62c51504d552a8faffcb7ed7d524def9,ee24a288d7122b1669585d7552482d462540f611fe4adeae2e11eb9a461c8df9,1.0,ccffb3806e437c40,ok,279.5498797675994,True,True,cluster_00193,val,/home/dheirav/Code/Deepfake_Detection/deepfake-project/dataset_builder/val/ai_edited/c98koeq_0.jpg
data_sources/ai_edited/IMD2020/c98qgm4_0.jpg,data_sources/ai_edited/IMD2020,ai_edited,720,960,0.75,JPEG,138618,3fa4a2086b60ee922914372020bb85ac,e1ed79bec0a8636950ae07d09ff036c7843d699729dd1208d15e807046fbbd6b,1.0,90dfe1b41ac3b42b,ok,323.9700476128137,True,True,cluster_00696,val,/home/dheirav/Code/Deepfake_Detection/deepfake-project/dataset_builder/val/ai_edited/c98qgm4_0.jpg
data_sources/ai_edited/IMD2020/c98rtgo_0.png,data_sources/ai_edited/IMD2020,ai_edited,641,425,1.5082,PNG,441259,fcd0c16f29e759a99e41eda595246df7,1edb5f21b795729c26133a8b7565da53ead9b36ceb1fb8e3b8f7917d9ad353e7,1.0,9ac3238d9771d833,ok,366.16051343475806,True,True,cluster_01401,val,/home/dheirav/Code/Deepfake_Detection/deepfake-project/dataset_builder/val/ai_edited/c98rtgo_0.png
data_sources/ai_edited/IMD2020/c98s4at_0.jpg,data_sources/ai_edited/IMD2020,ai_edited,1374,774,1.7752,JPEG,154623,f0d8e022a97c3a36c768111567876632,47fba0b9a08c18b7d90b6318943f56c3195859e2c52f89f46d0709645be292f1,1.0,b906c77886567ca3,ok,88.10398450526246,True,True,cluster_00370,val,/home/dheirav/Code/Deepfake_Detection/deepfake-project/dataset_builder/val/ai_edited/c98s4at_0.jpg
data_sources/ai_edited/IMD2020/c990uno_0.jpg,data_sources/ai_edited/IMD2020,ai_edited,550,418,1.3158,JPEG,151671,6203d75ce25691970ec43a25369c1885,826e01a00e9c56541cc4d403dabac37a046a6377ee35f6bc6e41f06c0a8742c2,1.0,9ec63d4966496ab1,ok,549.6396843917046,True,True,cluster_01513,val,/home/dheirav/Code/Deepfake_Detection/deepfake-project/dataset_builder/val/ai_edited/c990uno_0.jpg
data_sources/ai_edited/IMD2020/c992737_0.jpg,data_sources/ai_edited/IMD2020,ai_edited,550,418,1.3158,JPEG,117848,2d04d7fb19b4a362ea170672cfa092d5,93f67f22ac0a7e7b50a897152dabe68878ee947fa52b16d1fd337e81e8c08670,1.0,da8497766cd9292c,ok,603.0634274437076,True,True,cluster_01514,val,/home/dheirav/Code/Deepfake_Detection/deepfake-project/dataset_builder/val/ai_edited/c992737_0.jpg
data_sources/ai_edited/IMD2020/c993kz0_0.jpg,data_sources/ai_edited/IMD2020,ai_edited,1402,1826,0.7678,JPEG,348901,7204bd7f93883ba6e287641432c9f4b3,979910d69642730c574dd4b7cd892d0161ddefb37f4ab81deaf9d1775126c641,1.0,86dfd120e8cafe24,ok,124.70032874868275,True,True,cluster_00106,val,/home/dheirav/Code/Deepfake_Detection/deepfake-project/dataset_builder/val/ai_edited/c993kz0_0.jpg
data_sources/ai_edited/IMD2020/c993qje_0.jpg,data_sources/ai_edited/IMD2020,ai_edited,520,720,0.7222,JPEG,104939,478b7b82c586d4a25070a449d2c7126a,55b11ae3d53b33fd3aad519501d7947c9822400fa7ac02ef1108b34d3ae85f08,1.0,831878ada7776326,ok,300.9708519571414,True,True,cluster_01184,val,/home/dheirav/Code/Deepfake_Detection/deepfake-project/dataset_builder/val/ai_edited/c993qje_0.jpg
data_sources/ai_edited/IMD2020/c993ui8_0.jpg,data_sources/ai_edited/IMD2020,ai_edited,550,418,1.3158,JPEG,31721,48378d613c9fe63cb0a500739098e8bf,108f6b43175d9a9d94dc490eec7f82733461ebaccef82d0b9263fcbf361b4d8a,1.0,e29194666ccd5a6d,ok,176.76460630137618,True,True,cluster_01520,val,/home/dheirav/Code/Deepfake_Detection/deepfake-project/dataset_builder/val/ai_edited/c993ui8_0.jpg
data_sources/ai_edited/IMD2020/c993w8d_0.jpg,data_sources/ai_edited/IMD2020,ai_edited,600,636,0.9434,JPEG,228549,80a287ba260f668da8884f3626ecab18,c1a98006c94d9419a55c8a81550e4cd5b8656057195973497ee3676cd2432979,1.0,b4588a8565f786e3,ok,186.35087774607163,True,True,cluster_01169,val,/home/dheirav/Code/Deepfake_Detection/deepfake-project/dataset_builder/val/ai_edited/c993w8d_0.jpg
data_sources/ai_edited/IMD2020/c9948nw_0.jpg,data_sources/ai_edited/IMD2020,ai_edited,364,504,0.7222,JPEG,57202,d5c13bb0f4c9a4ea0b9af40f32f78c99,af191490205033b09cacf2f18a6a3d0af48d59cbb6877020487a4cd9368e3d95,1.0,891b5ce123f7562a,ok,669.244205449051,True,True,cluster_01589,val,/home/dheirav/Code/Deepfake_Detection/deepfake-project/dataset_builder/val/ai_edited/c9948nw_0.jpg
data_sources/ai_edited/IMD2020/c995efy_0.jpg,data_sources/ai_edited/IMD2020,ai_edited,460,288,1.5972,JPEG,55281,c4b9071311fc5dd8d5dbc43586c2b64c,8305ce3f9561dac29409192c2a005c860cbc0dc14eceba9862541ac0303d4570,1.0,ca95a51d6cdb223c,ok,1636.1627322266834,True,True,cluster_01646,val,/home/dheirav/Code/Deepfake_Detection/deepfake-project/dataset_builder/val/ai_edited/c995efy_0.jpg
data_sources/ai_edited/IMD2020/c995ny6_0.jpg,data_sources/ai_edited/IMD2020,ai_edited,471,316,1.4905,JPEG,18136,e34dfe09f0d585d74c9b76872ea4de54,d2e9a1d814842fbd3cb40d83357a676b0f0a3a4996e1c47fe46d1947ac2f0285,1.0,8ffee2b1a8c69188,ok,143.94891435107272,True,True,cluster_01633,val,/home/dheirav/Code/Deepfake_Detection/deepfake-project/dataset_builder/val/ai_edited/c995ny6_0.jpg
data_sources/ai_edited/IMD2020/c995td6_0.jpg,data_sources/ai_edited/IMD2020,ai_edited,520,720,0.7222,JPEG,203096,e0b83c776d82f52adf794fdc98962e86,d274d84f9bbb8a9e9ae8b058ad4d7bc17f1383e40890d0717e3322726ed0f408,1.0,991b5cc9a9f55628,ok,304.7489118367094,True,True,cluster_01178,val,/home/dheirav/Code/Deepfake_Detection/deepfake-project/dataset_builder/val/ai_edited/c995td6_0.jpg
data_sources/ai_edited/IMD2020/c998fw2_0.jpg,data_sources/ai_edited/IMD2020,ai_edited,520,720,0.7222,JPEG,99455,53f823c34702010db0a804cbb5994832,b6e6b190b340b927395b42d53f719b2b4254768902c45170cf1238510fb2b981,1.0,995a1a65a167366e,ok,520.2098368106848,True,True,cluster_01185,val,/home/dheirav/Code/Deepfake_Detection/deepfake-project/dataset_builder/val/ai_edited/c998fw2_0.jpg
data_sources/ai_edited/IMD2020/c99bz7g_0.png,data_sources/ai_edited/IMD2020,ai_edited,991,617,1.6062,PNG,698018,a30c1b8f4ce40423869923a7b8803d2c,a5fff1b65daa95f6d1eebb4b0d3dbf8f7c5438b8763e9ceb61b33679b5b617fe,1.0,e30c9c56e3ac69c3,ok,229.80364279656004,True,True,cluster_00820,val,/home/dheirav/Code/Deepfake_Detection/deepfake-project/dataset_builder/val/ai_edited/c99bz7g_0.png
data_sources/ai_edited/IMD2020/c99d1yy_0.jpg,data_sources/ai_edited/IMD2020,ai_edited,800,533,1.5009,JPEG,154840,0669c174e0139c8f791f64075268f02b,98c3874f6216498e64b21a4e472d0e6b8ce558e33190b0813bb2502da83514f2,1.0,d2adc54a3aa5e836,ok,747.2546291253798,True,True,cluster_01095,val,/home/dheirav/Code/Deepfake_Detection/deepfake-project/dataset_builder/val/ai_edited/c99d1yy_0.jpg
data_sources/ai_edited/IMD2020/c99gesu_0.jpg,data_sources/ai_edited/IMD2020,ai_edited,500,619,0.8078,JPEG,226152,b1018541c1b6e436dce74bdf8ebe292b,246f583a2fefe2e84e264e82f0ef3ee7ff905a3648ac3a785ad6b1057ceb9155,1.0,f41db1a37d0ca352,ok,1647.9951956076009,True,True,cluster_01312,val,/home/dheirav/Code/Deepfake_Detection/deepfake-project/dataset_builder/val/ai_edited/c99gesu_0.jpg
data_sources/ai_edited/IMD2020/c99hbe0_0.jpg,data_sources/ai_edited/IMD2020,ai_edited,960,640,1.5,JPEG,193657,3f1f2b49ca61b693592c4734eb78e29d,2411febcb67ed7c5d16d57dceb9ea3b01ffab76f06e8cf7c68f2d233ee13aad7,1.0,9d25869270e73f89,ok,619.1175111665699,True,True,cluster_00792,val,/home/dheirav/Code/Deepfake_Detection/deepfake-project/dataset_builder/val/ai_edited/c99hbe0_0.jpg
data_sources/ai_edited/IMD2020/c99ilht_0.jpg,data_sources/ai_edited/IMD2020,ai_edited,800,864,0.9259,JPEG,253737,e84b442eceef4a047d6606c424f12107,e05c6c84292da6da144d052fe546e126c99b828c64b747f2d928d9e3ecd0ce0b,1.0,999944acba377cc8,ok,892.8297315319152,True,True,cluster_00662,val,/home/dheirav/Code/Deepfake_Detection/deepfake-project/dataset_builder/val/ai_edited/c99ilht_0.jpg
data_sources/ai_edited/IMD2020/c99lcrp_0.jpg,data_sources/ai_edited/IMD2020,ai_edited,1200,1899,0.6319,JPEG,232672,b95904077e5616b0ba55485b63a86f98,7ac237df11bb72c2ced73304dbc4f67c42ddb094507d5c587cdbc6e2dcbc8dd5,1.0,ad9a919ae743e286,ok,215.5158849025283,True,True,cluster_00130,val,/home/dheirav/Code/Deepfake_Detection/deepfake-project/dataset_builder/val/ai_edited/c99lcrp_0.jpg
data_sources/ai_edited/IMD2020/c99wogs_0.jpg,data_sources/ai_edited/IMD2020,ai_edited,970,701,1.3837,JPEG,118793,aae7501ea33095d663b7dcbbafed330b,283848d432dab9e28b4092a8ee991f6f8dcf584ce726fee2990c775ec9fd0d68,1.0,9a30f79c44ef3059,ok,606.3516723370044,True,True,cluster_00709,val,/home/dheirav/Code/Deepfake_Detection/deepfake-project/dataset_builder/val/ai_edited/c99wogs_0.jpg
data_sources/ai_edited/IMD2020/c99wyrv_0.jpg,data_sources/ai_edited/IMD2020,ai_edited,1920,1080,1.7778,JPEG,397236,7eff03354497864aa2009b27fd62a86e,2dafffcd984e4ae2309fe185a765e50eb1f184081460e6b61f47d0834eac5150,1.0,c96c36c39c36239d,ok,385.7286877092161,True,True,cluster_00156,val,/home/dheirav/Code/Deepfake_Detection/deepfake-project/dataset_builder/val/ai_edited/c99wyrv_0.jpg
data_sources/ai_edited/IMD2020/c99xlov_0.jpg,data_sources/ai_edited/IMD2020,ai_edited,787,758,1.0383,JPEG,115955,90b7e0607ccf565f28a9dedf623f7f8e,d8f66d217f604e8ebb02242ef4ce63a4ebdb856aaeab2c1995c33b1915b315f9,1.0,c4db7b2d3b2d0514,ok,134.37433323243306,True,True,cluster_00846,val,/home/dheirav/Code/Deepfake_Detection/deepfake-project/dataset_builder/val/ai_edited/c99xlov_0.jpg
data_sources/ai_edited/IMD2020/c9abrtp_0.jpg,data_sources/ai_edited/IMD2020,ai_edited,960,720,1.3333,JPEG,176930,92cdc1dd72dd1a9607c1aed6fb1ecde5,fa15c53295e9ce18242921216353d9459e73a8fd09786af8996d55482d417395,1.0,91cae6bd243ee161,ok,723.1427556521547,True,True,cluster_00680,val,/home/dheirav/Code/Deepfake_Detection/deepfake-project/dataset_builder/val/ai_edited/c9abrtp_0.jpg
data_sources/ai_edited/IMD2020/c9ajz8e_0.jpg,data_sources/ai_edited/IMD2020,ai_edited,960,717,1.3389,JPEG,73523,31fb637b04ed76976836f063f714a6ef,53982a49f600dcb9d6fae76ef50e160e854906a0f28e4cd33f77d1049535b1c4,1.0,cebb11c42a37c43b,ok,389.094630830258,True,True,cluster_00704,val,/home/dheirav/Code/Deepfake_Detection/deepfake-project/dataset_builder/val/ai_edited/c9ajz8e_0.jpg
data_sources/ai_edited/IMD2020/c9anb73_0.jpg,data_sources/ai_edited/IMD2020,ai_edited,746,528,1.4129,JPEG,106627,e870ccace99f245a1b4268cb9968efe4,9a879002fa61643690841b3eb67e520809ff4c3ccd5d266cb2e966c2102ba5c2,1.0,f9c94fb0f046941e,ok,1597.1878637331038,True,True,cluster_01142,val,/home/dheirav/Code/Deepfake_Detection/deepfake-project/dataset_builder/val/ai_edited/c9anb73_0.jpg
data_sources/ai_edited/IMD2020/c9anple_0.jpg,data_sources/ai_edited/IMD2020,ai_edited,927,720,1.2875,JPEG,168553,c7e21852b841c55d4cc5b8c52db49b83,543b00be90958938c31344d430e70603af021f0ff1ebbceb345cf1ca70c7f05a,1.0,a19a56bdac5ee061,ok,768.5651561284827,True,True,cluster_00729,val,/home/dheirav/Code/Deepfake_Detection/deepfake-project/dataset_builder/val/ai_edited/c9anple_0.jpg
data_sources/ai_edited/IMD2020/c9aq17o_0.jpg,data_sources/ai_edited/IMD2020,ai_edited,1600,1045,1.5311,JPEG,335343,92ab398b2e5509ea0b2aef8fda531b63,fe9a61b8ffd0ad8d099991a149b866889d8e7ae3995288d0ac8dbff05b4aec37,1.0,9e869e88a377c8b2,ok,811.5315741427567,True,True,cluster_00233,val,/home/dheirav/Code/Deepfake_Detection/deepfake-project/dataset_builder/val/ai_edited/c9aq17o_0.jpg
data_sources/ai_edited/IMD2020/c9atqpq_0.jpg,data_sources/ai_edited/IMD2020,ai_edited,1024,652,1.5706,JPEG,237850,25f0936faf8e061db51c64539f9b4fe9,1b0c0ae235339f34f62bfba4385ee082ec32dd9915a0df4bf040a720c643d3de,1.0,9293e7c9cc8c5969,ok,260.4184808710261,True,True,cluster_00727,val,/home/dheirav/Code/Deepfake_Detection/deepfake-project/dataset_builder/val/ai_edited/c9atqpq_0.jpg
data_sources/ai_edited/IMD2020/c9axg8n_0.jpg,data_sources/ai_edited/IMD2020,ai_edited,1222,815,1.4994,JPEG,384409,eb8ae81598a4c6f8cfcf6a81ec1055dc,ebeec79f8dd5e49ef9b0ebc74aaa677be8a412ac06d3c02510c6260115762878,1.0,9c9a69c52f29a0be,ok,1788.4007651062068,True,True,cluster_00385,val,/home/dheirav/Code/Deepfake_Detection/deepfake-project/dataset_builder/val/ai_edited/c9axg8n_0.jpg
data_sources/ai_edited/IMD2020/c9ayosx_0.jpg,data_sources/ai_edited/IMD2020,ai_edited,922,1200,0.7683,JPEG,245139,ec87251ef674c41c3ede69b9b65f73ce,be550c3ac7ca3cf61a1b1f4da43228892d1e296ab63115060360f9309109dd29,1.0,96f961574c4c3a8b,ok,220.28203663088655,True,True,cluster_00347,val,/home/dheirav/Code/Deepfake_Detection/deepfake-project/dataset_builder/val/ai_edited/c9ayosx_0.jpg
data_sources/ai_edited/IMD2020/c9az9ha_0.jpg,data_sources/ai_edited/IMD2020,ai_edited,1280,702,1.8234,JPEG,198922,b5d39bb3490b40e8192554cd212d96b3,72d63b4f169dc9efb389e0b216a512a467f7d82a84fce08ca699ea2ac940dc28,1.0,d96325c62dd2336c,ok,118.75382833519305,True,True,cluster_00451,val,/home/dheirav/Code/Deepfake_Detection/deepfake-project/dataset_builder/val/ai_edited/c9az9ha_0.jpg
data_sources/ai_edited/IMD2020/c9azgqp_0.jpg,data_sources/ai_edited/IMD2020,ai_edited,640,479,1.3361,JPEG,182478,ece87b992708e094e576e6c5f433237d,1b27b824a41e54b3ae1c8b75bc60501d2b84e27d155a56759206d93c332cec7a,1.0,9b55e76ad52c8838,ok,944.453707876296,True,True,cluster_01340,val,/home/dheirav/Code/Deepfake_Detection/deepfake-project/dataset_builder/val/ai_edited/c9azgqp_0.jpg
data_sources/ai_edited/IMD2020/c9b0gy6_0.jpg,data_sources/ai_edited/IMD2020,ai_edited,1200,830,1.4458,JPEG,143169,60d0d55f353573e9cd34d17362e1eda6,cc3a3c0d2b8adcf3c10561d2d2911bee5332bb1e5e6542d57ac27b97106d50c9,1.0,9c4ec373269c2ad6,ok,845.2592207419881,True,True,cluster_00384,val,/home/dheirav/Code/Deepfake_Detection/deepfake-project/dataset_builder/val/ai_edited/c9b0gy6_0.jpg
data_sources/ai_edited/IMD2020/c9b2vt4_0.jpg,data_sources/ai_edited/IMD2020,ai_edited,853,617,1.3825,JPEG,194828,759cd8154e60efd4871540bebf16a72e,d6c1eba7c32685acbc2ec3ecc086732289164882b0b0e46f43db710192c0a182,1.0,d5ec070f08cbcce3,ok,1885.6381338400035,True,True,cluster_00944,val,/home/dheirav/Code/Deepfake_Detection/deepfake-project/dataset_builder/val/ai_edited/c9b2vt4_0.jpg
data_sources/ai_edited/IMD2020/c9b3g8m_0.jpg,data_sources/ai_edited/IMD2020,ai_edited,1024,576,1.7778,JPEG,169690,9727ac8e19e286240aa93dd9e11e16b8,6b442aa1f20bb1815efcdc236d3c76322a680d5f984ba5cf52cbc21be8f48d56,1.0,c0d6d6d4fa1f00ad,ok,707.9650398155438,True,True,cluster_00851,val,/home/dheirav/Code/Deepfake_Detection/deepfake-project/dataset_builder/val/ai_edited/c9b3g8m_0.jpg
data_sources/ai_edited/IMD2020/c9b6ddb_0.jpg,data_sources/ai_edited/IMD2020,ai_edited,1280,702,1.8234,JPEG,88617,95a31c528d2b5b6f4c318c67f2f786a8,0156574e4fd6eb1bf89d55e9272b7cabaeb2b0cbcd1014a2094c416bb693def9,1.0,d96325c66d92316e,ok,85.38679108751586,True,True,cluster_00453,val,/home/dheirav/Code/Deepfake_Detection/deepfake-project/dataset_builder/val/ai_edited/c9b6ddb_0.jpg
data_sources/ai_edited/IMD2020/c9biybz_0.jpg,data_sources/ai_edited/IMD2020,ai_edited,1136,640,1.775,JPEG,167367,dc22123f02fdf025a8b6481eac0a418b,431f9cb756e86597c69fdb026933c5db23fabf9846f127c29e500b23c406d88b,1.0,c1be30187f19f893,ok,144.45261023843224,True,True,cluster_00610,val,/home/dheirav/Code/Deepfake_Detection/deepfake-project/dataset_builder/val/ai_edited/c9biybz_0.jpg
data_sources/ai_edited/IMD2020/c9bk4fn_0.jpg,data_sources/ai_edited/IMD2020,ai_edited,960,720,1.3333,JPEG,233664,3443299f331f0ebc85b6340803c8afbb,feaffb84af2da35343be2e1979b6f6afb0f338258a82178a0f45aec0918b2e53,1.0,e74c1c8e0e3d7938,ok,181.56268601479235,True,True,cluster_00668,val,/home/dheirav/Code/Deepfake_Detection/deepfake-project/dataset_builder/val/ai_edited/c9bk4fn_0.jpg
data_sources/ai_edited/IMD2020/c9bkfb3_0.jpg,data_sources/ai_edited/IMD2020,ai_edited,1136,640,1.775,JPEG,170556,2675faa7a6f5f80025e3cbc4d2ac2c06,69740b88e1ab6b453138144dab12f8fa62445ef6aa51aa06df99afe44243dc72,1.0,c5de30646f199999,ok,177.91679654380582,True,True,cluster_00609,val,/home/dheirav/Code/Deepfake_Detection/deepfake-project/dataset_builder/val/ai_edited/c9bkfb3_0.jpg
data_sources/ai_edited/IMD2020/c9bld2v_0.jpg,data_sources/ai_edited/IMD2020,ai_edited,1136,640,1.775,JPEG,185154,5a21a598e48a96e4bdfea04b658766f6,dd2da2f09aba1f6c968e9089d14406f842ff1ba142d8faae63f3b9ccb6cf4185,1.0,e59e30667f199981,ok,252.70023529129733,True,True,cluster_00607,val,/home/dheirav/Code/Deepfake_Detection/deepfake-project/dataset_builder/val/ai_edited/c9bld2v_0.jpg
data_sources/ai_edited/IMD2020/c9bldbp_0.png,data_sources/ai_edited/IMD2020,ai_edited,780,517,1.5087,PNG,737564,4ecc7428785da54ad4bdf433c678141b,dad9708c729079f27b5034d33d2834c03115fccbd63ef84b544225a044477f08,1.0,93a48dd2c4c9e9ec,ok,676.9630339039953,True,True,cluster_01129,val,/home/dheirav/Code/Deepfake_Detection/deepfake-project/dataset_builder/val/ai_edited/c9bldbp_0.png
data_sources/ai_edited/IMD2020/c9bn6ip_0.jpg,data_sources/ai_edited/IMD2020,ai_edited,2337,1753,1.3331,JPEG,710218,9b83242c62d011873edfe350870ed5e6,7228c882785736f0cd8395fe782d8cd19cfafdc06bed9b2f449db6d82e09d5d3,1.0,8e892c9c9e8cade5,ok,475.9629052855859,True,True,cluster_00048,val,/home/dheirav/Code/Deepfake_Detection/deepfake-project/dataset_builder/val/ai_edited/c9bn6ip_0.jpg
data_sources/ai_edited/IMD2020/c9bncio_0.jpg,data_sources/ai_edited/IMD2020,ai_edited,800,1200,0.6667,JPEG,202554,cdf1a4467a84713ba866a425759e908e,92c5cd83f2b8a7bb599c4e1c16dc343e6a4614f24377b4a167aae9298456b44d,1.0,d3c9ccca28265af9,ok,90.89926427623263,True,True,cluster_00411,val,/home/dheirav/Code/Deepfake_Detection/deepfake-project/dataset_builder/val/ai_edited/c9bncio_0.jpg
data_sources/ai_edited/IMD2020/c9brtmx_0.jpg,data_sources/ai_edited/IMD2020,ai_edited,1024,536,1.9104,JPEG,157164,17cc693f3fe336caa85ad7d00aa33a38,e17db5ffcf98b10c51b4a0406c5e996f39e1c1e5d7f5a78f2aa47efb4ccc8560,1.0,c2d4743692dcadc3,ok,114.8206756707919,True,True,cluster_00903,val,/home/dheirav/Code/Deepfake_Detection/deepfake-project/dataset_builder/val/ai_edited/c9brtmx_0.jpg
data_sources/ai_edited/IMD2020/c9bse2z_0.jpg,data_sources/ai_edited/IMD2020,ai_edited,600,510,1.1765,JPEG,198562,200a67298a33e2a3dda80b01f23a16c7,262b0def009caff9c00016f378c9bb48ef898cb879b8becd22cdcb7d28e5c606,1.0,f4a8b9b5189ce1c3,ok,156.817882512869,True,True,cluster_01342,val,/home/dheirav/Code/Deepfake_Detection/deepfake-project/dataset_builder/val/ai_edited/c9bse2z_0.jpg
data_sources/ai_edited/IMD2020/c9bttk4_0.jpg,data_sources/ai_edited/IMD2020,ai_edited,725,480,1.5104,JPEG,201569,4012a76859c17e9762d4f28aab245f79,bca7512350f7145ff8185f8662b4b07dbb76f9477ef6fb58430ab7ea032e9047,1.0,b7b64886db50e558,ok,1344.8556636808032,True,True,cluster_01231,val,/home/dheirav/Code/Deepfake_Detection/deepfake-project/dataset_builder/val/ai_edited/c9bttk4_0.jpg
data_sources/ai_edited/IMD2020/c9c75hs_0.jpg,data_sources/ai_edited/IMD2020,ai_edited,1280,1027,1.2463,JPEG,418324,23a96273e2e9fa762dcf997363662b1b,d6da1086dc89a11fd6f01410521e5f88915e4a9a88160a8fbd25d80113c7af37,1.0,fa85806b39a6c379,ok,900.5980945372704,True,True,cluster_00290,val,/home/dheirav/Code/Deepfake_Detection/deepfake-project/dataset_builder/val/ai_edited/c9c75hs_0.jpg
data_sources/ai_edited/IMD2020/c9c9t84_0.jpg,data_sources/ai_edited/IMD2020,ai_edited,467,393,1.1883,JPEG,108632,e59104b8f8dd838ec6a465f767eb5007,db0a0c136593ee383b5d654a54b1cd394bb7603f06220494e21e9728a9bb467d,1.0,dabb912da7511cc2,ok,2350.782760824592,True,True,cluster_01588,val,/home/dheirav/Code/Deepfake_Detection/deepfake-project/dataset_builder/val/ai_edited/c9c9t84_0.jpg
data_sources/ai_edited/IMD2020/c9cefz7_0.jpg,data_sources/ai_edited/IMD2020,ai_edited,800,600,1.3333,JPEG,80705,b138e311b03ba26f0aad7adbfffe0c6c,c7521a6ef2ab617288c106d585d92e3e23be68fbd400878a05394064faa2857a,1.0,8514da6ef93d2564,ok,401.6043040116493,True,True,cluster_01007,val,/home/dheirav/Code/Deepfake_Detection/deepfake-project/dataset_builder/val/ai_edited/c9cefz7_0.jpg
data_sources/ai_edited/IMD2020/c9chzty_0.jpg,data_sources/ai_edited/IMD2020,ai_edited,1280,1027,1.2463,JPEG,205582,f4069a208bca02db398921dec20232e8,4346174b5d87385d0096e5173666f12f684c82565668bbc39594a1aae1d5366a,1.0,fa81806f3486d37b,ok,797.2956952529394,True,True,cluster_00295,val,/home/dheirav/Code/Deepfake_Detection/deepfake-project/dataset_builder/val/ai_edited/c9chzty_0.jpg
data_sources/ai_edited/IMD2020/c9cklgd_0.jpg,data_sources/ai_edited/IMD2020,ai_edited,822,545,1.5083,JPEG,125048,6a340b46b119c33ee92b15d03c21fb56,60bfe317ceb5b8afbd9dba445b977187ac591a8b68df41f2aef3919891f8c732,1.0,bc389793c6c259cc,ok,310.6693539766457,True,True,cluster_01067,val,/home/dheirav/Code/Deepfake_Detection/deepfake-project/dataset_builder/val/ai_edited/c9cklgd_0.jpg
data_sources/ai_edited/IMD2020/c9ckx05_0.jpg,data_sources/ai_edited/IMD2020,ai_edited,1388,1041,1.3333,JPEG,328777,0f4d1455542c7491216f8a90081c1d9a,5cd91a169a8b707d67099c7f4b682ca34630c4c3a8d39b03f02c16262b1f39a0,1.0,ab584d6f34c62a55,ok,646.0649660164421,True,True,cluster_00273,val,/home/dheirav/Code/Deepfake_Detection/deepfake-project/dataset_builder/val/ai_edited/c9ckx05_0.jpg
data_sources/ai_edited/IMD2020/c9clmau_0.png,data_sources/ai_edited/IMD2020,ai_edited,800,600,1.3333,PNG,408297,76c8efc9041c2b9d8f21bbabba77afa6,4537eb466d91c4f30404bbd6cede316e3a38494fa690a5835ecc596b192dd300,1.0,cc5833c7b0677331,ok,777.6002596178777,True,True,cluster_00992,val,/home/dheirav/Code/Deepfake_Detection/deepfake-project/dataset_builder/val/ai_edited/c9clmau_0.png
data_sources/ai_edited/IMD2020/c9clzrj_0.jpg,data_sources/ai_edited/IMD2020,ai_edited,1936,2592,0.7469,JPEG,556590,f1dc460a369f027e5c73b391b01021c2,d274acd2a2d806bf6dbc9c7f503bfd207aaa56db0533ecf2bb08c5c79d6bff90,1.0,a4a43f17d8f8bcc0,ok,130.21030033574937,True,True,cluster_00027,val,/home/dheirav/Code/Deepfake_Detection/deepfake-project/dataset_builder/val/ai_edited/c9clzrj_0.jpg
data_sources/ai_edited/IMD2020/c9cm824_0.png,data_sources/ai_edited/IMD2020,ai_edited,822,545,1.5083,PNG,564659,b137c06a594e07a3712266d18b6d8c98,0e13589e2068f5cd5bfd4788f306a6ebc5707b689edeb30552226f394f1b410b,1.0,bc31979387c249cd,ok,281.9954884395023,True,True,cluster_01055,val,/home/dheirav/Code/Deepfake_Detection/deepfake-project/dataset_builder/val/ai_edited/c9cm824_0.png
data_sources/ai_edited/IMD2020/c9cml58_0.jpg,data_sources/ai_edited/IMD2020,ai_edited,1280,1027,1.2463,JPEG,416986,94bfc6db6c4126a2230477ccc661f8d6,918a0d354b6dd5745c5ec3d413d047be444efc2e05e408fa6e351ca9cce05b5e,1.0,bc93cb0e302ad57c,ok,852.3407401361155,True,True,cluster_00292,val,/home/dheirav/Code/Deepfake_Detection/deepfake-project/dataset_builder/val/ai_edited/c9cml58_0.jpg
data_sources/ai_edited/IMD2020/c9cnkd2_0.jpg,data_sources/ai_edited/IMD2020,ai_edited,822,545,1.5083,JPEG,56707,0b68bfae2fac75efb0ea6c16cb83b024,e8c92543232372f62238ba29001643eb2bbf1d07745313b727729fb91aa26473,1.0,bc389f9387c24b8c,ok,294.98094562369806,True,True,cluster_01070,val,/home/dheirav/Code/Deepfake_Detection/deepfake-project/dataset_builder/val/ai_edited/c9cnkd2_0.jpg
data_sources/ai_edited/IMD2020/c9cnkxl_0.jpg,data_sources/ai_edited/IMD2020,ai_edited,822,545,1.5083,JPEG,134320,a1eb2665a23f8e595a8952d718996ff5,1ab0919cb7ef96757f8c6330c88dc146fd36de49fdaa8031afe33d1ca9864f74,1.0,ec6396b11ce243e6,ok,214.65250313358888,True,True,cluster_01064,val,/home/dheirav/Code/Deepfake_Detection/deepfake-project/dataset_builder/val/ai_edited/c9cnkxl_0.jpg
data_sources/ai_edited/IMD2020/c9cojnz_0.jpg,data_sources/ai_edited/IMD2020,ai_edited,822,545,1.5083,JPEG,62199,4c7e4a4e5bd69d1799096879faa85ebf,f31782f9c2ae7bd818d32e5e21c4f6e7179a35d4cbd77290598faa758c7fcbe8,1.0,b8399f9187c24bb8,ok,281.6389646579213,True,True,cluster_01069,val,/home/dheirav/Code/Deepfake_Detection/deepfake-project/dataset_builder/val/ai_edited/c9cojnz_0.jpg
data_sources/ai_edited/IMD2020/c9cpohz_0.jpg,data_sources/ai_edited/IMD2020,ai_edited,822,545,1.5083,JPEG,210488,e4635e344ee365ede9bb47fe8df71c08,07ce4a94f02e8533bc124eab99ed2d59f9eb11c7ec286949503f651b0ac0be34,1.0,bc339fe38ec089c8,ok,341.6673181505097,True,True,cluster_01058,val,/home/dheirav/Code/Deepfake_Detection/deepfake-project/dataset_builder/val/ai_edited/c9cpohz_0.jpg
data_sources/ai_edited/IMD2020/c9crgzl_0.png,data_sources/ai_edited/IMD2020,ai_edited,600,415,1.4458,PNG,747658,ef43f7797bd665d63296d5340bb8e3fd,783dc09933bd601ac5af884dea0c906c2aed8c4bc76e42d4d63ddb7896282c6d,1.0,b5430af978146ab7,ok,387.9585548745182,True,True,cluster_01453,val,/home/dheirav/Code/Deepfake_Detection/deepfake-project/dataset_builder/val/ai_edited/c9crgzl_0.png
data_sources/ai_edited/IMD2020/c9cser1_0.jpg,data_sources/ai_edited/IMD2020,ai_edited,1936,2592,0.7469,JPEG,514357,e3cf42f43dddb7183ff10e770bef7202,015a5d222299c3a365a8355d4dc524a5b2a76aef0345be6d5533eef931e869b3,1.0,a5a4f356cacaace0,ok,121.07854241860358,True,True,cluster_00030,val,/home/dheirav/Code/Deepfake_Detection/deepfake-project/dataset_builder/val/ai_edited/c9cser1_0.jpg
data_sources/ai_edited/IMD2020/c9cyjm5_0.jpg,data_sources/ai_edited/IMD2020,ai_edited,1161,993,1.1692,JPEG,353624,57cdcec21efc28524e1a54479c62d196,ecb90ff09a6412eea1cc9967cb0504e9e884591c5e81eadb2078a2f30ae6d8eb,1.0,b5da46664a151f2d,ok,1245.2397899974255,True,True,cluster_00340,val,/home/dheirav/Code/Deepfake_Detection/deepfake-project/dataset_builder/val/ai_edited/c9cyjm5_0.jpg
data_sources/ai_edited/IMD2020/c9czi34_0.jpg,data_sources/ai_edited/IMD2020,ai_edited,1600,1600,1.0,JPEG,408301,4cf168a392ea77322a4e1b5912a64de1,344ee89c73a0a9bcd80359895fc046625d57606df500542c9ca4d39b43662e1c,1.0,8d2876556e9e3439,ok,545.1598734374121,True,True,cluster_00108,val,/home/dheirav/Code/Deepfake_Detection/deepfake-project/dataset_builder/val/ai_edited/c9czi34_0.jpg
data_sources/ai_edited/IMD2020/c9d56du_0.png,data_sources/ai_edited/IMD2020,ai_edited,750,498,1.506,PNG,513756,b3e1cfffb04343aa67a1b6afb96c8e8a,dc4e974b1193917248831864c9758dea620a441d568606b3d7c2c7a5215268cf,1.0,d39f2c353386cc0d,ok,8298.260480392675,True,True,cluster_01192,val,/home/dheirav/Code/Deepfake_Detection/deepfake-project/dataset_builder/val/ai_edited/c9d56du_0.png
data_sources/ai_edited/IMD2020/c9d5q6i_0.jpg,data_sources/ai_edited/IMD2020,ai_edited,899,745,1.2067,JPEG,76271,8088f53a346a9a8c097ad6d9c37a520a,056eb4714f4733aa920c5087f5bc5dca7af24af842a5869a37cea2e18269aadd,1.0,d4c75879ee30a60b,ok,945.1275212998157,True,True,cluster_00723,val,/home/dheirav/Code/Deepfake_Detection/deepfake-project/dataset_builder/val/ai_edited/c9d5q6i_0.jpg
data_sources/ai_edited/IMD2020/c9d9pl9_0.jpg,data_sources/ai_edited/IMD2020,ai_edited,899,745,1.2067,JPEG,198805,1752bdba8d3e4165034b3519568208d0,54085710428577a8decd25a4b4612c71dbf02090948206a3bd37eef87746ab00,1.0,d5f75066e862ac29,ok,803.5279902073098,True,True,cluster_00719,val,/home/dheirav/Code/Deepfake_Detection/deepfake-project/dataset_builder/val/ai_edited/c9d9pl9_0.jpg
data_sources/ai_edited/IMD2020/c9do7hm_0.jpg,data_sources/ai_edited/IMD2020,ai_edited,700,483,1.4493,JPEG,177993,9047d4a5072542439087bd3140e50885,e3830b13243a72090401b7b40cf29fcb5fd3161c1fccb0c3254b785c3287e56f,1.0,de4ae9743033239e,ok,2980.2370914799994,True,True,cluster_01272,val,/home/dheirav/Code/Deepfake_Detection/deepfake-project/dataset_builder/val/ai_edited/c9do7hm_0.jpg
data_sources/ai_edited/IMD2020/c9du4ht_0.jpg,data_sources/ai_edited/IMD2020,ai_edited,1200,1600,0.75,JPEG,300218,e93c91309efcd26c1f67db69e76b3fb4,1de518d0e1e258806e9a18c3d2a51ecb5d17ad6cbabb300ec6b63b5f815bcf56,1.0,dbe4f6e18a8e9118,ok,227.86586005805557,True,True,cluster_00189,val,/home/dheirav/Code/Deepfake_Detection/deepfake-project/dataset_builder/val/ai_edited/c9du4ht_0.jpg
data_sources/ai_edited/IMD2020/c9du7a8_0.jpg,data_sources/ai_edited/IMD2020,ai_edited,1536,2048,0.75,JPEG,360672,2e1a291404d3aa017aeced7c8ab8b1b0,1fa889995f7f0a4f0a743a0e45dcc7f878d968d6ce2049ec3d54a8d86dd8fb82,1.0,dbe4e4e59a9b050c,ok,507.31092941367143,True,True,cluster_00073,val,/home/dheirav/Code/Deepfake_Detection/deepfake-project/dataset_builder/val/ai_edited/c9du7a8_0.jpg
data_sources/ai_edited/IMD2020/c9e3pq0_0.png,data_sources/ai_edited/IMD2020,ai_edited,690,500,1.38,PNG,565592,a9f9f839cfd97c523c908400a8c5f13a,d306ce62b8f359766f686ee64d0effa00fea40f92d41326888c2222bdc252bb1,1.0,85b7bc9c62c1a2ba,ok,779.912709875732,True,True,cluster_01246,val,/home/dheirav/Code/Deepfake_Detection/deepfake-project/dataset_builder/val/ai_edited/c9e3pq0_0.png
data_sources/ai_edited/IMD2020/c9e4i0n_0.jpg,data_sources/ai_edited/IMD2020,ai_edited,2048,1536,1.3333,JPEG,504900,59bee1c98f1ffea7ad59f1a0c005424c,af93366a2fde230bbc3ed2719bab3fafe509d1616877cfb14c9aa7ed2e92dc07,1.0,c6f15e5a6a033b19,ok,623.8131881372695,True,True,cluster_00071,val,/home/dheirav/Code/Deepfake_Detection/deepfake-project/dataset_builder/val/ai_edited/c9e4i0n_0.jpg
data_sources/ai_edited/IMD2020/c9e9r5q_0.jpg,data_sources/ai_edited/IMD2020,ai_edited,851,482,1.7656,JPEG,229484,5e2c4bc6be1c772c8421224fafb291e6,9151591bab2e168fe359e02c6646fd9dd65929e71dbd05be46cb7a438e402fa2,1.0,99ae2e205359cdd5,ok,1259.326245006316,True,True,cluster_01124,val,/home/dheirav/Code/Deepfake_Detection/deepfake-project/dataset_builder/val/ai_edited/c9e9r5q_0.jpg
data_sources/ai_edited/IMD2020/c9ebxsh_0.jpg,data_sources/ai_edited/IMD2020,ai_edited,948,855,1.1088,JPEG,156225,ce29a637894bca860c898105a4d81756,b4e7b8a5fb6b9e02b343fad294c1fa86b9cd9c298469691477c8b951a2f0fd34,1.0,b38eaf31ea3c8451,ok,2839.67377090888,True,True,cluster_00513,val,/home/dheirav/Code/Deepfake_Detection/deepfake-project/dataset_builder/val/ai_edited/c9ebxsh_0.jpg
data_sources/ai_edited/IMD2020/c9ed1is_0.jpg,data_sources/ai_edited/IMD2020,ai_edited,920,1207,0.7622,JPEG,268248,7f89339c8e89405123205edb5ad64f2d,51178c2f04d3bb87e3ec8fbe2dc79174006ccf3ec0c146148f69f99887d937d8,1.0,b3b78d70c8e1dc48,ok,1121.5826724995309,True,True,cluster_00345,val,/home/dheirav/Code/Deepfake_Detection/deepfake-project/dataset_builder/val/ai_edited/c9ed1is_0.jpg
data_sources/ai_edited/IMD2020/c9ed8pk_0.jpg,data_sources/ai_edited/IMD2020,ai_edited,920,1207,0.7622,JPEG,270337,dce891eaac2fbd27fa6f962e1893cac4,6ced362e12945fb05bac6ecbbde71be63710a0d61627d63a95c9f1c5f9df80ed,1.0,b3b78d68c8e1cc4c,ok,1135.0486887255665,True,True,cluster_00344,val,/home/dheirav/Code/Deepfake_Detection/deepfake-project/dataset_builder/val/ai_edited/c9ed8pk_0.jpg
data_sources/ai_edited/IMD2020/c9egvex_0.jpg,data_sources/ai_edited/IMD2020,ai_edited,401,600,0.6683,JPEG,71161,45bab783d88ceedef45a9ef4bc7f2905,66ee40e6d110704d7bbfe2f8aa298fa89850332f8be715d20114c484b9d86f11,1.0,e9cd1533e0441ef9,ok,508.4795206497299,True,True,cluster_01470,val,/home/dheirav/Code/Deepfake_Detection/deepfake-project/dataset_builder/val/ai_edited/c9egvex_0.jpg
data_sources/ai_edited/IMD2020/c9eierm_0.jpg,data_sources/ai_edited/IMD2020,ai_edited,599,900,0.6656,JPEG,152774,2b32d8a2c67c0fb975112a77b06cc733,1bf2d2930500e17664dad66c015974d0d14846c9e2ab4e59f072b78be70c3f3b,1.0,f1970c7463575895,ok,882.9105726414391,True,True,cluster_00928,val,/home/dheirav/Code/Deepfake_Detection/deepfake-project/dataset_builder/val/ai_edited/c9eierm_0.jpg
data_sources/ai_edited/IMD2020/c9ens87_0.jpg,data_sources/ai_edited/IMD2020,ai_edited,501,753,0.6653,JPEG,59190,34e896ba01b1ef1251a6803dd73d0417,0b3c2351567e1ea06e04e58e989343486985ba534d186f6bfb965d98f16fc9be,1.0,f993807c1713f855,ok,801.381610192789,True,True,cluster_01172,val,/home/dheirav/Code/Deepfake_Detection/deepfake-project/dataset_builder/val/ai_edited/c9ens87_0.jpg
data_sources/ai_edited/IMD2020/c9epo48_0.jpg,data_sources/ai_edited/IMD2020,ai_edited,550,748,0.7353,JPEG,103754,97c5c904b6cad118886c4973a724f9cc,cbdb53be74f23bee55cd32db6182fb09a2e02c0590173c4c37fecccfa4813b31,1.0,804f48f7364bceb1,ok,230.4292406679387,True,True,cluster_01121,val,/home/dheirav/Code/Deepfake_Detection/deepfake-project/dataset_builder/val/ai_edited/c9epo48_0.jpg
data_sources/ai_edited/IMD2020/c9etyea_0.jpg,data_sources/ai_edited/IMD2020,ai_edited,960,639,1.5023,JPEG,150426,b1dbc64ab98d26078b703d13cc3d31c9,48d1fda36d4e7c3a860fc76e54920f782c53dcbd42f534bdfa5f0d98a0b7c4d2,1.0,876b1b4ca6d262f4,ok,199.3000645886749,True,True,cluster_00812,val,/home/dheirav/Code/Deepfake_Detection/deepfake-project/dataset_builder/val/ai_edited/c9etyea_0.jpg
data_sources/ai_edited/IMD2020/c9euw8c_0.jpg,data_sources/ai_edited/IMD2020,ai_edited,960,639,1.5023,JPEG,135946,da49b52621247e508540486339252bdc,d9bec8c60d3e0a3a3516399e622701287bb5a370836944c5f9010c6f959c44dc,1.0,896f164aa2d662f9,ok,216.76800399606617,True,True,cluster_00814,val,/home/dheirav/Code/Deepfake_Detection/deepfake-project/dataset_builder/val/ai_edited/c9euw8c_0.jpg
data_sources/ai_edited/IMD2020/c9f0r3h_0.png,data_sources/ai_edited/IMD2020,ai_edited,800,530,1.5094,PNG,667019,3d4b360837de3dc123d78edc2189f343,16ecb07402aeb2b425fe36f9713e0bb7759cce2f5646f55442b6f8bac454d327,1.0,a50b2a7c26e374c7,ok,1456.4795463296045,True,True,cluster_01101,val,/home/dheirav/Code/Deepfake_Detection/deepfake-project/dataset_builder/val/ai_edited/c9f0r3h_0.png
data_sources/ai_edited/IMD2020/c9f0vmz_0.jpg,data_sources/ai_edited/IMD2020,ai_edited,800,530,1.5094,JPEG,136057,b71cafaf01a38004458f9c468caac758,cfaeae7292673e73e7137c347fbca529ea3e2e04914637cd18518ae8de7a7f6f,1.0,c50b2a7c2ea374c7,ok,1352.6355946457313,True,True,cluster_01107,val,/home/dheirav/Code/Deepfake_Detection/deepfake-project/dataset_builder/val/ai_edited/c9f0vmz_0.jpg
data_sources/ai_edited/IMD2020/c9f38b8_0.jpg,data_sources/ai_edited/IMD2020,ai_edited,801,528,1.517,JPEG,151897,c278b9c390c34e7c657804b09535e3c5,3858fe7e36310a383750e096ad35697a785dee7a9649f7d59f223747fd4d8f74,1.0,c10b2a7c26e374cf,ok,1493.1160564474214,True,True,cluster_01110,val,/home/dheirav/Code/Deepfake_Detection/deepfake-project/dataset_builder/val/ai_edited/c9f38b8_0.jpg
data_sources/ai_edited/IMD2020/c9fl0yy_0.jpg,data_sources/ai_edited/IMD2020,ai_edited,900,599,1.5025,JPEG,179366,5054791f3042ac5391cbf89b32a0c4f2,2f54cc665501b172fa0002903e39837177f9d2879fbd318c7a92c89421d4559d,1.0,bcd1806e8d1de39c,ok,1180.1867337295294,True,True,cluster_00923,val,/home/dheirav/Code/Deepfake_Detection/deepfake-project/dataset_builder/val/ai_edited/c9fl0yy_0.jpg
data_sources/ai_edited/IMD2020/c9fo87w_0.jpg,data_sources/ai_edited/IMD2020,ai_edited,1863,2805,0.6642,JPEG,721316,a5b83c04419978fd506130e4dd7bdb99,129897e1791c2611cb8c1daabade5f513cfc9ac24749b982bbc81158c4cb6248,1.0,e6c61b394c4cc4f3,ok,1669.0355949510579,True,True,cluster_00022,val,/home/dheirav/Code/Deepfake_Detection/deepfake-project/dataset_builder/val/ai_edited/c9fo87w_0.jpg
data_sources/ai_edited/IMD2020/c9fprtk_0.jpg,data_sources/ai_edited/IMD2020,ai_edited,1371,943,1.4539,JPEG,215438,83698d593773ed6fe55f81121a0f9ae9,4480014f5f8f61e176bbc2d68e2e49cb1b83dfb9af62536e11d7746ab8a054e8,1.0,caea313e1d1b14ec,ok,288.3803405726134,True,True,cluster_00307,val,/home/dheirav/Code/Deepfake_Detection/deepfake-project/dataset_builder/val/ai_edited/c9fprtk_0.jpg
data_sources/ai_edited/IMD2020/c9fqbs0_0.jpg,data_sources/ai_edited/IMD2020,ai_edited,900,599,1.5025,JPEG,170365,598998bd27d5effaf130d34851601c0f,7fb329832358388d10957e79c127d78de5c822fee99d50d60fa0d8e5949ad592,1.0,bdd1c42e8d1dc19c,ok,1071.4959657722852,True,True,cluster_00926,val,/home/dheirav/Code/Deepfake_Detection/deepfake-project/dataset_builder/val/ai_edited/c9fqbs0_0.jpg
data_sources/ai_edited/IMD2020/c9fva3b_0.jpg,data_sources/ai_edited/IMD2020,ai_edited,514,372,1.3817,JPEG,55976,b523b457db57afca76c0b8de27540f8d,f26e94c12b85ac30843b6e17bae9d63c49a209ff32d2849be69140fb23f296c0,1.0,f9e10e6f651a328c,ok,441.1145282333473,True,True,cluster_01569,val,/home/dheirav/Code/Deepfake_Detection/deepfake-project/dataset_builder/val/ai_edited/c9fva3b_0.jpg
data_sources/ai_edited/IMD2020/c9fwc5l_0.jpg,data_sources/ai_edited/IMD2020,ai_edited,1260,1473,0.8554,JPEG,346189,a1c1ac143e7d111650c0a83e2e167d83,70eb89e146b8eac2c024eb7b870d0c4c09e2d5026150c5166716075f05d54bd4,1.0,dafaba26238c6398,ok,339.749514556831,True,True,cluster_00197,val,/home/dheirav/Code/Deepfake_Detection/deepfake-project/dataset_builder/val/ai_edited/c9fwc5l_0.jpg
data_sources/ai_edited/IMD2020/c9fxc80_0.jpg,data_sources/ai_edited/IMD2020,ai_edited,1197,844,1.4182,JPEG,138304,e53be868661c0b3aa2aa87269cc7f459,0e16dd8b2f4e50993af03c13a6dd1f7c5aab9b4a042d3a0c1ede50b2ca7e693d,1.0,d879604b971ec5cc,ok,160.54362763606844,True,True,cluster_00380,val,/home/dheirav/Code/Deepfake_Detection/deepfake-project/dataset_builder/val/ai_edited/c9fxc80_0.jpg
data_sources/ai_edited/IMD2020/c9fxudz_0.jpg,data_sources/ai_edited/IMD2020,ai_edited,401,750,0.5347,JPEG,75544,1a8a96238e68eb73c9180cb2df68fb50,2cb74fdc956e8c08a3c732a2193ad2ec641e3bbb498ead9be84d885406497c4f,1.0,8d5ae04dda24f3e2,ok,1324.943503606227,True,True,cluster_01349,val,/home/dheirav/Code/Deepfake_Detection/deepfake-project/dataset_builder/val/ai_edited/c9fxudz_0.jpg
data_sources/ai_edited/IMD2020/c9fxwfb_0.png,data_sources/ai_edited/IMD2020,ai_edited,360,540,0.6667,PNG,215380,06f78ededf9738e08daa42d06d8c212f,1953e882db6d18ffe0adefa9c30d20d49b2117ee6d3c2494966f2fa72b4d4e31,1.0,dc5623a7588ca769,ok,204.08369840278309,True,True,cluster_01561,val,/home/dheirav/Code/Deepfake_Detection/deepfake-project/dataset_builder/val/ai_edited/c9fxwfb_0.png
data_sources/ai_edited/IMD2020/c9fzio7_0.jpg,data_sources/ai_edited/IMD2020,ai_edited,600,800,0.75,JPEG,128303,77e75a3665f34d725918ff5e9d932263,adb170eb104f08f7789394b968246562706bf09ec3a6f20eb15128ee30fdbdf2,1.0,b17b4cb246dc21d6,ok,1481.825625830399,True,True,cluster_01003,val,/home/dheirav/Code/Deepfake_Detection/deepfake-project/dataset_builder/val/ai_edited/c9fzio7_0.jpg
data_sources/ai_edited/IMD2020/c9g2y6q_0.png,data_sources/ai_edited/IMD2020,ai_edited,624,430,1.4512,PNG,724708,18d42f33c9d03b2649e74fc259a9f0f3,b5aa33bf1e6f898d1fa22157868bb18a32d86155c7cb6445085c5c29c3c6d40e,1.0,d2b8a74f17e00e39,ok,5090.069999349238,True,True,cluster_01419,val,/home/dheirav/Code/Deepfake_Detection/deepfake-project/dataset_builder/val/ai_edited/c9g2y6q_0.png
data_sources/ai_edited/IMD2020/c9g3114_0.jpg,data_sources/ai_edited/IMD2020,ai_edited,990,625,1.584,JPEG,186393,49a40cd4f19c767225f4a2b5366f730b,24d77b4ee62b954c2bf7f252c46c333e909dbabc0c247a148d28724cfdcbcae9,1.0,f49e1be5a5948983,ok,1290.3824322612866,True,True,cluster_00783,val,/home/dheirav/Code/Deepfake_Detection/deepfake-project/dataset_builder/val/ai_edited/c9g3114_0.jpg
data_sources/ai_edited/IMD2020/c9g3oqm_0.jpg,data_sources/ai_edited/IMD2020,ai_edited,620,923,0.6717,JPEG,129761,d85a9d9c6c556bc1d3f17f20f3a9db25,52e3794695d88e184aa9ba24474bf0c2590390bf87403cc6ee78e6e4afe019e9,1.0,f2b61e4b3d416923,ok,1286.4795805256974,True,True,cluster_00880,val,/home/dheirav/Code/Deepfake_Detection/deepfake-project/dataset_builder/val/ai_edited/c9g3oqm_0.jpg
data_sources/ai_edited/IMD2020/c9g5v1g_0.jpg,data_sources/ai_edited/IMD2020,ai_edited,1280,960,1.3333,JPEG,334145,148adfddbfd3b6183e0600c547f2cf73,b003a287b4c6f9e84a88371e0c2f2f6f5311084097c60251a28d1e6240030e0a,1.0,d88d27b0610773fa,ok,86.5108084380885,True,True,cluster_00320,val,/home/dheirav/Code/Deepfake_Detection/deepfake-project/dataset_builder/val/ai_edited/c9g5v1g_0.jpg
data_sources/ai_edited/IMD2020/c9g5zv6_0.jpg,data_sources/ai_edited/IMD2020,ai_edited,990,625,1.584,JPEG,248564,e0a8b0ce31bd02fed46f0f920ad717d9,ebd2b5f5d2824b1828263428fdce2d1107241dbfd126507b6665151b96f54874,1.0,f4bc0fceb194098b,ok,1509.515172169603,True,True,cluster_00781,val,/home/dheirav/Code/Deepfake_Detection/deepfake-project/dataset_builder/val/ai_edited/c9g5zv6_0.jpg
data_sources/ai_edited/IMD2020/c9g6sg0_0.jpg,data_sources/ai_edited/IMD2020,ai_edited,1024,707,1.4484,JPEG,313992,45b16a5c8a3210911caab57875de26fb,34ffd31846d5bf838e67bbb74d1b1ce95bee866b2c3bc0067d91ae5aaf492b69,1.0,f0b807ec38f1c762,ok,3554.9570259210514,True,True,cluster_00611,val,/home/dheirav/Code/Deepfake_Detection/deepfake-project/dataset_builder/val/ai_edited/c9g6sg0_0.jpg
data_sources/ai_edited/IMD2020/c9g6vta_0.jpg,data_sources/ai_edited/IMD2020,ai_edited,1729,2616,0.6609,JPEG,640929,7d6524d6b76cc8186e1b62e7cd2e5524,ce237ac3668a35455bcc77d6c82e3728b9eb03eee5ec7322f0fecddcee6a11cf,1.0,ccb9a3f6184d3346,ok,196.24306751185784,True,True,cluster_00038,val,/home/dheirav/Code/Deepfake_Detection/deepfake-project/dataset_builder/val/ai_edited/c9g6vta_0.jpg
data_sources/ai_edited/IMD2020/c9g80q7_0.jpg,data_sources/ai_edited/IMD2020,ai_edited,800,469,1.7058,JPEG,179576,93b8583f98d1c8f590a4624d725a1b83,8b61cd38c932a3feaf74c7b048b1a341b29c6b1fa759761008af534d54b34f38,1.0,fefce070e16ac0c1,ok,2659.1422705693,True,True,cluster_01174,val,/home/dheirav/Code/Deepfake_Detection/deepfake-project/dataset_builder/val/ai_edited/c9g80q7_0.jpg
data_sources/ai_edited/IMD2020/c9g93re_0.jpg,data_sources/ai_edited/IMD2020,ai_edited,938,704,1.3324,JPEG,74857,ffa01cf16f4f1373c0772b23708de17f,166d6d19314aac81c61a831df07d056aac5e03f04372e79910f375110e290c65,1.0,df28cdb23860c7a6,ok,265.9785313488937,True,True,cluster_00752,val,/home/dheirav/Code/Deepfake_Detection/deepfake-project/dataset_builder/val/ai_edited/c9g93re_0.jpg
data_sources/ai_edited/IMD2020/c9g9ld3_0.jpg,data_sources/ai_edited/IMD2020,ai_edited,1500,1034,1.4507,JPEG,301289,33b4e3035e7f96c9f993dab9a3074eff,d34fcc58ed484786ac29279f7cea21838b9ff403ed5bd31510e7921b165cd70f,1.0,b2b8c7c70ff00c39,ok,3045.6305444636428,True,True,cluster_00250,val,/home/dheirav/Code/Deepfake_Detection/deepfake-project/dataset_builder/val/ai_edited/c9g9ld3_0.jpg
data_sources/ai_edited/IMD2020/c9gd2mj_0.jpg,data_sources/ai_edited/IMD2020,ai_edited,1000,644,1.5528,JPEG,170780,775fe69ad6884443d6fb2923dba5cc6d,ab173d48620dd5a625af706f269969c5c8e823795293c549a1c51c60a696b758,1.0,e99587eef2951822,ok,934.2722069466456,True,True,cluster_00768,val,/home/dheirav/Code/Deepfake_Detection/deepfake-project/dataset_builder/val/ai_edited/c9gd2mj_0.jpg
data_sources/ai_edited/IMD2020/c9gd5k9_0.jpg,data_sources/ai_edited/IMD2020,ai_edited,1800,1241,1.4504,JPEG,423562,ffe4114bb7dc75a6bc4d5016f1f6b48a,87171739320d3f0f15c56c643e9146ca1f70dca1e4cd9aeeb67e5015537365a3,1.0,b3b8c74f0ff00439,ok,1287.3305680687736,True,True,cluster_00135,val,/home/dheirav/Code/Deepfake_Detection/deepfake-project/dataset_builder/val/ai_edited/c9gd5k9_0.jpg
data_sources/ai_edited/IMD2020/c9gmtbg_0.jpg,data_sources/ai_edited/IMD2020,ai_edited,1600,1200,1.3333,JPEG,373919,53feb13e6b01cad9940263fb2b2e93a8,fb070a320e2d11c4dce3acfa8cfc3c79a32c8d6b3669c0af38c005c4292f0acf,1.0,ccb2bb4c8e76830b,ok,519.804864047005,True,True,cluster_00185,val,/home/dheirav/Code/Deepfake_Detection/deepfake-project/dataset_builder/val/ai_edited/c9gmtbg_0.jpg
data_sources/ai_edited/IMD2020/c9gn0vx_0.jpg,data_sources/ai_edited/IMD2020,ai_edited,1600,1156,1.3841,JPEG,368767,fa6febc3ff42e7750cccb33632e3f723,dea070be552ccc04b9071a577dbcf4db2c60a98a5ca284f851a05a265dffa20d,1.0,98836646078f7ff0,ok,252.1168871883617,True,True,cluster_00198,val,/home/dheirav/Code/Deepfake_Detection/deepfake-project/dataset_builder/val/ai_edited/c9gn0vx_0.jpg
data_sources/ai_edited/IMD2020/c9gn94z_0.jpg,data_sources/ai_edited/IMD2020,ai_edited,506,636,0.7956,JPEG,72383,304a73d2f3dc9b5f418a731313e774c1,f5f92e1be7cd1efd6e83dc786075a5586b51bcdf5a30e592a81eb2bcb8456c13,1.0,b1b34ecc66b332c4,ok,853.2209845025459,True,True,cluster_01295,val,/home/dheirav/Code/Deepfake_Detection/deepfake-project/dataset_builder/val/ai_edited/c9gn94z_0.jpg
data_sources/ai_edited/IMD2020/c9grcz4_0.jpg,data_sources/ai_edited/IMD2020,ai_edited,590,393,1.5013,JPEG,42320,b4864d60eb8c185e77fb2809fe2af814,5e8194b632d733b27a12e75a340a24d09ab57d903626d0ddb63bc837fba8ca35,1.0,83572e5736e4642d,ok,289.70468735939914,True,True,cluster_01502,val,/home/dheirav/Code/Deepfake_Detection/deepfake-project/dataset_builder/val/ai_edited/c9grcz4_0.jpg
data_sources/ai_edited/IMD2020/c9gss1i_0.jpg,data_sources/ai_edited/IMD2020,ai_edited,400,600,0.6667,JPEG,51885,53dd02cb692b877c5bb70205a44b4174,d85431a5271413a06c7e14f6be9dc549cc58a8a1606cbe9e8e0f04996a4ab394,1.0,fc63d06c930f1719,ok,437.09636539104173,True,True,cluster_01481,val,/home/dheirav/Code/Deepfake_Detection/deepfake-project/dataset_builder/val/ai_edited/c9gss1i_0.jpg
data_sources/ai_edited/IMD2020/c9gsyda_0.jpg,data_sources/ai_edited/IMD2020,ai_edited,640,480,1.3333,JPEG,89809,073444d71d1846365304f85cb4e67e65,acde2d5e968d82dfc666b5202f04c9f9e4e471570436fa5014ab8253611da451,1.0,9394cb357273968a,ok,2508.6045630068356,True,True,cluster_01335,val,/home/dheirav/Code/Deepfake_Detection/deepfake-project/dataset_builder/val/ai_edited/c9gsyda_0.jpg
data_sources/ai_edited/IMD2020/c9gw35r_0.jpg,data_sources/ai_edited/IMD2020,ai_edited,1600,1067,1.4995,JPEG,376931,0944cd1851558610b437d63ecd315a49,54606c1ae43db8af0cf8159264ca26e34d6f1026f599ba8f19e3dfa6f0bed761,1.0,d5515ac21be869b9,ok,494.9718264985676,True,True,cluster_00217,val,/home/dheirav/Code/Deepfake_Detection/deepfake-project/dataset_builder/val/ai_edited/c9gw35r_0.jpg
data_sources/ai_edited/IMD2020/c9gx2vm_0.png,data_sources/ai_edited/IMD2020,ai_edited,800,1134,0.7055,PNG,1637222,f0efc6f2c13a6fa13ac7347310258c29,6b142bae5caf030b0ad287ee678ee9a4d6d161f1285f49b5fc117f9ce7f9f16b,1.0,e6f198189b986367,ok,1481.0921225784552,True,True,cluster_00447,val,/home/dheirav/Code/Deepfake_Detection/deepfake-project/dataset_builder/val/ai_edited/c9gx2vm_0.png
data_sources/ai_edited/IMD2020/c9gzach_0.jpg,data_sources/ai_edited/IMD2020,ai_edited,1000,799,1.2516,JPEG,215211,23d9731e4a18fd9b79d1f5a0fea4138b,5b5281a8e4c777962ea6adc7f11bb3c48964ceb2e8e4cc8e4b228fb924603a1d,1.0,a17a1e09e5678b39,ok,461.2940926180191,True,True,cluster_00525,val,/home/dheirav/Code/Deepfake_Detection/deepfake-project/dataset_builder/val/ai_edited/c9gzach_0.jpg
data_sources/ai_edited/IMD2020/c9h02el_0.png,data_sources/ai_edited/IMD2020,ai_edited,656,512,1.2812,PNG,559305,0e589cf44ae99ab66c864732f14135ee,2302fa8fc1fb147e1bf0c6c486d8a2513fd7177a4a59de4aef54eec9de721006,1.0,8f8fee905068ecc5,ok,456.8028837013979,True,True,cluster_01275,val,/home/dheirav/Code/Deepfake_Detection/deepfake-project/dataset_builder/val/ai_edited/c9h02el_0.png
data_sources/ai_edited/IMD2020/c9h0993_0.jpg,data_sources/ai_edited/IMD2020,ai_edited,960,664,1.4458,JPEG,132181,cc9ff115b5719f0faf9d4d8d6c600bb7,1bf885386752d1fb83f24f75bd29784b92e84b7c13ff16cb4747fab32e6b096c,1.0,d69d296a1ec73928,ok,509.3581981274432,True,True,cluster_00774,val,/home/dheirav/Code/Deepfake_Detection/deepfake-project/dataset_builder/val/ai_edited/c9h0993_0.jpg
data_sources/ai_edited/IMD2020/c9h2sab_0.jpg,data_sources/ai_edited/IMD2020,ai_edited,2000,1334,1.4993,JPEG,224548,2edd1266d43505aff3ba3c8d3eea0fc4,e4c12cdcbb45403365dd003c83ed10e0bbcd4572f95476b647d5fff3829bb994,1.0,97216e1677c9c98c,ok,80.87784782406399,True,True,cluster_00101,val,/home/dheirav/Code/Deepfake_Detection/deepfake-project/dataset_builder/val/ai_edited/c9h2sab_0.jpg
data_sources/ai_edited/IMD2020/c9h2tvs_0.jpg,data_sources/ai_edited/IMD2020,ai_edited,1000,780,1.2821,JPEG,145901,f5ddea59f913e8025310cef3f493e057,85ff4f2fdb5376ed39e1ec9caf3e3ed15f0caf94983222c9ef29849aa97fe5c1,1.0,9c66669973cf1609,ok,110.65531398538955,True,True,cluster_00566,val,/home/dheirav/Code/Deepfake_Detection/deepfake-project/dataset_builder/val/ai_edited/c9h2tvs_0.jpg
data_sources/ai_edited/IMD2020/c9h3b9x_0.jpg,data_sources/ai_edited/IMD2020,ai_edited,400,592,0.6757,JPEG,68252,3d1bac9becf1ffb5539b9a57c1424376,64bf00eff71f9da0d23ca56ecaf87a86d5ba5c4bc02a874a3ceb548996458df5,1.0,ac43d3ac63385eb8,ok,1312.2030361885245,True,True,cluster_01490,val,/home/dheirav/Code/Deepfake_Detection/deepfake-project/dataset_builder/val/ai_edited/c9h3b9x_0.jpg
data_sources/ai_edited/IMD2020/c9hanuj_0.jpg,data_sources/ai_edited/IMD2020,ai_edited,1000,640,1.5625,JPEG,108199,a23fb58d48d9003104f2ed2ca550085d,eb7ee8ec7849a599a8b653498101fc5742038ba3ede81a9b5c4af0e9f4071913,1.0,8bb8e1368a6d93c9,ok,329.92511657470453,True,True,cluster_00771,val,/home/dheirav/Code/Deepfake_Detection/deepfake-project/dataset_builder/val/ai_edited/c9hanuj_0.jpg
data_sources/ai_edited/IMD2020/c9hgkbl_0.jpg,data_sources/ai_edited/IMD2020,ai_edited,900,675,1.3333,JPEG,225711,3f6f162e5ab5765e639f103794bfcd68,00547a975d6e04cb8844c22e09d75630f29d19d512857e909e23879675ec27f2,1.0,84bf63983146997b,ok,261.4152640814266,True,True,cluster_00828,val,/home/dheirav/Code/Deepfake_Detection/deepfake-project/dataset_builder/val/ai_edited/c9hgkbl_0.jpg
data_sources/ai_edited/IMD2020/c9hi7nj_0.jpg,data_sources/ai_edited/IMD2020,ai_edited,720,960,0.75,JPEG,90978,729ad4dc1253bdd3dd3afea0f086c7cd,13a936c822f76f2107875922ef7ad593019712fd45204170596d95bf8e972012,1.0,c672bd416e82b666,ok,259.9302878287338,True,True,cluster_00701,val,/home/dheirav/Code/Deepfake_Detection/deepfake-project/dataset_builder/val/ai_edited/c9hi7nj_0.jpg
data_sources/ai_edited/IMD2020/c9hjnfo_0.jpg,data_sources/ai_edited/IMD2020,ai_edited,964,740,1.3027,JPEG,230175,754e6a65a0b2de63065719f4c500f59e,2e5232bee788c1f1a43a33b1b84779d4414800bffdafaab5113a822cc82c114f,1.0,9eb28abdb4958989,ok,1671.2362169676019,True,True,cluster_00621,val,/home/dheirav/Code/Deepfake_Detection/deepfake-project/dataset_builder/val/ai_edited/c9hjnfo_0.jpg
data_sources/ai_edited/IMD2020/c9hks52_0.jpg,data_sources/ai_edited/IMD2020,ai_edited,720,960,0.75,JPEG,85262,6a9d7c345b524dad70592ce43e5e9eee,56408b273cd388019ba16a6ad125281c82a3597747784cbbb82c926bf740be3e,1.0,da570bfc609ac436,ok,354.16842971144314,True,True,cluster_00702,val,/home/dheirav/Code/Deepfake_Detection/deepfake-project/dataset_builder/val/ai_edited/c9hks52_0.jpg
data_sources/ai_edited/IMD2020/c9hlbrm_0.jpg,data_sources/ai_edited/IMD2020,ai_edited,840,574,1.4634,JPEG,100017,85fee94135ea1ec6657e5466aeed8d63,897c6238d994271abff5168218fb0b2a2cf94bb28415b46d2674d2d6a208e507,1.0,84f6c276b4348af3,ok,1743.288644822783,True,True,cluster_00988,val,/home/dheirav/Code/Deepfake_Detection/deepfake-project/dataset_builder/val/ai_edited/c9hlbrm_0.jpg
data_sources/ai_edited/IMD2020/c9hoexk_0.jpg,data_sources/ai_edited/IMD2020,ai_edited,964,740,1.3027,JPEG,218627,1c737f55f8b37267c397908458ceaacc,1136b30b09f602a3de7f343cd8d00980b296c119338ab28e2bf185b7a735adcb,1.0,b6b29ab5b4958989,ok,1370.8347759899796,True,True,cluster_00625,val,/home/dheirav/Code/Deepfake_Detection/deepfake-project/dataset_builder/val/ai_edited/c9hoexk_0.jpg
data_sources/ai_edited/IMD2020/c9houy2_0.jpg,data_sources/ai_edited/IMD2020,ai_edited,964,740,1.3027,JPEG,226094,91ef9b12682509608d8074ddd979ee62,eb27f9de811de98bb3c1333ee7e76689ea51e42d077c8e3e4ae98b5ed849172e,1.0,9eb28abfb4858989,ok,1658.8232279487554,True,True,cluster_00624,val,/home/dheirav/Code/Deepfake_Detection/deepfake-project/dataset_builder/val/ai_edited/c9houy2_0.jpg
data_sources/ai_edited/IMD2020/c9hs9do_0.jpg,data_sources/ai_edited/IMD2020,ai_edited,964,740,1.3027,JPEG,236281,4a748562b533e9a05220c79419a1bcc4,2534385ca4ca1a57c865556020832b65b87ecef99d24284853cc8235756f140e,1.0,bea39abcb5908989,ok,1784.6644972188074,True,True,cluster_00619,val,/home/dheirav/Code/Deepfake_Detection/deepfake-project/dataset_builder/val/ai_edited/c9hs9do_0.jpg
data_sources/ai_edited/IMD2020/c9hsiyf_0.jpg,data_sources/ai_edited/IMD2020,ai_edited,760,760,1.0,JPEG,237771,116e097467a737724296d57df51d66d3,9adbb5e21a56e5e50341565477958fee36134e0fb3fb2770f4079ac0cc35db7b,1.0,abb5dbdac5c44241,ok,2432.7633495020677,True,True,cluster_00875,val,/home/dheirav/Code/Deepfake_Detection/deepfake-project/dataset_builder/val/ai_edited/c9hsiyf_0.jpg
data_sources/ai_edited/IMD2020/c9hu5ce_0.jpg,data_sources/ai_edited/IMD2020,ai_edited,964,740,1.3027,JPEG,315730,8a5ad21df118930de19cb0632dc607cf,0090f1d0faeaf0f8fe7ca939bce45d12e2d62ab9d2a494230287ec895b9b3e3c,1.0,9eb28bbfb4858981,ok,8705.512707601938,True,True,cluster_00618,val,/home/dheirav/Code/Deepfake_Detection/deepfake-project/dataset_builder/val/ai_edited/c9hu5ce_0.jpg
data_sources/ai_edited/IMD2020/c9hud83_0.jpg,data_sources/ai_edited/IMD2020,ai_edited,900,900,1.0,JPEG,156083,153a3f168315e18abfdd5e63d1ed9c45,7033b19b04d0702a251624b567b233e572fd6ab39bbaa3e922205bda4faa4d35,1.0,b5841325adfce147,ok,2461.421302167351,True,True,cluster_00519,val,/home/dheirav/Code/Deepfake_Detection/deepfake-project/dataset_builder/val/ai_edited/c9hud83_0.jpg
data_sources/ai_edited/IMD2020/c9hv3aa_0.jpg,data_sources/ai_edited/IMD2020,ai_edited,897,900,0.9967,JPEG,197610,d007847f540088cc852b33b805325f81,c5295f113653f7ee7494fa4b656dda71705c82b8860d474395460d1262ea338f,1.0,8d851725e5edc3c2,ok,2318.6822848646016,True,True,cluster_00521,val,/home/dheirav/Code/Deepfake_Detection/deepfake-project/dataset_builder/val/ai_edited/c9hv3aa_0.jpg
data_sources/ai_edited/IMD2020/c9hxepw_0.jpg,data_sources/ai_edited/IMD2020,ai_edited,1238,693,1.7864,JPEG,72551,952910014a8b997b765dd0ffb37d9899,f7ed0731d481597a154bf39bf171012a2e80084b200bd2378718aadbc531d10d,1.0,d3760e456c0c1dbb,ok,259.1625424967888,True,True,cluster_00495,val,/home/dheirav/Code/Deepfake_Detection/deepfake-project/dataset_builder/val/ai_edited/c9hxepw_0.jpg
data_sources/ai_edited/IMD2020/c9ihn1n_0.png,data_sources/ai_edited/IMD2020,ai_edited,600,338,1.7751,PNG,194846,158ba52434d0c6f04c2d6f2e8daf79d6,ef2e901e409b4b0326cc481a9033fb893405d9b082440e82391d770553d4543e,1.0,b233999966ccc666,ok,1311.9154570571902,True,True,cluster_01552,val,/home/dheirav/Code/Deepfake_Detection/deepfake-project/dataset_builder/val/ai_edited/c9ihn1n_0.png
data_sources/ai_edited/IMD2020/c9ihomk_0.jpg,data_sources/ai_edited/IMD2020,ai_edited,1400,958,1.4614,JPEG,374874,70408ec210dc7f7c4040f2f5375ae983,b9d4e4ac3368993a4a31bde5c1cd9a0172fd0505ff0f9062ac02daaa864ba6e6,1.0,b9ccc6b378c189c6,ok,461.97004141554453,True,True,cluster_00283,val,/home/dheirav/Code/Deepfake_Detection/deepfake-project/dataset_builder/val/ai_edited/c9ihomk_0.jpg
data_sources/ai_edited/IMD2020/c9iibzf_0.jpg,data_sources/ai_edited/IMD2020,ai_edited,1400,1142,1.2259,JPEG,221082,ed114c295cbf608dbc1f146eeb45cd5c,cb514e06d7761ae465088696fbf147f5cd0480068a7f7db38b2e6fd5b5d95b23,1.0,989ae2c6c19337c7,ok,218.5625300752131,True,True,cluster_00245,val,/home/dheirav/Code/Deepfake_Detection/deepfake-project/dataset_builder/val/ai_edited/c9iibzf_0.jpg
data_sources/ai_edited/IMD2020/c9ij6ir_0.jpg,data_sources/ai_edited/IMD2020,ai_edited,1195,1600,0.7469,JPEG,388996,da4736f3286d9f2eaa27062aa916c357,0b3887d2e5bb0b01af0749ffea69e9c7d83964a0a74ae78a5fc563c4beed7e28,1.0,af2fe8c09f90d1d0,ok,1144.191795585297,True,True,cluster_00196,val,/home/dheirav/Code/Deepfake_Detection/deepfake-project/dataset_builder/val/ai_edited/c9ij6ir_0.jpg
data_sources/ai_edited/IMD2020/c9ik1fl_0.jpg,data_sources/ai_edited/IMD2020,ai_edited,400,385,1.039,JPEG,160649,2f9ee87c6b55d30aaa007c41e4623e9e,467583b46665cbf06ca7f6ae0ccba425b69b69d8793562467ea4a61b99eae117,1.0,db20709966399a7d,ok,3333.4569245242033,True,True,cluster_01629,val,/home/dheirav/Code/Deepfake_Detection/deepfake-project/dataset_builder/val/ai_edited/c9ik1fl_0.jpg
data_sources/ai_edited/IMD2020/c9imetl_0.jpg,data_sources/ai_edited/IMD2020,ai_edited,1400,958,1.4614,JPEG,333169,3aa7e32ef44dcf14e760a211957332a2,4b5df929cd991b97cb337b3cd721a61be2bcd0b4e3487fc0e08e6855ee9ac449,1.0,93c6ce3b4bd198c4,ok,332.0104496635434,True,True,cluster_00285,val,/home/dheirav/Code/Deepfake_Detection/deepfake-project/dataset_builder/val/ai_edited/c9imetl_0.jpg
data_sources/ai_edited/IMD2020/c9iovzx_0.jpg,data_sources/ai_edited/IMD2020,ai_edited,660,476,1.3866,JPEG,182461,b1fe9f8fff710bd6f9ede2f6e5d37779,52fa792a80d08220b4de0ca333b93a473ba03eb05f5082383938ebce750aa1c9,1.0,e2dc8b72b3838c55,ok,3565.777385303133,True,True,cluster_01306,val,/home/dheirav/Code/Deepfake_Detection/deepfake-project/dataset_builder/val/ai_edited/c9iovzx_0.jpg
data_sources/ai_edited/IMD2020/c9iqfsg_0.jpg,data_sources/ai_edited/IMD2020,ai_edited,2748,1696,1.6203,JPEG,590018,8e8f390273f216940f37e55e0a2e34aa,68e731c8a64b1d38c8b7c669d2c1b7c0ff3370df5102c5519d76091d9cf3f6c3,1.0,b9a1eed18d962c49,ok,475.5136226777054,True,True,cluster_00037,val,/home/dheirav/Code/Deepfake_Detection/deepfake-project/dataset_builder/val/ai_edited/c9iqfsg_0.jpg
data_sources/ai_edited/IMD2020/c9is39d_0.jpg,data_sources/ai_edited/IMD2020,ai_edited,660,476,1.3866,JPEG,175554,71f90ad182952e7ef8e7151582dc4ec5,59a6dbb7917af6c9505937e6411cce65e9015ad3a691b727d2085d4227641d2a,1.0,e29dc95eb342ac62,ok,3575.2689272629227,True,True,cluster_01307,val,/home/dheirav/Code/Deepfake_Detection/deepfake-project/dataset_builder/val/ai_edited/c9is39d_0.jpg
data_sources/ai_edited/IMD2020/c9islb2_0.jpg,data_sources/ai_edited/IMD2020,ai_edited,991,660,1.5015,JPEG,134108,9673b28298c610cb93a271199dfded31,4c0cb50b9192a8aa6a1aa0b5d0f73b314b45f3d43ac3d68e496cca98b176e235,1.0,e798d6187b2fa405,ok,303.7736690337631,True,True,cluster_00761,val,/home/dheirav/Code/Deepfake_Detection/deepfake-project/dataset_builder/val/ai_edited/c9islb2_0.jpg
data_sources/ai_edited/IMD2020/c9iuyp5_0.jpg,data_sources/ai_edited/IMD2020,ai_edited,300,454,0.6608,JPEG,67320,c9dc02228f70932ea34ee35e3a37b996,d1343474439f236abccfbab05bd310655ba7d51b701adcb64f913bad169b22e4,1.0,95a22a3b954a7cd5,ok,2165.111556306751,True,True,cluster_01642,val,/home/dheirav/Code/Deepfake_Detection/deepfake-project/dataset_builder/val/ai_edited/c9iuyp5_0.jpg
data_sources/ai_edited/IMD2020/c9j1u8d_0.jpg,data_sources/ai_edited/IMD2020,ai_edited,900,900,1.0,JPEG,139833,fcea12373de5de5e1f52069b20f6bc60,e94ac9a5bb5e42c7345822d55cb564eb69b450770e693133200dc1c002fcbf70,1.0,e69999e69a29ccb0,ok,201.14723950616673,True,True,cluster_00520,val,/home/dheirav/Code/Deepfake_Detection/deepfake-project/dataset_builder/val/ai_edited/c9j1u8d_0.jpg
data_sources/ai_edited/IMD2020/c9j223g_0.jpg,data_sources/ai_edited/IMD2020,ai_edited,600,450,1.3333,JPEG,136541,bdfaa022488642b1f125b0f5bee091b6,5641fc6147ede2570fcc94d36f5ca46aabbd84be0c2371e32935610a3a111603,1.0,8679259669b6c339,ok,1285.7608294363652,True,True,cluster_01411,val,/home/dheirav/Code/Deepfake_Detection/deepfake-project/dataset_builder/val/ai_edited/c9j223g_0.jpg
data_sources/ai_edited/IMD2020/c9j4nvh_0.jpg,data_sources/ai_edited/IMD2020,ai_edited,1280,853,1.5006,JPEG,261580,43131b11783cb86b574ee6f8bb451a81,b3f2cbfb0c35a3fb321c9364b33f7a6b84360e1a2dce5eee17934a57fed41b5a,1.0,8090abe736eb4b9c,ok,294.1531996473075,True,True,cluster_00354,val,/home/dheirav/Code/Deepfake_Detection/deepfake-project/dataset_builder/val/ai_edited/c9j4nvh_0.jpg
data_sources/ai_edited/IMD2020/c9j6rhn_0.jpg,data_sources/ai_edited/IMD2020,ai_edited,1280,853,1.5006,JPEG,244848,64cdec916f648bc8010a3568646a458b,901a3e8428d217abb1a88132cbb701121fc1fd6703bfb859b50ec83374ef13f0,1.0,c0b1b9fc16ee49c1,ok,276.698768529379,True,True,cluster_00356,val,/home/dheirav/Code/Deepfake_Detection/deepfake-project/dataset_builder/val/ai_edited/c9j6rhn_0.jpg
data_sources/ai_edited/IMD2020/c9j72t2_0.jpg,data_sources/ai_edited/IMD2020,ai_edited,1160,772,1.5026,JPEG,292241,a991e99ee98146b2fbc2c6cc83141194,2f29e068b9fa75737e083cb7657e48aa1f53d8daaf1864b06db79f879bd96c65,1.0,c76f90567dcf0130,ok,359.78248911038486,True,True,cluster_00462,val,/home/dheirav/Code/Deepfake_Detection/deepfake-project/dataset_builder/val/ai_edited/c9j72t2_0.jpg
data_sources/ai_edited/IMD2020/c9j7uh8_0.jpg,data_sources/ai_edited/IMD2020,ai_edited,1200,796,1.5075,JPEG,71825,669c0e01726a54aadcf7c67c29134454,64597fc87f76e98c3ae0f8ae21bfe83f30f44891b07562edc76ccb1ec7cd37d3,1.0,c0cd3f37e4e51921,ok,134.3525912349109,True,True,cluster_00421,val,/home/dheirav/Code/Deepfake_Detection/deepfake-project/dataset_builder/val/ai_edited/c9j7uh8_0.jpg
data_sources/ai_edited/IMD2020/c9j80i6_0.jpg,data_sources/ai_edited/IMD2020,ai_edited,990,742,1.3342,JPEG,191292,3800e23d5eff08ef36b940e3358b1aa0,78229e66ba9a2368d94d66ccee68a280f61eebbc213453be4ae96ae251d746f8,1.0,f79095b7a10e1a69,ok,1498.8033010099425,True,True,cluster_00591,val,/home/dheirav/Code/Deepfake_Detection/deepfake-project/dataset_builder/val/ai_edited/c9j80i6_0.jpg
data_sources/ai_edited/IMD2020/c9j8c6q_0.png,data_sources/ai_edited/IMD2020,ai_edited,720,540,1.3333,PNG,401599,824386c204859705ed02623af9d8208a,d61dc0e25f8a9a7cd4f4fd31b1dac707d657d0bf7426b29b6a861d8be529064a,1.0,c0e33d31c29f699a,ok,862.3109921950149,True,True,cluster_01157,val,/home/dheirav/Code/Deepfake_Detection/deepfake-project/dataset_builder/val/ai_edited/c9j8c6q_0.png
data_sources/ai_edited/IMD2020/c9j8xqc_0.jpg,data_sources/ai_edited/IMD2020,ai_edited,1600,1200,1.3333,JPEG,371982,7d45bd57100b5834a53036c9999990e2,d54b2c57bc508fe4d0966de72d8caccca74134c68ca8a51721c845259b92d551,1.0,a5d6d03929ee2636,ok,519.7944066250843,True,True,cluster_00186,val,/home/dheirav/Code/Deepfake_Detection/deepfake-project/dataset_builder/val/ai_edited/c9j8xqc_0.jpg
data_sources/ai_edited/IMD2020/c9joq7w_0.jpg,data_sources/ai_edited/IMD2020,ai_edited,1021,764,1.3364,JPEG,71184,014c14a1586e70f0ef17dfa53e213f8f,2fdd7f0fd4c2ca1a2a30df9d428790434ed0262acdeb2557957d193b0c57d65b,1.0,bcc7d87807984e3c,ok,223.48881594548678,True,True,cluster_00565,val,/home/dheirav/Code/Deepfake_Detection/deepfake-project/dataset_builder/val/ai_edited/c9joq7w_0.jpg
data_sources/ai_edited/IMD2020/c9joxzm_0.jpg,data_sources/ai_edited/IMD2020,ai_edited,355,427,0.8314,JPEG,18840,f26e8a3e2299cec00b2caf380cfca0ba,725fd18a9dbf9c61c5dd9e85b948074c7cedbbcb7139a964147d5a14830f1578,1.0,b031c9cc9ec6c76c,ok,95.22716627634661,True,True,cluster_01630,val,/home/dheirav/Code/Deepfake_Detection/deepfake-project/dataset_builder/val/ai_edited/c9joxzm_0.jpg
data_sources/ai_edited/IMD2020/c9jp0p0_0.jpg,data_sources/ai_edited/IMD2020,ai_edited,1766,1175,1.503,JPEG,616178,9e469fa49fea32124aa157c6bbe1d2c6,47f4a75cf9e92560c53bb164abbcb47037905d8f9c345c2f50abcd736746041b,1.0,81569f8d42545cdf,ok,7144.341237316242,True,True,cluster_00148,val,/home/dheirav/Code/Deepfake_Detection/deepfake-project/dataset_builder/val/ai_edited/c9jp0p0_0.jpg
data_sources/ai_edited/IMD2020/c9jppfm_0.jpg,data_sources/ai_edited/IMD2020,ai_edited,960,720,1.3333,JPEG,148656,8b08bd694b6a818e996d321a2cd5c084,84f590ea86f3cb5c27dd93e18f5602691c96078b386d9d1c9ddb9e6f09b4ccc6,1.0,a43609d9c5f33347,ok,1583.8956054701546,True,True,cluster_00694,val,/home/dheirav/Code/Deepfake_Detection/deepfake-project/dataset_builder/val/ai_edited/c9jppfm_0.jpg
data_sources/ai_edited/IMD2020/c9jr9le_0.jpg,data_sources/ai_edited/IMD2020,ai_edited,1024,768,1.3333,JPEG,166903,ae3b30087e62fa4158749e8faf629d53,55b9a3b333218981285b991d718d9f0224b1a86a42b7ed829582edf585f79bae,1.0,d6024f3db1e786a2,ok,936.2839861353859,True,True,cluster_00552,val,/home/dheirav/Code/Deepfake_Detection/deepfake-project/dataset_builder/val/ai_edited/c9jr9le_0.jpg
data_sources/ai_edited/IMD2020/c9jsau5_0.jpg,data_sources/ai_edited/IMD2020,ai_edited,990,650,1.5231,JPEG,184825,380027b087071deeac933da67d903d92,15ef2f071a5e6db1a0c32905e3d37df0a1e7c49b85b31e9264ed0505a4831fe6,1.0,c3dcae63b88ea328,ok,470.48893025571965,True,True,cluster_00769,val,/home/dheirav/Code/Deepfake_Detection/deepfake-project/dataset_builder/val/ai_edited/c9jsau5_0.jpg
data_sources/ai_edited/IMD2020/c9jsov8_0.jpg,data_sources/ai_edited/IMD2020,ai_edited,960,710,1.3521,JPEG,333707,775f5033ecffa8df23a9d42afd5d97ac,ca876a39d9f1b15579c22cbd7c14eff12e9186b6093d606b835f28fb6ec80fc7,1.0,c5cd7212092c2ffe,ok,1132.1076213098922,True,True,cluster_00707,val,/home/dheirav/Code/Deepfake_Detection/deepfake-project/dataset_builder/val/ai_edited/c9jsov8_0.jpg
data_sources/ai_edited/IMD2020/c9jtoex_0.png,data_sources/ai_edited/IMD2020,ai_edited,564,570,0.9895,PNG,470656,419b99ec2a8e6f251957482d428f9e22,e81e0e5b4f145cd25e6d835fa3820e22180647d0f293edcff475d55819fbd828,1.0,cd273364ca74cab1,ok,450.8375606853701,True,True,cluster_01296,val,/home/dheirav/Code/Deepfake_Detection/deepfake-project/dataset_builder/val/ai_edited/c9jtoex_0.png
data_sources/ai_edited/IMD2020/c9jzdxb_0.jpg,data_sources/ai_edited/IMD2020,ai_edited,909,481,1.8898,JPEG,93058,4f5042928f846142a1b40d47e37a8e98,38562d6f9521852e76ebf585cc26c0b1cf301148d5af729269a602fcf95691d9,1.0,852d60d07f886b3f,ok,1714.619541528352,True,True,cluster_01080,val,/home/dheirav/Code/Deepfake_Detection/deepfake-project/dataset_builder/val/ai_edited/c9jzdxb_0.jpg
data_sources/ai_edited/IMD2020/c9kajwp_0.jpg,data_sources/ai_edited/IMD2020,ai_edited,575,398,1.4447,JPEG,179839,9721ac412e3e27ab2091250321a2a297,f3a7d33e24585e476e0e194afdf7f851f75c3793d244ddf5b1f8627f8ef641d1,1.0,ee10907a8e477d39,ok,429.5595644760646,True,True,cluster_01522,val,/home/dheirav/Code/Deepfake_Detection/deepfake-project/dataset_builder/val/ai_edited/c9kajwp_0.jpg
data_sources/ai_edited/IMD2020/c9kj3pe_0.jpg,data_sources/ai_edited/IMD2020,ai_edited,992,728,1.3626,JPEG,267176,4ee6004df78078dd7df99ce3fe70c085,3b2aeacecaf52edc682e470ea0115196aa7c70f00a06672c2a72d7f6fb189715,1.0,f3ac8cd75f4808c9,ok,564.375629347963,True,True,cluster_00613,val,/home/dheirav/Code/Deepfake_Detection/deepfake-project/dataset_builder/val/ai_edited/c9kj3pe_0.jpg
data_sources/ai_edited/IMD2020/c9knqlg_0.png,data_sources/ai_edited/IMD2020,ai_edited,648,371,1.7466,PNG,204406,bd9b28dd51d4228f74002f1ff15c4136,d4c97c482ed9a491e978abdddf641fad0381ee558e132cb71722171deab9c69f,1.0,c1933ace6e25ea8c,ok,1251.2023967956902,True,True,cluster_01472,val,/home/dheirav/Code/Deepfake_Detection/deepfake-project/dataset_builder/val/ai_edited/c9knqlg_0.png
data_sources/ai_edited/IMD2020/c9ko6vm_0.jpg,data_sources/ai_edited/IMD2020,ai_edited,1920,1080,1.7778,JPEG,382939,f09cbca5745938b53bdce64d11ce0316,9100a3678b34bcbfefd59eaf57f37183cb053b3ebf41a3bfcb0aeec94a66abe6,1.0,abd8d0b6d03cdd28,ok,1759.8229738587934,True,True,cluster_00157,val,/home/dheirav/Code/Deepfake_Detection/deepfake-project/dataset_builder/val/ai_edited/c9ko6vm_0.jpg
data_sources/ai_edited/IMD2020/c9kp1yg_0.jpg,data_sources/ai_edited/IMD2020,ai_edited,1024,576,1.7778,JPEG,131367,0065d8b9b617487d753a87855d9a99c1,c25e743d411f162e9a175a234061c82b90471c1f59ef7a6592454f655d62dbb2,1.0,c29515c85a9f5f49,ok,370.4079097859722,True,True,cluster_00853,val,/home/dheirav/Code/Deepfake_Detection/deepfake-project/dataset_builder/val/ai_edited/c9kp1yg_0.jpg
data_sources/ai_edited/IMD2020/c9kqck4_0.jpg,data_sources/ai_edited/IMD2020,ai_edited,1920,1080,1.7778,JPEG,410730,e1589ce289928fd62d4464f77ff2131c,9e38e1bcd917299087815d4bb7b4a39bd3175b175bd3178a4e405c7c624bbfac,1.0,c2971dc85b9f5119,ok,510.43449231448193,True,True,cluster_00153,val,/home/dheirav/Code/Deepfake_Detection/deepfake-project/dataset_builder/val/ai_edited/c9kqck4_0.jpg
data_sources/ai_edited/IMD2020/c9kspnj_0.jpg,data_sources/ai_edited/IMD2020,ai_edited,1614,1196,1.3495,JPEG,491526,4d43ba4cb53530bf9db9d155d69f67e0,c87b709d911ce5d1751d3adce66ccd75336772959f7dbe7ba1567253ccb00a3e,1.0,8e81f15acf6390e9,ok,625.9018270428296,True,True,cluster_00175,val,/home/dheirav/Code/Deepfake_Detection/deepfake-project/dataset_builder/val/ai_edited/c9kspnj_0.jpg
data_sources/ai_edited/IMD2020/c9kws3p_0.jpg,data_sources/ai_edited/IMD2020,ai_edited,960,540,1.7778,JPEG,137034,9ad4b038f90e70a76fdab0b1a2c73e5c,ed229b65489638d5e2bd951b21d0baef1c45f9f3aba13f5284bb01d71b3cee7e,1.0,8b638c70783163f7,ok,570.0334593616041,True,True,cluster_00949,val,/home/dheirav/Code/Deepfake_Detection/deepfake-project/dataset_builder/val/ai_edited/c9kws3p_0.jpg
data_sources/ai_edited/IMD2020/c9kzet8_0.jpg,data_sources/ai_edited/IMD2020,ai_edited,720,960,0.75,JPEG,198491,c110dc9d9b884d0d904cad097e6724de,a6056c2e3e107a151b126f39b794380b81f38f3569e34c56aed71946eef463e8,1.0,9ede61299a82e761,ok,100.24379610367764,True,True,cluster_00675,val,/home/dheirav/Code/Deepfake_Detection/deepfake-project/dataset_builder/val/ai_edited/c9kzet8_0.jpg
data_sources/ai_edited/IMD2020/c9l3keq_0.jpg,data_sources/ai_edited/IMD2020,ai_edited,500,700,0.7143,JPEG,58031,8b5d6a30df556bf3413be651f1154ee7,19ff5efc0f08ee47299b15b0b86730868a23a1aee8bf53e9bf8e0c9e9f979df1,1.0,f8d102f790f5285e,ok,130.92858092901227,True,True,cluster_01229,val,/home/dheirav/Code/Deepfake_Detection/deepfake-project/dataset_builder/val/ai_edited/c9l3keq_0.jpg
data_sources/ai_edited/IMD2020/c9l597y_0.jpg,data_sources/ai_edited/IMD2020,ai_edited,1920,1080,1.7778,JPEG,251308,250b21b55d49f41adb836dd07c1ab2c3,2f8003f5c22d38dcd02826307a8a145a1201708173ab319654a829e64c575057,1.0,c29715c83a9fdd09,ok,408.7268401686008,True,True,cluster_00163,val,/home/dheirav/Code/Deepfake_Detection/deepfake-project/dataset_builder/val/ai_edited/c9l597y_0.jpg
data_sources/ai_edited/IMD2020/c9l6uz2_0.jpg,data_sources/ai_edited/IMD2020,ai_edited,1500,1081,1.3876,JPEG,224389,5a905d7eb4b4f0becc13e76723a62e50,d9bf32940cd207ed3b5f513457f906447096cc35c765354b5476f89b7103e985,1.0,b8ed4384fab386b0,ok,280.5110903011957,True,True,cluster_00240,val,/home/dheirav/Code/Deepfake_Detection/deepfake-project/dataset_builder/val/ai_edited/c9l6uz2_0.jpg
data_sources/ai_edited/IMD2020/c9l707b_0.jpg,data_sources/ai_edited/IMD2020,ai_edited,620,447,1.387,JPEG,96223,2d9c8421f0bcc8cb5efdc1ff0316b926,cbf08fe99d0cf5b8a64e9a35b12b6660ec169efc129cc598ad17d164b34c8cfa,1.0,b8cd338c7ea3c4b0,ok,382.84746045017215,True,True,cluster_01383,val,/home/dheirav/Code/Deepfake_Detection/deepfake-project/dataset_builder/val/ai_edited/c9l707b_0.jpg
data_sources/ai_edited/IMD2020/c9l75x0_0.jpg,data_sources/ai_edited/IMD2020,ai_edited,600,338,1.7751,JPEG,83478,9b182ff21a6c5b57d8df28f0e1f73996,090626dbf936a0b387ff00a6403c358b284e77615404630b89b4a0d8f33f44fd,1.0,ecdc17231e09273b,ok,378.78805949252376,True,True,cluster_01553,val,/home/dheirav/Code/Deepfake_Detection/deepfake-project/dataset_builder/val/ai_edited/c9l75x0_0.jpg
data_sources/ai_edited/IMD2020/c9l7j1r_0.jpg,data_sources/ai_edited/IMD2020,ai_edited,1500,1081,1.3876,JPEG,406995,2e6d50fbdfabc81e1539707ba7afb30f,6d4b384c581d09026c659bb140f9a91fdbe3b57b7fc23685998da62b89e39bb5,1.0,b8ed138cfea3c0b0,ok,191.1275026231621,True,True,cluster_00238,val,/home/dheirav/Code/Deepfake_Detection/deepfake-project/dataset_builder/val/ai_edited/c9l7j1r_0.jpg
data_sources/ai_edited/IMD2020/c9l89l2_0.jpg,data_sources/ai_edited/IMD2020,ai_edited,800,554,1.444,JPEG,252796,1c9bdd64a176a582ee9d9f79c498c175,394c398b4ae39b025e0821d9c9ca46490e9439699d48962aa3874d910cc814cd,1.0,cc2666d8a1cfb9d0,ok,5564.705441465336,True,True,cluster_01075,val,/home/dheirav/Code/Deepfake_Detection/deepfake-project/dataset_builder/val/ai_edited/c9l89l2_0.jpg
data_sources/ai_edited/IMD2020/c9lcj56_0.jpg,data_sources/ai_edited/IMD2020,ai_edited,1500,1081,1.3876,JPEG,215278,54043f4a5fc81997a2f07e14344002f6,18a5edabc997ec1b910c38bac2c4f6b918472e1267b7d17e755fbec3ea4634e4,1.0,bbed138ccea3c0b0,ok,159.4404655710076,True,True,cluster_00241,val,/home/dheirav/Code/Deepfake_Detection/deepfake-project/dataset_builder/val/ai_edited/c9lcj56_0.jpg
data_sources/ai_edited/IMD2020/c9lofx5_0.jpg,data_sources/ai_edited/IMD2020,ai_edited,850,637,1.3344,JPEG,193829,e478e8b06a4e52986e88f2aa4cceaae5,30b18ab3d81538ab11ce75e907c9932b2c23ebd98069ff3642e131e4c1ae7150,1.0,b2c2cc35958d69cb,ok,734.8885843528765,True,True,cluster_00912,val,/home/dheirav/Code/Deepfake_Detection/deepfake-project/dataset_builder/val/ai_edited/c9lofx5_0.jpg
data_sources/ai_edited/IMD2020/c9lpuor_0.jpg,data_sources/ai_edited/IMD2020,ai_edited,850,637,1.3344,JPEG,52362,4517957bf5833c45c47196d9b1b4b683,90087092419a95a01573f2c105b83e92c7d430264f41b04c4347b5eb43ff0f46,1.0,f2a58d78d99e3085,ok,259.4475944124378,True,True,cluster_00913,val,/home/dheirav/Code/Deepfake_Detection/deepfake-project/dataset_builder/val/ai_edited/c9lpuor_0.jpg
data_sources/ai_edited/IMD2020/c9lz131_0.jpg,data_sources/ai_edited/IMD2020,ai_edited,535,800,0.6687,JPEG,197891,1b34e995727028d2777c3d2809b2fcb6,b8d508bebc8c345e890611f3aa5cfa4489a68e454a536160c1fcf65a0665b4e4,1.0,d959e9e4f04b9618,ok,10917.567969266045,True,True,cluster_01090,val,/home/dheirav/Code/Deepfake_Detection/deepfake-project/dataset_builder/val/ai_edited/c9lz131_0.jpg
data_sources/ai_edited/IMD2020/c9m3r45_0.jpg,data_sources/ai_edited/IMD2020,ai_edited,1600,1147,1.3949,JPEG,233008,3fece1e8d70040b6017db55d23d75b0e,bc2945ae7c3afa3643d9141457ab78192ea3380a4865a270103381df195cbeb0,1.0,84998f965213d3f3,ok,555.7198712555528,True,True,cluster_00203,val,/home/dheirav/Code/Deepfake_Detection/deepfake-project/dataset_builder/val/ai_edited/c9m3r45_0.jpg
data_sources/ai_edited/IMD2020/c9mdqpy_0.jpg,data_sources/ai_edited/IMD2020,ai_edited,900,625,1.44,JPEG,178296,feedd5975d529b5c0f642dc9eb9c9b2a,b649e8db76204c5fe5c789b50cf960f554bda98bbe9ecd9d76a7d53e7c8b56b2,1.0,9acddd32c537c160,ok,655.0789634476911,True,True,cluster_00885,val,/home/dheirav/Code/Deepfake_Detection/deepfake-project/dataset_builder/val/ai_edited/c9mdqpy_0.jpg
data_sources/ai_edited/IMD2020/c9mhcvf_0.jpg,data_sources/ai_edited/IMD2020,ai_edited,1945,1316,1.478,JPEG,670222,b985e74145e35f6b74cdc270311ebce2,9267262e2de5f013eb83d97104fbcaaad83f2103b7b6ddb9ec29e56b7be16be3,1.0,df1d43956812a73c,ok,5049.233876533757,True,True,cluster_00109,val,/home/dheirav/Code/Deepfake_Detection/deepfake-project/dataset_builder/val/ai_edited/c9mhcvf_0.jpg
data_sources/ai_edited/IMD2020/c9mho3e_0.jpg,data_sources/ai_edited/IMD2020,ai_edited,1024,717,1.4282,JPEG,195510,553dc65e3e5964f02442883437cdaaee,9fd54331bb4909e4c235f9e58f4df3f141118908d855cc70804c16eacf4afed4,1.0,bfd5c141ca2a143f,ok,1394.352451791295,True,True,cluster_00596,val,/home/dheirav/Code/Deepfake_Detection/deepfake-project/dataset_builder/val/ai_edited/c9mho3e_0.jpg
data_sources/ai_edited/IMD2020/c9mht38_0.jpg,data_sources/ai_edited/IMD2020,ai_edited,1024,717,1.4282,JPEG,190874,981df2ea1a1f119ae5c2854ae042f36a,6b92d239d882deed6602b1a6ec762e1ef8a2f7cd5a6528f29d703f7f1c7eb56b,1.0,bfd4c141ca2a153f,ok,1383.4990710543032,True,True,cluster_00600,val,/home/dheirav/Code/Deepfake_Detection/deepfake-project/dataset_builder/val/ai_edited/c9mht38_0.jpg
data_sources/ai_edited/IMD2020/c9mivhd_0.jpg,data_sources/ai_edited/IMD2020,ai_edited,1024,717,1.4282,JPEG,209172,b599c50ec8ef3ac3324a128cad72ff6d,e3a7dff3607b57548af98e5c0cb10a21a5aac203116a5e3f6d2d5ef956f1a282,1.0,bfd4c1448e2e053f,ok,1660.0675203115193,True,True,cluster_00594,val,/home/dheirav/Code/Deepfake_Detection/deepfake-project/dataset_builder/val/ai_edited/c9mivhd_0.jpg
data_sources/ai_edited/IMD2020/c9mjrvb_0.jpg,data_sources/ai_edited/IMD2020,ai_edited,1024,717,1.4282,JPEG,115884,89e48d412d0f813c763d7216f334f23e,ed4480b3d108831406af2ebcc28c5cd5e4e12602aae75881c824451ae4a4ad4d,1.0,bfd5c340de2e042e,ok,2012.3654863243369,True,True,cluster_00603,val,/home/dheirav/Code/Deepfake_Detection/deepfake-project/dataset_builder/val/ai_edited/c9mjrvb_0.jpg
data_sources/ai_edited/IMD2020/c9mjv8c_0.jpg,data_sources/ai_edited/IMD2020,ai_edited,1024,717,1.4282,JPEG,113744,077eb300a97389249c6bc808c74b708e,c4681f1073d990ec775fa0c17723df08a97347b37d6acde35e6abfda2527c941,1.0,bfd6c141ce2e141d,ok,2043.880786871953,True,True,cluster_00604,val,/home/dheirav/Code/Deepfake_Detection/deepfake-project/dataset_builder/val/ai_edited/c9mjv8c_0.jpg
data_sources/ai_edited/IMD2020/c9msbgg_0.jpg,data_sources/ai_edited/IMD2020,ai_edited,1000,1500,0.6667,JPEG,140115,6a5b04bd791e325590cf98946cabafaa,b6a7d564fd246dd235f3cb7ff8a8e1b55f615d903bfa44a5ef287252b44824c8,1.0,95b56d491ab20cf9,ok,1048.5754486619514,True,True,cluster_00265,val,/home/dheirav/Code/Deepfake_Detection/deepfake-project/dataset_builder/val/ai_edited/c9msbgg_0.jpg
data_sources/ai_edited/IMD2020/c9mtfwz_0.jpg,data_sources/ai_edited/IMD2020,ai_edited,1285,923,1.3922,JPEG,257859,cd32f1645867c78a6c913f7feb92f07c,58c1fb2c7fbe44439d41a0eab5318e3c35d7b4217cf8000f192ce16cbc0fa60e,1.0,ff95c169c17a2c06,ok,100.25520736565514,True,True,cluster_00332,val,/home/dheirav/Code/Deepfake_Detection/deepfake-project/dataset_builder/val/ai_edited/c9mtfwz_0.jpg
data_sources/ai_edited/IMD2020/c9n4613_0.jpg,data_sources/ai_edited/IMD2020,ai_edited,2048,2048,1.0,JPEG,244465,0af424753a25e49652c7af6c91813df1,0a2014c08cfbfafc29d1623ca2c24ef41b4ebc4efd27e6ac5c5711e06189376e,1.0,f3894ef60b3d2388,ok,118.93427488117224,True,True,cluster_00045,val,/home/dheirav/Code/Deepfake_Detection/deepfake-project/dataset_builder/val/ai_edited/c9n4613_0.jpg
data_sources/ai_edited/IMD2020/c9n64mb_0.jpg,data_sources/ai_edited/IMD2020,ai_edited,1200,1200,1.0,JPEG,115229,e6244d125bdb3996fbd0911ecf90cb9a,ba471e45b844dfd5e402f2dc111783c1c6b2d902a874686eb9ab0c41a0af0cef,1.0,bda142d783c88dab,ok,257.13715227289305,True,True,cluster_00275,val,/home/dheirav/Code/Deepfake_Detection/deepfake-project/dataset_builder/val/ai_edited/c9n64mb_0.jpg
data_sources/ai_edited/IMD2020/c9n90q8_0.jpg,data_sources/ai_edited/IMD2020,ai_edited,1920,1080,1.7778,JPEG,350739,a2c6038640764c608c1d94c0b119fbfd,380ca7daa827d2e7f7fb0437e004a433de82566fc50bc8d32d6e08d9174996e7,1.0,82cbf4b899b68c2e,ok,1157.5925622102945,True,True,cluster_00158,val,/home/dheirav/Code/Deepfake_Detection/deepfake-project/dataset_builder/val/ai_edited/c9n90q8_0.jpg
data_sources/ai_edited/IMD2020/c9n96qs_0.jpg,data_sources/ai_edited/IMD2020,ai_edited,1024,640,1.6,JPEG,278757,cced9e4716a7f4428bf33f457adef6a3,fed40e1df3a7f0e5860f6a5e29c713e6576b7d2cc42f80f69222d00787d487f2,1.0,8683cd3019cd9ef3,ok,3897.6487474478686,True,True,cluster_00760,val,/home/dheirav/Code/Deepfake_Detection/deepfake-project/dataset_builder/val/ai_edited/c9n96qs_0.jpg
data_sources/ai_edited/IMD2020/c9n9au8_0.jpg,data_sources/ai_edited/IMD2020,ai_edited,2048,2048,1.0,JPEG,453524,4f341afdd6e5d34af041792e06c15593,23d74d623aafd5a70faba3e499713cc2af9dd5f2bdb3fa2a01ba6269048c91fe,1.0,f3b14cee3831c21b,ok,235.81986760280938,True,True,cluster_00043,val,/home/dheirav/Code/Deepfake_Detection/deepfake-project/dataset_builder/val/ai_edited/c9n9au8_0.jpg
data_sources/ai_edited/IMD2020/c9nbea3_0.jpg,data_sources/ai_edited/IMD2020,ai_edited,630,415,1.5181,JPEG,151400,13a51ca25b3d3c5c8a06bdccf9b327ff,a3ad08280a0449b8cbb3ea572dc2b138261b20afd60aa07f4238abc25b9d5606,1.0,b7e3583d8e4e3031,ok,604.3050102426333,True,True,cluster_01436,val,/home/dheirav/Code/Deepfake_Detection/deepfake-project/dataset_builder/val/ai_edited/c9nbea3_0.jpg
data_sources/ai_edited/IMD2020/c9nfw8h_0.jpg,data_sources/ai_edited/IMD2020,ai_edited,800,1223,0.6541,JPEG,116474,18b5c61a6652fc422756c567b0e9a2d7,ee6076b1489ecfcf0b76fee81ac20fd08da781bafecbaa84ec0a7b0ae1ab162b,1.0,8cd19e78e34c216f,ok,211.12669107454357,True,True,cluster_00391,val,/home/dheirav/Code/Deepfake_Detection/deepfake-project/dataset_builder/val/ai_edited/c9nfw8h_0.jpg
data_sources/ai_edited/IMD2020/c9nhm96_0.jpg,data_sources/ai_edited/IMD2020,ai_edited,1024,1024,1.0,JPEG,202135,be478b834cde08afd640d12aa3cacd36,5729ddcd03cebdb4653df1ee313afdb3ce4940fc9bbf20b6b130a6a0fc1601c4,1.0,e3b914e629d2968d,ok,401.75725886871805,True,True,cluster_00371,val,/home/dheirav/Code/Deepfake_Detection/deepfake-project/dataset_builder/val/ai_edited/c9nhm96_0.jpg
data_sources/ai_edited/IMD2020/c9njmjd_0.jpg,data_sources/ai_edited/IMD2020,ai_edited,1097,863,1.2711,JPEG,184972,01ef5df91d7c41d580e2894a561a5a8d,56f4336927ab5ef709bd4255751df9e658d2dff5705f7f5a59b66915d4eb5d1c,1.0,c1c43e3bc61d3fc0,ok,314.2357086791973,True,True,cluster_00426,val,/home/dheirav/Code/Deepfake_Detection/deepfake-project/dataset_builder/val/ai_edited/c9njmjd_0.jpg
data_sources/ai_edited/IMD2020/c9nk4s4_0.jpg,data_sources/ai_edited/IMD2020,ai_edited,960,922,1.0412,JPEG,156407,799bd056498370db9dc78e180adba153,323bae876d8e8af6446c5d38378417bbe469310f88a2fd600e3bbda7a871729e,1.0,dbb51412613e0f37,ok,156.7304105310483,True,True,cluster_00468,val,/home/dheirav/Code/Deepfake_Detection/deepfake-project/dataset_builder/val/ai_edited/c9nk4s4_0.jpg
data_sources/ai_edited/IMD2020/c9nqp2a_0.jpg,data_sources/ai_edited/IMD2020,ai_edited,620,395,1.5696,JPEG,85423,9eff3d4536716338d59e51d547e669dd,1e90118f320d2d65a0cbb56745319b93e942bf440f0f04a8d91a12eda34eb3e7,1.0,e51696e5c38e98d4,ok,1332.030466895997,True,True,cluster_01460,val,/home/dheirav/Code/Deepfake_Detection/deepfake-project/dataset_builder/val/ai_edited/c9nqp2a_0.jpg
data_sources/ai_edited/IMD2020/c9nt2o8_0.jpg,data_sources/ai_edited/IMD2020,ai_edited,2192,2188,1.0018,JPEG,769142,38cb0605bfae4269f8b082ba1f2ee566,758b0253069ff324d2069b9f133ae23667a463afd3cd13ff861d1eb3ed0ee595,1.0,acbcd2c38653ab52,ok,151.17883253339352,True,True,cluster_00034,val,/home/dheirav/Code/Deepfake_Detection/deepfake-project/dataset_builder/val/ai_edited/c9nt2o8_0.jpg
data_sources/ai_edited/IMD2020/c9ntew0_0.jpg,data_sources/ai_edited/IMD2020,ai_edited,960,689,1.3933,JPEG,208969,fd00f7ae346c0db2ad18a200d332923d,4fc0b7d3220378a44404e09af14033bc2bfc1a1cdf8412222332af37dc24aad4,1.0,b3ea6c9c4a63b198,ok,478.97737805046273,True,True,cluster_00745,val,/home/dheirav/Code/Deepfake_Detection/deepfake-project/dataset_builder/val/ai_edited/c9ntew0_0.jpg
data_sources/ai_edited/IMD2020/c9nut9u_0.jpg,data_sources/ai_edited/IMD2020,ai_edited,2400,2400,1.0,JPEG,570053,5faf8852a6cc246f92112a67b74ea2eb,aae58bd9d14c30d64e6a310096a55ca3939ba9f4a03ac6940469da7853e1446b,1.0,acbfd2c30712ab70,ok,174.96065083928528,True,True,cluster_00018,val,/home/dheirav/Code/Deepfake_Detection/deepfake-project/dataset_builder/val/ai_edited/c9nut9u_0.jpg
data_sources/ai_edited/IMD2020/c9nuvz4_0.jpg,data_sources/ai_edited/IMD2020,ai_edited,1024,896,1.1429,JPEG,252775,cd3c56c2391817c049c9475e664b9a9c,f886ffa88367a738fc6bf5f049495890c25d360f80d38f974751e9001092ee2c,1.0,bab06565f0968d9a,ok,380.4469081626109,True,True,cluster_00443,val,/home/dheirav/Code/Deepfake_Detection/deepfake-project/dataset_builder/val/ai_edited/c9nuvz4_0.jpg
data_sources/ai_edited/IMD2020/c9nvnml_0.jpg,data_sources/ai_edited/IMD2020,ai_edited,450,349,1.2894,JPEG,70190,5307ea11115d87a1ec7132ef76caa8d3,c3134952b671b35fb36f06a51d22de4ef1dc94d35a40e7e52394f843e7d6f70e,1.0,e0c0bfe7a1c88f70,ok,176.76720567556006,True,True,cluster_01624,val,/home/dheirav/Code/Deepfake_Detection/deepfake-project/dataset_builder/val/ai_edited/c9nvnml_0.jpg
data_sources/ai_edited/IMD2020/c9nytom_0.jpg,data_sources/ai_edited/IMD2020,ai_edited,960,689,1.3933,JPEG,129911,eb482e7a8ca687e8cf8bf4caa26a67ff,db80c3a9b453c65ddbf3170d145a9705f901b40147a744bf14f79c170925e2ed,1.0,a6e653994c6cb263,ok,280.57486531670406,True,True,cluster_00749,val,/home/dheirav/Code/Deepfake_Detection/deepfake-project/dataset_builder/val/ai_edited/c9nytom_0.jpg
data_sources/ai_edited/IMD2020/c9nzsmx_0.jpg,data_sources/ai_edited/IMD2020,ai_edited,1500,1125,1.3333,JPEG,141142,4b344c4fbd82a171e2bc55dd70dfdcf0,7825e395512534b2d6abda7136352ef43475d4102e8734ee005568fdea420447,1.0,8b43c05998d91ddf,ok,169.82912295637195,True,True,cluster_00231,val,/home/dheirav/Code/Deepfake_Detection/deepfake-project/dataset_builder/val/ai_edited/c9nzsmx_0.jpg
data_sources/ai_edited/IMD2020/c9nzxnk_0.jpg,data_sources/ai_edited/IMD2020,ai_edited,400,389,1.0283,JPEG,27630,2be565b84a42abd2cf4b44353af1ae4c,2801d4f9b4c0d1d85a08ad9862230a4b559585d920522388876cc3ef90c0ded3,1.0,91340e596776d959,ok,728.2061329121536,True,True,cluster_01626,val,/home/dheirav/Code/Deepfake_Detection/deepfake-project/dataset_builder/val/ai_edited/c9nzxnk_0.jpg
data_sources/ai_edited/IMD2020/c9o1k73_0.jpg,data_sources/ai_edited/IMD2020,ai_edited,1498,1124,1.3327,JPEG,254325,cceb30da4b509078c5dced2f77e3c39f,7f19e18018107f33221265b1bab37f8ba35610f03be4cd7c69d3b5ec84a5890f,1.0,8b43d05998d83dcf,ok,82.55983125721698,True,True,cluster_00232,val,/home/dheirav/Code/Deepfake_Detection/deepfake-project/dataset_builder/val/ai_edited/c9o1k73_0.jpg
data_sources/ai_edited/IMD2020/c9o6bus_0.jpg,data_sources/ai_edited/IMD2020,ai_edited,638,537,1.1881,JPEG,101538,c09ddf181cdb3a4ac9c80cee269d14ec,a7486ac1c02a36d062c067b36b6142504002fb2bb80717d07eefafd8e19381a7,1.0,878f01606edb7479,ok,540.0265629512038,True,True,cluster_01254,val,/home/dheirav/Code/Deepfake_Detection/deepfake-project/dataset_builder/val/ai_edited/c9o6bus_0.jpg
data_sources/ai_edited/IMD2020/c9o6e0q_0.png,data_sources/ai_edited/IMD2020,ai_edited,1024,768,1.3333,PNG,357213,4e2b9090ddba50e6b92ad2fd3fe91c1c,ae8ecf379b30dca511255a02d27c8b2550e785fd613aff899e2d610d56076a44,1.0,aeac91133cd53696,ok,113.88147601313055,True,True,cluster_00538,val,/home/dheirav/Code/Deepfake_Detection/deepfake-project/dataset_builder/val/ai_edited/c9o6e0q_0.png
data_sources/ai_edited/IMD2020/c9od2bp_0.jpg,data_sources/ai_edited/IMD2020,ai_edited,650,450,1.4444,JPEG,58215,cebfc4dade6dea83292ae3d0446d7504,fe82f336eac6d04370a5ecd6b449b13077f35c820076887b707e6db74f2d2161,1.0,f2cd96526532d2cc,ok,3131.758013771887,True,True,cluster_01360,val,/home/dheirav/Code/Deepfake_Detection/deepfake-project/dataset_builder/val/ai_edited/c9od2bp_0.jpg
data_sources/ai_edited/IMD2020/c9oe89a_0.jpg,data_sources/ai_edited/IMD2020,ai_edited,922,528,1.7462,JPEG,100862,387a5873f8968be0de2f2852686817bb,9d48f4ab55231c4ae026ab72f7848b4a266f0e035c6d6e612aab1398e2753737,1.0,8243df6b85f4cb0a,ok,1538.1807468049537,True,True,cluster_00987,val,/home/dheirav/Code/Deepfake_Detection/deepfake-project/dataset_builder/val/ai_edited/c9oe89a_0.jpg
data_sources/ai_edited/IMD2020/c9oej2d_0.jpg,data_sources/ai_edited/IMD2020,ai_edited,1000,1382,0.7236,JPEG,237912,5cd43347798ed577a8dca34e7d2290e2,94cc2078925d8baf537783166ae906aa9d8e8561deba3ba8d04067d5f0421e33,1.0,e5c996c947339866,ok,714.0586475975541,True,True,cluster_00280,val,/home/dheirav/Code/Deepfake_Detection/deepfake-project/dataset_builder/val/ai_edited/c9oej2d_0.jpg
data_sources/ai_edited/IMD2020/c9ohsnw_0.jpg,data_sources/ai_edited/IMD2020,ai_edited,640,440,1.4545,JPEG,57513,5c4eaf86beb5644853c674e6eb27988e,5e281d536aa4ffee1a85269075db6523d41035690b0ce3a886b04114a92c38ee,1.0,9e631c7a2944dea5,ok,673.1493708716904,True,True,cluster_01374,val,/home/dheirav/Code/Deepfake_Detection/deepfake-project/dataset_builder/val/ai_edited/c9ohsnw_0.jpg
data_sources/ai_edited/IMD2020/c9orbjh_0.jpg,data_sources/ai_edited/IMD2020,ai_edited,1600,1200,1.3333,JPEG,374354,b2407dde9b282784abf771b0f1435e30,b6ae5d366fe798a243c961018c53079a55b644dc3daf477a2a55a293ea57f292,1.0,c43b4baf16c896e4,ok,358.7394717574826,True,True,cluster_00184,val,/home/dheirav/Code/Deepfake_Detection/deepfake-project/dataset_builder/val/ai_edited/c9orbjh_0.jpg
data_sources/ai_edited/IMD2020/c9oridj_0.jpg,data_sources/ai_edited/IMD2020,ai_edited,2048,1358,1.5081,JPEG,667998,88a30e8a3b8b9e5423c8252b3343664a,f1828629458f3b6f1cd3497d8047ecc14579130f8ec4bfdf9b56f1eedb9c1e4f,1.0,9ce3b81446a1ebd5,ok,838.3068294973787,True,True,cluster_00093,val,/home/dheirav/Code/Deepfake_Detection/deepfake-project/dataset_builder/val/ai_edited/c9oridj_0.jpg
data_sources/ai_edited/IMD2020/c9ouujp_0.jpg,data_sources/ai_edited/IMD2020,ai_edited,2048,1358,1.5081,JPEG,429315,8fb5b9b3e5349e08e1a08f6c7a55c1e8,307e0d93b0ba419735950b9dd61c56ce768062f31b548aa2d7fa244fbde506ea,1.0,9ce3bc1446a1ebd1,ok,619.7546056518162,True,True,cluster_00096,val,/home/dheirav/Code/Deepfake_Detection/deepfake-project/dataset_builder/val/ai_edited/c9ouujp_0.jpg
data_sources/ai_edited/IMD2020/c9oz0g4_0.jpg,data_sources/ai_edited/IMD2020,ai_edited,734,600,1.2233,JPEG,78494,d36861c586db599435a862aba7fc97bb,7f2360a1d6ae5052f7f8efcda9a9851ea682a9de738b1b8b494bdebd6ad4bd22,1.0,ec2c15d3ce7e7003,ok,386.90099780727377,True,True,cluster_01077,val,/home/dheirav/Code/Deepfake_Detection/deepfake-project/dataset_builder/val/ai_edited/c9oz0g4_0.jpg
data_sources/ai_edited/IMD2020/c9p2hfz_0.png,data_sources/ai_edited/IMD2020,ai_edited,600,360,1.6667,PNG,312188,5097a188404084fdd89d91cb8f66f36d,83b13731ccbf717d633c5439574812fa2890c78a6774c98a4c024d470ed1974c,1.0,c9a8e49c58b438bf,ok,180.9697682200789,True,True,cluster_01539,val,/home/dheirav/Code/Deepfake_Detection/deepfake-project/dataset_builder/val/ai_edited/c9p2hfz_0.png
data_sources/ai_edited/IMD2020/c9p4sou_0.jpg,data_sources/ai_edited/IMD2020,ai_edited,1000,669,1.4948,JPEG,195613,7a1695db01939a32d352fac23ed21d19,7daadd7d7fabb35dd54cbdca172c687a335ac824ad8503c61147e654a0a056b0,1.0,db73a9e4446c271c,ok,588.3226291229039,True,True,cluster_00724,val,/home/dheirav/Code/Deepfake_Detection/deepfake-project/dataset_builder/val/ai_edited/c9p4sou_0.jpg
data_sources/ai_edited/IMD2020/c9p7smn_0.jpg,data_sources/ai_edited/IMD2020,ai_edited,2000,1426,1.4025,JPEG,777883,d50ffceba5a863dc9bb417ccfa24a0ee,0f789eec53023424f12bf328acd3ab8da8d71a037b8e5de874a80626ac43d2e8,1.0,d48cd9d1d5958ccc,ok,140.531947414318,True,True,cluster_00081,val,/home/dheirav/Code/Deepfake_Detection/deepfake-project/dataset_builder/val/ai_edited/c9p7smn_0.jpg
data_sources/ai_edited/IMD2020/c9pgah7_0.jpg,data_sources/ai_edited/IMD2020,ai_edited,2000,1426,1.4025,JPEG,431371,34835603f9e168adea117a5b610c6854,58bde8a952e53100a034fefefe613950571649bfdf460432989640d03321c040,1.0,d5acd8d355958c8c,ok,321.98544143030443,True,True,cluster_00084,val,/home/dheirav/Code/Deepfake_Detection/deepfake-project/dataset_builder/val/ai_edited/c9pgah7_0.jpg
data_sources/ai_edited/IMD2020/c9pilty_0.jpg,data_sources/ai_edited/IMD2020,ai_edited,1280,800,1.6,JPEG,468662,6dc31ce7c97d74cb8ee791b882835d2b,759c35ad05e2c7a45cfa1f0c778b1c36f5377594377af70bbba5dceb4f526f14,1.0,e444ef9b1aa6a61a,ok,5203.488820701385,True,True,cluster_00378,val,/home/dheirav/Code/Deepfake_Detection/deepfake-project/dataset_builder/val/ai_edited/c9pilty_0.jpg
data_sources/ai_edited/IMD2020/c9pmrb5_0.jpg,data_sources/ai_edited/IMD2020,ai_edited,1632,920,1.7739,JPEG,432744,8c7193f617b35ceb706b2a84b6d9e4da,e72c1953d0d6658445ae8ed6e0fa53c1d21249c65e885b3db0a2e541bbd1f16e,1.0,9999b2232c4cd977,ok,2210.280854459354,True,True,cluster_00255,val,/home/dheirav/Code/Deepfake_Detection/deepfake-project/dataset_builder/val/ai_edited/c9pmrb5_0.jpg
data_sources/ai_edited/IMD2020/c9pmyfj_0.jpg,data_sources/ai_edited/IMD2020,ai_edited,641,350,1.8314,JPEG,108089,6deaefdd4a02d33802a902bd74b913b3,51708022385f31d57eeb196397d0af40591322425e58e41c2111aa82658461df,1.0,c0ccc739f4e4c4b5,ok,278.70900068868445,True,True,cluster_01529,val,/home/dheirav/Code/Deepfake_Detection/deepfake-project/dataset_builder/val/ai_edited/c9pmyfj_0.jpg
data_sources/ai_edited/IMD2020/c9pmymm_0.jpg,data_sources/ai_edited/IMD2020,ai_edited,1632,920,1.7739,JPEG,429435,d11b5d63504954767a115f8990def261,09688a0d8b2ea99ba9a65a9dbc04725e68c711b95e229490cc7a50c729785fe0,1.0,9999b2a7246c8977,ok,2233.1520138280193,True,True,cluster_00257,val,/home/dheirav/Code/Deepfake_Detection/deepfake-project/dataset_builder/val/ai_edited/c9pmymm_0.jpg
data_sources/ai_edited/IMD2020/c9pn1hj_0.jpg,data_sources/ai_edited/IMD2020,ai_edited,1419,800,1.7737,JPEG,343020,eddca25c5c2f0ae0c7e9a22117dea968,9074069322246b376a85f810ea48e0a7b631a586996f555d61a3067566d78f7f,1.0,9999b2272c4cc977,ok,2409.835587273728,True,True,cluster_00342,val,/home/dheirav/Code/Deepfake_Detection/deepfake-project/dataset_builder/val/ai_edited/c9pn1hj_0.jpg
data_sources/ai_edited/IMD2020/c9pnfbw_0.jpg,data_sources/ai_edited/IMD2020,ai_edited,1632,920,1.7739,JPEG,228149,bb5ba35b2cfb2f1b458427f0c442635d,6e80dc67fee864ebf98cb1f851badf56e5076866f7e69158c967c50aea69ef2f,1.0,999932670cccc977,ok,191.82377715856651,True,True,cluster_00259,val,/home/dheirav/Code/Deepfake_Detection/deepfake-project/dataset_builder/val/ai_edited/c9pnfbw_0.jpg
data_sources/ai_edited/IMD2020/c9pnjfr_0.jpg,data_sources/ai_edited/IMD2020,ai_edited,1000,1519,0.6583,JPEG,327690,d964108ff2aa98fc70e3651e6a8bf9a5,6fdf2e88907cb7bda35ac20f8220ecb40a30574b26898bad8b22a850814c8f5d,1.0,eba9c5283e2a3ec1,ok,416.90824499833366,True,True,cluster_00252,val,/home/dheirav/Code/Deepfake_Detection/deepfake-project/dataset_builder/val/ai_edited/c9pnjfr_0.jpg
data_sources/ai_edited/IMD2020/c9pojdy_0.jpg,data_sources/ai_edited/IMD2020,ai_edited,640,960,0.6667,JPEG,113903,0e8fb646f37c753a39ce65bff46a0092,b86cc18ebc664012f08edd73db5f7ac2e16ed092d7b0ce9454ca4f302e1a5321,1.0,ccf1994dde4e9830,ok,191.24322511592442,True,True,cluster_00802,val,/home/dheirav/Code/Deepfake_Detection/deepfake-project/dataset_builder/val/ai_edited/c9pojdy_0.jpg
data_sources/ai_edited/IMD2020/c9pqiu6_0.jpg,data_sources/ai_edited/IMD2020,ai_edited,640,960,0.6667,JPEG,111816,2fb3de33fd0bfee2a4cbb8dde4678f0b,c82145f3677e608766d32671551b1d2ad5d1f2168311b308d69549b3c173bb29,1.0,ccfb994dde0e8830,ok,228.77205255539948,True,True,cluster_00803,val,/home/dheirav/Code/Deepfake_Detection/deepfake-project/dataset_builder/val/ai_edited/c9pqiu6_0.jpg
data_sources/ai_edited/IMD2020/c9pskj4_0.jpg,data_sources/ai_edited/IMD2020,ai_edited,940,953,0.9864,JPEG,203003,e5bb609ea9866d0203f3730f418d755b,c6d1ad6f7f889f318ded0fd9a3f44ddb089813111ce4bb4587cc6574e9630366,1.0,fbc59434951ac267,ok,585.7839100552115,True,True,cluster_00459,val,/home/dheirav/Code/Deepfake_Detection/deepfake-project/dataset_builder/val/ai_edited/c9pskj4_0.jpg
data_sources/ai_edited/IMD2020/c9pw7al_0.jpg,data_sources/ai_edited/IMD2020,ai_edited,940,953,0.9864,JPEG,263313,97789efab2eec4d91d78513f6be89e63,cc07f4f5b2b982f212af3546c754b3c30b1b32d40ebebdaa84fcb979289b2f76,1.0,fac7b478880ac34f,ok,567.1768248469606,True,True,cluster_00455,val,/home/dheirav/Code/Deepfake_Detection/deepfake-project/dataset_builder/val/ai_edited/c9pw7al_0.jpg
data_sources/ai_edited/IMD2020/c9pxyb3_0.jpg,data_sources/ai_edited/IMD2020,ai_edited,940,953,0.9864,JPEG,267625,48fe3920bebe447e6b1a8d836bc22c23,baa641de88f47f1e060416135020e18bfc47b39111bd74b752c93d0efe299c5b,1.0,d9e4b434a41bd953,ok,680.5990879447108,True,True,cluster_00454,val,/home/dheirav/Code/Deepfake_Detection/deepfake-project/dataset_builder/val/ai_edited/c9pxyb3_0.jpg
data_sources/ai_edited/IMD2020/c9q0ksk_0.jpg,data_sources/ai_edited/IMD2020,ai_edited,1200,1033,1.1617,JPEG,280490,c61a854323b1cf39b4af08c9fd6449c9,34d08e400b7301825e83de29695cd04ec5bd42b1cccc519f0573dbc7edce68ce,1.0,b5ca55128b8c1aef,ok,145.13825935110225,True,True,cluster_00315,val,/home/dheirav/Code/Deepfake_Detection/deepfake-project/dataset_builder/val/ai_edited/c9q0ksk_0.jpg
data_sources/ai_edited/IMD2020/c9q9vd2_0.jpg,data_sources/ai_edited/IMD2020,ai_edited,1516,2022,0.7498,JPEG,703690,3cebf053b2fcc49ceedbe155eb3193a0,2e7e31688cfc2a7766a81eb1c3d764adbac1fbc1b79e89adf5134742a77c41dd,1.0,e4fee2c3848c1cb3,ok,1768.8037575298442,True,True,cluster_00076,val,/home/dheirav/Code/Deepfake_Detection/deepfake-project/dataset_builder/val/ai_edited/c9q9vd2_0.jpg
data_sources/ai_edited/IMD2020/c9qbb3c_0.jpg,data_sources/ai_edited/IMD2020,ai_edited,543,720,0.7542,JPEG,194454,38fb5791dd65cb03e832e311c0319b10,f9d46e21aeb46e330d1b0ea5e7559a2879f9d97e9b21cb83fc75a76cd3febbf3,1.0,9a9c9a8e8ca78d65,ok,401.6661081206445,True,True,cluster_01151,val,/home/dheirav/Code/Deepfake_Detection/deepfake-project/dataset_builder/val/ai_edited/c9qbb3c_0.jpg
data_sources/ai_edited/IMD2020/c9qbl44_0.png,data_sources/ai_edited/IMD2020,ai_edited,543,720,0.7542,PNG,608462,3abb7c3775a261ced658bf2c64e6c8ff,ec12674c986c05132b65a955acc15f926de2db46089ec9d518624bca234721c8,1.0,c39a3ae31de14966,ok,653.9461551314398,True,True,cluster_01144,val,/home/dheirav/Code/Deepfake_Detection/deepfake-project/dataset_builder/val/ai_edited/c9qbl44_0.png
data_sources/ai_edited/IMD2020/c9qbopn_0.jpg,data_sources/ai_edited/IMD2020,ai_edited,500,513,0.9747,JPEG,41475,b6fb532a233383230a933475938d818e,b5d1bb9bf737adbf345c4cc2f748f4b29b5f1e4a80eb1c9f8809ec890d98da50,1.0,eca1499f0a1cb763,ok,2689.3257150105064,True,True,cluster_01444,val,/home/dheirav/Code/Deepfake_Detection/deepfake-project/dataset_builder/val/ai_edited/c9qbopn_0.jpg
data_sources/ai_edited/IMD2020/c9qbqiy_0.jpg,data_sources/ai_edited/IMD2020,ai_edited,1023,682,1.5,JPEG,66444,89f469a4d848d3d7f90e05e135fe2748,66af825b4b35c25cc16a32ff91843ea1c0fa6a38d8ab8e2b67be15b3abd80929,1.0,c690fb7a386d9826,ok,212.4574072740445,True,True,cluster_00651,val,/home/dheirav/Code/Deepfake_Detection/deepfake-project/dataset_builder/val/ai_edited/c9qbqiy_0.jpg
data_sources/ai_edited/IMD2020/c9qbx13_0.png,data_sources/ai_edited/IMD2020,ai_edited,543,720,0.7542,PNG,602426,6c08a0d369cdb1a801959b05c45434b1,876bce511ca6884118337a242454bee588e16b2b2110cc6dc0c4761e2307eae5,1.0,969c9e9a8ca70d65,ok,435.19808460432284,True,True,cluster_01145,val,/home/dheirav/Code/Deepfake_Detection/deepfake-project/dataset_builder/val/ai_edited/c9qbx13_0.png
data_sources/ai_edited/IMD2020/c9qdz3g_0.jpg,data_sources/ai_edited/IMD2020,ai_edited,670,441,1.5193,JPEG,113094,9a187fdf5b99c2b0db2457365bbd4ec5,57c2b8cd3cd887e6d19c886c7efc4a81547516d2058981cb9cd5cb65dd0ee6c5,1.0,8d12cf4773e9228e,ok,936.96727585722,True,True,cluster_01354,val,/home/dheirav/Code/Deepfake_Detection/deepfake-project/dataset_builder/val/ai_edited/c9qdz3g_0.jpg
data_sources/ai_edited/IMD2020/c9qf9n8_0.jpg,data_sources/ai_edited/IMD2020,ai_edited,1371,1029,1.3324,JPEG,369024,f54bd0013f8d6e38b82dbfeaab1649a1,e85851392f82e8dec45d64181a679b4b738199cf333618d55cc0012ea83ce5e1,1.0,fce2e31d8a24e2cc,ok,980.9259469412813,True,True,cluster_00277,val,/home/dheirav/Code/Deepfake_Detection/deepfake-project/dataset_builder/val/ai_edited/c9qf9n8_0.jpg
data_sources/ai_edited/IMD2020/c9qfljn_0.jpg,data_sources/ai_edited/IMD2020,ai_edited,543,720,0.7542,JPEG,85304,56dd6af1190330bb59870a553f34d12f,5f1296b87bec0b66d9cd1d025670172b506e7dac32cd7eb29be4c7127a06430c,1.0,929c9a9e8c87ad65,ok,467.5151238136832,True,True,cluster_01155,val,/home/dheirav/Code/Deepfake_Detection/deepfake-project/dataset_builder/val/ai_edited/c9qfljn_0.jpg
data_sources/ai_edited/IMD2020/c9qhtma_0.jpg,data_sources/ai_edited/IMD2020,ai_edited,398,564,0.7057,JPEG,52027,b96555006651f6f6679acc5fdec6ff4e,40f5cce173eb0606d933a867b7067725cc6e85a06f72b88d0f02e11e35700928,1.0,962eb1dd7acc4688,ok,2066.735134099862,True,True,cluster_01527,val,/home/dheirav/Code/Deepfake_Detection/deepfake-project/dataset_builder/val/ai_edited/c9qhtma_0.jpg
data_sources/ai_edited/IMD2020/c9qhy6w_0.jpg,data_sources/ai_edited/IMD2020,ai_edited,800,601,1.3311,JPEG,98970,fc3efd08845ccb0cff6428de4d65e99f,f4329445ebaa0ce37f694363427243eb89690c15ac472d734a357b5f8579119d,1.0,eac69de14a1ab19a,ok,105.92205698305358,True,True,cluster_00990,val,/home/dheirav/Code/Deepfake_Detection/deepfake-project/dataset_builder/val/ai_edited/c9qhy6w_0.jpg
data_sources/ai_edited/IMD2020/c9qj2yg_0.jpg,data_sources/ai_edited/IMD2020,ai_edited,1516,2022,0.7498,JPEG,692126,07e4a48cc8d0266b8e3c840dd7a30e05,5d081a709530d2cbdd3eca19bac16c21380894c3d4299b2279ef668706f5eb2a,1.0,e4fadbc9a48c1992,ok,1736.6587623719001,True,True,cluster_00077,val,/home/dheirav/Code/Deepfake_Detection/deepfake-project/dataset_builder/val/ai_edited/c9qj2yg_0.jpg
data_sources/ai_edited/IMD2020/c9qjqw1_0.jpg,data_sources/ai_edited/IMD2020,ai_edited,1000,657,1.5221,JPEG,209674,e1543cbf7ad243417bc1a2d279b14b06,e71be32cb892c4bd9eb3455499c0a9d87c6d4579a085e6534c24d12da7ed0e19,1.0,d8c6b2bc2d6a58d8,ok,540.1540337966056,True,True,cluster_00758,val,/home/dheirav/Code/Deepfake_Detection/deepfake-project/dataset_builder/val/ai_edited/c9qjqw1_0.jpg
data_sources/ai_edited/IMD2020/c9qlwig_0.jpg,data_sources/ai_edited/IMD2020,ai_edited,490,358,1.3687,JPEG,67107,64e85e7446e8e54ea4c13b0293c8e198,2a70bc89ebf5936f40ec42fa15ad0c19b7370610ebdfe1e72207547c8f4d21f1,1.0,9354998ce68c8dd7,ok,882.707151682778,True,True,cluster_01597,val,/home/dheirav/Code/Deepfake_Detection/deepfake-project/dataset_builder/val/ai_edited/c9qlwig_0.jpg
data_sources/ai_edited/IMD2020/c9qqxbn_0.jpg,data_sources/ai_edited/IMD2020,ai_edited,660,990,0.6667,JPEG,143674,85f82f818b78229eed2f663b2509148f,fa2b99d443c625dc7fdf9ce2b6fb15b8d17f4c15afa88a76f8a12faa396b7592,1.0,a11e43b45f0b74bc,ok,253.35580499785726,True,True,cluster_00764,val,/home/dheirav/Code/Deepfake_Detection/deepfake-project/dataset_builder/val/ai_edited/c9qqxbn_0.jpg
data_sources/ai_edited/IMD2020/c9qs50l_0.jpg,data_sources/ai_edited/IMD2020,ai_edited,600,400,1.5,JPEG,174293,28a52cb6a464e7de94f11525138147af,ffe71f6c15c17b287509265b3b6bc3dc46aa2cba86ba7e38e921d541b1f2fd7b,1.0,9e61255b929d8e39,ok,1124.3940560330554,True,True,cluster_01475,val,/home/dheirav/Code/Deepfake_Detection/deepfake-project/dataset_builder/val/ai_edited/c9qs50l_0.jpg
data_sources/ai_edited/IMD2020/c9r1x9k_0.jpg,data_sources/ai_edited/IMD2020,ai_edited,1188,800,1.485,JPEG,293729,a833edfbb547372a6951740b1733ab8e,1bfeafea51eca22cb1534cc5db09a957f427dd2708fbc6d78aac29d0f7467c8a,1.0,9484cd2f72327973,ok,507.71264615523285,True,True,cluster_00425,val,/home/dheirav/Code/Deepfake_Detection/deepfake-project/dataset_builder/val/ai_edited/c9r1x9k_0.jpg
data_sources/ai_edited/IMD2020/c9r72x2_0.jpg,data_sources/ai_edited/IMD2020,ai_edited,1620,1080,1.5,JPEG,282465,eb8dd63c44e1d640238b9871841605b3,0c1438ff7ecd24a96a722551efa12f6954e063f23601c84175029b9abb922ff2,1.0,ad5ae2a5d88c3731,ok,222.790742454634,True,True,cluster_00209,val,/home/dheirav/Code/Deepfake_Detection/deepfake-project/dataset_builder/val/ai_edited/c9r72x2_0.jpg
data_sources/ai_edited/IMD2020/c9r7c3k_0.jpg,data_sources/ai_edited/IMD2020,ai_edited,1081,810,1.3346,JPEG,225673,255fe2ea42de72867d5700d770288c0c,047cf40612f75079a219344892c80604d331c8596bab2f8aa5c803af6adad860,1.0,fbda8825c942cc79,ok,492.20296760132095,True,True,cluster_00480,val,/home/dheirav/Code/Deepfake_Detection/deepfake-project/dataset_builder/val/ai_edited/c9r7c3k_0.jpg
data_sources/ai_edited/IMD2020/c9rci56_0.jpg,data_sources/ai_edited/IMD2020,ai_edited,1081,810,1.3346,JPEG,186230,063735ab2e2b5fe2fd291e2c708589f0,fe80a7b6ae83745928b8561c16e22721f350e08853286a1980c3e5e4bd5db1c0,1.0,cecebb19094e0a3b,ok,289.2142895471181,True,True,cluster_00484,val,/home/dheirav/Code/Deepfake_Detection/deepfake-project/dataset_builder/val/ai_edited/c9rci56_0.jpg
data_sources/ai_edited/IMD2020/c9riv1o_0.jpg,data_sources/ai_edited/IMD2020,ai_edited,800,460,1.7391,JPEG,228988,5134f6479e2820c429e56aaf1d85e90e,36edbc503450ce240b2b2f2c048bf9d230e56752e4df3983b9d3157baf7198a9,1.0,d288a0a1f8f7f651,ok,654.8915685999453,True,True,cluster_01201,val,/home/dheirav/Code/Deepfake_Detection/deepfake-project/dataset_builder/val/ai_edited/c9riv1o_0.jpg
data_sources/ai_edited/IMD2020/c9rj3zp_0.jpg,data_sources/ai_edited/IMD2020,ai_edited,800,600,1.3333,JPEG,61197,22ec98a8d4a11030ddfe5120cd8cb0cc,33be8ff922411531b22915fbeac36c7f42f3cd75ecf5f56e4cc2ce3e462bdd97,1.0,da7b8585b8385ac3,ok,483.17125893222226,True,True,cluster_01010,val,/home/dheirav/Code/Deepfake_Detection/deepfake-project/dataset_builder/val/ai_edited/c9rj3zp_0.jpg
data_sources/ai_edited/IMD2020/c9rmr49_0.jpg,data_sources/ai_edited/IMD2020,ai_edited,960,720,1.3333,JPEG,239267,7351e499140d4a6a3e5422cd7e6e286e,56b29b816d9ae7a038105054428665c96b8d8762f4205d94588838140829f5d8,1.0,b08e8b2378d6366d,ok,139.8538585048011,True,True,cluster_00667,val,/home/dheirav/Code/Deepfake_Detection/deepfake-project/dataset_builder/val/ai_edited/c9rmr49_0.jpg
data_sources/ai_edited/IMD2020/c9ro49b_0.jpg,data_sources/ai_edited/IMD2020,ai_edited,600,400,1.5,JPEG,45890,5d2f669a6878addd10b28e57c96bd1b3,be9d48e1edde81808cd09ceb33ae767eff3db715ba26f73eaa4cf1d1be884d91,1.0,98b88d4747cfb039,ok,397.30229984000005,True,True,cluster_01482,val,/home/dheirav/Code/Deepfake_Detection/deepfake-project/dataset_builder/val/ai_edited/c9ro49b_0.jpg
data_sources/ai_edited/IMD2020/c9rpaia_0.jpg,data_sources/ai_edited/IMD2020,ai_edited,1030,892,1.1547,JPEG,264562,198c0a95edb58073691d8a53a6309553,9a9ba0521b749b46080cbbfb35a31bcff626d05724cc572128ee3e3539e42b25,1.0,856af28762b385b6,ok,770.6709549338857,True,True,cluster_00442,val,/home/dheirav/Code/Deepfake_Detection/deepfake-project/dataset_builder/val/ai_edited/c9rpaia_0.jpg
data_sources/ai_edited/IMD2020/c9rrhbu_0.png,data_sources/ai_edited/IMD2020,ai_edited,791,535,1.4785,PNG,524453,1f8f88be2d4682011f50fba4b9ef19c5,22f58af5d7ba8d6cd086b7c62803a97cb25ee05c5faeddeb03b8c7d05a4141fa,1.0,92cd564dccccaf24,ok,357.0773285194454,True,True,cluster_01109,val,/home/dheirav/Code/Deepfake_Detection/deepfake-project/dataset_builder/val/ai_edited/c9rrhbu_0.png
data_sources/ai_edited/IMD2020/c9rsjqz_0.jpg,data_sources/ai_edited/IMD2020,ai_edited,2048,1536,1.3333,JPEG,695784,32096ac4c5ea153db3a0d1493d8cbb32,2a75608a890faac71cb21b1efe7e9808d70d15aff374ea1af313371621cd7bad,1.0,8d0df6a01bddc686,ok,224.9717586932331,True,True,cluster_00067,val,/home/dheirav/Code/Deepfake_Detection/deepfake-project/dataset_builder/val/ai_edited/c9rsjqz_0.jpg
data_sources/ai_edited/IMD2020/c9rwfag_0.jpg,data_sources/ai_edited/IMD2020,ai_edited,1200,900,1.3333,JPEG,401916,368f7bb962cfc19a11997c615b9463d5,b1b78987f08442145ab8d4fc88c5a44f9c0366c187d11db2d1f0ea97357aa9bf,1.0,a63219ede4ae0bcc,ok,2428.4490527766043,True,True,cluster_00364,val,/home/dheirav/Code/Deepfake_Detection/deepfake-project/dataset_builder/val/ai_edited/c9rwfag_0.jpg
data_sources/ai_edited/IMD2020/c9rz8bm_0.jpg,data_sources/ai_edited/IMD2020,ai_edited,640,480,1.3333,JPEG,227857,c031207113e3d7fc0a4d56df5212db91,b6989f0d9773d07ca47041047d03786ac123a92ebc14e69d55396c391f7449e2,1.0,b5cadf3420b54ac5,ok,1702.760736974038,True,True,cluster_01330,val,/home/dheirav/Code/Deepfake_Detection/deepfake-project/dataset_builder/val/ai_edited/c9rz8bm_0.jpg
data_sources/ai_edited/IMD2020/c9s7zuv_0.jpg,data_sources/ai_edited/IMD2020,ai_edited,825,550,1.5,JPEG,88474,52c28d3c0eb962d0500850829141ef24,fca182703ea328f11da045a7ffeb6241acc39891caebb32f2c5576c592494251,1.0,949eab2996456bb2,ok,3230.6812984003413,True,True,cluster_01051,val,/home/dheirav/Code/Deepfake_Detection/deepfake-project/dataset_builder/val/ai_edited/c9s7zuv_0.jpg
data_sources/ai_edited/IMD2020/c9s89u4_0.jpg,data_sources/ai_edited/IMD2020,ai_edited,647,450,1.4378,JPEG,103043,f2bf7c48e999454bc0764e465636e735,c1887bb276250bd44132765b029c0e7a3e8fb8b9d4681caf7ae76d32c9cdbbee,1.0,c76cb120cef15ca3,ok,1092.6844459217061,True,True,cluster_01361,val,/home/dheirav/Code/Deepfake_Detection/deepfake-project/dataset_builder/val/ai_edited/c9s89u4_0.jpg
data_sources/ai_edited/IMD2020/c9saxhk_0.jpg,data_sources/ai_edited/IMD2020,ai_edited,825,550,1.5,JPEG,110405,65a158b9ef95e4d80d896867767e21d7,59d4e85d2fc2f65ca02e456662084460985013beb9aa7b3c5a7b86c726edd1e7,1.0,949cab2396466bf1,ok,3153.7087489268647,True,True,cluster_01050,val,/home/dheirav/Code/Deepfake_Detection/deepfake-project/dataset_builder/val/ai_edited/c9saxhk_0.jpg
data_sources/ai_edited/IMD2020/c9sh0l8_0.jpg,data_sources/ai_edited/IMD2020,ai_edited,2048,1536,1.3333,JPEG,396356,96bb1b75e42e2c2de663c9e1c65ec27d,b125a79daf85fa8d3a5d8c157424a1831873139c59b6737ae2c5b52d122bbc10,1.0,b8c351a6bf5185c6,ok,180.7792135961959,True,True,cluster_00072,val,/home/dheirav/Code/Deepfake_Detection/deepfake-project/dataset_builder/val/ai_edited/c9sh0l8_0.jpg
data_sources/ai_edited/IMD2020/c9sk4y8_0.jpg,data_sources/ai_edited/IMD2020,ai_edited,1344,714,1.8824,JPEG,309251,06f78b2f6fe75ff4c21f9bf2a80ac0bb,87f86c1ead29168e2e0de9b522616143184324c61d2761c9d119626fc30ac19e,1.0,be95c8ecb1e92063,ok,1702.7202258421812,True,True,cluster_00418,val,/home/dheirav/Code/Deepfake_Detection/deepfake-project/dataset_builder/val/ai_edited/c9sk4y8_0.jpg
data_sources/ai_edited/IMD2020/c9smbbb_0.jpg,data_sources/ai_edited/IMD2020,ai_edited,1600,1200,1.3333,JPEG,417904,13fb52b74098f1fdad8d0f002f30f7fd,4da95a8a8723811220510d94c3a14833a6f64bc275e1e1847951374ea4a56098,1.0,c98cdbcad2f2e0b0,ok,200.3271742327992,True,True,cluster_00181,val,/home/dheirav/Code/Deepfake_Detection/deepfake-project/dataset_builder/val/ai_edited/c9smbbb_0.jpg
data_sources/ai_edited/IMD2020/c9ssolx_0.jpg,data_sources/ai_edited/IMD2020,ai_edited,1600,1200,1.3333,JPEG,428301,b454073b2a1ff0091ed111b724f70ab1,3c257416a7d406b3f50bc4737930683a96cd4451ac484ab76e95a5de4d3298b2,1.0,898cdbdad2f2e0b0,ok,200.70229421109346,True,True,cluster_00180,val,/home/dheirav/Code/Deepfake_Detection/deepfake-project/dataset_builder/val/ai_edited/c9ssolx_0.jpg
data_sources/ai_edited/IMD2020/c9stktv_0.jpg,data_sources/ai_edited/IMD2020,ai_edited,683,1000,0.683,JPEG,201087,628f75d1f18215a16634423771346e71,71f20c2cf521f980e29d38d672c519dc2b4f44ed8b77c81797575aa9890a62c2,1.0,c8aa6bd53d8ea238,ok,223.22109725759668,True,True,cluster_00706,val,/home/dheirav/Code/Deepfake_Detection/deepfake-project/dataset_builder/val/ai_edited/c9stktv_0.jpg
data_sources/ai_edited/IMD2020/c9svxp7_0.png,data_sources/ai_edited/IMD2020,ai_edited,640,639,1.0016,PNG,652211,d80ceb3f8958272b6f60dadcd69424b9,1611bb264a4a192157063f0dc01c8131e8dc818f49a24bc50aa33006f04f73df,1.0,8b50294a3dabb4f5,ok,378.95287512648497,True,True,cluster_01125,val,/home/dheirav/Code/Deepfake_Detection/deepfake-project/dataset_builder/val/ai_edited/c9svxp7_0.png
data_sources/ai_edited/IMD2020/c9sxwk6_0.png,data_sources/ai_edited/IMD2020,ai_edited,816,460,1.7739,PNG,559347,383fe0a7e3bde34480866727a5b75652,4827ac55fed6eb39463f5a52efab81d29c3cffef37be70899e6da89cec7dad73,1.0,9491abada9a9ae4a,ok,328.2135903486617,True,True,cluster_01173,val,/home/dheirav/Code/Deepfake_Detection/deepfake-project/dataset_builder/val/ai_edited/c9sxwk6_0.png
data_sources/ai_edited/IMD2020/c9t437l_0.jpg,data_sources/ai_edited/IMD2020,ai_edited,640,960,0.6667,JPEG,190206,a2d7ae3b1844cb11c812ad30ebf6df3e,f11e8b94f7a6fc22e04d053c6a198702129d295148c643e6361a5a851818bc5f,1.0,c295ed7c05527596,ok,446.73626516371576,True,True,cluster_00794,val,/home/dheirav/Code/Deepfake_Detection/deepfake-project/dataset_builder/val/ai_edited/c9t437l_0.jpg
data_sources/ai_edited/IMD2020/c9t4d4m_0.jpg,data_sources/ai_edited/IMD2020,ai_edited,2272,1704,1.3333,JPEG,574455,4a1a1acf742a125de6ab5912cd730287,01610284c53eb625c423039e452eb61cbbcf226c827514913a0ae3aac11860de,1.0,dc3024dec6b4b5d4,ok,518.1937697994563,True,True,cluster_00053,val,/home/dheirav/Code/Deepfake_Detection/deepfake-project/dataset_builder/val/ai_edited/c9t4d4m_0.jpg
data_sources/ai_edited/IMD2020/c9t4vnq_0.jpg,data_sources/ai_edited/IMD2020,ai_edited,640,960,0.6667,JPEG,220400,9c8d7f738a726eabdc161407260e5a9d,ea93ac91840863ab617c1845084db8ac44ee413f8d55d4415d16c9182826e4de,1.0,bd99d2c76664501b,ok,97.5559456377003,True,True,cluster_00791,val,/home/dheirav/Code/Deepfake_Detection/deepfake-project/dataset_builder/val/ai_edited/c9t4vnq_0.jpg
data_sources/ai_edited/IMD2020/c9t5y36_0.jpg,data_sources/ai_edited/IMD2020,ai_edited,640,960,0.6667,JPEG,239990,9ca1b97cbd2ca779a400fab82f466ed8,6afde04074f32be0f083000f214e09532a15d224b23afef9752317b1a6828481,1.0,f69299980ce6d363,ok,100.95374758901596,True,True,cluster_00788,val,/home/dheirav/Code/Deepfake_Detection/deepfake-project/dataset_builder/val/ai_edited/c9t5y36_0.jpg
data_sources/ai_edited/IMD2020/c9t6w7g_0.jpg,data_sources/ai_edited/IMD2020,ai_edited,640,960,0.6667,JPEG,90741,394663d7cd520806500946c4390c860a,df85fb796f7b60e59c172d86514aa4ff07ec2097f817bc4586c30e2c0b61fb41,1.0,bd99d2d76724082b,ok,109.0940510510736,True,True,cluster_00806,val,/home/dheirav/Code/Deepfake_Detection/deepfake-project/dataset_builder/val/ai_edited/c9t6w7g_0.jpg
data_sources/ai_edited/IMD2020/c9telos_0.jpg,data_sources/ai_edited/IMD2020,ai_edited,2381,2458,0.9687,JPEG,687732,e03ee557c0c1f3efb01ee409c208d7b1,baace6f059dea534b9370859a9549ede509bdef69b50d4d23b76a03ca684aa6a,1.0,f62d586291d28dad,ok,119.44103642395007,True,True,cluster_00016,val,/home/dheirav/Code/Deepfake_Detection/deepfake-project/dataset_builder/val/ai_edited/c9telos_0.jpg
data_sources/ai_edited/IMD2020/c9teyfk_0.jpg,data_sources/ai_edited/IMD2020,ai_edited,720,960,0.75,JPEG,191684,805e5820bb02987469dda31bed2edf16,d90be1c38be2bf09bf1f5884f48e4642876041032e55fe49cd1784e331229736,1.0,b5ca259bd424da35,ok,1784.4593075837793,True,True,cluster_00676,val,/home/dheirav/Code/Deepfake_Detection/deepfake-project/dataset_builder/val/ai_edited/c9teyfk_0.jpg
data_sources/ai_edited/IMD2020/c9th08v_0.jpg,data_sources/ai_edited/IMD2020,ai_edited,1000,793,1.261,JPEG,78426,f982b511c70685c64f49e2f2dd6ee2dd,bd991cdf59e14e513b6d95cf249f1c35359f882f7f6bd9820d32da0b75b8acbd,1.0,ad13d3e4f04cc1c7,ok,299.53792760982526,True,True,cluster_00536,val,/home/dheirav/Code/Deepfake_Detection/deepfake-project/dataset_builder/val/ai_edited/c9th08v_0.jpg
data_sources/ai_edited/IMD2020/c9tjpep_0.jpg,data_sources/ai_edited/IMD2020,ai_edited,900,600,1.5,JPEG,71804,d919664590a384d020936299c77d58f0,a96303a8d14be3ab4feb16bfe6f25693144b71f97600b187e54cd8634c85842f,1.0,9899339b33669699,ok,91.20593101453704,True,True,cluster_00916,val,/home/dheirav/Code/Deepfake_Detection/deepfake-project/dataset_builder/val/ai_edited/c9tjpep_0.jpg
data_sources/ai_edited/IMD2020/c9tl14w_0.png,data_sources/ai_edited/IMD2020,ai_edited,900,600,1.5,PNG,257330,5a6abba931961caa08b821fba5172f37,9afe38635eb31d7be81767191947a3ccf434ed99984db71ac08209187e2bf27b,1.0,c876648b9b64cc79,ok,137.19572033398836,True,True,cluster_00915,val,/home/dheirav/Code/Deepfake_Detection/deepfake-project/dataset_builder/val/ai_edited/c9tl14w_0.png
data_sources/ai_edited/IMD2020/c9u4rvj_0.jpg,data_sources/ai_edited/IMD2020,ai_edited,1024,768,1.3333,JPEG,224053,02f64d090345ceeee6ed643894eda04f,8e2c4dfe3f88f2911836c746aa6f4f6c2e5a065c81bc973f656e25ba47ae7049,1.0,d0a478e4ec79aa66,ok,232.1236118765713,True,True,cluster_00546,val,/home/dheirav/Code/Deepfake_Detection/deepfake-project/dataset_builder/val/ai_edited/c9u4rvj_0.jpg
data_sources/ai_edited/IMD2020/c9u7cgz_0.jpg,data_sources/ai_edited/IMD2020,ai_edited,1000,676,1.4793,JPEG,180352,c26aac708ec6884afcfd3c8a3300d125,593411d21a10d42723cdeea29de500ee34234591e3245f3b9c41403cb4846ee1,1.0,c1943c93273b372d,ok,1513.411398734233,True,True,cluster_00714,val,/home/dheirav/Code/Deepfake_Detection/deepfake-project/dataset_builder/val/ai_edited/c9u7cgz_0.jpg
data_sources/ai_edited/IMD2020/c9u7myf_0.jpg,data_sources/ai_edited/IMD2020,ai_edited,976,549,1.7778,JPEG,109815,df1fc68f4b0322d786ce2f232b6ad1b8,70ae3f454c706cb03cdc40042133bb27de6d56515ccbdc04c18e307f11094efe,1.0,c0c1c4d4bf9536b5,ok,488.7780209594755,True,True,cluster_00936,val,/home/dheirav/Code/Deepfake_Detection/deepfake-project/dataset_builder/val/ai_edited/c9u7myf_0.jpg
data_sources/ai_edited/IMD2020/c9u90oo_0.jpg,data_sources/ai_edited/IMD2020,ai_edited,1024,681,1.5037,JPEG,191608,6388f703c28b1333ebc44cdfae202af4,daae7277b312a499fcc050ddd59394aafb4524f22e51baa86631790958348e61,1.0,c2f67dd91166419a,ok,411.8243637011404,True,True,cluster_00653,val,/home/dheirav/Code/Deepfake_Detection/deepfake-project/dataset_builder/val/ai_edited/c9u90oo_0.jpg
data_sources/ai_edited/IMD2020/c9ub2de_0.jpg,data_sources/ai_edited/IMD2020,ai_edited,1024,681,1.5037,JPEG,200542,f31440da33fbf99eeadc395e3852124c,3243d26b4c278986f31f5e6ad772b57ff50aab54be3ac1ef17b65b7986db8406,1.0,c2e47d99156607d9,ok,481.7908454599606,True,True,cluster_00652,val,/home/dheirav/Code/Deepfake_Detection/deepfake-project/dataset_builder/val/ai_edited/c9ub2de_0.jpg
data_sources/ai_edited/IMD2020/c9ubdgk_0.jpg,data_sources/ai_edited/IMD2020,ai_edited,1539,1026,1.5,JPEG,228509,873d7a8723c195bfe8ecf5730c352f6c,bbeda2bef79d1df8f4a927ff6dc616fafc24150a091dddb59a08fcaacac30280,1.0,9d8d6536929a6b38,ok,436.4404156976609,True,True,cluster_00247,val,/home/dheirav/Code/Deepfake_Detection/deepfake-project/dataset_builder/val/ai_edited/c9ubdgk_0.jpg
data_sources/ai_edited/IMD2020/c9uj2fl_0.png,data_sources/ai_edited/IMD2020,ai_edited,650,422,1.5403,PNG,517769,de8d36ff6b72891bb81db2d68cf7b71d,4fa0f7abcc1b08f038f529859e95e32445addad647853b40503ae0868456f9d5,1.0,eff5230c55322ce1,ok,1621.0114594902159,True,True,cluster_01388,val,/home/dheirav/Code/Deepfake_Detection/deepfake-project/dataset_builder/val/ai_edited/c9uj2fl_0.png
data_sources/ai_edited/IMD2020/c9umoqv_0.jpg,data_sources/ai_edited/IMD2020,ai_edited,1024,681,1.5037,JPEG,189765,b910f34cfa9a4d4b9f0c6aad0fe31d8d,185461a6192a38b1bba6f8154260346d9a13e6ec8715d731f38f730cbc8af429,1.0,c2f679591466159b,ok,412.49735723087605,True,True,cluster_00654,val,/home/dheirav/Code/Deepfake_Detection/deepfake-project/dataset_builder/val/ai_edited/c9umoqv_0.jpg
data_sources/ai_edited/IMD2020/c9uud5o_0.png,data_sources/ai_edited/IMD2020,ai_edited,625,417,1.4988,PNG,376685,64f3c4ed4fde87718c3fa655e886aaa4,04f61fc0e9964102cb66c5f36f289561733df90eb444748646efbb90059df572,1.0,c0bf514e7c053f98,ok,547.5580366550155,True,True,cluster_01439,val,/home/dheirav/Code/Deepfake_Detection/deepfake-project/dataset_builder/val/ai_edited/c9uud5o_0.png
data_sources/ai_edited/IMD2020/c9uv39w_0.png,data_sources/ai_edited/IMD2020,ai_edited,692,480,1.4417,PNG,627157,6ad7e399ae5dfdb321d9c9af31da4977,7e275b91d52cfcb17a93010e25122f10606aafe191058888e917b60c349462bd,1.0,db3dc4b612cd9225,ok,2004.5096132825404,True,True,cluster_01282,val,/home/dheirav/Code/Deepfake_Detection/deepfake-project/dataset_builder/val/ai_edited/c9uv39w_0.png
data_sources/ai_edited/IMD2020/c9uvkos_0.jpg,data_sources/ai_edited/IMD2020,ai_edited,400,305,1.3115,JPEG,76374,4b0128d8ba32413aea2cfbce95392e4c,3bf44aae324dd09eefc7a7da2592f844a89650217cf0c770a310c6c43459b6ad,1.0,ee6a909f21cc1e93,ok,2070.867783510817,True,True,cluster_01650,val,/home/dheirav/Code/Deepfake_Detection/deepfake-project/dataset_builder/val/ai_edited/c9uvkos_0.jpg
data_sources/ai_edited/IMD2020/c9uwpsx_0.jpg,data_sources/ai_edited/IMD2020,ai_edited,1000,750,1.3333,JPEG,263921,407e37e38f64c4cedd9a82a933a1a87d,ac2d389d18d3f735aad5156a8acd2c3ad77662a516b14bd6f16b618b82b5aa54,1.0,c14068dd9dabb356,ok,476.2092178222648,True,True,cluster_00580,val,/home/dheirav/Code/Deepfake_Detection/deepfake-project/dataset_builder/val/ai_edited/c9uwpsx_0.jpg
data_sources/ai_edited/IMD2020/c9uwqsh_0.jpg,data_sources/ai_edited/IMD2020,ai_edited,692,480,1.4417,JPEG,236356,837c0b993403cc18b3650df4014fe5ae,a8b38b4d2c0dfeb99aa2d45cc5ca77cc7cd0d3c83392ece43a90ef5f8343b876,1.0,db6784ba26459972,ok,1277.2211937673792,True,True,cluster_01284,val,/home/dheirav/Code/Deepfake_Detection/deepfake-project/dataset_builder/val/ai_edited/c9uwqsh_0.jpg
data_sources/ai_edited/IMD2020/c9v35ql_0.jpg,data_sources/ai_edited/IMD2020,ai_edited,1024,683,1.4993,JPEG,181038,255a5a3a91eaef94954cb46c137886e1,a99d74a563f6a483840d2a8a6caf3a282ba49830a92715f02a0455e11ce5c66b,1.0,d79c21e27975c0b1,ok,148.3023970749978,True,True,cluster_00641,val,/home/dheirav/Code/Deepfake_Detection/deepfake-project/dataset_builder/val/ai_edited/c9v35ql_0.jpg
data_sources/ai_edited/IMD2020/c9va3n9_0.jpg,data_sources/ai_edited/IMD2020,ai_edited,2000,1313,1.5232,JPEG,383238,4ce12bc5164003a9fa39bde1edac6974,534071ad516801fff7d3abd3c715d3e8c3c6bf90b8f1592617aa307bba753e44,1.0,c6b5296a6a0d73ca,ok,160.48992623573497,True,True,cluster_00102,val,/home/dheirav/Code/Deepfake_Detection/deepfake-project/dataset_builder/val/ai_edited/c9va3n9_0.jpg
data_sources/ai_edited/IMD2020/c9vbuxe_0.jpg,data_sources/ai_edited/IMD2020,ai_edited,1600,1056,1.5152,JPEG,398648,8fe27986472a6d42abd81ca6a4f436e7,d2050f5078ac41ed9946d21ac5622f0deee68bc3c08d2fd173e1bc2768ebd129,1.0,a2c4cfd83c93c897,ok,213.30571761650597,True,True,cluster_00227,val,/home/dheirav/Code/Deepfake_Detection/deepfake-project/dataset_builder/val/ai_edited/c9vbuxe_0.jpg
data_sources/ai_edited/IMD2020/c9ved2o_0.png,data_sources/ai_edited/IMD2020,ai_edited,500,348,1.4368,PNG,262280,f399b9985077393e8aaffe58a0649c4e,9e0d20f616565cb0679952a4d7861c83616fcac192ee5d1525eb5bb7c92269cc,1.0,9d1dc2c66ac34d6c,ok,484.75258130321043,True,True,cluster_01598,val,/home/dheirav/Code/Deepfake_Detection/deepfake-project/dataset_builder/val/ai_edited/c9ved2o_0.png
data_sources/ai_edited/IMD2020/c9vg2t9_0.jpg,data_sources/ai_edited/IMD2020,ai_edited,1200,1087,1.104,JPEG,377214,432c03f78cce5714f97cdfb0b79d44b1,98c73090fa4ea2229eb3290b8734d00e1cd67d2bcbd0d85f1349469f5afdc2c9,1.0,e34d16a3e3dcc033,ok,537.971553187583,True,True,cluster_00301,val,/home/dheirav/Code/Deepfake_Detection/deepfake-project/dataset_builder/val/ai_edited/c9vg2t9_0.jpg
data_sources/ai_edited/IMD2020/c9vhc8k_0.jpg,data_sources/ai_edited/IMD2020,ai_edited,1200,1087,1.104,JPEG,394002,a723aae615284877b473e337d49de204,ef031fffe340cfeffabd41c9fd319e88256ef87252c886e0239ac1333ca2c91f,1.0,e31e1ca3e3dc5423,ok,664.989897485836,True,True,cluster_00299,val,/home/dheirav/Code/Deepfake_Detection/deepfake-project/dataset_builder/val/ai_edited/c9vhc8k_0.jpg
data_sources/ai_edited/IMD2020/c9vl1l0_0.jpg,data_sources/ai_edited/IMD2020,ai_edited,1200,1087,1.104,JPEG,377990,b691107963dcd1aedc3db6890ee3d0ca,6d8956f255d66949c4895a1ef03e14ca955f0c1a4b25633e3b91f5b08df558ef,1.0,e34c1ca7e3dcc033,ok,529.0747717157999,True,True,cluster_00300,val,/home/dheirav/Code/Deepfake_Detection/deepfake-project/dataset_builder/val/ai_edited/c9vl1l0_0.jpg
data_sources/ai_edited/IMD2020/c9w96uz_0.jpg,data_sources/ai_edited/IMD2020,ai_edited,1194,800,1.4925,JPEG,49765,f2b5231441980006082a1e56b7874b0f,ce68da8f40a1a62a41e20bac195539ebbbab0a6f5e92d168ab983809b39dadb1,1.0,cec962a69992b786,ok,119.0044890311412,True,True,cluster_00422,val,/home/dheirav/Code/Deepfake_Detection/deepfake-project/dataset_builder/val/ai_edited/c9w96uz_0.jpg
data_sources/ai_edited/IMD2020/c9w9u7a_0.jpg,data_sources/ai_edited/IMD2020,ai_edited,620,497,1.2475,JPEG,81723,9297175796d0f1c67ec57a2b38268598,9442f25d3041a61a7c0eba4d4f17e9e4c77c50160e7162a866c09ad3a6bfbfc6,1.0,b8d48f8fcce0e303,ok,960.7149141190973,True,True,cluster_01320,val,/home/dheirav/Code/Deepfake_Detection/deepfake-project/dataset_builder/val/ai_edited/c9w9u7a_0.jpg
data_sources/ai_edited/IMD2020/c9wcr42_0.jpg,data_sources/ai_edited/IMD2020,ai_edited,620,600,1.0333,JPEG,157792,4c39383fc2e6e2627f4eb9119fcbd816,c4c189242befc7ca4b86fbc4951c55cd752d0d9c274135d521127cd495b67c24,1.0,b3e78cf8c5364819,ok,2604.7275538487397,True,True,cluster_01195,val,/home/dheirav/Code/Deepfake_Detection/deepfake-project/dataset_builder/val/ai_edited/c9wcr42_0.jpg
data_sources/ai_edited/IMD2020/c9ws5r0_0.jpg,data_sources/ai_edited/IMD2020,ai_edited,960,720,1.3333,JPEG,152716,cb8edcf77b67637229d928b5f70edee6,02c4f1944478dc5a960a31201b03e2221478c001c952734190d298159c2b9889,1.0,94666f6963c0975a,ok,435.396153973732,True,True,cluster_00691,val,/home/dheirav/Code/Deepfake_Detection/deepfake-project/dataset_builder/val/ai_edited/c9ws5r0_0.jpg
data_sources/ai_edited/IMD2020/c9xdfvu_0.jpg,data_sources/ai_edited/IMD2020,ai_edited,400,410,0.9756,JPEG,152153,b82b775541933908bdc92e1dc9e6bb81,cf7a6beebae40c3ca286ee5f548df38872dba277c3071e275831c4e49e03dd83,1.0,d45b58eca55abb01,ok,1259.6723292146046,True,True,cluster_01618,val,/home/dheirav/Code/Deepfake_Detection/deepfake-project/dataset_builder/val/ai_edited/c9xdfvu_0.jpg
data_sources/ai_edited/IMD2020/c9xdp5v_0.jpg,data_sources/ai_edited/IMD2020,ai_edited,636,800,0.795,JPEG,199292,7f8d088d1837651e27ccc55ee71fed0a,edc8de16c87a39be0c01f053f3cd3fad45d536035c06b0da2e8608f16b7efc9a,1.0,c02f6ee493333a3c,ok,1103.9926172224161,True,True,cluster_00960,val,/home/dheirav/Code/Deepfake_Detection/deepfake-project/dataset_builder/val/ai_edited/c9xdp5v_0.jpg
data_sources/ai_edited/IMD2020/c9xgn8b_0.jpg,data_sources/ai_edited/IMD2020,ai_edited,1440,960,1.5,JPEG,207010,4feb9ce4db9f980f7a2586225ee4dca0,0c27a3b26c6b0608f27ffc3f6d01882f4f360998fd1ab9bbbeab348a61248a97,1.0,c6d14b7c03da619e,ok,106.00859258082458,True,True,cluster_00279,val,/home/dheirav/Code/Deepfake_Detection/deepfake-project/dataset_builder/val/ai_edited/c9xgn8b_0.jpg
data_sources/ai_edited/IMD2020/c9xhn4w_0.jpg,data_sources/ai_edited/IMD2020,ai_edited,489,740,0.6608,JPEG,119350,ed0ecc7f5ddd4b744fca54a8fddec965,a8979a113e8f74ba7b4cbc4811ed9a305548a28ac385ca3fdf0ac219fa623b5d,1.0,8e0f5dd2713c0eb1,ok,743.5605698540737,True,True,cluster_01208,val,/home/dheirav/Code/Deepfake_Detection/deepfake-project/dataset_builder/val/ai_edited/c9xhn4w_0.jpg
data_sources/ai_edited/IMD2020/c9xuxck_0.jpg,data_sources/ai_edited/IMD2020,ai_edited,2479,1653,1.4997,JPEG,629494,1ea437c8d8888fa8121713c203c6340f,3d2ccbe886c4f42eef349027a996e2fbf3b448a2f282a00e2876c561b71ba401,1.0,8d06339e5c65db31,ok,363.75111526167757,True,True,cluster_00047,val,/home/dheirav/Code/Deepfake_Detection/deepfake-project/dataset_builder/val/ai_edited/c9xuxck_0.jpg
