path,dataset_source,class_label,width,height,aspect_ratio,format,file_size_bytes,md5_hash,sha256,quality_score,phash,quality_flag,blur_score,resolution_ok,aspect_ratio_ok,cluster_id,split,export_path
data_sources/ai_generated/FLUX_TopUp/flux_topup_000009.jpg,data_sources/ai_generated/FLUX_TopUp,ai_generated,1024,1024,1.0,JPEG,422654,cc6ab74a8e4959679c4de32c3eba54ea,651b8a27d9bcb36572d49815d477f8ad2f0c505bc3d54b861d25d47c521109cb,1.0,98cc33c637c96699,ok,872.9398256282875,True,True,cluster_00526,test,/home/dheirav/Code/Deepfake_Detection/deepfake-project/dataset_builder/test/ai_generated/flux_topup_000009.jpg
data_sources/ai_generated/FLUX_TopUp/flux_topup_000010.jpg,data_sources/ai_generated/FLUX_TopUp,ai_generated,1024,1024,1.0,JPEG,281453,326a55211312d010aacd47156a076f6b,99e5fc7c28ddeafbbbc4b3515fdb083fffb101794f154a072222eaf7ece2a24b,1.0,94b06e4cd3e37874,ok,777.8454993912228,True,True,cluster_01490,test,/home/dheirav/Code/Deepfake_Detection/deepfake-project/dataset_builder/test/ai_generated/flux_topup_000010.jpg
data_sources/ai_generated/FLUX_TopUp/flux_topup_000014.jpg,data_sources/ai_generated/FLUX_TopUp,ai_generated,1024,1024,1.0,JPEG,515601,2e4d538a3ce566e92c4ec497d0561563,91e35ebf441099c85066d80f3c77192bec494ab2a9eda0ddba7763a7e529823f,1.0,9992f2fc2e49519c,ok,2129.1794841432084,True,True,cluster_00129,test,/home/dheirav/Code/Deepfake_Detection/deepfake-project/dataset_builder/test/ai_generated/flux_topup_000014.jpg
data_sources/ai_generated/FLUX_TopUp/flux_topup_000015.jpg,data_sources/ai_generated/FLUX_TopUp,ai_generated,1024,1024,1.0,JPEG,420299,fbad0b73a40cf0ca3d59a1535c8a5e16,33820c63466ac4658b835d1783ba907ac93742b829e1409c34dc8c583ecd4db2,1.0,d089b4a9a76b497a,ok,1275.7865265640785,True,True,cluster_00545,test,/home/dheirav/Code/Deepfake_Detection/deepfake-project/dataset_builder/test/ai_generated/flux_topup_000015.jpg
data_sources/ai_generated/FLUX_TopUp/flux_topup_000017.jpg,data_sources/ai_generated/FLUX_TopUp,ai_generated,1024,1024,1.0,JPEG,256666,73d05d0faa3fa39b363847060a641bd8,ee2be7e61d588cec2e981a2c5a032fad990f017f15a133f9564b234f19509ae0,1.0,d8c4f4e5e599252c,ok,870.8948159284471,True,True,cluster_01703,test,/home/dheirav/Code/Deepfake_Detection/deepfake-project/dataset_builder/test/ai_generated/flux_topup_000017.jpg
data_sources/ai_generated/FLUX_TopUp/flux_topup_000023.jpg,data_sources/ai_generated/FLUX_TopUp,ai_generated,1024,1024,1.0,JPEG,478759,58543add87c781c8c523982a569168c7,c859d2268956b440fc9b53f927fc70e9f9740a131e3c3f2dbec8faa88be5f25d,1.0,c481dcb35ee1aa4b,ok,2596.521581167806,True,True,cluster_00253,test,/home/dheirav/Code/Deepfake_Detection/deepfake-project/dataset_builder/test/ai_generated/flux_topup_000023.jpg
data_sources/ai_generated/FLUX_TopUp/flux_topup_000025.jpg,data_sources/ai_generated/FLUX_TopUp,ai_generated,1024,1024,1.0,JPEG,413917,1183d4961c9429304f39b4d0c4e17be6,e12d16e62cdb7a6202f7f029ea313033eeb3e6879700a2f55b40bc2c9c43d742,1.0,c8b5b32c728bcc63,ok,1974.34600039426,True,True,cluster_00576,test,/home/dheirav/Code/Deepfake_Detection/deepfake-project/dataset_builder/test/ai_generated/flux_topup_000025.jpg
data_sources/ai_generated/FLUX_TopUp/flux_topup_000027.jpg,data_sources/ai_generated/FLUX_TopUp,ai_generated,1024,1024,1.0,JPEG,525555,eed09bace239eb52651d5b6ed85097a8,3484c2a81d7c382c8430bdee7c989021dc346787d99e977538aaa9d5a24a24ba,1.0,ccd1273ca8b1f5b0,ok,4356.61835691001,True,True,cluster_00109,test,/home/dheirav/Code/Deepfake_Detection/deepfake-project/dataset_builder/test/ai_generated/flux_topup_000027.jpg
data_sources/ai_generated/FLUX_TopUp/flux_topup_000029.jpg,data_sources/ai_generated/FLUX_TopUp,ai_generated,1024,1024,1.0,JPEG,401554,e6703ddc87a24849a5e6c17fe8c05ac6,e1bf7b0a561f1323e691e2b6b50ce3a0045a2ec00054e825b44e97a680be581a,1.0,a12b179f3c3acac1,ok,2138.3983040227577,True,True,cluster_00656,test,/home/dheirav/Code/Deepfake_Detection/deepfake-project/dataset_builder/test/ai_generated/flux_topup_000029.jpg
data_sources/ai_generated/FLUX_TopUp/flux_topup_000031.jpg,data_sources/ai_generated/FLUX_TopUp,ai_generated,1024,1024,1.0,JPEG,470148,13f449d52547b6239ece52836681d3f5,47727504d8a8902c30f9cdeab5d22d79cdc60e52a5fb6688a857aa9129da8d53,1.0,99b7a424af6129c7,ok,824.0806233615003,True,True,cluster_00289,test,/home/dheirav/Code/Deepfake_Detection/deepfake-project/dataset_builder/test/ai_generated/flux_topup_000031.jpg
data_sources/ai_generated/FLUX_TopUp/flux_topup_000032.jpg,data_sources/ai_generated/FLUX_TopUp,ai_generated,1024,1024,1.0,JPEG,453870,04c603b551365fea9c9246fd42874544,2917d0b29c09529ec9119d5df64652f5c15232dd74e84b3576c8403cf0ee034f,1.0,cbbaa4350f55c6b0,ok,2628.3113806138235,True,True,cluster_00352,test,/home/dheirav/Code/Deepfake_Detection/deepfake-project/dataset_builder/test/ai_generated/flux_topup_000032.jpg
data_sources/ai_generated/FLUX_TopUp/flux_topup_000039.jpg,data_sources/ai_generated/FLUX_TopUp,ai_generated,1024,1024,1.0,JPEG,273283,2988c67226685053a8641715d861d940,890713b652e35a77be56fe003ddf0bdb05a7c5ea889e498fafe94833e256b38b,1.0,c9cb27e1e141d175,ok,654.6502949864333,True,True,cluster_01559,test,/home/dheirav/Code/Deepfake_Detection/deepfake-project/dataset_builder/test/ai_generated/flux_topup_000039.jpg
data_sources/ai_generated/FLUX_TopUp/flux_topup_000046.jpg,data_sources/ai_generated/FLUX_TopUp,ai_generated,1024,1024,1.0,JPEG,337329,efc01973b81b759d90155b7b928cf99b,59a5e55ba3efc04889246d9b145c7ecf14a681645da36a2b283299fa56953827,1.0,87a6d892274f3936,ok,1213.6473956744844,True,True,cluster_01038,test,/home/dheirav/Code/Deepfake_Detection/deepfake-project/dataset_builder/test/ai_generated/flux_topup_000046.jpg
data_sources/ai_generated/FLUX_TopUp/flux_topup_000050.jpg,data_sources/ai_generated/FLUX_TopUp,ai_generated,1024,1024,1.0,JPEG,389893,c1f5f926f55d0c987ab4ac6963f86e13,96ca5ddbe9543343dfdcce51384afab8689bd58e81b4a712ae37f07b857dfbd7,1.0,9fe08f740a9dc8a6,ok,2210.4729944784763,True,True,cluster_00718,test,/home/dheirav/Code/Deepfake_Detection/deepfake-project/dataset_builder/test/ai_generated/flux_topup_000050.jpg
data_sources/ai_generated/FLUX_TopUp/flux_topup_000060.jpg,data_sources/ai_generated/FLUX_TopUp,ai_generated,1024,1024,1.0,JPEG,523778,696aa45a0522ec5ff47e8ae74b1d4b7c,011c34a123cb18ff126372d12026c58633259d868e869264f20d0f1bd9bf823b,1.0,9cd939b14e24c9d6,ok,2234.2155827747047,True,True,cluster_00113,test,/home/dheirav/Code/Deepfake_Detection/deepfake-project/dataset_builder/test/ai_generated/flux_topup_000060.jpg
data_sources/ai_generated/FLUX_TopUp/flux_topup_000062.jpg,data_sources/ai_generated/FLUX_TopUp,ai_generated,1024,1024,1.0,JPEG,307568,7e2559d7d3c37890d56cd65c6cc31b1d,81bfd4242fdaf6f820ff4fc3124fa913b4807d0aa36126d50b17d52ac5219cab,1.0,938cf0c3ffd1c884,ok,154.86347953564473,True,True,cluster_01283,test,/home/dheirav/Code/Deepfake_Detection/deepfake-project/dataset_builder/test/ai_generated/flux_topup_000062.jpg
data_sources/ai_generated/FLUX_TopUp/flux_topup_000066.jpg,data_sources/ai_generated/FLUX_TopUp,ai_generated,1024,1024,1.0,JPEG,547025,f57cbcc411cd44a77f50a06e221c1a94,ce684e2c79c80fd23b257fda23612f8636e636d356be3a7cc1b85e9f8ddbc25e,1.0,ccdb86b0eb34239c,ok,2488.8329551517363,True,True,cluster_00069,test,/home/dheirav/Code/Deepfake_Detection/deepfake-project/dataset_builder/test/ai_generated/flux_topup_000066.jpg
data_sources/ai_generated/FLUX_TopUp/flux_topup_000069.jpg,data_sources/ai_generated/FLUX_TopUp,ai_generated,1024,1024,1.0,JPEG,284883,c5ae8b6d6ad5301e7df4b207f5149bf2,ed00aa1b2832c8a6cd958fe6ed92c0ac6acadd3c2ea332a83b10ee5f89bd5c3e,1.0,88892f3dba2e1cba,ok,485.3781537731109,True,True,cluster_01469,test,/home/dheirav/Code/Deepfake_Detection/deepfake-project/dataset_builder/test/ai_generated/flux_topup_000069.jpg
data_sources/ai_generated/FLUX_TopUp/flux_topup_000072.jpg,data_sources/ai_generated/FLUX_TopUp,ai_generated,1024,1024,1.0,JPEG,343084,96542d5fa07f793211695488249bd18c,e545e69e4994ed4107fd6f21952787273a5979dec5a56e4434ab1268e69a25a5,1.0,9584e66a5d9cad26,ok,1192.0890901973721,True,True,cluster_00994,test,/home/dheirav/Code/Deepfake_Detection/deepfake-project/dataset_builder/test/ai_generated/flux_topup_000072.jpg
data_sources/ai_generated/FLUX_TopUp/flux_topup_000080.jpg,data_sources/ai_generated/FLUX_TopUp,ai_generated,1024,1024,1.0,JPEG,556965,3249c88f874ad623115dbd4b866ab9b1,1e02db3067faffa73bc7c913c03a8d1fba948a4eea7b80dc5d1f2be18d8f5f0f,1.0,d8e49e1adb1bc4b0,ok,4032.27904386847,True,True,cluster_00054,test,/home/dheirav/Code/Deepfake_Detection/deepfake-project/dataset_builder/test/ai_generated/flux_topup_000080.jpg
data_sources/ai_generated/FLUX_TopUp/flux_topup_000089.jpg,data_sources/ai_generated/FLUX_TopUp,ai_generated,1024,1024,1.0,JPEG,601411,d591c519c6a4ef007d8a4d2f1fa349ea,6bad0c3f1bc554fd2c58dabe2d1cd0a578a576afc6c8f4969892c8e0d5040e65,1.0,99c3d9cdd0ed2443,ok,2714.949464829375,True,True,cluster_00019,test,/home/dheirav/Code/Deepfake_Detection/deepfake-project/dataset_builder/test/ai_generated/flux_topup_000089.jpg
data_sources/ai_generated/FLUX_TopUp/flux_topup_000094.jpg,data_sources/ai_generated/FLUX_TopUp,ai_generated,1024,1024,1.0,JPEG,469570,3efe7723a9146491c6b36422265fc8dc,53fa065de8a13dbc9f87988c3b715137e56378c74e3f9694ec70f0964a4640cb,1.0,d8d696e637b68061,ok,2541.3796176462156,True,True,cluster_00291,test,/home/dheirav/Code/Deepfake_Detection/deepfake-project/dataset_builder/test/ai_generated/flux_topup_000094.jpg
data_sources/ai_generated/FLUX_TopUp/flux_topup_000095.jpg,data_sources/ai_generated/FLUX_TopUp,ai_generated,1024,1024,1.0,JPEG,569469,4d1758dfc45db04003b5eceec0915208,a97ce1a424651a552cff5c532ef504664b075d5d34e645dc10eb185e88a42136,1.0,98c727626557f861,ok,3845.5622674785554,True,True,cluster_00043,test,/home/dheirav/Code/Deepfake_Detection/deepfake-project/dataset_builder/test/ai_generated/flux_topup_000095.jpg
data_sources/ai_generated/FLUX_TopUp/flux_topup_000102.jpg,data_sources/ai_generated/FLUX_TopUp,ai_generated,1024,1024,1.0,JPEG,472929,9d931575f276c6943fec0b91665bc46d,1bbc55a1669c49efaa40aa2b1d194b5ae4bf93f70d663d14f7b345186d0a1179,1.0,954e4ab1cf0ce38d,ok,1596.931154987941,True,True,cluster_00277,test,/home/dheirav/Code/Deepfake_Detection/deepfake-project/dataset_builder/test/ai_generated/flux_topup_000102.jpg
data_sources/ai_generated/FLUX_TopUp/flux_topup_000110.jpg,data_sources/ai_generated/FLUX_TopUp,ai_generated,1024,1024,1.0,JPEG,424816,2a3758ead219b7ae66f9fff5888b8943,34c283f2574df0cc56cc5d874a56fb418b6d527de97d440a53cfab5e9ae03a94,1.0,c0e09f3f64c136ad,ok,2792.736925928139,True,True,cluster_00519,test,/home/dheirav/Code/Deepfake_Detection/deepfake-project/dataset_builder/test/ai_generated/flux_topup_000110.jpg
data_sources/ai_generated/FLUX_TopUp/flux_topup_000116.jpg,data_sources/ai_generated/FLUX_TopUp,ai_generated,1024,1024,1.0,JPEG,552173,9e01231e15bc2c7c190dfcd56357f2f3,cb9b699cf43077103e9b7bd2a3f9ad8c305385455d3034334b57669eddc967d1,1.0,d46af090bd7d2139,ok,2435.639585375422,True,True,cluster_00061,test,/home/dheirav/Code/Deepfake_Detection/deepfake-project/dataset_builder/test/ai_generated/flux_topup_000116.jpg
data_sources/ai_generated/FLUX_TopUp/flux_topup_000123.jpg,data_sources/ai_generated/FLUX_TopUp,ai_generated,1024,1024,1.0,JPEG,251519,d6d5688e15bed167084cd26aeb611d6a,41f643c1037033dcf5f8d1cff566fc152bedc342ea318570c0a469560e6700bc,1.0,9240ffe18cba235e,ok,863.4753949388169,True,True,cluster_01750,test,/home/dheirav/Code/Deepfake_Detection/deepfake-project/dataset_builder/test/ai_generated/flux_topup_000123.jpg
data_sources/ai_generated/FLUX_TopUp/flux_topup_000130.jpg,data_sources/ai_generated/FLUX_TopUp,ai_generated,1024,1024,1.0,JPEG,602674,9bcdcb330bdb1f4ffebf5d0c29a883bd,d60cc0199d708e570d9bc22d1c6bad4c0e2215b63acd3ee63d97c3b899a45ed9,1.0,d5a587aa4af06c33,ok,5614.324014340627,True,True,cluster_00018,test,/home/dheirav/Code/Deepfake_Detection/deepfake-project/dataset_builder/test/ai_generated/flux_topup_000130.jpg
data_sources/ai_generated/FLUX_TopUp/flux_topup_000131.jpg,data_sources/ai_generated/FLUX_TopUp,ai_generated,1024,1024,1.0,JPEG,319866,d68e13dbded50eb77529d40ba2f1e6ae,051e3042674b39660f14a6da2114d836cfac0c9ff2379071024c462466c4c2e4,1.0,c5077ab8b0d83ce6,ok,1635.240986798671,True,True,cluster_01177,test,/home/dheirav/Code/Deepfake_Detection/deepfake-project/dataset_builder/test/ai_generated/flux_topup_000131.jpg
data_sources/ai_generated/FLUX_TopUp/flux_topup_000137.jpg,data_sources/ai_generated/FLUX_TopUp,ai_generated,1024,1024,1.0,JPEG,387620,735324b03f83003d19ace2f53a4b2f52,c20a7b34cecae8facbeed5c2738646de46c653e6ee942c31fa22e140ef697d1d,1.0,8a9a9e342d2ec7ca,ok,1917.3741248120161,True,True,cluster_00735,test,/home/dheirav/Code/Deepfake_Detection/deepfake-project/dataset_builder/test/ai_generated/flux_topup_000137.jpg
data_sources/ai_generated/FLUX_TopUp/flux_topup_000140.jpg,data_sources/ai_generated/FLUX_TopUp,ai_generated,1024,1024,1.0,JPEG,308423,d29988c93a85728db8a71dd54bb5b9cc,d5e0de230c9edaba9c47b27108e61b6b46c17857233e43458000456cd5c87c34,1.0,b3814c33f36c3cc9,ok,1800.8878188476508,True,True,cluster_01275,test,/home/dheirav/Code/Deepfake_Detection/deepfake-project/dataset_builder/test/ai_generated/flux_topup_000140.jpg
data_sources/ai_generated/FLUX_TopUp/flux_topup_000143.jpg,data_sources/ai_generated/FLUX_TopUp,ai_generated,1024,1024,1.0,JPEG,388786,e8e9e9a845daca4f10168d415d3c5920,a3221b1237233948a9da98604e2ed9b688e357643c79aa4af63b0283a4513806,1.0,916c7c81ee9749ac,ok,1621.7546464071115,True,True,cluster_00730,test,/home/dheirav/Code/Deepfake_Detection/deepfake-project/dataset_builder/test/ai_generated/flux_topup_000143.jpg
data_sources/ai_generated/FLUX_TopUp/flux_topup_000149.jpg,data_sources/ai_generated/FLUX_TopUp,ai_generated,1024,1024,1.0,JPEG,530812,406dc070e54b5e102084ed16818c1385,c39481f1963bdbcdea23f5234d01b4107fa8590a7df7adda53dabe17c2b5a1be,1.0,cc1f45f2518d613e,ok,2843.7448053364596,True,True,cluster_00102,test,/home/dheirav/Code/Deepfake_Detection/deepfake-project/dataset_builder/test/ai_generated/flux_topup_000149.jpg
data_sources/ai_generated/FLUX_TopUp/flux_topup_000150.jpg,data_sources/ai_generated/FLUX_TopUp,ai_generated,1024,1024,1.0,JPEG,372666,31e306181568afa221c849ec0ff882b6,ac8dd62e7efb957187ca3ce494aa015b0f2186c50be3b155c11fe552cc00918e,1.0,bad4106b4fbfd840,ok,2013.8226371789415,True,True,cluster_00814,test,/home/dheirav/Code/Deepfake_Detection/deepfake-project/dataset_builder/test/ai_generated/flux_topup_000150.jpg
data_sources/ai_generated/FLUX_TopUp/flux_topup_000157.jpg,data_sources/ai_generated/FLUX_TopUp,ai_generated,1024,1024,1.0,JPEG,259356,fc53a6344c321a64717c7f089fc0562e,4dcdab783f7e033d6a88781a332adbb6a3d047028852f48441e89d36f1cc4774,1.0,b1514e9b9ca4976c,ok,120.04060138523346,True,True,cluster_01682,test,/home/dheirav/Code/Deepfake_Detection/deepfake-project/dataset_builder/test/ai_generated/flux_topup_000157.jpg
data_sources/ai_generated/FLUX_TopUp/flux_topup_000160.jpg,data_sources/ai_generated/FLUX_TopUp,ai_generated,1024,1024,1.0,JPEG,381841,82fc5deee187b80b255ed7eb7b73de52,76048b0f936157758f71f3bed9eeac69b9601adf6b6f12605c85a580b9bc9547,1.0,e815036a0de1ee5f,ok,1751.8178510495186,True,True,cluster_00770,test,/home/dheirav/Code/Deepfake_Detection/deepfake-project/dataset_builder/test/ai_generated/flux_topup_000160.jpg
data_sources/ai_generated/FLUX_TopUp/flux_topup_000165.jpg,data_sources/ai_generated/FLUX_TopUp,ai_generated,1024,1024,1.0,JPEG,387858,00d7a90f16d104f72953379c0ffdd35d,69bfc14ecade57c0fe3cd2fff0d6e67368ac7dbc6e43c6da9d553bf5ee1a17d2,1.0,cc2b4ed08bbc6327,ok,972.487969101966,True,True,cluster_00732,test,/home/dheirav/Code/Deepfake_Detection/deepfake-project/dataset_builder/test/ai_generated/flux_topup_000165.jpg
data_sources/ai_generated/FLUX_TopUp/flux_topup_000166.jpg,data_sources/ai_generated/FLUX_TopUp,ai_generated,1024,1024,1.0,JPEG,386374,783c0c31c2cb11f134441472dc3254a7,2cdf5bfe5141e1274e48dfca9b87f1d1f20f2b08cee404a895fb42dce84fc7a3,1.0,c44d5a3e3b503573,ok,1756.878997610285,True,True,cluster_00743,test,/home/dheirav/Code/Deepfake_Detection/deepfake-project/dataset_builder/test/ai_generated/flux_topup_000166.jpg
data_sources/ai_generated/FLUX_TopUp/flux_topup_000170.jpg,data_sources/ai_generated/FLUX_TopUp,ai_generated,1024,1024,1.0,JPEG,357310,0464f8189ec17ada1a87d8299c8885b7,1f9039a3321875e147bf6671fde2f92a5f1cd302db160ea034eaacc2dacb124e,1.0,d85e17617c172cd1,ok,1034.9826843815933,True,True,cluster_00913,test,/home/dheirav/Code/Deepfake_Detection/deepfake-project/dataset_builder/test/ai_generated/flux_topup_000170.jpg
data_sources/ai_generated/FLUX_TopUp/flux_topup_000183.jpg,data_sources/ai_generated/FLUX_TopUp,ai_generated,1024,1024,1.0,JPEG,382268,41ac7a828d3dc381e73bb70b398ba9fd,f96f3fa69b6297eea9c7a1eefadd68909418d65dadcbd88ef6d307027f305dfc,1.0,8f2d507737c93ca0,ok,1487.1434506032592,True,True,cluster_00768,test,/home/dheirav/Code/Deepfake_Detection/deepfake-project/dataset_builder/test/ai_generated/flux_topup_000183.jpg
data_sources/ai_generated/FLUX_TopUp/flux_topup_000184.jpg,data_sources/ai_generated/FLUX_TopUp,ai_generated,1024,1024,1.0,JPEG,369432,69043540274bda4abc39241e9854b6cc,e8de8551a90aa9804b8504588a206367ff32de9990c2965ed21dc340c80e984d,1.0,b4fa87d0cc468a7c,ok,2232.814132968989,True,True,cluster_00836,test,/home/dheirav/Code/Deepfake_Detection/deepfake-project/dataset_builder/test/ai_generated/flux_topup_000184.jpg
data_sources/ai_generated/FLUX_TopUp/flux_topup_000193.jpg,data_sources/ai_generated/FLUX_TopUp,ai_generated,1024,1024,1.0,JPEG,411409,d0f549cb4e709b93f3640f15ee8a7af8,02e466f65d7fb5ee210dac0b348e8b2914f9971b57b2defa4a35cb93ec114b93,1.0,af7f5b0a7280361c,ok,1063.3658001245121,True,True,cluster_00596,test,/home/dheirav/Code/Deepfake_Detection/deepfake-project/dataset_builder/test/ai_generated/flux_topup_000193.jpg
data_sources/ai_generated/FLUX_TopUp/flux_topup_000194.jpg,data_sources/ai_generated/FLUX_TopUp,ai_generated,1024,1024,1.0,JPEG,272416,884ccc2f76da20c70793a1b7461a5e9c,806e63306d83c362c886387f9bce280d71028f1c0d2856a810ac679b87f3961b,1.0,c0933f63f02ccb3c,ok,958.2819470129907,True,True,cluster_01568,test,/home/dheirav/Code/Deepfake_Detection/deepfake-project/dataset_builder/test/ai_generated/flux_topup_000194.jpg
data_sources/ai_generated/FLUX_TopUp/flux_topup_000202.jpg,data_sources/ai_generated/FLUX_TopUp,ai_generated,1024,1024,1.0,JPEG,223429,8ef3d3cb0d0481fd3146dda9ad2485ab,f715568e27f30394211a1cae06143c86e442191de9bb6ac4c22b765485c508ff,1.0,d9d81cd366356626,ok,428.4648962206229,True,True,cluster_01986,test,/home/dheirav/Code/Deepfake_Detection/deepfake-project/dataset_builder/test/ai_generated/flux_topup_000202.jpg
data_sources/ai_generated/FLUX_TopUp/flux_topup_000204.jpg,data_sources/ai_generated/FLUX_TopUp,ai_generated,1024,1024,1.0,JPEG,374920,fde2c3096dba9106cbc35e545c37deb8,9f8741bbdbff20feab324efaebf8a6bf05795cdb51272d89556cbc01248ea4e9,1.0,bbc0946f086a927f,ok,1571.501306628029,True,True,cluster_00803,test,/home/dheirav/Code/Deepfake_Detection/deepfake-project/dataset_builder/test/ai_generated/flux_topup_000204.jpg
data_sources/ai_generated/FLUX_TopUp/flux_topup_000209.jpg,data_sources/ai_generated/FLUX_TopUp,ai_generated,1024,1024,1.0,JPEG,341888,9c8b4b128491ee4c200345700b7a48ad,3e15313a6d929506abceff7cad20fb03a0109e0b8044e769aaba53408262477f,1.0,b04ecfb879834c8d,ok,1387.0335659144607,True,True,cluster_01002,test,/home/dheirav/Code/Deepfake_Detection/deepfake-project/dataset_builder/test/ai_generated/flux_topup_000209.jpg
data_sources/ai_generated/FLUX_TopUp/flux_topup_000211.jpg,data_sources/ai_generated/FLUX_TopUp,ai_generated,1024,1024,1.0,JPEG,345189,dca1ffa4310be758885549edeb6780f2,96ac1714a2294166e403e99e0869b64e631c3841bb587b8ba15c9b415696f1e6,1.0,c7df3efa520ca900,ok,1283.6325509089575,True,True,cluster_00985,test,/home/dheirav/Code/Deepfake_Detection/deepfake-project/dataset_builder/test/ai_generated/flux_topup_000211.jpg
data_sources/ai_generated/FLUX_TopUp/flux_topup_000213.jpg,data_sources/ai_generated/FLUX_TopUp,ai_generated,1024,1024,1.0,JPEG,234216,d00b03501afbf18082eeb9449d21e1cf,95d61e7b53801bc1f53e5dade5e0d82b4ff93922626457d40e11a2e65bf6dac6,1.0,934cb344631ef077,ok,1218.1277141533792,True,True,cluster_01904,test,/home/dheirav/Code/Deepfake_Detection/deepfake-project/dataset_builder/test/ai_generated/flux_topup_000213.jpg
data_sources/ai_generated/FLUX_TopUp/flux_topup_000220.jpg,data_sources/ai_generated/FLUX_TopUp,ai_generated,1024,1024,1.0,JPEG,264268,215e9178aaa8fe5f9540b4eb62fb67b1,c99de859747e9f220368cc31b88dcb56e095441b1430cc3a4675460360203cb2,1.0,d4d15c6c668f272c,ok,146.8404449069603,True,True,cluster_01639,test,/home/dheirav/Code/Deepfake_Detection/deepfake-project/dataset_builder/test/ai_generated/flux_topup_000220.jpg
data_sources/ai_generated/FLUX_TopUp/flux_topup_000228.jpg,data_sources/ai_generated/FLUX_TopUp,ai_generated,1024,1024,1.0,JPEG,266140,ee5faee243572ccb2dea232f4c72af79,ed1c77032e194bdf4d21796a302cb27e5d96e745466f2293e5618ec617ec70e8,1.0,cdce26e1901a79c7,ok,2712.2302154350473,True,True,cluster_01620,test,/home/dheirav/Code/Deepfake_Detection/deepfake-project/dataset_builder/test/ai_generated/flux_topup_000228.jpg
data_sources/ai_generated/FLUX_TopUp/flux_topup_000232.jpg,data_sources/ai_generated/FLUX_TopUp,ai_generated,1024,1024,1.0,JPEG,273235,60ba894dedc3495071cb3b14ccb63263,f188acc74d09b4cb7e60e48060acdce801f2360114d6b2616f1e62f91d680e9c,1.0,81d36589b37acc66,ok,663.1328400160844,True,True,cluster_01560,test,/home/dheirav/Code/Deepfake_Detection/deepfake-project/dataset_builder/test/ai_generated/flux_topup_000232.jpg
data_sources/ai_generated/FLUX_TopUp/flux_topup_000246.jpg,data_sources/ai_generated/FLUX_TopUp,ai_generated,1024,1024,1.0,JPEG,242738,6b95422a233838bcd238cea628456555,fbb5715242f078794c22a7e18d9c93395507a689c6cfc93eada3d1c2ffc699cd,1.0,86ca6d2c38d3c9b3,ok,1493.147293882626,True,True,cluster_01823,test,/home/dheirav/Code/Deepfake_Detection/deepfake-project/dataset_builder/test/ai_generated/flux_topup_000246.jpg
data_sources/ai_generated/FLUX_TopUp/flux_topup_000268.jpg,data_sources/ai_generated/FLUX_TopUp,ai_generated,1024,1024,1.0,JPEG,330794,2f9a98d8d2da5644ca8abd0f4e76b700,b5e45d27e3971e25da3e7cfd393e3e9f1ec37cf0cee5846df2a27d0acf0d9754,1.0,c9d99dca63312ccc,ok,2190.428827285403,True,True,cluster_01089,test,/home/dheirav/Code/Deepfake_Detection/deepfake-project/dataset_builder/test/ai_generated/flux_topup_000268.jpg
data_sources/ai_generated/FLUX_TopUp/flux_topup_000269.jpg,data_sources/ai_generated/FLUX_TopUp,ai_generated,1024,1024,1.0,JPEG,300995,722a4a79d7ca8be82c9eda8f6154fa1c,b4a52c1d4b019bdd91d0bd0bae3724200f844a71f7da23e19c5d4d160d19d599,1.0,95929e0fe1f81897,ok,1161.8655861792172,True,True,cluster_01344,test,/home/dheirav/Code/Deepfake_Detection/deepfake-project/dataset_builder/test/ai_generated/flux_topup_000269.jpg
data_sources/ai_generated/FLUX_TopUp/flux_topup_000284.jpg,data_sources/ai_generated/FLUX_TopUp,ai_generated,1024,1024,1.0,JPEG,260021,fa988046e4dbb085b45a55eef19ff6ef,1b531ed6e74883a9c947ca4859ccb0309308548733e854298b14061c88934310,1.0,c215cdeeb31869b2,ok,486.1772373868432,True,True,cluster_01675,test,/home/dheirav/Code/Deepfake_Detection/deepfake-project/dataset_builder/test/ai_generated/flux_topup_000284.jpg
data_sources/ai_generated/FLUX_TopUp/flux_topup_000287.jpg,data_sources/ai_generated/FLUX_TopUp,ai_generated,1024,1024,1.0,JPEG,257789,8c3cc47b226318bb588786518deb06c4,4e300355465337c8f8677e072250e40c064fe9c798f779c01f8f5188df70113e,1.0,b043c70c5e3b293f,ok,459.85719913383844,True,True,cluster_01695,test,/home/dheirav/Code/Deepfake_Detection/deepfake-project/dataset_builder/test/ai_generated/flux_topup_000287.jpg
data_sources/ai_generated/FLUX_TopUp/flux_topup_000288.jpg,data_sources/ai_generated/FLUX_TopUp,ai_generated,1024,1024,1.0,JPEG,229024,ccbb3bffee29230f34decdbd01d55b5d,b286ccbfe4caf1f7d4a5874a4719f0657727e66c790e2cb79fcf0ffc084f259e,1.0,f684617be2f08f0a,ok,228.4428746432386,True,True,cluster_01943,test,/home/dheirav/Code/Deepfake_Detection/deepfake-project/dataset_builder/test/ai_generated/flux_topup_000288.jpg
data_sources/ai_generated/FLUX_TopUp/flux_topup_000293.jpg,data_sources/ai_generated/FLUX_TopUp,ai_generated,1024,1024,1.0,JPEG,291763,b6874d51735aa724a8de2793bd77a7e8,972dbc6c62f18608ba728006ef6f242c1cd20a0b7014df34a9fb6378d1ba9a0a,1.0,dbb03b107462af8b,ok,599.5699117903968,True,True,cluster_01406,test,/home/dheirav/Code/Deepfake_Detection/deepfake-project/dataset_builder/test/ai_generated/flux_topup_000293.jpg
data_sources/ai_generated/FLUX_TopUp/flux_topup_000299.jpg,data_sources/ai_generated/FLUX_TopUp,ai_generated,1024,1024,1.0,JPEG,250771,c3caad899960ab5d92395c942664c8ca,10a3b9ef10ab1580e4f20a4d193f3a6d72eff2c0904d09d9ae1c160fd790f195,1.0,e635033e3e5e6868,ok,545.4280412520602,True,True,cluster_01756,test,/home/dheirav/Code/Deepfake_Detection/deepfake-project/dataset_builder/test/ai_generated/flux_topup_000299.jpg
data_sources/ai_generated/FLUX_TopUp/flux_topup_000300.jpg,data_sources/ai_generated/FLUX_TopUp,ai_generated,1024,1024,1.0,JPEG,270997,018086d3ff5f22b2bf3b3efddaaf9c6a,f2d64ed34ae44b4c7361c8db5f9c9ee49a89ac3f7142b051993a4fba6e27d782,1.0,d681709c6f4f9c1a,ok,558.1432733349275,True,True,cluster_01581,test,/home/dheirav/Code/Deepfake_Detection/deepfake-project/dataset_builder/test/ai_generated/flux_topup_000300.jpg
data_sources/ai_generated/FLUX_TopUp/flux_topup_000309.jpg,data_sources/ai_generated/FLUX_TopUp,ai_generated,1024,1024,1.0,JPEG,321515,a09f4cd8c22f313cb1dd01bdd1b082c2,2dbe1dafaa1985b4356903990c2d6cecea22246c0115417a28afba163b67dc80,1.0,fc8d42942b352d5b,ok,1004.4620067223694,True,True,cluster_01165,test,/home/dheirav/Code/Deepfake_Detection/deepfake-project/dataset_builder/test/ai_generated/flux_topup_000309.jpg
data_sources/ai_generated/FLUX_TopUp/flux_topup_000310.jpg,data_sources/ai_generated/FLUX_TopUp,ai_generated,1024,1024,1.0,JPEG,317426,3bc2a26d124d291cb8765bd6c6311a91,a881d644a6f714f23f6535e5ffcdb4e2c2253cafbc50017a7c9d29c9f82fcff6,1.0,bef2d1e186c28e86,ok,369.61432634571975,True,True,cluster_01194,test,/home/dheirav/Code/Deepfake_Detection/deepfake-project/dataset_builder/test/ai_generated/flux_topup_000310.jpg
data_sources/ai_generated/FLUX_TopUp/flux_topup_000315.jpg,data_sources/ai_generated/FLUX_TopUp,ai_generated,1024,1024,1.0,JPEG,289682,ba6e0c85892d6f56f9e689605701d015,1576a83c1ddd8d3873437ca31742b8198c35c9e0a3f6a58a9835d467fc6af1c8,1.0,e8c8573732664eca,ok,839.7947395765359,True,True,cluster_01424,test,/home/dheirav/Code/Deepfake_Detection/deepfake-project/dataset_builder/test/ai_generated/flux_topup_000315.jpg
data_sources/ai_generated/FLUX_TopUp/flux_topup_000321.jpg,data_sources/ai_generated/FLUX_TopUp,ai_generated,1024,1024,1.0,JPEG,294172,c4452f4ced39fb65e4708162b7cdb6d8,5f2115098cc56c45a9bada0de6cabb4a363738bddb90fe2ce9ac39257c1f3e08,1.0,d8c0772b3e2c950f,ok,447.1527315356134,True,True,cluster_01385,test,/home/dheirav/Code/Deepfake_Detection/deepfake-project/dataset_builder/test/ai_generated/flux_topup_000321.jpg
data_sources/ai_generated/FLUX_TopUp/flux_topup_000326.jpg,data_sources/ai_generated/FLUX_TopUp,ai_generated,1024,1024,1.0,JPEG,249781,621cc35d459bb35a5eabc6f2309adee0,cc1100547c02e1061b6fb854b6e3f71136d1695ed4b99c7062af79a792d28af4,1.0,ed367c69e4e00aa5,ok,242.85632543457535,True,True,cluster_01760,test,/home/dheirav/Code/Deepfake_Detection/deepfake-project/dataset_builder/test/ai_generated/flux_topup_000326.jpg
data_sources/ai_generated/FLUX_TopUp/flux_topup_000327.jpg,data_sources/ai_generated/FLUX_TopUp,ai_generated,1024,1024,1.0,JPEG,278884,2090abb03ade150b69ca342ba37bb9dc,bc9577b051c8568da48ebaff6555170ca8fc61ecfebd1943ad43bd7f96eb24dd,1.0,de8f6d32c04944b7,ok,733.3438796777472,True,True,cluster_01512,test,/home/dheirav/Code/Deepfake_Detection/deepfake-project/dataset_builder/test/ai_generated/flux_topup_000327.jpg
data_sources/ai_generated/FLUX_TopUp/flux_topup_000331.jpg,data_sources/ai_generated/FLUX_TopUp,ai_generated,1024,1024,1.0,JPEG,361353,b3645e24dd723219966140c94741dd4c,2728f338f43f0664f8f3970cd4c151f7bd8134c7ef970a2ebdab41c68f6f9a5c,1.0,b5f102345f917cca,ok,972.6669951631327,True,True,cluster_00889,test,/home/dheirav/Code/Deepfake_Detection/deepfake-project/dataset_builder/test/ai_generated/flux_topup_000331.jpg
data_sources/ai_generated/FLUX_TopUp/flux_topup_000332.jpg,data_sources/ai_generated/FLUX_TopUp,ai_generated,1024,1024,1.0,JPEG,226530,ad70813a35770e513ba13fe5f2f5b753,ef4c60b8d5b14436254df4d9338369d8742e15f38c2920269c094db2012c6ed3,1.0,ed7942c6462b11be,ok,107.21184982772684,True,True,cluster_01961,test,/home/dheirav/Code/Deepfake_Detection/deepfake-project/dataset_builder/test/ai_generated/flux_topup_000332.jpg
data_sources/ai_generated/FLUX_TopUp/flux_topup_000352.jpg,data_sources/ai_generated/FLUX_TopUp,ai_generated,1024,1024,1.0,JPEG,251534,2e82a4b1a9ae6e5ec4bcaf609917cb45,58443d612520d870753605988e266580bcc2e3a01cedc014d9ec7c55d1aa50b9,1.0,d59430f90fa71d94,ok,420.8661043576203,True,True,cluster_01749,test,/home/dheirav/Code/Deepfake_Detection/deepfake-project/dataset_builder/test/ai_generated/flux_topup_000352.jpg
data_sources/ai_generated/FLUX_TopUp/flux_topup_000357.jpg,data_sources/ai_generated/FLUX_TopUp,ai_generated,1024,1024,1.0,JPEG,262179,efd3c9aef993d47182307795feddb9aa,c7e043f64a40026cca35e94bc8c0effb601c8c1e46c58d3aa0d3321dfd7e4abc,1.0,c1ce3e34787065da,ok,200.37476853859602,True,True,cluster_01657,test,/home/dheirav/Code/Deepfake_Detection/deepfake-project/dataset_builder/test/ai_generated/flux_topup_000357.jpg
data_sources/ai_generated/FLUX_TopUp/flux_topup_000362.jpg,data_sources/ai_generated/FLUX_TopUp,ai_generated,1024,1024,1.0,JPEG,244372,845d703c35b9494aa9141190306b1eb3,a0b6d29c17cf7d4844774917b51212cc25085994edd7f57bcfa7d812a1808b77,1.0,c57e58e16a843d96,ok,154.9576367887703,True,True,cluster_01813,test,/home/dheirav/Code/Deepfake_Detection/deepfake-project/dataset_builder/test/ai_generated/flux_topup_000362.jpg
data_sources/ai_generated/FLUX_TopUp/flux_topup_000363.jpg,data_sources/ai_generated/FLUX_TopUp,ai_generated,1024,1024,1.0,JPEG,278575,f8cd64eac8518be09e9b75479ba38278,00b939327856eee95971dec3fc9bedf90818249975557e00a3787a61fd8c04c5,1.0,c59478d3a7ce425a,ok,1221.1262891164504,True,True,cluster_01516,test,/home/dheirav/Code/Deepfake_Detection/deepfake-project/dataset_builder/test/ai_generated/flux_topup_000363.jpg
data_sources/ai_generated/FLUX_TopUp/flux_topup_000392.jpg,data_sources/ai_generated/FLUX_TopUp,ai_generated,1024,1024,1.0,JPEG,252645,5718c8e0f076148e68cbe58b4f5ca65d,263823d79197a3dc64e02651cd36e53437d2dd8ae45348298cb3c2894e2e8e1d,1.0,c596916a4f8934d7,ok,611.1599518556284,True,True,cluster_01738,test,/home/dheirav/Code/Deepfake_Detection/deepfake-project/dataset_builder/test/ai_generated/flux_topup_000392.jpg
data_sources/ai_generated/FLUX_TopUp/flux_topup_000398.jpg,data_sources/ai_generated/FLUX_TopUp,ai_generated,1024,1024,1.0,JPEG,283982,cd1f968ecd0bc4bd61abb6f5e2b2e4b3,36775d1af950adc919f4f9ede070292a7e7140528f5accd8eedcdde5fdb22916,1.0,97a5c4aebbc30e42,ok,976.3957328298047,True,True,cluster_01476,test,/home/dheirav/Code/Deepfake_Detection/deepfake-project/dataset_builder/test/ai_generated/flux_topup_000398.jpg
data_sources/ai_generated/FLUX_TopUp/flux_topup_000402.jpg,data_sources/ai_generated/FLUX_TopUp,ai_generated,1024,1024,1.0,JPEG,266267,64550f7655e860bc1c7517f7d841c285,10f8889d0104b22bbb263eef03c62b33ceeedda58654cde632cff0ed9c4198fd,1.0,926a3d54ea472a3d,ok,334.76288405761795,True,True,cluster_01619,test,/home/dheirav/Code/Deepfake_Detection/deepfake-project/dataset_builder/test/ai_generated/flux_topup_000402.jpg
data_sources/ai_generated/FLUX_TopUp/flux_topup_000408.jpg,data_sources/ai_generated/FLUX_TopUp,ai_generated,1024,1024,1.0,JPEG,247837,7c09d91f73c63ea5f1fe31aca153598f,070e8c434e6d4bed12964e571bc28363882f41ec1227b4dbab9a0ab4efda0bb1,1.0,c0e07e9f3e703362,ok,659.8570281715619,True,True,cluster_01779,test,/home/dheirav/Code/Deepfake_Detection/deepfake-project/dataset_builder/test/ai_generated/flux_topup_000408.jpg
data_sources/ai_generated/FLUX_TopUp/flux_topup_000409.jpg,data_sources/ai_generated/FLUX_TopUp,ai_generated,1024,1024,1.0,JPEG,266387,e3bcf4e2d94f21fa8048daab3a828f9f,6f8482cdb6c6169847044e9ec927f8dc15ee0ff7390a7bb6389f6255951779ed,1.0,d352b6d87c343661,ok,1048.2926609225824,True,True,cluster_01617,test,/home/dheirav/Code/Deepfake_Detection/deepfake-project/dataset_builder/test/ai_generated/flux_topup_000409.jpg
data_sources/ai_generated/FLUX_TopUp/flux_topup_000413.jpg,data_sources/ai_generated/FLUX_TopUp,ai_generated,1024,1024,1.0,JPEG,235623,ae3fd74fed0b5e483c8578c8983ce7d4,559b664f0eb35f70a6320e318969527309e267af0505dcbece0c3c79a3a5a7bd,1.0,a64799f1079ce10f,ok,433.523538156467,True,True,cluster_01893,test,/home/dheirav/Code/Deepfake_Detection/deepfake-project/dataset_builder/test/ai_generated/flux_topup_000413.jpg
data_sources/ai_generated/FLUX_TopUp/flux_topup_000428.jpg,data_sources/ai_generated/FLUX_TopUp,ai_generated,1024,1024,1.0,JPEG,321786,f4c3ed03a05c16d00eadf127f98b0bbc,39b43283e78377c3827a5d03f0caa01bebfe650bc390f9b3417202e34faa9b51,1.0,db598c389966b166,ok,1008.4188742250806,True,True,cluster_01163,test,/home/dheirav/Code/Deepfake_Detection/deepfake-project/dataset_builder/test/ai_generated/flux_topup_000428.jpg
data_sources/ai_generated/FLUX_TopUp/flux_topup_000429.jpg,data_sources/ai_generated/FLUX_TopUp,ai_generated,1024,1024,1.0,JPEG,364220,9340eb295de5347aba203e723ea74e8c,995acf33d1c12dfd93a6347c5e23d0c68cceccf2ac2b0a27ffa3f4998f79ac03,1.0,c34738986cc6d771,ok,944.69115978643,True,True,cluster_00875,test,/home/dheirav/Code/Deepfake_Detection/deepfake-project/dataset_builder/test/ai_generated/flux_topup_000429.jpg
data_sources/ai_generated/FLUX_TopUp/flux_topup_000433.jpg,data_sources/ai_generated/FLUX_TopUp,ai_generated,1024,1024,1.0,JPEG,261654,724e36781f3ee5b980526f6f6355904e,e78b3e9272305b43899cd20a588726e6637f58f947d65744f16bb40f31b07500,1.0,8e5ca57359929e64,ok,648.8531606931027,True,True,cluster_01660,test,/home/dheirav/Code/Deepfake_Detection/deepfake-project/dataset_builder/test/ai_generated/flux_topup_000433.jpg
data_sources/ai_generated/FLUX_TopUp/flux_topup_000435.jpg,data_sources/ai_generated/FLUX_TopUp,ai_generated,1024,1024,1.0,JPEG,265656,c7217a532995a84b146d6f1596380408,410e14aa7bb744248a1b66cd1dc1d3f2d96c14f6ac556d2127711bd12e4a2657,1.0,d6c699d9b1672468,ok,454.8153631554441,True,True,cluster_01626,test,/home/dheirav/Code/Deepfake_Detection/deepfake-project/dataset_builder/test/ai_generated/flux_topup_000435.jpg
data_sources/ai_generated/FLUX_TopUp/flux_topup_000436.jpg,data_sources/ai_generated/FLUX_TopUp,ai_generated,1024,1024,1.0,JPEG,289492,52939a4ea9b6f2d20080ffc56f686feb,19f003f52d74a6f69537077af7e41256edf31da05c7d7b88765f7544f29c67a8,1.0,c66e09e353d0b52d,ok,427.27042288178103,True,True,cluster_01426,test,/home/dheirav/Code/Deepfake_Detection/deepfake-project/dataset_builder/test/ai_generated/flux_topup_000436.jpg
data_sources/ai_generated/FLUX_TopUp/flux_topup_000449.jpg,data_sources/ai_generated/FLUX_TopUp,ai_generated,1024,1024,1.0,JPEG,228280,455c1c3ea133f7b151d6cafe5499b870,0ba38ca7b9fa4937c2bb2d1fb82a6b7a1a6caa52a2e6961aefe31c8d1322c09f,1.0,c9093be78cd6170e,ok,226.5702531837705,True,True,cluster_01945,test,/home/dheirav/Code/Deepfake_Detection/deepfake-project/dataset_builder/test/ai_generated/flux_topup_000449.jpg
data_sources/ai_generated/FLUX_TopUp/flux_topup_000453.jpg,data_sources/ai_generated/FLUX_TopUp,ai_generated,1024,1024,1.0,JPEG,272421,628de29c174c3b25e29f63d7bc5acada,baa3818981efe008f004707b20cd6a89140cc8e3f155b37cd645ec4bf3f165e7,1.0,d7f0480a0bbdb4bc,ok,283.0076580242603,True,True,cluster_01567,test,/home/dheirav/Code/Deepfake_Detection/deepfake-project/dataset_builder/test/ai_generated/flux_topup_000453.jpg
data_sources/ai_generated/FLUX_TopUp/flux_topup_000456.jpg,data_sources/ai_generated/FLUX_TopUp,ai_generated,1024,1024,1.0,JPEG,246921,356b87e8670df7bb64b2f3289e396ecb,035608ee820df854d162f0508c4e6394144a82ec1ac78ef8b8c5d62658fc18ae,1.0,e4dab1cb18b909d6,ok,336.75898739181866,True,True,cluster_01789,test,/home/dheirav/Code/Deepfake_Detection/deepfake-project/dataset_builder/test/ai_generated/flux_topup_000456.jpg
data_sources/ai_generated/FLUX_TopUp/flux_topup_000459.jpg,data_sources/ai_generated/FLUX_TopUp,ai_generated,1024,1024,1.0,JPEG,244870,70265db36b74d63952653f7ef4f06bd8,b5d8811313fc59c074b5da02112628ca90b663e5815541d73db84cfc5d6d053f,1.0,ebef141273de1811,ok,159.85687932871224,True,True,cluster_01808,test,/home/dheirav/Code/Deepfake_Detection/deepfake-project/dataset_builder/test/ai_generated/flux_topup_000459.jpg
data_sources/ai_generated/FLUX_TopUp/flux_topup_000462.jpg,data_sources/ai_generated/FLUX_TopUp,ai_generated,1024,1024,1.0,JPEG,304680,d4fc2237767c41c7e56af7cd2ceca1c4,7988e3b1c17213e348766f5635d89cbece35813b019445074e0c4355501bcb7a,1.0,c45211ca6e759db6,ok,806.3768694219034,True,True,cluster_01308,test,/home/dheirav/Code/Deepfake_Detection/deepfake-project/dataset_builder/test/ai_generated/flux_topup_000462.jpg
data_sources/ai_generated/FLUX_TopUp/flux_topup_000473.jpg,data_sources/ai_generated/FLUX_TopUp,ai_generated,1024,1024,1.0,JPEG,242074,632587f9ddfd99268a80e96ae805d751,0d5b85f75b23c50f50d52fa4e2759d84dcb66bf4ad651e4b986c76d3ecd13175,1.0,94b52f606aced8b2,ok,256.3829247401072,True,True,cluster_01835,test,/home/dheirav/Code/Deepfake_Detection/deepfake-project/dataset_builder/test/ai_generated/flux_topup_000473.jpg
data_sources/ai_generated/FLUX_TopUp/flux_topup_000478.jpg,data_sources/ai_generated/FLUX_TopUp,ai_generated,1024,1024,1.0,JPEG,240199,abcf6ce1f2d59985752e069e553565af,197f21f7e90cf568a1fbc098eab7198e6b2af0d59a0963de9eb76740fcbb31b3,1.0,e3c104972fcad335,ok,1048.423314251413,True,True,cluster_01852,test,/home/dheirav/Code/Deepfake_Detection/deepfake-project/dataset_builder/test/ai_generated/flux_topup_000478.jpg
data_sources/ai_generated/FLUX_TopUp/flux_topup_000482.jpg,data_sources/ai_generated/FLUX_TopUp,ai_generated,1024,1024,1.0,JPEG,242091,5167e767e8c4bae087b50104a5e7f7f8,1a730b5f24ea872ae30c7576d62d35dc4f5c6392a0317b5239f2d7b59d06d7b4,1.0,95db4e6525365233,ok,1155.9683557633798,True,True,cluster_01832,test,/home/dheirav/Code/Deepfake_Detection/deepfake-project/dataset_builder/test/ai_generated/flux_topup_000482.jpg
data_sources/ai_generated/FLUX_TopUp/flux_topup_000484.jpg,data_sources/ai_generated/FLUX_TopUp,ai_generated,1024,1024,1.0,JPEG,453326,cdc032527753b5274b18680481979259,48d7c27635edf854309d6042f196253d2ecada94fa1f1e460361827427cfe9b0,1.0,97666c98616926e7,ok,1248.4635318668986,True,True,cluster_00353,test,/home/dheirav/Code/Deepfake_Detection/deepfake-project/dataset_builder/test/ai_generated/flux_topup_000484.jpg
data_sources/ai_generated/FLUX_TopUp/flux_topup_000486.jpg,data_sources/ai_generated/FLUX_TopUp,ai_generated,1024,1024,1.0,JPEG,290808,9e66acd8187fb9e852c1870908825f56,31ebefdd2e63b031c7212a37da458f2d924bb73cae33b4d194e37c9955fc9893,1.0,9194d4b5cb4b9596,ok,406.37017144729083,True,True,cluster_01414,test,/home/dheirav/Code/Deepfake_Detection/deepfake-project/dataset_builder/test/ai_generated/flux_topup_000486.jpg
data_sources/ai_generated/FLUX_TopUp/flux_topup_000488.jpg,data_sources/ai_generated/FLUX_TopUp,ai_generated,1024,1024,1.0,JPEG,336053,006857aa14ec1ca57a9644154badec0d,fa81af0b864e6091294536afca12972c8099e341523eb315441a0e77d79ec8b2,1.0,98f4cdeb3768c411,ok,1161.431467839428,True,True,cluster_01051,test,/home/dheirav/Code/Deepfake_Detection/deepfake-project/dataset_builder/test/ai_generated/flux_topup_000488.jpg
data_sources/ai_generated/FLUX_TopUp/flux_topup_000489.jpg,data_sources/ai_generated/FLUX_TopUp,ai_generated,1024,1024,1.0,JPEG,237714,e418daa2d625054e6b2b0597e1c030c7,733e496734c6455b275c76088cb337d8ac254eb5f07b9fc6da6287f2a3ab6334,1.0,95c91d6ce6633266,ok,860.8120997017504,True,True,cluster_01876,test,/home/dheirav/Code/Deepfake_Detection/deepfake-project/dataset_builder/test/ai_generated/flux_topup_000489.jpg
data_sources/ai_generated/FLUX_TopUp/flux_topup_000495.jpg,data_sources/ai_generated/FLUX_TopUp,ai_generated,1024,1024,1.0,JPEG,360542,2643c51e13724e01b1395e086240193c,ecb4563a4549c32aaffb065952dcd0c6735a35f5e3776edc6f07617b0fd7e63a,1.0,fecf11b80e64b826,ok,1708.8831872304133,True,True,cluster_00897,test,/home/dheirav/Code/Deepfake_Detection/deepfake-project/dataset_builder/test/ai_generated/flux_topup_000495.jpg
data_sources/ai_generated/FLUX_TopUp/flux_topup_000496.jpg,data_sources/ai_generated/FLUX_TopUp,ai_generated,1024,1024,1.0,JPEG,283998,d245f9135dec7f00bb50503eb1cbf1d3,6e9289bf40661184d98055d0356400b58952cb918366c781d5317671a226ae9d,1.0,c0c73c70e3c79e38,ok,1472.9298877417896,True,True,cluster_01475,test,/home/dheirav/Code/Deepfake_Detection/deepfake-project/dataset_builder/test/ai_generated/flux_topup_000496.jpg
data_sources/ai_generated/FLUX_TopUp/flux_topup_000497.jpg,data_sources/ai_generated/FLUX_TopUp,ai_generated,1024,1024,1.0,JPEG,489448,38f83cd1e2a380b83a498ba871f3835f,e471ec0d2274ccffef1388eb61740097a0f83dcc10e1da3bf4ef049c0d75feb5,1.0,b4ab4b14b1b52e9a,ok,2221.4734065830107,True,True,cluster_00212,test,/home/dheirav/Code/Deepfake_Detection/deepfake-project/dataset_builder/test/ai_generated/flux_topup_000497.jpg
data_sources/ai_generated/FLUX_TopUp/flux_topup_000503.jpg,data_sources/ai_generated/FLUX_TopUp,ai_generated,1024,1024,1.0,JPEG,262795,4690814adb44738eeaf9eba6fd4f4790,381b0e3b7b94e7c3f478092ccc316eff1bd0c9dabbd58695bb384b5f42b46023,1.0,9584969a593972b7,ok,1495.516823250181,True,True,cluster_01650,test,/home/dheirav/Code/Deepfake_Detection/deepfake-project/dataset_builder/test/ai_generated/flux_topup_000503.jpg
data_sources/ai_generated/FLUX_TopUp/flux_topup_000506.jpg,data_sources/ai_generated/FLUX_TopUp,ai_generated,1024,1024,1.0,JPEG,275677,f62bb6315920dac7f7d4a612c09794dc,0cfcac6234c2018f0eb745686b4481b4b20cab350bea8987f08005283879ac5e,1.0,d8c93576c18b9669,ok,933.8176160759717,True,True,cluster_01539,test,/home/dheirav/Code/Deepfake_Detection/deepfake-project/dataset_builder/test/ai_generated/flux_topup_000506.jpg
data_sources/ai_generated/FLUX_TopUp/flux_topup_000516.jpg,data_sources/ai_generated/FLUX_TopUp,ai_generated,1024,1024,1.0,JPEG,293181,158fd4e91efdb0bad145451b0f60247e,b36f7514bf6f2fe76f2b8b1825f8c69c6c5c2706ecfd90c346e0404fa582f786,1.0,c3c73c3b246c7932,ok,627.4289840962592,True,True,cluster_01393,test,/home/dheirav/Code/Deepfake_Detection/deepfake-project/dataset_builder/test/ai_generated/flux_topup_000516.jpg
data_sources/ai_generated/FLUX_TopUp/flux_topup_000517.jpg,data_sources/ai_generated/FLUX_TopUp,ai_generated,1024,1024,1.0,JPEG,363431,5b8d8df46c4ef95556c79fcc4ccd3f05,caed17ae1c4892c08b0571dcf2ac4dd1a1ff578b6fcb9264224f259834cd9530,1.0,a4859eaecd296479,ok,1721.4105917361221,True,True,cluster_00880,test,/home/dheirav/Code/Deepfake_Detection/deepfake-project/dataset_builder/test/ai_generated/flux_topup_000517.jpg
data_sources/ai_generated/FLUX_TopUp/flux_topup_000518.jpg,data_sources/ai_generated/FLUX_TopUp,ai_generated,1024,1024,1.0,JPEG,236401,c11c38324b00fd37f91c50f0ea530553,6e171af3853e5564840a1067df3befd376adfa0673aac4d646ffb5b7bff13f7d,1.0,8892585b7617e5e5,ok,396.2943923958073,True,True,cluster_01886,test,/home/dheirav/Code/Deepfake_Detection/deepfake-project/dataset_builder/test/ai_generated/flux_topup_000518.jpg
data_sources/ai_generated/FLUX_TopUp/flux_topup_000521.jpg,data_sources/ai_generated/FLUX_TopUp,ai_generated,1024,1024,1.0,JPEG,446377,9b6176b1e8703f6c06d6a85b0ee4750c,7199d5e8310476dff8b184b23ae6aabf37b201d1a09880d931a51a6241377e21,1.0,92b3cde43686989b,ok,1905.9851008893456,True,True,cluster_00397,test,/home/dheirav/Code/Deepfake_Detection/deepfake-project/dataset_builder/test/ai_generated/flux_topup_000521.jpg
data_sources/ai_generated/FLUX_TopUp/flux_topup_000522.jpg,data_sources/ai_generated/FLUX_TopUp,ai_generated,1024,1024,1.0,JPEG,264417,9f1469bee1f2bd4b6ad24789c2dbe16e,e51400769fa17c5190cbe78df30bbbd01b2d41a5e3c0b17f2344ca777fcbe7d9,1.0,d38e6c6931366663,ok,2284.683316886723,True,True,cluster_01635,test,/home/dheirav/Code/Deepfake_Detection/deepfake-project/dataset_builder/test/ai_generated/flux_topup_000522.jpg
data_sources/ai_generated/FLUX_TopUp/flux_topup_000523.jpg,data_sources/ai_generated/FLUX_TopUp,ai_generated,1024,1024,1.0,JPEG,288895,1a69ec01b89994c23bdc7e9ce088ec95,ce3a5fd65c3e1f0d94e84bff691ef032f5c787984ea5e0d109ba6b71c76682cd,1.0,9439876732cd3acc,ok,910.6118239454479,True,True,cluster_01435,test,/home/dheirav/Code/Deepfake_Detection/deepfake-project/dataset_builder/test/ai_generated/flux_topup_000523.jpg
data_sources/ai_generated/FLUX_TopUp/flux_topup_000529.jpg,data_sources/ai_generated/FLUX_TopUp,ai_generated,1024,1024,1.0,JPEG,338300,73789c9adf639347a960bc569edaf036,b90b84f53dfc3e0503ccad0b3918f2e342536b0cad22a53193fb7b76306ad949,1.0,85a730794b796ab2,ok,865.7521943162274,True,True,cluster_01028,test,/home/dheirav/Code/Deepfake_Detection/deepfake-project/dataset_builder/test/ai_generated/flux_topup_000529.jpg
data_sources/ai_generated/FLUX_TopUp/flux_topup_000535.jpg,data_sources/ai_generated/FLUX_TopUp,ai_generated,1024,1024,1.0,JPEG,229262,a2f883e483af9f78a9974e8169c1d830,df8e998dbe5b397211e08bd406b31747deb7abdf84d7db8c0d0479c04874606b,1.0,96d2193d49e9f033,ok,198.48019027811455,True,True,cluster_01940,test,/home/dheirav/Code/Deepfake_Detection/deepfake-project/dataset_builder/test/ai_generated/flux_topup_000535.jpg
data_sources/ai_generated/FLUX_TopUp/flux_topup_000541.jpg,data_sources/ai_generated/FLUX_TopUp,ai_generated,1024,1024,1.0,JPEG,327126,f26ffba77800ba46754b561b86606911,73051da70cea957c849071e8ff4898f4e816edbcdc05fdb5ece2aa3cc66f24fc,1.0,ac85926a653d5ea6,ok,1777.3768612020608,True,True,cluster_01116,test,/home/dheirav/Code/Deepfake_Detection/deepfake-project/dataset_builder/test/ai_generated/flux_topup_000541.jpg
data_sources/ai_generated/FLUX_TopUp/flux_topup_000543.jpg,data_sources/ai_generated/FLUX_TopUp,ai_generated,1024,1024,1.0,JPEG,278720,ffd945f01067bff3b16ea487a46f8fe5,ff684c4599e9b018b986ebfb3c4117bdfa0fbf1ccdeb2797e4efe95fa5693599,1.0,c5cecc2c38ec33d8,ok,396.79989890589786,True,True,cluster_01515,test,/home/dheirav/Code/Deepfake_Detection/deepfake-project/dataset_builder/test/ai_generated/flux_topup_000543.jpg
data_sources/ai_generated/FLUX_TopUp/flux_topup_000544.jpg,data_sources/ai_generated/FLUX_TopUp,ai_generated,1024,1024,1.0,JPEG,301474,f414b7bc892e7bcede55a46ecc37f6bf,b3cfeb35d2bd6aa92db9d0afa785ed76ad63026f35c8f6f671276ba2f3d9e088,1.0,c3c4783b3364cac7,ok,330.4873374074441,True,True,cluster_01334,test,/home/dheirav/Code/Deepfake_Detection/deepfake-project/dataset_builder/test/ai_generated/flux_topup_000544.jpg
data_sources/ai_generated/FLUX_TopUp/flux_topup_000545.jpg,data_sources/ai_generated/FLUX_TopUp,ai_generated,1024,1024,1.0,JPEG,227059,faf5588b9ee76301d31dd67dbd8f874d,8c8546addfecd7dd805708bd89978e59031f25ac3cc27e5c0912fe7cb6a123b9,1.0,c2c6849c9a9b7367,ok,796.1621995572123,True,True,cluster_01953,test,/home/dheirav/Code/Deepfake_Detection/deepfake-project/dataset_builder/test/ai_generated/flux_topup_000545.jpg
data_sources/ai_generated/FLUX_TopUp/flux_topup_000552.jpg,data_sources/ai_generated/FLUX_TopUp,ai_generated,1024,1024,1.0,JPEG,418830,9ac7b2099c683aefd2ac1c2e00af805b,aef184d85429f1bcdc1699f394a8c3e05f675309d0640df447a1fd08a714cf86,1.0,cdcc660765333399,ok,913.3051287966942,True,True,cluster_00551,test,/home/dheirav/Code/Deepfake_Detection/deepfake-project/dataset_builder/test/ai_generated/flux_topup_000552.jpg
data_sources/ai_generated/FLUX_TopUp/flux_topup_000557.jpg,data_sources/ai_generated/FLUX_TopUp,ai_generated,1024,1024,1.0,JPEG,415358,37bf31e29e740a44b483e193bf110026,04d36d2fda21589638c27d3170c752ff76c67d6bf0efb8681483e15edc68608c,1.0,c7cfa19060e63c79,ok,606.9223688968923,True,True,cluster_00569,test,/home/dheirav/Code/Deepfake_Detection/deepfake-project/dataset_builder/test/ai_generated/flux_topup_000557.jpg
data_sources/ai_generated/FLUX_TopUp/flux_topup_000558.jpg,data_sources/ai_generated/FLUX_TopUp,ai_generated,1024,1024,1.0,JPEG,475384,007737061e1d00fc28856b4b85372903,2b51372fada22a4926c4f53dee4b576bcb988384f6ef4ef28ea5b932925f69e4,1.0,c0c2e7a70fead8c8,ok,1564.783405202495,True,True,cluster_00265,test,/home/dheirav/Code/Deepfake_Detection/deepfake-project/dataset_builder/test/ai_generated/flux_topup_000558.jpg
data_sources/ai_generated/FLUX_TopUp/flux_topup_000563.jpg,data_sources/ai_generated/FLUX_TopUp,ai_generated,1024,1024,1.0,JPEG,448719,4e50f129d5e9e37ddca330ee18bad34a,e2b9e3cc4a94ea89b38cd2e0b995ce705aba4dcc1e0735f061b06f2c5620bd68,1.0,80d96f6e7d03131d,ok,725.1629340273794,True,True,cluster_00383,test,/home/dheirav/Code/Deepfake_Detection/deepfake-project/dataset_builder/test/ai_generated/flux_topup_000563.jpg
data_sources/ai_generated/FLUX_TopUp/flux_topup_000566.jpg,data_sources/ai_generated/FLUX_TopUp,ai_generated,1024,1024,1.0,JPEG,576997,a1ea36371c118f75d770f8d3fc5437ba,5431b0c1a0248cfcf7bcca6a80013358033264237fd06c2d887a60e662909947,1.0,d5306467d1776929,ok,1412.7588938666654,True,True,cluster_00039,test,/home/dheirav/Code/Deepfake_Detection/deepfake-project/dataset_builder/test/ai_generated/flux_topup_000566.jpg
data_sources/ai_generated/FLUX_TopUp/flux_topup_000579.jpg,data_sources/ai_generated/FLUX_TopUp,ai_generated,1024,1024,1.0,JPEG,467033,99a6d5e855bc8099c64235372826f1f5,aabd79bc4612876c091f214639cf46466b7202311f5c57f3f0b2e6c0a29f0e16,1.0,aef6c406f8113ba3,ok,946.0415215855464,True,True,cluster_00305,test,/home/dheirav/Code/Deepfake_Detection/deepfake-project/dataset_builder/test/ai_generated/flux_topup_000579.jpg
data_sources/ai_generated/FLUX_TopUp/flux_topup_000588.jpg,data_sources/ai_generated/FLUX_TopUp,ai_generated,1024,1024,1.0,JPEG,498269,d54f2f98ada20f1510c79cce22bbcd3b,8567cd1e620852b56ffb9f69848b185822d3e7e6192b2068dcb89034b61cef3a,1.0,c9d386b5794e84b1,ok,833.2940650642621,True,True,cluster_00177,test,/home/dheirav/Code/Deepfake_Detection/deepfake-project/dataset_builder/test/ai_generated/flux_topup_000588.jpg
data_sources/ai_generated/FLUX_TopUp/flux_topup_000600.jpg,data_sources/ai_generated/FLUX_TopUp,ai_generated,1024,1024,1.0,JPEG,502588,d5ddd9304f4782b42960822a3fc15112,c39de9322700971367c4134aa8111eb1335960c0ac3489a641ef080c14fe40ef,1.0,c1f0ccf8f609d1a3,ok,1366.2829161921359,True,True,cluster_00161,test,/home/dheirav/Code/Deepfake_Detection/deepfake-project/dataset_builder/test/ai_generated/flux_topup_000600.jpg
data_sources/ai_generated/FLUX_TopUp/flux_topup_000604.jpg,data_sources/ai_generated/FLUX_TopUp,ai_generated,1024,1024,1.0,JPEG,391092,832d5f644a5ec8a54180a12952461396,660e85207548f4f84c7e1cbd673a12b3ed6fc8ec0682e6f73514e22e8e214bce,1.0,d54a2b352476e35a,ok,1329.6662790375694,True,True,cluster_00709,test,/home/dheirav/Code/Deepfake_Detection/deepfake-project/dataset_builder/test/ai_generated/flux_topup_000604.jpg
data_sources/ai_generated/FLUX_TopUp/flux_topup_000608.jpg,data_sources/ai_generated/FLUX_TopUp,ai_generated,1024,1024,1.0,JPEG,348232,e7d3994a6e982a9f39908f341a770e9e,6e4e95b4ef43d1565974ffe58fea80d21a9790b0e1e326566609a311f3a6c788,1.0,861f61473e94d963,ok,1642.4914320235512,True,True,cluster_00971,test,/home/dheirav/Code/Deepfake_Detection/deepfake-project/dataset_builder/test/ai_generated/flux_topup_000608.jpg
data_sources/ai_generated/FLUX_TopUp/flux_topup_000617.jpg,data_sources/ai_generated/FLUX_TopUp,ai_generated,1024,1024,1.0,JPEG,551444,150023490c6a26bc8f3d37e0d15d6352,c6bb8b1ac14a103fe9dce285c42b010a9a555a61463c6ccbdeaa20212c3a2b2c,1.0,acfc95624f912953,ok,1892.7531226444407,True,True,cluster_00063,test,/home/dheirav/Code/Deepfake_Detection/deepfake-project/dataset_builder/test/ai_generated/flux_topup_000617.jpg
data_sources/ai_generated/FLUX_TopUp/flux_topup_000621.jpg,data_sources/ai_generated/FLUX_TopUp,ai_generated,1024,1024,1.0,JPEG,489149,66033516ed19b69b9dcfd12fb0e9304d,29012dd4309df75b5a0dd03308778d7dc401e838c36efbd8b98c5ed9b865de9d,1.0,c8c833a7a7874cb9,ok,1198.8099215014724,True,True,cluster_00214,test,/home/dheirav/Code/Deepfake_Detection/deepfake-project/dataset_builder/test/ai_generated/flux_topup_000621.jpg
data_sources/ai_generated/FLUX_TopUp/flux_topup_000623.jpg,data_sources/ai_generated/FLUX_TopUp,ai_generated,1024,1024,1.0,JPEG,565952,67937f7c8a7e4c7588977901dbfc103c,44ef36c1859f10b7b8943897b8e4f8e44b11b465ea1d1c4bf8d84f7f07bef65f,1.0,f9c6c26d953170ca,ok,2849.3528129409888,True,True,cluster_00046,test,/home/dheirav/Code/Deepfake_Detection/deepfake-project/dataset_builder/test/ai_generated/flux_topup_000623.jpg
data_sources/ai_generated/FLUX_TopUp/flux_topup_000624.jpg,data_sources/ai_generated/FLUX_TopUp,ai_generated,1024,1024,1.0,JPEG,367962,070e4bea14dacd6fc1b3c8e56359077a,810f5bbb088bd98591dfb3eb01f26151987b89d7e17621c489321eeb218add01,1.0,faa5b3439612c0de,ok,1576.6224540817334,True,True,cluster_00846,test,/home/dheirav/Code/Deepfake_Detection/deepfake-project/dataset_builder/test/ai_generated/flux_topup_000624.jpg
data_sources/ai_generated/FLUX_TopUp/flux_topup_000631.jpg,data_sources/ai_generated/FLUX_TopUp,ai_generated,1024,1024,1.0,JPEG,285626,340e76d73548a4cb1d93fd705f1f4688,40bd3d51dcba5e5c9563d5a3ac95faf2c3b0a764444bfaa9764df0fcfb14e7d0,1.0,bfc0c03fc59ad033,ok,267.32953451381763,True,True,cluster_01465,test,/home/dheirav/Code/Deepfake_Detection/deepfake-project/dataset_builder/test/ai_generated/flux_topup_000631.jpg
data_sources/ai_generated/FLUX_TopUp/flux_topup_000639.jpg,data_sources/ai_generated/FLUX_TopUp,ai_generated,1024,1024,1.0,JPEG,430017,74ddf91bbd159007537305128888f679,ed006642c339d759b92859eddf02155919f86d0553f8364ec377bac23ebcce4b,1.0,c79ca07387a629cd,ok,1762.4668142008013,True,True,cluster_00487,test,/home/dheirav/Code/Deepfake_Detection/deepfake-project/dataset_builder/test/ai_generated/flux_topup_000639.jpg
data_sources/ai_generated/FLUX_TopUp/flux_topup_000648.jpg,data_sources/ai_generated/FLUX_TopUp,ai_generated,1024,1024,1.0,JPEG,386643,bcad63e13576f7b9bf76438a756706f6,45af920c573f10d2af46286460dff23483f4063fbc19bff716841822742b4c41,1.0,8003a3e735a15dbf,ok,1706.6740418931004,True,True,cluster_00739,test,/home/dheirav/Code/Deepfake_Detection/deepfake-project/dataset_builder/test/ai_generated/flux_topup_000648.jpg
data_sources/ai_generated/FLUX_TopUp/flux_topup_000650.jpg,data_sources/ai_generated/FLUX_TopUp,ai_generated,1024,1024,1.0,JPEG,265126,72b0aec598f1e6222f6c74467dbfbd1a,684538b5cae315e8449e6185e23019a4dd03de9f01211dd1441644e0e1670bf6,1.0,92a92d46d2ec695b,ok,468.4117665915319,True,True,cluster_01629,test,/home/dheirav/Code/Deepfake_Detection/deepfake-project/dataset_builder/test/ai_generated/flux_topup_000650.jpg
data_sources/ai_generated/FLUX_TopUp/flux_topup_000660.jpg,data_sources/ai_generated/FLUX_TopUp,ai_generated,1024,1024,1.0,JPEG,263699,e0d56366c06dde9664f67df8553b07f5,b6044e8d33fecbd95f0876f84ec6c209fdfcb1960f9607465f4dde18e955c750,1.0,81917ce9d43b2b95,ok,1360.8622674505816,True,True,cluster_01646,test,/home/dheirav/Code/Deepfake_Detection/deepfake-project/dataset_builder/test/ai_generated/flux_topup_000660.jpg
data_sources/ai_generated/FLUX_TopUp/flux_topup_000666.jpg,data_sources/ai_generated/FLUX_TopUp,ai_generated,1024,1024,1.0,JPEG,289212,a4a3b1fc9c8f64b90ce259776d2de3e9,52aadc8427db94d2b34e4928a0e1bc268bc0e8fcc02cd6e6105a885ea7ee0016,1.0,989043cdfcd2e3c9,ok,681.9133432721719,True,True,cluster_01433,test,/home/dheirav/Code/Deepfake_Detection/deepfake-project/dataset_builder/test/ai_generated/flux_topup_000666.jpg
data_sources/ai_generated/FLUX_TopUp/flux_topup_000670.jpg,data_sources/ai_generated/FLUX_TopUp,ai_generated,1024,1024,1.0,JPEG,341567,a0a4ad3b713836facc4e33317221aa44,3a22a8e523dec5ad161b779116b9826d2191a36498d550bbaf960d6de0152570,1.0,9a926d758d8b2ab1,ok,2294.519707447848,True,True,cluster_01003,test,/home/dheirav/Code/Deepfake_Detection/deepfake-project/dataset_builder/test/ai_generated/flux_topup_000670.jpg
data_sources/ai_generated/FLUX_TopUp/flux_topup_000674.jpg,data_sources/ai_generated/FLUX_TopUp,ai_generated,1024,1024,1.0,JPEG,389251,1ab9f2e0d21331f655c9efd73b68d033,a9740c35ce89c1d35136ae2d8557aac9bcce39e503888416af091c3021a9871e,1.0,cc9838c735ac339d,ok,1246.1103153118709,True,True,cluster_00724,test,/home/dheirav/Code/Deepfake_Detection/deepfake-project/dataset_builder/test/ai_generated/flux_topup_000674.jpg
data_sources/ai_generated/FLUX_TopUp/flux_topup_000675.jpg,data_sources/ai_generated/FLUX_TopUp,ai_generated,1024,1024,1.0,JPEG,319955,f465e30597fc190cccd12c6ac7d44c70,147c5a79845f12b059901812bf71d3e0202d5838f5c27ee3e269ee33c64cac38,1.0,959e5a5535e05b49,ok,596.1154598205528,True,True,cluster_01175,test,/home/dheirav/Code/Deepfake_Detection/deepfake-project/dataset_builder/test/ai_generated/flux_topup_000675.jpg
data_sources/ai_generated/FLUX_TopUp/flux_topup_000685.jpg,data_sources/ai_generated/FLUX_TopUp,ai_generated,1024,1024,1.0,JPEG,232335,cccd1875c174a97bf399fd1a6cb44757,044ec5f17a957fb7796ba2d9d1c3a01f9b2702ef9bc870b074d3bafab24b5c33,1.0,d6d1a96c6b52b6a0,ok,166.03014694776263,True,True,cluster_01916,test,/home/dheirav/Code/Deepfake_Detection/deepfake-project/dataset_builder/test/ai_generated/flux_topup_000685.jpg
data_sources/ai_generated/FLUX_TopUp/flux_topup_000687.jpg,data_sources/ai_generated/FLUX_TopUp,ai_generated,1024,1024,1.0,JPEG,437666,e7e2761dd37bb46904bf49f6bb25ec18,b72af6e1a8308eb1557129e59bbced9e24b81cac7f6b874d6e5db5631fa571a4,1.0,9094e738ef7a0e52,ok,4535.738375008672,True,True,cluster_00440,test,/home/dheirav/Code/Deepfake_Detection/deepfake-project/dataset_builder/test/ai_generated/flux_topup_000687.jpg
data_sources/ai_generated/FLUX_TopUp/flux_topup_000690.jpg,data_sources/ai_generated/FLUX_TopUp,ai_generated,1024,1024,1.0,JPEG,279712,9a7cfe6b03e211d0102c9bde85d5b21a,b312ff710d066af24875fe2e4cb4877a1a3042231fce851b9b5515de6e5f49bf,1.0,9aca73750d938a69,ok,703.2460893110838,True,True,cluster_01504,test,/home/dheirav/Code/Deepfake_Detection/deepfake-project/dataset_builder/test/ai_generated/flux_topup_000690.jpg
data_sources/ai_generated/FLUX_TopUp/flux_topup_000693.jpg,data_sources/ai_generated/FLUX_TopUp,ai_generated,1024,1024,1.0,JPEG,252698,13505dec8977fa71e4f233bda7207c51,892a1789152f26f6549a0e4dda706eed835d9cd2d67238dc80fe06ac8e9d8e3c,1.0,a9a50737163636bc,ok,192.4073264121243,True,True,cluster_01737,test,/home/dheirav/Code/Deepfake_Detection/deepfake-project/dataset_builder/test/ai_generated/flux_topup_000693.jpg
data_sources/ai_generated/FLUX_TopUp/flux_topup_000694.jpg,data_sources/ai_generated/FLUX_TopUp,ai_generated,1024,1024,1.0,JPEG,497044,bfa2f1b1448f567d05980f32835a13d5,d1d40158a883eb1eb3a4161772df94f174c08e2b6d984d3870d588f7358e3b49,1.0,90bdbf6a58146c9c,ok,1693.1874669656058,True,True,cluster_00182,test,/home/dheirav/Code/Deepfake_Detection/deepfake-project/dataset_builder/test/ai_generated/flux_topup_000694.jpg
data_sources/ai_generated/FLUX_TopUp/flux_topup_000695.jpg,data_sources/ai_generated/FLUX_TopUp,ai_generated,1024,1024,1.0,JPEG,534997,4bf476f42d770df2f8b9c8dc87df8f26,52f806be6827e01232d6d7bd3a476048351ac7dc88f947e696158db31776cc01,1.0,8585d3da1d8d2d71,ok,3447.917995045645,True,True,cluster_00090,test,/home/dheirav/Code/Deepfake_Detection/deepfake-project/dataset_builder/test/ai_generated/flux_topup_000695.jpg
data_sources/ai_generated/FLUX_TopUp/flux_topup_000696.jpg,data_sources/ai_generated/FLUX_TopUp,ai_generated,1024,1024,1.0,JPEG,346250,55a5d4914e5931cc9bf4671e370e3d7f,9ed2b48e7ebfc519b484a7550b276fb1c735bd9f2183220e9d19508402599973,1.0,e8e517d81a58eb13,ok,1602.6713836327544,True,True,cluster_00980,test,/home/dheirav/Code/Deepfake_Detection/deepfake-project/dataset_builder/test/ai_generated/flux_topup_000696.jpg
data_sources/ai_generated/FLUX_TopUp/flux_topup_000702.jpg,data_sources/ai_generated/FLUX_TopUp,ai_generated,1024,1024,1.0,JPEG,594525,e5b8bf4db37d0aee1c085657fd05c414,756ceec5b77d01533c2806b4b137a87e2b46de7d3863cb176baf15ca74b22b26,1.0,c933cbd7a1e5b006,ok,2510.017320279824,True,True,cluster_00025,test,/home/dheirav/Code/Deepfake_Detection/deepfake-project/dataset_builder/test/ai_generated/flux_topup_000702.jpg
data_sources/ai_generated/FLUX_TopUp/flux_topup_000704.jpg,data_sources/ai_generated/FLUX_TopUp,ai_generated,1024,1024,1.0,JPEG,283480,47225028bbe216bf52b387bbfb128694,c6a09b19d7d8207cb5269b6760d75f971a1c69f66d0763b9932126d78b031a07,1.0,92651bde6592691d,ok,1193.6669267050415,True,True,cluster_01481,test,/home/dheirav/Code/Deepfake_Detection/deepfake-project/dataset_builder/test/ai_generated/flux_topup_000704.jpg
data_sources/ai_generated/FLUX_TopUp/flux_topup_000705.jpg,data_sources/ai_generated/FLUX_TopUp,ai_generated,1024,1024,1.0,JPEG,390535,2baea0fab4f5716cab22bfa880cd60b8,feea27cb6be3fba35544ca8ecefd15e1ebb5b2a8ab608edc886b3818d93d75ac,1.0,949724e86acaf327,ok,1412.6935803543165,True,True,cluster_00713,test,/home/dheirav/Code/Deepfake_Detection/deepfake-project/dataset_builder/test/ai_generated/flux_topup_000705.jpg
data_sources/ai_generated/FLUX_TopUp/flux_topup_000709.jpg,data_sources/ai_generated/FLUX_TopUp,ai_generated,1024,1024,1.0,JPEG,269788,d436236d9200d8ee3534bb17f3d88225,431a7accf12d80db0a2cbea3f8e625d08088278720a58372d9649afd6a19f6ab,1.0,92968498772766de,ok,267.7752275279745,True,True,cluster_01588,test,/home/dheirav/Code/Deepfake_Detection/deepfake-project/dataset_builder/test/ai_generated/flux_topup_000709.jpg
data_sources/ai_generated/FLUX_TopUp/flux_topup_000710.jpg,data_sources/ai_generated/FLUX_TopUp,ai_generated,1024,1024,1.0,JPEG,270999,9977ce7c22d70d182575adcfc939c854,c108be84f292840dcf5a940d89866c7d4deb0895f887700ed0bd9ce5d9b6f10d,1.0,9a936566661b67c4,ok,331.40320362347023,True,True,cluster_01580,test,/home/dheirav/Code/Deepfake_Detection/deepfake-project/dataset_builder/test/ai_generated/flux_topup_000710.jpg
data_sources/ai_generated/FLUX_TopUp/flux_topup_000712.jpg,data_sources/ai_generated/FLUX_TopUp,ai_generated,1024,1024,1.0,JPEG,265197,abbb2705a70c276480fc86424aa15267,1ee7ffb06840ed313e39db83f6bd1ba12ea7fb11cc87527176cd604b14f0fcdc,1.0,d0c2cedc9cbd1931,ok,510.1634196849153,True,True,cluster_01628,test,/home/dheirav/Code/Deepfake_Detection/deepfake-project/dataset_builder/test/ai_generated/flux_topup_000712.jpg
data_sources/ai_generated/FLUX_TopUp/flux_topup_000715.jpg,data_sources/ai_generated/FLUX_TopUp,ai_generated,1024,1024,1.0,JPEG,381115,0b118b214e7f896b0905115e23854e7b,908de9a85a01b5a27480533d0029d0a0b82e2b97b4f3e3aae4678cdf74345c8b,1.0,c9d366756439621e,ok,904.1563414687105,True,True,cluster_00774,test,/home/dheirav/Code/Deepfake_Detection/deepfake-project/dataset_builder/test/ai_generated/flux_topup_000715.jpg
data_sources/ai_generated/FLUX_TopUp/flux_topup_000717.jpg,data_sources/ai_generated/FLUX_TopUp,ai_generated,1024,1024,1.0,JPEG,433119,2e017eeb5ff8778b62ec155b9f26066c,3ce2b5ba1bc112ba08e7806917d15a51a1dd6bab65c17f8f975acacac4570f54,1.0,9d9f3d65cfc24060,ok,1407.6858510859008,True,True,cluster_00464,test,/home/dheirav/Code/Deepfake_Detection/deepfake-project/dataset_builder/test/ai_generated/flux_topup_000717.jpg
data_sources/ai_generated/FLUX_TopUp/flux_topup_000718.jpg,data_sources/ai_generated/FLUX_TopUp,ai_generated,1024,1024,1.0,JPEG,266301,8137a8aad158e9dacc50accc47c6a8dc,a6cf0d76055194e6c642115b88a7671fd2bf065c891224abb1147b36ca517c15,1.0,929a49c98de297b6,ok,765.0455593024951,True,True,cluster_01618,test,/home/dheirav/Code/Deepfake_Detection/deepfake-project/dataset_builder/test/ai_generated/flux_topup_000718.jpg
data_sources/ai_generated/FLUX_TopUp/flux_topup_000727.jpg,data_sources/ai_generated/FLUX_TopUp,ai_generated,1024,1024,1.0,JPEG,494147,dcdebd332a0175866d3bd9288bebb461,e52858b7a91e4edc66d57b221b2bffeedcfae5c88a9714a87a802d556ea67fdc,1.0,d2f2c9392db60693,ok,1490.5733179717631,True,True,cluster_00197,test,/home/dheirav/Code/Deepfake_Detection/deepfake-project/dataset_builder/test/ai_generated/flux_topup_000727.jpg
data_sources/ai_generated/FLUX_TopUp/flux_topup_000728.jpg,data_sources/ai_generated/FLUX_TopUp,ai_generated,1024,1024,1.0,JPEG,334484,c6f80840f0d0305293c82d697254f2ff,b1eec37024444bc481cc86de35ab1876f663e86b2bac5cf4e0c94523a7a86f1d,1.0,96968d99e1cc1d99,ok,1507.1597970494104,True,True,cluster_01066,test,/home/dheirav/Code/Deepfake_Detection/deepfake-project/dataset_builder/test/ai_generated/flux_topup_000728.jpg
data_sources/ai_generated/FLUX_TopUp/flux_topup_000734.jpg,data_sources/ai_generated/FLUX_TopUp,ai_generated,1024,1024,1.0,JPEG,376147,d179f2796bf9d95c9ede83b797b2a66c,0a89115e2d4e06562d2dfe6496b55f47f32d57cac84069e166c9ea884d36f4b3,1.0,9997326693349793,ok,1039.931099362183,True,True,cluster_00796,test,/home/dheirav/Code/Deepfake_Detection/deepfake-project/dataset_builder/test/ai_generated/flux_topup_000734.jpg
data_sources/ai_generated/FLUX_TopUp/flux_topup_000736.jpg,data_sources/ai_generated/FLUX_TopUp,ai_generated,1024,1024,1.0,JPEG,451166,2dbadffd5bcb50cd4fde4b217b8fa4bd,5f0b4380f12fae7ffb0adb5ccd82c859ead9ed10b0824de3d34709527347668d,1.0,9ecf383565422799,ok,966.6862663390626,True,True,cluster_00364,test,/home/dheirav/Code/Deepfake_Detection/deepfake-project/dataset_builder/test/ai_generated/flux_topup_000736.jpg
data_sources/ai_generated/FLUX_TopUp/flux_topup_000737.jpg,data_sources/ai_generated/FLUX_TopUp,ai_generated,1024,1024,1.0,JPEG,309827,9c9631b96f951008a514e664e354b4e4,99c65b13b5a1fba13069c02246b254ad5d92ccf508a7022c9717e4acb27ac5fe,1.0,999969a7d88a2967,ok,1011.0469105983175,True,True,cluster_01259,test,/home/dheirav/Code/Deepfake_Detection/deepfake-project/dataset_builder/test/ai_generated/flux_topup_000737.jpg
data_sources/ai_generated/FLUX_TopUp/flux_topup_000748.jpg,data_sources/ai_generated/FLUX_TopUp,ai_generated,1024,1024,1.0,JPEG,334919,bf1c1e77a8406992e7a697847c3cdc58,19ff2a4555c5e5a44a071cdc7e3d272e92abafc347fbe9d24755467514b4cab8,1.0,93b5369dad878988,ok,502.79357680104647,True,True,cluster_01063,test,/home/dheirav/Code/Deepfake_Detection/deepfake-project/dataset_builder/test/ai_generated/flux_topup_000748.jpg
data_sources/ai_generated/FLUX_TopUp/flux_topup_000754.jpg,data_sources/ai_generated/FLUX_TopUp,ai_generated,1024,1024,1.0,JPEG,404510,86673bcad807548fc9ed87864ae773f3,3b087d31e8b673187db64fff980420c29290c18c731b3914d49047eb5ef5addf,1.0,9db0f065c1edc28b,ok,1436.8027620352764,True,True,cluster_00637,test,/home/dheirav/Code/Deepfake_Detection/deepfake-project/dataset_builder/test/ai_generated/flux_topup_000754.jpg
data_sources/ai_generated/FLUX_TopUp/flux_topup_000757.jpg,data_sources/ai_generated/FLUX_TopUp,ai_generated,1024,1024,1.0,JPEG,400033,aee1203576f63fd7e9d89183814bb960,6bb42f067e23601c9298793effc9206acd8151f676dae36ec93313fa6d9ff245,1.0,91a7ef7b54e03890,ok,3291.1994960061843,True,True,cluster_00667,test,/home/dheirav/Code/Deepfake_Detection/deepfake-project/dataset_builder/test/ai_generated/flux_topup_000757.jpg
data_sources/ai_generated/FLUX_TopUp/flux_topup_000759.jpg,data_sources/ai_generated/FLUX_TopUp,ai_generated,1024,1024,1.0,JPEG,306817,829120da060c47a8eb921ce59ca80abb,13373a40fbe3ec25b1f59ec226946c7edd5df478f14878346ab66d6883375a4b,1.0,d9bc663293177234,ok,893.2573916949586,True,True,cluster_01292,test,/home/dheirav/Code/Deepfake_Detection/deepfake-project/dataset_builder/test/ai_generated/flux_topup_000759.jpg
data_sources/ai_generated/FLUX_TopUp/flux_topup_000768.jpg,data_sources/ai_generated/FLUX_TopUp,ai_generated,1024,1024,1.0,JPEG,413147,0e6aabc831a8531f256a3bf87742d87d,810658387f7f5b89d05b3c5c1ef95e3f2edec881f5e443dafe9ba7d6742e60be,1.0,9df336c4e1d12323,ok,1090.0578076188822,True,True,cluster_00581,test,/home/dheirav/Code/Deepfake_Detection/deepfake-project/dataset_builder/test/ai_generated/flux_topup_000768.jpg
data_sources/ai_generated/FLUX_TopUp/flux_topup_000769.jpg,data_sources/ai_generated/FLUX_TopUp,ai_generated,1024,1024,1.0,JPEG,412700,8e56430f3d35fc6b685eda758554c46b,6c5b608c1e995a96f8957f3f4bcc2551ec7dce44aff93ab30cdd79b4f1b0a14c,1.0,9b96643028db9bec,ok,1489.971461663717,True,True,cluster_00587,test,/home/dheirav/Code/Deepfake_Detection/deepfake-project/dataset_builder/test/ai_generated/flux_topup_000769.jpg
data_sources/ai_generated/FLUX_TopUp/flux_topup_000785.jpg,data_sources/ai_generated/FLUX_TopUp,ai_generated,1024,1024,1.0,JPEG,242091,89af751d2b9c0fa2092ed70de5374eee,48275ed7975cd5012c7cb1e1db7ce631b7be96469f256167e4f094ae9ff3e466,1.0,91b73c193337cc49,ok,467.52380824586623,True,True,cluster_01833,test,/home/dheirav/Code/Deepfake_Detection/deepfake-project/dataset_builder/test/ai_generated/flux_topup_000785.jpg
data_sources/ai_generated/FLUX_TopUp/flux_topup_000786.jpg,data_sources/ai_generated/FLUX_TopUp,ai_generated,1024,1024,1.0,JPEG,325053,f895532fcf50e2f0b0eb8af1773ee0a1,c7bfc2c7ca412c9a58d648c071e72e15449a12458e795055e9409864cb8806d0,1.0,ecf0d267ab5ca058,ok,1632.0863803042407,True,True,cluster_01133,test,/home/dheirav/Code/Deepfake_Detection/deepfake-project/dataset_builder/test/ai_generated/flux_topup_000786.jpg
data_sources/ai_generated/FLUX_TopUp/flux_topup_000790.jpg,data_sources/ai_generated/FLUX_TopUp,ai_generated,1024,1024,1.0,JPEG,374053,d0f5b6c7e8bffc89f65de24edb1f6522,485e4988e61a45d834cde7c6dcc525d20e94956bb9b682fda96c46ce75346ee4,1.0,9696b3372633d4c1,ok,863.9816841717972,True,True,cluster_00808,test,/home/dheirav/Code/Deepfake_Detection/deepfake-project/dataset_builder/test/ai_generated/flux_topup_000790.jpg
data_sources/ai_generated/FLUX_TopUp/flux_topup_000801.jpg,data_sources/ai_generated/FLUX_TopUp,ai_generated,1024,1024,1.0,JPEG,356939,1c45aee1844944c0db4ddaf268a44779,278c235f76f39464b3a99d60e4d2a99a332d97807750e967395574b06f3f2768,1.0,d291764f29f0449f,ok,2692.754892684271,True,True,cluster_00915,test,/home/dheirav/Code/Deepfake_Detection/deepfake-project/dataset_builder/test/ai_generated/flux_topup_000801.jpg
data_sources/ai_generated/FLUX_TopUp/flux_topup_000802.jpg,data_sources/ai_generated/FLUX_TopUp,ai_generated,1024,1024,1.0,JPEG,444603,36850b9120c84f41dd1504782f37a380,8a33080fafd4733ad5d05fb8ca95b87ef9284470ca8fa9722dd70aba3ae0000d,1.0,8d868f8c85969f99,ok,1643.5899285148917,True,True,cluster_00402,test,/home/dheirav/Code/Deepfake_Detection/deepfake-project/dataset_builder/test/ai_generated/flux_topup_000802.jpg
data_sources/ai_generated/FLUX_TopUp/flux_topup_000806.jpg,data_sources/ai_generated/FLUX_TopUp,ai_generated,1024,1024,1.0,JPEG,236629,98c8be5e1e83242acfcc41a66c7a8a31,cf69c8a0d0eaddb8507f1ccac4117e53c9359f5efe8318c39efdd61709cc2340,1.0,b9844e8e9bb96466,ok,592.3795518470206,True,True,cluster_01884,test,/home/dheirav/Code/Deepfake_Detection/deepfake-project/dataset_builder/test/ai_generated/flux_topup_000806.jpg
data_sources/ai_generated/FLUX_TopUp/flux_topup_000815.jpg,data_sources/ai_generated/FLUX_TopUp,ai_generated,1024,1024,1.0,JPEG,229645,fa84fb6c260e6e725dd3ce2e4376c792,1f85587eb9825c2585cba2326593191bb37f9236cc3886d53bf28273f1c51675,1.0,84a6c69347dcd94e,ok,226.08534618549942,True,True,cluster_01934,test,/home/dheirav/Code/Deepfake_Detection/deepfake-project/dataset_builder/test/ai_generated/flux_topup_000815.jpg
data_sources/ai_generated/FLUX_TopUp/flux_topup_000819.jpg,data_sources/ai_generated/FLUX_TopUp,ai_generated,1024,1024,1.0,JPEG,313814,7e72fb5248d37b235d4932368840224b,e273bf9d575625bf409048038453bda74db8ce4ab3e09bab13fcccf0f2c74d88,1.0,9aac38c3627d6d92,ok,635.3468729303847,True,True,cluster_01223,test,/home/dheirav/Code/Deepfake_Detection/deepfake-project/dataset_builder/test/ai_generated/flux_topup_000819.jpg
data_sources/ai_generated/FLUX_TopUp/flux_topup_000822.jpg,data_sources/ai_generated/FLUX_TopUp,ai_generated,1024,1024,1.0,JPEG,287142,43f3d44492d1542180713cc625bf7331,c23b2afc55215fb26f3a0dc8727983fefd2859f58d3961ab944f87e3912ec289,1.0,9d99199139667999,ok,322.73233794362375,True,True,cluster_01455,test,/home/dheirav/Code/Deepfake_Detection/deepfake-project/dataset_builder/test/ai_generated/flux_topup_000822.jpg
data_sources/ai_generated/FLUX_TopUp/flux_topup_000829.jpg,data_sources/ai_generated/FLUX_TopUp,ai_generated,1024,1024,1.0,JPEG,264180,d9346aaea1b5b71baae65d5ffd2139c8,4aa5cacd3e876e6dd7a2dddbb05b9db38b43dc7dad6db6559a4fd9593f1b6167,1.0,d4d73a2a4b9185e5,ok,590.5396532467555,True,True,cluster_01641,test,/home/dheirav/Code/Deepfake_Detection/deepfake-project/dataset_builder/test/ai_generated/flux_topup_000829.jpg
data_sources/ai_generated/FLUX_TopUp/flux_topup_000832.jpg,data_sources/ai_generated/FLUX_TopUp,ai_generated,1024,1024,1.0,JPEG,311397,7b253a606c19e2784434901948d257dd,7894c66c94af52689c3770ac6851e7219485bc050ab4a37b75a0fe83926f7a15,1.0,c98696ba25cbd15c,ok,373.15647544309377,True,True,cluster_01247,test,/home/dheirav/Code/Deepfake_Detection/deepfake-project/dataset_builder/test/ai_generated/flux_topup_000832.jpg
data_sources/ai_generated/FLUX_TopUp/flux_topup_000833.jpg,data_sources/ai_generated/FLUX_TopUp,ai_generated,1024,1024,1.0,JPEG,274713,0b144f87efe855aad00e841056316c75,2223de55b10c668b14ab9182c9fed30386a02806fbae03b919b9e537057c3873,1.0,849adbd116c278fc,ok,180.2009065333841,True,True,cluster_01545,test,/home/dheirav/Code/Deepfake_Detection/deepfake-project/dataset_builder/test/ai_generated/flux_topup_000833.jpg
data_sources/ai_generated/FLUX_TopUp/flux_topup_000835.jpg,data_sources/ai_generated/FLUX_TopUp,ai_generated,1024,1024,1.0,JPEG,503821,58053d8cf4eb31f5dc04d49f6c9bc048,e1635942663f167c71116a6f3fc89c39c857a72ea2dbb2c92ade8d1a61b9805d,1.0,fbeba050d112be34,ok,2850.1569911689976,True,True,cluster_00157,test,/home/dheirav/Code/Deepfake_Detection/deepfake-project/dataset_builder/test/ai_generated/flux_topup_000835.jpg
data_sources/ai_generated/FLUX_TopUp/flux_topup_000837.jpg,data_sources/ai_generated/FLUX_TopUp,ai_generated,1024,1024,1.0,JPEG,474133,635e781edbd52b880ea3ef4a7a022b07,3dc4283f1ec20bde7dbac8696291d9d49b86313e063fc438a6abc5fd7b081f1f,1.0,8d8735262bcec363,ok,1890.4747910680267,True,True,cluster_00270,test,/home/dheirav/Code/Deepfake_Detection/deepfake-project/dataset_builder/test/ai_generated/flux_topup_000837.jpg
data_sources/ai_generated/FLUX_TopUp/flux_topup_000843.jpg,data_sources/ai_generated/FLUX_TopUp,ai_generated,1024,1024,1.0,JPEG,450179,95efb5211fb0cdf272801bc61a38cbaa,e3f4a61fcdc3b560b328f9f70527b35772ccd75534583e27c85131d514d02f40,1.0,c7e0d8bc214b399d,ok,1200.6407164241537,True,True,cluster_00369,test,/home/dheirav/Code/Deepfake_Detection/deepfake-project/dataset_builder/test/ai_generated/flux_topup_000843.jpg
data_sources/ai_generated/FLUX_TopUp/flux_topup_000845.jpg,data_sources/ai_generated/FLUX_TopUp,ai_generated,1024,1024,1.0,JPEG,398016,daa423f2f68aadcb448bc86a2b618a4f,d92cd5e72ab1a861557c87616baad44ec74e547fd162dafc3997a1d1d2cc6e78,1.0,c4e6797d4f82390c,ok,740.2596193297493,True,True,cluster_00672,test,/home/dheirav/Code/Deepfake_Detection/deepfake-project/dataset_builder/test/ai_generated/flux_topup_000845.jpg
data_sources/ai_generated/FLUX_TopUp/flux_topup_000847.jpg,data_sources/ai_generated/FLUX_TopUp,ai_generated,1024,1024,1.0,JPEG,478628,b12b05e5140390744ded713dab5cecc3,95e0c946a1af7016818c91a014fa4807762c89d794217e9d3ef37b4a46d0f577,1.0,94849f2f2e0b874f,ok,2178.6541036971885,True,True,cluster_00254,test,/home/dheirav/Code/Deepfake_Detection/deepfake-project/dataset_builder/test/ai_generated/flux_topup_000847.jpg
data_sources/ai_generated/FLUX_TopUp/flux_topup_000849.jpg,data_sources/ai_generated/FLUX_TopUp,ai_generated,1024,1024,1.0,JPEG,224749,17f1fc613196ed50580f0e146a1860c1,148edf3482152865d41bf3c24acb1e1827361eab08d0fcde2964cee1f0386df6,1.0,96964cd93b636664,ok,375.8662035168808,True,True,cluster_01976,test,/home/dheirav/Code/Deepfake_Detection/deepfake-project/dataset_builder/test/ai_generated/flux_topup_000849.jpg
data_sources/ai_generated/FLUX_TopUp/flux_topup_000851.jpg,data_sources/ai_generated/FLUX_TopUp,ai_generated,1024,1024,1.0,JPEG,259626,e1fcbe2eb3f4f8a6cbec65b0251e5d6e,694f306a0e563357ddb7263d7fc656714ae011ccebada921912295f55a6dc6f6,1.0,e5d216d6292dd296,ok,943.5454721146224,True,True,cluster_01678,test,/home/dheirav/Code/Deepfake_Detection/deepfake-project/dataset_builder/test/ai_generated/flux_topup_000851.jpg
data_sources/ai_generated/FLUX_TopUp/flux_topup_000856.jpg,data_sources/ai_generated/FLUX_TopUp,ai_generated,1024,1024,1.0,JPEG,345471,2c60d6573235f83d39e17bc265753332,45e611ede5a2ec5a4b47250ee4833d47698798014c92cd3df8e182c576526081,1.0,90d2474fbcbc3313,ok,816.2362707704306,True,True,cluster_00983,test,/home/dheirav/Code/Deepfake_Detection/deepfake-project/dataset_builder/test/ai_generated/flux_topup_000856.jpg
data_sources/ai_generated/FLUX_TopUp/flux_topup_000858.jpg,data_sources/ai_generated/FLUX_TopUp,ai_generated,1024,1024,1.0,JPEG,518716,9394a3c4efaf6240d48e3799ba9c5154,1605abace9e5bec21ff322d5a37ddb3e0d7437c2e671c25234589ddc024213d7,1.0,97966a6a35a5e078,ok,2590.465786688916,True,True,cluster_00122,test,/home/dheirav/Code/Deepfake_Detection/deepfake-project/dataset_builder/test/ai_generated/flux_topup_000858.jpg
data_sources/ai_generated/FLUX_TopUp/flux_topup_000859.jpg,data_sources/ai_generated/FLUX_TopUp,ai_generated,1024,1024,1.0,JPEG,231731,345193d34f249896f35973f91936e57f,644119ab9dfc5c27dc8e9bfecaac300613c16d3badc6ee77a1b40161663778c9,1.0,99e666394cda9166,ok,213.4870149857452,True,True,cluster_01927,test,/home/dheirav/Code/Deepfake_Detection/deepfake-project/dataset_builder/test/ai_generated/flux_topup_000859.jpg
data_sources/ai_generated/FLUX_TopUp/flux_topup_000860.jpg,data_sources/ai_generated/FLUX_TopUp,ai_generated,1024,1024,1.0,JPEG,306772,6979a0b68e480e50c08dd0bd8d322f48,807bbf13cb633b09d40299390e4ee6aaab4daf9ae6763097c0556d9709516051,1.0,9aa62769b49e7194,ok,784.4985672467118,True,True,cluster_01294,test,/home/dheirav/Code/Deepfake_Detection/deepfake-project/dataset_builder/test/ai_generated/flux_topup_000860.jpg
data_sources/ai_generated/FLUX_TopUp/flux_topup_000861.jpg,data_sources/ai_generated/FLUX_TopUp,ai_generated,1024,1024,1.0,JPEG,433672,1fa81dde77dd49dcf69c26b7e42443cb,a727d3e01cc39389e0cc3aa9ec4f847c48787c5f5017eff51189a1b747ec51a0,1.0,93c632b51ac47d4d,ok,866.6965754934936,True,True,cluster_00459,test,/home/dheirav/Code/Deepfake_Detection/deepfake-project/dataset_builder/test/ai_generated/flux_topup_000861.jpg
data_sources/ai_generated/FLUX_TopUp/flux_topup_000867.jpg,data_sources/ai_generated/FLUX_TopUp,ai_generated,1024,1024,1.0,JPEG,430037,64e5436a6b6169fae6ffe6b10bde68cd,3a302a1bb69d0d3bc92d689ef2c579158785bc56d3e3c672639b62d0adaff268,1.0,9a936f6b262c664c,ok,912.9040009679292,True,True,cluster_00486,test,/home/dheirav/Code/Deepfake_Detection/deepfake-project/dataset_builder/test/ai_generated/flux_topup_000867.jpg
data_sources/ai_generated/FLUX_TopUp/flux_topup_000869.jpg,data_sources/ai_generated/FLUX_TopUp,ai_generated,1024,1024,1.0,JPEG,237919,de44f8d01e60cfbe25136df44688c150,b80d6fff1ffbec79ad4262efa08d97316504545d9331315c17d9b7589d115659,1.0,c0e453e9d8f0f4c6,ok,311.6657895908711,True,True,cluster_01875,test,/home/dheirav/Code/Deepfake_Detection/deepfake-project/dataset_builder/test/ai_generated/flux_topup_000869.jpg
data_sources/ai_generated/FLUX_TopUp/flux_topup_000871.jpg,data_sources/ai_generated/FLUX_TopUp,ai_generated,1024,1024,1.0,JPEG,234869,ba3dfde585132ee6a813eb54e25d6b17,5adf8340fa4ce84344a75807df90248a509699147d0ba6be87f4f43036b37bf5,1.0,868c3873f56c6ac3,ok,237.3274001532327,True,True,cluster_01901,test,/home/dheirav/Code/Deepfake_Detection/deepfake-project/dataset_builder/test/ai_generated/flux_topup_000871.jpg
data_sources/ai_generated/FLUX_TopUp/flux_topup_000878.jpg,data_sources/ai_generated/FLUX_TopUp,ai_generated,1024,1024,1.0,JPEG,237483,8f6af101e716947cd03d144d7841e876,3e8fb8df72ed88de0bccacdfadd097abf13504274530cae4a225a10bebe66280,1.0,9986b761398f44bc,ok,282.0098075799433,True,True,cluster_01879,test,/home/dheirav/Code/Deepfake_Detection/deepfake-project/dataset_builder/test/ai_generated/flux_topup_000878.jpg
data_sources/ai_generated/FLUX_TopUp/flux_topup_000879.jpg,data_sources/ai_generated/FLUX_TopUp,ai_generated,1024,1024,1.0,JPEG,586817,6d606853aeab98f669d12366b08b2491,f59d9280de3dbbb23c75f3a2367461df155caa9ce325f9aa991e47c8480c7397,1.0,c5c61e1f21b52766,ok,4170.59634643045,True,True,cluster_00034,test,/home/dheirav/Code/Deepfake_Detection/deepfake-project/dataset_builder/test/ai_generated/flux_topup_000879.jpg
data_sources/ai_generated/FLUX_TopUp/flux_topup_000880.jpg,data_sources/ai_generated/FLUX_TopUp,ai_generated,1024,1024,1.0,JPEG,349782,a1b5e96acc5a68028c03122275652e1c,4077de772805da2c1c37d50ec40768ae1f0417e30e5c157cda831288bcbdb357,1.0,92e66c3991b36e8a,ok,1036.6596582509146,True,True,cluster_00954,test,/home/dheirav/Code/Deepfake_Detection/deepfake-project/dataset_builder/test/ai_generated/flux_topup_000880.jpg
data_sources/ai_generated/FLUX_TopUp/flux_topup_000892.jpg,data_sources/ai_generated/FLUX_TopUp,ai_generated,1024,1024,1.0,JPEG,269329,f1a663450c3808cc92d7e9cd547870a0,d84a4c5fba6e966f64a211071f44d8f0e99143b5348e29a6ff98c9c05837188a,1.0,8fce30984761c6cf,ok,499.9697291373439,True,True,cluster_01591,test,/home/dheirav/Code/Deepfake_Detection/deepfake-project/dataset_builder/test/ai_generated/flux_topup_000892.jpg
data_sources/ai_generated/FLUX_TopUp/flux_topup_000894.jpg,data_sources/ai_generated/FLUX_TopUp,ai_generated,1024,1024,1.0,JPEG,523774,93ebb972e8564e42e04a48789f5eb061,c20663805fd7bc197499f4b2b372a36e7c1392c5089ab2d22649366566798751,1.0,909b8b7927f86730,ok,1670.6381446667365,True,True,cluster_00114,test,/home/dheirav/Code/Deepfake_Detection/deepfake-project/dataset_builder/test/ai_generated/flux_topup_000894.jpg
data_sources/ai_generated/FLUX_TopUp/flux_topup_000895.jpg,data_sources/ai_generated/FLUX_TopUp,ai_generated,1024,1024,1.0,JPEG,283912,c46d5f14cf5a9696c1435c6e9755f58a,9142845aa8085ed3f49b85e8a2e1652cea9de2ca9e273be02df6457285c4b9b9,1.0,d77f2b3a4c854291,ok,436.24022923310986,True,True,cluster_01478,test,/home/dheirav/Code/Deepfake_Detection/deepfake-project/dataset_builder/test/ai_generated/flux_topup_000895.jpg
data_sources/ai_generated/FLUX_TopUp/flux_topup_000897.jpg,data_sources/ai_generated/FLUX_TopUp,ai_generated,1024,1024,1.0,JPEG,232358,a788148f00880f28c69fa90fffa92565,5ba2e71476fef9fc1e8a658043cb82969494206ce23f74f523a4e1e82ac8fa07,1.0,95a1466f22a96d5b,ok,516.4216603419691,True,True,cluster_01915,test,/home/dheirav/Code/Deepfake_Detection/deepfake-project/dataset_builder/test/ai_generated/flux_topup_000897.jpg
data_sources/ai_generated/FLUX_TopUp/flux_topup_000898.jpg,data_sources/ai_generated/FLUX_TopUp,ai_generated,1024,1024,1.0,JPEG,312277,fd7293bce0459591cdd173f40b670d10,7486139f0dcabe15e57116946a6e52adca744bad1693328a75b0da827102ae2e,1.0,e8e013858f4bc5dd,ok,261.1343877854951,True,True,cluster_01240,test,/home/dheirav/Code/Deepfake_Detection/deepfake-project/dataset_builder/test/ai_generated/flux_topup_000898.jpg
data_sources/ai_generated/FLUX_TopUp/flux_topup_000900.jpg,data_sources/ai_generated/FLUX_TopUp,ai_generated,1024,1024,1.0,JPEG,384760,58ed48c7dc5c38cffae81ea5dcca510f,dc7aa851343057398ba4273caf7b31cea8a32c8159aa8242c2cf7c10c03479c9,1.0,86c0a7e7783e91c6,ok,1463.146421275108,True,True,cluster_00752,test,/home/dheirav/Code/Deepfake_Detection/deepfake-project/dataset_builder/test/ai_generated/flux_topup_000900.jpg
data_sources/ai_generated/FLUX_TopUp/flux_topup_000903.jpg,data_sources/ai_generated/FLUX_TopUp,ai_generated,1024,1024,1.0,JPEG,262624,ed740b5285e8634151a1a36a7102e83e,f2b6f3256eb069aefe91d3403d91a0bac70f581156ba448c99367111e786c570,1.0,918a8ab62ea5e39b,ok,609.027991075599,True,True,cluster_01652,test,/home/dheirav/Code/Deepfake_Detection/deepfake-project/dataset_builder/test/ai_generated/flux_topup_000903.jpg
data_sources/ai_generated/FLUX_TopUp/flux_topup_000904.jpg,data_sources/ai_generated/FLUX_TopUp,ai_generated,1024,1024,1.0,JPEG,379618,d749cf740eea0af755e037a12eee267c,69d9339a38e79d5517b87b647e9ced7d151b72c68af7bb268fcc3653d9bb0d61,1.0,9b9b252549cae2f1,ok,689.3122620402683,True,True,cluster_00781,test,/home/dheirav/Code/Deepfake_Detection/deepfake-project/dataset_builder/test/ai_generated/flux_topup_000904.jpg
data_sources/ai_generated/FLUX_TopUp/flux_topup_000914.jpg,data_sources/ai_generated/FLUX_TopUp,ai_generated,1024,1024,1.0,JPEG,493726,f654974c8651c50df2f7fd2df596e78e,604ec173ad3add25e5eacd4d3e6288570ed3d2b42c2845f1f156319ea1c2b3ce,1.0,9fcb6fa178946032,ok,1068.889744461113,True,True,cluster_00198,test,/home/dheirav/Code/Deepfake_Detection/deepfake-project/dataset_builder/test/ai_generated/flux_topup_000914.jpg
data_sources/ai_generated/FLUX_TopUp/flux_topup_000917.jpg,data_sources/ai_generated/FLUX_TopUp,ai_generated,1024,1024,1.0,JPEG,496664,9ff05a850703fd7976549ab375778214,1afa908396209de1022dac4f6d6c8fbe750aa04540e2f2f7e8aaf201f050f251,1.0,90926b6b5a95e87a,ok,3211.9677617368566,True,True,cluster_00184,test,/home/dheirav/Code/Deepfake_Detection/deepfake-project/dataset_builder/test/ai_generated/flux_topup_000917.jpg
data_sources/ai_generated/FLUX_TopUp/flux_topup_000920.jpg,data_sources/ai_generated/FLUX_TopUp,ai_generated,1024,1024,1.0,JPEG,444521,35d9bd5f2c5ddd59be421cea05377a0e,93d5db0e523356b2bc133422e55f06a30498f835274fbe0da68c147a57c82021,1.0,969ce49ae18cb9cc,ok,1707.2061130151042,True,True,cluster_00403,test,/home/dheirav/Code/Deepfake_Detection/deepfake-project/dataset_builder/test/ai_generated/flux_topup_000920.jpg
data_sources/ai_generated/FLUX_TopUp/flux_topup_000921.jpg,data_sources/ai_generated/FLUX_TopUp,ai_generated,1024,1024,1.0,JPEG,260597,4dcde5336c2e86e1d002a76044d4c11b,63954ecdd69781a8b8fbb845a58d7c0cf7e4a7c3dd5e7205a6076b72fffab708,1.0,93ed6c924b6d90c3,ok,626.136415025554,True,True,cluster_01669,test,/home/dheirav/Code/Deepfake_Detection/deepfake-project/dataset_builder/test/ai_generated/flux_topup_000921.jpg
data_sources/ai_generated/FLUX_TopUp/flux_topup_000924.jpg,data_sources/ai_generated/FLUX_TopUp,ai_generated,1024,1024,1.0,JPEG,290058,ece9c8570a0d78b20f7b46c9b11f54ce,2d9ac8de182d84c7772a472d8f83605e2e2b4d3a52872c74660573028b08b5eb,1.0,8187272f4664adaf,ok,301.1133312945375,True,True,cluster_01420,test,/home/dheirav/Code/Deepfake_Detection/deepfake-project/dataset_builder/test/ai_generated/flux_topup_000924.jpg
data_sources/ai_generated/FLUX_TopUp/flux_topup_000925.jpg,data_sources/ai_generated/FLUX_TopUp,ai_generated,1024,1024,1.0,JPEG,321640,9a6711485a488421617c6a201ce3960b,3688ee42cd4fcbda83aca032e793f74f49cd08d811aa92e156c5c5d67f40d290,1.0,d97127825d9d22d5,ok,2029.6046767692158,True,True,cluster_01164,test,/home/dheirav/Code/Deepfake_Detection/deepfake-project/dataset_builder/test/ai_generated/flux_topup_000925.jpg
data_sources/ai_generated/FLUX_TopUp/flux_topup_000932.jpg,data_sources/ai_generated/FLUX_TopUp,ai_generated,1024,1024,1.0,JPEG,221916,f40950e693fcbcb0ba72812f67afb064,2dbec31b531590c2bd945565f1975790fdb51e686ea1564eaee9308f708e2665,1.0,92a0fdb76ac1af02,ok,360.7699928244074,True,True,cluster_01997,test,/home/dheirav/Code/Deepfake_Detection/deepfake-project/dataset_builder/test/ai_generated/flux_topup_000932.jpg
data_sources/ai_generated/FLUX_TopUp/flux_topup_000934.jpg,data_sources/ai_generated/FLUX_TopUp,ai_generated,1024,1024,1.0,JPEG,348690,af365a163352cc002c59a64204b7f9f3,16374ec115c5603f4e03ec15878e76bb1773dc6f26807082a441b878744977a9,1.0,90ec7973cd96c318,ok,961.6115458292325,True,True,cluster_00965,test,/home/dheirav/Code/Deepfake_Detection/deepfake-project/dataset_builder/test/ai_generated/flux_topup_000934.jpg
data_sources/ai_generated/FLUX_TopUp/flux_topup_000936.jpg,data_sources/ai_generated/FLUX_TopUp,ai_generated,1024,1024,1.0,JPEG,278084,7a2fda3d18947444f918ab908ad3f6e0,582ce9615683245372093e72e2fad15959c1322b285e787f7529285ab82c0cf8,1.0,999126846d3fc56d,ok,267.1032267952687,True,True,cluster_01520,test,/home/dheirav/Code/Deepfake_Detection/deepfake-project/dataset_builder/test/ai_generated/flux_topup_000936.jpg
data_sources/ai_generated/FLUX_TopUp/flux_topup_000939.jpg,data_sources/ai_generated/FLUX_TopUp,ai_generated,1024,1024,1.0,JPEG,282015,3c1b4441efa6a7c4dd7f8ba6e955ef47,fa892777990ae5c1e5110ed8b0cd432b59c06f77e9407d74a0d4506a8ea06b53,1.0,d8b12f07813766ec,ok,466.8002175193386,True,True,cluster_01488,test,/home/dheirav/Code/Deepfake_Detection/deepfake-project/dataset_builder/test/ai_generated/flux_topup_000939.jpg
data_sources/ai_generated/FLUX_TopUp/flux_topup_000940.jpg,data_sources/ai_generated/FLUX_TopUp,ai_generated,1024,1024,1.0,JPEG,232053,b23a255588fc4060592a1fcbbdc72328,07b1c5d1db2c00d1bbc82c9b63f61942258e5cb77ef4125c498efb1a143ef1d5,1.0,a5859e93d99ab918,ok,187.0234949617943,True,True,cluster_01922,test,/home/dheirav/Code/Deepfake_Detection/deepfake-project/dataset_builder/test/ai_generated/flux_topup_000940.jpg
data_sources/ai_generated/FLUX_TopUp/flux_topup_000975.jpg,data_sources/ai_generated/FLUX_TopUp,ai_generated,1024,1024,1.0,JPEG,292020,f222eb31ce27f91f7d662b1a82946a4c,42389796e641092db8ec91fc9df38d8c5d63766c78c5f2415604377a1dcb641a,1.0,8778699867679263,ok,120.33393569999316,True,True,cluster_01402,test,/home/dheirav/Code/Deepfake_Detection/deepfake-project/dataset_builder/test/ai_generated/flux_topup_000975.jpg
data_sources/ai_generated/FLUX_TopUp/flux_topup_000979.jpg,data_sources/ai_generated/FLUX_TopUp,ai_generated,1024,1024,1.0,JPEG,234599,6c6308acdbc72e69258a0a4a5fa1960b,a171e63011084ce758dcff12dabe01f04356cf3b7de0ffcf7cd6e70ba0e8ee67,1.0,e9f4866131ee86d2,ok,482.63488853041406,True,True,cluster_01902,test,/home/dheirav/Code/Deepfake_Detection/deepfake-project/dataset_builder/test/ai_generated/flux_topup_000979.jpg
data_sources/ai_generated/FLUX_TopUp/flux_topup_000982.jpg,data_sources/ai_generated/FLUX_TopUp,ai_generated,1024,1024,1.0,JPEG,246127,188a2f0a460b9dca2107ef06345e3133,f827903df26acc0c5b21dccfe89f84a2a88f3f5a4e574d22160d7950a36f9757,1.0,e5a438c3ceb50e8e,ok,233.62902450443653,True,True,cluster_01796,test,/home/dheirav/Code/Deepfake_Detection/deepfake-project/dataset_builder/test/ai_generated/flux_topup_000982.jpg
data_sources/ai_generated/FLUX_TopUp/flux_topup_000990.jpg,data_sources/ai_generated/FLUX_TopUp,ai_generated,1024,1024,1.0,JPEG,364432,cf895d2e47efb8a3917b6e158f74dbc7,8d11a3e6b1783f3a2961252dd50da54666ea7a282f45fefaa4e60df9045dbee5,1.0,84c3e858bf27a38e,ok,1943.5623556636274,True,True,cluster_00873,test,/home/dheirav/Code/Deepfake_Detection/deepfake-project/dataset_builder/test/ai_generated/flux_topup_000990.jpg
data_sources/ai_generated/FLUX_TopUp/flux_topup_000992.jpg,data_sources/ai_generated/FLUX_TopUp,ai_generated,1024,1024,1.0,JPEG,279656,b69deb1ce33181f9dc9607a92ed9f91c,7312d61ad5efc3491b4a0048b2ba5f7808903350e1aff21a9889dc1fff9e41ca,1.0,dd16666c99c38279,ok,991.1638932803434,True,True,cluster_01506,test,/home/dheirav/Code/Deepfake_Detection/deepfake-project/dataset_builder/test/ai_generated/flux_topup_000992.jpg
data_sources/ai_generated/FLUX_TopUp/flux_topup_001000.jpg,data_sources/ai_generated/FLUX_TopUp,ai_generated,1024,1024,1.0,JPEG,403941,3c8c5444e39c587f875d11b6b40690d8,3a000f3c8d02c1021846b6d7f167fcb335e2509334e1480a194f1c7054d2c2a5,1.0,b0b8474e3f38f941,ok,1674.145227415479,True,True,cluster_00640,test,/home/dheirav/Code/Deepfake_Detection/deepfake-project/dataset_builder/test/ai_generated/flux_topup_001000.jpg
data_sources/ai_generated/FLUX_TopUp/flux_topup_001006.jpg,data_sources/ai_generated/FLUX_TopUp,ai_generated,1024,1024,1.0,JPEG,339538,327e7df1b8d90cc0bb5c6c88e87369b9,b00c45e2de5f2a22a18395d387d8d2c679771edc5a856e1e3adee9d3883af691,1.0,9c9696963439c3ae,ok,310.62958162015906,True,True,cluster_01017,test,/home/dheirav/Code/Deepfake_Detection/deepfake-project/dataset_builder/test/ai_generated/flux_topup_001006.jpg
data_sources/ai_generated/FLUX_TopUp/flux_topup_001011.jpg,data_sources/ai_generated/FLUX_TopUp,ai_generated,1024,1024,1.0,JPEG,287647,791ed6b2ea52f1e9144747fbe45cd34f,9b3b3374de0b5ad9e6f29c73ef8ae5db928f7bcfa94008eabe841d533665a66a,1.0,b6a319491f8cec78,ok,685.019442069627,True,True,cluster_01448,test,/home/dheirav/Code/Deepfake_Detection/deepfake-project/dataset_builder/test/ai_generated/flux_topup_001011.jpg
data_sources/ai_generated/FLUX_TopUp/flux_topup_001013.jpg,data_sources/ai_generated/FLUX_TopUp,ai_generated,1024,1024,1.0,JPEG,474906,13f2695259701680893b259298710795,f0c98a4c45095523fb9373de05a87b028aa574dc8567a1a8cd3bcda2a895f759,1.0,d99898ef12b28ea6,ok,3286.0597978076244,True,True,cluster_00266,test,/home/dheirav/Code/Deepfake_Detection/deepfake-project/dataset_builder/test/ai_generated/flux_topup_001013.jpg
data_sources/ai_generated/FLUX_TopUp/flux_topup_001027.jpg,data_sources/ai_generated/FLUX_TopUp,ai_generated,1024,1024,1.0,JPEG,223213,b4d262349a13dd025103f89e4796aadc,54315d435affcc8cfd444403ded77bae562b2b03c332f07b0c2f9f9e91d54f9a,1.0,c59796b698996a61,ok,462.3645446894079,True,True,cluster_01988,test,/home/dheirav/Code/Deepfake_Detection/deepfake-project/dataset_builder/test/ai_generated/flux_topup_001027.jpg
data_sources/ai_generated/FLUX_TopUp/flux_topup_001031.jpg,data_sources/ai_generated/FLUX_TopUp,ai_generated,1024,1024,1.0,JPEG,406394,3e7e0972407e1bb09dc3ef4367b5bf82,4ac3899d3a4d4fcca7ee8cae8b6e476d62a8d6e3b3bd73f77816c197f0effe12,1.0,8cc6e371e0b872b9,ok,1758.7616128260229,True,True,cluster_00627,test,/home/dheirav/Code/Deepfake_Detection/deepfake-project/dataset_builder/test/ai_generated/flux_topup_001031.jpg
data_sources/ai_generated/FLUX_TopUp/flux_topup_001033.jpg,data_sources/ai_generated/FLUX_TopUp,ai_generated,1024,1024,1.0,JPEG,442600,a2b2449ec3bfa0e4f2ecf1afc9e17ace,e6352640a668357a6c47bb8bd2c4a6a3db7250d9ea2dd0f437e3460cf25d4ed1,1.0,81d4f4aa683a9e6b,ok,3188.3154954694605,True,True,cluster_00415,test,/home/dheirav/Code/Deepfake_Detection/deepfake-project/dataset_builder/test/ai_generated/flux_topup_001033.jpg
data_sources/ai_generated/FLUX_TopUp/flux_topup_001036.jpg,data_sources/ai_generated/FLUX_TopUp,ai_generated,1024,1024,1.0,JPEG,534600,a3b8dc9711f2f5a32b378dfb0985908f,8bd516c90fe4939fd9ed4dc9c38692d4267b0f83f0b43fc0fa7d9f91e7501118,1.0,9496e0eb2394bf25,ok,4012.3241238584415,True,True,cluster_00092,test,/home/dheirav/Code/Deepfake_Detection/deepfake-project/dataset_builder/test/ai_generated/flux_topup_001036.jpg
data_sources/ai_generated/FLUX_TopUp/flux_topup_001037.jpg,data_sources/ai_generated/FLUX_TopUp,ai_generated,1024,1024,1.0,JPEG,302412,d80ba8c23d7907521b4fd03b6062afcf,c837a4ddbb4961a9ba136cd57d0ec9520db34058f7d1a161916a82c8828aa3b3,1.0,939a4e4eb6b04dcc,ok,413.7489310314413,True,True,cluster_01327,test,/home/dheirav/Code/Deepfake_Detection/deepfake-project/dataset_builder/test/ai_generated/flux_topup_001037.jpg
data_sources/ai_generated/FLUX_TopUp/flux_topup_001042.jpg,data_sources/ai_generated/FLUX_TopUp,ai_generated,1024,1024,1.0,JPEG,254947,931118cb5d76756468371a2687495897,f3171db9cd7cbc73e72058335d7331ffff0a597cc0ecc4c25d1df53a434652f7,1.0,95e3fc750709b2c8,ok,193.50231223594798,True,True,cluster_01717,test,/home/dheirav/Code/Deepfake_Detection/deepfake-project/dataset_builder/test/ai_generated/flux_topup_001042.jpg
data_sources/ai_generated/FLUX_TopUp/flux_topup_001044.jpg,data_sources/ai_generated/FLUX_TopUp,ai_generated,1024,1024,1.0,JPEG,289521,e11c47d7a79a5e0e34406180eb5187fa,8e85cb0d6cd585394417e625b820dcdffd94f9655f4616f921cb4297e20ca85f,1.0,8999396d7266c333,ok,597.8436199333582,True,True,cluster_01425,test,/home/dheirav/Code/Deepfake_Detection/deepfake-project/dataset_builder/test/ai_generated/flux_topup_001044.jpg
data_sources/ai_generated/FLUX_TopUp/flux_topup_001047.jpg,data_sources/ai_generated/FLUX_TopUp,ai_generated,1024,1024,1.0,JPEG,537097,039d00801c49d9737808e4383b2fd479,1e6e3fa7c3ffe05bf83e4e0a6332dae3239ab8c77c4cd63cbd9b666129855626,1.0,9cde3a3d2983e311,ok,2656.8025420071126,True,True,cluster_00087,test,/home/dheirav/Code/Deepfake_Detection/deepfake-project/dataset_builder/test/ai_generated/flux_topup_001047.jpg
data_sources/ai_generated/FLUX_TopUp/flux_topup_001049.jpg,data_sources/ai_generated/FLUX_TopUp,ai_generated,1024,1024,1.0,JPEG,547020,c4f17b03c1cdbded98ee4de7ed8fe7af,cfc3768576934e60de2ae5c9ccb16afcd61541ae04781bd7630aea823fbe22e4,1.0,83cb63ac6c9e8723,ok,3900.5429917865977,True,True,cluster_00070,test,/home/dheirav/Code/Deepfake_Detection/deepfake-project/dataset_builder/test/ai_generated/flux_topup_001049.jpg
data_sources/ai_generated/FLUX_TopUp/flux_topup_001050.jpg,data_sources/ai_generated/FLUX_TopUp,ai_generated,1024,1024,1.0,JPEG,368758,0ea470aad64272ea8bda66cc39c5c88f,0c7302953970a316d65f18317ee2fdd92f8fa50211010dbee38c336fc35a72a8,1.0,b0e64fdd686c4a4a,ok,628.6704937761015,True,True,cluster_00839,test,/home/dheirav/Code/Deepfake_Detection/deepfake-project/dataset_builder/test/ai_generated/flux_topup_001050.jpg
data_sources/ai_generated/FLUX_TopUp/flux_topup_001052.jpg,data_sources/ai_generated/FLUX_TopUp,ai_generated,1024,1024,1.0,JPEG,252991,f5f7ea61826fefaa3c43094b195821e3,588b2a7968e4e960c89237f4023a8d4896e972973e5e654f4080f57dc7af59df,1.0,c7c7363831393c39,ok,674.0445640934986,True,True,cluster_01735,test,/home/dheirav/Code/Deepfake_Detection/deepfake-project/dataset_builder/test/ai_generated/flux_topup_001052.jpg
data_sources/ai_generated/FLUX_TopUp/flux_topup_001053.jpg,data_sources/ai_generated/FLUX_TopUp,ai_generated,1024,1024,1.0,JPEG,395840,ce87c3601a6e080b73a7b78a22fc5241,624cb0170f2c90235609b408de24eaacdb5eb5859bec0c63006d192f1f10897b,1.0,cb9bca68f2d83047,ok,1121.3650043070336,True,True,cluster_00686,test,/home/dheirav/Code/Deepfake_Detection/deepfake-project/dataset_builder/test/ai_generated/flux_topup_001053.jpg
data_sources/ai_generated/FLUX_TopUp/flux_topup_001057.jpg,data_sources/ai_generated/FLUX_TopUp,ai_generated,1024,1024,1.0,JPEG,237653,29bdacddcc2dea8a39b72d239c7a39eb,78dee0c7d6435b2b7168f392327c9e115bf0dbde8d2444c5d524a8216d88b736,1.0,93936d4e666432b3,ok,1213.5668327821436,True,True,cluster_01878,test,/home/dheirav/Code/Deepfake_Detection/deepfake-project/dataset_builder/test/ai_generated/flux_topup_001057.jpg
data_sources/ai_generated/FLUX_TopUp/flux_topup_001062.jpg,data_sources/ai_generated/FLUX_TopUp,ai_generated,1024,1024,1.0,JPEG,468303,49c8d58f7a61b433897c948e42bbd81a,a5e5e9197bd9c93d76eb552b0c708f0107a4a6b030bef318658d10d5c8279edc,1.0,94b4cada6ed46589,ok,1655.9333590229508,True,True,cluster_00297,test,/home/dheirav/Code/Deepfake_Detection/deepfake-project/dataset_builder/test/ai_generated/flux_topup_001062.jpg
data_sources/ai_generated/FLUX_TopUp/flux_topup_001065.jpg,data_sources/ai_generated/FLUX_TopUp,ai_generated,1024,1024,1.0,JPEG,325303,bcf6129c0e876e6d242e8960af525065,17d44b151985a4aa302029aef3e39b9b936107eda80d7ae6c6b758a7522b01ea,1.0,9d9c61715f66e08c,ok,701.7661396865587,True,True,cluster_01125,test,/home/dheirav/Code/Deepfake_Detection/deepfake-project/dataset_builder/test/ai_generated/flux_topup_001065.jpg
data_sources/ai_generated/FLUX_TopUp/flux_topup_001068.jpg,data_sources/ai_generated/FLUX_TopUp,ai_generated,1024,1024,1.0,JPEG,331879,cff03b1f1dc8e632176b6eb57bc0c8b8,e03cac3033c643bc8ba1fb93ebe032c330bcb27b755157c8c70e4c83344d3f46,1.0,87985e9267e913d2,ok,864.6410192254552,True,True,cluster_01082,test,/home/dheirav/Code/Deepfake_Detection/deepfake-project/dataset_builder/test/ai_generated/flux_topup_001068.jpg
data_sources/ai_generated/FLUX_TopUp/flux_topup_001069.jpg,data_sources/ai_generated/FLUX_TopUp,ai_generated,1024,1024,1.0,JPEG,289401,ce70faf55352994c65305503ff4670e6,d393e42688c55200e87fa3f0fc8b3e950bf59d7d8a8ecd78959fcbedc14473f3,1.0,d2f2988766646979,ok,380.2760857935054,True,True,cluster_01428,test,/home/dheirav/Code/Deepfake_Detection/deepfake-project/dataset_builder/test/ai_generated/flux_topup_001069.jpg
data_sources/ai_generated/FLUX_TopUp/flux_topup_001071.jpg,data_sources/ai_generated/FLUX_TopUp,ai_generated,1024,1024,1.0,JPEG,332118,d38af12660f38007c66947a2d0b90e86,1b4c09a56910d2829a98e3eae3fe51e234bd6f3aaaa61f7f589a20e39f7238df,1.0,92b1374c789a6d63,ok,1054.361042937408,True,True,cluster_01079,test,/home/dheirav/Code/Deepfake_Detection/deepfake-project/dataset_builder/test/ai_generated/flux_topup_001071.jpg
data_sources/ai_generated/FLUX_TopUp/flux_topup_001073.jpg,data_sources/ai_generated/FLUX_TopUp,ai_generated,1024,1024,1.0,JPEG,240620,df9449a95883cefa6c892d9f12320e8b,520221d2409563e8e52a48cb7c16edf912c4c420c34279fae42f5c6ed9178df2,1.0,a1b19a4f65a6d626,ok,395.085698841136,True,True,cluster_01849,test,/home/dheirav/Code/Deepfake_Detection/deepfake-project/dataset_builder/test/ai_generated/flux_topup_001073.jpg
data_sources/ai_generated/FLUX_TopUp/flux_topup_001075.jpg,data_sources/ai_generated/FLUX_TopUp,ai_generated,1024,1024,1.0,JPEG,233628,d2fbba7897b31e6714a63419ff67e76b,0e8a712217e057a6cc7c0d9f709eb64bf562dd8bf959abceb7cbe264bef16eb5,1.0,97d91986666c49f2,ok,140.29984198071816,True,True,cluster_01907,test,/home/dheirav/Code/Deepfake_Detection/deepfake-project/dataset_builder/test/ai_generated/flux_topup_001075.jpg
data_sources/ai_generated/FLUX_TopUp/flux_topup_001086.jpg,data_sources/ai_generated/FLUX_TopUp,ai_generated,1024,1024,1.0,JPEG,521822,1bcc5d4e66a7cb2fe211d4cebd79d25f,61180808ecaf14fc251a6239025cc593dfe63f9115b0e41cbaf075535e39e372,1.0,91858de83872e6de,ok,3387.942861762771,True,True,cluster_00116,test,/home/dheirav/Code/Deepfake_Detection/deepfake-project/dataset_builder/test/ai_generated/flux_topup_001086.jpg
data_sources/ai_generated/FLUX_TopUp/flux_topup_001087.jpg,data_sources/ai_generated/FLUX_TopUp,ai_generated,1024,1024,1.0,JPEG,225275,f9b4adc39694edfd338df5b8d3203937,7a93dc139d610de40985f1bc10b9e95b7d35c47e4bbdd815cd4cd6ac6f89e6b5,1.0,c3d1dce66e0bc1b0,ok,615.2433182070381,True,True,cluster_01970,test,/home/dheirav/Code/Deepfake_Detection/deepfake-project/dataset_builder/test/ai_generated/flux_topup_001087.jpg
data_sources/ai_generated/FLUX_TopUp/flux_topup_001090.jpg,data_sources/ai_generated/FLUX_TopUp,ai_generated,1024,1024,1.0,JPEG,420163,634e67cbab4dcd5cfbddbc6a76f33064,47a64f1262d05eb4f588a009c20620c3afee1ea855721f67804728d528791149,1.0,daf80564f81e65d4,ok,1062.8692637855265,True,True,cluster_00546,test,/home/dheirav/Code/Deepfake_Detection/deepfake-project/dataset_builder/test/ai_generated/flux_topup_001090.jpg
data_sources/ai_generated/FLUX_TopUp/flux_topup_001094.jpg,data_sources/ai_generated/FLUX_TopUp,ai_generated,1024,1024,1.0,JPEG,301262,844ccb3b1c77c52fc17c286505bd18c3,1c92e52eeb296c9e8a039938805d116b740270226d41d32b0dba2e2dceab7460,1.0,c7e13c96c23996ca,ok,197.7483954930176,True,True,cluster_01337,test,/home/dheirav/Code/Deepfake_Detection/deepfake-project/dataset_builder/test/ai_generated/flux_topup_001094.jpg
data_sources/ai_generated/FLUX_TopUp/flux_topup_001097.jpg,data_sources/ai_generated/FLUX_TopUp,ai_generated,1024,1024,1.0,JPEG,368446,7f14f4a310def4f067d10470c1e25716,64ca4af57bd069ffe489fd5a1bb0a70f447d07cf4fc8ef7d20783ce73ccd9128,1.0,9f9b9889792c6938,ok,995.5995248846846,True,True,cluster_00840,test,/home/dheirav/Code/Deepfake_Detection/deepfake-project/dataset_builder/test/ai_generated/flux_topup_001097.jpg
data_sources/ai_generated/FLUX_TopUp/flux_topup_001098.jpg,data_sources/ai_generated/FLUX_TopUp,ai_generated,1024,1024,1.0,JPEG,290032,8318cf5c11c42739b1cac36326d49ff3,dca2b709a0f7466ed6d0a486bd364659fc8891c772f7406a64834d36f8edf01f,1.0,9c984243dbdc7c36,ok,360.2827839115307,True,True,cluster_01421,test,/home/dheirav/Code/Deepfake_Detection/deepfake-project/dataset_builder/test/ai_generated/flux_topup_001098.jpg
data_sources/ai_generated/FLUX_TopUp/flux_topup_001102.jpg,data_sources/ai_generated/FLUX_TopUp,ai_generated,1024,1024,1.0,JPEG,377251,4b03725c847c90dd8ca85163978b9106,c5f4a665b3e649bd53b56d0ff909ff8c88a699e5ceaaab72cbf0343d65c629f4,1.0,82b8ce5e653790ce,ok,1256.8273865283036,True,True,cluster_00790,test,/home/dheirav/Code/Deepfake_Detection/deepfake-project/dataset_builder/test/ai_generated/flux_topup_001102.jpg
data_sources/ai_generated/FLUX_TopUp/flux_topup_001106.jpg,data_sources/ai_generated/FLUX_TopUp,ai_generated,1024,1024,1.0,JPEG,406250,bc98f1470f4ed9ad77deb63d467686aa,56c81029b3ff749591f70f98ad9ccf9d34dd23caa78d9a6e7823a29bfe52ea90,1.0,dad2322c27c7663c,ok,1571.822546460142,True,True,cluster_00629,test,/home/dheirav/Code/Deepfake_Detection/deepfake-project/dataset_builder/test/ai_generated/flux_topup_001106.jpg
data_sources/ai_generated/FLUX_TopUp/flux_topup_001107.jpg,data_sources/ai_generated/FLUX_TopUp,ai_generated,1024,1024,1.0,JPEG,283718,720236919ec13fac348716fd506fe0f0,86892d45ae9251ae9dbebcd641e8fa9e1bacd9976e4965c9e04200561ab13a2b,1.0,d91367e6264c6ccc,ok,206.41122905686552,True,True,cluster_01480,test,/home/dheirav/Code/Deepfake_Detection/deepfake-project/dataset_builder/test/ai_generated/flux_topup_001107.jpg
data_sources/ai_generated/FLUX_TopUp/flux_topup_001108.jpg,data_sources/ai_generated/FLUX_TopUp,ai_generated,1024,1024,1.0,JPEG,359695,27d6f8a3907d8d73087fe70d302d730c,e7fc4faba1437866d959125c4218eb08face278fe5a1c329de6d8d6102d83546,1.0,c7927d2960dd92c5,ok,1377.1078195610817,True,True,cluster_00902,test,/home/dheirav/Code/Deepfake_Detection/deepfake-project/dataset_builder/test/ai_generated/flux_topup_001108.jpg
data_sources/ai_generated/FLUX_TopUp/flux_topup_001109.jpg,data_sources/ai_generated/FLUX_TopUp,ai_generated,1024,1024,1.0,JPEG,274166,944e53ee103aca10270d3ae2c31d5bb6,d481155157d1410c7729ef1f34e912b36582e5c1413cd82610e17db67682af35,1.0,c0a72f3cd65ba00f,ok,245.90433864824809,True,True,cluster_01549,test,/home/dheirav/Code/Deepfake_Detection/deepfake-project/dataset_builder/test/ai_generated/flux_topup_001109.jpg
data_sources/ai_generated/FLUX_TopUp/flux_topup_001110.jpg,data_sources/ai_generated/FLUX_TopUp,ai_generated,1024,1024,1.0,JPEG,385193,e5fa795ef1d8b00b9186dccbf4035f98,caea51b628b2adb389f8fb263e339d723b9164fa69f26b273636eb8f34b71d50,1.0,d7f0284f44cd7b84,ok,837.6537716486744,True,True,cluster_00750,test,/home/dheirav/Code/Deepfake_Detection/deepfake-project/dataset_builder/test/ai_generated/flux_topup_001110.jpg
data_sources/ai_generated/FLUX_TopUp/flux_topup_001111.jpg,data_sources/ai_generated/FLUX_TopUp,ai_generated,1024,1024,1.0,JPEG,383950,56cc003731c6e55cbb8f96403989c6a5,b6c76b81696d91a68a8a8f2d34dd845a3da7a1220bcb6b57572a3aa156a874ea,1.0,c9c932764d0dadb4,ok,908.8892192836172,True,True,cluster_00758,test,/home/dheirav/Code/Deepfake_Detection/deepfake-project/dataset_builder/test/ai_generated/flux_topup_001111.jpg
data_sources/ai_generated/FLUX_TopUp/flux_topup_001123.jpg,data_sources/ai_generated/FLUX_TopUp,ai_generated,1024,1024,1.0,JPEG,456322,632cdbd5d8ef1bf6f32ca78286a6b5b5,87520b871c1c7bbc96681133c9c2da6d213cc76febf5d87ed2f948f5d71f080e,1.0,95952d6a1a1e0ebb,ok,2835.514046191205,True,True,cluster_00346,test,/home/dheirav/Code/Deepfake_Detection/deepfake-project/dataset_builder/test/ai_generated/flux_topup_001123.jpg
data_sources/ai_generated/FLUX_TopUp/flux_topup_001126.jpg,data_sources/ai_generated/FLUX_TopUp,ai_generated,1024,1024,1.0,JPEG,234009,3f5e3b2a04dc206df507dff5a200d85a,1ab1866535cd836c13b84789eaf01f19626576642d94cfa9caa5dfa71f95d9f2,1.0,b3a70dea43303c3b,ok,186.5570006834132,True,True,cluster_01906,test,/home/dheirav/Code/Deepfake_Detection/deepfake-project/dataset_builder/test/ai_generated/flux_topup_001126.jpg
data_sources/ai_generated/FLUX_TopUp/flux_topup_001132.jpg,data_sources/ai_generated/FLUX_TopUp,ai_generated,1024,1024,1.0,JPEG,331853,150aef4b1e3c3b13b7ed5e40f973d77e,13ce1b00c80f672b220bded43a7c771ec5a1b025b7fc978e0824c56d890d7e38,1.0,9ee93423a479546b,ok,595.1472273839089,True,True,cluster_01083,test,/home/dheirav/Code/Deepfake_Detection/deepfake-project/dataset_builder/test/ai_generated/flux_topup_001132.jpg
data_sources/ai_generated/FLUX_TopUp/flux_topup_001136.jpg,data_sources/ai_generated/FLUX_TopUp,ai_generated,1024,1024,1.0,JPEG,324772,9285c6f2fc76664de52a7ddfa6c0de2e,08aa7c9a9560ebd8b54686646b4bb4fe0e1fa533851a8a0febb3b93bbbec9c93,1.0,93a72cce1e057972,ok,1022.8085487578273,True,True,cluster_01138,test,/home/dheirav/Code/Deepfake_Detection/deepfake-project/dataset_builder/test/ai_generated/flux_topup_001136.jpg
data_sources/ai_generated/FLUX_TopUp/flux_topup_001137.jpg,data_sources/ai_generated/FLUX_TopUp,ai_generated,1024,1024,1.0,JPEG,402008,d4d7bc8efa95bbd15e5fccdc97df36cb,7c19087f4324b82a74cec5aa9d0fa9fba9a5d44bf4bd796683277d8bf69829c1,1.0,99913a976496a56b,ok,575.765654162721,True,True,cluster_00653,test,/home/dheirav/Code/Deepfake_Detection/deepfake-project/dataset_builder/test/ai_generated/flux_topup_001137.jpg
data_sources/ai_generated/FLUX_TopUp/flux_topup_001139.jpg,data_sources/ai_generated/FLUX_TopUp,ai_generated,1024,1024,1.0,JPEG,258659,679d10002e399dc947f1ee8ac5391f56,d619cbd522ebd06094369cd640118c2a341fb4b5b83651ace4ff6dea9708269f,1.0,919923271fe3e25a,ok,183.75482460905093,True,True,cluster_01689,test,/home/dheirav/Code/Deepfake_Detection/deepfake-project/dataset_builder/test/ai_generated/flux_topup_001139.jpg
data_sources/ai_generated/FLUX_TopUp/flux_topup_001140.jpg,data_sources/ai_generated/FLUX_TopUp,ai_generated,1024,1024,1.0,JPEG,386149,eac68476da6e597d3df90e14d3c8ad0e,d5aca5094f178db36e053483b62dbe8a929047f80f1ec516d19fdbf3ffe2c140,1.0,9ceb51386b1761b4,ok,1820.8550483668475,True,True,cluster_00745,test,/home/dheirav/Code/Deepfake_Detection/deepfake-project/dataset_builder/test/ai_generated/flux_topup_001140.jpg
data_sources/ai_generated/FLUX_TopUp/flux_topup_001143.jpg,data_sources/ai_generated/FLUX_TopUp,ai_generated,1024,1024,1.0,JPEG,314687,046dcd01a60280be51ec064940ba997f,ed3b84698eb413a9eac1edf609bfe9ed7c806ba77860b50e554c639cd10babba,1.0,819016ae7b5fe83a,ok,485.7400846256496,True,True,cluster_01215,test,/home/dheirav/Code/Deepfake_Detection/deepfake-project/dataset_builder/test/ai_generated/flux_topup_001143.jpg
data_sources/ai_generated/FLUX_TopUp/flux_topup_001149.jpg,data_sources/ai_generated/FLUX_TopUp,ai_generated,1024,1024,1.0,JPEG,298931,8c93179fc5e526ad0d40828f69997217,902cdb704ad8ea5a0a7a013853ed55da13a4fa6ab2b42447c2a5b483153bebba,1.0,92cd4d9b26cecc31,ok,449.2139506019739,True,True,cluster_01353,test,/home/dheirav/Code/Deepfake_Detection/deepfake-project/dataset_builder/test/ai_generated/flux_topup_001149.jpg
data_sources/ai_generated/FLUX_TopUp/flux_topup_001150.jpg,data_sources/ai_generated/FLUX_TopUp,ai_generated,1024,1024,1.0,JPEG,326700,0481d40e88b9ab0c82aeb37da75fcd68,757c96211cc354d4ab423ed56a0926ecff1c3ae049ce3341c668cc4760f60e7f,1.0,eaee15119c979097,ok,468.2031676471805,True,True,cluster_01120,test,/home/dheirav/Code/Deepfake_Detection/deepfake-project/dataset_builder/test/ai_generated/flux_topup_001150.jpg
data_sources/ai_generated/FLUX_TopUp/flux_topup_001157.jpg,data_sources/ai_generated/FLUX_TopUp,ai_generated,1024,1024,1.0,JPEG,298652,41c7bca865d233495cb578fc936561dd,48af37b072a485d7add036153cbbe53a6eae438986488b037e90dee1dd72175c,1.0,94e17a384f5525ec,ok,433.42628192606105,True,True,cluster_01360,test,/home/dheirav/Code/Deepfake_Detection/deepfake-project/dataset_builder/test/ai_generated/flux_topup_001157.jpg
data_sources/ai_generated/FLUX_TopUp/flux_topup_001159.jpg,data_sources/ai_generated/FLUX_TopUp,ai_generated,1024,1024,1.0,JPEG,320670,ccceecc6fec86d76619795e88d4ffc49,762015c7844b543290324236e59fee8cd58af642d7d6b6a16fcb18c80c4618ba,1.0,9999856c15979f26,ok,868.0874432989212,True,True,cluster_01172,test,/home/dheirav/Code/Deepfake_Detection/deepfake-project/dataset_builder/test/ai_generated/flux_topup_001159.jpg
data_sources/ai_generated/FLUX_TopUp/flux_topup_001160.jpg,data_sources/ai_generated/FLUX_TopUp,ai_generated,1024,1024,1.0,JPEG,401185,5e419669b76bd47d2654b3ad102b709a,660da8be01b6e1c788597228098f10a488ed0b4d72e41de9103cb1ec4fb2ebf1,1.0,b8a6478dc86f3427,ok,1612.7067479983154,True,True,cluster_00662,test,/home/dheirav/Code/Deepfake_Detection/deepfake-project/dataset_builder/test/ai_generated/flux_topup_001160.jpg
data_sources/ai_generated/FLUX_TopUp/flux_topup_001162.jpg,data_sources/ai_generated/FLUX_TopUp,ai_generated,1024,1024,1.0,JPEG,452486,f20fc95e3a08dc95c8c0623503b804ec,aafc557a9c7aef3486f4b246c0e65afc4dca3321f4ad263ca5c47489377770be,1.0,9292a0692fcbd3f4,ok,2473.508507301798,True,True,cluster_00358,test,/home/dheirav/Code/Deepfake_Detection/deepfake-project/dataset_builder/test/ai_generated/flux_topup_001162.jpg
data_sources/ai_generated/FLUX_TopUp/flux_topup_001166.jpg,data_sources/ai_generated/FLUX_TopUp,ai_generated,1024,1024,1.0,JPEG,401443,6c211d444d6b3e13087abd6dd9635e36,0e053006f11f72cb7db4140f4206a9913f391369a1316305f39895e721309125,1.0,998567a7a184b697,ok,904.2955187807156,True,True,cluster_00657,test,/home/dheirav/Code/Deepfake_Detection/deepfake-project/dataset_builder/test/ai_generated/flux_topup_001166.jpg
data_sources/ai_generated/FLUX_TopUp/flux_topup_001169.jpg,data_sources/ai_generated/FLUX_TopUp,ai_generated,1024,1024,1.0,JPEG,327453,2f75ff9e75923b5169facd29fb72cc2b,ed3da003bab303884b425279bca474ae469a885e7c1c5f7204b66a40bce46091,1.0,92cb2de402bf9a2d,ok,569.8366536927487,True,True,cluster_01110,test,/home/dheirav/Code/Deepfake_Detection/deepfake-project/dataset_builder/test/ai_generated/flux_topup_001169.jpg
data_sources/ai_generated/FLUX_TopUp/flux_topup_001191.jpg,data_sources/ai_generated/FLUX_TopUp,ai_generated,1024,1024,1.0,JPEG,330454,579eee876d6fffe73e9089a30aa93dd3,792f881e01c8eda6b62e594bfc6cf833b1f8277dab4375b95ccdbcbda9c53c92,1.0,adee42452cbc3353,ok,789.6905263875233,True,True,cluster_01095,test,/home/dheirav/Code/Deepfake_Detection/deepfake-project/dataset_builder/test/ai_generated/flux_topup_001191.jpg
data_sources/ai_generated/FLUX_TopUp/flux_topup_001200.jpg,data_sources/ai_generated/FLUX_TopUp,ai_generated,1024,1024,1.0,JPEG,301032,f8b439052ac08843d19263f6d09d2689,160984def53f2396c942df4f8e78056c4e64136251b889e7e8d2ab174bd1dbe6,1.0,b0e48fdb1b520d78,ok,801.3118671872207,True,True,cluster_01342,test,/home/dheirav/Code/Deepfake_Detection/deepfake-project/dataset_builder/test/ai_generated/flux_topup_001200.jpg
data_sources/ai_generated/FLUX_TopUp/flux_topup_001207.jpg,data_sources/ai_generated/FLUX_TopUp,ai_generated,1024,1024,1.0,JPEG,258976,d7af8c4c5fb01f08eb9e22ca7ade495b,a040c544cddc64a49129cb4b36e76ca4b425c851016d885c8aa8505e0f749158,1.0,981f9dd237892695,ok,192.98587496387245,True,True,cluster_01685,test,/home/dheirav/Code/Deepfake_Detection/deepfake-project/dataset_builder/test/ai_generated/flux_topup_001207.jpg
data_sources/ai_generated/FLUX_TopUp/flux_topup_001208.jpg,data_sources/ai_generated/FLUX_TopUp,ai_generated,1024,1024,1.0,JPEG,335044,a3cdcb74986582feea88f5036f0b1ef0,bbbd52e74881d8687f3dda85be689e7733ece6d5e85d216f09cf522fed73c2d3,1.0,95936a6e699a2565,ok,1490.3151920808514,True,True,cluster_01062,test,/home/dheirav/Code/Deepfake_Detection/deepfake-project/dataset_builder/test/ai_generated/flux_topup_001208.jpg
data_sources/ai_generated/FLUX_TopUp/flux_topup_001211.jpg,data_sources/ai_generated/FLUX_TopUp,ai_generated,1024,1024,1.0,JPEG,619650,b7d4b55fce636a54885c096ccfe9eb06,f7fca121c69aec3dfa168a75396ec8d834f0bbb292fef1dc24b498193b21ff2b,1.0,87d79a98389ccc36,ok,3588.837040291029,True,True,cluster_00011,test,/home/dheirav/Code/Deepfake_Detection/deepfake-project/dataset_builder/test/ai_generated/flux_topup_001211.jpg
data_sources/ai_generated/FLUX_TopUp/flux_topup_001214.jpg,data_sources/ai_generated/FLUX_TopUp,ai_generated,1024,1024,1.0,JPEG,433081,71550cfbe2969c082bf7a06564dfef1f,3902f086214e846bbbc536fd4143a3c991b7cfe080b0b62069bdcda73524bd79,1.0,d0d5c39f9b1c984a,ok,2294.7106364554265,True,True,cluster_00465,test,/home/dheirav/Code/Deepfake_Detection/deepfake-project/dataset_builder/test/ai_generated/flux_topup_001214.jpg
data_sources/ai_generated/FLUX_TopUp/flux_topup_001215.jpg,data_sources/ai_generated/FLUX_TopUp,ai_generated,1024,1024,1.0,JPEG,314120,6be750d9aeeaae301f86ffa87d520375,afe4f162ab2104bf8f9ea4b9e1eed8ba8c83efb0cb1599da676906afbf52e980,1.0,d0e0cbcb722c8d9b,ok,545.6866187875484,True,True,cluster_01217,test,/home/dheirav/Code/Deepfake_Detection/deepfake-project/dataset_builder/test/ai_generated/flux_topup_001215.jpg
data_sources/ai_generated/FLUX_TopUp/flux_topup_001220.jpg,data_sources/ai_generated/FLUX_TopUp,ai_generated,1024,1024,1.0,JPEG,422597,ef52079b5ef56f649a6f60e1a18126f2,7d7d96c1f7384236348445a45eb1d51af3fa4985f6e589a81f4c6f7d83e05861,1.0,9d962f2c23a78783,ok,1646.9969585611211,True,True,cluster_00528,test,/home/dheirav/Code/Deepfake_Detection/deepfake-project/dataset_builder/test/ai_generated/flux_topup_001220.jpg
data_sources/ai_generated/FLUX_TopUp/flux_topup_001229.jpg,data_sources/ai_generated/FLUX_TopUp,ai_generated,1024,1024,1.0,JPEG,264649,7194a5105be80bb376587a9e6d5e2b0d,13dc804ee49085107eeb8ad201a46ec4fd4fd1201efab6e4c22660965da4c29c,1.0,8cb351ec77321c27,ok,626.3143356280915,True,True,cluster_01634,test,/home/dheirav/Code/Deepfake_Detection/deepfake-project/dataset_builder/test/ai_generated/flux_topup_001229.jpg
data_sources/ai_generated/FLUX_TopUp/flux_topup_001233.jpg,data_sources/ai_generated/FLUX_TopUp,ai_generated,1024,1024,1.0,JPEG,234048,fa929437e05cd35473c51da9c1eb96f3,ae4040e8fdc5f641ce6fe483e98b4522686d77616ea72dae890eee7003ee1534,1.0,b0e8c783a8ddcde0,ok,427.39276981352936,True,True,cluster_01905,test,/home/dheirav/Code/Deepfake_Detection/deepfake-project/dataset_builder/test/ai_generated/flux_topup_001233.jpg
data_sources/ai_generated/FLUX_TopUp/flux_topup_001242.jpg,data_sources/ai_generated/FLUX_TopUp,ai_generated,1024,1024,1.0,JPEG,488196,d25cae532243ea42043af14095ff80df,4f43040b7b7a7dbde9d0a037688bbae6b77bb58ada75c1d4fd9fa43f01916b22,1.0,97d64a6c901f24db,ok,2172.3351268749666,True,True,cluster_00221,test,/home/dheirav/Code/Deepfake_Detection/deepfake-project/dataset_builder/test/ai_generated/flux_topup_001242.jpg
data_sources/ai_generated/FLUX_TopUp/flux_topup_001243.jpg,data_sources/ai_generated/FLUX_TopUp,ai_generated,1024,1024,1.0,JPEG,413623,b6047ec6d43686ef179989f559f59ba3,f7b8515aac92536107f8f9362f11828be46855b59486646e762253f64036086e,1.0,f0e1830a9c9db772,ok,1429.9599737296667,True,True,cluster_00577,test,/home/dheirav/Code/Deepfake_Detection/deepfake-project/dataset_builder/test/ai_generated/flux_topup_001243.jpg
data_sources/ai_generated/FLUX_TopUp/flux_topup_001249.jpg,data_sources/ai_generated/FLUX_TopUp,ai_generated,1024,1024,1.0,JPEG,448170,6de69a7e0d2d072ce397119c33973a84,03264de5c97e4ff6fa3fcbc9803ed9999fd9d380bc67a787762687b547aed1e5,1.0,83b7b4681a846ddb,ok,881.6297261870557,True,True,cluster_00388,test,/home/dheirav/Code/Deepfake_Detection/deepfake-project/dataset_builder/test/ai_generated/flux_topup_001249.jpg
data_sources/ai_generated/FLUX_TopUp/flux_topup_001251.jpg,data_sources/ai_generated/FLUX_TopUp,ai_generated,1024,1024,1.0,JPEG,312864,bd6371f4694b6112710b5c3791be9e84,9eb98e1c17a10ca0c09c1a3b08fff7cabfa1328ae8fc3dd3e8ae82d6382c5dfe,1.0,eed7101c6fc034b9,ok,939.2124266786836,True,True,cluster_01228,test,/home/dheirav/Code/Deepfake_Detection/deepfake-project/dataset_builder/test/ai_generated/flux_topup_001251.jpg
data_sources/ai_generated/FLUX_TopUp/flux_topup_001256.jpg,data_sources/ai_generated/FLUX_TopUp,ai_generated,1024,1024,1.0,JPEG,297374,8103fd027918b19fa7a787ea0257672c,03c8d45649f923cbaa9dafaefc650d7f41f0194c194579180737377be0f8c8d8,1.0,9d9192db4b2d2636,ok,626.270235378156,True,True,cluster_01370,test,/home/dheirav/Code/Deepfake_Detection/deepfake-project/dataset_builder/test/ai_generated/flux_topup_001256.jpg
data_sources/ai_generated/FLUX_TopUp/flux_topup_001262.jpg,data_sources/ai_generated/FLUX_TopUp,ai_generated,1024,1024,1.0,JPEG,499774,419631ed72a8e28d849a1f3edc6e086e,d4afe6369814ed4540b76c34e84baffcc663458a096bdc8f64b72dc4f6a13867,1.0,9983eb6f7a1c1164,ok,1601.05988638266,True,True,cluster_00173,test,/home/dheirav/Code/Deepfake_Detection/deepfake-project/dataset_builder/test/ai_generated/flux_topup_001262.jpg
data_sources/ai_generated/FLUX_TopUp/flux_topup_001263.jpg,data_sources/ai_generated/FLUX_TopUp,ai_generated,1024,1024,1.0,JPEG,394109,1472254342be8e6db7349f2cc3848d49,d8ad8b41e30876635688c5d44e358d90e02add4a79d441ecf419f2878a6b6bbd,1.0,94b73b391ac465c3,ok,893.4893740493532,True,True,cluster_00696,test,/home/dheirav/Code/Deepfake_Detection/deepfake-project/dataset_builder/test/ai_generated/flux_topup_001263.jpg
data_sources/ai_generated/FLUX_TopUp/flux_topup_001266.jpg,data_sources/ai_generated/FLUX_TopUp,ai_generated,1024,1024,1.0,JPEG,469543,5d67602e58f9716ccd1b122873ec9b3b,8b0916612f71c7872d73d5668abe738db4ec4d6cf3d68b9ec45b78260e2a1a6d,1.0,c0e2971979a70edc,ok,1762.7272121866074,True,True,cluster_00292,test,/home/dheirav/Code/Deepfake_Detection/deepfake-project/dataset_builder/test/ai_generated/flux_topup_001266.jpg
data_sources/ai_generated/FLUX_TopUp/flux_topup_001267.jpg,data_sources/ai_generated/FLUX_TopUp,ai_generated,1024,1024,1.0,JPEG,292860,41a132d43d754668f2d374ff0e19db66,5587f33862a4e0c779d975c44295713e6a7fb9f6971df476fbe2878dd1775e61,1.0,80e86b3d1fbeb580,ok,419.99555771675296,True,True,cluster_01396,test,/home/dheirav/Code/Deepfake_Detection/deepfake-project/dataset_builder/test/ai_generated/flux_topup_001267.jpg
data_sources/ai_generated/FLUX_TopUp/flux_topup_001272.jpg,data_sources/ai_generated/FLUX_TopUp,ai_generated,1024,1024,1.0,JPEG,245508,7a3863d0dd9c400f9130b7184d313831,c7c4bd9370e56a5a95dd185127c2395bdfb1d02ac76fce87422cfe908ded1409,1.0,959504b35d33b359,ok,184.17549778425655,True,True,cluster_01804,test,/home/dheirav/Code/Deepfake_Detection/deepfake-project/dataset_builder/test/ai_generated/flux_topup_001272.jpg
data_sources/ai_generated/FLUX_TopUp/flux_topup_001275.jpg,data_sources/ai_generated/FLUX_TopUp,ai_generated,1024,1024,1.0,JPEG,592589,51985f025ff618ea8e886fa8fd908011,f251c2f08368de0277265ff1b666e3398de76e491439a4b53813cad7b2251865,1.0,c69356f616d424cb,ok,4106.326874238142,True,True,cluster_00028,test,/home/dheirav/Code/Deepfake_Detection/deepfake-project/dataset_builder/test/ai_generated/flux_topup_001275.jpg
data_sources/ai_generated/FLUX_TopUp/flux_topup_001276.jpg,data_sources/ai_generated/FLUX_TopUp,ai_generated,1024,1024,1.0,JPEG,357908,8b2d0a752e7a21487cfd75a228857337,23d6753c63d9369df8140e4e1240eced5c368ddbd32ff2140fa02381df9b7b3e,1.0,e0a197165ee8e927,ok,793.6904255855441,True,True,cluster_00912,test,/home/dheirav/Code/Deepfake_Detection/deepfake-project/dataset_builder/test/ai_generated/flux_topup_001276.jpg
data_sources/ai_generated/FLUX_TopUp/flux_topup_001280.jpg,data_sources/ai_generated/FLUX_TopUp,ai_generated,1024,1024,1.0,JPEG,451139,a2b09c17000af1773b8c4f683a483cde,214e7e5b792dd63245ea07600d8e18e93e31b615d819c98531b168221b7832e4,1.0,96d7c961e1701ad9,ok,1635.8838440348472,True,True,cluster_00365,test,/home/dheirav/Code/Deepfake_Detection/deepfake-project/dataset_builder/test/ai_generated/flux_topup_001280.jpg
data_sources/ai_generated/FLUX_TopUp/flux_topup_001284.jpg,data_sources/ai_generated/FLUX_TopUp,ai_generated,1024,1024,1.0,JPEG,312567,b02a6f4d13f0a37404a3d9b532b5bf9d,bcafed2586db9fafef4e630e3dd7c62de580eaf32b8d7097662d3dca8c19a21f,1.0,9a9b32a6b2689bcc,ok,1153.7412404512788,True,True,cluster_01232,test,/home/dheirav/Code/Deepfake_Detection/deepfake-project/dataset_builder/test/ai_generated/flux_topup_001284.jpg
data_sources/ai_generated/FLUX_TopUp/flux_topup_001286.jpg,data_sources/ai_generated/FLUX_TopUp,ai_generated,1024,1024,1.0,JPEG,231768,8b55e560871d64fd30574970f496596f,78551bb6e4c5f1e02458aef195679c8ffbff3ef16fe0f92eb040f9116175bb2a,1.0,83afec705aa0fb11,ok,268.0086100940161,True,True,cluster_01926,test,/home/dheirav/Code/Deepfake_Detection/deepfake-project/dataset_builder/test/ai_generated/flux_topup_001286.jpg
data_sources/ai_generated/FLUX_TopUp/flux_topup_001290.jpg,data_sources/ai_generated/FLUX_TopUp,ai_generated,1024,1024,1.0,JPEG,258602,76c901cf7c7f402469d3df18dcb062e0,99a728b29e9f0ecdf01beaa26877269b2b0d530ea5d4da082d090aa847316db1,1.0,85a75b598c756331,ok,173.34692306221405,True,True,cluster_01690,test,/home/dheirav/Code/Deepfake_Detection/deepfake-project/dataset_builder/test/ai_generated/flux_topup_001290.jpg
data_sources/ai_generated/FLUX_TopUp/flux_topup_001297.jpg,data_sources/ai_generated/FLUX_TopUp,ai_generated,1024,1024,1.0,JPEG,384208,d3a03c96a7113f64c76108e5ef92591b,1e4f073302cd1afe8725087ab2eb3d0a9a3bb9dcd1bcf753c0ec9ebc8aab6f7c,1.0,c99bd83c70356665,ok,3283.162683530473,True,True,cluster_00755,test,/home/dheirav/Code/Deepfake_Detection/deepfake-project/dataset_builder/test/ai_generated/flux_topup_001297.jpg
data_sources/ai_generated/FLUX_TopUp/flux_topup_001299.jpg,data_sources/ai_generated/FLUX_TopUp,ai_generated,1024,1024,1.0,JPEG,286986,420147b766e36b1bdeba1f71ca6132a3,bea3db09ca986872131dcdc6cd6ac1e58d24b8eff60f882381b051be2b129617,1.0,b0aa4e0d5e4d68bb,ok,250.9764772764529,True,True,cluster_01456,test,/home/dheirav/Code/Deepfake_Detection/deepfake-project/dataset_builder/test/ai_generated/flux_topup_001299.jpg
data_sources/ai_generated/FLUX_TopUp/flux_topup_001301.jpg,data_sources/ai_generated/FLUX_TopUp,ai_generated,1024,1024,1.0,JPEG,342284,832b4e485255a6b62ecbb782019690ea,9a3fc7399803163b244339146ed5dc8797dfb64a8b983382f3beecca960e206d,1.0,fccf52702fc5203a,ok,1495.0869219428555,True,True,cluster_00998,test,/home/dheirav/Code/Deepfake_Detection/deepfake-project/dataset_builder/test/ai_generated/flux_topup_001301.jpg
data_sources/ai_generated/FLUX_TopUp/flux_topup_001303.jpg,data_sources/ai_generated/FLUX_TopUp,ai_generated,1024,1024,1.0,JPEG,440015,45b90e38c74c0c350126ac5948ec63ee,0f3d49540f981eab5e38e2c339d8253a463900eca16a7db193f0f82ae1e9aec3,1.0,9bed6c69259269c2,ok,918.5151440705731,True,True,cluster_00428,test,/home/dheirav/Code/Deepfake_Detection/deepfake-project/dataset_builder/test/ai_generated/flux_topup_001303.jpg
data_sources/ai_generated/FLUX_TopUp/flux_topup_001312.jpg,data_sources/ai_generated/FLUX_TopUp,ai_generated,1024,1024,1.0,JPEG,532447,ea6ccba8d180ff084bea3ac9e684ea2a,547570d7793dd39c8a2d89c9ca2d345beadede6c78a99d84e5b0c87058eb3086,1.0,98ae48652fcd9969,ok,1705.9589213119907,True,True,cluster_00098,test,/home/dheirav/Code/Deepfake_Detection/deepfake-project/dataset_builder/test/ai_generated/flux_topup_001312.jpg
data_sources/ai_generated/FLUX_TopUp/flux_topup_001318.jpg,data_sources/ai_generated/FLUX_TopUp,ai_generated,1024,1024,1.0,JPEG,295883,d1afaf19a02e5aaabf7738f413b79b33,35f03d64c5af30b17bf18e9d87bd86c594719cb1c810642230202ed0ed2d6506,1.0,a9a8de4f28b1c617,ok,477.61520930375895,True,True,cluster_01377,test,/home/dheirav/Code/Deepfake_Detection/deepfake-project/dataset_builder/test/ai_generated/flux_topup_001318.jpg
data_sources/ai_generated/FLUX_TopUp/flux_topup_001321.jpg,data_sources/ai_generated/FLUX_TopUp,ai_generated,1024,1024,1.0,JPEG,252361,260941a187cafbe407ff1384b01c4363,3ed1bfefbdea8dab67a83ec328f41f0a14c363315de99f06e6b15e05a55f29a7,1.0,90b4669b9a978b8d,ok,349.5784907979978,True,True,cluster_01743,test,/home/dheirav/Code/Deepfake_Detection/deepfake-project/dataset_builder/test/ai_generated/flux_topup_001321.jpg
data_sources/ai_generated/FLUX_TopUp/flux_topup_001323.jpg,data_sources/ai_generated/FLUX_TopUp,ai_generated,1024,1024,1.0,JPEG,370444,1ef5d1086b1d6d81d78fcd0a4b8c86c8,35f117b37e33b33638ad392ef3b5e1ac5b152a16bc377e035ca56b23d2106087,1.0,929c69316666b6b3,ok,1445.150000301167,True,True,cluster_00830,test,/home/dheirav/Code/Deepfake_Detection/deepfake-project/dataset_builder/test/ai_generated/flux_topup_001323.jpg
data_sources/ai_generated/FLUX_TopUp/flux_topup_001326.jpg,data_sources/ai_generated/FLUX_TopUp,ai_generated,1024,1024,1.0,JPEG,226816,7f6b9381a70d52dab114cbdcfc5b238d,8eb468490d5e6f2ddc2f47d503719799cf5241c64ebe4b54eda29ec94e3f51c5,1.0,9993366cc9d0734b,ok,151.7143090658319,True,True,cluster_01957,test,/home/dheirav/Code/Deepfake_Detection/deepfake-project/dataset_builder/test/ai_generated/flux_topup_001326.jpg
data_sources/ai_generated/FLUX_TopUp/flux_topup_001327.jpg,data_sources/ai_generated/FLUX_TopUp,ai_generated,1024,1024,1.0,JPEG,307611,f97598c137039447b69e4cc5d9eb9240,8807efcc58db392b918b956f2fd6923ecba3d63e585740cf01dbed6ca6c2258e,1.0,c7ccd8716332596c,ok,581.9495274260262,True,True,cluster_01282,test,/home/dheirav/Code/Deepfake_Detection/deepfake-project/dataset_builder/test/ai_generated/flux_topup_001327.jpg
data_sources/ai_generated/FLUX_TopUp/flux_topup_001328.jpg,data_sources/ai_generated/FLUX_TopUp,ai_generated,1024,1024,1.0,JPEG,376647,a76ccc87f657976bcf0a45e0d4e04175,bfda4d43bc66ab146147f818b0cf769a3b5609bd4f90174549fe64ba0d09a291,1.0,e4f21f4db00a56f4,ok,1348.2563961573533,True,True,cluster_00794,test,/home/dheirav/Code/Deepfake_Detection/deepfake-project/dataset_builder/test/ai_generated/flux_topup_001328.jpg
data_sources/ai_generated/FLUX_TopUp/flux_topup_001330.jpg,data_sources/ai_generated/FLUX_TopUp,ai_generated,1024,1024,1.0,JPEG,383339,cd78c220387806a931784ca46759aca1,17c21b4b305ea638941a0bea8351f90af6f173c6bd01c6beef2047e6db6b79c9,1.0,d8e080089abe7bf7,ok,1827.5918743935463,True,True,cluster_00760,test,/home/dheirav/Code/Deepfake_Detection/deepfake-project/dataset_builder/test/ai_generated/flux_topup_001330.jpg
data_sources/ai_generated/FLUX_TopUp/flux_topup_001331.jpg,data_sources/ai_generated/FLUX_TopUp,ai_generated,1024,1024,1.0,JPEG,366781,703e789dbe6a088120bcf50396ad1dd2,0a8f2435cbd17869106da813b795e71340e59e538fe27f58bcf39cdd82ff7e29,1.0,9485c93b3acc4db3,ok,323.83109039708404,True,True,cluster_00856,test,/home/dheirav/Code/Deepfake_Detection/deepfake-project/dataset_builder/test/ai_generated/flux_topup_001331.jpg
data_sources/ai_generated/FLUX_TopUp/flux_topup_001334.jpg,data_sources/ai_generated/FLUX_TopUp,ai_generated,1024,1024,1.0,JPEG,409235,dc3c960069aa99fee40902876f93b072,ecfc037106e919f951b6fef8aa0a41d5457d8bf8e700516e2cc779b4dcdb9ab8,1.0,95b5afca2a46248f,ok,1580.7164959035354,True,True,cluster_00611,test,/home/dheirav/Code/Deepfake_Detection/deepfake-project/dataset_builder/test/ai_generated/flux_topup_001334.jpg
data_sources/ai_generated/FLUX_TopUp/flux_topup_001337.jpg,data_sources/ai_generated/FLUX_TopUp,ai_generated,1024,1024,1.0,JPEG,366462,5371385fe7104d23ddec483a7420bf08,a0721ffb8b336fce10a5b2bb2c7a70fac54991ee9c8499afe99fbd41b07a5c9d,1.0,96e6d9d8c8c44c79,ok,412.8255781875341,True,True,cluster_00858,test,/home/dheirav/Code/Deepfake_Detection/deepfake-project/dataset_builder/test/ai_generated/flux_topup_001337.jpg
data_sources/ai_generated/FLUX_TopUp/flux_topup_001355.jpg,data_sources/ai_generated/FLUX_TopUp,ai_generated,1024,1024,1.0,JPEG,432001,5bdf584254acde9739692abb5be8729b,26a109ca6ccfaef23310efa4094a6daa37bdb57495d1cc7806ed42a49525c92b,1.0,c4f09b42986fb14f,ok,1682.3104155764076,True,True,cluster_00478,test,/home/dheirav/Code/Deepfake_Detection/deepfake-project/dataset_builder/test/ai_generated/flux_topup_001355.jpg
data_sources/ai_generated/FLUX_TopUp/flux_topup_001358.jpg,data_sources/ai_generated/FLUX_TopUp,ai_generated,1024,1024,1.0,JPEG,268689,1e43f8ebc580d4626830eea70fa333bd,978acc34de090b29b25f20bd7dd0ee8bfeaf9ed9a746340ebd429b472d811e7f,1.0,9297cdcc9cc998cc,ok,316.98133277831585,True,True,cluster_01597,test,/home/dheirav/Code/Deepfake_Detection/deepfake-project/dataset_builder/test/ai_generated/flux_topup_001358.jpg
data_sources/ai_generated/FLUX_TopUp/flux_topup_001359.jpg,data_sources/ai_generated/FLUX_TopUp,ai_generated,1024,1024,1.0,JPEG,493254,4554703ee589d7df18dbda508cf62814,ba80b78042e349e9c8cd2eb1d246c1a8469fb613a4a7ab6cf0991db89f2a509e,1.0,95af6ce252f431c8,ok,2016.4236510241526,True,True,cluster_00200,test,/home/dheirav/Code/Deepfake_Detection/deepfake-project/dataset_builder/test/ai_generated/flux_topup_001359.jpg
data_sources/ai_generated/FLUX_TopUp/flux_topup_001360.jpg,data_sources/ai_generated/FLUX_TopUp,ai_generated,1024,1024,1.0,JPEG,535646,5233f680815a7b2ebf88ad0784962c25,6c2368ebb53ba0a9681dd18c04fad5a8d24f45b0a34b8499e6c10cde19b73429,1.0,d493366039db3c8d,ok,3239.9404500920637,True,True,cluster_00088,test,/home/dheirav/Code/Deepfake_Detection/deepfake-project/dataset_builder/test/ai_generated/flux_topup_001360.jpg
data_sources/ai_generated/FLUX_TopUp/flux_topup_001363.jpg,data_sources/ai_generated/FLUX_TopUp,ai_generated,1024,1024,1.0,JPEG,298898,f738f61975f9f140b1be63ee0851c289,17623ce0a8c31f543b03189f28f0c9fddd27c8d450464b9db169f9e401a8e021,1.0,9ecd689655922f8a,ok,382.90764756319913,True,True,cluster_01354,test,/home/dheirav/Code/Deepfake_Detection/deepfake-project/dataset_builder/test/ai_generated/flux_topup_001363.jpg
data_sources/ai_generated/FLUX_TopUp/flux_topup_001364.jpg,data_sources/ai_generated/FLUX_TopUp,ai_generated,1024,1024,1.0,JPEG,382874,906ca4fbbb17c2f789937fd40b405161,d0a6133cf7591d4765d068fe8b3b0233fec073d78ad39be31d07316e33af9fae,1.0,8cd82835db6b951b,ok,1046.5121408378168,True,True,cluster_00762,test,/home/dheirav/Code/Deepfake_Detection/deepfake-project/dataset_builder/test/ai_generated/flux_topup_001364.jpg
data_sources/ai_generated/FLUX_TopUp/flux_topup_001369.jpg,data_sources/ai_generated/FLUX_TopUp,ai_generated,1024,1024,1.0,JPEG,225767,ea9c088020bb303fd53fe40fb7e47d5a,3bd563d649023a1ac3247c19ee8123499c1ce5338ce13cefe8c503abc51e4110,1.0,c4c173d9e9e64d09,ok,254.28486867833902,True,True,cluster_01967,test,/home/dheirav/Code/Deepfake_Detection/deepfake-project/dataset_builder/test/ai_generated/flux_topup_001369.jpg
data_sources/ai_generated/FLUX_TopUp/flux_topup_001376.jpg,data_sources/ai_generated/FLUX_TopUp,ai_generated,1024,1024,1.0,JPEG,251236,920ba1ccfff3340e4c2cb45b125b4c72,d07f7d7e32a847458a4c15c96ae53fe47c5449d527b27c672678eada79611f01,1.0,91b23b9d4f4b226c,ok,702.5576938997319,True,True,cluster_01751,test,/home/dheirav/Code/Deepfake_Detection/deepfake-project/dataset_builder/test/ai_generated/flux_topup_001376.jpg
data_sources/ai_generated/FLUX_TopUp/flux_topup_001385.jpg,data_sources/ai_generated/FLUX_TopUp,ai_generated,1024,1024,1.0,JPEG,309832,bd5287b7a8523eed69dbbad5e254b4cf,666e79ef50ad3faef2992b38189aecfa7dc341357b92d883f2850d3a50ea002a,1.0,9acc736369cd0ec1,ok,714.539072969127,True,True,cluster_01258,test,/home/dheirav/Code/Deepfake_Detection/deepfake-project/dataset_builder/test/ai_generated/flux_topup_001385.jpg
data_sources/ai_generated/FLUX_TopUp/flux_topup_001388.jpg,data_sources/ai_generated/FLUX_TopUp,ai_generated,1024,1024,1.0,JPEG,482026,3edc1d382cfb9be3e5f28468d0c3fbb4,d273b18e4b960e5ae80de1f3b9b011a347b123d82af3f3f11d5d2b66ebb7d128,1.0,9dbf7c6943c042d8,ok,2501.583251321265,True,True,cluster_00242,test,/home/dheirav/Code/Deepfake_Detection/deepfake-project/dataset_builder/test/ai_generated/flux_topup_001388.jpg
data_sources/ai_generated/FLUX_TopUp/flux_topup_001389.jpg,data_sources/ai_generated/FLUX_TopUp,ai_generated,1024,1024,1.0,JPEG,412258,259203cfc704b3acf889cd1b3d255d6e,d52f6725de299f27bc2c12227d2f684554b4ab34b87c35ca60a7edb87cf9f394,1.0,92962c6b2baeb1ac,ok,1559.3617173473604,True,True,cluster_00592,test,/home/dheirav/Code/Deepfake_Detection/deepfake-project/dataset_builder/test/ai_generated/flux_topup_001389.jpg
data_sources/ai_generated/FLUX_TopUp/flux_topup_001393.jpg,data_sources/ai_generated/FLUX_TopUp,ai_generated,1024,1024,1.0,JPEG,238685,de05e7a58f5451099ca49de74f47db11,2537e23b2d7b5027e22c6480babed46c2ceb41ec3d8ff2727780818932d77634,1.0,94b54eaa5ad1294f,ok,235.07740100929277,True,True,cluster_01868,test,/home/dheirav/Code/Deepfake_Detection/deepfake-project/dataset_builder/test/ai_generated/flux_topup_001393.jpg
data_sources/ai_generated/FLUX_TopUp/flux_topup_001403.jpg,data_sources/ai_generated/FLUX_TopUp,ai_generated,1024,1024,1.0,JPEG,373503,4a77bf93d280b29ef8873ec52edd7401,6bbba0093da37064733e077c1a625e6be5e0863730132e834e206ca9febd6316,1.0,cfcd39392430eccc,ok,1328.4073074225662,True,True,cluster_00810,test,/home/dheirav/Code/Deepfake_Detection/deepfake-project/dataset_builder/test/ai_generated/flux_topup_001403.jpg
data_sources/ai_generated/FLUX_TopUp/flux_topup_001407.jpg,data_sources/ai_generated/FLUX_TopUp,ai_generated,1024,1024,1.0,JPEG,439883,6671fe2d426dfe6acf8e40ed861d0e53,57d82f2487d3baafdc3455d628d3b6a1218d390b8c0c507fd13e920ad34dcf60,1.0,dd96b56112e004ff,ok,2925.3420161623353,True,True,cluster_00429,test,/home/dheirav/Code/Deepfake_Detection/deepfake-project/dataset_builder/test/ai_generated/flux_topup_001407.jpg
data_sources/ai_generated/FLUX_TopUp/flux_topup_001409.jpg,data_sources/ai_generated/FLUX_TopUp,ai_generated,1024,1024,1.0,JPEG,307233,7e1ec4659382cb86ade2a50eebb2b99b,56ac83f95b7f66b292baf7a63c0c59513b34873c06918ac5cafbb9b45eedc108,1.0,92d999d24cb6635c,ok,389.7237074099894,True,True,cluster_01287,test,/home/dheirav/Code/Deepfake_Detection/deepfake-project/dataset_builder/test/ai_generated/flux_topup_001409.jpg
data_sources/ai_generated/FLUX_TopUp/flux_topup_001410.jpg,data_sources/ai_generated/FLUX_TopUp,ai_generated,1024,1024,1.0,JPEG,374984,77c5634effa8a7a4f7d0232f982d5789,86ff5801f20ffd3b17c2022c081deb491f0eb78c88ad6de95390e308c10b69de,1.0,bfb840c3ae155f88,ok,1632.5941846762871,True,True,cluster_00802,test,/home/dheirav/Code/Deepfake_Detection/deepfake-project/dataset_builder/test/ai_generated/flux_topup_001410.jpg
data_sources/ai_generated/FLUX_TopUp/flux_topup_001417.jpg,data_sources/ai_generated/FLUX_TopUp,ai_generated,1024,1024,1.0,JPEG,327191,9578e5be8492980be4a38926d45da388,b1dd130e58cbba80982da05ac8a12ace40c2be394afed5e25929e00153de3503,1.0,81c2c78e72e1375b,ok,598.9065907918703,True,True,cluster_01115,test,/home/dheirav/Code/Deepfake_Detection/deepfake-project/dataset_builder/test/ai_generated/flux_topup_001417.jpg
data_sources/ai_generated/FLUX_TopUp/flux_topup_001418.jpg,data_sources/ai_generated/FLUX_TopUp,ai_generated,1024,1024,1.0,JPEG,293901,4821a5b7924b9cb235bab90808ed85df,bbb04b328bd6f1ebf6fc358e8199742dd090c19b13172df88187f01c03809632,1.0,d3c16424b99b3b8e,ok,368.7440169485334,True,True,cluster_01389,test,/home/dheirav/Code/Deepfake_Detection/deepfake-project/dataset_builder/test/ai_generated/flux_topup_001418.jpg
data_sources/ai_generated/FLUX_TopUp/flux_topup_001424.jpg,data_sources/ai_generated/FLUX_TopUp,ai_generated,1024,1024,1.0,JPEG,377408,9d1a04939ba93ba5fb3493eb55eb9ccb,c79e4b12f957e87d6848a39de21416ae8ae65b3c21c0a7d84df6ccdd36d6f7ee,1.0,edb7ca40f870231e,ok,1861.4254532418336,True,True,cluster_00788,test,/home/dheirav/Code/Deepfake_Detection/deepfake-project/dataset_builder/test/ai_generated/flux_topup_001424.jpg
data_sources/ai_generated/FLUX_TopUp/flux_topup_001428.jpg,data_sources/ai_generated/FLUX_TopUp,ai_generated,1024,1024,1.0,JPEG,318684,b3df2de8756f03f1d0ba6d914e48fc0f,0556471faab73a8ba5cd26939d6a2c81fdbb245f754faad3585bc8db2addabd3,1.0,8a823334f47d6787,ok,915.5194433575816,True,True,cluster_01185,test,/home/dheirav/Code/Deepfake_Detection/deepfake-project/dataset_builder/test/ai_generated/flux_topup_001428.jpg
data_sources/ai_generated/FLUX_TopUp/flux_topup_001429.jpg,data_sources/ai_generated/FLUX_TopUp,ai_generated,1024,1024,1.0,JPEG,396147,af9ceb5961c7a3992f72148e42bcbc5a,28104c9e2034d4838809a2e556f930a2c21b8d4bd74c717ebe567e1047cf5891,1.0,d9b4b56d7089621b,ok,1530.1235563442378,True,True,cluster_00682,test,/home/dheirav/Code/Deepfake_Detection/deepfake-project/dataset_builder/test/ai_generated/flux_topup_001429.jpg
data_sources/ai_generated/FLUX_TopUp/flux_topup_001436.jpg,data_sources/ai_generated/FLUX_TopUp,ai_generated,1024,1024,1.0,JPEG,246058,a6cb1c3d01812d283b7e70189e4392d6,6df4b1e7992238ee537ce4798d83356c28a79f5350df8e2f7ee6433ac6d2845e,1.0,d0fc07321f9bc9c4,ok,1306.5575065439589,True,True,cluster_01797,test,/home/dheirav/Code/Deepfake_Detection/deepfake-project/dataset_builder/test/ai_generated/flux_topup_001436.jpg
data_sources/ai_generated/FLUX_TopUp/flux_topup_001438.jpg,data_sources/ai_generated/FLUX_TopUp,ai_generated,1024,1024,1.0,JPEG,260786,6597580377add5fe34cfcb6b02d9d7d5,73b0cf007e1fd6fa2fb72053e7341e423d566f9d1c17b126525061f134fdd402,1.0,9893c16c656d539b,ok,361.5762057692691,True,True,cluster_01667,test,/home/dheirav/Code/Deepfake_Detection/deepfake-project/dataset_builder/test/ai_generated/flux_topup_001438.jpg
data_sources/ai_generated/FLUX_TopUp/flux_topup_001447.jpg,data_sources/ai_generated/FLUX_TopUp,ai_generated,1024,1024,1.0,JPEG,449551,1c093fe08184454bf6d158d3160d4ede,51093a4e7d1b3f9d8c21b6b8b62cec22f77af1d60a550392fc2f5b9c18da7b1b,1.0,c9c1cbe266fb0817,ok,1463.1790631678555,True,True,cluster_00377,test,/home/dheirav/Code/Deepfake_Detection/deepfake-project/dataset_builder/test/ai_generated/flux_topup_001447.jpg
data_sources/ai_generated/FLUX_TopUp/flux_topup_001454.jpg,data_sources/ai_generated/FLUX_TopUp,ai_generated,1024,1024,1.0,JPEG,326208,46d783e92e7b5df5935049f0503ab3eb,9250b32693a8fbbe825d15a91954de0faffecb02cf09f4886f77362777a4b3d0,1.0,cdcdcc48c8e1599e,ok,1097.4906719849741,True,True,cluster_01124,test,/home/dheirav/Code/Deepfake_Detection/deepfake-project/dataset_builder/test/ai_generated/flux_topup_001454.jpg
data_sources/ai_generated/FLUX_TopUp/flux_topup_001460.jpg,data_sources/ai_generated/FLUX_TopUp,ai_generated,1024,1024,1.0,JPEG,233032,98a7a2a350282679b1061600823efdba,2c3b09af5a21170d3c6be34e1a64dabbcae50593751c36d875c1824ddf397375,1.0,a39a9c6d186572f2,ok,255.37251613115853,True,True,cluster_01911,test,/home/dheirav/Code/Deepfake_Detection/deepfake-project/dataset_builder/test/ai_generated/flux_topup_001460.jpg
data_sources/ai_generated/FLUX_TopUp/flux_topup_001461.jpg,data_sources/ai_generated/FLUX_TopUp,ai_generated,1024,1024,1.0,JPEG,336719,14a5f7adea39c168691034556ff5da1b,143832d6203d697f55c3336f3e6c7aea10bc1ddc0b339f7e2159ada2ae9354ab,1.0,dcb6370daa9258b4,ok,487.0726381070334,True,True,cluster_01045,test,/home/dheirav/Code/Deepfake_Detection/deepfake-project/dataset_builder/test/ai_generated/flux_topup_001461.jpg
data_sources/ai_generated/FLUX_TopUp/flux_topup_001468.jpg,data_sources/ai_generated/FLUX_TopUp,ai_generated,1024,1024,1.0,JPEG,495797,288ed359bc2d5a66653030807d0183af,084dba3d11c2c23888d196dde463e4cacae2a03e239e4f0ed0b1aded1c449fe2,1.0,c98f196c3b6c3b41,ok,1738.3106525078765,True,True,cluster_00189,test,/home/dheirav/Code/Deepfake_Detection/deepfake-project/dataset_builder/test/ai_generated/flux_topup_001468.jpg
data_sources/ai_generated/FLUX_TopUp/flux_topup_001481.jpg,data_sources/ai_generated/FLUX_TopUp,ai_generated,1024,1024,1.0,JPEG,324109,61545a693ae81109aac672ff92056267,5bb429ef12cc70a8f4d46997e71079b7815671161b7bde52024ba487fc01af32,1.0,81837ed0527ded83,ok,1468.9864120696577,True,True,cluster_01144,test,/home/dheirav/Code/Deepfake_Detection/deepfake-project/dataset_builder/test/ai_generated/flux_topup_001481.jpg
data_sources/ai_generated/FLUX_TopUp/flux_topup_001484.jpg,data_sources/ai_generated/FLUX_TopUp,ai_generated,1024,1024,1.0,JPEG,481215,024b9954ac710f14fb059038bfec78be,12bd102163756511052bdc99ee9412c9e91cae2787216ba8fbc201dcac2c85fa,1.0,82ba75b53fd0294a,ok,2601.563087410992,True,True,cluster_00244,test,/home/dheirav/Code/Deepfake_Detection/deepfake-project/dataset_builder/test/ai_generated/flux_topup_001484.jpg
data_sources/ai_generated/FLUX_TopUp/flux_topup_001486.jpg,data_sources/ai_generated/FLUX_TopUp,ai_generated,1024,1024,1.0,JPEG,305211,b1d59f9b089da0274b4a26ffeda88223,e1bacbc35f87d27477e5386d1989985f81d0d63dea58a4cff022bcffe88aafed,1.0,8b98ccc726cc63ce,ok,579.6558661798152,True,True,cluster_01304,test,/home/dheirav/Code/Deepfake_Detection/deepfake-project/dataset_builder/test/ai_generated/flux_topup_001486.jpg
data_sources/ai_generated/FLUX_TopUp/flux_topup_001491.jpg,data_sources/ai_generated/FLUX_TopUp,ai_generated,1024,1024,1.0,JPEG,288147,45d4eaea7b60f5515b85b266b209dfca,77a31294b3eb96300d4173e104fad758aae3a6dcbf00d1fc377850f422a77a94,1.0,d1d3372d0bc0d26e,ok,519.646568035092,True,True,cluster_01444,test,/home/dheirav/Code/Deepfake_Detection/deepfake-project/dataset_builder/test/ai_generated/flux_topup_001491.jpg
data_sources/ai_generated/FLUX_TopUp/flux_topup_001492.jpg,data_sources/ai_generated/FLUX_TopUp,ai_generated,1024,1024,1.0,JPEG,239946,a40b426408364a178ec65ac82f594add,0bf7168d397550c50fbeb5c1f4038a3f05bdcebb076ec55fc6ff6f82dd55517f,1.0,d0cbcfb4cc4335b0,ok,349.4280220730542,True,True,cluster_01855,test,/home/dheirav/Code/Deepfake_Detection/deepfake-project/dataset_builder/test/ai_generated/flux_topup_001492.jpg
data_sources/ai_generated/FLUX_TopUp/flux_topup_001495.jpg,data_sources/ai_generated/FLUX_TopUp,ai_generated,1024,1024,1.0,JPEG,430816,f4e8b1fb37dcfaaf2496a0c98ae95a78,6b5a04d0417e2e274238903da5cba2c4efd9156bd5222f6cec713ac032a8ea5f,1.0,d6d07f2e59c542b0,ok,2011.3552608956666,True,True,cluster_00479,test,/home/dheirav/Code/Deepfake_Detection/deepfake-project/dataset_builder/test/ai_generated/flux_topup_001495.jpg
data_sources/ai_generated/FLUX_TopUp/flux_topup_001497.jpg,data_sources/ai_generated/FLUX_TopUp,ai_generated,1024,1024,1.0,JPEG,297547,fa8a08216595be70977cf88c4940104c,8c10644c4b037ff768688fb37228a13b8b44e57b436a673cceeff767075762c4,1.0,b981c6971bc9cd8c,ok,215.4967878356683,True,True,cluster_01369,test,/home/dheirav/Code/Deepfake_Detection/deepfake-project/dataset_builder/test/ai_generated/flux_topup_001497.jpg
data_sources/ai_generated/FLUX_TopUp/flux_topup_001507.jpg,data_sources/ai_generated/FLUX_TopUp,ai_generated,1024,1024,1.0,JPEG,265699,91123d12ddd811b30e5cd07af7e280b5,62780c18589f4c68b4be9c3f2d652e799371c1adafdf47a4556c7234269bc0ed,1.0,99d9783426e34ed8,ok,760.2680245881481,True,True,cluster_01624,test,/home/dheirav/Code/Deepfake_Detection/deepfake-project/dataset_builder/test/ai_generated/flux_topup_001507.jpg
data_sources/ai_generated/FLUX_TopUp/flux_topup_001508.jpg,data_sources/ai_generated/FLUX_TopUp,ai_generated,1024,1024,1.0,JPEG,518537,c22c4b364c48435c7f913509cf5d6689,9e115063464d379147471e71282b29ae1fc8a20deddf16ba3586c1f1538d96fb,1.0,9185c67c3df51643,ok,3914.035960716307,True,True,cluster_00123,test,/home/dheirav/Code/Deepfake_Detection/deepfake-project/dataset_builder/test/ai_generated/flux_topup_001508.jpg
data_sources/ai_generated/FLUX_TopUp/flux_topup_001509.jpg,data_sources/ai_generated/FLUX_TopUp,ai_generated,1024,1024,1.0,JPEG,416649,fc4055edd8df7af8f545a522b56dbe81,f4b61ac9a87713e472daae4dc213719d6643a2bdf227ee691b41625dcdc844fe,1.0,e1f91e10f327668c,ok,2078.9251308067714,True,True,cluster_00561,test,/home/dheirav/Code/Deepfake_Detection/deepfake-project/dataset_builder/test/ai_generated/flux_topup_001509.jpg
data_sources/ai_generated/FLUX_TopUp/flux_topup_001511.jpg,data_sources/ai_generated/FLUX_TopUp,ai_generated,1024,1024,1.0,JPEG,243882,404193aa3c42b5a9ae2e395cb0832e4a,97d3a0c582afb27c0367489d21895dac073b8dcb1ab9198f82eb23651a0da59c,1.0,90d0cc9f8ed2d333,ok,564.5662574579474,True,True,cluster_01815,test,/home/dheirav/Code/Deepfake_Detection/deepfake-project/dataset_builder/test/ai_generated/flux_topup_001511.jpg
data_sources/ai_generated/FLUX_TopUp/flux_topup_001514.jpg,data_sources/ai_generated/FLUX_TopUp,ai_generated,1024,1024,1.0,JPEG,255349,9401e36609e6713288d8ce894b2a0d3b,8ac52f031833c0ecfa74d7c1f0994dd53c61f0d93fa2481f72e51810891272c3,1.0,c7985ac6b1a94af4,ok,376.448657199493,True,True,cluster_01712,test,/home/dheirav/Code/Deepfake_Detection/deepfake-project/dataset_builder/test/ai_generated/flux_topup_001514.jpg
data_sources/ai_generated/FLUX_TopUp/flux_topup_001515.jpg,data_sources/ai_generated/FLUX_TopUp,ai_generated,1024,1024,1.0,JPEG,360593,757ed55a15401aeaf08d3e12d2cbb9b1,6036905bf64a6b1684a9afcfd7750b4fd2bf8f7211448bc1bed1c2a3d79a3d08,1.0,9b9b1ab08e9e790c,ok,1242.2641382160646,True,True,cluster_00895,test,/home/dheirav/Code/Deepfake_Detection/deepfake-project/dataset_builder/test/ai_generated/flux_topup_001515.jpg
data_sources/ai_generated/FLUX_TopUp/flux_topup_001517.jpg,data_sources/ai_generated/FLUX_TopUp,ai_generated,1024,1024,1.0,JPEG,272599,74838ac471d449e654673edd388a26b2,2a159a938ef6502c08caa75f490bba11dd93d2b770e985e5dc0e66d4b1495442,1.0,89b33338f2ce4d45,ok,786.7971628923988,True,True,cluster_01565,test,/home/dheirav/Code/Deepfake_Detection/deepfake-project/dataset_builder/test/ai_generated/flux_topup_001517.jpg
data_sources/ai_generated/FLUX_TopUp/flux_topup_001525.jpg,data_sources/ai_generated/FLUX_TopUp,ai_generated,1024,1024,1.0,JPEG,485388,2974ae4743ab06631f57a345a8a09078,24fbcaccfdf4432c44cc36df4a795ca8f2883323601cba22d92f409f0fb87867,1.0,8fafbe2c209461d9,ok,1199.1683821981633,True,True,cluster_00228,test,/home/dheirav/Code/Deepfake_Detection/deepfake-project/dataset_builder/test/ai_generated/flux_topup_001525.jpg
data_sources/ai_generated/FLUX_TopUp/flux_topup_001527.jpg,data_sources/ai_generated/FLUX_TopUp,ai_generated,1024,1024,1.0,JPEG,226576,5491eb84b84c6d46c8c64af2f41dfdca,f969d960b746a2d5bb19084897ecf5b8d760ebc96ee52a5aee4aaf22519777f0,1.0,b4964e64131ef669,ok,114.3790954049582,True,True,cluster_01960,test,/home/dheirav/Code/Deepfake_Detection/deepfake-project/dataset_builder/test/ai_generated/flux_topup_001527.jpg
data_sources/ai_generated/FLUX_TopUp/flux_topup_001529.jpg,data_sources/ai_generated/FLUX_TopUp,ai_generated,1024,1024,1.0,JPEG,237947,870629e9a742f34e4bae996e0195440b,6fa08c5296c9d12a7d8329d964279252cc485a10eb7bef45f02f20a66289231a,1.0,ddb563223cccb360,ok,148.92827419176683,True,True,cluster_01874,test,/home/dheirav/Code/Deepfake_Detection/deepfake-project/dataset_builder/test/ai_generated/flux_topup_001529.jpg
data_sources/ai_generated/FLUX_TopUp/flux_topup_001531.jpg,data_sources/ai_generated/FLUX_TopUp,ai_generated,1024,1024,1.0,JPEG,354300,8bff8e4cd479e2e53c0d0d5dadaa8a7f,e01fd4fa977be6e51f97f77429da4732a6d7268e8604bda939135cf9a9a1d55d,1.0,9aaa7623e057669a,ok,1111.9164735871295,True,True,cluster_00927,test,/home/dheirav/Code/Deepfake_Detection/deepfake-project/dataset_builder/test/ai_generated/flux_topup_001531.jpg
data_sources/ai_generated/FLUX_TopUp/flux_topup_001535.jpg,data_sources/ai_generated/FLUX_TopUp,ai_generated,1024,1024,1.0,JPEG,479271,61b9b4067272886738bf10922f966ab0,bf217f4018fbe82f6c1bb0ebf8ed0d9cb3e7a55d7ee65b7a51dc22a3f5131d44,1.0,cbc23c391b93333a,ok,3035.0642904051483,True,True,cluster_00252,test,/home/dheirav/Code/Deepfake_Detection/deepfake-project/dataset_builder/test/ai_generated/flux_topup_001535.jpg
data_sources/ai_generated/FLUX_TopUp/flux_topup_001538.jpg,data_sources/ai_generated/FLUX_TopUp,ai_generated,1024,1024,1.0,JPEG,371375,64cc10f620d7bfe745cccabd19ebdbea,a09340d8db007e01aac55d5b0a13e6af63fe5fa15677c339624dfa72db7d6cad,1.0,99c8569ce0738ee6,ok,566.8778814405049,True,True,cluster_00823,test,/home/dheirav/Code/Deepfake_Detection/deepfake-project/dataset_builder/test/ai_generated/flux_topup_001538.jpg
data_sources/ai_generated/FLUX_TopUp/flux_topup_001539.jpg,data_sources/ai_generated/FLUX_TopUp,ai_generated,1024,1024,1.0,JPEG,489145,f7c32d39c8d56e4b48bfd6cc08364781,0a0986a2c2a0ae9cda03c5831168c409c9d37b9921cec9bb472e9154c2f82bf9,1.0,80ae3d685ad36d93,ok,1387.5275979968574,True,True,cluster_00215,test,/home/dheirav/Code/Deepfake_Detection/deepfake-project/dataset_builder/test/ai_generated/flux_topup_001539.jpg
data_sources/ai_generated/FLUX_TopUp/flux_topup_001543.jpg,data_sources/ai_generated/FLUX_TopUp,ai_generated,1024,1024,1.0,JPEG,377102,88cd73950be9c51853f790954708935a,766b2fccf4e4d456a1b537a235cf13c8b4cd3665c5edfec3b9620a668c7f887d,1.0,9c9ccf86729630b9,ok,1299.2283287027385,True,True,cluster_00791,test,/home/dheirav/Code/Deepfake_Detection/deepfake-project/dataset_builder/test/ai_generated/flux_topup_001543.jpg
data_sources/ai_generated/FLUX_TopUp/flux_topup_001546.jpg,data_sources/ai_generated/FLUX_TopUp,ai_generated,1024,1024,1.0,JPEG,489041,4676e43414c24dad67e58b9a70a673ef,7cf2e8933d024b25d6d182a8c827c4ee0eb78d009a7a19f890296679a507058d,1.0,99ce4c631a3b253b,ok,1804.4501089425717,True,True,cluster_00216,test,/home/dheirav/Code/Deepfake_Detection/deepfake-project/dataset_builder/test/ai_generated/flux_topup_001546.jpg
data_sources/ai_generated/FLUX_TopUp/flux_topup_001548.jpg,data_sources/ai_generated/FLUX_TopUp,ai_generated,1024,1024,1.0,JPEG,470742,87dd1fb22918ddd57acab308277f7fe8,a129964a8a7cf67e2fcc62d808f9f77d3014004bfb2716f8ce3ee720fe7e6908,1.0,81a7a0ea9ac23edd,ok,2933.428022095638,True,True,cluster_00287,test,/home/dheirav/Code/Deepfake_Detection/deepfake-project/dataset_builder/test/ai_generated/flux_topup_001548.jpg
data_sources/ai_generated/FLUX_TopUp/flux_topup_001552.jpg,data_sources/ai_generated/FLUX_TopUp,ai_generated,1024,1024,1.0,JPEG,290150,fe879323d84b80770fb4c9e52388d5b5,7631731aea1c952ffda0ecbd742239e7942660874ec2d64665e7b6bd3492370a,1.0,b8b84c0fb7c32347,ok,658.3261794003047,True,True,cluster_01418,test,/home/dheirav/Code/Deepfake_Detection/deepfake-project/dataset_builder/test/ai_generated/flux_topup_001552.jpg
data_sources/ai_generated/FLUX_TopUp/flux_topup_001554.jpg,data_sources/ai_generated/FLUX_TopUp,ai_generated,1024,1024,1.0,JPEG,587576,91786a67e2e3840d6d6e29b7ee99be23,a9743f8a67544a60b00c031b9884ee9c8ef42cab6db3618effd8391f3deb6cf7,1.0,d8929bc43e646ec6,ok,3159.690108648201,True,True,cluster_00033,test,/home/dheirav/Code/Deepfake_Detection/deepfake-project/dataset_builder/test/ai_generated/flux_topup_001554.jpg
data_sources/ai_generated/FLUX_TopUp/flux_topup_001559.jpg,data_sources/ai_generated/FLUX_TopUp,ai_generated,1024,1024,1.0,JPEG,226388,3f8c751d06591d0f85c8d93e4ef806ae,7426bb4378e28e872359ca011da7b4c6f6b7feb1d6df7e1dcf9a38111d54c55d,1.0,b4a583b2a1e2bbe1,ok,124.90969831501933,True,True,cluster_01962,test,/home/dheirav/Code/Deepfake_Detection/deepfake-project/dataset_builder/test/ai_generated/flux_topup_001559.jpg
data_sources/ai_generated/FLUX_TopUp/flux_topup_001566.jpg,data_sources/ai_generated/FLUX_TopUp,ai_generated,1024,1024,1.0,JPEG,319943,0d3bc7fbc08cf2f3a4974d0ec3299675,ccae30e260db714762f1d4d2ba6ac1c9a1432d2afcecf429792179f3de079653,1.0,b1b1ce4e1d30e276,ok,1143.7767092952047,True,True,cluster_01176,test,/home/dheirav/Code/Deepfake_Detection/deepfake-project/dataset_builder/test/ai_generated/flux_topup_001566.jpg
data_sources/ai_generated/FLUX_TopUp/flux_topup_001569.jpg,data_sources/ai_generated/FLUX_TopUp,ai_generated,1024,1024,1.0,JPEG,227583,a40d056df37c44439835647aa18898ec,04d9e54f5460c0269b61868b0b648bf08c8094dfdd856f7052d515ff3b40fb14,1.0,f5f04a0e36952d96,ok,308.1031452383867,True,True,cluster_01950,test,/home/dheirav/Code/Deepfake_Detection/deepfake-project/dataset_builder/test/ai_generated/flux_topup_001569.jpg
data_sources/ai_generated/FLUX_TopUp/flux_topup_001572.jpg,data_sources/ai_generated/FLUX_TopUp,ai_generated,1024,1024,1.0,JPEG,449426,4d1e3f282ab353beb7d730c73c9c3843,f2c3601d399a804ecc98521a6d3320f4c43b4b1a64ea6e19e41db53724252238,1.0,9d9a829ba6e6c256,ok,1973.986023309626,True,True,cluster_00379,test,/home/dheirav/Code/Deepfake_Detection/deepfake-project/dataset_builder/test/ai_generated/flux_topup_001572.jpg
data_sources/ai_generated/FLUX_TopUp/flux_topup_001575.jpg,data_sources/ai_generated/FLUX_TopUp,ai_generated,1024,1024,1.0,JPEG,392911,7c3ca80ff1b681b9381702cdfc5bcae9,c0805d633d30cc60f4ab5bc59051615ecf949529c300ee0c5efce2e4897f58e5,1.0,cded36521b91698c,ok,517.5551134785637,True,True,cluster_00702,test,/home/dheirav/Code/Deepfake_Detection/deepfake-project/dataset_builder/test/ai_generated/flux_topup_001575.jpg
data_sources/ai_generated/FLUX_TopUp/flux_topup_001580.jpg,data_sources/ai_generated/FLUX_TopUp,ai_generated,1024,1024,1.0,JPEG,232176,c02e664a29cf98578204e792d09bcbc8,092a45c4086a7ec2f18038bc114bede8239b560f44934061e1d277a54079c7aa,1.0,a0f2d38c887c77a5,ok,240.62251288989407,True,True,cluster_01919,test,/home/dheirav/Code/Deepfake_Detection/deepfake-project/dataset_builder/test/ai_generated/flux_topup_001580.jpg
data_sources/ai_generated/FLUX_TopUp/flux_topup_001581.jpg,data_sources/ai_generated/FLUX_TopUp,ai_generated,1024,1024,1.0,JPEG,277740,b1ed32e8141a261d3ba7e1592bfbaedb,360137696f366087572fd7f0c76cbff0d1f7821c025de71a40850b19ae49039f,1.0,cdc5cec68d88a8e9,ok,120.99415545476857,True,True,cluster_01524,test,/home/dheirav/Code/Deepfake_Detection/deepfake-project/dataset_builder/test/ai_generated/flux_topup_001581.jpg
data_sources/ai_generated/FLUX_TopUp/flux_topup_001591.jpg,data_sources/ai_generated/FLUX_TopUp,ai_generated,1024,1024,1.0,JPEG,313397,6d4d6f2da707f3f661cf5f6eb8008e08,63a6487d319ac8be6db16c1d0f55f99b335969669db57a0b11044be715984cb8,1.0,91cb4c9659a5723e,ok,422.45655455774875,True,True,cluster_01225,test,/home/dheirav/Code/Deepfake_Detection/deepfake-project/dataset_builder/test/ai_generated/flux_topup_001591.jpg
data_sources/ai_generated/FLUX_TopUp/flux_topup_001593.jpg,data_sources/ai_generated/FLUX_TopUp,ai_generated,1024,1024,1.0,JPEG,322697,5457016ff1877b25b3d82b4668413fce,0c49ded63ba39e725e67ec350f85688b35c0b2d46c7e9b442d885d7f1c58ddeb,1.0,999846ce673613cb,ok,1083.2310616631719,True,True,cluster_01155,test,/home/dheirav/Code/Deepfake_Detection/deepfake-project/dataset_builder/test/ai_generated/flux_topup_001593.jpg
data_sources/ai_generated/FLUX_TopUp/flux_topup_001601.jpg,data_sources/ai_generated/FLUX_TopUp,ai_generated,1024,1024,1.0,JPEG,413323,8f0a04fea825fb6a3d81b70625ca6768,7db99f3e3bc6f869f9b80b00cfd627a484c3f3d251e22ad4259fd79fcabef30e,1.0,949765e93aa0b9b8,ok,2376.6438583070667,True,True,cluster_00579,test,/home/dheirav/Code/Deepfake_Detection/deepfake-project/dataset_builder/test/ai_generated/flux_topup_001601.jpg
data_sources/ai_generated/FLUX_TopUp/flux_topup_001604.jpg,data_sources/ai_generated/FLUX_TopUp,ai_generated,1024,1024,1.0,JPEG,278901,f5e89d87f78046afed1d7ceeec5846ba,86c324d1a0ce3aded731cebdf14fa4a8f2b2cb2d286ad79fb42a2057ce6d1d33,1.0,eab1d64f2ad43183,ok,612.6732811675308,True,True,cluster_01511,test,/home/dheirav/Code/Deepfake_Detection/deepfake-project/dataset_builder/test/ai_generated/flux_topup_001604.jpg
data_sources/ai_generated/FLUX_TopUp/flux_topup_001605.jpg,data_sources/ai_generated/FLUX_TopUp,ai_generated,1024,1024,1.0,JPEG,293963,9eed0b0607cb5dbe41f42154a2313357,557d66daee91e1e7800e1500f9ce0f71be74234f37fc11b5fb3dad922778b14f,1.0,a5ab2ad69e4a48ad,ok,375.3674835293996,True,True,cluster_01387,test,/home/dheirav/Code/Deepfake_Detection/deepfake-project/dataset_builder/test/ai_generated/flux_topup_001605.jpg
data_sources/ai_generated/FLUX_TopUp/flux_topup_001606.jpg,data_sources/ai_generated/FLUX_TopUp,ai_generated,1024,1024,1.0,JPEG,452316,66504ce177b3181f0f4e8720d04701a0,ab0fb9aa095694a3ac5e274ff7eb805017d90eac066fd99ab38285d94010ff86,1.0,93a4eb63491b4c97,ok,1284.7841738876077,True,True,cluster_00359,test,/home/dheirav/Code/Deepfake_Detection/deepfake-project/dataset_builder/test/ai_generated/flux_topup_001606.jpg
data_sources/ai_generated/FLUX_TopUp/flux_topup_001611.jpg,data_sources/ai_generated/FLUX_TopUp,ai_generated,1024,1024,1.0,JPEG,279682,6d3d4dcf5552c173c401eeced7a55097,8fbd34e3bae49c05b33c634584e321ff92cf2c6cde06c4bb43f93a922d61ac08,1.0,febf014bba280bc4,ok,269.1108939041733,True,True,cluster_01505,test,/home/dheirav/Code/Deepfake_Detection/deepfake-project/dataset_builder/test/ai_generated/flux_topup_001611.jpg
data_sources/ai_generated/FLUX_TopUp/flux_topup_001613.jpg,data_sources/ai_generated/FLUX_TopUp,ai_generated,1024,1024,1.0,JPEG,308402,b8ff1c29312668e89ef67462269b2ad2,b41af70fc022815d6466a3b5622647d1459e52a75238e320b2276d3c5ea4e88b,1.0,9194de1a7d0e26c7,ok,787.2832991857858,True,True,cluster_01276,test,/home/dheirav/Code/Deepfake_Detection/deepfake-project/dataset_builder/test/ai_generated/flux_topup_001613.jpg
data_sources/ai_generated/FLUX_TopUp/flux_topup_001616.jpg,data_sources/ai_generated/FLUX_TopUp,ai_generated,1024,1024,1.0,JPEG,381316,06ad8af050a902c101c3ab5c6af6c3b0,c38c7eaeffad020252429ba38940f706f5eb5ee1bf61cabbe37028c814d1c870,1.0,da9e296165c6368e,ok,2163.9144582640356,True,True,cluster_00773,test,/home/dheirav/Code/Deepfake_Detection/deepfake-project/dataset_builder/test/ai_generated/flux_topup_001616.jpg
data_sources/ai_generated/FLUX_TopUp/flux_topup_001617.jpg,data_sources/ai_generated/FLUX_TopUp,ai_generated,1024,1024,1.0,JPEG,274617,d6a1b903f5e40011def75e7128657e9a,90d1a7534b42c07ef5a617bb8673ad06e85d67aa3a9f539ef56a8fe67061dc74,1.0,84949eda9b9a33c9,ok,442.3562526759596,True,True,cluster_01546,test,/home/dheirav/Code/Deepfake_Detection/deepfake-project/dataset_builder/test/ai_generated/flux_topup_001617.jpg
data_sources/ai_generated/FLUX_TopUp/flux_topup_001621.jpg,data_sources/ai_generated/FLUX_TopUp,ai_generated,1024,1024,1.0,JPEG,389763,08d984f50e864e0105c746696ef55d74,024dc0fc2beaaaf0b89f79e3b4c742877e352f25a171cfc716490a93033354a5,1.0,85a52978dada3ae4,ok,1336.585459812878,True,True,cluster_00719,test,/home/dheirav/Code/Deepfake_Detection/deepfake-project/dataset_builder/test/ai_generated/flux_topup_001621.jpg
data_sources/ai_generated/FLUX_TopUp/flux_topup_001625.jpg,data_sources/ai_generated/FLUX_TopUp,ai_generated,1024,1024,1.0,JPEG,401426,b11a5a532673f20e05b7c57906daed1b,5f844f7aef7804e26f4269ddedc57cc56c64efe5a95a2448cfa09f892e6cd7a4,1.0,fcf4b7028a9a59c8,ok,1571.9663994695065,True,True,cluster_00658,test,/home/dheirav/Code/Deepfake_Detection/deepfake-project/dataset_builder/test/ai_generated/flux_topup_001625.jpg
data_sources/ai_generated/FLUX_TopUp/flux_topup_001627.jpg,data_sources/ai_generated/FLUX_TopUp,ai_generated,1024,1024,1.0,JPEG,467783,c7d420d3aa767c87956a1f1b9e73fbe2,f7940c8ed22140c2cb601814e9a808b7f1df18e9198a3f19edafb43419a93b9b,1.0,d193e36066cb3e0d,ok,1329.6935833606099,True,True,cluster_00300,test,/home/dheirav/Code/Deepfake_Detection/deepfake-project/dataset_builder/test/ai_generated/flux_topup_001627.jpg
data_sources/ai_generated/FLUX_TopUp/flux_topup_001628.jpg,data_sources/ai_generated/FLUX_TopUp,ai_generated,1024,1024,1.0,JPEG,347905,605cce37f813b11fc62ec1c70fa524c4,32b5630c0e8dfcb06bfe0de56a627c03d47d45fd4d8b2a4c0f8d31e04f784472,1.0,92936d791a9e6139,ok,603.0553149653133,True,True,cluster_00972,test,/home/dheirav/Code/Deepfake_Detection/deepfake-project/dataset_builder/test/ai_generated/flux_topup_001628.jpg
data_sources/ai_generated/FLUX_TopUp/flux_topup_001630.jpg,data_sources/ai_generated/FLUX_TopUp,ai_generated,1024,1024,1.0,JPEG,337955,b879c65efc9e11b5d3b808c89185c12b,3c070ac5f1c307c2d22470b62a8bf520b8ec38acc1672838f133ca8da925631f,1.0,c5e3c8cc66ca35a6,ok,513.1636868958874,True,True,cluster_01033,test,/home/dheirav/Code/Deepfake_Detection/deepfake-project/dataset_builder/test/ai_generated/flux_topup_001630.jpg
data_sources/ai_generated/FLUX_TopUp/flux_topup_001631.jpg,data_sources/ai_generated/FLUX_TopUp,ai_generated,1024,1024,1.0,JPEG,340344,c2dd7f673aeed96df2404ce7bd8abd23,05d29ab98d9f90c7bf24bae8fc31670e0183a95aca7d95df6b0f29fd766b4875,1.0,84df47b6666c4d81,ok,1048.0266209108659,True,True,cluster_01014,test,/home/dheirav/Code/Deepfake_Detection/deepfake-project/dataset_builder/test/ai_generated/flux_topup_001631.jpg
data_sources/ai_generated/FLUX_TopUp/flux_topup_001642.jpg,data_sources/ai_generated/FLUX_TopUp,ai_generated,1024,1024,1.0,JPEG,338267,16ecfb4973b77286e3586381d1868151,aa0c309f14c1b6cb4ed5d8b4ef883e866bb149aa465933aa334a253153d9fe31,1.0,d0ec0f9ec89f2c89,ok,748.7393299681343,True,True,cluster_01029,test,/home/dheirav/Code/Deepfake_Detection/deepfake-project/dataset_builder/test/ai_generated/flux_topup_001642.jpg
data_sources/ai_generated/FLUX_TopUp/flux_topup_001647.jpg,data_sources/ai_generated/FLUX_TopUp,ai_generated,1024,1024,1.0,JPEG,358534,a6e4e61542b82e707b48116397ff7ae5,d963064d446c130c40e00a46bf799b9b755f5c92e85805712fe111baf40166a1,1.0,e4c65abc305baf84,ok,2199.1580582861457,True,True,cluster_00909,test,/home/dheirav/Code/Deepfake_Detection/deepfake-project/dataset_builder/test/ai_generated/flux_topup_001647.jpg
data_sources/ai_generated/FLUX_TopUp/flux_topup_001652.jpg,data_sources/ai_generated/FLUX_TopUp,ai_generated,1024,1024,1.0,JPEG,238588,84a8d5da86f10fcf3a15c24180704f39,9000e4fd066bacfe6bf073673c229f0083f0acaeced468ca90f167bc08940e29,1.0,9e92b1cce563694c,ok,306.3504804912809,True,True,cluster_01872,test,/home/dheirav/Code/Deepfake_Detection/deepfake-project/dataset_builder/test/ai_generated/flux_topup_001652.jpg
data_sources/ai_generated/FLUX_TopUp/flux_topup_001658.jpg,data_sources/ai_generated/FLUX_TopUp,ai_generated,1024,1024,1.0,JPEG,482377,522b80e0101690eae2b25ac58fcc70d5,98539f3fb155392c1aad43dda7ade886d5e3ecee98a51b532d6fbc03aba8cd3e,1.0,c4b68fe8da5c1507,ok,3118.8904116803315,True,True,cluster_00239,test,/home/dheirav/Code/Deepfake_Detection/deepfake-project/dataset_builder/test/ai_generated/flux_topup_001658.jpg
data_sources/ai_generated/FLUX_TopUp/flux_topup_001659.jpg,data_sources/ai_generated/FLUX_TopUp,ai_generated,1024,1024,1.0,JPEG,455350,58d9f9aeccd2148b1218238f39d58680,79bfe66f0e3a3fea5eae389ac1ee6bc6c168bc2297c33b0afa522ae537fef1ff,1.0,86b0736e33cf1c83,ok,2950.5405193106517,True,True,cluster_00350,test,/home/dheirav/Code/Deepfake_Detection/deepfake-project/dataset_builder/test/ai_generated/flux_topup_001659.jpg
data_sources/ai_generated/FLUX_TopUp/flux_topup_001669.jpg,data_sources/ai_generated/FLUX_TopUp,ai_generated,1024,1024,1.0,JPEG,245654,b6ce3d86027bf355101b189ddfd5ce03,35c1ee695dc4bf9f901d351558530515825b5f35bfa459265e346ce5f6c161f0,1.0,d6d8d9d3f2e26220,ok,115.62872017273092,True,True,cluster_01803,test,/home/dheirav/Code/Deepfake_Detection/deepfake-project/dataset_builder/test/ai_generated/flux_topup_001669.jpg
data_sources/ai_generated/FLUX_TopUp/flux_topup_001670.jpg,data_sources/ai_generated/FLUX_TopUp,ai_generated,1024,1024,1.0,JPEG,333547,8be8450685ff241c12b8f6c40877ff6e,9e8de2f4ed6a8a5ec8f1fd00187e588be8c17b05f3c2cd0e935dc72b8bcc8dd6,1.0,c6c6cac96999c38e,ok,1145.7624644700513,True,True,cluster_01072,test,/home/dheirav/Code/Deepfake_Detection/deepfake-project/dataset_builder/test/ai_generated/flux_topup_001670.jpg
data_sources/ai_generated/FLUX_TopUp/flux_topup_001671.jpg,data_sources/ai_generated/FLUX_TopUp,ai_generated,1024,1024,1.0,JPEG,388015,e44ff6af682dd090fe5a9fd1363959f6,ff5a29b7853e348b0394590005c4b9fc002f0d1d57163d888a030ab2900016c4,1.0,9ce443474f43ab4b,ok,641.917269215275,True,True,cluster_00731,test,/home/dheirav/Code/Deepfake_Detection/deepfake-project/dataset_builder/test/ai_generated/flux_topup_001671.jpg
data_sources/ai_generated/FLUX_TopUp/flux_topup_001672.jpg,data_sources/ai_generated/FLUX_TopUp,ai_generated,1024,1024,1.0,JPEG,239727,3f55218e5318db00beb1143190bd7a15,c365f9789f40d8dfc00acb3533e8c85a16ae63dfa7e2e5f0c09a9b32cc9dad60,1.0,9792686969e53197,ok,104.9799421343159,True,True,cluster_01859,test,/home/dheirav/Code/Deepfake_Detection/deepfake-project/dataset_builder/test/ai_generated/flux_topup_001672.jpg
data_sources/ai_generated/FLUX_TopUp/flux_topup_001673.jpg,data_sources/ai_generated/FLUX_TopUp,ai_generated,1024,1024,1.0,JPEG,326512,146758768b2111b4c373eaf6849a43aa,8e8d471c37a8e59bf796e6681ac980d381b58c9a1af4c80da7a7de0b601f228e,1.0,c09f339ecc7037c1,ok,1174.409835911595,True,True,cluster_01121,test,/home/dheirav/Code/Deepfake_Detection/deepfake-project/dataset_builder/test/ai_generated/flux_topup_001673.jpg
data_sources/ai_generated/FLUX_TopUp/flux_topup_001675.jpg,data_sources/ai_generated/FLUX_TopUp,ai_generated,1024,1024,1.0,JPEG,352135,28b4e01c67505f72f17f894c77d44f46,d019d9e8b4f178c70722a7d7a322a3b959b6a488cbe836169fac8997ae3e5846,1.0,87d8896db27c871c,ok,518.4472467021395,True,True,cluster_00938,test,/home/dheirav/Code/Deepfake_Detection/deepfake-project/dataset_builder/test/ai_generated/flux_topup_001675.jpg
data_sources/ai_generated/FLUX_TopUp/flux_topup_001677.jpg,data_sources/ai_generated/FLUX_TopUp,ai_generated,1024,1024,1.0,JPEG,304684,eee1ead068b3d31a568c41e32292d38f,f11fb307c51093c578e1b8b8758b7a1f88230dd819551d8d8d52e93661a6faca,1.0,81e63f5300bc7d35,ok,223.08183070526866,True,True,cluster_01307,test,/home/dheirav/Code/Deepfake_Detection/deepfake-project/dataset_builder/test/ai_generated/flux_topup_001677.jpg
data_sources/ai_generated/FLUX_TopUp/flux_topup_001678.jpg,data_sources/ai_generated/FLUX_TopUp,ai_generated,1024,1024,1.0,JPEG,376832,2be8b5e9c456644e53d01337a4b57cd8,a9ca01ffa66dbd63ac0ee690473fe8fc00e716e5dd29c1d25984fb7d73aaf657,1.0,8fcf38706762368a,ok,2149.096490867544,True,True,cluster_00793,test,/home/dheirav/Code/Deepfake_Detection/deepfake-project/dataset_builder/test/ai_generated/flux_topup_001678.jpg
data_sources/ai_generated/FLUX_TopUp/flux_topup_001684.jpg,data_sources/ai_generated/FLUX_TopUp,ai_generated,1024,1024,1.0,JPEG,243524,47e544c76337a983b1c92b25d987a58a,2c047d6174c03fc43c94f544c0a6036badd66df9289089e74f1030cf12fe92c3,1.0,a4f4121a4fc7a9ab,ok,225.38317181105594,True,True,cluster_01819,test,/home/dheirav/Code/Deepfake_Detection/deepfake-project/dataset_builder/test/ai_generated/flux_topup_001684.jpg
data_sources/ai_generated/FLUX_TopUp/flux_topup_001686.jpg,data_sources/ai_generated/FLUX_TopUp,ai_generated,1024,1024,1.0,JPEG,327662,d9c5d8f78aa232a242fbd39e133f7e11,39b821b8380a731b6f06a0babcddb6367f97a04f48e06de9cf3c2259cd8a8128,1.0,f1f1860e6ce5b312,ok,1439.5045881262618,True,True,cluster_01109,test,/home/dheirav/Code/Deepfake_Detection/deepfake-project/dataset_builder/test/ai_generated/flux_topup_001686.jpg
data_sources/ai_generated/FLUX_TopUp/flux_topup_001694.jpg,data_sources/ai_generated/FLUX_TopUp,ai_generated,1024,1024,1.0,JPEG,266074,45ae11b56886cfdb2789edb2b6a51247,0e85349da3f5f3b7e8346e741962e3bd8105c5503f0f9edb6f477d5ab02a2ad8,1.0,94855bb34ccc6a37,ok,248.50264760207847,True,True,cluster_01621,test,/home/dheirav/Code/Deepfake_Detection/deepfake-project/dataset_builder/test/ai_generated/flux_topup_001694.jpg
data_sources/ai_generated/FLUX_TopUp/flux_topup_001707.jpg,data_sources/ai_generated/FLUX_TopUp,ai_generated,1024,1024,1.0,JPEG,296194,762cd3c9615cb63fb4ae062b9c0cdb96,03ad8571f7819433fa3ff5949d2427b39a10a04ad3ccfccdab3e967d991afb44,1.0,9ab62759d0641eda,ok,594.7554753622826,True,True,cluster_01375,test,/home/dheirav/Code/Deepfake_Detection/deepfake-project/dataset_builder/test/ai_generated/flux_topup_001707.jpg
data_sources/ai_generated/FLUX_TopUp/flux_topup_001713.jpg,data_sources/ai_generated/FLUX_TopUp,ai_generated,1024,1024,1.0,JPEG,330540,372da8c557992d298dfb85e097eeeeb7,0ed93462714bc32243e7037eb813532f4c2d1e954e9a7536df169c31bfb2a998,1.0,93ecb2cd394225d9,ok,1391.9449650555866,True,True,cluster_01093,test,/home/dheirav/Code/Deepfake_Detection/deepfake-project/dataset_builder/test/ai_generated/flux_topup_001713.jpg
data_sources/ai_generated/FLUX_TopUp/flux_topup_001715.jpg,data_sources/ai_generated/FLUX_TopUp,ai_generated,1024,1024,1.0,JPEG,440757,55a1547417d36d7dc7f292daec939106,cbf978c3a3390b9f454d296520bcbbb93f5ddfbfd314b89879a72e008a79f62c,1.0,94bdaa4a53c17d0b,ok,1492.4253973434597,True,True,cluster_00423,test,/home/dheirav/Code/Deepfake_Detection/deepfake-project/dataset_builder/test/ai_generated/flux_topup_001715.jpg
data_sources/ai_generated/FLUX_TopUp/flux_topup_001717.jpg,data_sources/ai_generated/FLUX_TopUp,ai_generated,1024,1024,1.0,JPEG,560902,be2f5bb23050a65572d1112d145c3ab1,8ee09be23c706a9a3906f83f04ebb10bc8c3358c8996fed3eefe76a50b508e08,1.0,9a9c6c6975b49668,ok,2954.5194773251114,True,True,cluster_00050,test,/home/dheirav/Code/Deepfake_Detection/deepfake-project/dataset_builder/test/ai_generated/flux_topup_001717.jpg
data_sources/ai_generated/FLUX_TopUp/flux_topup_001720.jpg,data_sources/ai_generated/FLUX_TopUp,ai_generated,1024,1024,1.0,JPEG,343858,fc28642892193af7e676f72736825f02,0fbd421a0aa89acb911837822928b8c627b55c2e1979128dbe5f9c9c1f83de8f,1.0,969d48d953234cf6,ok,437.64516498106144,True,True,cluster_00989,test,/home/dheirav/Code/Deepfake_Detection/deepfake-project/dataset_builder/test/ai_generated/flux_topup_001720.jpg
data_sources/ai_generated/FLUX_TopUp/flux_topup_001725.jpg,data_sources/ai_generated/FLUX_TopUp,ai_generated,1024,1024,1.0,JPEG,466094,c4135462aa922c6a270115d167308b94,70547df0a4c8790692c85fb1824fdb2919b2e2129fb0324b2f2f786a0a348b71,1.0,90d4e5a37a7e681a,ok,2698.6311232769135,True,True,cluster_00308,test,/home/dheirav/Code/Deepfake_Detection/deepfake-project/dataset_builder/test/ai_generated/flux_topup_001725.jpg
data_sources/ai_generated/FLUX_TopUp/flux_topup_001728.jpg,data_sources/ai_generated/FLUX_TopUp,ai_generated,1024,1024,1.0,JPEG,379072,bb782bfb469c2eebb72e806145832842,f9fb0d19b9ccbb607ad44ba8186663f2670c9a9046e09587b2c2c386c0095798,1.0,8cb2cfbc634c13a5,ok,420.01344923461784,True,True,cluster_00783,test,/home/dheirav/Code/Deepfake_Detection/deepfake-project/dataset_builder/test/ai_generated/flux_topup_001728.jpg
data_sources/ai_generated/FLUX_TopUp/flux_topup_001730.jpg,data_sources/ai_generated/FLUX_TopUp,ai_generated,1024,1024,1.0,JPEG,282694,6d93d068599bfdc734e15f13296266e0,ceab00509a20d1476dd0311d77f1154ffc60b21098368d76f52aff3db661ddd8,1.0,d8ed07141cfa3327,ok,903.7571974249867,True,True,cluster_01485,test,/home/dheirav/Code/Deepfake_Detection/deepfake-project/dataset_builder/test/ai_generated/flux_topup_001730.jpg
data_sources/ai_generated/FLUX_TopUp/flux_topup_001732.jpg,data_sources/ai_generated/FLUX_TopUp,ai_generated,1024,1024,1.0,JPEG,448262,de5928c1f33492ab40aefd93d39e3ffd,91cbf6578c13cf858ad256192bbec80bae7e2918d9cc2c983f9fdd311cfc68d2,1.0,99d66b6b619b6490,ok,1995.265060137403,True,True,cluster_00386,test,/home/dheirav/Code/Deepfake_Detection/deepfake-project/dataset_builder/test/ai_generated/flux_topup_001732.jpg
data_sources/ai_generated/FLUX_TopUp/flux_topup_001735.jpg,data_sources/ai_generated/FLUX_TopUp,ai_generated,1024,1024,1.0,JPEG,288413,3262c40dc29b5432640c1c1051fb09a5,4f46e1755423eaddc8fb52b27da059b118d13f38847d141e76cc3b83e053bde0,1.0,d0e6a4a249f12fad,ok,545.3829164226471,True,True,cluster_01440,test,/home/dheirav/Code/Deepfake_Detection/deepfake-project/dataset_builder/test/ai_generated/flux_topup_001735.jpg
data_sources/ai_generated/FLUX_TopUp/flux_topup_001738.jpg,data_sources/ai_generated/FLUX_TopUp,ai_generated,1024,1024,1.0,JPEG,338617,5c75de2de009f5d502e8bf56e037250f,01900b4165945e2abbcd813028e40c076f05664347b9e24f1d2802f1302efa95,1.0,91c82693db2e9979,ok,447.88764942738635,True,True,cluster_01024,test,/home/dheirav/Code/Deepfake_Detection/deepfake-project/dataset_builder/test/ai_generated/flux_topup_001738.jpg
data_sources/ai_generated/FLUX_TopUp/flux_topup_001742.jpg,data_sources/ai_generated/FLUX_TopUp,ai_generated,1024,1024,1.0,JPEG,237108,0d01c0f1f8121e581ab99460fdb4f042,ad5e760a3b71e1620d9799a3a0de480ec43ccc84baa4a5856151c1b14e133791,1.0,c595929a98989bf3,ok,269.10477668671865,True,True,cluster_01880,test,/home/dheirav/Code/Deepfake_Detection/deepfake-project/dataset_builder/test/ai_generated/flux_topup_001742.jpg
data_sources/ai_generated/FLUX_TopUp/flux_topup_001744.jpg,data_sources/ai_generated/FLUX_TopUp,ai_generated,1024,1024,1.0,JPEG,287463,5e15a570ca6c21b1148d12ea8d6d4fd3,b89b636c2c38828a4a0784e249f1e13faed1962623e402af76d618b7f8fc8273,1.0,9d9c327925367989,ok,587.2881853184944,True,True,cluster_01452,test,/home/dheirav/Code/Deepfake_Detection/deepfake-project/dataset_builder/test/ai_generated/flux_topup_001744.jpg
data_sources/ai_generated/FLUX_TopUp/flux_topup_001746.jpg,data_sources/ai_generated/FLUX_TopUp,ai_generated,1024,1024,1.0,JPEG,288414,211d376932572c19a6b759d0b3da424a,b8feeaad74ca53d6aa64a085558f4c348edd83be84c8a2d9a0aed845262d9614,1.0,b9b5461e98d85b64,ok,471.4592583945158,True,True,cluster_01439,test,/home/dheirav/Code/Deepfake_Detection/deepfake-project/dataset_builder/test/ai_generated/flux_topup_001746.jpg
data_sources/ai_generated/FLUX_TopUp/flux_topup_001747.jpg,data_sources/ai_generated/FLUX_TopUp,ai_generated,1024,1024,1.0,JPEG,251007,e8ffe17eb1b078715513fdd17cd62e67,0e2eed06678d3cb02300c885f80ecea9169944241e26e5e02ec3ba8d07d6bcb7,1.0,d3c40c73729dc963,ok,408.0384405054491,True,True,cluster_01753,test,/home/dheirav/Code/Deepfake_Detection/deepfake-project/dataset_builder/test/ai_generated/flux_topup_001747.jpg
data_sources/ai_generated/FLUX_TopUp/flux_topup_001751.jpg,data_sources/ai_generated/FLUX_TopUp,ai_generated,1024,1024,1.0,JPEG,401342,c2f2bdf196ac452077aaaba860e63909,054e4150cef114431757c390d758dd951de58c4520fdfa4af5c242df0a6f78e0,1.0,bcba52c9ad4620f3,ok,1723.5653595779424,True,True,cluster_00659,test,/home/dheirav/Code/Deepfake_Detection/deepfake-project/dataset_builder/test/ai_generated/flux_topup_001751.jpg
data_sources/ai_generated/FLUX_TopUp/flux_topup_001757.jpg,data_sources/ai_generated/FLUX_TopUp,ai_generated,1024,1024,1.0,JPEG,366788,2ec6d3fd2ec0423d868bb8a80cd7b332,024885f91a5bcf504ea81682abc96e75e7e62bca3fddc5ce6a52cb3595e49a58,1.0,9b99c8d929682779,ok,950.2610714161672,True,True,cluster_00855,test,/home/dheirav/Code/Deepfake_Detection/deepfake-project/dataset_builder/test/ai_generated/flux_topup_001757.jpg
data_sources/ai_generated/FLUX_TopUp/flux_topup_001763.jpg,data_sources/ai_generated/FLUX_TopUp,ai_generated,1024,1024,1.0,JPEG,547662,eec4357d4081a52bd7859b97ff043130,f07be5bbd4055f4e356854fe8f556bd40f0593278e21cf42640a2d25d3489f9f,1.0,8cc5c61b739c3e1c,ok,3024.8297988762415,True,True,cluster_00068,test,/home/dheirav/Code/Deepfake_Detection/deepfake-project/dataset_builder/test/ai_generated/flux_topup_001763.jpg
data_sources/ai_generated/FLUX_TopUp/flux_topup_001767.jpg,data_sources/ai_generated/FLUX_TopUp,ai_generated,1024,1024,1.0,JPEG,425394,6c9a5c6558c29945715f828332feeed3,cc1ceb614fc8b89024a7369648a29b110c15aad68bd8e552076d5a5764601350,1.0,83a5fcf212b90b87,ok,1298.693191248909,True,True,cluster_00516,test,/home/dheirav/Code/Deepfake_Detection/deepfake-project/dataset_builder/test/ai_generated/flux_topup_001767.jpg
data_sources/ai_generated/FLUX_TopUp/flux_topup_001771.jpg,data_sources/ai_generated/FLUX_TopUp,ai_generated,1024,1024,1.0,JPEG,313633,a8b430c65ca7f789ada90e1ad956c2ee,0e1e2ab4c68944d924e754a0d9eb814ace47037c1123a7dfaf5be734c32e24df,1.0,95be6a5135c902ee,ok,671.371790502333,True,True,cluster_01224,test,/home/dheirav/Code/Deepfake_Detection/deepfake-project/dataset_builder/test/ai_generated/flux_topup_001771.jpg
data_sources/ai_generated/FLUX_TopUp/flux_topup_001772.jpg,data_sources/ai_generated/FLUX_TopUp,ai_generated,1024,1024,1.0,JPEG,389385,1d801f61d47b1ba75dfc718b932893cf,7025612f572d7a73f45ca3d82f44efcd4e974b1b914ed22cdb62b4de4727c403,1.0,cc8f47e3a25c36c8,ok,989.4046778213775,True,True,cluster_00722,test,/home/dheirav/Code/Deepfake_Detection/deepfake-project/dataset_builder/test/ai_generated/flux_topup_001772.jpg
data_sources/ai_generated/FLUX_TopUp/flux_topup_001773.jpg,data_sources/ai_generated/FLUX_TopUp,ai_generated,1024,1024,1.0,JPEG,323215,cf45d50a23d4c16131d41119c2e309de,a4f8a380a5806cd12e1e16438da3040f70463a66b11df03d27b6c682032a1b55,1.0,c8c8707271bcb99b,ok,909.169335714242,True,True,cluster_01151,test,/home/dheirav/Code/Deepfake_Detection/deepfake-project/dataset_builder/test/ai_generated/flux_topup_001773.jpg
data_sources/ai_generated/FLUX_TopUp/flux_topup_001774.jpg,data_sources/ai_generated/FLUX_TopUp,ai_generated,1024,1024,1.0,JPEG,298368,3c1e2d599d67e11e21efde30c4a8ea85,cc2d3d06865f35d1ddf234fb2ed23c7d0495eb7830d92fc9952a17beecb0d4ca,1.0,91b7295946754da3,ok,1412.362821484679,True,True,cluster_01364,test,/home/dheirav/Code/Deepfake_Detection/deepfake-project/dataset_builder/test/ai_generated/flux_topup_001774.jpg
data_sources/ai_generated/FLUX_TopUp/flux_topup_001781.jpg,data_sources/ai_generated/FLUX_TopUp,ai_generated,1024,1024,1.0,JPEG,421572,1644fa0caabe6ebf461eadd1aa7db7b5,11cbc6df6655d454da25ef9ce5633e9869486fb8d5ab4445d2d2f9da0526934f,1.0,92a4a52dabba28fa,ok,1114.3305112704256,True,True,cluster_00538,test,/home/dheirav/Code/Deepfake_Detection/deepfake-project/dataset_builder/test/ai_generated/flux_topup_001781.jpg
data_sources/ai_generated/FLUX_TopUp/flux_topup_001785.jpg,data_sources/ai_generated/FLUX_TopUp,ai_generated,1024,1024,1.0,JPEG,321005,da56189d0d13dab9518b2f9ee0849168,cd86e60e21fd7a704e28fb6b0e27dce88cd3eb5b87efca311874252d9f70a7d6,1.0,81a8ba6b43dc33a7,ok,554.9812772064724,True,True,cluster_01171,test,/home/dheirav/Code/Deepfake_Detection/deepfake-project/dataset_builder/test/ai_generated/flux_topup_001785.jpg
data_sources/ai_generated/FLUX_TopUp/flux_topup_001795.jpg,data_sources/ai_generated/FLUX_TopUp,ai_generated,1024,1024,1.0,JPEG,511906,936a5fdb3887c67588aba21b67eec574,85b858330d13d5a6258ecc7d0121fb84e57e76840af35b700144d342631e9987,1.0,9a9712e4b33c1be4,ok,1765.5776574542315,True,True,cluster_00138,test,/home/dheirav/Code/Deepfake_Detection/deepfake-project/dataset_builder/test/ai_generated/flux_topup_001795.jpg
data_sources/ai_generated/FLUX_TopUp/flux_topup_001803.jpg,data_sources/ai_generated/FLUX_TopUp,ai_generated,1024,1024,1.0,JPEG,259159,e32e387b73225c7a438f96be3841cf14,2c9e5072cd1eb5e7ef3e7cef4b48c092020c5a79ed7214a56f2868f09dc9bf92,1.0,a6e71839e6c62cd1,ok,407.18281123902125,True,True,cluster_01683,test,/home/dheirav/Code/Deepfake_Detection/deepfake-project/dataset_builder/test/ai_generated/flux_topup_001803.jpg
data_sources/ai_generated/FLUX_TopUp/flux_topup_001810.jpg,data_sources/ai_generated/FLUX_TopUp,ai_generated,1024,1024,1.0,JPEG,340699,675f4ec1afbac2095a7a33b10540a258,ea7ee84db7954ee131afd1a40ff607c0dfbb9a0ce7f2fd77200cbfc857c74ddd,1.0,c5c4a32c4e4c769f,ok,573.1829348305146,True,True,cluster_01012,test,/home/dheirav/Code/Deepfake_Detection/deepfake-project/dataset_builder/test/ai_generated/flux_topup_001810.jpg
data_sources/ai_generated/FLUX_TopUp/flux_topup_001822.jpg,data_sources/ai_generated/FLUX_TopUp,ai_generated,1024,1024,1.0,JPEG,311006,b988a6d5fd672917b976b9b77b804be2,2e07e77024322892f8999e176c78b16219b4179e1f0a75115ea353e628383d7d,1.0,e6b849c79e633464,ok,1181.0612341253873,True,True,cluster_01250,test,/home/dheirav/Code/Deepfake_Detection/deepfake-project/dataset_builder/test/ai_generated/flux_topup_001822.jpg
data_sources/ai_generated/FLUX_TopUp/flux_topup_001826.jpg,data_sources/ai_generated/FLUX_TopUp,ai_generated,1024,1024,1.0,JPEG,286407,dc1dc00188eb5d3983093da4d6fc17e2,aad9183097bb21d98647b6cc8fbc9a8ed27108d4486a10b4ecc0f37f6e41f27d,1.0,929694e4cfc958ec,ok,307.49261665335143,True,True,cluster_01459,test,/home/dheirav/Code/Deepfake_Detection/deepfake-project/dataset_builder/test/ai_generated/flux_topup_001826.jpg
data_sources/ai_generated/FLUX_TopUp/flux_topup_001828.jpg,data_sources/ai_generated/FLUX_TopUp,ai_generated,1024,1024,1.0,JPEG,347018,a6f6d8de59c0dbf1214a9a7584309dcc,7db9f4830a38ce38a99cca2d1160c94992a611578e6f5606fa03fca88bdf9d39,1.0,9a9269e8e474c6f1,ok,1310.7402942843828,True,True,cluster_00978,test,/home/dheirav/Code/Deepfake_Detection/deepfake-project/dataset_builder/test/ai_generated/flux_topup_001828.jpg
data_sources/ai_generated/FLUX_TopUp/flux_topup_001832.jpg,data_sources/ai_generated/FLUX_TopUp,ai_generated,1024,1024,1.0,JPEG,230229,8d04d2e0251ea0c0083e90c8adfae684,d8dad41d0a5516d178e78e7cae1e119911ffce980d3da651ef38e36e06231f57,1.0,d4d57f2f0f81b120,ok,285.2253412736308,True,True,cluster_01931,test,/home/dheirav/Code/Deepfake_Detection/deepfake-project/dataset_builder/test/ai_generated/flux_topup_001832.jpg
data_sources/ai_generated/FLUX_TopUp/flux_topup_001834.jpg,data_sources/ai_generated/FLUX_TopUp,ai_generated,1024,1024,1.0,JPEG,305850,cc736a30f264f1ef6d6a62963ea275a9,9f43c162f9f1db168629fad2404503de87b6deea2d0e8d52f5d3afbfa71d878b,1.0,b3b3c2541d2c3cb5,ok,1113.3257322292984,True,True,cluster_01298,test,/home/dheirav/Code/Deepfake_Detection/deepfake-project/dataset_builder/test/ai_generated/flux_topup_001834.jpg
data_sources/ai_generated/FLUX_TopUp/flux_topup_001835.jpg,data_sources/ai_generated/FLUX_TopUp,ai_generated,1024,1024,1.0,JPEG,338383,798ef22198f687f6fe6be2caeffb1cea,c33d075e39b7a98369660b5f94e44092943afba1027483412b83a029871a25b6,1.0,c0cc36a43b44cf7e,ok,1662.176184360308,True,True,cluster_01027,test,/home/dheirav/Code/Deepfake_Detection/deepfake-project/dataset_builder/test/ai_generated/flux_topup_001835.jpg
data_sources/ai_generated/FLUX_TopUp/flux_topup_001841.jpg,data_sources/ai_generated/FLUX_TopUp,ai_generated,1024,1024,1.0,JPEG,300727,efb5a82b89a5d7f097b9699c18f25c4f,5428a8bb4025b21a228151c0379fb9169474d24e2b3aaa52656f8e8655e19079,1.0,9c935b9e68592d19,ok,867.4154037480101,True,True,cluster_01346,test,/home/dheirav/Code/Deepfake_Detection/deepfake-project/dataset_builder/test/ai_generated/flux_topup_001841.jpg
data_sources/ai_generated/FLUX_TopUp/flux_topup_001843.jpg,data_sources/ai_generated/FLUX_TopUp,ai_generated,1024,1024,1.0,JPEG,240117,d22ecf60ff0c6812ece374980385c2ef,e3cb90c010fdafb3e1e6a7d19736d787444283e6928c99e5566a392eaa5d6299,1.0,ce6c333961336696,ok,586.2852735348705,True,True,cluster_01854,test,/home/dheirav/Code/Deepfake_Detection/deepfake-project/dataset_builder/test/ai_generated/flux_topup_001843.jpg
data_sources/ai_generated/FLUX_TopUp/flux_topup_001847.jpg,data_sources/ai_generated/FLUX_TopUp,ai_generated,1024,1024,1.0,JPEG,322586,54a67f584731f7553a5b3a87cbd46e4e,1963c3ddc5e83f81a17695afc66c2e246f30605d53611a658a23c76d003956b7,1.0,df6c2cb3730912c5,ok,585.9193944893766,True,True,cluster_01157,test,/home/dheirav/Code/Deepfake_Detection/deepfake-project/dataset_builder/test/ai_generated/flux_topup_001847.jpg
data_sources/ai_generated/FLUX_TopUp/flux_topup_001850.jpg,data_sources/ai_generated/FLUX_TopUp,ai_generated,1024,1024,1.0,JPEG,261690,33fee34d2590a59a2bd13d510f6a69ab,b5a2b8c2dcba90d1460996a9520ec616d036176ada5e1a9f06966f96f4171d9f,1.0,95664ea769cb30b8,ok,848.3751234715126,True,True,cluster_01659,test,/home/dheirav/Code/Deepfake_Detection/deepfake-project/dataset_builder/test/ai_generated/flux_topup_001850.jpg
data_sources/ai_generated/FLUX_TopUp/flux_topup_001855.jpg,data_sources/ai_generated/FLUX_TopUp,ai_generated,1024,1024,1.0,JPEG,246030,1ca666cd2ed96bc4be079c3bf2d50952,1c4edc4a1a79a40c7369e3b40426d24f22145693b084500931a9e852ddf353eb,1.0,d995253a6296966d,ok,501.89762835964103,True,True,cluster_01798,test,/home/dheirav/Code/Deepfake_Detection/deepfake-project/dataset_builder/test/ai_generated/flux_topup_001855.jpg
data_sources/ai_generated/FLUX_TopUp/flux_topup_001863.jpg,data_sources/ai_generated/FLUX_TopUp,ai_generated,1024,1024,1.0,JPEG,307844,f780d50d5a24d95a70348af6e4873014,f253b4352d04bc4a4f87650503409395b3c518ed35a9736ad2aa38c61b30cb03,1.0,c1f8363e491b64ce,ok,421.8096450341254,True,True,cluster_01280,test,/home/dheirav/Code/Deepfake_Detection/deepfake-project/dataset_builder/test/ai_generated/flux_topup_001863.jpg
data_sources/ai_generated/FLUX_TopUp/flux_topup_001866.jpg,data_sources/ai_generated/FLUX_TopUp,ai_generated,1024,1024,1.0,JPEG,239850,495a465fd9c8dbf3527b99fcbed2fe81,a388e32517b7866cb4a4ef31c94579851657372625fbc03e99e072af0c1a4c8e,1.0,92926a6ba533b62d,ok,963.105400425148,True,True,cluster_01856,test,/home/dheirav/Code/Deepfake_Detection/deepfake-project/dataset_builder/test/ai_generated/flux_topup_001866.jpg
data_sources/ai_generated/FLUX_TopUp/flux_topup_001867.jpg,data_sources/ai_generated/FLUX_TopUp,ai_generated,1024,1024,1.0,JPEG,330242,769489152bf7de9b361df627e342ef30,337bb3ca80ae3693885288245695bcb49a8d7fb11bce84fc0b278616d8b885ee,1.0,91b56e787812e58b,ok,606.3185829107014,True,True,cluster_01097,test,/home/dheirav/Code/Deepfake_Detection/deepfake-project/dataset_builder/test/ai_generated/flux_topup_001867.jpg
data_sources/ai_generated/FLUX_TopUp/flux_topup_001879.jpg,data_sources/ai_generated/FLUX_TopUp,ai_generated,1024,1024,1.0,JPEG,496993,7999fca35077e90e92e13c1de6c8dfcf,284075f36146356bfc9539fcfc187f03b43bf034df6f74a381c3db3bb08c8de5,1.0,9a930f6c336d3493,ok,1699.7434170335316,True,True,cluster_00183,test,/home/dheirav/Code/Deepfake_Detection/deepfake-project/dataset_builder/test/ai_generated/flux_topup_001879.jpg
data_sources/ai_generated/FLUX_TopUp/flux_topup_001880.jpg,data_sources/ai_generated/FLUX_TopUp,ai_generated,1024,1024,1.0,JPEG,338155,2d1fa2e9088ab17c1fb2f9f951525d5a,46ad46b04e4cc8b631b2679b1464e53e16e262398969198168ed192e9220a831,1.0,999b6891867e26ce,ok,1214.9473694875333,True,True,cluster_01031,test,/home/dheirav/Code/Deepfake_Detection/deepfake-project/dataset_builder/test/ai_generated/flux_topup_001880.jpg
data_sources/ai_generated/FLUX_TopUp/flux_topup_001882.jpg,data_sources/ai_generated/FLUX_TopUp,ai_generated,1024,1024,1.0,JPEG,309894,245426a5744eed3f153da5fe0b904bf7,c53a228a707f9c5905e9eced6da3433cf2214852b4885bfe015122e6ce11813e,1.0,94a56eae8e4a7515,ok,322.1781023313197,True,True,cluster_01257,test,/home/dheirav/Code/Deepfake_Detection/deepfake-project/dataset_builder/test/ai_generated/flux_topup_001882.jpg
data_sources/ai_generated/FLUX_TopUp/flux_topup_001888.jpg,data_sources/ai_generated/FLUX_TopUp,ai_generated,1024,1024,1.0,JPEG,280552,ab0deebccf814f5cbb947264be9d19a5,0a4e1dffd37a177d41d75daaa7d2535ad45ecffd7fc628816099de822b3e8d05,1.0,9f866671999d6461,ok,256.68990241057685,True,True,cluster_01496,test,/home/dheirav/Code/Deepfake_Detection/deepfake-project/dataset_builder/test/ai_generated/flux_topup_001888.jpg
data_sources/ai_generated/FLUX_TopUp/flux_topup_001891.jpg,data_sources/ai_generated/FLUX_TopUp,ai_generated,1024,1024,1.0,JPEG,450035,8410202f7f493c19cb9e0726e8eb1bb9,436f96870a907e30694bd72677469546a641a64acb517240db64bb25cd036e5f,1.0,9296d99d9998ee81,ok,2307.0215529184643,True,True,cluster_00372,test,/home/dheirav/Code/Deepfake_Detection/deepfake-project/dataset_builder/test/ai_generated/flux_topup_001891.jpg
data_sources/ai_generated/FLUX_TopUp/flux_topup_001892.jpg,data_sources/ai_generated/FLUX_TopUp,ai_generated,1024,1024,1.0,JPEG,259879,592c323c4c897fe9829955d03df34fce,adb776d3b8f49e87cf4cbf8b31379f4c906134b9980bfdced119a60959a3a143,1.0,d4fc9b9aa2a321e8,ok,421.87288801115557,True,True,cluster_01676,test,/home/dheirav/Code/Deepfake_Detection/deepfake-project/dataset_builder/test/ai_generated/flux_topup_001892.jpg
data_sources/ai_generated/FLUX_TopUp/flux_topup_001912.jpg,data_sources/ai_generated/FLUX_TopUp,ai_generated,1024,1024,1.0,JPEG,298818,776af4557211d3b20728e581ba4e8554,e61d5bf8ee89409d8debae9a1f0347af874e75214aaf39a50f736e41bdf5b26a,1.0,98b76c995646738c,ok,832.296432598333,True,True,cluster_01357,test,/home/dheirav/Code/Deepfake_Detection/deepfake-project/dataset_builder/test/ai_generated/flux_topup_001912.jpg
data_sources/ai_generated/FLUX_TopUp/flux_topup_001913.jpg,data_sources/ai_generated/FLUX_TopUp,ai_generated,1024,1024,1.0,JPEG,414493,45ba7aceaf7e2743558910e8e96d43ad,eee211938f6286fe3d3079f18c42d1ca007cd5ea9612a362716b39d0f1d67e71,1.0,92b8696765b66899,ok,546.52154083667,True,True,cluster_00574,test,/home/dheirav/Code/Deepfake_Detection/deepfake-project/dataset_builder/test/ai_generated/flux_topup_001913.jpg
data_sources/ai_generated/FLUX_TopUp/flux_topup_001915.jpg,data_sources/ai_generated/FLUX_TopUp,ai_generated,1024,1024,1.0,JPEG,293623,295f714b619c78b372d60df9ea205591,2ab517acd8b3d9528f24a0c30267c1f81633dfd8808aaff63326100f76c2c884,1.0,90a2ad3f4a941fc7,ok,397.64426461973926,True,True,cluster_01390,test,/home/dheirav/Code/Deepfake_Detection/deepfake-project/dataset_builder/test/ai_generated/flux_topup_001915.jpg
data_sources/ai_generated/FLUX_TopUp/flux_topup_001918.jpg,data_sources/ai_generated/FLUX_TopUp,ai_generated,1024,1024,1.0,JPEG,338043,8707136db0877bbf3a93100ff43b55fd,d68dfe405faa7a4c406158b60e56f91efcefdd101bb987758009bdbf0b4054a1,1.0,b4b94b89e454693e,ok,937.1185316415466,True,True,cluster_01032,test,/home/dheirav/Code/Deepfake_Detection/deepfake-project/dataset_builder/test/ai_generated/flux_topup_001918.jpg
data_sources/ai_generated/FLUX_TopUp/flux_topup_001921.jpg,data_sources/ai_generated/FLUX_TopUp,ai_generated,1024,1024,1.0,JPEG,265756,edfceca2ff4dcffd27ef13aaa015cfa8,db2954d2024fed380e5bf2314a8197580c7e507fe3e3cee91d2140f83d564d97,1.0,939a1959ddd0a11f,ok,283.1759775336213,True,True,cluster_01622,test,/home/dheirav/Code/Deepfake_Detection/deepfake-project/dataset_builder/test/ai_generated/flux_topup_001921.jpg
data_sources/ai_generated/FLUX_TopUp/flux_topup_001926.jpg,data_sources/ai_generated/FLUX_TopUp,ai_generated,1024,1024,1.0,JPEG,240663,1341a0f2079f0e9e78937af3c31c115e,eaa61b187d40ba2516fad27f9fa81e669ea1dc21715a18946c0d83f8b40afb2c,1.0,91970e3535d98d6c,ok,410.7701775600134,True,True,cluster_01848,test,/home/dheirav/Code/Deepfake_Detection/deepfake-project/dataset_builder/test/ai_generated/flux_topup_001926.jpg
data_sources/ai_generated/FLUX_TopUp/flux_topup_001933.jpg,data_sources/ai_generated/FLUX_TopUp,ai_generated,1024,1024,1.0,JPEG,320508,9ada97946fb4b0e97a05c01cda147675,53a9f27982e6d0084e0c091f327f7cd71f6a2b3ecdc58d91be6db3f8d3ec2b92,1.0,85a763d01e1ce8eb,ok,435.86640662742775,True,True,cluster_01173,test,/home/dheirav/Code/Deepfake_Detection/deepfake-project/dataset_builder/test/ai_generated/flux_topup_001933.jpg
data_sources/ai_generated/FLUX_TopUp/flux_topup_001937.jpg,data_sources/ai_generated/FLUX_TopUp,ai_generated,1024,1024,1.0,JPEG,270906,a8cee3f8d64db73f2104188fdc15dbe2,46b8528f6f025d97e3e2b469bfeb56de3b8df3a41a73f50a092174da63f75ebc,1.0,81e15e7e3ca29a4d,ok,466.4444656167433,True,True,cluster_01582,test,/home/dheirav/Code/Deepfake_Detection/deepfake-project/dataset_builder/test/ai_generated/flux_topup_001937.jpg
data_sources/ai_generated/FLUX_TopUp/flux_topup_001944.jpg,data_sources/ai_generated/FLUX_TopUp,ai_generated,1024,1024,1.0,JPEG,359629,6b58a58812c9b94e6c2e7eb0837858a0,03662b9729b51f872fb35495c9e32093dc9fec40b11ae24a3beb4c996b56aea1,1.0,a2e657eb6014bf60,ok,953.2078444600692,True,True,cluster_00904,test,/home/dheirav/Code/Deepfake_Detection/deepfake-project/dataset_builder/test/ai_generated/flux_topup_001944.jpg
data_sources/ai_generated/FLUX_TopUp/flux_topup_001949.jpg,data_sources/ai_generated/FLUX_TopUp,ai_generated,1024,1024,1.0,JPEG,275999,5cd54f5b465448a90e874b0d021546ef,22d5a3fc9ff18466e5db9d47234da9e877ccbccfb61fe4de2affddff9debca46,1.0,9da46649d9313b6a,ok,190.97119646871215,True,True,cluster_01533,test,/home/dheirav/Code/Deepfake_Detection/deepfake-project/dataset_builder/test/ai_generated/flux_topup_001949.jpg
data_sources/ai_generated/FLUX_TopUp/flux_topup_001953.jpg,data_sources/ai_generated/FLUX_TopUp,ai_generated,1024,1024,1.0,JPEG,444854,ae253d39c91d6f1ec74a6a58746d4be2,c1056f0103af5131b371c608e9edf157396b1d8eeaa4b067e0400fc24f4a7e21,1.0,c1899bf81ce36c53,ok,2052.6299555767864,True,True,cluster_00400,test,/home/dheirav/Code/Deepfake_Detection/deepfake-project/dataset_builder/test/ai_generated/flux_topup_001953.jpg
data_sources/ai_generated/FLUX_TopUp/flux_topup_001954.jpg,data_sources/ai_generated/FLUX_TopUp,ai_generated,1024,1024,1.0,JPEG,315180,06e54fc3306d0e4d667ffd6e8aa679b7,805bf854ac4040e52ab14a54bccdfe21e4ae983b39797f4f27fef32d42e8438a,1.0,c1d05c8f1bd33666,ok,370.64005305501263,True,True,cluster_01208,test,/home/dheirav/Code/Deepfake_Detection/deepfake-project/dataset_builder/test/ai_generated/flux_topup_001954.jpg
data_sources/ai_generated/FLUX_TopUp/flux_topup_001955.jpg,data_sources/ai_generated/FLUX_TopUp,ai_generated,1024,1024,1.0,JPEG,301483,8a89ad9dd9afb93672e09941120e6932,97e72bfab405bf411ebeacc55608a86aa59f2e12360e427cebcf212f020ff06a,1.0,94bd23433cc3adb4,ok,992.4519161906171,True,True,cluster_01333,test,/home/dheirav/Code/Deepfake_Detection/deepfake-project/dataset_builder/test/ai_generated/flux_topup_001955.jpg
data_sources/ai_generated/FLUX_TopUp/flux_topup_001962.jpg,data_sources/ai_generated/FLUX_TopUp,ai_generated,1024,1024,1.0,JPEG,303176,4a20ec502b3733b04b26082a58e1123c,d79e9e9fcce4c4d65182bf529b8b45047e431b0f4d59772b350cf6e0123b7889,1.0,e0c01e685dabf70e,ok,875.8047992023494,True,True,cluster_01316,test,/home/dheirav/Code/Deepfake_Detection/deepfake-project/dataset_builder/test/ai_generated/flux_topup_001962.jpg
data_sources/ai_generated/FLUX_TopUp/flux_topup_001967.jpg,data_sources/ai_generated/FLUX_TopUp,ai_generated,1024,1024,1.0,JPEG,348980,13b044b20d9d41d1c9e794c924377823,b57e4e3619b7aed2760733f7fb7365334b7833569199b6dd5aaababcf5cf172f,1.0,cccd46eb7698605a,ok,932.1925678935911,True,True,cluster_00961,test,/home/dheirav/Code/Deepfake_Detection/deepfake-project/dataset_builder/test/ai_generated/flux_topup_001967.jpg
data_sources/ai_generated/FLUX_TopUp/flux_topup_001969.jpg,data_sources/ai_generated/FLUX_TopUp,ai_generated,1024,1024,1.0,JPEG,440406,3d0ec639adec3ea3cbaa7eea460a3da9,df90a0c218d88129b687b3e8635b7bf219b23490e72bc66d7efc3bfca5d41415,1.0,99c68439d3b366cc,ok,855.0181150403432,True,True,cluster_00427,test,/home/dheirav/Code/Deepfake_Detection/deepfake-project/dataset_builder/test/ai_generated/flux_topup_001969.jpg
data_sources/ai_generated/FLUX_TopUp/flux_topup_001970.jpg,data_sources/ai_generated/FLUX_TopUp,ai_generated,1024,1024,1.0,JPEG,472147,cad1284b6753103a852b7e8b07b575f7,19d1c39e3159505f24978233366b8be1053def3138f846d4dc03339781afec8d,1.0,883e516137d89d8f,ok,1948.537815805258,True,True,cluster_00281,test,/home/dheirav/Code/Deepfake_Detection/deepfake-project/dataset_builder/test/ai_generated/flux_topup_001970.jpg
data_sources/ai_generated/FLUX_TopUp/flux_topup_001971.jpg,data_sources/ai_generated/FLUX_TopUp,ai_generated,1024,1024,1.0,JPEG,241840,d67d23f37951943a6b41d9c6d6097367,2934ec6183fa8e9f51ee10ab468c649027b1571efdd3eb676fe0df26f8a75273,1.0,a1a4de5ab165568e,ok,319.8195343848456,True,True,cluster_01836,test,/home/dheirav/Code/Deepfake_Detection/deepfake-project/dataset_builder/test/ai_generated/flux_topup_001971.jpg
data_sources/ai_generated/FLUX_TopUp/flux_topup_001972.jpg,data_sources/ai_generated/FLUX_TopUp,ai_generated,1024,1024,1.0,JPEG,277883,e90f41fb33d4e3b26d84b5efed7d4571,709ce996ee38e9989a19fb2a21af694319b628e015759f336d65342257525cb7,1.0,86d63ada8ed8b149,ok,395.2713527998275,True,True,cluster_01522,test,/home/dheirav/Code/Deepfake_Detection/deepfake-project/dataset_builder/test/ai_generated/flux_topup_001972.jpg
data_sources/ai_generated/FLUX_TopUp/flux_topup_001973.jpg,data_sources/ai_generated/FLUX_TopUp,ai_generated,1024,1024,1.0,JPEG,386755,1b7fa33177942c355e32fa03e04c2dae,9df388d02728c0399b5d011eabbbd0368ee431b780a440c20b3d93aab642f4b9,1.0,84894ba47b9f5c27,ok,1774.3369194099214,True,True,cluster_00738,test,/home/dheirav/Code/Deepfake_Detection/deepfake-project/dataset_builder/test/ai_generated/flux_topup_001973.jpg
data_sources/ai_generated/FLUX_TopUp/flux_topup_001975.jpg,data_sources/ai_generated/FLUX_TopUp,ai_generated,1024,1024,1.0,JPEG,384216,e93421c6c71678172ba42ef569181c11,df0a82c5f9f3941eb9850936dbb5b08f6d823b5d6d3b4df9b70669a13ee41686,1.0,9d8525339c9c3e2e,ok,1167.3782576300978,True,True,cluster_00754,test,/home/dheirav/Code/Deepfake_Detection/deepfake-project/dataset_builder/test/ai_generated/flux_topup_001975.jpg
data_sources/ai_generated/FLUX_TopUp/flux_topup_001978.jpg,data_sources/ai_generated/FLUX_TopUp,ai_generated,1024,1024,1.0,JPEG,474846,7b30217f5f49477e8b49061fee4ca6b2,633f74f6bad1b95372330c7a1f1e45a0fb3517f2b0aa89614869a30bc756478e,1.0,90b02d6356741ff3,ok,2139.044718594056,True,True,cluster_00267,test,/home/dheirav/Code/Deepfake_Detection/deepfake-project/dataset_builder/test/ai_generated/flux_topup_001978.jpg
data_sources/ai_generated/FLUX_TopUp/flux_topup_001990.jpg,data_sources/ai_generated/FLUX_TopUp,ai_generated,1024,1024,1.0,JPEG,247612,4c8a437ce8eced8a5eeebf668dde5851,f942feda60701e83f2f67fba8babd0352b7cccb924e4141602a308ef396b081d,1.0,c5cfccadcec66220,ok,417.8558333278488,True,True,cluster_01782,test,/home/dheirav/Code/Deepfake_Detection/deepfake-project/dataset_builder/test/ai_generated/flux_topup_001990.jpg
data_sources/ai_generated/FLUX_TopUp/flux_topup_001991.jpg,data_sources/ai_generated/FLUX_TopUp,ai_generated,1024,1024,1.0,JPEG,463650,c9a97f53631bae0918aed7eae4c0358a,23e86d8ea44830db5c7c141e4c78d2d472859f0d9e284dc7f1f168c9f3de8175,1.0,f5f50e8e7921096c,ok,2136.0646361051477,True,True,cluster_00316,test,/home/dheirav/Code/Deepfake_Detection/deepfake-project/dataset_builder/test/ai_generated/flux_topup_001991.jpg
data_sources/ai_generated/FLUX_TopUp/flux_topup_001999.jpg,data_sources/ai_generated/FLUX_TopUp,ai_generated,1024,1024,1.0,JPEG,451855,0369caebed42d9f2b5767d1bcbc51511,b174e450b81ff2d57a246f56d1af5c3d13da9c02913aa0d48992eaa1a1b0c46b,1.0,9697637150daba38,ok,3625.065910917283,True,True,cluster_00362,test,/home/dheirav/Code/Deepfake_Detection/deepfake-project/dataset_builder/test/ai_generated/flux_topup_001999.jpg
data_sources/ai_generated/FLUX_TopUp/flux_topup_002001.jpg,data_sources/ai_generated/FLUX_TopUp,ai_generated,1024,1024,1.0,JPEG,421676,a57dd4573bf9300aded47feae40013a2,ccb9f8d6fac60f85e11d98b568fb3050614df474f9742302bdd2225df4c85c15,1.0,99cc6c36b3396133,ok,1207.776072954889,True,True,cluster_00536,test,/home/dheirav/Code/Deepfake_Detection/deepfake-project/dataset_builder/test/ai_generated/flux_topup_002001.jpg
data_sources/ai_generated/FLUX_TopUp/flux_topup_002002.jpg,data_sources/ai_generated/FLUX_TopUp,ai_generated,1024,1024,1.0,JPEG,334867,65063fb58be8e687db813e85c5f1c386,60cbfdd4a778685501bb9c6abb6a4c684f4f959c8dfb4006ff53adc7b5ded264,1.0,c5e2be1c57c5688c,ok,1236.2093044865137,True,True,cluster_01064,test,/home/dheirav/Code/Deepfake_Detection/deepfake-project/dataset_builder/test/ai_generated/flux_topup_002002.jpg
data_sources/ai_generated/FLUX_TopUp/flux_topup_002013.jpg,data_sources/ai_generated/FLUX_TopUp,ai_generated,1024,1024,1.0,JPEG,345223,04604bfa198904d6b9ed117ae7453978,00e910edbcffe3b3d92c6241e93c2cd10fd92cc413ac9695b920e4edca337cd1,1.0,90f26e3e1585e333,ok,416.4586691474542,True,True,cluster_00984,test,/home/dheirav/Code/Deepfake_Detection/deepfake-project/dataset_builder/test/ai_generated/flux_topup_002013.jpg
data_sources/ai_generated/FLUX_TopUp/flux_topup_002018.jpg,data_sources/ai_generated/FLUX_TopUp,ai_generated,1024,1024,1.0,JPEG,254942,bad1fb98307f0624142b49622094598b,072ba0c8bfdc242dc7d8cdfa70bc6909bde5a7aa3577dde6ff6c0182efb2cae4,1.0,8c9373b8c676ac68,ok,205.54691590970373,True,True,cluster_01718,test,/home/dheirav/Code/Deepfake_Detection/deepfake-project/dataset_builder/test/ai_generated/flux_topup_002018.jpg
data_sources/ai_generated/FLUX_TopUp/flux_topup_002023.jpg,data_sources/ai_generated/FLUX_TopUp,ai_generated,1024,1024,1.0,JPEG,453049,b15bb1da56eb9b0e93847d97764a2961,b607c730db76e213a82b92c34208dfad29b141ed57b9f866c60e829682c54c14,1.0,9a9b2b6b43d0f0e1,ok,1976.809361282819,True,True,cluster_00355,test,/home/dheirav/Code/Deepfake_Detection/deepfake-project/dataset_builder/test/ai_generated/flux_topup_002023.jpg
data_sources/ai_generated/FLUX_TopUp/flux_topup_002031.jpg,data_sources/ai_generated/FLUX_TopUp,ai_generated,1024,1024,1.0,JPEG,423176,2fe259ee1b5dd82db2492750e3260e98,9b7e2021fa36f566344ec99e3727464afe3abf5ecae32d139333fbd23d368b9b,1.0,9a9e6c6c656529a3,ok,2124.3256172840984,True,True,cluster_00523,test,/home/dheirav/Code/Deepfake_Detection/deepfake-project/dataset_builder/test/ai_generated/flux_topup_002031.jpg
data_sources/ai_generated/FLUX_TopUp/flux_topup_002033.jpg,data_sources/ai_generated/FLUX_TopUp,ai_generated,1024,1024,1.0,JPEG,477665,fa96aa3598e0150c99a8d196d7f71f8b,0407315cbe2728ce3a8def97460859350fcdce078260c7f9ce095629bf23ad97,1.0,99a44a733799e496,ok,2690.947489697045,True,True,cluster_00255,test,/home/dheirav/Code/Deepfake_Detection/deepfake-project/dataset_builder/test/ai_generated/flux_topup_002033.jpg
data_sources/ai_generated/FLUX_TopUp/flux_topup_002035.jpg,data_sources/ai_generated/FLUX_TopUp,ai_generated,1024,1024,1.0,JPEG,224699,90a80be317d9abd308bab4a15905b4a3,bfa91ba24d21d694fdbe3a3104b5e6b42091554921c408a40091ba750915f3b0,1.0,96991a964d33b3cc,ok,222.80647870566463,True,True,cluster_01978,test,/home/dheirav/Code/Deepfake_Detection/deepfake-project/dataset_builder/test/ai_generated/flux_topup_002035.jpg
data_sources/ai_generated/FLUX_TopUp/flux_topup_002038.jpg,data_sources/ai_generated/FLUX_TopUp,ai_generated,1024,1024,1.0,JPEG,289988,5e23ddcf1c9fa908e987f44af18dae6b,00d5b1acea3c656eb8dfd2632f7b0508b33a1b50bd40fe9cccbffdedd42247e8,1.0,94dad91d0c9c66e5,ok,389.4012399490301,True,True,cluster_01422,test,/home/dheirav/Code/Deepfake_Detection/deepfake-project/dataset_builder/test/ai_generated/flux_topup_002038.jpg
data_sources/ai_generated/FLUX_TopUp/flux_topup_002040.jpg,data_sources/ai_generated/FLUX_TopUp,ai_generated,1024,1024,1.0,JPEG,275719,948463836b80eca87246605b9442e1d1,ff4d38252b3df7f0bd18a0f93a0755affc03b467b525f7a2f18fcdb39f46d183,1.0,979a713180ce6fb1,ok,122.86404209000374,True,True,cluster_01537,test,/home/dheirav/Code/Deepfake_Detection/deepfake-project/dataset_builder/test/ai_generated/flux_topup_002040.jpg
data_sources/ai_generated/FLUX_TopUp/flux_topup_002043.jpg,data_sources/ai_generated/FLUX_TopUp,ai_generated,1024,1024,1.0,JPEG,291530,4aef1641d78f063ba7432f7f61f28857,88b529c0b14e69a13a47653fc3f0ef6616c100748fbf9d13f1fb53d32a0a51c2,1.0,8334ac633ccd33ce,ok,462.15210281847976,True,True,cluster_01407,test,/home/dheirav/Code/Deepfake_Detection/deepfake-project/dataset_builder/test/ai_generated/flux_topup_002043.jpg
data_sources/ai_generated/FLUX_TopUp/flux_topup_002044.jpg,data_sources/ai_generated/FLUX_TopUp,ai_generated,1024,1024,1.0,JPEG,433429,d6aa4f14f62cdc688b1c98e27ecd3c40,7b76a6d41daf281477c75269772c618df59744fc44c9e3949862b1efbd63ec76,1.0,d5b3b628e93a2c8a,ok,1311.3996868109598,True,True,cluster_00462,test,/home/dheirav/Code/Deepfake_Detection/deepfake-project/dataset_builder/test/ai_generated/flux_topup_002044.jpg
data_sources/ai_generated/FLUX_TopUp/flux_topup_002058.jpg,data_sources/ai_generated/FLUX_TopUp,ai_generated,1024,1024,1.0,JPEG,370389,31f0ca97e62f5e124c0a898e7e763ff1,1e69ef9032c0ebc13b2cbf63d018557b4c1b3387496ae15f6446b9437e665b63,1.0,9585a5617b33743c,ok,1356.5592861372488,True,True,cluster_00831,test,/home/dheirav/Code/Deepfake_Detection/deepfake-project/dataset_builder/test/ai_generated/flux_topup_002058.jpg
data_sources/ai_generated/FLUX_TopUp/flux_topup_002060.jpg,data_sources/ai_generated/FLUX_TopUp,ai_generated,1024,1024,1.0,JPEG,303035,b97513a5c6434b95e41278ccefe8a67f,64700651c113909c1746e479dd95f7d36441abf9380a12cf9174651c3a4ea0bc,1.0,b5a1c94a59a72f26,ok,1613.0878007954411,True,True,cluster_01319,test,/home/dheirav/Code/Deepfake_Detection/deepfake-project/dataset_builder/test/ai_generated/flux_topup_002060.jpg
data_sources/ai_generated/FLUX_TopUp/flux_topup_002063.jpg,data_sources/ai_generated/FLUX_TopUp,ai_generated,1024,1024,1.0,JPEG,277265,5c8f3e8e2a823c9b921872f61201cd16,4a6a5ceab41d8e4046d2b99cbf5a5205eab965c08470eb9e27bc4387a65a8510,1.0,99996266cea66653,ok,162.73204883018389,True,True,cluster_01529,test,/home/dheirav/Code/Deepfake_Detection/deepfake-project/dataset_builder/test/ai_generated/flux_topup_002063.jpg
data_sources/ai_generated/FLUX_TopUp/flux_topup_002065.jpg,data_sources/ai_generated/FLUX_TopUp,ai_generated,1024,1024,1.0,JPEG,236909,c3d64ea411499ec917f36bd306cd8332,77d41eff494f582c7b3006a4c7625cdb9dfe1a85675fea11fc58fabc9512ead2,1.0,90cc8ff2e3532cd8,ok,230.5806346746249,True,True,cluster_01882,test,/home/dheirav/Code/Deepfake_Detection/deepfake-project/dataset_builder/test/ai_generated/flux_topup_002065.jpg
data_sources/ai_generated/FLUX_TopUp/flux_topup_002070.jpg,data_sources/ai_generated/FLUX_TopUp,ai_generated,1024,1024,1.0,JPEG,456514,32177c340c854849d463a00b457e4fd9,aa4614aa6d01976ceee6df5be6395168a750163b8117023490c0a3554c50505f,1.0,9893633334bd335c,ok,1336.1960304119712,True,True,cluster_00345,test,/home/dheirav/Code/Deepfake_Detection/deepfake-project/dataset_builder/test/ai_generated/flux_topup_002070.jpg
data_sources/ai_generated/FLUX_TopUp/flux_topup_002071.jpg,data_sources/ai_generated/FLUX_TopUp,ai_generated,1024,1024,1.0,JPEG,372418,81b416544538f23118835b45d3cf09c5,3e0a81f99e1349fff11587e911a03f0d599baaf409afa591d3aa8f10341c9a21,1.0,99da825f99992167,ok,2176.091436859088,True,True,cluster_00816,test,/home/dheirav/Code/Deepfake_Detection/deepfake-project/dataset_builder/test/ai_generated/flux_topup_002071.jpg
data_sources/ai_generated/FLUX_TopUp/flux_topup_002074.jpg,data_sources/ai_generated/FLUX_TopUp,ai_generated,1024,1024,1.0,JPEG,239339,4fd045c772bc73f6d591bfa6eeeefb3d,3c11e219fb0d7aacb3ac6da2744425678edcc7ea4335143c73906a1ca458831e,1.0,cdd8d2c3e27610bc,ok,267.37359616128015,True,True,cluster_01862,test,/home/dheirav/Code/Deepfake_Detection/deepfake-project/dataset_builder/test/ai_generated/flux_topup_002074.jpg
data_sources/ai_generated/FLUX_TopUp/flux_topup_002080.jpg,data_sources/ai_generated/FLUX_TopUp,ai_generated,1024,1024,1.0,JPEG,405721,58a9c8f1fe7df19bbaf94a36bbb39f84,0cf97a5d3c93e3f4ca8b8964ff302107eacb5d2677b435fcea89b0f802337938,1.0,d081cd8f3b832779,ok,1767.006058434911,True,True,cluster_00631,test,/home/dheirav/Code/Deepfake_Detection/deepfake-project/dataset_builder/test/ai_generated/flux_topup_002080.jpg
data_sources/ai_generated/FLUX_TopUp/flux_topup_002087.jpg,data_sources/ai_generated/FLUX_TopUp,ai_generated,1024,1024,1.0,JPEG,473220,b6e4481dae034724444afe8ae287ce2e,a6097a9f482e09e27629be6c9adad81a31b2a1ed57244334392f034add7fbf7e,1.0,db9793ec0a496a0e,ok,2775.613021105214,True,True,cluster_00275,test,/home/dheirav/Code/Deepfake_Detection/deepfake-project/dataset_builder/test/ai_generated/flux_topup_002087.jpg
data_sources/ai_generated/FLUX_TopUp/flux_topup_002089.jpg,data_sources/ai_generated/FLUX_TopUp,ai_generated,1024,1024,1.0,JPEG,289279,aa8ef0dab158ef7da38571f2dcb9bd06,f3fd5dd66316e979d40741a556b699d1ff0cd700de856efb5d13c54c3cede4aa,1.0,c0c0232b2dcdddaf,ok,516.5151219068348,True,True,cluster_01431,test,/home/dheirav/Code/Deepfake_Detection/deepfake-project/dataset_builder/test/ai_generated/flux_topup_002089.jpg
data_sources/ai_generated/FLUX_TopUp/flux_topup_002091.jpg,data_sources/ai_generated/FLUX_TopUp,ai_generated,1024,1024,1.0,JPEG,353854,c0cba5aa66c23e899f55eda4a3de4652,e395e5a29517a0531e5f1637a7b518729a60b511a29597134d19ccdd516ab538,1.0,90916d695b9aa727,ok,763.3200896980479,True,True,cluster_00928,test,/home/dheirav/Code/Deepfake_Detection/deepfake-project/dataset_builder/test/ai_generated/flux_topup_002091.jpg
data_sources/ai_generated/FLUX_TopUp/flux_topup_002092.jpg,data_sources/ai_generated/FLUX_TopUp,ai_generated,1024,1024,1.0,JPEG,312481,6ae4e994125a9e37d660ec89023bd5dd,c03df38717a7c4e4e8163cfa15fb8a981dd19f2d2db6f90792de579e03cbd7ed,1.0,8e8e6a727a1a0fc6,ok,505.8219982775545,True,True,cluster_01234,test,/home/dheirav/Code/Deepfake_Detection/deepfake-project/dataset_builder/test/ai_generated/flux_topup_002092.jpg
data_sources/ai_generated/FLUX_TopUp/flux_topup_002094.jpg,data_sources/ai_generated/FLUX_TopUp,ai_generated,1024,1024,1.0,JPEG,255032,930f124acb877aab570b6830f2452ce8,d11f5af9176109136dcef43b1bda0f4a36f469e856df405bf2562a4437740be5,1.0,948b2e3569b2d39a,ok,381.0346163664325,True,True,cluster_01716,test,/home/dheirav/Code/Deepfake_Detection/deepfake-project/dataset_builder/test/ai_generated/flux_topup_002094.jpg
data_sources/ai_generated/FLUX_TopUp/flux_topup_002097.jpg,data_sources/ai_generated/FLUX_TopUp,ai_generated,1024,1024,1.0,JPEG,286378,3289a48a6c5f80b76a1720e269fe9f0e,cae09b6d4f76d408a2d3401b20f7e6e9372f9e8bc86a8567ddbfaa05141621cd,1.0,c99c716632673366,ok,1051.8477193157441,True,True,cluster_01460,test,/home/dheirav/Code/Deepfake_Detection/deepfake-project/dataset_builder/test/ai_generated/flux_topup_002097.jpg
data_sources/ai_generated/FLUX_TopUp/flux_topup_002108.jpg,data_sources/ai_generated/FLUX_TopUp,ai_generated,1024,1024,1.0,JPEG,360075,f5896b09ae2a0ff43d490c05a08123ef,118066c4ebc2e7b1e4d0e55fb4c6d47003af201084f65046a395967e507bca0d,1.0,99d932a2e3ec998c,ok,915.9963677355408,True,True,cluster_00900,test,/home/dheirav/Code/Deepfake_Detection/deepfake-project/dataset_builder/test/ai_generated/flux_topup_002108.jpg
data_sources/ai_generated/FLUX_TopUp/flux_topup_002110.jpg,data_sources/ai_generated/FLUX_TopUp,ai_generated,1024,1024,1.0,JPEG,355737,250cfccb03fb45b86cfc2cadeeaf1f99,b16cb265aba7a5c410ed439d253dc0e18dda7e677a77dda9fd563c94acfd0396,1.0,848f2e7d4851d3b5,ok,687.5521150223201,True,True,cluster_00921,test,/home/dheirav/Code/Deepfake_Detection/deepfake-project/dataset_builder/test/ai_generated/flux_topup_002110.jpg
data_sources/ai_generated/FLUX_TopUp/flux_topup_002130.jpg,data_sources/ai_generated/FLUX_TopUp,ai_generated,1024,1024,1.0,JPEG,315940,fc1c27978420b73af6010ea8538285f8,ad6a47215614649c8b5bca6eb454434455254f8067ea673c5c94d699b3d8b219,1.0,96944dc9727a6e26,ok,522.1977670202969,True,True,cluster_01203,test,/home/dheirav/Code/Deepfake_Detection/deepfake-project/dataset_builder/test/ai_generated/flux_topup_002130.jpg
data_sources/ai_generated/FLUX_TopUp/flux_topup_002132.jpg,data_sources/ai_generated/FLUX_TopUp,ai_generated,1024,1024,1.0,JPEG,450152,309bf2dd61a0c2db1fd3b58ffed85d10,8d4a875ae50f6691c8a4f6f2894479a1b0a664e1ebc7e0c10454d054fe7a027d,1.0,cc8c82cff4c433ce,ok,2282.6807395806536,True,True,cluster_00370,test,/home/dheirav/Code/Deepfake_Detection/deepfake-project/dataset_builder/test/ai_generated/flux_topup_002132.jpg
data_sources/ai_generated/FLUX_TopUp/flux_topup_002136.jpg,data_sources/ai_generated/FLUX_TopUp,ai_generated,1024,1024,1.0,JPEG,502818,1c14a64da43c98e3fb47991f8f0f7d6b,7b8959460b6a13c0d071d1022084a6ede1c5b8e47fdb3f076886fc603212aca1,1.0,9ddb73306885639a,ok,1102.4284736323302,True,True,cluster_00160,test,/home/dheirav/Code/Deepfake_Detection/deepfake-project/dataset_builder/test/ai_generated/flux_topup_002136.jpg
data_sources/ai_generated/FLUX_TopUp/flux_topup_002138.jpg,data_sources/ai_generated/FLUX_TopUp,ai_generated,1024,1024,1.0,JPEG,322040,abdfc8965455459dd760a9d81f8cdc84,4c4d5ed376d94ac8f80a3e35ff2be28f8eb73b5a9a3135f9228130f50b32d059,1.0,90db86a46b963c9d,ok,369.8351848890952,True,True,cluster_01161,test,/home/dheirav/Code/Deepfake_Detection/deepfake-project/dataset_builder/test/ai_generated/flux_topup_002138.jpg
data_sources/ai_generated/FLUX_TopUp/flux_topup_002142.jpg,data_sources/ai_generated/FLUX_TopUp,ai_generated,1024,1024,1.0,JPEG,293623,c5e24fe74d6631a7014d1eeca4e0b2b5,d61801d431fc5da9d221f0d41cd900589eb882f4231e3f0b06a2ee6d52a32416,1.0,95ac48f43359cd2e,ok,942.7223136731257,True,True,cluster_01391,test,/home/dheirav/Code/Deepfake_Detection/deepfake-project/dataset_builder/test/ai_generated/flux_topup_002142.jpg
data_sources/ai_generated/FLUX_TopUp/flux_topup_002146.jpg,data_sources/ai_generated/FLUX_TopUp,ai_generated,1024,1024,1.0,JPEG,368800,1d296f3424449ba54b51deab7c9850b3,d89913cf889dd3c99989a7b6fc8cfe0edd770253cc288456bed3ebf736cbb3df,1.0,85e37a254b3cf344,ok,993.9536857063504,True,True,cluster_00838,test,/home/dheirav/Code/Deepfake_Detection/deepfake-project/dataset_builder/test/ai_generated/flux_topup_002146.jpg
data_sources/ai_generated/FLUX_TopUp/flux_topup_002148.jpg,data_sources/ai_generated/FLUX_TopUp,ai_generated,1024,1024,1.0,JPEG,273613,3484b08db9b82452050735297b2c4bb4,666699153aec5626acec871f3f659a9b952cfea3499d572ccdab50caf23b4d1c,1.0,b1d78acbc50c0de5,ok,223.93773169923855,True,True,cluster_01557,test,/home/dheirav/Code/Deepfake_Detection/deepfake-project/dataset_builder/test/ai_generated/flux_topup_002148.jpg
data_sources/ai_generated/FLUX_TopUp/flux_topup_002150.jpg,data_sources/ai_generated/FLUX_TopUp,ai_generated,1024,1024,1.0,JPEG,261613,cd8ee06fbfcb857ac11eebb51a9e15ba,d44fc4db25b59223670469227f296cb8b8d4f15a2e5e877caa0e091c89cc18f2,1.0,93b33b4c6d3c0ca6,ok,620.187794419172,True,True,cluster_01661,test,/home/dheirav/Code/Deepfake_Detection/deepfake-project/dataset_builder/test/ai_generated/flux_topup_002150.jpg
data_sources/ai_generated/FLUX_TopUp/flux_topup_002152.jpg,data_sources/ai_generated/FLUX_TopUp,ai_generated,1024,1024,1.0,JPEG,251840,8d4a7aabc2631c08f7fa077e434db2a5,d965ab6d1e454efb5c5683ff9cb567df06c272dc548164f98dcad49263a76243,1.0,91d998b666c8b687,ok,376.4307638855971,True,True,cluster_01744,test,/home/dheirav/Code/Deepfake_Detection/deepfake-project/dataset_builder/test/ai_generated/flux_topup_002152.jpg
data_sources/ai_generated/FLUX_TopUp/flux_topup_002154.jpg,data_sources/ai_generated/FLUX_TopUp,ai_generated,1024,1024,1.0,JPEG,255768,75e43597637e0c52bf0b7f943c427527,8892a31f4694eb2b71f0e15303691f4e2ebbae426fde74e56a75ce09a8ae3c3f,1.0,98a1b36a6d4bc9cc,ok,476.74095532832143,True,True,cluster_01708,test,/home/dheirav/Code/Deepfake_Detection/deepfake-project/dataset_builder/test/ai_generated/flux_topup_002154.jpg
data_sources/ai_generated/FLUX_TopUp/flux_topup_002157.jpg,data_sources/ai_generated/FLUX_TopUp,ai_generated,1024,1024,1.0,JPEG,495804,28a0eaaf4e43c965ff6e253b35d1942d,f4d4a6079cc3c53a95af3b7422a6d76066df312c08cda1e80fbd9d68f2332023,1.0,968f49493667d29a,ok,1726.420090223312,True,True,cluster_00188,test,/home/dheirav/Code/Deepfake_Detection/deepfake-project/dataset_builder/test/ai_generated/flux_topup_002157.jpg
data_sources/ai_generated/FLUX_TopUp/flux_topup_002160.jpg,data_sources/ai_generated/FLUX_TopUp,ai_generated,1024,1024,1.0,JPEG,221912,ed63922150fa53555d257e2831f507c3,4b182f0c8ffd44af8410d5977a1b4cb7120cef1f75429a45298d6bb634016e76,1.0,c6c9696671c178ce,ok,364.7044909466603,True,True,cluster_01998,test,/home/dheirav/Code/Deepfake_Detection/deepfake-project/dataset_builder/test/ai_generated/flux_topup_002160.jpg
data_sources/ai_generated/FLUX_TopUp/flux_topup_002163.jpg,data_sources/ai_generated/FLUX_TopUp,ai_generated,1024,1024,1.0,JPEG,268223,b02cbdaef88c220b0d8d4494ddcc0bb3,b7903390d4031078be94fb94bb8581ba36ffa4ec742842cecfd7abec9f215210,1.0,b0b0c79b828e9ddc,ok,290.68747786737725,True,True,cluster_01601,test,/home/dheirav/Code/Deepfake_Detection/deepfake-project/dataset_builder/test/ai_generated/flux_topup_002163.jpg
data_sources/ai_generated/FLUX_TopUp/flux_topup_002174.jpg,data_sources/ai_generated/FLUX_TopUp,ai_generated,1024,1024,1.0,JPEG,302543,4845a939c1c12abedabdc5197aa3617c,9e7752911c0467af0378835a8a45d0d05c465b41c61086cecb423da6feadc75c,1.0,d595343b3391929e,ok,418.876407555941,True,True,cluster_01326,test,/home/dheirav/Code/Deepfake_Detection/deepfake-project/dataset_builder/test/ai_generated/flux_topup_002174.jpg
data_sources/ai_generated/FLUX_TopUp/flux_topup_002176.jpg,data_sources/ai_generated/FLUX_TopUp,ai_generated,1024,1024,1.0,JPEG,370650,281671e27e3614a5d639fa7fe9d44e2a,7dc00847980249c33cb1db2185b2a9b9690ea390b78486a6a2340d2ce8d26efb,1.0,ef8184529e6b962d,ok,1410.996934031471,True,True,cluster_00828,test,/home/dheirav/Code/Deepfake_Detection/deepfake-project/dataset_builder/test/ai_generated/flux_topup_002176.jpg
data_sources/ai_generated/FLUX_TopUp/flux_topup_002187.jpg,data_sources/ai_generated/FLUX_TopUp,ai_generated,1024,1024,1.0,JPEG,457017,1308ba130183cc3053b9249289860814,3e96dbd4bbe33e0a80cef87e7bc38cafccc779c86a8a76aa1671c3013b4b8bd8,1.0,acf993c2709c4f91,ok,1592.2642259942722,True,True,cluster_00343,test,/home/dheirav/Code/Deepfake_Detection/deepfake-project/dataset_builder/test/ai_generated/flux_topup_002187.jpg
data_sources/ai_generated/FLUX_TopUp/flux_topup_002188.jpg,data_sources/ai_generated/FLUX_TopUp,ai_generated,1024,1024,1.0,JPEG,364080,3518afd91e6a4ed313b0fd1ae8fac87d,d109025f72d0056cedeebecc4c001472625d4975dd38157fc8a875bf8a972771,1.0,90a52fca5495eb6a,ok,619.1324048056475,True,True,cluster_00877,test,/home/dheirav/Code/Deepfake_Detection/deepfake-project/dataset_builder/test/ai_generated/flux_topup_002188.jpg
data_sources/ai_generated/FLUX_TopUp/flux_topup_002200.jpg,data_sources/ai_generated/FLUX_TopUp,ai_generated,1024,1024,1.0,JPEG,254397,a695628ac085245e1daf654d7563af3a,9ce2428820f55c3ee7df2fb1ac71aabd9f60df71cae3e8f5b231edb12bac6bf2,1.0,9b9b2e2e9c249e89,ok,301.7097377434801,True,True,cluster_01720,test,/home/dheirav/Code/Deepfake_Detection/deepfake-project/dataset_builder/test/ai_generated/flux_topup_002200.jpg
data_sources/ai_generated/FLUX_TopUp/flux_topup_002211.jpg,data_sources/ai_generated/FLUX_TopUp,ai_generated,1024,1024,1.0,JPEG,462997,63815b180b1f3ffc184a3309989416f7,c10af8bd572b60e7046f56f4073b78b00c925af52395546688d16e54c35345b7,1.0,94976d6b3c347438,ok,2099.877868466021,True,True,cluster_00320,test,/home/dheirav/Code/Deepfake_Detection/deepfake-project/dataset_builder/test/ai_generated/flux_topup_002211.jpg
data_sources/ai_generated/FLUX_TopUp/flux_topup_002213.jpg,data_sources/ai_generated/FLUX_TopUp,ai_generated,1024,1024,1.0,JPEG,308256,d40a119e8266061d913c01f2fce40e4c,55b15175ee492181577430fe502984385a860ca5315640695cc9157f9f73b876,1.0,d2b63c84cc66669b,ok,199.61778254945148,True,True,cluster_01278,test,/home/dheirav/Code/Deepfake_Detection/deepfake-project/dataset_builder/test/ai_generated/flux_topup_002213.jpg
data_sources/ai_generated/FLUX_TopUp/flux_topup_002215.jpg,data_sources/ai_generated/FLUX_TopUp,ai_generated,1024,1024,1.0,JPEG,314953,5b2eb98c6321a0dada8b207a801026ad,e2bf72cdb656c348e94b78ab9729f422975b3c4ed0c00c6f3c4ffdc2ea5a5d0c,1.0,84a46b77cbcac532,ok,626.2578056894698,True,True,cluster_01211,test,/home/dheirav/Code/Deepfake_Detection/deepfake-project/dataset_builder/test/ai_generated/flux_topup_002215.jpg
data_sources/ai_generated/FLUX_TopUp/flux_topup_002222.jpg,data_sources/ai_generated/FLUX_TopUp,ai_generated,1024,1024,1.0,JPEG,392236,e5a8edc6b6c7e5a4c2c7f42cf4de2b05,856947dc57df72fa59ae88e0263b6b5122caa56f2bff2c7bb05642fbe4cb67e9,1.0,d81c657533c632ce,ok,1775.660053881983,True,True,cluster_00707,test,/home/dheirav/Code/Deepfake_Detection/deepfake-project/dataset_builder/test/ai_generated/flux_topup_002222.jpg
data_sources/ai_generated/FLUX_TopUp/flux_topup_002223.jpg,data_sources/ai_generated/FLUX_TopUp,ai_generated,1024,1024,1.0,JPEG,280079,28ff0af5856a1fb8a0008d00ae921506,34d0139a666cc79fd017d3d91fdda8200dc6e4b50ef9126a5e04cb81ff5561e7,1.0,858d63735694be2a,ok,326.3561567747638,True,True,cluster_01502,test,/home/dheirav/Code/Deepfake_Detection/deepfake-project/dataset_builder/test/ai_generated/flux_topup_002223.jpg
data_sources/ai_generated/FLUX_TopUp/flux_topup_002225.jpg,data_sources/ai_generated/FLUX_TopUp,ai_generated,1024,1024,1.0,JPEG,338859,7668d457fcab8393f47480c4dc7e4338,fda867344b744958b420a20a373e6c04fc9ed946b8e48e30c215efc3f3c68d18,1.0,849179f11e19e65e,ok,2071.928774536186,True,True,cluster_01022,test,/home/dheirav/Code/Deepfake_Detection/deepfake-project/dataset_builder/test/ai_generated/flux_topup_002225.jpg
data_sources/ai_generated/FLUX_TopUp/flux_topup_002228.jpg,data_sources/ai_generated/FLUX_TopUp,ai_generated,1024,1024,1.0,JPEG,306478,7f2cf2a29b749617c70b897dbce9cea0,0b9c4a05f4dbca7915ef9f7c96e29317b58ba6bdd748d0a6f5f9f979f768ecc9,1.0,94b0c39303df83fa,ok,431.7516306149181,True,True,cluster_01295,test,/home/dheirav/Code/Deepfake_Detection/deepfake-project/dataset_builder/test/ai_generated/flux_topup_002228.jpg
data_sources/ai_generated/FLUX_TopUp/flux_topup_002231.jpg,data_sources/ai_generated/FLUX_TopUp,ai_generated,1024,1024,1.0,JPEG,246996,a669f4a5f93b60075f9ed1a255523689,a2fc709c8b81db8ee8ce967ea95eb75d9203a36aaeb4de2146f05cc20d377efe,1.0,abe554be1b256cc0,ok,482.88598891101617,True,True,cluster_01788,test,/home/dheirav/Code/Deepfake_Detection/deepfake-project/dataset_builder/test/ai_generated/flux_topup_002231.jpg
data_sources/ai_generated/FLUX_TopUp/flux_topup_002233.jpg,data_sources/ai_generated/FLUX_TopUp,ai_generated,1024,1024,1.0,JPEG,291073,6232857f4efa1751c730ec8197b7f906,36dd46558d170452969144c8a4d2c25faf64aafe0276a9887c3f73f0ed274db8,1.0,b44b0e92c11d9adf,ok,666.4301984920419,True,True,cluster_01411,test,/home/dheirav/Code/Deepfake_Detection/deepfake-project/dataset_builder/test/ai_generated/flux_topup_002233.jpg
data_sources/ai_generated/FLUX_TopUp/flux_topup_002236.jpg,data_sources/ai_generated/FLUX_TopUp,ai_generated,1024,1024,1.0,JPEG,244847,dcdec77192a8dc999c529a43ec9a52bb,2675635ff031b675cd43c204985fe53f0d0bc1cbd7e838febdeaaebb315e0b91,1.0,c4998fca489e7167,ok,430.89151282874707,True,True,cluster_01809,test,/home/dheirav/Code/Deepfake_Detection/deepfake-project/dataset_builder/test/ai_generated/flux_topup_002236.jpg
data_sources/ai_generated/FLUX_TopUp/flux_topup_002246.jpg,data_sources/ai_generated/FLUX_TopUp,ai_generated,1024,1024,1.0,JPEG,329546,63221b34cab0d55f7c5e11886e44ad6e,47430f9b2444245e31f3d44d3509505d0abf93661eaced52d7e92f16fd81cb0f,1.0,d5b62b4a87c57039,ok,677.5145406633883,True,True,cluster_01101,test,/home/dheirav/Code/Deepfake_Detection/deepfake-project/dataset_builder/test/ai_generated/flux_topup_002246.jpg
data_sources/ai_generated/FLUX_TopUp/flux_topup_002248.jpg,data_sources/ai_generated/FLUX_TopUp,ai_generated,1024,1024,1.0,JPEG,422563,5d7806dfce5cc1ac40d6e459768100fb,3d005a7f91f13b1aa29b935d410714d9026dc17bfe98359976b28b6a0e72f768,1.0,919692da59dd2535,ok,2470.372132025207,True,True,cluster_00529,test,/home/dheirav/Code/Deepfake_Detection/deepfake-project/dataset_builder/test/ai_generated/flux_topup_002248.jpg
data_sources/ai_generated/FLUX_TopUp/flux_topup_002252.jpg,data_sources/ai_generated/FLUX_TopUp,ai_generated,1024,1024,1.0,JPEG,448276,75365006a45abeaeef4eb9a5bbad4239,fdd63f362151d6b1949089cebf458413f33abc375ee775f891fce5ec3765fc4e,1.0,80b4efed68ca623c,ok,3454.007056173206,True,True,cluster_00385,test,/home/dheirav/Code/Deepfake_Detection/deepfake-project/dataset_builder/test/ai_generated/flux_topup_002252.jpg
data_sources/ai_generated/FLUX_TopUp/flux_topup_002259.jpg,data_sources/ai_generated/FLUX_TopUp,ai_generated,1024,1024,1.0,JPEG,290091,a6c6d8df39ad5f79ff2a255b9581e0db,b46fbdb585d8c3189e7126e55873a1013d938721ac32cc9f9b2813afbc20c550,1.0,c9c3737296989ca6,ok,524.4015042874926,True,True,cluster_01419,test,/home/dheirav/Code/Deepfake_Detection/deepfake-project/dataset_builder/test/ai_generated/flux_topup_002259.jpg
data_sources/ai_generated/FLUX_TopUp/flux_topup_002267.jpg,data_sources/ai_generated/FLUX_TopUp,ai_generated,1024,1024,1.0,JPEG,229283,6b3d8661e8df2efe603937f7291f3a15,6e99fba6582d74e4b95393e5414121f6d7e735e293c5fdca5a65b3b1393a8503,1.0,f9f80e2ba5192b8c,ok,157.08387673984453,True,True,cluster_01938,test,/home/dheirav/Code/Deepfake_Detection/deepfake-project/dataset_builder/test/ai_generated/flux_topup_002267.jpg
data_sources/ai_generated/FLUX_TopUp/flux_topup_002270.jpg,data_sources/ai_generated/FLUX_TopUp,ai_generated,1024,1024,1.0,JPEG,486551,90cd5c00919b21a4ef4d0ef4e8fa87d4,26e6c89d529c59386d21175b7d7de55accf196fa1f573ce5e5467a7a30a606ff,1.0,9b9bc9c86c986699,ok,2045.4867339160182,True,True,cluster_00226,test,/home/dheirav/Code/Deepfake_Detection/deepfake-project/dataset_builder/test/ai_generated/flux_topup_002270.jpg
data_sources/ai_generated/FLUX_TopUp/flux_topup_002271.jpg,data_sources/ai_generated/FLUX_TopUp,ai_generated,1024,1024,1.0,JPEG,227240,dba676cc90daac8be6803a12fed36375,7cd506fb522276dc78c07f4fa121fee02b46e73f99468715fd97b94cfb12f8b4,1.0,93a36a5c1d2939e6,ok,470.8155134653207,True,True,cluster_01951,test,/home/dheirav/Code/Deepfake_Detection/deepfake-project/dataset_builder/test/ai_generated/flux_topup_002271.jpg
data_sources/ai_generated/FLUX_TopUp/flux_topup_002278.jpg,data_sources/ai_generated/FLUX_TopUp,ai_generated,1024,1024,1.0,JPEG,360564,98b00a02f140b7aee2574ccdcf552e77,f3f63b828094e9b854f498981cc43683d9dc1e6b940395dd6f0846097360ffb9,1.0,884c9f9af81ba1da,ok,942.3219175821496,True,True,cluster_00896,test,/home/dheirav/Code/Deepfake_Detection/deepfake-project/dataset_builder/test/ai_generated/flux_topup_002278.jpg
data_sources/ai_generated/FLUX_TopUp/flux_topup_002281.jpg,data_sources/ai_generated/FLUX_TopUp,ai_generated,1024,1024,1.0,JPEG,537813,82d5ce5eaf3c4f70006946827ca4169a,e1a571ac1076728b1ffba43e7921f237eaef00c9b109e4c2cf1304e920ef9341,1.0,96b6816b8bac3cc9,ok,2276.0465332161966,True,True,cluster_00084,test,/home/dheirav/Code/Deepfake_Detection/deepfake-project/dataset_builder/test/ai_generated/flux_topup_002281.jpg
data_sources/ai_generated/FLUX_TopUp/flux_topup_002284.jpg,data_sources/ai_generated/FLUX_TopUp,ai_generated,1024,1024,1.0,JPEG,225800,0aac1a87fa2f512ec087c863b70bd7ea,46a0342d9501040de961d5a50c12edd921abe20afc03d0c2cb8ad2fb1d596425,1.0,c387dc489cf35c64,ok,209.4831685500384,True,True,cluster_01966,test,/home/dheirav/Code/Deepfake_Detection/deepfake-project/dataset_builder/test/ai_generated/flux_topup_002284.jpg
data_sources/ai_generated/FLUX_TopUp/flux_topup_002290.jpg,data_sources/ai_generated/FLUX_TopUp,ai_generated,1024,1024,1.0,JPEG,263407,3a1354b49b862ba475c97607c0b979eb,9e32cb712693f22bb3c8ca1b962fe70c0ec1e6beb0676ba30acbb318279a9b68,1.0,93972c708d3b13ec,ok,786.7694074444578,True,True,cluster_01648,test,/home/dheirav/Code/Deepfake_Detection/deepfake-project/dataset_builder/test/ai_generated/flux_topup_002290.jpg
data_sources/ai_generated/FLUX_TopUp/flux_topup_002292.jpg,data_sources/ai_generated/FLUX_TopUp,ai_generated,1024,1024,1.0,JPEG,532108,b64a2cc4496e2cb9938eea8f1bfc6e5f,3c2aa56e2736d5a042d24b6d1762a6f3a59855868c3fad8dcbfda91d0e607d0f,1.0,80803f3f1e372f1d,ok,2886.57189860344,True,True,cluster_00099,test,/home/dheirav/Code/Deepfake_Detection/deepfake-project/dataset_builder/test/ai_generated/flux_topup_002292.jpg
data_sources/ai_generated/FLUX_TopUp/flux_topup_002295.jpg,data_sources/ai_generated/FLUX_TopUp,ai_generated,1024,1024,1.0,JPEG,281271,6e205fa5caf7c81360079a8bffab90d2,cd051fa881f1a9dced6e3c90acfd4cfa5640681b32b30f0b3d1903d94212db88,1.0,94929d9a9f94b236,ok,458.5034263749394,True,True,cluster_01493,test,/home/dheirav/Code/Deepfake_Detection/deepfake-project/dataset_builder/test/ai_generated/flux_topup_002295.jpg
data_sources/ai_generated/FLUX_TopUp/flux_topup_002301.jpg,data_sources/ai_generated/FLUX_TopUp,ai_generated,1024,1024,1.0,JPEG,587692,86e213f1ebbde5353a7d481606698bba,adabc8c8c41adf49b9d0fa395b6ded63adeedcbcd5b442fa8adbadf9d58bb20f,1.0,d19393cf1e8c6c86,ok,3593.9403389465365,True,True,cluster_00032,test,/home/dheirav/Code/Deepfake_Detection/deepfake-project/dataset_builder/test/ai_generated/flux_topup_002301.jpg
data_sources/ai_generated/FLUX_TopUp/flux_topup_002303.jpg,data_sources/ai_generated/FLUX_TopUp,ai_generated,1024,1024,1.0,JPEG,400466,e82e44f0b5760cb0a8f5618327006bfe,eca09c1cd8e5fe54c197c038a324a63ab306d94ea7385a671e21a1f622daefb3,1.0,c080736d7f74b4c3,ok,2124.441220290726,True,True,cluster_00663,test,/home/dheirav/Code/Deepfake_Detection/deepfake-project/dataset_builder/test/ai_generated/flux_topup_002303.jpg
data_sources/ai_generated/FLUX_TopUp/flux_topup_002306.jpg,data_sources/ai_generated/FLUX_TopUp,ai_generated,1024,1024,1.0,JPEG,222313,4382f26865a9bcfff48a6dffea32af20,a51d868ca523414ae562e7ae9642a32b1f92493179b4e54537557749af3ee7bb,1.0,c8cb6783c98da6cc,ok,224.03977737383684,True,True,cluster_01992,test,/home/dheirav/Code/Deepfake_Detection/deepfake-project/dataset_builder/test/ai_generated/flux_topup_002306.jpg
data_sources/ai_generated/FLUX_TopUp/flux_topup_002307.jpg,data_sources/ai_generated/FLUX_TopUp,ai_generated,1024,1024,1.0,JPEG,230059,1db2c8e9dc22d3290d90d15c25bbb605,5e3a483a89fb7bc8662a00d3385cb228b062c658da611a1846797bf577327bd6,1.0,8fea3570f415c2d4,ok,298.67575058954753,True,True,cluster_01932,test,/home/dheirav/Code/Deepfake_Detection/deepfake-project/dataset_builder/test/ai_generated/flux_topup_002307.jpg
data_sources/ai_generated/FLUX_TopUp/flux_topup_002317.jpg,data_sources/ai_generated/FLUX_TopUp,ai_generated,1024,1024,1.0,JPEG,423100,c9fd4fc23874d40f107085333316afc3,4a9dcd62ea0e272871c89ae0a1b2a7b8e30eab5d8af8a3ac4331697ef0188c69,1.0,8d9e6c304ce6676c,ok,1011.9451028465078,True,True,cluster_00524,test,/home/dheirav/Code/Deepfake_Detection/deepfake-project/dataset_builder/test/ai_generated/flux_topup_002317.jpg
data_sources/ai_generated/FLUX_TopUp/flux_topup_002323.jpg,data_sources/ai_generated/FLUX_TopUp,ai_generated,1024,1024,1.0,JPEG,318917,9d1aae34b483833fa495df2c8f820bc6,345ccd3cb1c396b8be73638e4894575083402b344d012ffdf99b20c6870c56d5,1.0,99682726afda6493,ok,724.5150553548435,True,True,cluster_01184,test,/home/dheirav/Code/Deepfake_Detection/deepfake-project/dataset_builder/test/ai_generated/flux_topup_002323.jpg
data_sources/ai_generated/FLUX_TopUp/flux_topup_002336.jpg,data_sources/ai_generated/FLUX_TopUp,ai_generated,1024,1024,1.0,JPEG,347170,f5dd3cccf6ffe0aefbd23fd53aa1a1f0,24b5b087b63fb73fb600e4c9fc6e636038694901d21f08362db72ef15a5322e0,1.0,99996fb467a4264c,ok,1049.229740594411,True,True,cluster_00975,test,/home/dheirav/Code/Deepfake_Detection/deepfake-project/dataset_builder/test/ai_generated/flux_topup_002336.jpg
data_sources/ai_generated/FLUX_TopUp/flux_topup_002338.jpg,data_sources/ai_generated/FLUX_TopUp,ai_generated,1024,1024,1.0,JPEG,339947,3935e09097edb38c1bcd03cc507a1f34,af1298ceb0f084f3e4772ddd483796b4840aa92325377d07c9473f66485e3a49,1.0,ddc3e36365cc6190,ok,976.284240577842,True,True,cluster_01015,test,/home/dheirav/Code/Deepfake_Detection/deepfake-project/dataset_builder/test/ai_generated/flux_topup_002338.jpg
data_sources/ai_generated/FLUX_TopUp/flux_topup_002340.jpg,data_sources/ai_generated/FLUX_TopUp,ai_generated,1024,1024,1.0,JPEG,387387,a076fa3f519f8525a6a0af8f15d03977,99740327f8962fb6a94ede455dc02f812ca55ce41a694fa7919c48fff0a9d2c7,1.0,91a06e7639e56c8e,ok,1795.5127782023296,True,True,cluster_00737,test,/home/dheirav/Code/Deepfake_Detection/deepfake-project/dataset_builder/test/ai_generated/flux_topup_002340.jpg
data_sources/ai_generated/FLUX_TopUp/flux_topup_002341.jpg,data_sources/ai_generated/FLUX_TopUp,ai_generated,1024,1024,1.0,JPEG,381631,7984d796c9ddde6146d42bb7bad49eeb,bbb2d984d1d7ff7ef379d0f01e1b39bf7c3c51c29150edead092d04c15a68578,1.0,95906a393d786e0f,ok,690.2404770439596,True,True,cluster_00771,test,/home/dheirav/Code/Deepfake_Detection/deepfake-project/dataset_builder/test/ai_generated/flux_topup_002341.jpg
data_sources/ai_generated/FLUX_TopUp/flux_topup_002349.jpg,data_sources/ai_generated/FLUX_TopUp,ai_generated,1024,1024,1.0,JPEG,334199,dab4638a5bf038ba53ee0577b5c94db7,8b7e970baaf8ef4a5ed3e6d1de25fe06b8aced2a688c858d7424f7a61f50dd14,1.0,c3c21ddcd8c36539,ok,483.7525331698771,True,True,cluster_01067,test,/home/dheirav/Code/Deepfake_Detection/deepfake-project/dataset_builder/test/ai_generated/flux_topup_002349.jpg
data_sources/ai_generated/FLUX_TopUp/flux_topup_002350.jpg,data_sources/ai_generated/FLUX_TopUp,ai_generated,1024,1024,1.0,JPEG,360281,f654dbc7a026964a2c0ffde5f58e3b5b,032a8708bb6fa1d5048aa485184616a5f364fc28dc019fc4335d3eb954d59796,1.0,99966666b66d324c,ok,1631.4855391454903,True,True,cluster_00899,test,/home/dheirav/Code/Deepfake_Detection/deepfake-project/dataset_builder/test/ai_generated/flux_topup_002350.jpg
data_sources/ai_generated/FLUX_TopUp/flux_topup_002354.jpg,data_sources/ai_generated/FLUX_TopUp,ai_generated,1024,1024,1.0,JPEG,290907,013508345377ca2727b31718c0f6bfa7,abbba663181994197bb2855345042264e3e92272ec53b63a346e05ccdf02bdd3,1.0,d6cd1935e7b61908,ok,357.8946974144783,True,True,cluster_01412,test,/home/dheirav/Code/Deepfake_Detection/deepfake-project/dataset_builder/test/ai_generated/flux_topup_002354.jpg
data_sources/ai_generated/FLUX_TopUp/flux_topup_002362.jpg,data_sources/ai_generated/FLUX_TopUp,ai_generated,1024,1024,1.0,JPEG,375186,b8154722bc6e44468a9dadc4bbc5d6d4,c9de19e57c9b40576761aeda7555e77dc466064165c243173670ebeed7e4b649,1.0,d9c165653c178d0f,ok,1174.6879282861037,True,True,cluster_00801,test,/home/dheirav/Code/Deepfake_Detection/deepfake-project/dataset_builder/test/ai_generated/flux_topup_002362.jpg
data_sources/ai_generated/FLUX_TopUp/flux_topup_002365.jpg,data_sources/ai_generated/FLUX_TopUp,ai_generated,1024,1024,1.0,JPEG,315583,3653a67a6c9c8741c5701a46925535c0,4483f8899dac5c124305aaf6f0210e2a1290f2188c6b23465114b3df706d8883,1.0,e5e596920bc9d8d8,ok,740.8243482193274,True,True,cluster_01204,test,/home/dheirav/Code/Deepfake_Detection/deepfake-project/dataset_builder/test/ai_generated/flux_topup_002365.jpg
data_sources/ai_generated/FLUX_TopUp/flux_topup_002366.jpg,data_sources/ai_generated/FLUX_TopUp,ai_generated,1024,1024,1.0,JPEG,340822,65b8fcd49db7cc741e49a6ccfcc9b87d,b295e390859139936e6c0de3ba4eacb5e1d80c6456ebab99775a0985775697c3,1.0,94914f7e783961e1,ok,634.8954407669953,True,True,cluster_01010,test,/home/dheirav/Code/Deepfake_Detection/deepfake-project/dataset_builder/test/ai_generated/flux_topup_002366.jpg
data_sources/ai_generated/FLUX_TopUp/flux_topup_002369.jpg,data_sources/ai_generated/FLUX_TopUp,ai_generated,1024,1024,1.0,JPEG,344732,4137c682f94fd0a4e53f63882780d7da,0651b3e30560a0ad76915384a10f22fc6e426e8f2763e6de4a47241dac5c8331,1.0,999a4bbc703f9145,ok,682.4651890206942,True,True,cluster_00988,test,/home/dheirav/Code/Deepfake_Detection/deepfake-project/dataset_builder/test/ai_generated/flux_topup_002369.jpg
data_sources/ai_generated/FLUX_TopUp/flux_topup_002370.jpg,data_sources/ai_generated/FLUX_TopUp,ai_generated,1024,1024,1.0,JPEG,349595,c4e8ccf1c0b3d9902483538569031ff5,3b7c6483e814bcb9fe9d02b9b6a185c24a45f95e00cac8736d8f177514a90be8,1.0,cde7d2830560ece9,ok,523.0647304176591,True,True,cluster_00956,test,/home/dheirav/Code/Deepfake_Detection/deepfake-project/dataset_builder/test/ai_generated/flux_topup_002370.jpg
data_sources/ai_generated/FLUX_TopUp/flux_topup_002371.jpg,data_sources/ai_generated/FLUX_TopUp,ai_generated,1024,1024,1.0,JPEG,444812,6943a71cb8607ab3daccd9966b4b7b1f,ad22b26735677d7fb18d047ea74c90e989c264df532a9c27a73888e3bd22f086,1.0,db8e6c7c0965323c,ok,2226.6921003083116,True,True,cluster_00401,test,/home/dheirav/Code/Deepfake_Detection/deepfake-project/dataset_builder/test/ai_generated/flux_topup_002371.jpg
data_sources/ai_generated/FLUX_TopUp/flux_topup_002374.jpg,data_sources/ai_generated/FLUX_TopUp,ai_generated,1024,1024,1.0,JPEG,421938,d5c9fe67ffe9f268be7a07e19baeade2,739613f076c8bf73c326d84f16271d32d9c947d45a3804e2f8366b20eca870bc,1.0,ccdaccb362996c07,ok,1459.0461411223648,True,True,cluster_00534,test,/home/dheirav/Code/Deepfake_Detection/deepfake-project/dataset_builder/test/ai_generated/flux_topup_002374.jpg
data_sources/ai_generated/FLUX_TopUp/flux_topup_002376.jpg,data_sources/ai_generated/FLUX_TopUp,ai_generated,1024,1024,1.0,JPEG,260201,a4f657779d6084c68f7091aceb69a921,3ba9308274bdec2c7ce25731c87029eff8d3a209d1e1ef4f11b585f0010b007b,1.0,f58596f2b9893464,ok,211.24855786675107,True,True,cluster_01673,test,/home/dheirav/Code/Deepfake_Detection/deepfake-project/dataset_builder/test/ai_generated/flux_topup_002376.jpg
data_sources/ai_generated/FLUX_TopUp/flux_topup_002377.jpg,data_sources/ai_generated/FLUX_TopUp,ai_generated,1024,1024,1.0,JPEG,269190,f2c8537ff18ca0aaa6fc9b4cd084edfd,037ec7af01f4f41514c35ed6472921ca56cec4ef6b4a47ceff6772024cfce1b0,1.0,d4c53fb487199067,ok,849.9777851002543,True,True,cluster_01593,test,/home/dheirav/Code/Deepfake_Detection/deepfake-project/dataset_builder/test/ai_generated/flux_topup_002377.jpg
data_sources/ai_generated/FLUX_TopUp/flux_topup_002380.jpg,data_sources/ai_generated/FLUX_TopUp,ai_generated,1024,1024,1.0,JPEG,235784,99779be7b0ecc667c214a3f5e04f9e12,a09329b3030ae2af657ce7b02b36efb7a5e8f32c40bf07dcbdfccc4e9c31585b,1.0,b3b30c4e48e2f65c,ok,675.3152698138356,True,True,cluster_01892,test,/home/dheirav/Code/Deepfake_Detection/deepfake-project/dataset_builder/test/ai_generated/flux_topup_002380.jpg
data_sources/ai_generated/FLUX_TopUp/flux_topup_002382.jpg,data_sources/ai_generated/FLUX_TopUp,ai_generated,1024,1024,1.0,JPEG,543968,5de34e7de759e1681e29309452a9f474,2d02cd479ba6382e0ea81343a4de8653ce834065795e32eab3a15e95ec0b3d95,1.0,90d0d4f06bdb665a,ok,4388.018885364521,True,True,cluster_00075,test,/home/dheirav/Code/Deepfake_Detection/deepfake-project/dataset_builder/test/ai_generated/flux_topup_002382.jpg
data_sources/ai_generated/FLUX_TopUp/flux_topup_002388.jpg,data_sources/ai_generated/FLUX_TopUp,ai_generated,1024,1024,1.0,JPEG,257774,ace1b3d79c3bc0a7664b87b677c5b0fb,7973ef5386b8c91361fedd772bf51ebdef19eea04c6f519309555b1c39fad0db,1.0,959132368eec6a4f,ok,305.4599346996319,True,True,cluster_01696,test,/home/dheirav/Code/Deepfake_Detection/deepfake-project/dataset_builder/test/ai_generated/flux_topup_002388.jpg
data_sources/ai_generated/FLUX_TopUp/flux_topup_002391.jpg,data_sources/ai_generated/FLUX_TopUp,ai_generated,1024,1024,1.0,JPEG,448726,04e0ce283c4da94e6a9c40d5d2f21fbb,8219dc3ee4d4bf919e0d16be796c5466476abfcffc07128079dc6de92a7cfff0,1.0,9494cbca8cc95be6,ok,2447.5094722801837,True,True,cluster_00382,test,/home/dheirav/Code/Deepfake_Detection/deepfake-project/dataset_builder/test/ai_generated/flux_topup_002391.jpg
data_sources/ai_generated/FLUX_TopUp/flux_topup_002392.jpg,data_sources/ai_generated/FLUX_TopUp,ai_generated,1024,1024,1.0,JPEG,323477,9c7633a3e28ac14fe400a9d373a62d6e,56a7c3cf51909fb69d1d7dd7fcc65bf8983b737bd3e05679682845029fb86ef8,1.0,92b46b4a4f6265cb,ok,1180.1614397347648,True,True,cluster_01148,test,/home/dheirav/Code/Deepfake_Detection/deepfake-project/dataset_builder/test/ai_generated/flux_topup_002392.jpg
data_sources/ai_generated/FLUX_TopUp/flux_topup_002393.jpg,data_sources/ai_generated/FLUX_TopUp,ai_generated,1024,1024,1.0,JPEG,382689,396bea87298cf2b8979fd9aec003c266,20c8708cc4c932ce99f5f8d3fcca90613fd7291a9fbd96fc4d4356e21af1e57a,1.0,90ae32643bc5f719,ok,1208.8103275283024,True,True,cluster_00764,test,/home/dheirav/Code/Deepfake_Detection/deepfake-project/dataset_builder/test/ai_generated/flux_topup_002393.jpg
data_sources/ai_generated/FLUX_TopUp/flux_topup_002394.jpg,data_sources/ai_generated/FLUX_TopUp,ai_generated,1024,1024,1.0,JPEG,516756,8c8d58baa8af91eb858cf0907a78e64a,b9c3b9d844e2271facceab3bfe920b9cb53afc4806838e09a8c28e046ef132cb,1.0,c1f0965a3fa72994,ok,2182.9237709080335,True,True,cluster_00126,test,/home/dheirav/Code/Deepfake_Detection/deepfake-project/dataset_builder/test/ai_generated/flux_topup_002394.jpg
data_sources/ai_generated/FLUX_TopUp/flux_topup_002397.jpg,data_sources/ai_generated/FLUX_TopUp,ai_generated,1024,1024,1.0,JPEG,452274,2689528bdd69bae50402dd596bb15a99,d1cc8ecbd0f73f7553372d32ce29f6da8ca9d43f2e7220b2b504dc9f4ae91ed6,1.0,c8c197c6e137cce2,ok,2544.1757563326346,True,True,cluster_00360,test,/home/dheirav/Code/Deepfake_Detection/deepfake-project/dataset_builder/test/ai_generated/flux_topup_002397.jpg
data_sources/ai_generated/FLUX_TopUp/flux_topup_002403.jpg,data_sources/ai_generated/FLUX_TopUp,ai_generated,1024,1024,1.0,JPEG,335843,13f37f3f8c620828475a95376e39f6f3,77e4e9fa1bafc3b35c3cb01eb83dfff7908d8fb4827e77681985c37f20c2ee5f,1.0,9c93238d3786d633,ok,1189.6448153415656,True,True,cluster_01058,test,/home/dheirav/Code/Deepfake_Detection/deepfake-project/dataset_builder/test/ai_generated/flux_topup_002403.jpg
data_sources/ai_generated/FLUX_TopUp/flux_topup_002406.jpg,data_sources/ai_generated/FLUX_TopUp,ai_generated,1024,1024,1.0,JPEG,411595,13134186ba28d097f46f8b6af74a44d5,7c49505ecd554b91e6ef42b3dd4cfd028773ee151164d72cb08e2beca140547d,1.0,d9d69ee60697c602,ok,1766.011358902193,True,True,cluster_00595,test,/home/dheirav/Code/Deepfake_Detection/deepfake-project/dataset_builder/test/ai_generated/flux_topup_002406.jpg
data_sources/ai_generated/FLUX_TopUp/flux_topup_002412.jpg,data_sources/ai_generated/FLUX_TopUp,ai_generated,1024,1024,1.0,JPEG,450539,68f5b5d020e5bdfddd23f7aedd47e659,d131cd1e32cfed3ebee4cfbd9e4e3e5d6afc0d463ae660cbe83ade1d327c2acc,1.0,99cd8f4a62927335,ok,1769.2462642183511,True,True,cluster_00367,test,/home/dheirav/Code/Deepfake_Detection/deepfake-project/dataset_builder/test/ai_generated/flux_topup_002412.jpg
data_sources/ai_generated/FLUX_TopUp/flux_topup_002413.jpg,data_sources/ai_generated/FLUX_TopUp,ai_generated,1024,1024,1.0,JPEG,371576,8c12b1e02bc6df0094a5a3ce1d1dbecb,8b94fae947d74fc6fe882de1eb7ca7398b324ad8d995a7604af4a926b3fb2bb6,1.0,95d4e5771e4cc0b1,ok,1451.8452118289051,True,True,cluster_00820,test,/home/dheirav/Code/Deepfake_Detection/deepfake-project/dataset_builder/test/ai_generated/flux_topup_002413.jpg
data_sources/ai_generated/FLUX_TopUp/flux_topup_002415.jpg,data_sources/ai_generated/FLUX_TopUp,ai_generated,1024,1024,1.0,JPEG,442076,449b26627f14bacd818b83c5b689236a,b1a6e888b02019decdbc921787baed0c78e78c27c366032b6ac868bce89256b3,1.0,9896a5adabaca22b,ok,2475.4695517002683,True,True,cluster_00416,test,/home/dheirav/Code/Deepfake_Detection/deepfake-project/dataset_builder/test/ai_generated/flux_topup_002415.jpg
data_sources/ai_generated/FLUX_TopUp/flux_topup_002423.jpg,data_sources/ai_generated/FLUX_TopUp,ai_generated,1024,1024,1.0,JPEG,442919,169460a5912c12fe879f98227c21a82f,840ef3a50713d33b196614d1994be971660f9b4d5c6452cd7ea7c7dedc36ec69,1.0,d1b6b66830c9f166,ok,1867.6446170066984,True,True,cluster_00410,test,/home/dheirav/Code/Deepfake_Detection/deepfake-project/dataset_builder/test/ai_generated/flux_topup_002423.jpg
data_sources/ai_generated/FLUX_TopUp/flux_topup_002424.jpg,data_sources/ai_generated/FLUX_TopUp,ai_generated,1024,1024,1.0,JPEG,468148,ed25f9b4d6ba2f5e05510a5576ffe767,4017a7624babc28a1102977bd4bf4e322c5b0088ab03d6efb7d7815a162d63fc,1.0,999633789bc93233,ok,2191.3695148237593,True,True,cluster_00298,test,/home/dheirav/Code/Deepfake_Detection/deepfake-project/dataset_builder/test/ai_generated/flux_topup_002424.jpg
data_sources/ai_generated/FLUX_TopUp/flux_topup_002428.jpg,data_sources/ai_generated/FLUX_TopUp,ai_generated,1024,1024,1.0,JPEG,348600,38bbcf3031bf9f8362b6764db62e11b1,1e196ac846ad719f69621fea3b6a2aeac24cd69cedf2a4f755949dc376ebe5d1,1.0,d7bc02c24911fe3d,ok,963.4542386700912,True,True,cluster_00967,test,/home/dheirav/Code/Deepfake_Detection/deepfake-project/dataset_builder/test/ai_generated/flux_topup_002428.jpg
data_sources/ai_generated/FLUX_TopUp/flux_topup_002432.jpg,data_sources/ai_generated/FLUX_TopUp,ai_generated,1024,1024,1.0,JPEG,301526,a098b62f3ad46aa0e4977c3476e90695,9084fe5e5bbae975f618d558aa8ba9295633d0bdfaba27827139b78657e6b0c1,1.0,cdd2328d6b63849e,ok,253.69555169210702,True,True,cluster_01332,test,/home/dheirav/Code/Deepfake_Detection/deepfake-project/dataset_builder/test/ai_generated/flux_topup_002432.jpg
data_sources/ai_generated/FLUX_TopUp/flux_topup_002434.jpg,data_sources/ai_generated/FLUX_TopUp,ai_generated,1024,1024,1.0,JPEG,512295,c8cd196b3c53a17830a6eabe67e3182f,0dd12077b064ee6c67af77bc18d081ad1e812005b3888aa9b772c4de1674d8cb,1.0,99c707272ea9a578,ok,2534.225595736988,True,True,cluster_00137,test,/home/dheirav/Code/Deepfake_Detection/deepfake-project/dataset_builder/test/ai_generated/flux_topup_002434.jpg
data_sources/ai_generated/FLUX_TopUp/flux_topup_002441.jpg,data_sources/ai_generated/FLUX_TopUp,ai_generated,1024,1024,1.0,JPEG,514374,748434e724002bbf7ff62f22e390fe60,cfd136a24efdde82c33b95f5e0b34f74cef19a7a983163e7f6240829c58601f4,1.0,c8836d716c61f2d6,ok,1244.4374341893376,True,True,cluster_00133,test,/home/dheirav/Code/Deepfake_Detection/deepfake-project/dataset_builder/test/ai_generated/flux_topup_002441.jpg
data_sources/ai_generated/FLUX_TopUp/flux_topup_002443.jpg,data_sources/ai_generated/FLUX_TopUp,ai_generated,1024,1024,1.0,JPEG,266776,16131c6a74ba81a1229788766d4efbd2,7b91880b3c2eac27fcd3e8fcd844626e9d3c399ae6fdcebf04c6f4a5f94fb7e2,1.0,9a1c6d71676364c6,ok,577.9093615545969,True,True,cluster_01613,test,/home/dheirav/Code/Deepfake_Detection/deepfake-project/dataset_builder/test/ai_generated/flux_topup_002443.jpg
data_sources/ai_generated/FLUX_TopUp/flux_topup_002444.jpg,data_sources/ai_generated/FLUX_TopUp,ai_generated,1024,1024,1.0,JPEG,419607,9ee1b565a51c97c4456a900467785a9f,8bb2fc543d430c44989bab432c1244433f7ac5abcdc2a533606e8ca454ea7f8d,1.0,9187267c790e5aec,ok,1452.1211192190885,True,True,cluster_00548,test,/home/dheirav/Code/Deepfake_Detection/deepfake-project/dataset_builder/test/ai_generated/flux_topup_002444.jpg
data_sources/ai_generated/FLUX_TopUp/flux_topup_002445.jpg,data_sources/ai_generated/FLUX_TopUp,ai_generated,1024,1024,1.0,JPEG,374449,bee59320929c607ea0cf4f4b4a9068d9,68a5ee2de0a1a8f42a2768bf5b65980c7abacad74d0f58f097839a3302be8c51,1.0,99b669314fcad0cc,ok,1314.7944040776597,True,True,cluster_00806,test,/home/dheirav/Code/Deepfake_Detection/deepfake-project/dataset_builder/test/ai_generated/flux_topup_002445.jpg
data_sources/ai_generated/FLUX_TopUp/flux_topup_002449.jpg,data_sources/ai_generated/FLUX_TopUp,ai_generated,1024,1024,1.0,JPEG,368179,6ef9b00be1fa79cdd4fbc229418e68c7,0ebcc7d27bed54983447a9fd129d8e4ae4d16aa328e9c40e5b0a6b5d0bf14264,1.0,db9392e4c7a636c0,ok,1725.0815930792223,True,True,cluster_00843,test,/home/dheirav/Code/Deepfake_Detection/deepfake-project/dataset_builder/test/ai_generated/flux_topup_002449.jpg
data_sources/ai_generated/FLUX_TopUp/flux_topup_002452.jpg,data_sources/ai_generated/FLUX_TopUp,ai_generated,1024,1024,1.0,JPEG,320372,4686aef4575151d5777e5cde58ae357f,6aa486cf8b2fe744560a6f47bf059637f1ad57de3c20252229aa5dc688ba55d6,1.0,f29698c98787c9c9,ok,1233.129839650347,True,True,cluster_01174,test,/home/dheirav/Code/Deepfake_Detection/deepfake-project/dataset_builder/test/ai_generated/flux_topup_002452.jpg
data_sources/ai_generated/FLUX_TopUp/flux_topup_002462.jpg,data_sources/ai_generated/FLUX_TopUp,ai_generated,1024,1024,1.0,JPEG,299787,0c3658e86afda495cbb5b93c4ada4346,115b0fcfe43ea078d2479e02dff9c1ff9ebd9180e00d14dbefcc6de5f7ed8945,1.0,96b35d232dc904bd,ok,435.04484002744624,True,True,cluster_01349,test,/home/dheirav/Code/Deepfake_Detection/deepfake-project/dataset_builder/test/ai_generated/flux_topup_002462.jpg
data_sources/ai_generated/FLUX_TopUp/flux_topup_002467.jpg,data_sources/ai_generated/FLUX_TopUp,ai_generated,1024,1024,1.0,JPEG,272546,72a955272de44c05ce888d634d1d0fe0,0358ca8499fcf6c95ab22cff33b3f746185c0f4bbfa7119550b824ab3d3059e9,1.0,96944dc91f27626d,ok,1346.3916946624777,True,True,cluster_01566,test,/home/dheirav/Code/Deepfake_Detection/deepfake-project/dataset_builder/test/ai_generated/flux_topup_002467.jpg
data_sources/ai_generated/FLUX_TopUp/flux_topup_002475.jpg,data_sources/ai_generated/FLUX_TopUp,ai_generated,1024,1024,1.0,JPEG,231818,b7996609d634f049613c6fc9ba411cf2,3fe3ec280fb0dd04e1f9b10374f36e8d3482ce31cffc9ff17fbd0754f9bff251,1.0,99e12e4d666e5394,ok,303.6012449083709,True,True,cluster_01925,test,/home/dheirav/Code/Deepfake_Detection/deepfake-project/dataset_builder/test/ai_generated/flux_topup_002475.jpg
data_sources/ai_generated/FLUX_TopUp/flux_topup_002489.jpg,data_sources/ai_generated/FLUX_TopUp,ai_generated,1024,1024,1.0,JPEG,490296,e4b6ef2e464415da991432e1911e09ef,5187863ee1db0e0c31c5fdcc9847fcfcba542f8058471a5ab68206a505301dd6,1.0,c1c39f9e3c9830bc,ok,1461.7769321446167,True,True,cluster_00208,test,/home/dheirav/Code/Deepfake_Detection/deepfake-project/dataset_builder/test/ai_generated/flux_topup_002489.jpg
data_sources/ai_generated/FLUX_TopUp/flux_topup_002492.jpg,data_sources/ai_generated/FLUX_TopUp,ai_generated,1024,1024,1.0,JPEG,497172,70e2c7e8591fb5967e34238cd92a893b,d4cbe8c9adee4fd52a01f50ec6519cf65d677157b91b98e84a62c873f82e667f,1.0,97838fa72fe01299,ok,2070.9535172641467,True,True,cluster_00181,test,/home/dheirav/Code/Deepfake_Detection/deepfake-project/dataset_builder/test/ai_generated/flux_topup_002492.jpg
data_sources/ai_generated/FLUX_TopUp/flux_topup_002493.jpg,data_sources/ai_generated/FLUX_TopUp,ai_generated,1024,1024,1.0,JPEG,390354,0fd124241b57564b40b476f1d090f39b,214dcfd624bb1ede5a775a1338205f776caf2991cbde15d8ee0e271a9abeab93,1.0,85a66a0be1593de5,ok,1550.782217231521,True,True,cluster_00714,test,/home/dheirav/Code/Deepfake_Detection/deepfake-project/dataset_builder/test/ai_generated/flux_topup_002493.jpg
data_sources/ai_generated/FLUX_TopUp/flux_topup_002497.jpg,data_sources/ai_generated/FLUX_TopUp,ai_generated,1024,1024,1.0,JPEG,352233,dfa1d8373d1e6723983a3d0ffc19d201,6732e418da4215ce9a2e2318bcd803f82458c41bdb2362d3a0531ad2c737f0ff,1.0,8181d8bec4b1ef93,ok,1704.217213841097,True,True,cluster_00936,test,/home/dheirav/Code/Deepfake_Detection/deepfake-project/dataset_builder/test/ai_generated/flux_topup_002497.jpg
data_sources/ai_generated/FLUX_TopUp/flux_topup_002498.jpg,data_sources/ai_generated/FLUX_TopUp,ai_generated,1024,1024,1.0,JPEG,224395,70061303319883c158785ab59a7057e1,552850b7001c4a5cbeb23464cd09d18ca65df7fb238f1ad343bd018870605ce5,1.0,c32c7ce139c3ec8c,ok,182.06011858839247,True,True,cluster_01980,test,/home/dheirav/Code/Deepfake_Detection/deepfake-project/dataset_builder/test/ai_generated/flux_topup_002498.jpg
data_sources/ai_generated/FLUX_TopUp/flux_topup_000000.jpg,data_sources/ai_generated/FLUX_TopUp,ai_generated,1024,1024,1.0,JPEG,223869,70b8ddfbed3e319d0d54c3802a1e0174,0146d4fb2963616faccc266a1982315f69444318bcce7a93504696f04ac9f161,1.0,85d0a3ec5a875c97,ok,261.01486296113217,True,True,cluster_01983,train,/home/dheirav/Code/Deepfake_Detection/deepfake-project/dataset_builder/train/ai_generated/flux_topup_000000.jpg
data_sources/ai_generated/FLUX_TopUp/flux_topup_000001.jpg,data_sources/ai_generated/FLUX_TopUp,ai_generated,1024,1024,1.0,JPEG,427312,1613c1af4e3a688c2f7140acf05920fd,271a0ebb56965069fd44d9c9279fa5c2e37837049e28bd6b7030cfa141d8c2b9,1.0,8a9a664b2fcd11d6,ok,2388.5638979891874,True,True,cluster_00502,train,/home/dheirav/Code/Deepfake_Detection/deepfake-project/dataset_builder/train/ai_generated/flux_topup_000001.jpg
data_sources/ai_generated/FLUX_TopUp/flux_topup_000006.jpg,data_sources/ai_generated/FLUX_TopUp,ai_generated,1024,1024,1.0,JPEG,529884,2b28d2cf9daa30c3daa8577d797d22f4,7de9c0e7d31888d75c7bfbbb986f3ae1985cc52366ac3b245bd980a69a308ce8,1.0,8c8f93db34c88e3a,ok,3392.933942697402,True,True,cluster_00103,train,/home/dheirav/Code/Deepfake_Detection/deepfake-project/dataset_builder/train/ai_generated/flux_topup_000006.jpg
data_sources/ai_generated/FLUX_TopUp/flux_topup_000008.jpg,data_sources/ai_generated/FLUX_TopUp,ai_generated,1024,1024,1.0,JPEG,466060,32b3ebf2a8d855ef0583b04c97c348e8,60de5b223c9a1ae41bad1e92700f1a2506b99f110431c3caaced5e1fa664f4f7,1.0,99ae82c94f74e6b0,ok,3554.9251898190364,True,True,cluster_00309,train,/home/dheirav/Code/Deepfake_Detection/deepfake-project/dataset_builder/train/ai_generated/flux_topup_000008.jpg
data_sources/ai_generated/FLUX_TopUp/flux_topup_000013.jpg,data_sources/ai_generated/FLUX_TopUp,ai_generated,1024,1024,1.0,JPEG,540538,c63db15290634da28ac3e91969cd31ea,c93eb86431b1b14d75e4af5d78bec437966314daf7135cf7a01fe98a59424bfc,1.0,9dc6947c6113e52b,ok,4131.96939919889,True,True,cluster_00080,train,/home/dheirav/Code/Deepfake_Detection/deepfake-project/dataset_builder/train/ai_generated/flux_topup_000013.jpg
data_sources/ai_generated/FLUX_TopUp/flux_topup_000016.jpg,data_sources/ai_generated/FLUX_TopUp,ai_generated,1024,1024,1.0,JPEG,338787,90b6331bdcab0a9ed6f31c349cc3bdca,4fbb4a1fffe61dc94bc9afeb8436d67a55e27d2bad054e9b23f4e57627ae1bc6,1.0,9e9e3e1f17070343,ok,2454.98809353738,True,True,cluster_01023,train,/home/dheirav/Code/Deepfake_Detection/deepfake-project/dataset_builder/train/ai_generated/flux_topup_000016.jpg
data_sources/ai_generated/FLUX_TopUp/flux_topup_000018.jpg,data_sources/ai_generated/FLUX_TopUp,ai_generated,1024,1024,1.0,JPEG,293076,5e31032619a6da6858dd73cc88ba842a,3d90e4397e90851febc153dc5a295a5d2053cebe13dc13da418e68d24d2a3e61,1.0,cc03d3f02cecd23e,ok,1364.9186167008593,True,True,cluster_01394,train,/home/dheirav/Code/Deepfake_Detection/deepfake-project/dataset_builder/train/ai_generated/flux_topup_000018.jpg
data_sources/ai_generated/FLUX_TopUp/flux_topup_000019.jpg,data_sources/ai_generated/FLUX_TopUp,ai_generated,1024,1024,1.0,JPEG,317583,d860ef844d23e8efed6039f3e252d864,797ee56e16f49d389c74fb98c2e814ebfdebbe0da5aa2045a0b47613bd180db7,1.0,9e85853baa6d076a,ok,1842.3219992386137,True,True,cluster_01193,train,/home/dheirav/Code/Deepfake_Detection/deepfake-project/dataset_builder/train/ai_generated/flux_topup_000019.jpg
data_sources/ai_generated/FLUX_TopUp/flux_topup_000022.jpg,data_sources/ai_generated/FLUX_TopUp,ai_generated,1024,1024,1.0,JPEG,395180,9953f60f623b8aa1747972c07adbbe98,98957f94113068500c35359698bf7accb806653d300c58f227c270e5014e70b6,1.0,8fa83c746ee3b901,ok,3333.133896331556,True,True,cluster_00690,train,/home/dheirav/Code/Deepfake_Detection/deepfake-project/dataset_builder/train/ai_generated/flux_topup_000022.jpg
data_sources/ai_generated/FLUX_TopUp/flux_topup_000026.jpg,data_sources/ai_generated/FLUX_TopUp,ai_generated,1024,1024,1.0,JPEG,519492,9f2c7a8db6d0b32daa6eb532eb629e82,0589e6ccdee203372fc02332cf6b12ee56b20b5715059e2278f6dc10f01b17fb,1.0,94c090e4e4b96faf,ok,5009.553535678291,True,True,cluster_00120,train,/home/dheirav/Code/Deepfake_Detection/deepfake-project/dataset_builder/train/ai_generated/flux_topup_000026.jpg
data_sources/ai_generated/FLUX_TopUp/flux_topup_000033.jpg,data_sources/ai_generated/FLUX_TopUp,ai_generated,1024,1024,1.0,JPEG,251045,81e32ef20b849923052007db6a0ce4e2,621a1117a1b664eda59e065925c2cc90b718dd867bd7097ef82556548b481698,1.0,9999bdb4f490a3a1,ok,350.68522499006116,True,True,cluster_01752,train,/home/dheirav/Code/Deepfake_Detection/deepfake-project/dataset_builder/train/ai_generated/flux_topup_000033.jpg
data_sources/ai_generated/FLUX_TopUp/flux_topup_000035.jpg,data_sources/ai_generated/FLUX_TopUp,ai_generated,1024,1024,1.0,JPEG,611799,53b12419caa9d167fd199e9a946972a3,855d8de77aca20a8c255d2063026c2a29cda612f24c212a849819e25e1c22828,1.0,89980eb6374f35ac,ok,2337.3095207209944,True,True,cluster_00012,train,/home/dheirav/Code/Deepfake_Detection/deepfake-project/dataset_builder/train/ai_generated/flux_topup_000035.jpg
data_sources/ai_generated/FLUX_TopUp/flux_topup_000036.jpg,data_sources/ai_generated/FLUX_TopUp,ai_generated,1024,1024,1.0,JPEG,265394,978e016fe9faf7af593e1c142b1ad228,1d73df567687d1765d2b063d05a6e808b7b95a8c9edcbc7ec29b465a73cb366e,1.0,d08de3364e5999c6,ok,660.8425407370048,True,True,cluster_01627,train,/home/dheirav/Code/Deepfake_Detection/deepfake-project/dataset_builder/train/ai_generated/flux_topup_000036.jpg
data_sources/ai_generated/FLUX_TopUp/flux_topup_000040.jpg,data_sources/ai_generated/FLUX_TopUp,ai_generated,1024,1024,1.0,JPEG,430090,c5bceb6301b7f6e01b675193ef30eb20,072367ed37770cea9bf2ea8a36cb3cb52c69af0e50c849f4aacafb86e3036ca5,1.0,e1cc9ab3b2a36465,ok,2375.123552322373,True,True,cluster_00485,train,/home/dheirav/Code/Deepfake_Detection/deepfake-project/dataset_builder/train/ai_generated/flux_topup_000040.jpg
data_sources/ai_generated/FLUX_TopUp/flux_topup_000044.jpg,data_sources/ai_generated/FLUX_TopUp,ai_generated,1024,1024,1.0,JPEG,313065,db1846ff8f9487586875d431ed78a4cc,6e9d115eec86111a5cf7c3f61ee7726611e4dd6cc4a0b6e4ce2c6d5dd09cb3ea,1.0,efd4c9268c69164e,ok,1669.4807641652878,True,True,cluster_01227,train,/home/dheirav/Code/Deepfake_Detection/deepfake-project/dataset_builder/train/ai_generated/flux_topup_000044.jpg
data_sources/ai_generated/FLUX_TopUp/flux_topup_000045.jpg,data_sources/ai_generated/FLUX_TopUp,ai_generated,1024,1024,1.0,JPEG,514587,a89ff1719b8be0b0284425b36baa60ef,8f4b9f6f784fec555523e0acd4cc7805145aa994a646cbfd8dddc493bd3fda32,1.0,c19ce19e609f6857,ok,1818.9752134137364,True,True,cluster_00131,train,/home/dheirav/Code/Deepfake_Detection/deepfake-project/dataset_builder/train/ai_generated/flux_topup_000045.jpg
data_sources/ai_generated/FLUX_TopUp/flux_topup_000047.jpg,data_sources/ai_generated/FLUX_TopUp,ai_generated,1024,1024,1.0,JPEG,436087,d6d991e0ab294720f8b149ee0afa9c36,05745d647d859a1f8df53164eb59bcf3e201a1377b6df0eb34d038f40bbc005d,1.0,c5cda0e075d7d4d0,ok,2993.5783345601367,True,True,cluster_00448,train,/home/dheirav/Code/Deepfake_Detection/deepfake-project/dataset_builder/train/ai_generated/flux_topup_000047.jpg
data_sources/ai_generated/FLUX_TopUp/flux_topup_000049.jpg,data_sources/ai_generated/FLUX_TopUp,ai_generated,1024,1024,1.0,JPEG,296581,f0f6241ef990b6dabcd77642f81cbd60,e549de5ae0ee47a7e06ecae35cca75b521b5abc9f8b78e58d52dc3c9db166273,1.0,d9c919b9c2fb4b80,ok,1138.3606508473013,True,True,cluster_01373,train,/home/dheirav/Code/Deepfake_Detection/deepfake-project/dataset_builder/train/ai_generated/flux_topup_000049.jpg
data_sources/ai_generated/FLUX_TopUp/flux_topup_000053.jpg,data_sources/ai_generated/FLUX_TopUp,ai_generated,1024,1024,1.0,JPEG,423935,193b0d6f84271e940a66af7f7eb1da5f,1d22f892ffa2a0aed07fbb4e442ccb203cd3fd831163004b06dadf59e4a0e1eb,1.0,d7b194e9618a689e,ok,2694.9241926036775,True,True,cluster_00522,train,/home/dheirav/Code/Deepfake_Detection/deepfake-project/dataset_builder/train/ai_generated/flux_topup_000053.jpg
data_sources/ai_generated/FLUX_TopUp/flux_topup_000054.jpg,data_sources/ai_generated/FLUX_TopUp,ai_generated,1024,1024,1.0,JPEG,551463,b991dc757ba392af756a6c64ae5c4101,213bb8aecd6fbce228e2729523913d83be09f7c40118b0e6b5b9a80eb91a0a2c,1.0,999e7b66321299a6,ok,3366.5069105167554,True,True,cluster_00062,train,/home/dheirav/Code/Deepfake_Detection/deepfake-project/dataset_builder/train/ai_generated/flux_topup_000054.jpg
data_sources/ai_generated/FLUX_TopUp/flux_topup_000058.jpg,data_sources/ai_generated/FLUX_TopUp,ai_generated,1024,1024,1.0,JPEG,335520,b31229197dd75615e02e58ba9c6b9813,a9b970dcb84e4cd63f2979fce9cc5617796183e360df195537e533493324e8dd,1.0,9d8209631e9b6e79,ok,1564.7763298433815,True,True,cluster_01060,train,/home/dheirav/Code/Deepfake_Detection/deepfake-project/dataset_builder/train/ai_generated/flux_topup_000058.jpg
data_sources/ai_generated/FLUX_TopUp/flux_topup_000061.jpg,data_sources/ai_generated/FLUX_TopUp,ai_generated,1024,1024,1.0,JPEG,510190,11bcf733501a82cc15e5a7a2429f6e71,eefa6aa0ea0ba1150a982d874182ebd3f2f1e7cc7aae24fa5d27c335080ac3c1,1.0,981b96c69b9be486,ok,2677.742141715935,True,True,cluster_00141,train,/home/dheirav/Code/Deepfake_Detection/deepfake-project/dataset_builder/train/ai_generated/flux_topup_000061.jpg
data_sources/ai_generated/FLUX_TopUp/flux_topup_000064.jpg,data_sources/ai_generated/FLUX_TopUp,ai_generated,1024,1024,1.0,JPEG,278148,2008dd1dcc894e5431019262419ba29a,41eb8b7a5e025d2af87e10be5079269a17713c6c8d426efceeb19fba416cd6ab,1.0,8489a6bf705559b6,ok,465.7432342358187,True,True,cluster_01519,train,/home/dheirav/Code/Deepfake_Detection/deepfake-project/dataset_builder/train/ai_generated/flux_topup_000064.jpg
data_sources/ai_generated/FLUX_TopUp/flux_topup_000067.jpg,data_sources/ai_generated/FLUX_TopUp,ai_generated,1024,1024,1.0,JPEG,229168,d3f692c4c2c74a4577a5d132ee4aa360,b90a4590095f3f3c7cb5f3fbd5ef51c94e2dca5fb29bf36d8b3ffa01ed43a1fe,1.0,bc87c01c9761ce9e,ok,749.7849997649455,True,True,cluster_01941,train,/home/dheirav/Code/Deepfake_Detection/deepfake-project/dataset_builder/train/ai_generated/flux_topup_000067.jpg
data_sources/ai_generated/FLUX_TopUp/flux_topup_000068.jpg,data_sources/ai_generated/FLUX_TopUp,ai_generated,1024,1024,1.0,JPEG,323465,5da9371d31d7ae3dcfaae70d8020951f,3d1f95f8b21e773e1375f3c86b7477887e3c06848367a78bddc72e8139d7a6a7,1.0,d2b5acbf0ad9025a,ok,2358.090240099699,True,True,cluster_01149,train,/home/dheirav/Code/Deepfake_Detection/deepfake-project/dataset_builder/train/ai_generated/flux_topup_000068.jpg
data_sources/ai_generated/FLUX_TopUp/flux_topup_000073.jpg,data_sources/ai_generated/FLUX_TopUp,ai_generated,1024,1024,1.0,JPEG,541595,7ea602e1eeacd0537eddbdc41aab2cac,f1774682e0a42ff83aafcf15c363df9eaf4f2326cb2f4a8eecd16628af33eea2,1.0,d9e8b02f954fa4c8,ok,3833.1625228719204,True,True,cluster_00079,train,/home/dheirav/Code/Deepfake_Detection/deepfake-project/dataset_builder/train/ai_generated/flux_topup_000073.jpg
data_sources/ai_generated/FLUX_TopUp/flux_topup_000074.jpg,data_sources/ai_generated/FLUX_TopUp,ai_generated,1024,1024,1.0,JPEG,326776,919d7303016c671374e56e8cec4a77cb,2497ee51ed7e47a3c12d2b41d6fb36c46a2491048ad93f383683991b5c3b4855,1.0,9c1d8b0be4d87d13,ok,493.3315505385399,True,True,cluster_01118,train,/home/dheirav/Code/Deepfake_Detection/deepfake-project/dataset_builder/train/ai_generated/flux_topup_000074.jpg
data_sources/ai_generated/FLUX_TopUp/flux_topup_000075.jpg,data_sources/ai_generated/FLUX_TopUp,ai_generated,1024,1024,1.0,JPEG,353678,347aba1ec7f5a328df72b95607df1900,a5af350062f276bced6b86d55341f104ac125af9073f70eeaaabc890b320077d,1.0,922d7603f7ce3131,ok,1549.3525922372355,True,True,cluster_00929,train,/home/dheirav/Code/Deepfake_Detection/deepfake-project/dataset_builder/train/ai_generated/flux_topup_000075.jpg
data_sources/ai_generated/FLUX_TopUp/flux_topup_000085.jpg,data_sources/ai_generated/FLUX_TopUp,ai_generated,1024,1024,1.0,JPEG,474387,ab99d81bd2a9459cc6e0a3c51558cb0c,9ba8a53f49fa7cd763d82622569eda93cf77e54963e1c55776fe37c89e3d16d5,1.0,d9d54a5a69e63229,ok,1632.6069030674366,True,True,cluster_00269,train,/home/dheirav/Code/Deepfake_Detection/deepfake-project/dataset_builder/train/ai_generated/flux_topup_000085.jpg
data_sources/ai_generated/FLUX_TopUp/flux_topup_000088.jpg,data_sources/ai_generated/FLUX_TopUp,ai_generated,1024,1024,1.0,JPEG,279282,2a1f56c72c461c50ed0fc1add6aed0c6,2e2e827b8a45a7f533a83771053674f1353ca60c4968584ff38b1a4af98db19b,1.0,9ce5b30ce398ac47,ok,1236.0252347277774,True,True,cluster_01507,train,/home/dheirav/Code/Deepfake_Detection/deepfake-project/dataset_builder/train/ai_generated/flux_topup_000088.jpg
data_sources/ai_generated/FLUX_TopUp/flux_topup_000090.jpg,data_sources/ai_generated/FLUX_TopUp,ai_generated,1024,1024,1.0,JPEG,560213,6373d731dbef5120b9e5047fa9541801,85e68c39ff6af1d04a25c6f7cf6799d8131c0de17266dc88af154d2c58df02d0,1.0,9c1c42da8bd7f285,ok,3143.8251867182466,True,True,cluster_00052,train,/home/dheirav/Code/Deepfake_Detection/deepfake-project/dataset_builder/train/ai_generated/flux_topup_000090.jpg
data_sources/ai_generated/FLUX_TopUp/flux_topup_000097.jpg,data_sources/ai_generated/FLUX_TopUp,ai_generated,1024,1024,1.0,JPEG,299087,b65ce2ae115ce673dfed96ffef9b6afa,e6d4d66ae41315d48048f3010eb676adc307489251ddc129f4af7b7c8c2a98d0,1.0,e6a219e69c5b8599,ok,599.7733379453421,True,True,cluster_01352,train,/home/dheirav/Code/Deepfake_Detection/deepfake-project/dataset_builder/train/ai_generated/flux_topup_000097.jpg
data_sources/ai_generated/FLUX_TopUp/flux_topup_000099.jpg,data_sources/ai_generated/FLUX_TopUp,ai_generated,1024,1024,1.0,JPEG,353678,67b4e84d5c4c3e387c8c82ca2e72c6da,a27135acf0f8ceca30ae607e01eb707936ac577a73ff4b9f9a3824effef5e2e0,1.0,d0f2371d0f0f23f0,ok,820.194993018441,True,True,cluster_00930,train,/home/dheirav/Code/Deepfake_Detection/deepfake-project/dataset_builder/train/ai_generated/flux_topup_000099.jpg
data_sources/ai_generated/FLUX_TopUp/flux_topup_000100.jpg,data_sources/ai_generated/FLUX_TopUp,ai_generated,1024,1024,1.0,JPEG,568043,81cea522cc49e75c0724ecbe95e687b1,84551b79aec587cf17c05c4f587026f8b0c7db7b354229ebce3884625c20077c,1.0,eaefc5c0c0da8f12,ok,5662.417705727143,True,True,cluster_00044,train,/home/dheirav/Code/Deepfake_Detection/deepfake-project/dataset_builder/train/ai_generated/flux_topup_000100.jpg
data_sources/ai_generated/FLUX_TopUp/flux_topup_000104.jpg,data_sources/ai_generated/FLUX_TopUp,ai_generated,1024,1024,1.0,JPEG,408345,ef850cc1eee6f13bf18fccdfdc65eac3,3cd0da5c3a5e1052fdaf223d3f13702af58c0e80198fcc10a62e8f6b6b0e3775,1.0,8b781d57aa947469,ok,1654.1123011269874,True,True,cluster_00617,train,/home/dheirav/Code/Deepfake_Detection/deepfake-project/dataset_builder/train/ai_generated/flux_topup_000104.jpg
data_sources/ai_generated/FLUX_TopUp/flux_topup_000105.jpg,data_sources/ai_generated/FLUX_TopUp,ai_generated,1024,1024,1.0,JPEG,448846,244110368da218e26718adc1206d9639,b7ebd45c4a77a51f81295ec8a58cffcdd8c2fb4185311e0c3bbb1a646cb563c9,1.0,84a69e59986771ae,ok,1104.9071558564901,True,True,cluster_00381,train,/home/dheirav/Code/Deepfake_Detection/deepfake-project/dataset_builder/train/ai_generated/flux_topup_000105.jpg
data_sources/ai_generated/FLUX_TopUp/flux_topup_000107.jpg,data_sources/ai_generated/FLUX_TopUp,ai_generated,1024,1024,1.0,JPEG,480751,25d4d3929fceb9c4d21c60669cae05ab,83ccbc464874a6e8e21cd6b92f56bff5ab4d698400404f21d2d934944c681dbf,1.0,cd88d41e639faa45,ok,2641.9965522055054,True,True,cluster_00246,train,/home/dheirav/Code/Deepfake_Detection/deepfake-project/dataset_builder/train/ai_generated/flux_topup_000107.jpg
data_sources/ai_generated/FLUX_TopUp/flux_topup_000108.jpg,data_sources/ai_generated/FLUX_TopUp,ai_generated,1024,1024,1.0,JPEG,408483,007b8b4c3a7241c447dbad5a7840ff9d,dfe6b50d869083e9ce906097f90cc5b7dd928f683606f739130db238ff1fef4e,1.0,fe0bd50169d6a15a,ok,1985.9187476100842,True,True,cluster_00616,train,/home/dheirav/Code/Deepfake_Detection/deepfake-project/dataset_builder/train/ai_generated/flux_topup_000108.jpg
data_sources/ai_generated/FLUX_TopUp/flux_topup_000109.jpg,data_sources/ai_generated/FLUX_TopUp,ai_generated,1024,1024,1.0,JPEG,426217,f038ba7551cb353bc6ca69882f85efb5,9b39e25639f49752fec81012c9566965cabb3ecbf325db39a233e3bf09f84dc9,1.0,9975141ce3c71d39,ok,2710.4045075319286,True,True,cluster_00508,train,/home/dheirav/Code/Deepfake_Detection/deepfake-project/dataset_builder/train/ai_generated/flux_topup_000109.jpg
data_sources/ai_generated/FLUX_TopUp/flux_topup_000113.jpg,data_sources/ai_generated/FLUX_TopUp,ai_generated,1024,1024,1.0,JPEG,292184,6620b76cc3cefd39cc0c8f25d4da5fcf,79bc0099c159aaf75a31d93a091adb990d5a4476eaea79dfec661ee980081623,1.0,c4a61b6986b97cc3,ok,1093.0005542359854,True,True,cluster_01400,train,/home/dheirav/Code/Deepfake_Detection/deepfake-project/dataset_builder/train/ai_generated/flux_topup_000113.jpg
data_sources/ai_generated/FLUX_TopUp/flux_topup_000115.jpg,data_sources/ai_generated/FLUX_TopUp,ai_generated,1024,1024,1.0,JPEG,258517,0af7d3648ef2f579f1c639cc98622048,69b03f9d9835a72155a2a59f695e4e9a04f2ed1b93445d1cfef1eb93473b4a27,1.0,a2dd3c827cb403fa,ok,797.9749688069267,True,True,cluster_01691,train,/home/dheirav/Code/Deepfake_Detection/deepfake-project/dataset_builder/train/ai_generated/flux_topup_000115.jpg
data_sources/ai_generated/FLUX_TopUp/flux_topup_000119.jpg,data_sources/ai_generated/FLUX_TopUp,ai_generated,1024,1024,1.0,JPEG,416416,2a0156cedb75eff1a5c3ca6738808276,f97b6a15df6726d9187f044f771c281a519cf8fd081f248e88de25002d01976e,1.0,e5e594f413634c65,ok,2379.7045396052854,True,True,cluster_00563,train,/home/dheirav/Code/Deepfake_Detection/deepfake-project/dataset_builder/train/ai_generated/flux_topup_000119.jpg
data_sources/ai_generated/FLUX_TopUp/flux_topup_000124.jpg,data_sources/ai_generated/FLUX_TopUp,ai_generated,1024,1024,1.0,JPEG,410146,4970a97a31d044cd5f361b0a2b79c4d8,fd2d0d1e0ae8749d5ffb116d8c32612b0ecfd5f06fbf49b6fe1d7e5eed09076d,1.0,cd374a1613c9a5a7,ok,2091.447599882208,True,True,cluster_00608,train,/home/dheirav/Code/Deepfake_Detection/deepfake-project/dataset_builder/train/ai_generated/flux_topup_000124.jpg
data_sources/ai_generated/FLUX_TopUp/flux_topup_000129.jpg,data_sources/ai_generated/FLUX_TopUp,ai_generated,1024,1024,1.0,JPEG,366392,c4c7b13946518b8cbb84f044b43fb8e9,8a65a2a74c096a6db8f9cb3cb347a8f8410828527ff4ff7ddef1612d4e8efcb3,1.0,d47b6b0e56c41e70,ok,900.1224893784238,True,True,cluster_00861,train,/home/dheirav/Code/Deepfake_Detection/deepfake-project/dataset_builder/train/ai_generated/flux_topup_000129.jpg
data_sources/ai_generated/FLUX_TopUp/flux_topup_000132.jpg,data_sources/ai_generated/FLUX_TopUp,ai_generated,1024,1024,1.0,JPEG,363532,282ed652ce1ec85af627e7fd12ed83cf,7a8b3229a427c640ed60d7c322e850889dff1e19b2e2a080bdadb2c51bc98b2a,1.0,d2a58f9aa9a9a233,ok,1747.6162249460822,True,True,cluster_00878,train,/home/dheirav/Code/Deepfake_Detection/deepfake-project/dataset_builder/train/ai_generated/flux_topup_000132.jpg
data_sources/ai_generated/FLUX_TopUp/flux_topup_000133.jpg,data_sources/ai_generated/FLUX_TopUp,ai_generated,1024,1024,1.0,JPEG,432705,07b23dc7510e57c3592fc17eb0015e09,74cfe3e121dab0590118f716be682c6e0448ae5e803900b1356bd586019cda36,1.0,95b58018cdefae26,ok,2348.4153430084834,True,True,cluster_00467,train,/home/dheirav/Code/Deepfake_Detection/deepfake-project/dataset_builder/train/ai_generated/flux_topup_000133.jpg
data_sources/ai_generated/FLUX_TopUp/flux_topup_000136.jpg,data_sources/ai_generated/FLUX_TopUp,ai_generated,1024,1024,1.0,JPEG,487467,33dca55abfaf7cc0afad77cdfc938963,d21b8c86c7206bdef80a47181bd5e053fd7fb5dbc94e83ead78b9113a93972a3,1.0,88dd5f8780607e37,ok,2429.9801556152215,True,True,cluster_00224,train,/home/dheirav/Code/Deepfake_Detection/deepfake-project/dataset_builder/train/ai_generated/flux_topup_000136.jpg
data_sources/ai_generated/FLUX_TopUp/flux_topup_000138.jpg,data_sources/ai_generated/FLUX_TopUp,ai_generated,1024,1024,1.0,JPEG,493223,9a627786c982c84dcbdfbb6c367d4c68,1bec53dd87fce91e652764a746be28199883682c2ff6b0a2336a6c9df2236eb2,1.0,c790a33c3f6a1c93,ok,4335.631762086089,True,True,cluster_00201,train,/home/dheirav/Code/Deepfake_Detection/deepfake-project/dataset_builder/train/ai_generated/flux_topup_000138.jpg
data_sources/ai_generated/FLUX_TopUp/flux_topup_000142.jpg,data_sources/ai_generated/FLUX_TopUp,ai_generated,1024,1024,1.0,JPEG,437773,0aa8a865c743217c1b321d067bdaea45,e31bc694b1a9d9e00414e6aa3c5d9e39107fd824ff7896e1554f2df14a639d43,1.0,838f0f1e58e93297,ok,2637.1549025251716,True,True,cluster_00438,train,/home/dheirav/Code/Deepfake_Detection/deepfake-project/dataset_builder/train/ai_generated/flux_topup_000142.jpg
data_sources/ai_generated/FLUX_TopUp/flux_topup_000145.jpg,data_sources/ai_generated/FLUX_TopUp,ai_generated,1024,1024,1.0,JPEG,562136,c97bd99ff06221c48786517c4888789a,6f84aa2c0687b9a91a30570616ce1be4316c69e1d5e7f8ce11a8367d1cc577d3,1.0,cd85d2b6309e7e06,ok,4162.993394925709,True,True,cluster_00049,train,/home/dheirav/Code/Deepfake_Detection/deepfake-project/dataset_builder/train/ai_generated/flux_topup_000145.jpg
data_sources/ai_generated/FLUX_TopUp/flux_topup_000151.jpg,data_sources/ai_generated/FLUX_TopUp,ai_generated,1024,1024,1.0,JPEG,537614,2fdf99584e9464f923ccfc7ce157b6c2,3ed3e02eb82719857d67f32a37764d78b95eb11463cb253563145dbe82e37c68,1.0,c0c09f371b6f33c4,ok,3061.0641700094566,True,True,cluster_00086,train,/home/dheirav/Code/Deepfake_Detection/deepfake-project/dataset_builder/train/ai_generated/flux_topup_000151.jpg
data_sources/ai_generated/FLUX_TopUp/flux_topup_000155.jpg,data_sources/ai_generated/FLUX_TopUp,ai_generated,1024,1024,1.0,JPEG,458731,3b294f55d469529e2ac1d05c1bc2b37d,05aa8471809b64d25d4da162cdbac65142243d164caa878e9b0b969b368b2e40,1.0,de690b3ce34830e7,ok,2095.45099989109,True,True,cluster_00338,train,/home/dheirav/Code/Deepfake_Detection/deepfake-project/dataset_builder/train/ai_generated/flux_topup_000155.jpg
data_sources/ai_generated/FLUX_TopUp/flux_topup_000156.jpg,data_sources/ai_generated/FLUX_TopUp,ai_generated,1024,1024,1.0,JPEG,311278,71dfc0800341481238b48976e1b2fdff,24d69cb3241ca2415dc2ed79fe83d1c5c2adc74c0a08b97461a867285c283a09,1.0,d2c852753595ec17,ok,388.9004966922356,True,True,cluster_01248,train,/home/dheirav/Code/Deepfake_Detection/deepfake-project/dataset_builder/train/ai_generated/flux_topup_000156.jpg
data_sources/ai_generated/FLUX_TopUp/flux_topup_000158.jpg,data_sources/ai_generated/FLUX_TopUp,ai_generated,1024,1024,1.0,JPEG,400207,ef2e43535055f4a4a6339876b87d3bc9,22e2bd8de05b2a578a55fa5dc0debea41df708f361f40874a64a6807b24d73c5,1.0,c996d104f4877ce3,ok,2516.2301682160532,True,True,cluster_00665,train,/home/dheirav/Code/Deepfake_Detection/deepfake-project/dataset_builder/train/ai_generated/flux_topup_000158.jpg
data_sources/ai_generated/FLUX_TopUp/flux_topup_000159.jpg,data_sources/ai_generated/FLUX_TopUp,ai_generated,1024,1024,1.0,JPEG,343014,6004972b98d23270fb4aee16fcda5f9e,89977c2bf3424b5a4cd3f3ed06e7e9f8d47547efcdfb47b5927cf5f4c737cdfa,1.0,e4a81f17e66819d3,ok,2678.19881537792,True,True,cluster_00995,train,/home/dheirav/Code/Deepfake_Detection/deepfake-project/dataset_builder/train/ai_generated/flux_topup_000159.jpg
data_sources/ai_generated/FLUX_TopUp/flux_topup_000161.jpg,data_sources/ai_generated/FLUX_TopUp,ai_generated,1024,1024,1.0,JPEG,538037,91da409e98272dff176f72f2c2825783,e665d01882cc9c3bdb0114e9beafecb8acffe64ac838d90cb804fab673fb583d,1.0,868785961ee919e7,ok,3048.2565879800823,True,True,cluster_00083,train,/home/dheirav/Code/Deepfake_Detection/deepfake-project/dataset_builder/train/ai_generated/flux_topup_000161.jpg
data_sources/ai_generated/FLUX_TopUp/flux_topup_000163.jpg,data_sources/ai_generated/FLUX_TopUp,ai_generated,1024,1024,1.0,JPEG,281216,53787a050ac12a165675d924ecf773ca,ae36456b4ae4ace8381236f0bbc385b9439401540de85bc36205b12dd0cb1951,1.0,9966598765c1ae69,ok,567.7294735948952,True,True,cluster_01494,train,/home/dheirav/Code/Deepfake_Detection/deepfake-project/dataset_builder/train/ai_generated/flux_topup_000163.jpg
data_sources/ai_generated/FLUX_TopUp/flux_topup_000164.jpg,data_sources/ai_generated/FLUX_TopUp,ai_generated,1024,1024,1.0,JPEG,291850,883d1ce62193db87d53062721cf526c5,746b09b727e6645698d228707061c299b1da91c8491e8bde03f232cfe986b0a6,1.0,d48f4781ac66b959,ok,938.1751744614992,True,True,cluster_01404,train,/home/dheirav/Code/Deepfake_Detection/deepfake-project/dataset_builder/train/ai_generated/flux_topup_000164.jpg
data_sources/ai_generated/FLUX_TopUp/flux_topup_000167.jpg,data_sources/ai_generated/FLUX_TopUp,ai_generated,1024,1024,1.0,JPEG,507289,8a42ae78cf5a32a5d301ac45a7072f2b,e970fb7db8e429d15b49b767c3db273bb1daf151324c2590835ad50a7a0b18ec,1.0,d0b4978539c9b0eb,ok,3428.529457347291,True,True,cluster_00149,train,/home/dheirav/Code/Deepfake_Detection/deepfake-project/dataset_builder/train/ai_generated/flux_topup_000167.jpg
data_sources/ai_generated/FLUX_TopUp/flux_topup_000168.jpg,data_sources/ai_generated/FLUX_TopUp,ai_generated,1024,1024,1.0,JPEG,364613,c63cda916834a397a7714691d4b9af05,8cdbb3b584b842b68d9c67e3f47ce7c5e82afd29032f7aab7e3f40da5d581381,1.0,dcbd670323d84b43,ok,1015.7542907405721,True,True,cluster_00871,train,/home/dheirav/Code/Deepfake_Detection/deepfake-project/dataset_builder/train/ai_generated/flux_topup_000168.jpg
data_sources/ai_generated/FLUX_TopUp/flux_topup_000169.jpg,data_sources/ai_generated/FLUX_TopUp,ai_generated,1024,1024,1.0,JPEG,455774,0500ebb90455749f0f045d944945c7f9,8d751f03f40ad692e90044d0701eb987c1456f70f9daa3daa73ffac1fe73b91c,1.0,dd2c4ef5835c7403,ok,1818.2503436015168,True,True,cluster_00348,train,/home/dheirav/Code/Deepfake_Detection/deepfake-project/dataset_builder/train/ai_generated/flux_topup_000169.jpg
data_sources/ai_generated/FLUX_TopUp/flux_topup_000171.jpg,data_sources/ai_generated/FLUX_TopUp,ai_generated,1024,1024,1.0,JPEG,443291,bae747fa0854aada605e2087a745c4f4,d4dce9a76fc8a312c991ff82c75ac2c82ad8f0b280dac424cf60399099db1ee7,1.0,a9fa87d0e03782c7,ok,1857.8142945418222,True,True,cluster_00408,train,/home/dheirav/Code/Deepfake_Detection/deepfake-project/dataset_builder/train/ai_generated/flux_topup_000171.jpg
data_sources/ai_generated/FLUX_TopUp/flux_topup_000173.jpg,data_sources/ai_generated/FLUX_TopUp,ai_generated,1024,1024,1.0,JPEG,499307,f761179c402ae915bc58abcbac08957e,2a19cfe82b8b53aa87600b3221c8d5a13dc2455519e8fc31ef0da1c2d32196b9,1.0,dddedb02c2c0c647,ok,2067.7214428455836,True,True,cluster_00174,train,/home/dheirav/Code/Deepfake_Detection/deepfake-project/dataset_builder/train/ai_generated/flux_topup_000173.jpg
data_sources/ai_generated/FLUX_TopUp/flux_topup_000179.jpg,data_sources/ai_generated/FLUX_TopUp,ai_generated,1024,1024,1.0,JPEG,439388,5b252248698ef8953eac7d9e9f2e51c9,2a9a5969e205b0eb242dfc5e8059df427fb43ee3b26affd991128002b0efbe38,1.0,ea7f1017e101f770,ok,1911.0298953216075,True,True,cluster_00432,train,/home/dheirav/Code/Deepfake_Detection/deepfake-project/dataset_builder/train/ai_generated/flux_topup_000179.jpg
data_sources/ai_generated/FLUX_TopUp/flux_topup_000185.jpg,data_sources/ai_generated/FLUX_TopUp,ai_generated,1024,1024,1.0,JPEG,403629,6c9f0c4817275603629337d91a7581d0,1009b09314abcf3b17ba629b336d8197cf4f2b762e35430e9ce1a2242920fced,1.0,fbba9254e48e6948,ok,1933.9837289446584,True,True,cluster_00644,train,/home/dheirav/Code/Deepfake_Detection/deepfake-project/dataset_builder/train/ai_generated/flux_topup_000185.jpg
data_sources/ai_generated/FLUX_TopUp/flux_topup_000186.jpg,data_sources/ai_generated/FLUX_TopUp,ai_generated,1024,1024,1.0,JPEG,475721,23898ea2231e8543e0f76a90a93cff8d,eee2fe4d9b1d7aed9915ab08be8329a6f51d6876226c63dca3d6239a4ea65c59,1.0,8c9697a5b18da137,ok,2075.9298789361264,True,True,cluster_00261,train,/home/dheirav/Code/Deepfake_Detection/deepfake-project/dataset_builder/train/ai_generated/flux_topup_000186.jpg
data_sources/ai_generated/FLUX_TopUp/flux_topup_000188.jpg,data_sources/ai_generated/FLUX_TopUp,ai_generated,1024,1024,1.0,JPEG,367657,826e98b636dfb1a08ce7c59cdd59212f,0c085247f72120dcdaf3ac9943dbaf98ccaa9480bbaa431ec27d6de056b0388f,1.0,c999c63e729c7a03,ok,1118.5367140150047,True,True,cluster_00849,train,/home/dheirav/Code/Deepfake_Detection/deepfake-project/dataset_builder/train/ai_generated/flux_topup_000188.jpg
data_sources/ai_generated/FLUX_TopUp/flux_topup_000189.jpg,data_sources/ai_generated/FLUX_TopUp,ai_generated,1024,1024,1.0,JPEG,369313,84b9e39da9308a015d77126a7855f4a9,a355b74511a14b0eba1817651f661bce8c8ecfe86e453dad0a1fa561c0845905,1.0,c8b35c61368c33de,ok,1117.0008506547852,True,True,cluster_00837,train,/home/dheirav/Code/Deepfake_Detection/deepfake-project/dataset_builder/train/ai_generated/flux_topup_000189.jpg
data_sources/ai_generated/FLUX_TopUp/flux_topup_000191.jpg,data_sources/ai_generated/FLUX_TopUp,ai_generated,1024,1024,1.0,JPEG,369770,5bc11dd2c532ee9c30a2b4ed5e213eec,dbe40d7609c6ad8c5a404ee852a4f966a98d72e7736f804ae466a22a03863ea6,1.0,818b8f57b0b06e8f,ok,2039.7238815500125,True,True,cluster_00834,train,/home/dheirav/Code/Deepfake_Detection/deepfake-project/dataset_builder/train/ai_generated/flux_topup_000191.jpg
data_sources/ai_generated/FLUX_TopUp/flux_topup_000196.jpg,data_sources/ai_generated/FLUX_TopUp,ai_generated,1024,1024,1.0,JPEG,399494,c78462b6a6f0a72c0f8e7949929b69b0,4566eb428c59f7aaae4cb085785dcb2b166bfe3a2d12bcfb0c87285d47e1de46,1.0,d99899e059b23477,ok,2838.044866680866,True,True,cluster_00669,train,/home/dheirav/Code/Deepfake_Detection/deepfake-project/dataset_builder/train/ai_generated/flux_topup_000196.jpg
data_sources/ai_generated/FLUX_TopUp/flux_topup_000212.jpg,data_sources/ai_generated/FLUX_TopUp,ai_generated,1024,1024,1.0,JPEG,243849,14f0353daf74818fd61e7cd6b65518ed,41318413fa93c7ffb75cbc4486add391398c2bc6281604e5ab3d46690ff1c046,1.0,a1b21fc83422d3bf,ok,1017.3782758687223,True,True,cluster_01816,train,/home/dheirav/Code/Deepfake_Detection/deepfake-project/dataset_builder/train/ai_generated/flux_topup_000212.jpg
data_sources/ai_generated/FLUX_TopUp/flux_topup_000215.jpg,data_sources/ai_generated/FLUX_TopUp,ai_generated,1024,1024,1.0,JPEG,305410,5092c110f3d1e7c978b73c295ed5a565,73646fef15fe1bf1f05c90f5c890d95d74b0923304835720dd0e994ebf80cb54,1.0,91928dcaa9d78ad9,ok,2654.3309431071234,True,True,cluster_01301,train,/home/dheirav/Code/Deepfake_Detection/deepfake-project/dataset_builder/train/ai_generated/flux_topup_000215.jpg
data_sources/ai_generated/FLUX_TopUp/flux_topup_000216.jpg,data_sources/ai_generated/FLUX_TopUp,ai_generated,1024,1024,1.0,JPEG,298819,34c072b0a9f566446b10ab542f6915ae,4a887af9cf56b5155ddbcf5a3f11d180ec4d7648aed34db29e15b10ec2405456,1.0,c0c3c36f9c704ae7,ok,760.1031281036255,True,True,cluster_01356,train,/home/dheirav/Code/Deepfake_Detection/deepfake-project/dataset_builder/train/ai_generated/flux_topup_000216.jpg
data_sources/ai_generated/FLUX_TopUp/flux_topup_000219.jpg,data_sources/ai_generated/FLUX_TopUp,ai_generated,1024,1024,1.0,JPEG,275719,0e4c30541419267b7ba1d68758cddb57,a7d5b038db1b3a91a0c705141975bf86c4d0181c6def1ededbed2808fbfc9c71,1.0,c69898ec6767611b,ok,371.85298356364,True,True,cluster_01536,train,/home/dheirav/Code/Deepfake_Detection/deepfake-project/dataset_builder/train/ai_generated/flux_topup_000219.jpg
data_sources/ai_generated/FLUX_TopUp/flux_topup_000223.jpg,data_sources/ai_generated/FLUX_TopUp,ai_generated,1024,1024,1.0,JPEG,269938,4c95ba94c5766d3a726b4a87c39f7c4e,9512cab8aa1866f180f1f43e1dad2adc29da77d5c854acab4b486d4335f74571,1.0,99d1c64e923da867,ok,927.2999888794428,True,True,cluster_01586,train,/home/dheirav/Code/Deepfake_Detection/deepfake-project/dataset_builder/train/ai_generated/flux_topup_000223.jpg
data_sources/ai_generated/FLUX_TopUp/flux_topup_000229.jpg,data_sources/ai_generated/FLUX_TopUp,ai_generated,1024,1024,1.0,JPEG,248197,c92da3a82e82396a98f4c8f3ed92f7d5,08f64810c10d769e9716a1da8cc38ecf30fc99269a072772a6a876ad7b257e3f,1.0,bb94846e7a91e14e,ok,550.1807238875399,True,True,cluster_01775,train,/home/dheirav/Code/Deepfake_Detection/deepfake-project/dataset_builder/train/ai_generated/flux_topup_000229.jpg
data_sources/ai_generated/FLUX_TopUp/flux_topup_000231.jpg,data_sources/ai_generated/FLUX_TopUp,ai_generated,1024,1024,1.0,JPEG,307692,e4c0934d11b2f3d675654c3ef136af06,5bf98d53dd6b4e29d40cdd217c6f30be4459bc43b49d307b4f6cb740210758bb,1.0,f49acfc4321b983c,ok,1249.4116650568176,True,True,cluster_01281,train,/home/dheirav/Code/Deepfake_Detection/deepfake-project/dataset_builder/train/ai_generated/flux_topup_000231.jpg
data_sources/ai_generated/FLUX_TopUp/flux_topup_000234.jpg,data_sources/ai_generated/FLUX_TopUp,ai_generated,1024,1024,1.0,JPEG,276017,149a746246f4c3a64dee7f5b8dcf92f4,657dc406b8675f1370cb131c3268f2fe9327072993615b16ca8ac3f2a39824a4,1.0,a6805f91798f34ec,ok,1567.3669402952032,True,True,cluster_01532,train,/home/dheirav/Code/Deepfake_Detection/deepfake-project/dataset_builder/train/ai_generated/flux_topup_000234.jpg
data_sources/ai_generated/FLUX_TopUp/flux_topup_000235.jpg,data_sources/ai_generated/FLUX_TopUp,ai_generated,1024,1024,1.0,JPEG,305890,f9051565c4a900f6ee077dddf090e007,74021258478edc203246e478bbc11ea9a212c146fcb52006d0a75cdbc2073ba3,1.0,dbc2d4a561bac4c9,ok,1591.4662336119356,True,True,cluster_01297,train,/home/dheirav/Code/Deepfake_Detection/deepfake-project/dataset_builder/train/ai_generated/flux_topup_000235.jpg
data_sources/ai_generated/FLUX_TopUp/flux_topup_000238.jpg,data_sources/ai_generated/FLUX_TopUp,ai_generated,1024,1024,1.0,JPEG,273616,4c6543e049dcbb43aeff3e494cafe755,cd7226f33137f948cb077c4ca3bb83376e084f744d485f14836ab3e4577bac52,1.0,8f93d4ec6bc2c06a,ok,486.1777038252767,True,True,cluster_01555,train,/home/dheirav/Code/Deepfake_Detection/deepfake-project/dataset_builder/train/ai_generated/flux_topup_000238.jpg
data_sources/ai_generated/FLUX_TopUp/flux_topup_000239.jpg,data_sources/ai_generated/FLUX_TopUp,ai_generated,1024,1024,1.0,JPEG,285037,38b2821a10d964b189e4b08622352c06,2c44ad9e884a1f7966abff80f2dbedf063a0a9c93353785d929e0d2c7e95240a,1.0,949a7a60659f6d68,ok,882.4203816702129,True,True,cluster_01467,train,/home/dheirav/Code/Deepfake_Detection/deepfake-project/dataset_builder/train/ai_generated/flux_topup_000239.jpg
data_sources/ai_generated/FLUX_TopUp/flux_topup_000242.jpg,data_sources/ai_generated/FLUX_TopUp,ai_generated,1024,1024,1.0,JPEG,312561,c8bcaa41feac4a627ff7208dcd7e963f,6d2e785695f920139137b8e35d20664c85a7bab74ebdb23e55a5c5ec3966173e,1.0,ec115838c6f6cba5,ok,1411.503594107165,True,True,cluster_01233,train,/home/dheirav/Code/Deepfake_Detection/deepfake-project/dataset_builder/train/ai_generated/flux_topup_000242.jpg
data_sources/ai_generated/FLUX_TopUp/flux_topup_000244.jpg,data_sources/ai_generated/FLUX_TopUp,ai_generated,1024,1024,1.0,JPEG,259148,47fb30dbf393c3eff7b8f6a11f10beee,b89fd6febc23b4a147375b77586fae6bad7fe3100c102ac7b31a132af8ec4605,1.0,c3e658e0d2ebc9c4,ok,997.2275365329469,True,True,cluster_01684,train,/home/dheirav/Code/Deepfake_Detection/deepfake-project/dataset_builder/train/ai_generated/flux_topup_000244.jpg
data_sources/ai_generated/FLUX_TopUp/flux_topup_000251.jpg,data_sources/ai_generated/FLUX_TopUp,ai_generated,1024,1024,1.0,JPEG,257941,45dab4599bdff1b68bec592f4832ed9d,2d8c0066f45d86404ef6a650b9859b6fea816c63d58f7c6561208dc719f316f6,1.0,c1f0347eee62581e,ok,1210.1589583752211,True,True,cluster_01694,train,/home/dheirav/Code/Deepfake_Detection/deepfake-project/dataset_builder/train/ai_generated/flux_topup_000251.jpg
data_sources/ai_generated/FLUX_TopUp/flux_topup_000252.jpg,data_sources/ai_generated/FLUX_TopUp,ai_generated,1024,1024,1.0,JPEG,262682,caa3e317b6fc9b0b0a1cb4c6e48428e2,e25c98990e302e13f45a81a1e034c4d62183b212589f659dfb173fd46137af10,1.0,e31c1c638dcb9437,ok,495.6296399728517,True,True,cluster_01651,train,/home/dheirav/Code/Deepfake_Detection/deepfake-project/dataset_builder/train/ai_generated/flux_topup_000252.jpg
data_sources/ai_generated/FLUX_TopUp/flux_topup_000255.jpg,data_sources/ai_generated/FLUX_TopUp,ai_generated,1024,1024,1.0,JPEG,427897,91b57a00cd0c64c43e60ccff44bf28f7,187306000607a588266f6f87832964093f552879f0fe9c828f00047e9b67a083,1.0,d91a8bebc1936c19,ok,1827.8345602224,True,True,cluster_00500,train,/home/dheirav/Code/Deepfake_Detection/deepfake-project/dataset_builder/train/ai_generated/flux_topup_000255.jpg
data_sources/ai_generated/FLUX_TopUp/flux_topup_000257.jpg,data_sources/ai_generated/FLUX_TopUp,ai_generated,1024,1024,1.0,JPEG,262154,ddebef6458f110363effb9e23f81406a,f39593b0def8df9abb70c2f7847e69ed20b19fd1a274c54a592691ce30f20c68,1.0,90907c7f73a084df,ok,1213.472557413213,True,True,cluster_01658,train,/home/dheirav/Code/Deepfake_Detection/deepfake-project/dataset_builder/train/ai_generated/flux_topup_000257.jpg
data_sources/ai_generated/FLUX_TopUp/flux_topup_000263.jpg,data_sources/ai_generated/FLUX_TopUp,ai_generated,1024,1024,1.0,JPEG,224952,a7153bcffe0b2f309c8a0684a56f9cac,fd1f2c9c7fa6426f7c5b58b8e7314723350c501917786ff42018777f2b71f190,1.0,926e396fce171708,ok,936.3432764191158,True,True,cluster_01974,train,/home/dheirav/Code/Deepfake_Detection/deepfake-project/dataset_builder/train/ai_generated/flux_topup_000263.jpg
data_sources/ai_generated/FLUX_TopUp/flux_topup_000264.jpg,data_sources/ai_generated/FLUX_TopUp,ai_generated,1024,1024,1.0,JPEG,324888,aa34e965e1dba05c52e67bc435870219,af6bc94048587616b74ec56ad7b41ecac587019d9b099378712cfb922812fa94,1.0,b392b45e8f48e487,ok,962.7173986386468,True,True,cluster_01136,train,/home/dheirav/Code/Deepfake_Detection/deepfake-project/dataset_builder/train/ai_generated/flux_topup_000264.jpg
data_sources/ai_generated/FLUX_TopUp/flux_topup_000270.jpg,data_sources/ai_generated/FLUX_TopUp,ai_generated,1024,1024,1.0,JPEG,241820,575773a2b5aff5cdf5d79992ece59056,a752f0a0fdf58112a57decb1e67f3a3051f3eb4569d45d429d96d028268a34c0,1.0,c1c3cecc9c98be32,ok,632.9797410550782,True,True,cluster_01837,train,/home/dheirav/Code/Deepfake_Detection/deepfake-project/dataset_builder/train/ai_generated/flux_topup_000270.jpg
data_sources/ai_generated/FLUX_TopUp/flux_topup_000271.jpg,data_sources/ai_generated/FLUX_TopUp,ai_generated,1024,1024,1.0,JPEG,365339,54d434011e4a6b9f478671f2fa2f3273,858ddd32251b338af5e68a91d82bab59381a54dab6423c44a331dcc6ee43b5c3,1.0,c9a4d0ee2fb1d20e,ok,2094.2441250317456,True,True,cluster_00866,train,/home/dheirav/Code/Deepfake_Detection/deepfake-project/dataset_builder/train/ai_generated/flux_topup_000271.jpg
data_sources/ai_generated/FLUX_TopUp/flux_topup_000276.jpg,data_sources/ai_generated/FLUX_TopUp,ai_generated,1024,1024,1.0,JPEG,284832,bf70827839847447a4542bb2debe2c1c,aeee24fb307aaba62d7081a9fc0f69281cb22c786baeb6a3a87572f7e3ebff5a,1.0,a687dcf9f1260925,ok,1991.3763015536672,True,True,cluster_01471,train,/home/dheirav/Code/Deepfake_Detection/deepfake-project/dataset_builder/train/ai_generated/flux_topup_000276.jpg
data_sources/ai_generated/FLUX_TopUp/flux_topup_000283.jpg,data_sources/ai_generated/FLUX_TopUp,ai_generated,1024,1024,1.0,JPEG,310591,77a2f2cc133ad2ec16d7054341107c1f,bc8c6f921e53efab3e3f85a2b2af7618fbf79cb1bccda52f1738ce260374d922,1.0,8ef1cf6a89345474,ok,1718.5338210430914,True,True,cluster_01253,train,/home/dheirav/Code/Deepfake_Detection/deepfake-project/dataset_builder/train/ai_generated/flux_topup_000283.jpg
data_sources/ai_generated/FLUX_TopUp/flux_topup_000295.jpg,data_sources/ai_generated/FLUX_TopUp,ai_generated,1024,1024,1.0,JPEG,329828,f129390b5e6e6581b6f98663186c5704,b8ab933cb466ed330fcc73dc62a3f57e19138e38eaabb871f8bce76028dae1bc,1.0,dd112bce64233c79,ok,626.6164481025444,True,True,cluster_01099,train,/home/dheirav/Code/Deepfake_Detection/deepfake-project/dataset_builder/train/ai_generated/flux_topup_000295.jpg
data_sources/ai_generated/FLUX_TopUp/flux_topup_000296.jpg,data_sources/ai_generated/FLUX_TopUp,ai_generated,1024,1024,1.0,JPEG,249611,f16273b291dc8ce70d1e59e4990d813c,2dc836d3579a082d749bc2fb5dc11d00ffca869c26ae403a18bf359f50eca777,1.0,e82d155fba04e761,ok,141.22477405152947,True,True,cluster_01764,train,/home/dheirav/Code/Deepfake_Detection/deepfake-project/dataset_builder/train/ai_generated/flux_topup_000296.jpg
data_sources/ai_generated/FLUX_TopUp/flux_topup_000297.jpg,data_sources/ai_generated/FLUX_TopUp,ai_generated,1024,1024,1.0,JPEG,272599,7858170532b1e9326ffcdf1553808b15,83053435561d9a710d0f467fbda84a349bb3efb8a71f60369b087b1de266d21f,1.0,cc0d789063dff560,ok,527.9820857997402,True,True,cluster_01564,train,/home/dheirav/Code/Deepfake_Detection/deepfake-project/dataset_builder/train/ai_generated/flux_topup_000297.jpg
data_sources/ai_generated/FLUX_TopUp/flux_topup_000301.jpg,data_sources/ai_generated/FLUX_TopUp,ai_generated,1024,1024,1.0,JPEG,227040,288f4f03fe98d686626f9d3a69d14110,589492dc72b43808330f1f6f645edccc4a9ac099e3a1e2c3adc656da648234bf,1.0,8779190b38c770ee,ok,370.8571611351762,True,True,cluster_01954,train,/home/dheirav/Code/Deepfake_Detection/deepfake-project/dataset_builder/train/ai_generated/flux_topup_000301.jpg
data_sources/ai_generated/FLUX_TopUp/flux_topup_000303.jpg,data_sources/ai_generated/FLUX_TopUp,ai_generated,1024,1024,1.0,JPEG,361046,789890d8ede097c00b12813f0e70b779,d74dbfaa892df97821f71e507dff838c8645fe0ffc531fa1229d34153e2b2a71,1.0,f6803dd676d2c28c,ok,1279.207482055782,True,True,cluster_00891,train,/home/dheirav/Code/Deepfake_Detection/deepfake-project/dataset_builder/train/ai_generated/flux_topup_000303.jpg
data_sources/ai_generated/FLUX_TopUp/flux_topup_000304.jpg,data_sources/ai_generated/FLUX_TopUp,ai_generated,1024,1024,1.0,JPEG,227701,62cd9832862a6095db2fc83c38422100,5bef9a72e2b8c5bd3afd6310db9c8cbe3c7cbdf66b1e3cdc4cac5562f8459ab1,1.0,96263e386989e997,ok,101.14735211472362,True,True,cluster_01947,train,/home/dheirav/Code/Deepfake_Detection/deepfake-project/dataset_builder/train/ai_generated/flux_topup_000304.jpg
data_sources/ai_generated/FLUX_TopUp/flux_topup_000305.jpg,data_sources/ai_generated/FLUX_TopUp,ai_generated,1024,1024,1.0,JPEG,271834,e02a42068aade240e9f66e389db5d660,6102aa4d1252053b6bbdf330f5df74ce74a84ec3d7faf51585bd9699e9eb0cda,1.0,c7073c7823f56386,ok,573.4124441700033,True,True,cluster_01575,train,/home/dheirav/Code/Deepfake_Detection/deepfake-project/dataset_builder/train/ai_generated/flux_topup_000305.jpg
data_sources/ai_generated/FLUX_TopUp/flux_topup_000318.jpg,data_sources/ai_generated/FLUX_TopUp,ai_generated,1024,1024,1.0,JPEG,258922,3ae8ee805a27d23d10a47bcea9e48c5c,e578eb8e0a1927ef9c2ef8a7d9858cad96701ec6f6557c070c5c66cbd12fd5ef,1.0,c6112c2776e9ce1d,ok,336.0937690339697,True,True,cluster_01687,train,/home/dheirav/Code/Deepfake_Detection/deepfake-project/dataset_builder/train/ai_generated/flux_topup_000318.jpg
data_sources/ai_generated/FLUX_TopUp/flux_topup_000319.jpg,data_sources/ai_generated/FLUX_TopUp,ai_generated,1024,1024,1.0,JPEG,308824,904bc3deb12f4f7b1ada5a5a630200ad,cc13cba2a0b2eb7c8d5c2074a9f4c300c0967317576521669139a997807c0874,1.0,c181677c52e0b7c7,ok,838.0120135046891,True,True,cluster_01272,train,/home/dheirav/Code/Deepfake_Detection/deepfake-project/dataset_builder/train/ai_generated/flux_topup_000319.jpg
data_sources/ai_generated/FLUX_TopUp/flux_topup_000325.jpg,data_sources/ai_generated/FLUX_TopUp,ai_generated,1024,1024,1.0,JPEG,242206,1cff941bbf7c31b2609785ac617d32aa,ad8a3b757049075e323654d0e2af14ab95ea304586fbbac7c8a7455cddaace17,1.0,93916e6e662b8999,ok,847.06944986926,True,True,cluster_01830,train,/home/dheirav/Code/Deepfake_Detection/deepfake-project/dataset_builder/train/ai_generated/flux_topup_000325.jpg
data_sources/ai_generated/FLUX_TopUp/flux_topup_000333.jpg,data_sources/ai_generated/FLUX_TopUp,ai_generated,1024,1024,1.0,JPEG,284851,ef7e33754d0ce90c13cc7441e23e076a,7dddaa3d8f60fbdb427e3e06688b69884a46841d2428f952f0c9f47e44f6aa50,1.0,82891f5579e36c87,ok,590.6269341048819,True,True,cluster_01470,train,/home/dheirav/Code/Deepfake_Detection/deepfake-project/dataset_builder/train/ai_generated/flux_topup_000333.jpg
data_sources/ai_generated/FLUX_TopUp/flux_topup_000335.jpg,data_sources/ai_generated/FLUX_TopUp,ai_generated,1024,1024,1.0,JPEG,223271,9a58c044de7bafcf136d8c579eb62b89,8cd3d9647d8d65e1365340a47d2c58bc6c6f209522db8d4a05cdf1d9bef78b16,1.0,c6347a584be52cbc,ok,352.79410518530403,True,True,cluster_01987,train,/home/dheirav/Code/Deepfake_Detection/deepfake-project/dataset_builder/train/ai_generated/flux_topup_000335.jpg
data_sources/ai_generated/FLUX_TopUp/flux_topup_000337.jpg,data_sources/ai_generated/FLUX_TopUp,ai_generated,1024,1024,1.0,JPEG,260463,bc7581d1357acea881989770b569a827,656dcff6e10306c681d59223fdff2e71a7f4d82822938f927909235edaf7258c,1.0,ea9481421d43bcff,ok,162.49657683112213,True,True,cluster_01672,train,/home/dheirav/Code/Deepfake_Detection/deepfake-project/dataset_builder/train/ai_generated/flux_topup_000337.jpg
data_sources/ai_generated/FLUX_TopUp/flux_topup_000341.jpg,data_sources/ai_generated/FLUX_TopUp,ai_generated,1024,1024,1.0,JPEG,249242,21ea98d3b74ea5c4a6da13c1d42fc48f,d852c9e0819bfdfc638bc29b5436e41a236a2557bd7fe1169677191a964675b9,1.0,ef9df4d3c34a8c00,ok,253.5600922376288,True,True,cluster_01768,train,/home/dheirav/Code/Deepfake_Detection/deepfake-project/dataset_builder/train/ai_generated/flux_topup_000341.jpg
data_sources/ai_generated/FLUX_TopUp/flux_topup_000344.jpg,data_sources/ai_generated/FLUX_TopUp,ai_generated,1024,1024,1.0,JPEG,260759,896d9b09770c59ea9555a866f570a923,a7d762f75568834ca4abcbeeef8fb3a9ed54bf5127c4650eeb78d2cc65667c38,1.0,ff32c0402bf8f4e1,ok,517.9318316235576,True,True,cluster_01668,train,/home/dheirav/Code/Deepfake_Detection/deepfake-project/dataset_builder/train/ai_generated/flux_topup_000344.jpg
data_sources/ai_generated/FLUX_TopUp/flux_topup_000345.jpg,data_sources/ai_generated/FLUX_TopUp,ai_generated,1024,1024,1.0,JPEG,226222,dc44d5ab2a2d1c4e61e3c37c73e04dd8,26f8283db38dd81cab7a10e882f1f294d973dd32d2f4aa9fde5885efabbbf2a8,1.0,ca94e487ae6aa13d,ok,83.20738170249024,True,True,cluster_01964,train,/home/dheirav/Code/Deepfake_Detection/deepfake-project/dataset_builder/train/ai_generated/flux_topup_000345.jpg
data_sources/ai_generated/FLUX_TopUp/flux_topup_000348.jpg,data_sources/ai_generated/FLUX_TopUp,ai_generated,1024,1024,1.0,JPEG,249583,101f8f6273e54980c4c36fa7cd3c47d5,f12bdf08766c98260c671c288585801c13df6ef77f5722b2a579ea8af3d75183,1.0,ee3e34ea5a80550f,ok,489.2806273165478,True,True,cluster_01765,train,/home/dheirav/Code/Deepfake_Detection/deepfake-project/dataset_builder/train/ai_generated/flux_topup_000348.jpg
data_sources/ai_generated/FLUX_TopUp/flux_topup_000351.jpg,data_sources/ai_generated/FLUX_TopUp,ai_generated,1024,1024,1.0,JPEG,252483,f317b143320461ab3ddd85ba12f39aa4,6e3cd635b1ca8502fdf1c2eda59433e9ee84d5e9336c955875bec571abaad21e,1.0,e1981f63dcb047d1,ok,763.7718206599228,True,True,cluster_01742,train,/home/dheirav/Code/Deepfake_Detection/deepfake-project/dataset_builder/train/ai_generated/flux_topup_000351.jpg
data_sources/ai_generated/FLUX_TopUp/flux_topup_000353.jpg,data_sources/ai_generated/FLUX_TopUp,ai_generated,1024,1024,1.0,JPEG,329553,d1d7f27d3f46b05fba7ee44fd6976030,429ea6097d527e7397de7ee7ff9e64605f2b47ddc37c3ed032d14917ab9eda8a,1.0,b0c30b653dc3b8cb,ok,511.61509582973304,True,True,cluster_01100,train,/home/dheirav/Code/Deepfake_Detection/deepfake-project/dataset_builder/train/ai_generated/flux_topup_000353.jpg
data_sources/ai_generated/FLUX_TopUp/flux_topup_000354.jpg,data_sources/ai_generated/FLUX_TopUp,ai_generated,1024,1024,1.0,JPEG,271656,76471d6a2a63c113d5bad6ba447d5d5b,136dd64383a1747c9cb3dc0864fa5ef415b9dcc026538ec4cb4769875388424b,1.0,ea11955e506e0f67,ok,401.5072553067721,True,True,cluster_01576,train,/home/dheirav/Code/Deepfake_Detection/deepfake-project/dataset_builder/train/ai_generated/flux_topup_000354.jpg
data_sources/ai_generated/FLUX_TopUp/flux_topup_000364.jpg,data_sources/ai_generated/FLUX_TopUp,ai_generated,1024,1024,1.0,JPEG,222771,302613c83db22070b31a656d4bc50c07,16ece56a464adc825c094a5571373a109180981011067b615eb379acd11887f8,1.0,d90d179bbd8f0cc0,ok,81.84004159873803,True,True,cluster_01989,train,/home/dheirav/Code/Deepfake_Detection/deepfake-project/dataset_builder/train/ai_generated/flux_topup_000364.jpg
data_sources/ai_generated/FLUX_TopUp/flux_topup_000365.jpg,data_sources/ai_generated/FLUX_TopUp,ai_generated,1024,1024,1.0,JPEG,245838,2e93eddc59280b4e02e451d6beded0e2,9621dbec3a8ca5b0f24a4e60af303317c6c194c397fb8c72f0bacfab15ff49b1,1.0,c50e7ac5251edb19,ok,207.54910839510558,True,True,cluster_01800,train,/home/dheirav/Code/Deepfake_Detection/deepfake-project/dataset_builder/train/ai_generated/flux_topup_000365.jpg
data_sources/ai_generated/FLUX_TopUp/flux_topup_000368.jpg,data_sources/ai_generated/FLUX_TopUp,ai_generated,1024,1024,1.0,JPEG,281406,af636ea9bd3af693a1759ca4c304e828,fce7b7c16b5ad4c6d11ce3455de9bde87abe3f1794f9d42df1ffdcab04bcf7f4,1.0,c80197fe3972b6c1,ok,287.3329650529049,True,True,cluster_01492,train,/home/dheirav/Code/Deepfake_Detection/deepfake-project/dataset_builder/train/ai_generated/flux_topup_000368.jpg
data_sources/ai_generated/FLUX_TopUp/flux_topup_000370.jpg,data_sources/ai_generated/FLUX_TopUp,ai_generated,1024,1024,1.0,JPEG,309648,4c7b62a30bb2b112aaae463037e7e318,386b5ffdaba905fd91ef9252b2a18767fb4f8948268e2df64d633b852c2881e2,1.0,c7b73a91a11496d3,ok,400.6422796581718,True,True,cluster_01261,train,/home/dheirav/Code/Deepfake_Detection/deepfake-project/dataset_builder/train/ai_generated/flux_topup_000370.jpg
data_sources/ai_generated/FLUX_TopUp/flux_topup_000371.jpg,data_sources/ai_generated/FLUX_TopUp,ai_generated,1024,1024,1.0,JPEG,283307,c102f4692dc83b5e98a771af3e95edb6,1a876a1b9c15bb336fa5c7b4344285de70035e301df994bb34eb7c4937d4e76a,1.0,def46140c7d498d3,ok,489.6455085137277,True,True,cluster_01482,train,/home/dheirav/Code/Deepfake_Detection/deepfake-project/dataset_builder/train/ai_generated/flux_topup_000371.jpg
data_sources/ai_generated/FLUX_TopUp/flux_topup_000374.jpg,data_sources/ai_generated/FLUX_TopUp,ai_generated,1024,1024,1.0,JPEG,274980,5e504f937da0e633995e1a39a09274d8,982309250d2c3e8469fc0fddc6981021e77bd2131a8e97712adc9fe3cc66c641,1.0,c0971f5d7f2a6580,ok,203.82248989192516,True,True,cluster_01544,train,/home/dheirav/Code/Deepfake_Detection/deepfake-project/dataset_builder/train/ai_generated/flux_topup_000374.jpg
data_sources/ai_generated/FLUX_TopUp/flux_topup_000378.jpg,data_sources/ai_generated/FLUX_TopUp,ai_generated,1024,1024,1.0,JPEG,229500,5497eb4dbb44b029c6c90faf69635e2e,b650e748f0e5a68fffe94bc0cfe96162fa291468c7b7a295b63ffdb9cc55904f,1.0,ccc7381c33793965,ok,937.9678343770856,True,True,cluster_01936,train,/home/dheirav/Code/Deepfake_Detection/deepfake-project/dataset_builder/train/ai_generated/flux_topup_000378.jpg
data_sources/ai_generated/FLUX_TopUp/flux_topup_000380.jpg,data_sources/ai_generated/FLUX_TopUp,ai_generated,1024,1024,1.0,JPEG,255707,7f8c009a59768c459c98bdffbea01132,6fec34bdaac36e0e6f1c85c5724b71c7fceb1c984114b9e19e2cc2b377669c00,1.0,b19bb28f5c3cc990,ok,644.7120543426389,True,True,cluster_01710,train,/home/dheirav/Code/Deepfake_Detection/deepfake-project/dataset_builder/train/ai_generated/flux_topup_000380.jpg
data_sources/ai_generated/FLUX_TopUp/flux_topup_000382.jpg,data_sources/ai_generated/FLUX_TopUp,ai_generated,1024,1024,1.0,JPEG,327665,d0fa61930b5214c74260df833e9d30c7,4e9d704842824c048c98479e93a54f5a1413a0ff32bf9492da6d3a57a3e3098a,1.0,988645af6ad83abc,ok,680.6628931192099,True,True,cluster_01108,train,/home/dheirav/Code/Deepfake_Detection/deepfake-project/dataset_builder/train/ai_generated/flux_topup_000382.jpg
data_sources/ai_generated/FLUX_TopUp/flux_topup_000385.jpg,data_sources/ai_generated/FLUX_TopUp,ai_generated,1024,1024,1.0,JPEG,241676,3120435cdd3cf8b1737b66e0f634089c,70951d8272cb8bfd0f177a7d4ce89a829cb85696ea4101e1fdb2b363c8f0e456,1.0,86cecc84f6aa16e3,ok,394.21777209600896,True,True,cluster_01839,train,/home/dheirav/Code/Deepfake_Detection/deepfake-project/dataset_builder/train/ai_generated/flux_topup_000385.jpg
data_sources/ai_generated/FLUX_TopUp/flux_topup_000399.jpg,data_sources/ai_generated/FLUX_TopUp,ai_generated,1024,1024,1.0,JPEG,229138,035460f93ade068d01679c3270270d01,559829f5e2d265035ab689796f396824a5ce6cee8927c154a878d8c870cd7b9b,1.0,b5a6165928e9ea4e,ok,183.98269883447117,True,True,cluster_01942,train,/home/dheirav/Code/Deepfake_Detection/deepfake-project/dataset_builder/train/ai_generated/flux_topup_000399.jpg
data_sources/ai_generated/FLUX_TopUp/flux_topup_000404.jpg,data_sources/ai_generated/FLUX_TopUp,ai_generated,1024,1024,1.0,JPEG,252521,fabe7138b93f6be28c5b2876e86a7f12,8f6565f3ade7b54b9c9c1b375ce9177dbab83298dfd4451569db3a7edc4d56aa,1.0,cc6c09f131db37c8,ok,478.9884676313949,True,True,cluster_01741,train,/home/dheirav/Code/Deepfake_Detection/deepfake-project/dataset_builder/train/ai_generated/flux_topup_000404.jpg
data_sources/ai_generated/FLUX_TopUp/flux_topup_000407.jpg,data_sources/ai_generated/FLUX_TopUp,ai_generated,1024,1024,1.0,JPEG,253577,9e5d9ff3c16bad47388409e53ac8461a,7765924ca5de65f3c0bfaf2321c233083e3e9a58ac3f61a4f402c84fa59746d0,1.0,c4c1e3f3d9396a0c,ok,1270.3511524169842,True,True,cluster_01728,train,/home/dheirav/Code/Deepfake_Detection/deepfake-project/dataset_builder/train/ai_generated/flux_topup_000407.jpg
data_sources/ai_generated/FLUX_TopUp/flux_topup_000411.jpg,data_sources/ai_generated/FLUX_TopUp,ai_generated,1024,1024,1.0,JPEG,279180,747f8cb0aebee69e7ba002c970458ee1,c492ace8c7bcaf0d752d4a11b2c966c45e9c0200920a303d99e3409e042f258c,1.0,c2d1d1c42dae0ed7,ok,955.0415493007167,True,True,cluster_01509,train,/home/dheirav/Code/Deepfake_Detection/deepfake-project/dataset_builder/train/ai_generated/flux_topup_000411.jpg
data_sources/ai_generated/FLUX_TopUp/flux_topup_000416.jpg,data_sources/ai_generated/FLUX_TopUp,ai_generated,1024,1024,1.0,JPEG,242077,3eddaf9476a05d6c0e0f7a11755528c4,20e91b6f7c17113a2e0fc597322a0dd2460bf5e08744a6e5abc2289d3d0060a2,1.0,c0333fe6b00dc772,ok,758.146670281887,True,True,cluster_01834,train,/home/dheirav/Code/Deepfake_Detection/deepfake-project/dataset_builder/train/ai_generated/flux_topup_000416.jpg
data_sources/ai_generated/FLUX_TopUp/flux_topup_000420.jpg,data_sources/ai_generated/FLUX_TopUp,ai_generated,1024,1024,1.0,JPEG,298550,3bd535489466d62866a12d6563eba247,d18d5f608263c13b541462403f93460161d40d099a73d9260a2b6ac8bf7f48ef,1.0,d63fc16499f10ae4,ok,264.67990525923864,True,True,cluster_01361,train,/home/dheirav/Code/Deepfake_Detection/deepfake-project/dataset_builder/train/ai_generated/flux_topup_000420.jpg
data_sources/ai_generated/FLUX_TopUp/flux_topup_000430.jpg,data_sources/ai_generated/FLUX_TopUp,ai_generated,1024,1024,1.0,JPEG,385522,ba2917f67c55db2003762b3b244cca0d,056a9b2d536001a4f63849ff457d4710fbe38c2595e1b0eaad29711de2372e89,1.0,959171234f333b6c,ok,1336.4322573431555,True,True,cluster_00748,train,/home/dheirav/Code/Deepfake_Detection/deepfake-project/dataset_builder/train/ai_generated/flux_topup_000430.jpg
data_sources/ai_generated/FLUX_TopUp/flux_topup_000437.jpg,data_sources/ai_generated/FLUX_TopUp,ai_generated,1024,1024,1.0,JPEG,226904,c1d9f8c7ae8f4ff337b6bb57f17b8ad2,1d487ed8152323a510be406c2c00e125e2d2c1e10a3e45182e8b3a78a7d0e6cb,1.0,f2e7c80cf231cde0,ok,674.7717951243831,True,True,cluster_01955,train,/home/dheirav/Code/Deepfake_Detection/deepfake-project/dataset_builder/train/ai_generated/flux_topup_000437.jpg
data_sources/ai_generated/FLUX_TopUp/flux_topup_000445.jpg,data_sources/ai_generated/FLUX_TopUp,ai_generated,1024,1024,1.0,JPEG,243781,804a729b94d34c4b3f93c6013658073e,71cba79fb81e9be39b96b439c077ed1ac2e7e89c60f784b93dfcfc2679848a33,1.0,98bc4747428893ff,ok,282.8173929052272,True,True,cluster_01817,train,/home/dheirav/Code/Deepfake_Detection/deepfake-project/dataset_builder/train/ai_generated/flux_topup_000445.jpg
data_sources/ai_generated/FLUX_TopUp/flux_topup_000448.jpg,data_sources/ai_generated/FLUX_TopUp,ai_generated,1024,1024,1.0,JPEG,264089,12213159ab6113d6d00b8195a08860c1,53e1047fe3787f042bb37f9dbde446e96c4a54b2b9367ecc51064a7406384594,1.0,9696dcc99a399127,ok,190.9583456303071,True,True,cluster_01643,train,/home/dheirav/Code/Deepfake_Detection/deepfake-project/dataset_builder/train/ai_generated/flux_topup_000448.jpg
data_sources/ai_generated/FLUX_TopUp/flux_topup_000450.jpg,data_sources/ai_generated/FLUX_TopUp,ai_generated,1024,1024,1.0,JPEG,273935,8c15712eddab92a94856bf9399cc2621,46f4bc41b65ad4f6aae9b1859d1b150ac4e13cb602ed1336646980eaa29aa8d9,1.0,b383c6cdcc96c9a8,ok,1053.157980271396,True,True,cluster_01553,train,/home/dheirav/Code/Deepfake_Detection/deepfake-project/dataset_builder/train/ai_generated/flux_topup_000450.jpg
data_sources/ai_generated/FLUX_TopUp/flux_topup_000452.jpg,data_sources/ai_generated/FLUX_TopUp,ai_generated,1024,1024,1.0,JPEG,271259,6c83f5727b3eaf064b100e09d10ac3b4,ea95e3cb0ebc0b1c2dc0f0f5a26e8b2a8febad9928b53f9be2319704de90a4cb,1.0,91cbc3a3a36278f4,ok,178.17370406494229,True,True,cluster_01579,train,/home/dheirav/Code/Deepfake_Detection/deepfake-project/dataset_builder/train/ai_generated/flux_topup_000452.jpg
data_sources/ai_generated/FLUX_TopUp/flux_topup_000463.jpg,data_sources/ai_generated/FLUX_TopUp,ai_generated,1024,1024,1.0,JPEG,229591,b6b5295ff7655b46cd67c0190db18acb,58617bf0cab854455da9f188f0156704e95c476d5a2d5a2ec644f6ab8247898f,1.0,dae94104c7df1e70,ok,205.11401371244477,True,True,cluster_01935,train,/home/dheirav/Code/Deepfake_Detection/deepfake-project/dataset_builder/train/ai_generated/flux_topup_000463.jpg
data_sources/ai_generated/FLUX_TopUp/flux_topup_000464.jpg,data_sources/ai_generated/FLUX_TopUp,ai_generated,1024,1024,1.0,JPEG,254015,d719b44e85d53a84070286d25ae055a5,d0484d8e92043c2595278c371046ac8ce9c298b0ba8b519fa23ac8a1bc1cc39f,1.0,94e1d045735b6eb8,ok,205.97684159356868,True,True,cluster_01723,train,/home/dheirav/Code/Deepfake_Detection/deepfake-project/dataset_builder/train/ai_generated/flux_topup_000464.jpg
data_sources/ai_generated/FLUX_TopUp/flux_topup_000466.jpg,data_sources/ai_generated/FLUX_TopUp,ai_generated,1024,1024,1.0,JPEG,241801,7127a95b2a0601178b8d3aa17e665fb8,21011c5fa4a71e9a7277526a55e6f211eb4968e663c9c1819a94074998e6834e,1.0,82391b47c75efc18,ok,114.11132875234668,True,True,cluster_01838,train,/home/dheirav/Code/Deepfake_Detection/deepfake-project/dataset_builder/train/ai_generated/flux_topup_000466.jpg
data_sources/ai_generated/FLUX_TopUp/flux_topup_000467.jpg,data_sources/ai_generated/FLUX_TopUp,ai_generated,1024,1024,1.0,JPEG,238346,fc7836f553f872dcefb7bdbc80278dc1,581f40b0b5ff2a8ea0ed2f639821e2d72a3b55eecea43286de6b857cf01344e3,1.0,93897e76b26d3430,ok,295.83711786384714,True,True,cluster_01873,train,/home/dheirav/Code/Deepfake_Detection/deepfake-project/dataset_builder/train/ai_generated/flux_topup_000467.jpg
data_sources/ai_generated/FLUX_TopUp/flux_topup_000468.jpg,data_sources/ai_generated/FLUX_TopUp,ai_generated,1024,1024,1.0,JPEG,222112,a6af013f8099f8196fa8bb33e6bba75f,15ca61f2a8af4e0e868623e42746c78a5aa5902c1a6059808618f48e215db736,1.0,89e9744747c2d61d,ok,121.54211935933199,True,True,cluster_01995,train,/home/dheirav/Code/Deepfake_Detection/deepfake-project/dataset_builder/train/ai_generated/flux_topup_000468.jpg
data_sources/ai_generated/FLUX_TopUp/flux_topup_000475.jpg,data_sources/ai_generated/FLUX_TopUp,ai_generated,1024,1024,1.0,JPEG,264100,db58ae244520e12989d227f7eddf4e8f,b1ac0240e7173147258ab88097bf9b9c783764850eda4af4e4295cde90d86e15,1.0,cdb5721a36e430e6,ok,610.2911534780787,True,True,cluster_01642,train,/home/dheirav/Code/Deepfake_Detection/deepfake-project/dataset_builder/train/ai_generated/flux_topup_000475.jpg
data_sources/ai_generated/FLUX_TopUp/flux_topup_000477.jpg,data_sources/ai_generated/FLUX_TopUp,ai_generated,1024,1024,1.0,JPEG,306781,9c71f2ab872fbbf3a4584d1a15a2b3bd,68e7d56193b0434bad9b6940714ab78a82fa9a7c423c3fafa47add809fbca081,1.0,95a64a5ba96c7594,ok,894.6303206398695,True,True,cluster_01293,train,/home/dheirav/Code/Deepfake_Detection/deepfake-project/dataset_builder/train/ai_generated/flux_topup_000477.jpg
data_sources/ai_generated/FLUX_TopUp/flux_topup_000479.jpg,data_sources/ai_generated/FLUX_TopUp,ai_generated,1024,1024,1.0,JPEG,395389,c67d6c6070e34c5a944f69a915389397,a05ae9fe4ffb66a8cbf32b46dda4344f99f55ac1514624b5b798e1ac6952fe3b,1.0,99185bad722d617a,ok,1303.1544163370045,True,True,cluster_00689,train,/home/dheirav/Code/Deepfake_Detection/deepfake-project/dataset_builder/train/ai_generated/flux_topup_000479.jpg
data_sources/ai_generated/FLUX_TopUp/flux_topup_000483.jpg,data_sources/ai_generated/FLUX_TopUp,ai_generated,1024,1024,1.0,JPEG,298492,ba01ec559d32b3292e8f0a4bf2aa2510,5a1e0d7a2c9aab94f44a1b596feb362ed4352d135e2be8726da839f4be688413,1.0,ce196ba539ca30e6,ok,1045.034978498923,True,True,cluster_01362,train,/home/dheirav/Code/Deepfake_Detection/deepfake-project/dataset_builder/train/ai_generated/flux_topup_000483.jpg
data_sources/ai_generated/FLUX_TopUp/flux_topup_000485.jpg,data_sources/ai_generated/FLUX_TopUp,ai_generated,1024,1024,1.0,JPEG,247666,cafa2bd6afddb8b5af1d4f14af05ec7f,eec43a8804166013ea5683cad0f4b5acccdb71f73287dc0a78f6bbf176a54827,1.0,91e03c6b1a9fcc27,ok,297.28192948412834,True,True,cluster_01781,train,/home/dheirav/Code/Deepfake_Detection/deepfake-project/dataset_builder/train/ai_generated/flux_topup_000485.jpg
data_sources/ai_generated/FLUX_TopUp/flux_topup_000490.jpg,data_sources/ai_generated/FLUX_TopUp,ai_generated,1024,1024,1.0,JPEG,269421,f5d1f97730f303590188ee64b9b69a72,3575d3a1fc4ecdc6b34cc0094eaf7da8f1abe48acb4dd4f3d53b25b80d9041e3,1.0,d8d067299c362773,ok,406.2966574929742,True,True,cluster_01590,train,/home/dheirav/Code/Deepfake_Detection/deepfake-project/dataset_builder/train/ai_generated/flux_topup_000490.jpg
data_sources/ai_generated/FLUX_TopUp/flux_topup_000493.jpg,data_sources/ai_generated/FLUX_TopUp,ai_generated,1024,1024,1.0,JPEG,225836,863218dca0a63cbad5d60cb608bb805c,508eec6e6c778e9ed9494bea82dae64bdd10f676cea1896daa5493648b210ec1,1.0,b1b80ec264bdb936,ok,441.7308907256364,True,True,cluster_01965,train,/home/dheirav/Code/Deepfake_Detection/deepfake-project/dataset_builder/train/ai_generated/flux_topup_000493.jpg
data_sources/ai_generated/FLUX_TopUp/flux_topup_000498.jpg,data_sources/ai_generated/FLUX_TopUp,ai_generated,1024,1024,1.0,JPEG,293995,1c752a32f29b0b023654f4fddf3bc7c8,acbca9560679c70eae47f41a9df4bce038541d9a99de20e5ad8aed3eb4691972,1.0,e9a6cc8d1adb90b8,ok,1597.7885976549587,True,True,cluster_01386,train,/home/dheirav/Code/Deepfake_Detection/deepfake-project/dataset_builder/train/ai_generated/flux_topup_000498.jpg
data_sources/ai_generated/FLUX_TopUp/flux_topup_000500.jpg,data_sources/ai_generated/FLUX_TopUp,ai_generated,1024,1024,1.0,JPEG,273453,6fa49b530846b6441035d9d0b3b5f132,9068175fc7de21282234ba7fd92d03c8837502098d463aa4c50faeecb601b8b9,1.0,c0cb3f3c7c706165,ok,3853.578376968533,True,True,cluster_01558,train,/home/dheirav/Code/Deepfake_Detection/deepfake-project/dataset_builder/train/ai_generated/flux_topup_000500.jpg
data_sources/ai_generated/FLUX_TopUp/flux_topup_000501.jpg,data_sources/ai_generated/FLUX_TopUp,ai_generated,1024,1024,1.0,JPEG,378777,0b8a8358785a5d1ada67f6f33059dcf1,195f16fdda9a809a9b4e41809ee026609b89e9c0faf0c1f322883f6dc31069e9,1.0,ec9d9cc6f1628613,ok,2619.642833690329,True,True,cluster_00785,train,/home/dheirav/Code/Deepfake_Detection/deepfake-project/dataset_builder/train/ai_generated/flux_topup_000501.jpg
data_sources/ai_generated/FLUX_TopUp/flux_topup_000508.jpg,data_sources/ai_generated/FLUX_TopUp,ai_generated,1024,1024,1.0,JPEG,224049,30cc3bbe2abe254f3bf0bc420a84bce1,c078a3643aba890a045baccf6d9c3de450db6ee8399958535921b2d2796a9114,1.0,99cd66729a9c246b,ok,280.17256484925747,True,True,cluster_01981,train,/home/dheirav/Code/Deepfake_Detection/deepfake-project/dataset_builder/train/ai_generated/flux_topup_000508.jpg
data_sources/ai_generated/FLUX_TopUp/flux_topup_000513.jpg,data_sources/ai_generated/FLUX_TopUp,ai_generated,1024,1024,1.0,JPEG,518847,a300414ee65bdc8b068b10b91664e6f8,d0932d87e98b6a0ce82d07ef9b3b79dd1d284bb565cb0d0a35d69988d017140e,1.0,938c4cb34b2db993,ok,3145.8158093564994,True,True,cluster_00121,train,/home/dheirav/Code/Deepfake_Detection/deepfake-project/dataset_builder/train/ai_generated/flux_topup_000513.jpg
data_sources/ai_generated/FLUX_TopUp/flux_topup_000515.jpg,data_sources/ai_generated/FLUX_TopUp,ai_generated,1024,1024,1.0,JPEG,353559,f9b6196781939f401e5d0f8a295429a1,6cb2a2b90037137494c0d66849ce3e83aa8b313c85d0b4ddbacbb415c5d56d6a,1.0,9398c999e613e29e,ok,1081.7820421210345,True,True,cluster_00932,train,/home/dheirav/Code/Deepfake_Detection/deepfake-project/dataset_builder/train/ai_generated/flux_topup_000515.jpg
data_sources/ai_generated/FLUX_TopUp/flux_topup_000519.jpg,data_sources/ai_generated/FLUX_TopUp,ai_generated,1024,1024,1.0,JPEG,235947,3f14c61ee9ff56717dfd4c4811e3c1d8,a40b5a2588adc06e71ce67dd86992e7684c1608e6b65940d30038a64e29649a3,1.0,a3a49afa9e396914,ok,639.976887869994,True,True,cluster_01889,train,/home/dheirav/Code/Deepfake_Detection/deepfake-project/dataset_builder/train/ai_generated/flux_topup_000519.jpg
data_sources/ai_generated/FLUX_TopUp/flux_topup_000524.jpg,data_sources/ai_generated/FLUX_TopUp,ai_generated,1024,1024,1.0,JPEG,258057,86e2162d648d864d69b41e33d191f453,7e347ec3872e0ab2e5bb24a0ddccda0d5d425bd0895e611d077eed8090fb3d72,1.0,999b26b6683926d9,ok,197.62341224424648,True,True,cluster_01693,train,/home/dheirav/Code/Deepfake_Detection/deepfake-project/dataset_builder/train/ai_generated/flux_topup_000524.jpg
data_sources/ai_generated/FLUX_TopUp/flux_topup_000526.jpg,data_sources/ai_generated/FLUX_TopUp,ai_generated,1024,1024,1.0,JPEG,271933,8427f9d904fea4d4c2a0f0a29e41ee65,1a8bf6d2c7a2333dc04ed66672769f762609ae96e38992137260641d6c8744a3,1.0,989d69235bd29c27,ok,708.5858644112584,True,True,cluster_01574,train,/home/dheirav/Code/Deepfake_Detection/deepfake-project/dataset_builder/train/ai_generated/flux_topup_000526.jpg
data_sources/ai_generated/FLUX_TopUp/flux_topup_000530.jpg,data_sources/ai_generated/FLUX_TopUp,ai_generated,1024,1024,1.0,JPEG,261105,da1b1b5811678de7681fa4eacf4e7de3,257081876f7bedbca17905a476d95dbcb4832a9d0bb477cb67fb3dbf0708c06d,1.0,969b696d2c723296,ok,262.48740166665715,True,True,cluster_01665,train,/home/dheirav/Code/Deepfake_Detection/deepfake-project/dataset_builder/train/ai_generated/flux_topup_000530.jpg
data_sources/ai_generated/FLUX_TopUp/flux_topup_000531.jpg,data_sources/ai_generated/FLUX_TopUp,ai_generated,1024,1024,1.0,JPEG,337224,05b91d88968543c5ef6d82c136d50f60,223ba32c2d9e4ad0ac26191bb307589d81f8b1658235c73660389e8171b1cc5a,1.0,95ca8d8cdba56c34,ok,1242.61365110903,True,True,cluster_01041,train,/home/dheirav/Code/Deepfake_Detection/deepfake-project/dataset_builder/train/ai_generated/flux_topup_000531.jpg
data_sources/ai_generated/FLUX_TopUp/flux_topup_000538.jpg,data_sources/ai_generated/FLUX_TopUp,ai_generated,1024,1024,1.0,JPEG,433684,55ee08ddee078ed71816e571b853a795,91a2d82cc56ae410615278562d3d2bb248d2b0e6d98860499598d17684731b09,1.0,996266dccd98cc8b,ok,1364.1507526325795,True,True,cluster_00458,train,/home/dheirav/Code/Deepfake_Detection/deepfake-project/dataset_builder/train/ai_generated/flux_topup_000538.jpg
data_sources/ai_generated/FLUX_TopUp/flux_topup_000550.jpg,data_sources/ai_generated/FLUX_TopUp,ai_generated,1024,1024,1.0,JPEG,230487,2d8873ed573e08b1e42ea23c563c5500,fa22f8de23a843954c0b37c8a801caea0a3f204d8041dbdd8339b831cfbba32d,1.0,c0e032734c59b7b7,ok,1054.6193090182996,True,True,cluster_01930,train,/home/dheirav/Code/Deepfake_Detection/deepfake-project/dataset_builder/train/ai_generated/flux_topup_000550.jpg
data_sources/ai_generated/FLUX_TopUp/flux_topup_000553.jpg,data_sources/ai_generated/FLUX_TopUp,ai_generated,1024,1024,1.0,JPEG,330536,b37eaf980a53772cbeedff072dbfd809,fe2e74c6e556e5a0f81fb211d40bc43188f1e22aa6a1b9f9852159bf315dec6d,1.0,add08f8a96b7c08b,ok,2172.458491727105,True,True,cluster_01094,train,/home/dheirav/Code/Deepfake_Detection/deepfake-project/dataset_builder/train/ai_generated/flux_topup_000553.jpg
data_sources/ai_generated/FLUX_TopUp/flux_topup_000567.jpg,data_sources/ai_generated/FLUX_TopUp,ai_generated,1024,1024,1.0,JPEG,549235,21cf0647dfbbfcb6f25ff6a8c0b760af,a93329f99375fff371fc92d6be8f64125316441b614c6699d33aac233dca9bdb,1.0,f2c5e5c539c9aa30,ok,999.736123664883,True,True,cluster_00064,train,/home/dheirav/Code/Deepfake_Detection/deepfake-project/dataset_builder/train/ai_generated/flux_topup_000567.jpg
data_sources/ai_generated/FLUX_TopUp/flux_topup_000569.jpg,data_sources/ai_generated/FLUX_TopUp,ai_generated,1024,1024,1.0,JPEG,492910,3e5b4bf31f3b39085a1d9c79aca90fb5,50fdb0a3c8566848c556f886a88fecc7d23ac90d9c87abd9a3f8b96e3b660bba,1.0,d4d04ace6d3d2437,ok,3853.142606412437,True,True,cluster_00202,train,/home/dheirav/Code/Deepfake_Detection/deepfake-project/dataset_builder/train/ai_generated/flux_topup_000569.jpg
data_sources/ai_generated/FLUX_TopUp/flux_topup_000571.jpg,data_sources/ai_generated/FLUX_TopUp,ai_generated,1024,1024,1.0,JPEG,323023,f82fe2154b6d74e533db7d77cb18b87c,4d4c918ccb01de74fbb5f65278c4f3c85e6f1bc4a76eadc205dad0826c072f11,1.0,9b966d18c687656c,ok,202.95104029170665,True,True,cluster_01154,train,/home/dheirav/Code/Deepfake_Detection/deepfake-project/dataset_builder/train/ai_generated/flux_topup_000571.jpg
data_sources/ai_generated/FLUX_TopUp/flux_topup_000572.jpg,data_sources/ai_generated/FLUX_TopUp,ai_generated,1024,1024,1.0,JPEG,535406,5d2302a0dd3f1c97f43a0740463436ad,53f74420648ba84efd728dd3efd48ae2fdeb5e3278437cdfe55a36a3bb07a7ae,1.0,fad7f10fc50c404d,ok,1687.2081912567874,True,True,cluster_00089,train,/home/dheirav/Code/Deepfake_Detection/deepfake-project/dataset_builder/train/ai_generated/flux_topup_000572.jpg
data_sources/ai_generated/FLUX_TopUp/flux_topup_000575.jpg,data_sources/ai_generated/FLUX_TopUp,ai_generated,1024,1024,1.0,JPEG,747533,29c011221da0564f1d9f266358e1dc29,e9085c2e51ecc1e019eaba8f0b14e8b736c05f37006a49de9f7c63e8263eb5d2,1.0,f6088e5c67fca912,ok,4210.608356656026,True,True,cluster_00002,train,/home/dheirav/Code/Deepfake_Detection/deepfake-project/dataset_builder/train/ai_generated/flux_topup_000575.jpg
data_sources/ai_generated/FLUX_TopUp/flux_topup_000580.jpg,data_sources/ai_generated/FLUX_TopUp,ai_generated,1024,1024,1.0,JPEG,232304,78b974e5d8f564dbb19e3092bfa3195f,190e20c3e69833edbdf6f3033ef817d9e8c789960829161cc3ea8240a9ebcbe2,1.0,e090c3965ac7d8ed,ok,839.9199217250825,True,True,cluster_01918,train,/home/dheirav/Code/Deepfake_Detection/deepfake-project/dataset_builder/train/ai_generated/flux_topup_000580.jpg
data_sources/ai_generated/FLUX_TopUp/flux_topup_000581.jpg,data_sources/ai_generated/FLUX_TopUp,ai_generated,1024,1024,1.0,JPEG,604702,421180297297594650511d1cdb3731ea,699f02b74abdc11979e3e3695741db460d4d800c54607aa90b35841546b25ee7,1.0,f768b54a31cc8b58,ok,1741.9609956193267,True,True,cluster_00015,train,/home/dheirav/Code/Deepfake_Detection/deepfake-project/dataset_builder/train/ai_generated/flux_topup_000581.jpg
data_sources/ai_generated/FLUX_TopUp/flux_topup_000584.jpg,data_sources/ai_generated/FLUX_TopUp,ai_generated,1024,1024,1.0,JPEG,534991,690899f6e903190d19791f1a960387f4,bde4ce91640ee820583241271c18c9ae20df16a5061dea6fbaccf49a029875e6,1.0,bfd8a834b02583f3,ok,2432.979240485153,True,True,cluster_00091,train,/home/dheirav/Code/Deepfake_Detection/deepfake-project/dataset_builder/train/ai_generated/flux_topup_000584.jpg
data_sources/ai_generated/FLUX_TopUp/flux_topup_000585.jpg,data_sources/ai_generated/FLUX_TopUp,ai_generated,1024,1024,1.0,JPEG,673089,6c2c1f787b79022426048ffea40e74de,b9098577603e6419a95528f0debe855b5bf168b2fb19b7dfb7154a8ba368f1a0,1.0,f6b1c19bce642646,ok,2563.9978281002113,True,True,cluster_00005,train,/home/dheirav/Code/Deepfake_Detection/deepfake-project/dataset_builder/train/ai_generated/flux_topup_000585.jpg
data_sources/ai_generated/FLUX_TopUp/flux_topup_000587.jpg,data_sources/ai_generated/FLUX_TopUp,ai_generated,1024,1024,1.0,JPEG,767690,c20622ed68df1496bf22589f51f5abfc,766fd3d73df33d510c6ec21ba8b89e467cb0216ee2a9894685467ed5bc562d47,1.0,94f5b1ea519b3027,ok,4057.664172049612,True,True,cluster_00001,train,/home/dheirav/Code/Deepfake_Detection/deepfake-project/dataset_builder/train/ai_generated/flux_topup_000587.jpg
data_sources/ai_generated/FLUX_TopUp/flux_topup_000589.jpg,data_sources/ai_generated/FLUX_TopUp,ai_generated,1024,1024,1.0,JPEG,408538,eecc47f4def014b46fae5c4f7b7470cd,ea58208fc4a70ba356c24e1d9bcc4d540746702b673b5fb3ff69d36df0354420,1.0,90e87a5d30e9969b,ok,1548.9424540105747,True,True,cluster_00615,train,/home/dheirav/Code/Deepfake_Detection/deepfake-project/dataset_builder/train/ai_generated/flux_topup_000589.jpg
data_sources/ai_generated/FLUX_TopUp/flux_topup_000590.jpg,data_sources/ai_generated/FLUX_TopUp,ai_generated,1024,1024,1.0,JPEG,374414,4e1431c5de4521e697b5c6ac9de5002f,012429a3a6631f6aaef3d9ce47730ba032396765ad90abd5dc58eb9ef1d0d910,1.0,f8e4643369b23663,ok,1367.1112751475262,True,True,cluster_00807,train,/home/dheirav/Code/Deepfake_Detection/deepfake-project/dataset_builder/train/ai_generated/flux_topup_000590.jpg
data_sources/ai_generated/FLUX_TopUp/flux_topup_000591.jpg,data_sources/ai_generated/FLUX_TopUp,ai_generated,1024,1024,1.0,JPEG,590724,e4725f314fb4904f4b493b34f1ff4f72,b75e123bed8f579f74b6239f340516f46e457843924c9f8f3c72136bacff02ef,1.0,f290c0fdb4764f18,ok,2048.1786438845447,True,True,cluster_00031,train,/home/dheirav/Code/Deepfake_Detection/deepfake-project/dataset_builder/train/ai_generated/flux_topup_000591.jpg
data_sources/ai_generated/FLUX_TopUp/flux_topup_000593.jpg,data_sources/ai_generated/FLUX_TopUp,ai_generated,1024,1024,1.0,JPEG,256457,2904e1ecc0c89122676f488aca392787,e75dcded90db946a5706124ed101f0ebaca4825f4e7df2161e4234398ce7dad0,1.0,eff2218d68e4f01a,ok,374.57757902099456,True,True,cluster_01704,train,/home/dheirav/Code/Deepfake_Detection/deepfake-project/dataset_builder/train/ai_generated/flux_topup_000593.jpg
data_sources/ai_generated/FLUX_TopUp/flux_topup_000594.jpg,data_sources/ai_generated/FLUX_TopUp,ai_generated,1024,1024,1.0,JPEG,309286,cf6e016adb00ee4e623a7396d2097c73,f1dfd3ec3114ca03d2c833fa70f26c2c3320af8e0fd7d179501ad38ab48ec15a,1.0,adb52e8b42a1dd94,ok,625.0177234157309,True,True,cluster_01267,train,/home/dheirav/Code/Deepfake_Detection/deepfake-project/dataset_builder/train/ai_generated/flux_topup_000594.jpg
data_sources/ai_generated/FLUX_TopUp/flux_topup_000595.jpg,data_sources/ai_generated/FLUX_TopUp,ai_generated,1024,1024,1.0,JPEG,436587,90cf63d4f06401124795b9bac4f8dc27,0dc0e0d69bf60263a69ce74aa126bd4685e7442a9136bf3df7de812c97c0b892,1.0,9a8da6499d966959,ok,1412.0712021007557,True,True,cluster_00446,train,/home/dheirav/Code/Deepfake_Detection/deepfake-project/dataset_builder/train/ai_generated/flux_topup_000595.jpg
data_sources/ai_generated/FLUX_TopUp/flux_topup_000598.jpg,data_sources/ai_generated/FLUX_TopUp,ai_generated,1024,1024,1.0,JPEG,349448,9a4a630998115e4c346a2cbaaa360f67,2a2fcb8821624796bc9f0d996404b5d0a158e5fb91dd99e97e0f4492d8a8fc4d,1.0,a1562b70d41fe873,ok,1384.4213670514873,True,True,cluster_00957,train,/home/dheirav/Code/Deepfake_Detection/deepfake-project/dataset_builder/train/ai_generated/flux_topup_000598.jpg
data_sources/ai_generated/FLUX_TopUp/flux_topup_000602.jpg,data_sources/ai_generated/FLUX_TopUp,ai_generated,1024,1024,1.0,JPEG,422333,5ff4fabe6905b577d4e0db4e7fcfc91b,706d236f43921b1dfb40d174bc96079a7eba467ed022c8e6deebe169e5b1c136,1.0,a1aa8c9c95c3f33a,ok,1484.4132201430875,True,True,cluster_00531,train,/home/dheirav/Code/Deepfake_Detection/deepfake-project/dataset_builder/train/ai_generated/flux_topup_000602.jpg
data_sources/ai_generated/FLUX_TopUp/flux_topup_000610.jpg,data_sources/ai_generated/FLUX_TopUp,ai_generated,1024,1024,1.0,JPEG,302642,e7335088b37584b884b45e5d2f7f3743,7b67ac8c0e0a6d220a833a071af76b993c8a150451003334ebf76d7610ba535f,1.0,ccdc33261b3b3623,ok,279.0262528356679,True,True,cluster_01324,train,/home/dheirav/Code/Deepfake_Detection/deepfake-project/dataset_builder/train/ai_generated/flux_topup_000610.jpg
data_sources/ai_generated/FLUX_TopUp/flux_topup_000612.jpg,data_sources/ai_generated/FLUX_TopUp,ai_generated,1024,1024,1.0,JPEG,377274,cc3d371438b2971d8ac15aba15b797f4,c3d965699107a1052b97933c435b5bf8adc1978bc9f50ad8819b65dd0b8d1f6f,1.0,d18f3afc2c1c6b82,ok,2883.202008493531,True,True,cluster_00789,train,/home/dheirav/Code/Deepfake_Detection/deepfake-project/dataset_builder/train/ai_generated/flux_topup_000612.jpg
data_sources/ai_generated/FLUX_TopUp/flux_topup_000613.jpg,data_sources/ai_generated/FLUX_TopUp,ai_generated,1024,1024,1.0,JPEG,467181,cc8dd9dff46c387741fb848bd5ec7073,1f5c5d06451b14f2c3c9c10e9bb7f232748c9739e2c432f8827140931cd8534e,1.0,e6db8599ca96a826,ok,2614.3494076817833,True,True,cluster_00304,train,/home/dheirav/Code/Deepfake_Detection/deepfake-project/dataset_builder/train/ai_generated/flux_topup_000613.jpg
data_sources/ai_generated/FLUX_TopUp/flux_topup_000618.jpg,data_sources/ai_generated/FLUX_TopUp,ai_generated,1024,1024,1.0,JPEG,313928,d463a946dde3223787dc11406165729a,d4152ec738cacb6fb701b9216b321f13291fe32a472f4eee3456011f9fce7124,1.0,fa50de12b54ce147,ok,1651.5314354514703,True,True,cluster_01221,train,/home/dheirav/Code/Deepfake_Detection/deepfake-project/dataset_builder/train/ai_generated/flux_topup_000618.jpg
data_sources/ai_generated/FLUX_TopUp/flux_topup_000620.jpg,data_sources/ai_generated/FLUX_TopUp,ai_generated,1024,1024,1.0,JPEG,297917,03f40d71924c978112bc7caa4f80ea88,40dcd3a44191fa4a44fae549c9f89837b174e98eebd83909056418797b9d5f23,1.0,b8cff44981b60b78,ok,536.012668354814,True,True,cluster_01366,train,/home/dheirav/Code/Deepfake_Detection/deepfake-project/dataset_builder/train/ai_generated/flux_topup_000620.jpg
data_sources/ai_generated/FLUX_TopUp/flux_topup_000626.jpg,data_sources/ai_generated/FLUX_TopUp,ai_generated,1024,1024,1.0,JPEG,462034,b246804d13e98ddd4a806e11dbd3569e,a5d5092d3dff7d751a48f2419b49c06ee4d3a3d95dd16ea412ae2813766adc48,1.0,fe76d0438791c02f,ok,2726.2681286516445,True,True,cluster_00326,train,/home/dheirav/Code/Deepfake_Detection/deepfake-project/dataset_builder/train/ai_generated/flux_topup_000626.jpg
data_sources/ai_generated/FLUX_TopUp/flux_topup_000632.jpg,data_sources/ai_generated/FLUX_TopUp,ai_generated,1024,1024,1.0,JPEG,322644,27cd2d907c18bc819b0fed3eccfe037c,2d7e1817b11e5725e851665a29633e1a91fb0d4d57c8647aee2dabbd8c0aac2c,1.0,95813fff4780e078,ok,401.7681246840938,True,True,cluster_01156,train,/home/dheirav/Code/Deepfake_Detection/deepfake-project/dataset_builder/train/ai_generated/flux_topup_000632.jpg
data_sources/ai_generated/FLUX_TopUp/flux_topup_000634.jpg,data_sources/ai_generated/FLUX_TopUp,ai_generated,1024,1024,1.0,JPEG,653841,d0dfe39f80ddf366734829e09f25a9a0,6a5ede88d99caa9e3708a852d03f0586365450c9603fbde405cfa476fe25ed8c,1.0,d7ea499723c2350e,ok,789.7709572833519,True,True,cluster_00007,train,/home/dheirav/Code/Deepfake_Detection/deepfake-project/dataset_builder/train/ai_generated/flux_topup_000634.jpg
data_sources/ai_generated/FLUX_TopUp/flux_topup_000635.jpg,data_sources/ai_generated/FLUX_TopUp,ai_generated,1024,1024,1.0,JPEG,599835,2cd3c4874098f1703bbce749948857bc,da8f1295761ffb7c0a897afb28be19b4eabd99e3a1a25818cd32bba1d9b522e1,1.0,fed57686f5c0a240,ok,2318.5235471097467,True,True,cluster_00020,train,/home/dheirav/Code/Deepfake_Detection/deepfake-project/dataset_builder/train/ai_generated/flux_topup_000635.jpg
data_sources/ai_generated/FLUX_TopUp/flux_topup_000637.jpg,data_sources/ai_generated/FLUX_TopUp,ai_generated,1024,1024,1.0,JPEG,390268,1016734485b33e967852ad72c1b4f7d9,c474465f7f9d131da46002119c813df6128e483b037bf0654065f71fc8db3c8f,1.0,f11cc3c6d8cb931a,ok,1151.0608460210342,True,True,cluster_00715,train,/home/dheirav/Code/Deepfake_Detection/deepfake-project/dataset_builder/train/ai_generated/flux_topup_000637.jpg
data_sources/ai_generated/FLUX_TopUp/flux_topup_000638.jpg,data_sources/ai_generated/FLUX_TopUp,ai_generated,1024,1024,1.0,JPEG,348481,e8d09b026200768ddfb7a935904fc131,58c7781f8a8de37e51b8985efc0ab3cfd7935b469cdb67416b82715bf5f7182c,1.0,ddc900b63c71c2be,ok,1259.7962026366138,True,True,cluster_00969,train,/home/dheirav/Code/Deepfake_Detection/deepfake-project/dataset_builder/train/ai_generated/flux_topup_000638.jpg
data_sources/ai_generated/FLUX_TopUp/flux_topup_000640.jpg,data_sources/ai_generated/FLUX_TopUp,ai_generated,1024,1024,1.0,JPEG,229279,038b758d21b85b0e2fd1604ac05b2da7,e27b504e37c4737dd919a838698ec7743385859c7a569c5828709072d23d7990,1.0,a7889c727696c68d,ok,270.5808078905674,True,True,cluster_01939,train,/home/dheirav/Code/Deepfake_Detection/deepfake-project/dataset_builder/train/ai_generated/flux_topup_000640.jpg
data_sources/ai_generated/FLUX_TopUp/flux_topup_000643.jpg,data_sources/ai_generated/FLUX_TopUp,ai_generated,1024,1024,1.0,JPEG,416274,20f910f3a1bad39ce8ded25f3397de57,27092a0bcd0922767b4b3065f2d881189750adc2d55ab266a821fb4ce0353f69,1.0,fe93e86a81caf064,ok,733.1821201108396,True,True,cluster_00564,train,/home/dheirav/Code/Deepfake_Detection/deepfake-project/dataset_builder/train/ai_generated/flux_topup_000643.jpg
data_sources/ai_generated/FLUX_TopUp/flux_topup_000645.jpg,data_sources/ai_generated/FLUX_TopUp,ai_generated,1024,1024,1.0,JPEG,334116,d3087af21a242cb4a399e40fb65cb2af,0476f568d6dd92d66eba57d96b07f8878f3531fa4f0ea4710964663ce40f6024,1.0,8cb3a46a5d7cb04b,ok,295.02545862624174,True,True,cluster_01068,train,/home/dheirav/Code/Deepfake_Detection/deepfake-project/dataset_builder/train/ai_generated/flux_topup_000645.jpg
data_sources/ai_generated/FLUX_TopUp/flux_topup_000646.jpg,data_sources/ai_generated/FLUX_TopUp,ai_generated,1024,1024,1.0,JPEG,353007,b289f3ea8a6eeda974f5485157bfcee9,a38261cb28c67becc50c43270b3804bf643d432c7c653ff1377ec7cdc90510a7,1.0,d24536291f7ac798,ok,626.3662394413259,True,True,cluster_00935,train,/home/dheirav/Code/Deepfake_Detection/deepfake-project/dataset_builder/train/ai_generated/flux_topup_000646.jpg
data_sources/ai_generated/FLUX_TopUp/flux_topup_000647.jpg,data_sources/ai_generated/FLUX_TopUp,ai_generated,1024,1024,1.0,JPEG,394575,38865ddb087c1d410573b9a8bff9e6b7,fc40c743ddca39e33e9c7e69ab52c31d5e40f65fe618bbbbb566f4bf2bdd563b,1.0,d190626b7b9be40d,ok,640.2076720641016,True,True,cluster_00693,train,/home/dheirav/Code/Deepfake_Detection/deepfake-project/dataset_builder/train/ai_generated/flux_topup_000647.jpg
data_sources/ai_generated/FLUX_TopUp/flux_topup_000656.jpg,data_sources/ai_generated/FLUX_TopUp,ai_generated,1024,1024,1.0,JPEG,458680,f95f557898954ebb0227857d7924b815,9565b027d68d320185d339709bef48d0b69c05ba841e25a390a7a2b8d6d32699,1.0,99198c4e2ee45d37,ok,1453.7358712544665,True,True,cluster_00339,train,/home/dheirav/Code/Deepfake_Detection/deepfake-project/dataset_builder/train/ai_generated/flux_topup_000656.jpg
data_sources/ai_generated/FLUX_TopUp/flux_topup_000657.jpg,data_sources/ai_generated/FLUX_TopUp,ai_generated,1024,1024,1.0,JPEG,277915,5a331863593eb7453b62a369e6041cf9,aab412c1f1cf4d72eaef2b8c8b6997d9d22da902b224661f7374c21e99ae35d9,1.0,9cf3723cc1986663,ok,241.22250459449324,True,True,cluster_01521,train,/home/dheirav/Code/Deepfake_Detection/deepfake-project/dataset_builder/train/ai_generated/flux_topup_000657.jpg
data_sources/ai_generated/FLUX_TopUp/flux_topup_000659.jpg,data_sources/ai_generated/FLUX_TopUp,ai_generated,1024,1024,1.0,JPEG,235911,c70c18eb8c5d6c73672a1bd960a4ac34,b40f328168acf8aa4f9033c483d42ada7ce432d6b2eca8c49ab64f07b17a00cc,1.0,929d37f29486f093,ok,761.9813063333922,True,True,cluster_01890,train,/home/dheirav/Code/Deepfake_Detection/deepfake-project/dataset_builder/train/ai_generated/flux_topup_000659.jpg
data_sources/ai_generated/FLUX_TopUp/flux_topup_000661.jpg,data_sources/ai_generated/FLUX_TopUp,ai_generated,1024,1024,1.0,JPEG,244536,15cac860754a8fcb0e2d66b02d18a514,9452143b9214e476140745292f38f7e8ffe8d6bef67cdf9d0ffbe21c152f826f,1.0,93db2925272c1b5b,ok,252.12762183558425,True,True,cluster_01811,train,/home/dheirav/Code/Deepfake_Detection/deepfake-project/dataset_builder/train/ai_generated/flux_topup_000661.jpg
data_sources/ai_generated/FLUX_TopUp/flux_topup_000667.jpg,data_sources/ai_generated/FLUX_TopUp,ai_generated,1024,1024,1.0,JPEG,290894,f11fb81175bcc6b7983585ffa30d6d6a,27289271b0434d48ccb4d55a1541d0dc0ce78850b18893478b80bc141a3d3d50,1.0,a8ea5795a04317fc,ok,132.92501935055677,True,True,cluster_01413,train,/home/dheirav/Code/Deepfake_Detection/deepfake-project/dataset_builder/train/ai_generated/flux_topup_000667.jpg
data_sources/ai_generated/FLUX_TopUp/flux_topup_000671.jpg,data_sources/ai_generated/FLUX_TopUp,ai_generated,1024,1024,1.0,JPEG,335871,570c7b89c27d164c2b0dfb9879868b2c,c89a734f88de6ca23b86aec5febf4f8e1d7994954f01bb376c3f1294c31149b5,1.0,87b61a93399b314d,ok,332.98973438443136,True,True,cluster_01056,train,/home/dheirav/Code/Deepfake_Detection/deepfake-project/dataset_builder/train/ai_generated/flux_topup_000671.jpg
data_sources/ai_generated/FLUX_TopUp/flux_topup_000672.jpg,data_sources/ai_generated/FLUX_TopUp,ai_generated,1024,1024,1.0,JPEG,433530,43ddd82c42f90698d5aeb086de37cfaa,1666013e410aa87b83aa8186bc13fc5909c1532e7b8edb140b3fb8c009d20cea,1.0,9b86326d6699c8b9,ok,1187.1167457979716,True,True,cluster_00461,train,/home/dheirav/Code/Deepfake_Detection/deepfake-project/dataset_builder/train/ai_generated/flux_topup_000672.jpg
data_sources/ai_generated/FLUX_TopUp/flux_topup_000676.jpg,data_sources/ai_generated/FLUX_TopUp,ai_generated,1024,1024,1.0,JPEG,472891,39d25eaaf14c97c0e2d11e5a567aa5de,5dc2d18c97e5f8504d4f4c5e4dcac253bec9f674a84ced20d3b0bad664717187,1.0,aeafd19090c34acf,ok,2117.022153628138,True,True,cluster_00278,train,/home/dheirav/Code/Deepfake_Detection/deepfake-project/dataset_builder/train/ai_generated/flux_topup_000676.jpg
data_sources/ai_generated/FLUX_TopUp/flux_topup_000679.jpg,data_sources/ai_generated/FLUX_TopUp,ai_generated,1024,1024,1.0,JPEG,439608,8109a9208b737e86e5e682188e850c2e,71d9d785e53806359412e0ec7533270306a545c31600a74c10e3b1f42c0bab44,1.0,f6e1891652e939cc,ok,1486.262536294299,True,True,cluster_00431,train,/home/dheirav/Code/Deepfake_Detection/deepfake-project/dataset_builder/train/ai_generated/flux_topup_000679.jpg
data_sources/ai_generated/FLUX_TopUp/flux_topup_000681.jpg,data_sources/ai_generated/FLUX_TopUp,ai_generated,1024,1024,1.0,JPEG,447872,4f877dd2fbca51eddaa964c68f61dcdd,0d33d47bd4b47022a12ecd1d250387a9085a580a1a665ea206e62f59d832544e,1.0,c6b3ad6a375d00ca,ok,1636.3571360739795,True,True,cluster_00390,train,/home/dheirav/Code/Deepfake_Detection/deepfake-project/dataset_builder/train/ai_generated/flux_topup_000681.jpg
data_sources/ai_generated/FLUX_TopUp/flux_topup_000682.jpg,data_sources/ai_generated/FLUX_TopUp,ai_generated,1024,1024,1.0,JPEG,462371,47722e1203ad40c4568df4cd05b8e83e,fa8dc6d3dd51b1546639375bef9571c40c88134cbf7533bedb89d859a81f94ba,1.0,d992f26424d9b4b6,ok,1947.757554656302,True,True,cluster_00323,train,/home/dheirav/Code/Deepfake_Detection/deepfake-project/dataset_builder/train/ai_generated/flux_topup_000682.jpg
data_sources/ai_generated/FLUX_TopUp/flux_topup_000683.jpg,data_sources/ai_generated/FLUX_TopUp,ai_generated,1024,1024,1.0,JPEG,310259,6104936915e48977f1c138c91a871f54,597821eb01653647f0103f5594ce15bdc2f500c3a78cf2b97d887460cfd05089,1.0,809958f36f3c1f46,ok,2131.733469876911,True,True,cluster_01254,train,/home/dheirav/Code/Deepfake_Detection/deepfake-project/dataset_builder/train/ai_generated/flux_topup_000683.jpg
data_sources/ai_generated/FLUX_TopUp/flux_topup_000686.jpg,data_sources/ai_generated/FLUX_TopUp,ai_generated,1024,1024,1.0,JPEG,239023,0ea444c8afe6ad7bd032a9adc8d58a49,1f104cc4f89c82c9e1c6fca0e9a73b65e4e2fee4bb110354ae5f9736960ac4a1,1.0,9ebf526d3d0870c1,ok,353.8276901135068,True,True,cluster_01865,train,/home/dheirav/Code/Deepfake_Detection/deepfake-project/dataset_builder/train/ai_generated/flux_topup_000686.jpg
data_sources/ai_generated/FLUX_TopUp/flux_topup_000691.jpg,data_sources/ai_generated/FLUX_TopUp,ai_generated,1024,1024,1.0,JPEG,375365,f0d00b6413424e0f04f160f5173bdb2c,ce685dd6d10c92938c93918a6b809c22edbdc687b54e39a388bcfaffe37e69d7,1.0,91a76e1c21b371d9,ok,796.7011569002061,True,True,cluster_00799,train,/home/dheirav/Code/Deepfake_Detection/deepfake-project/dataset_builder/train/ai_generated/flux_topup_000691.jpg
data_sources/ai_generated/FLUX_TopUp/flux_topup_000699.jpg,data_sources/ai_generated/FLUX_TopUp,ai_generated,1024,1024,1.0,JPEG,267418,3210830992c852afca66d4eac5ce52bf,c208c5d5254945a025377547fc38b253325f73fbc7141354512a6c0336d53a75,1.0,cdd1c23839c731ce,ok,1027.9544600011686,True,True,cluster_01607,train,/home/dheirav/Code/Deepfake_Detection/deepfake-project/dataset_builder/train/ai_generated/flux_topup_000699.jpg
data_sources/ai_generated/FLUX_TopUp/flux_topup_000700.jpg,data_sources/ai_generated/FLUX_TopUp,ai_generated,1024,1024,1.0,JPEG,294486,7e420b2ddf7b043f6180eae7ae4c86c4,221e8d1b82712eb1edea5e1bf3505180bb47b2ae676bba7b0d4a3ca3bb04d75c,1.0,95999f9c69993071,ok,199.09747183785564,True,True,cluster_01383,train,/home/dheirav/Code/Deepfake_Detection/deepfake-project/dataset_builder/train/ai_generated/flux_topup_000700.jpg
data_sources/ai_generated/FLUX_TopUp/flux_topup_000703.jpg,data_sources/ai_generated/FLUX_TopUp,ai_generated,1024,1024,1.0,JPEG,403655,01b427581024bbfdfbc99f7ac91efba4,3d71cfae7617ce3be0f8d32c3243d0e04a9f324fe1d813106a9cc8e806282a7e,1.0,9393653d35a585a5,ok,1994.4101395498578,True,True,cluster_00643,train,/home/dheirav/Code/Deepfake_Detection/deepfake-project/dataset_builder/train/ai_generated/flux_topup_000703.jpg
data_sources/ai_generated/FLUX_TopUp/flux_topup_000708.jpg,data_sources/ai_generated/FLUX_TopUp,ai_generated,1024,1024,1.0,JPEG,396812,afa5114a9152dd836aad4268f2652203,5198bcb283713e0cea38bd3ce263986b537fcd7c667d51ae216a2bd0f48c7cc0,1.0,dd9f19b842740f92,ok,1754.2227029447452,True,True,cluster_00678,train,/home/dheirav/Code/Deepfake_Detection/deepfake-project/dataset_builder/train/ai_generated/flux_topup_000708.jpg
data_sources/ai_generated/FLUX_TopUp/flux_topup_000716.jpg,data_sources/ai_generated/FLUX_TopUp,ai_generated,1024,1024,1.0,JPEG,351903,eb6fc5137e0fcbd51f82f061f946b558,7181e5cbf165589f6fadae04dc5ec1ae2319f0672965e02bddf701d6b5e0e93b,1.0,dac761361699d866,ok,467.92463106644203,True,True,cluster_00941,train,/home/dheirav/Code/Deepfake_Detection/deepfake-project/dataset_builder/train/ai_generated/flux_topup_000716.jpg
data_sources/ai_generated/FLUX_TopUp/flux_topup_000721.jpg,data_sources/ai_generated/FLUX_TopUp,ai_generated,1024,1024,1.0,JPEG,324915,d00e37198e0b2bdd4362e34f6db6f715,26525d731a93b0810223c28a9f7ca12f1dea35ea2870c69a5b7ba1d73d390c92,1.0,b3eb8dc2704ed330,ok,596.4289919226285,True,True,cluster_01135,train,/home/dheirav/Code/Deepfake_Detection/deepfake-project/dataset_builder/train/ai_generated/flux_topup_000721.jpg
data_sources/ai_generated/FLUX_TopUp/flux_topup_000732.jpg,data_sources/ai_generated/FLUX_TopUp,ai_generated,1024,1024,1.0,JPEG,248689,213e5b3dbcc1594fbbded0c3920f0564,c03915e93ba9427fc69eb40b7df11fc08b18d217f8ac75d88737d99aef54bb63,1.0,c17ca7335b348539,ok,259.9247372669888,True,True,cluster_01772,train,/home/dheirav/Code/Deepfake_Detection/deepfake-project/dataset_builder/train/ai_generated/flux_topup_000732.jpg
data_sources/ai_generated/FLUX_TopUp/flux_topup_000733.jpg,data_sources/ai_generated/FLUX_TopUp,ai_generated,1024,1024,1.0,JPEG,289233,93750a96d0e3dcc9d38940615d6c2d3d,8bd752c441f3d79ba1b432f74d58892e8143d8d246b8201e90d2f8293530914e,1.0,d0f80e279a562f9c,ok,541.9818229309667,True,True,cluster_01432,train,/home/dheirav/Code/Deepfake_Detection/deepfake-project/dataset_builder/train/ai_generated/flux_topup_000733.jpg
data_sources/ai_generated/FLUX_TopUp/flux_topup_000739.jpg,data_sources/ai_generated/FLUX_TopUp,ai_generated,1024,1024,1.0,JPEG,252563,9a2777f5b4cd67c4657c4a438e8ce21e,c7fbd802329815e40cca72e09000cb235e3da26168a98629fbdace171fe3bd05,1.0,bdacb15452e0e8f4,ok,289.21064879561527,True,True,cluster_01739,train,/home/dheirav/Code/Deepfake_Detection/deepfake-project/dataset_builder/train/ai_generated/flux_topup_000739.jpg
data_sources/ai_generated/FLUX_TopUp/flux_topup_000741.jpg,data_sources/ai_generated/FLUX_TopUp,ai_generated,1024,1024,1.0,JPEG,325078,734fcd2d6a2f2baadbf07b5c096227f9,59c4000aa57beee50353e05862fddd0ca21e0aee7dca3c051cfbad836d988b2e,1.0,8cec6c3332cbc33c,ok,754.8238633742358,True,True,cluster_01130,train,/home/dheirav/Code/Deepfake_Detection/deepfake-project/dataset_builder/train/ai_generated/flux_topup_000741.jpg
data_sources/ai_generated/FLUX_TopUp/flux_topup_000743.jpg,data_sources/ai_generated/FLUX_TopUp,ai_generated,1024,1024,1.0,JPEG,475710,d31891e7c3598025bc2b17c3f87f1764,745086818fe910e780649aab7b013af3b0e2c314d8b304786364bf61c187e870,1.0,ebed81c09e9e1c58,ok,1968.7136025607679,True,True,cluster_00262,train,/home/dheirav/Code/Deepfake_Detection/deepfake-project/dataset_builder/train/ai_generated/flux_topup_000743.jpg
data_sources/ai_generated/FLUX_TopUp/flux_topup_000745.jpg,data_sources/ai_generated/FLUX_TopUp,ai_generated,1024,1024,1.0,JPEG,301874,9f5229986d5dd0f816f86f48ada81876,59120bb184a9e6b19c17beb1e058d0dfb701fec0bd6c660d89a55ea53a7a9564,1.0,c1d25ac978e1b7a2,ok,634.946646679563,True,True,cluster_01328,train,/home/dheirav/Code/Deepfake_Detection/deepfake-project/dataset_builder/train/ai_generated/flux_topup_000745.jpg
data_sources/ai_generated/FLUX_TopUp/flux_topup_000746.jpg,data_sources/ai_generated/FLUX_TopUp,ai_generated,1024,1024,1.0,JPEG,379492,ef87185d591d7d7fc1cd0b41b979441a,f6a1ec8c0db4edd235cf8907be549ce1b834525a2fd7404f6b4f1aecf77e129b,1.0,902f674a3fc3345a,ok,1458.4531720328805,True,True,cluster_00782,train,/home/dheirav/Code/Deepfake_Detection/deepfake-project/dataset_builder/train/ai_generated/flux_topup_000746.jpg
data_sources/ai_generated/FLUX_TopUp/flux_topup_000751.jpg,data_sources/ai_generated/FLUX_TopUp,ai_generated,1024,1024,1.0,JPEG,447003,10345863ffb078e7ee3b19737ba3c711,d25f4cea4d0285539c8d0fefe200ee278ee03dc5cd19ba16bfa822fcd0eeaa99,1.0,93934c396fd624b1,ok,939.0144127008643,True,True,cluster_00394,train,/home/dheirav/Code/Deepfake_Detection/deepfake-project/dataset_builder/train/ai_generated/flux_topup_000751.jpg
data_sources/ai_generated/FLUX_TopUp/flux_topup_000752.jpg,data_sources/ai_generated/FLUX_TopUp,ai_generated,1024,1024,1.0,JPEG,364381,815b91110e4ea7c2f4904df3784dbfa2,1af02e2625c9c58224c4018f57d0739739fadd21341ca0f946c5a4e9edec84c3,1.0,9c68279b638c935b,ok,450.3725894174777,True,True,cluster_00874,train,/home/dheirav/Code/Deepfake_Detection/deepfake-project/dataset_builder/train/ai_generated/flux_topup_000752.jpg
data_sources/ai_generated/FLUX_TopUp/flux_topup_000753.jpg,data_sources/ai_generated/FLUX_TopUp,ai_generated,1024,1024,1.0,JPEG,324365,5297ec45853f769234f7ad91fe0b92cb,5d0342feae6251ef1ab7d54a11f2381e143d70f2c95eb50e90d6b440149364aa,1.0,93a429695ed25e27,ok,762.3009364682866,True,True,cluster_01141,train,/home/dheirav/Code/Deepfake_Detection/deepfake-project/dataset_builder/train/ai_generated/flux_topup_000753.jpg
data_sources/ai_generated/FLUX_TopUp/flux_topup_000756.jpg,data_sources/ai_generated/FLUX_TopUp,ai_generated,1024,1024,1.0,JPEG,308988,b689d0024cec0f71bfbde0d4e33e4c5b,af998ae73c699d4117b53e07fa6d6ef49f6a99651a34844646dc7c0e0a8e34ec,1.0,948c6d6f95956362,ok,355.6120101547775,True,True,cluster_01269,train,/home/dheirav/Code/Deepfake_Detection/deepfake-project/dataset_builder/train/ai_generated/flux_topup_000756.jpg
data_sources/ai_generated/FLUX_TopUp/flux_topup_000758.jpg,data_sources/ai_generated/FLUX_TopUp,ai_generated,1024,1024,1.0,JPEG,366441,863af40ebbfb3f1637a64ccc51d4d406,9617dfc9f7eec295852f670e69dd68f7a948ba5ad109875985718a22ddc61e84,1.0,c1908cce3bdb3372,ok,1099.0230776252492,True,True,cluster_00859,train,/home/dheirav/Code/Deepfake_Detection/deepfake-project/dataset_builder/train/ai_generated/flux_topup_000758.jpg
data_sources/ai_generated/FLUX_TopUp/flux_topup_000764.jpg,data_sources/ai_generated/FLUX_TopUp,ai_generated,1024,1024,1.0,JPEG,371483,1b1a861710cb228fffd20043c3f8724e,9815c59d64e8373684d894099f43b3cf2532422d0fe009a2d723f8166f1d410e,1.0,91c4ccf83972ce2d,ok,825.8238018093316,True,True,cluster_00822,train,/home/dheirav/Code/Deepfake_Detection/deepfake-project/dataset_builder/train/ai_generated/flux_topup_000764.jpg
data_sources/ai_generated/FLUX_TopUp/flux_topup_000765.jpg,data_sources/ai_generated/FLUX_TopUp,ai_generated,1024,1024,1.0,JPEG,389179,6b38e0ff5a59ff5bc435f687a165532a,95ee5b81de1677a9b40b76d424863f9098f6882c48d50943c44ab5c5fa64db28,1.0,ccf0b3c4389a64be,ok,878.2940838980102,True,True,cluster_00725,train,/home/dheirav/Code/Deepfake_Detection/deepfake-project/dataset_builder/train/ai_generated/flux_topup_000765.jpg
data_sources/ai_generated/FLUX_TopUp/flux_topup_000766.jpg,data_sources/ai_generated/FLUX_TopUp,ai_generated,1024,1024,1.0,JPEG,528891,cbc596861c695a05ce9aebaa5aa99b2d,80d7cd2e2d180843c51cefb01b70fb7ce3ce07969b7d3b927658ee8d527664d1,1.0,d2d24b793870dc8b,ok,3883.400990360961,True,True,cluster_00105,train,/home/dheirav/Code/Deepfake_Detection/deepfake-project/dataset_builder/train/ai_generated/flux_topup_000766.jpg
data_sources/ai_generated/FLUX_TopUp/flux_topup_000767.jpg,data_sources/ai_generated/FLUX_TopUp,ai_generated,1024,1024,1.0,JPEG,290507,1030cf88346a0e67641aed60ce9cdfbe,5e720fb0d1b667aac7c06510e506ac1ae13ef19ee648bedacbd3d587749bb82e,1.0,cdcd3383e0781e87,ok,428.5701803727561,True,True,cluster_01416,train,/home/dheirav/Code/Deepfake_Detection/deepfake-project/dataset_builder/train/ai_generated/flux_topup_000767.jpg
data_sources/ai_generated/FLUX_TopUp/flux_topup_000776.jpg,data_sources/ai_generated/FLUX_TopUp,ai_generated,1024,1024,1.0,JPEG,391555,6f9d8fdb9302dbd35f85fb213a9a5699,3d4a0c4e67a7ba102390a3b88d66b9326b88c5a4550b663238a2ab950848efd9,1.0,86e0192f1a2bcddd,ok,915.3987857052086,True,True,cluster_00708,train,/home/dheirav/Code/Deepfake_Detection/deepfake-project/dataset_builder/train/ai_generated/flux_topup_000776.jpg
data_sources/ai_generated/FLUX_TopUp/flux_topup_000780.jpg,data_sources/ai_generated/FLUX_TopUp,ai_generated,1024,1024,1.0,JPEG,283126,416e2c3ae347552bcac0fb1658704cc7,1400f5e00e5011e167acd62ad0f6a9e74317ed0c07e66a17d9c60fa12ea14bab,1.0,d998d2ea24ce2d66,ok,377.0167130040354,True,True,cluster_01484,train,/home/dheirav/Code/Deepfake_Detection/deepfake-project/dataset_builder/train/ai_generated/flux_topup_000780.jpg
data_sources/ai_generated/FLUX_TopUp/flux_topup_000783.jpg,data_sources/ai_generated/FLUX_TopUp,ai_generated,1024,1024,1.0,JPEG,533257,b07bb89beaf7a42aad02a310c8e6f59d,e47878ccea6bd79c309bbf16f1d52afec3696c1e0dc8b0f215a6dff8a08d5d64,1.0,95873b3978b07338,ok,4108.310644934505,True,True,cluster_00095,train,/home/dheirav/Code/Deepfake_Detection/deepfake-project/dataset_builder/train/ai_generated/flux_topup_000783.jpg
data_sources/ai_generated/FLUX_TopUp/flux_topup_000784.jpg,data_sources/ai_generated/FLUX_TopUp,ai_generated,1024,1024,1.0,JPEG,511890,b63b0776a39b88ebec40fef25011fdd1,86967e2ace86deee799461b1a5cb4085305e2ba4ac1da6f428f51032e834eaac,1.0,95bed6d8cccc6064,ok,3485.2976849027577,True,True,cluster_00139,train,/home/dheirav/Code/Deepfake_Detection/deepfake-project/dataset_builder/train/ai_generated/flux_topup_000784.jpg
data_sources/ai_generated/FLUX_TopUp/flux_topup_000794.jpg,data_sources/ai_generated/FLUX_TopUp,ai_generated,1024,1024,1.0,JPEG,266754,33ffb46f7a96b6929632c73d53a2bc88,af8f4de0023a5d4d77b1cbde9be3a10996af28cf4b28b96600a14f3bf702ede2,1.0,998dc763334c33cc,ok,627.6192540880793,True,True,cluster_01614,train,/home/dheirav/Code/Deepfake_Detection/deepfake-project/dataset_builder/train/ai_generated/flux_topup_000794.jpg
data_sources/ai_generated/FLUX_TopUp/flux_topup_000796.jpg,data_sources/ai_generated/FLUX_TopUp,ai_generated,1024,1024,1.0,JPEG,524369,868fe80ae283a91b0c891d2a4f44a165,2ea04d9234710c2b8b92f1f75a2cdc1dfb3bb03d11ec545fdc043d3858f6fd35,1.0,d0e0d5b41fc96be0,ok,3247.765371350375,True,True,cluster_00111,train,/home/dheirav/Code/Deepfake_Detection/deepfake-project/dataset_builder/train/ai_generated/flux_topup_000796.jpg
data_sources/ai_generated/FLUX_TopUp/flux_topup_000797.jpg,data_sources/ai_generated/FLUX_TopUp,ai_generated,1024,1024,1.0,JPEG,415643,1d9329f8a33e9a80206057dee23d6200,ca89c233ce46610c76d81a0b3488462dc45324df555551fdc4b84ed5230231fc,1.0,9ac2666da699926d,ok,1051.4377511426533,True,True,cluster_00568,train,/home/dheirav/Code/Deepfake_Detection/deepfake-project/dataset_builder/train/ai_generated/flux_topup_000797.jpg
data_sources/ai_generated/FLUX_TopUp/flux_topup_000800.jpg,data_sources/ai_generated/FLUX_TopUp,ai_generated,1024,1024,1.0,JPEG,305376,06cca083f64b6981f8ed7f463353f00b,afd93297efedac01788f4182578170a1e3371efd2ce19c660e6b2d3f3b86d41f,1.0,d0d5ed3a1ec4235a,ok,1694.3227196380528,True,True,cluster_01302,train,/home/dheirav/Code/Deepfake_Detection/deepfake-project/dataset_builder/train/ai_generated/flux_topup_000800.jpg
data_sources/ai_generated/FLUX_TopUp/flux_topup_000803.jpg,data_sources/ai_generated/FLUX_TopUp,ai_generated,1024,1024,1.0,JPEG,264342,dcd535a218f5f2d9c3b3e9ad90cadc52,f030a6f04130a82a2d3ca79d0bfa2f3d12cc155687d861f06c4acf1882256a1b,1.0,b2a68fd9d2c8c869,ok,492.57830003806794,True,True,cluster_01636,train,/home/dheirav/Code/Deepfake_Detection/deepfake-project/dataset_builder/train/ai_generated/flux_topup_000803.jpg
data_sources/ai_generated/FLUX_TopUp/flux_topup_000804.jpg,data_sources/ai_generated/FLUX_TopUp,ai_generated,1024,1024,1.0,JPEG,401338,5573df4add5716adb2b43d50846cc92d,65c73eef5806e99a50226cdd3b3f51eb6db135ab7d89f3afc16b9f9df1c68f4b,1.0,c392cd3c261de69c,ok,1513.2705491772463,True,True,cluster_00660,train,/home/dheirav/Code/Deepfake_Detection/deepfake-project/dataset_builder/train/ai_generated/flux_topup_000804.jpg
data_sources/ai_generated/FLUX_TopUp/flux_topup_000809.jpg,data_sources/ai_generated/FLUX_TopUp,ai_generated,1024,1024,1.0,JPEG,287623,5d79fe2d5d6778508d17b16a6d7b51e4,9eb2a20dd0a5c823cd8c9aeb0d65ef1073a6513b2c81298117741f10048fe451,1.0,96aff50e0c8165e3,ok,517.7706823572371,True,True,cluster_01449,train,/home/dheirav/Code/Deepfake_Detection/deepfake-project/dataset_builder/train/ai_generated/flux_topup_000809.jpg
data_sources/ai_generated/FLUX_TopUp/flux_topup_000810.jpg,data_sources/ai_generated/FLUX_TopUp,ai_generated,1024,1024,1.0,JPEG,327789,5deacc38f4b0c58c2d9a715e5fea816c,0d4b59e9f9a2d1323f6a890f0186aaec52ade846f527d40a5c9aec5915a39fcb,1.0,81a33eb53d9d285a,ok,423.01970655714,True,True,cluster_01105,train,/home/dheirav/Code/Deepfake_Detection/deepfake-project/dataset_builder/train/ai_generated/flux_topup_000810.jpg
data_sources/ai_generated/FLUX_TopUp/flux_topup_000811.jpg,data_sources/ai_generated/FLUX_TopUp,ai_generated,1024,1024,1.0,JPEG,442040,71e84a8f9f4811616ac45c463db7148f,907769a46c3f36dfff2bd7a04eb658acdf1d3d7a5d4b8c58fcbbd501ce7bdcd4,1.0,80a5cd7e58f16aa6,ok,1601.6900638311622,True,True,cluster_00417,train,/home/dheirav/Code/Deepfake_Detection/deepfake-project/dataset_builder/train/ai_generated/flux_topup_000811.jpg
data_sources/ai_generated/FLUX_TopUp/flux_topup_000817.jpg,data_sources/ai_generated/FLUX_TopUp,ai_generated,1024,1024,1.0,JPEG,289296,8448c1f5252b887339d13851ff3d5e4b,1210397848f5320ccb11da61f6332d91aa8b815ce1741bf6c4c07ef7780e6f32,1.0,94961e5e1fd43aa4,ok,295.45660875262456,True,True,cluster_01430,train,/home/dheirav/Code/Deepfake_Detection/deepfake-project/dataset_builder/train/ai_generated/flux_topup_000817.jpg
data_sources/ai_generated/FLUX_TopUp/flux_topup_000824.jpg,data_sources/ai_generated/FLUX_TopUp,ai_generated,1024,1024,1.0,JPEG,372064,dcf6803adf24361bbc2629d1223eb5b2,2f85141947c5a98823f858b40c6949f56338bc25af5e0235e8039bb457979da2,1.0,9a8e6b1eec6512c9,ok,969.3828518255459,True,True,cluster_00818,train,/home/dheirav/Code/Deepfake_Detection/deepfake-project/dataset_builder/train/ai_generated/flux_topup_000824.jpg
data_sources/ai_generated/FLUX_TopUp/flux_topup_000827.jpg,data_sources/ai_generated/FLUX_TopUp,ai_generated,1024,1024,1.0,JPEG,439058,3ebc611ebc008b9b5dd0806d6760f961,c9e99f1fed47e6f519a95d06ad5eac1aea1f66d435361d46278f3b8b780c9e69,1.0,cce1923293dc4fc5,ok,1246.4761021373547,True,True,cluster_00434,train,/home/dheirav/Code/Deepfake_Detection/deepfake-project/dataset_builder/train/ai_generated/flux_topup_000827.jpg
data_sources/ai_generated/FLUX_TopUp/flux_topup_000834.jpg,data_sources/ai_generated/FLUX_TopUp,ai_generated,1024,1024,1.0,JPEG,514502,55278f49f233e8b70b6e0d21049e8080,c1ba32a711a442e5f2274f5d3dfe5fb612e6416f3aa23f7f446f389899e58652,1.0,948dcaca4d377466,ok,2326.7147115562466,True,True,cluster_00132,train,/home/dheirav/Code/Deepfake_Detection/deepfake-project/dataset_builder/train/ai_generated/flux_topup_000834.jpg
data_sources/ai_generated/FLUX_TopUp/flux_topup_000836.jpg,data_sources/ai_generated/FLUX_TopUp,ai_generated,1024,1024,1.0,JPEG,352228,66848201f28ecbacbffba92a1ac982e8,c1a1260ddea8f734c96f996d2ca6a80a31dad207eeab09c7f15d3c7d2c9fae49,1.0,98e4642def9b6262,ok,600.5258921226331,True,True,cluster_00937,train,/home/dheirav/Code/Deepfake_Detection/deepfake-project/dataset_builder/train/ai_generated/flux_topup_000836.jpg
data_sources/ai_generated/FLUX_TopUp/flux_topup_000838.jpg,data_sources/ai_generated/FLUX_TopUp,ai_generated,1024,1024,1.0,JPEG,380125,f3b9bdb2bb73e2fde670eb8fe51991e6,83bde40ac89c15effd577ca8e4e87d1b73fe495230bd38188be5471ac7410b82,1.0,c8f834ecca92c7cc,ok,1527.1756772883195,True,True,cluster_00778,train,/home/dheirav/Code/Deepfake_Detection/deepfake-project/dataset_builder/train/ai_generated/flux_topup_000838.jpg
data_sources/ai_generated/FLUX_TopUp/flux_topup_000839.jpg,data_sources/ai_generated/FLUX_TopUp,ai_generated,1024,1024,1.0,JPEG,490116,f88eb5cb088a4aef43aafad4afa4ece2,3e217ffab97591a490989b24c00df7f86e6806980ea890f575fdc3fabb211805,1.0,9787af6a789c4470,ok,2098.772440410219,True,True,cluster_00210,train,/home/dheirav/Code/Deepfake_Detection/deepfake-project/dataset_builder/train/ai_generated/flux_topup_000839.jpg
data_sources/ai_generated/FLUX_TopUp/flux_topup_000841.jpg,data_sources/ai_generated/FLUX_TopUp,ai_generated,1024,1024,1.0,JPEG,467365,585eecb84c4972c20a3a853e87760bdd,126aa91c363b40e429d6589a08f5b2e12f215a281bf4b3186b11e2fbe7cee076,1.0,da966e296934f225,ok,2735.2850908992255,True,True,cluster_00303,train,/home/dheirav/Code/Deepfake_Detection/deepfake-project/dataset_builder/train/ai_generated/flux_topup_000841.jpg
data_sources/ai_generated/FLUX_TopUp/flux_topup_000842.jpg,data_sources/ai_generated/FLUX_TopUp,ai_generated,1024,1024,1.0,JPEG,337943,54323daf36cf1bc12456a6053e75269d,cb653f7d78ac53f21ca46021c008380f0209db2e253e5d8eda35dad7375030b7,1.0,9a9090be5ea89ccf,ok,711.5289912251135,True,True,cluster_01034,train,/home/dheirav/Code/Deepfake_Detection/deepfake-project/dataset_builder/train/ai_generated/flux_topup_000842.jpg
data_sources/ai_generated/FLUX_TopUp/flux_topup_000846.jpg,data_sources/ai_generated/FLUX_TopUp,ai_generated,1024,1024,1.0,JPEG,318663,f0c47f247567e510ed87f3a1ede12b2e,4a56e1739878e538d8f48cbadc934f42fbee4aded361bb02d28adbd0ece074ff,1.0,c9cdc7c6e6903938,ok,580.6218942077967,True,True,cluster_01186,train,/home/dheirav/Code/Deepfake_Detection/deepfake-project/dataset_builder/train/ai_generated/flux_topup_000846.jpg
data_sources/ai_generated/FLUX_TopUp/flux_topup_000848.jpg,data_sources/ai_generated/FLUX_TopUp,ai_generated,1024,1024,1.0,JPEG,225458,596274a36eca2e82f83ab2b09d47046a,98c01eb974701c66ef45e3a8b5ec6d030e8e66ecdd6b7f47dfa4eb47e55112ae,1.0,946d6b972c92596c,ok,370.0396221218316,True,True,cluster_01968,train,/home/dheirav/Code/Deepfake_Detection/deepfake-project/dataset_builder/train/ai_generated/flux_topup_000848.jpg
data_sources/ai_generated/FLUX_TopUp/flux_topup_000850.jpg,data_sources/ai_generated/FLUX_TopUp,ai_generated,1024,1024,1.0,JPEG,240830,476b22972bf7cd3f742a6eb7412aa707,0ea72fe63a5ab63de230fc5479cf5a0ecf32cee41edc772a87756b360387e0a8,1.0,9993666dc83a78cc,ok,89.38447278311558,True,True,cluster_01846,train,/home/dheirav/Code/Deepfake_Detection/deepfake-project/dataset_builder/train/ai_generated/flux_topup_000850.jpg
data_sources/ai_generated/FLUX_TopUp/flux_topup_000854.jpg,data_sources/ai_generated/FLUX_TopUp,ai_generated,1024,1024,1.0,JPEG,350825,798819cf6fee32cdec70a8200c5b360f,3a0864a06bfef5a3471fe5d5ab53f39a688eb3c71baa237518a1861d68b77988,1.0,9b9b2a6c8c963c9c,ok,1744.9711030861363,True,True,cluster_00948,train,/home/dheirav/Code/Deepfake_Detection/deepfake-project/dataset_builder/train/ai_generated/flux_topup_000854.jpg
data_sources/ai_generated/FLUX_TopUp/flux_topup_000862.jpg,data_sources/ai_generated/FLUX_TopUp,ai_generated,1024,1024,1.0,JPEG,246141,5e5a6b021799d94269e18b1d6bf65aa2,d699718b49792b49d06606cfd8f6ab2c3b123f673859997db83fdf25af98aa52,1.0,f0b1e2ee4d0694f8,ok,436.514594963457,True,True,cluster_01795,train,/home/dheirav/Code/Deepfake_Detection/deepfake-project/dataset_builder/train/ai_generated/flux_topup_000862.jpg
data_sources/ai_generated/FLUX_TopUp/flux_topup_000864.jpg,data_sources/ai_generated/FLUX_TopUp,ai_generated,1024,1024,1.0,JPEG,441594,d6dc09803d07b67d76b20da039aa2182,af32abdf07085f5d8d5f97a523c9d718835dc873a9dd01435e50b8c1f94f8586,1.0,99b60c7b469de60a,ok,1284.3273859061655,True,True,cluster_00419,train,/home/dheirav/Code/Deepfake_Detection/deepfake-project/dataset_builder/train/ai_generated/flux_topup_000864.jpg
data_sources/ai_generated/FLUX_TopUp/flux_topup_000873.jpg,data_sources/ai_generated/FLUX_TopUp,ai_generated,1024,1024,1.0,JPEG,437771,fa6923c56822ff683b98ee9220ba8bd0,1bfe01ad4c0e0e8809f210835ec2796c587cc40ae58d38f7d7f1386188d30be8,1.0,ccb8b24b8fec8496,ok,1260.8518797042448,True,True,cluster_00439,train,/home/dheirav/Code/Deepfake_Detection/deepfake-project/dataset_builder/train/ai_generated/flux_topup_000873.jpg
data_sources/ai_generated/FLUX_TopUp/flux_topup_000875.jpg,data_sources/ai_generated/FLUX_TopUp,ai_generated,1024,1024,1.0,JPEG,386374,0bdbfd5db36d00f24c96605aa19c4300,e7dec95b15b9a51e11025c2261c7508f434d4a35cc2f2b8e4a728437e131610a,1.0,9993438f28583ecf,ok,824.328263063514,True,True,cluster_00744,train,/home/dheirav/Code/Deepfake_Detection/deepfake-project/dataset_builder/train/ai_generated/flux_topup_000875.jpg
data_sources/ai_generated/FLUX_TopUp/flux_topup_000877.jpg,data_sources/ai_generated/FLUX_TopUp,ai_generated,1024,1024,1.0,JPEG,357237,86c8c32b5a76889ef7e0b01884547862,a2772b1de49bdc417808982b78816089078fdb65dbc3a4ade0d00c1f2713ed20,1.0,e7f5180621e0e6f3,ok,1335.2758034023345,True,True,cluster_00914,train,/home/dheirav/Code/Deepfake_Detection/deepfake-project/dataset_builder/train/ai_generated/flux_topup_000877.jpg
data_sources/ai_generated/FLUX_TopUp/flux_topup_000881.jpg,data_sources/ai_generated/FLUX_TopUp,ai_generated,1024,1024,1.0,JPEG,387841,b4def88f7d3e78ce1577f640f949152a,af93fa245036b957cc865f94e43a473b9ef38f8ae9a3e252bca4105c44202155,1.0,96ac7cb7681867c8,ok,451.99548349459286,True,True,cluster_00733,train,/home/dheirav/Code/Deepfake_Detection/deepfake-project/dataset_builder/train/ai_generated/flux_topup_000881.jpg
data_sources/ai_generated/FLUX_TopUp/flux_topup_000890.jpg,data_sources/ai_generated/FLUX_TopUp,ai_generated,1024,1024,1.0,JPEG,302927,da82523c4f87f3916b77a97428570809,a56dccb61dbfb8f34b32af4657f54d604db440ced664273a240f516013560e2d,1.0,c7cb9898be861633,ok,788.073289128977,True,True,cluster_01321,train,/home/dheirav/Code/Deepfake_Detection/deepfake-project/dataset_builder/train/ai_generated/flux_topup_000890.jpg
data_sources/ai_generated/FLUX_TopUp/flux_topup_000899.jpg,data_sources/ai_generated/FLUX_TopUp,ai_generated,1024,1024,1.0,JPEG,368236,0f491973903fd4642526a84aa3d8ac6f,9343de8be9b6ef10cc4663518e0d5ac44b6183303ab72895c44a685a3132a184,1.0,c0eb8f1711726e2d,ok,922.2994799374972,True,True,cluster_00842,train,/home/dheirav/Code/Deepfake_Detection/deepfake-project/dataset_builder/train/ai_generated/flux_topup_000899.jpg
data_sources/ai_generated/FLUX_TopUp/flux_topup_000905.jpg,data_sources/ai_generated/FLUX_TopUp,ai_generated,1024,1024,1.0,JPEG,413443,317e1a24292fd1a434e863c10f45a904,55702d4e6619397b7c22b590599b7c022c746c24e41e82d90cc9048877ae57e8,1.0,92924b5b6d6926cd,ok,1519.6069587288512,True,True,cluster_00578,train,/home/dheirav/Code/Deepfake_Detection/deepfake-project/dataset_builder/train/ai_generated/flux_topup_000905.jpg
data_sources/ai_generated/FLUX_TopUp/flux_topup_000906.jpg,data_sources/ai_generated/FLUX_TopUp,ai_generated,1024,1024,1.0,JPEG,350075,a0e186753bd47a56b8052dbca53e5f26,a73f1fda01e88c9740d4db4592b33d51353bce5bbaa2ac31b97ccdc4b6516b98,1.0,99f26b32b4ac8726,ok,1261.101529325766,True,True,cluster_00953,train,/home/dheirav/Code/Deepfake_Detection/deepfake-project/dataset_builder/train/ai_generated/flux_topup_000906.jpg
data_sources/ai_generated/FLUX_TopUp/flux_topup_000907.jpg,data_sources/ai_generated/FLUX_TopUp,ai_generated,1024,1024,1.0,JPEG,252898,f703afe8f3aaf0ae5d5cd4664c9592d9,569398af8fb26f19710aea230f85891e527fed479aa7aeb0f77add0a6b5a9b12,1.0,959513f268c52d9e,ok,545.9086569508072,True,True,cluster_01736,train,/home/dheirav/Code/Deepfake_Detection/deepfake-project/dataset_builder/train/ai_generated/flux_topup_000907.jpg
data_sources/ai_generated/FLUX_TopUp/flux_topup_000908.jpg,data_sources/ai_generated/FLUX_TopUp,ai_generated,1024,1024,1.0,JPEG,312310,494e60b349921435c5c82a69bd4aac5c,205c458d0d5f1e874b0e58388f640f2809678680e6643d998ce48a2a4297beb4,1.0,99cc663673336392,ok,1228.9886143091094,True,True,cluster_01239,train,/home/dheirav/Code/Deepfake_Detection/deepfake-project/dataset_builder/train/ai_generated/flux_topup_000908.jpg
data_sources/ai_generated/FLUX_TopUp/flux_topup_000911.jpg,data_sources/ai_generated/FLUX_TopUp,ai_generated,1024,1024,1.0,JPEG,310119,baea63996b09298769226728f6dabd44,0bf29b9237f8d823e8c8fabc97d085c06858407fe12fd7903d5d9fac2fe87fcc,1.0,d9e816306a757b98,ok,801.8744187002874,True,True,cluster_01255,train,/home/dheirav/Code/Deepfake_Detection/deepfake-project/dataset_builder/train/ai_generated/flux_topup_000911.jpg
data_sources/ai_generated/FLUX_TopUp/flux_topup_000912.jpg,data_sources/ai_generated/FLUX_TopUp,ai_generated,1024,1024,1.0,JPEG,265747,848f69548cea8326ca0f6816384e39fc,b29c40e85f25a407334bb3139b3f1711b53c0fa0280c38e4f95f88ce03194eed,1.0,9c9636b7252d1b83,ok,697.8098058682144,True,True,cluster_01623,train,/home/dheirav/Code/Deepfake_Detection/deepfake-project/dataset_builder/train/ai_generated/flux_topup_000912.jpg
data_sources/ai_generated/FLUX_TopUp/flux_topup_000915.jpg,data_sources/ai_generated/FLUX_TopUp,ai_generated,1024,1024,1.0,JPEG,226822,6a481a45322cc97bfbac74aac0b35c17,274126f829e137447b6aefc4c3e020ace193e1130ec30bee96e721c76c4e90f7,1.0,c0fd7f0200e9bb36,ok,218.98923229655702,True,True,cluster_01956,train,/home/dheirav/Code/Deepfake_Detection/deepfake-project/dataset_builder/train/ai_generated/flux_topup_000915.jpg
data_sources/ai_generated/FLUX_TopUp/flux_topup_000918.jpg,data_sources/ai_generated/FLUX_TopUp,ai_generated,1024,1024,1.0,JPEG,301426,94ae0f55e84900cbd1797178dff52a15,3e5bba296fbf08ad2a6561ac3e0969b071b553da66531dfc091701678c709db8,1.0,87c3f81c3427e3e1,ok,174.04105344419708,True,True,cluster_01336,train,/home/dheirav/Code/Deepfake_Detection/deepfake-project/dataset_builder/train/ai_generated/flux_topup_000918.jpg
data_sources/ai_generated/FLUX_TopUp/flux_topup_000927.jpg,data_sources/ai_generated/FLUX_TopUp,ai_generated,1024,1024,1.0,JPEG,280240,30110b0cb29c0b15b77e413813dc5b12,3d627b915584657902a81931b43efa469ba00c4d1ca8899c791cbeceb61548ab,1.0,98996d6a1ac5d1f1,ok,538.6789392609126,True,True,cluster_01499,train,/home/dheirav/Code/Deepfake_Detection/deepfake-project/dataset_builder/train/ai_generated/flux_topup_000927.jpg
data_sources/ai_generated/FLUX_TopUp/flux_topup_000928.jpg,data_sources/ai_generated/FLUX_TopUp,ai_generated,1024,1024,1.0,JPEG,287675,76610555706a8b07ca1267974db82eb2,e26bfceb3e1e0d7b2285919038174f2bdb4f0360e50567b50f6b3449a35154db,1.0,93d2dac9cdcc9990,ok,873.4205588981131,True,True,cluster_01446,train,/home/dheirav/Code/Deepfake_Detection/deepfake-project/dataset_builder/train/ai_generated/flux_topup_000928.jpg
data_sources/ai_generated/FLUX_TopUp/flux_topup_000931.jpg,data_sources/ai_generated/FLUX_TopUp,ai_generated,1024,1024,1.0,JPEG,396819,e8e31122f850c3c32f4dcd0282c8d527,8f433347d90e242a2546726886707a597cb5a72663b554ed9cfa8bdaa6a6eeed,1.0,95b66d7923c664c8,ok,698.8902564374148,True,True,cluster_00677,train,/home/dheirav/Code/Deepfake_Detection/deepfake-project/dataset_builder/train/ai_generated/flux_topup_000931.jpg
data_sources/ai_generated/FLUX_TopUp/flux_topup_000933.jpg,data_sources/ai_generated/FLUX_TopUp,ai_generated,1024,1024,1.0,JPEG,403465,9df48afd718ed5cb3a9ce7656feb27de,062c227cee65297fea008b55b36e546bcb6a6f3ad6b848ffe98fc04e7c6bb1d8,1.0,99dd7464b349199a,ok,1673.8982541561127,True,True,cluster_00647,train,/home/dheirav/Code/Deepfake_Detection/deepfake-project/dataset_builder/train/ai_generated/flux_topup_000933.jpg
data_sources/ai_generated/FLUX_TopUp/flux_topup_000938.jpg,data_sources/ai_generated/FLUX_TopUp,ai_generated,1024,1024,1.0,JPEG,395649,dc08252f29dbfec5293982613f9801da,18e11ee208d36958688b0041764b7fe783344d5d60a9db81ad168d2bc088ab35,1.0,92a6a6e96a9b615c,ok,1074.9079839401197,True,True,cluster_00688,train,/home/dheirav/Code/Deepfake_Detection/deepfake-project/dataset_builder/train/ai_generated/flux_topup_000938.jpg
data_sources/ai_generated/FLUX_TopUp/flux_topup_000941.jpg,data_sources/ai_generated/FLUX_TopUp,ai_generated,1024,1024,1.0,JPEG,249141,1830c259fde2acaa3190a4d059ebebaa,0bcde5a4e93d3831616099ce93e484b9eaed2d2531d8751bc4ff440c223b88d3,1.0,939a860dcdcf29e4,ok,863.4570275151409,True,True,cluster_01769,train,/home/dheirav/Code/Deepfake_Detection/deepfake-project/dataset_builder/train/ai_generated/flux_topup_000941.jpg
data_sources/ai_generated/FLUX_TopUp/flux_topup_000943.jpg,data_sources/ai_generated/FLUX_TopUp,ai_generated,1024,1024,1.0,JPEG,264948,efad7f4aa6d638e71a4b4d97155bd3e9,9f022be54f4951bf26ecd3013e8bae03ae6816f4cbee2a1658150e9a8cceddf1,1.0,c4fa1b2564cd6699,ok,747.8272703427608,True,True,cluster_01632,train,/home/dheirav/Code/Deepfake_Detection/deepfake-project/dataset_builder/train/ai_generated/flux_topup_000943.jpg
data_sources/ai_generated/FLUX_TopUp/flux_topup_000946.jpg,data_sources/ai_generated/FLUX_TopUp,ai_generated,1024,1024,1.0,JPEG,345156,a2f38635f191ba2cc2a1dea28928e965,27dc587ee8bbc69ac3e42ba1af320a3fb37a51e72e9e2e3535233efa1dce1f24,1.0,9cbc212521576d7d,ok,1146.6370399026118,True,True,cluster_00986,train,/home/dheirav/Code/Deepfake_Detection/deepfake-project/dataset_builder/train/ai_generated/flux_topup_000946.jpg
data_sources/ai_generated/FLUX_TopUp/flux_topup_000948.jpg,data_sources/ai_generated/FLUX_TopUp,ai_generated,1024,1024,1.0,JPEG,435924,39e8ff148cf0eba51a5a817ecb9a957c,a1051ade1cad83fd4504c99b12efaa0648ea8c335fb9d29afbdd2532721aa88f,1.0,858ffa7214c51b93,ok,801.7455391946569,True,True,cluster_00450,train,/home/dheirav/Code/Deepfake_Detection/deepfake-project/dataset_builder/train/ai_generated/flux_topup_000948.jpg
data_sources/ai_generated/FLUX_TopUp/flux_topup_000953.jpg,data_sources/ai_generated/FLUX_TopUp,ai_generated,1024,1024,1.0,JPEG,439294,cc966f3a65fd94605c7bb54b704a5032,7eb5ba574069c00c4d1077d86180deacd5abab5cc3ef3eb9672e744a965ea194,1.0,809473f85fd6e268,ok,1707.0248168584035,True,True,cluster_00433,train,/home/dheirav/Code/Deepfake_Detection/deepfake-project/dataset_builder/train/ai_generated/flux_topup_000953.jpg
data_sources/ai_generated/FLUX_TopUp/flux_topup_000955.jpg,data_sources/ai_generated/FLUX_TopUp,ai_generated,1024,1024,1.0,JPEG,224956,926892a47be6aebecadd2176d8c89fc4,92f0bb6810013402d4b2e9613b9df73f571a2423be691f8f8e910c83aaf52fd8,1.0,cdc3325c763c0d63,ok,383.4568023680331,True,True,cluster_01973,train,/home/dheirav/Code/Deepfake_Detection/deepfake-project/dataset_builder/train/ai_generated/flux_topup_000955.jpg
data_sources/ai_generated/FLUX_TopUp/flux_topup_000957.jpg,data_sources/ai_generated/FLUX_TopUp,ai_generated,1024,1024,1.0,JPEG,262317,ac2c16455f02882016b80f137177d2fc,e0ce3d580066f685739e127356c4f5b7202ee13874f0ce2728d47f459235f619,1.0,b6aa499db0465cf8,ok,408.05158983170986,True,True,cluster_01655,train,/home/dheirav/Code/Deepfake_Detection/deepfake-project/dataset_builder/train/ai_generated/flux_topup_000957.jpg
data_sources/ai_generated/FLUX_TopUp/flux_topup_000958.jpg,data_sources/ai_generated/FLUX_TopUp,ai_generated,1024,1024,1.0,JPEG,363239,7c42cd321f8640e7c806b5a7ed148baf,8af2d0398c51d3f1cf2b1bd88f12a8754839b45b63ed94f4024a05963a70e014,1.0,c2a47b1b2e6a34f4,ok,1046.3413608829578,True,True,cluster_00881,train,/home/dheirav/Code/Deepfake_Detection/deepfake-project/dataset_builder/train/ai_generated/flux_topup_000958.jpg
data_sources/ai_generated/FLUX_TopUp/flux_topup_000960.jpg,data_sources/ai_generated/FLUX_TopUp,ai_generated,1024,1024,1.0,JPEG,302808,0f8523e05c4e24caab64d3e52b399e45,9c616a8a894537eef99aa4cc4c2bcb4e618ecfb786f5bab0823bf1ca04bb90a8,1.0,d4d5b5a1a8eaa689,ok,1063.529668991974,True,True,cluster_01322,train,/home/dheirav/Code/Deepfake_Detection/deepfake-project/dataset_builder/train/ai_generated/flux_topup_000960.jpg
data_sources/ai_generated/FLUX_TopUp/flux_topup_000965.jpg,data_sources/ai_generated/FLUX_TopUp,ai_generated,1024,1024,1.0,JPEG,360357,10f872e87f5946d24052dd5ad3e6f1cf,0f4a97e87b5796f36edc2452f06571ab110f22eced237b80180fff2c5fa953f2,1.0,9a9a9a926d693d49,ok,928.9249726116022,True,True,cluster_00898,train,/home/dheirav/Code/Deepfake_Detection/deepfake-project/dataset_builder/train/ai_generated/flux_topup_000965.jpg
data_sources/ai_generated/FLUX_TopUp/flux_topup_000967.jpg,data_sources/ai_generated/FLUX_TopUp,ai_generated,1024,1024,1.0,JPEG,469282,8dc166f97350e491b8094faa424d5904,f910a7ee00dbf0aea96c2cd555814529987229daec9b6f4835a644df70cc9341,1.0,9df76f308c89d08c,ok,1456.9786462779002,True,True,cluster_00293,train,/home/dheirav/Code/Deepfake_Detection/deepfake-project/dataset_builder/train/ai_generated/flux_topup_000967.jpg
data_sources/ai_generated/FLUX_TopUp/flux_topup_000968.jpg,data_sources/ai_generated/FLUX_TopUp,ai_generated,1024,1024,1.0,JPEG,420585,e79d50ac92ce78ab81512a9c0d22836a,400e37b2211a80ad0b10edc1ff6e669e33adf2d737b02f4aeeddac88828fd77a,1.0,d9e426337a9a33c8,ok,827.527747572716,True,True,cluster_00543,train,/home/dheirav/Code/Deepfake_Detection/deepfake-project/dataset_builder/train/ai_generated/flux_topup_000968.jpg
data_sources/ai_generated/FLUX_TopUp/flux_topup_000969.jpg,data_sources/ai_generated/FLUX_TopUp,ai_generated,1024,1024,1.0,JPEG,241200,0480efd102024ec3c352d218c5255918,059eeced700edcf9915734d5964badc55376a205db4cc05828584c41c3ecd206,1.0,d26d1f92699a8669,ok,1531.5498913908657,True,True,cluster_01843,train,/home/dheirav/Code/Deepfake_Detection/deepfake-project/dataset_builder/train/ai_generated/flux_topup_000969.jpg
data_sources/ai_generated/FLUX_TopUp/flux_topup_000970.jpg,data_sources/ai_generated/FLUX_TopUp,ai_generated,1024,1024,1.0,JPEG,440669,3342a93ab627eff6a75ecb7c5c1c8615,1f66e81c1a50e412c85e325ba0e659381903fb0c55ea471767884243b99c2451,1.0,c9973d3430bc9393,ok,1991.0502823854395,True,True,cluster_00424,train,/home/dheirav/Code/Deepfake_Detection/deepfake-project/dataset_builder/train/ai_generated/flux_topup_000970.jpg
data_sources/ai_generated/FLUX_TopUp/flux_topup_000974.jpg,data_sources/ai_generated/FLUX_TopUp,ai_generated,1024,1024,1.0,JPEG,265029,e76c8dd1f446a37a88a14030d4335e9b,3c74b9bcd288eafe0cc5eb86f20929657bbfefeabb2fe8c5ee6b5cf76da85030,1.0,cc8d66c6363cc933,ok,605.7845571851358,True,True,cluster_01630,train,/home/dheirav/Code/Deepfake_Detection/deepfake-project/dataset_builder/train/ai_generated/flux_topup_000974.jpg
data_sources/ai_generated/FLUX_TopUp/flux_topup_000976.jpg,data_sources/ai_generated/FLUX_TopUp,ai_generated,1024,1024,1.0,JPEG,484353,eee3ea1a45f3d002ea99787436ae3266,eb725c0712e98e472784e365b6b337f6e7206b2365d882f2c4a38daef529c247,1.0,bba8c405953feb11,ok,2477.6797581609844,True,True,cluster_00230,train,/home/dheirav/Code/Deepfake_Detection/deepfake-project/dataset_builder/train/ai_generated/flux_topup_000976.jpg
data_sources/ai_generated/FLUX_TopUp/flux_topup_000977.jpg,data_sources/ai_generated/FLUX_TopUp,ai_generated,1024,1024,1.0,JPEG,235356,c9ec91732265d0b7bd6ed246948fe07e,a652cf4a9c9edcf74a3dc851897528c201657dff4c7a9703077d091a4d5de3fa,1.0,e1bcd60a2df012fc,ok,447.4030456516447,True,True,cluster_01900,train,/home/dheirav/Code/Deepfake_Detection/deepfake-project/dataset_builder/train/ai_generated/flux_topup_000977.jpg
data_sources/ai_generated/FLUX_TopUp/flux_topup_000980.jpg,data_sources/ai_generated/FLUX_TopUp,ai_generated,1024,1024,1.0,JPEG,407672,f440bfde2c980925064da34b32541d95,3b580a50d61aa64ab7ec4e00dfe76a1d8292c1035394dad03c680c4e5a33701b,1.0,84b3398ce36b672c,ok,733.4653078645896,True,True,cluster_00620,train,/home/dheirav/Code/Deepfake_Detection/deepfake-project/dataset_builder/train/ai_generated/flux_topup_000980.jpg
data_sources/ai_generated/FLUX_TopUp/flux_topup_000981.jpg,data_sources/ai_generated/FLUX_TopUp,ai_generated,1024,1024,1.0,JPEG,392717,f839699f6f85ae31cbd60379f7285772,2a3919726a6c0bb73e7d6d113d7ccd4c1aad7d81f28fd990387d9b2c1a36add2,1.0,91826b7b53d07696,ok,909.1272465048203,True,True,cluster_00703,train,/home/dheirav/Code/Deepfake_Detection/deepfake-project/dataset_builder/train/ai_generated/flux_topup_000981.jpg
data_sources/ai_generated/FLUX_TopUp/flux_topup_000988.jpg,data_sources/ai_generated/FLUX_TopUp,ai_generated,1024,1024,1.0,JPEG,412424,cd41d6dea01db6cc094e8b9b165d8996,9d836b3083b97c445bf2ae8adb99ee8e24682aabf73df30f119f38fa30533614,1.0,939ab8a5c3c50f3c,ok,798.4119922496865,True,True,cluster_00588,train,/home/dheirav/Code/Deepfake_Detection/deepfake-project/dataset_builder/train/ai_generated/flux_topup_000988.jpg
data_sources/ai_generated/FLUX_TopUp/flux_topup_000993.jpg,data_sources/ai_generated/FLUX_TopUp,ai_generated,1024,1024,1.0,JPEG,336366,8799aab5ef625727b87ca105ed2baeea,d26b8aad182400f8cdc0ffa332d229058e5976efcb4d5906f3b553af25d69d8f,1.0,9196f279368da4a6,ok,1162.6933268461685,True,True,cluster_01047,train,/home/dheirav/Code/Deepfake_Detection/deepfake-project/dataset_builder/train/ai_generated/flux_topup_000993.jpg
data_sources/ai_generated/FLUX_TopUp/flux_topup_000997.jpg,data_sources/ai_generated/FLUX_TopUp,ai_generated,1024,1024,1.0,JPEG,502013,26145dac09a38dca67c03fde504ad164,07db64d4c9cb3464dce91f9ffadec8ee5e89ca0e702b92c359c794a2133baebf,1.0,cd99c22f628ff822,ok,2907.0868344215332,True,True,cluster_00164,train,/home/dheirav/Code/Deepfake_Detection/deepfake-project/dataset_builder/train/ai_generated/flux_topup_000997.jpg
data_sources/ai_generated/FLUX_TopUp/flux_topup_001002.jpg,data_sources/ai_generated/FLUX_TopUp,ai_generated,1024,1024,1.0,JPEG,242353,52ff5fa339dacef19f9bd9d6b9bcc97f,8ff3dc1bb28d259af2d990798683add6ddf917b3fe902821efcc4eedd29fb3c3,1.0,8ccc72313377698e,ok,541.8077745413966,True,True,cluster_01828,train,/home/dheirav/Code/Deepfake_Detection/deepfake-project/dataset_builder/train/ai_generated/flux_topup_001002.jpg
data_sources/ai_generated/FLUX_TopUp/flux_topup_001007.jpg,data_sources/ai_generated/FLUX_TopUp,ai_generated,1024,1024,1.0,JPEG,595127,81ba40a18a9863b5f541cbb2b9ab2170,4484bb7437683be7d669df4fd4b097a41fc7f1dbb8097325858ce85d89e78ae6,1.0,9b9e93e0122765ba,ok,2562.8114661750733,True,True,cluster_00024,train,/home/dheirav/Code/Deepfake_Detection/deepfake-project/dataset_builder/train/ai_generated/flux_topup_001007.jpg
data_sources/ai_generated/FLUX_TopUp/flux_topup_001008.jpg,data_sources/ai_generated/FLUX_TopUp,ai_generated,1024,1024,1.0,JPEG,342929,72d41a8f527d7e28bf8eda0346ea47cd,adc059dc3b1e144c42c3fc7bf4a59f92d86f5bea4b058732ecf8c5035249204e,1.0,999e967431dc20bb,ok,534.8577794149012,True,True,cluster_00996,train,/home/dheirav/Code/Deepfake_Detection/deepfake-project/dataset_builder/train/ai_generated/flux_topup_001008.jpg
data_sources/ai_generated/FLUX_TopUp/flux_topup_001012.jpg,data_sources/ai_generated/FLUX_TopUp,ai_generated,1024,1024,1.0,JPEG,341959,080b90e337d3c3f89e7038952dee7c48,625478ce0bfc078a4dcc53ac8880538815f17d56342b6d4b42302774eee70538,1.0,97c99d69a6192656,ok,778.6324462799676,True,True,cluster_01000,train,/home/dheirav/Code/Deepfake_Detection/deepfake-project/dataset_builder/train/ai_generated/flux_topup_001012.jpg
data_sources/ai_generated/FLUX_TopUp/flux_topup_001014.jpg,data_sources/ai_generated/FLUX_TopUp,ai_generated,1024,1024,1.0,JPEG,222279,4f64a08d67336fb3468592bc89ccb643,781262c1149eb8432274b7c0e8300de3977211343192a963494aa1514cca5e00,1.0,abd06cadc973902e,ok,371.63269322875465,True,True,cluster_01993,train,/home/dheirav/Code/Deepfake_Detection/deepfake-project/dataset_builder/train/ai_generated/flux_topup_001014.jpg
data_sources/ai_generated/FLUX_TopUp/flux_topup_001018.jpg,data_sources/ai_generated/FLUX_TopUp,ai_generated,1024,1024,1.0,JPEG,370921,dd9ab1753e224113507a6c632c5b4ce0,07290f10d328916dadc403f351595002e7a5e443d4664c3094fcd7993e5e37f8,1.0,9b87ef3964c8306c,ok,965.7316020087892,True,True,cluster_00825,train,/home/dheirav/Code/Deepfake_Detection/deepfake-project/dataset_builder/train/ai_generated/flux_topup_001018.jpg
data_sources/ai_generated/FLUX_TopUp/flux_topup_001022.jpg,data_sources/ai_generated/FLUX_TopUp,ai_generated,1024,1024,1.0,JPEG,337878,ce3aa14bfc822d69e49ca6904e36a6b5,e9b094260fb2f9aa4039c1197277233104bdceb16492d644117f5264b04d2663,1.0,8fcc0c8e729698f9,ok,629.3843506770272,True,True,cluster_01035,train,/home/dheirav/Code/Deepfake_Detection/deepfake-project/dataset_builder/train/ai_generated/flux_topup_001022.jpg
data_sources/ai_generated/FLUX_TopUp/flux_topup_001024.jpg,data_sources/ai_generated/FLUX_TopUp,ai_generated,1024,1024,1.0,JPEG,399322,46442984c68e0faaf0cdc9177f7afe9c,905898048fc5f122b932be6c14eb5ee4bc93d7630a6839fccacf3663b18eb1f3,1.0,c2f0b78f0d41d8ce,ok,865.5171861111512,True,True,cluster_00670,train,/home/dheirav/Code/Deepfake_Detection/deepfake-project/dataset_builder/train/ai_generated/flux_topup_001024.jpg
data_sources/ai_generated/FLUX_TopUp/flux_topup_001025.jpg,data_sources/ai_generated/FLUX_TopUp,ai_generated,1024,1024,1.0,JPEG,501785,765342b00a4c3a0a0957eea8ecfb7317,0ac5b39b15ff639fb281da4d70b46dfe70d8e6c947685a5e7a7dbeb3507a028e,1.0,8c9b3c606dacb63c,ok,1336.0428042949893,True,True,cluster_00165,train,/home/dheirav/Code/Deepfake_Detection/deepfake-project/dataset_builder/train/ai_generated/flux_topup_001025.jpg
data_sources/ai_generated/FLUX_TopUp/flux_topup_001028.jpg,data_sources/ai_generated/FLUX_TopUp,ai_generated,1024,1024,1.0,JPEG,325240,5ffc8fdc1925d336cd0e3c49eddfd718,964c091a67cae66b1072eed7c83ba748e2c377f97d7570329d38faacd97596d9,1.0,999bc68ad604eb1d,ok,1392.2239164201892,True,True,cluster_01126,train,/home/dheirav/Code/Deepfake_Detection/deepfake-project/dataset_builder/train/ai_generated/flux_topup_001028.jpg
data_sources/ai_generated/FLUX_TopUp/flux_topup_001035.jpg,data_sources/ai_generated/FLUX_TopUp,ai_generated,1024,1024,1.0,JPEG,288822,b772c6cbbad7a7ab15921ab8148dc658,c5d2cb77c1287fccfe98fc88d953873eb5b6faf81879157f1a318930bf926a73,1.0,9096c94d27333af6,ok,435.3043226436265,True,True,cluster_01437,train,/home/dheirav/Code/Deepfake_Detection/deepfake-project/dataset_builder/train/ai_generated/flux_topup_001035.jpg
data_sources/ai_generated/FLUX_TopUp/flux_topup_001038.jpg,data_sources/ai_generated/FLUX_TopUp,ai_generated,1024,1024,1.0,JPEG,489418,9f94afbca930cb4cb3392a7654146440,282473f932f1c996c28bcdf3fa0c64eb7c95d68e169d682f91898d29bcf29953,1.0,999b6eb126d232cc,ok,1205.017954248592,True,True,cluster_00213,train,/home/dheirav/Code/Deepfake_Detection/deepfake-project/dataset_builder/train/ai_generated/flux_topup_001038.jpg
data_sources/ai_generated/FLUX_TopUp/flux_topup_001039.jpg,data_sources/ai_generated/FLUX_TopUp,ai_generated,1024,1024,1.0,JPEG,303592,d4b62b2c02119a8cc5b7b421f05a3541,363ad83138741554748cc661d6361f14c8b4d5999e3691fd5ad9404e5b6c3811,1.0,929bc6c69c9c9c6c,ok,202.57707974148434,True,True,cluster_01314,train,/home/dheirav/Code/Deepfake_Detection/deepfake-project/dataset_builder/train/ai_generated/flux_topup_001039.jpg
data_sources/ai_generated/FLUX_TopUp/flux_topup_001048.jpg,data_sources/ai_generated/FLUX_TopUp,ai_generated,1024,1024,1.0,JPEG,355994,8dad14bbd394477ccc9a3a1a840a8fb6,430248c29c133722538a8c064ac87eb6f99a8306dd9af0d88b54a55d7f74c58d,1.0,b8a947923c6d6533,ok,1268.5663935215334,True,True,cluster_00920,train,/home/dheirav/Code/Deepfake_Detection/deepfake-project/dataset_builder/train/ai_generated/flux_topup_001048.jpg
data_sources/ai_generated/FLUX_TopUp/flux_topup_001054.jpg,data_sources/ai_generated/FLUX_TopUp,ai_generated,1024,1024,1.0,JPEG,421707,4e45e8a95b7e00b223c0dc398cda2f1c,ba31627451ff65e6c0861cf43f9ec01b7502fe25cfb82dd55d841eabc91928c1,1.0,9491958d8bcd393b,ok,1052.6025349182005,True,True,cluster_00535,train,/home/dheirav/Code/Deepfake_Detection/deepfake-project/dataset_builder/train/ai_generated/flux_topup_001054.jpg
data_sources/ai_generated/FLUX_TopUp/flux_topup_001055.jpg,data_sources/ai_generated/FLUX_TopUp,ai_generated,1024,1024,1.0,JPEG,358961,0127d39c229f47168fa938bdd83cda98,032617cfb85cf07ad631d2be7578ef27a241ae11235c54c3d84ab0efee034ffc,1.0,83a1596116fcf86b,ok,1496.3886409943077,True,True,cluster_00908,train,/home/dheirav/Code/Deepfake_Detection/deepfake-project/dataset_builder/train/ai_generated/flux_topup_001055.jpg
data_sources/ai_generated/FLUX_TopUp/flux_topup_001060.jpg,data_sources/ai_generated/FLUX_TopUp,ai_generated,1024,1024,1.0,JPEG,488837,bca31be588a74bab689b2c7d394cf92b,a002ca37778a2ff1ecded9cedbb573bf15aa9de558bc2a06d41acc384d787824,1.0,90b4bd7421395f0f,ok,1855.9155318036487,True,True,cluster_00219,train,/home/dheirav/Code/Deepfake_Detection/deepfake-project/dataset_builder/train/ai_generated/flux_topup_001060.jpg
data_sources/ai_generated/FLUX_TopUp/flux_topup_001061.jpg,data_sources/ai_generated/FLUX_TopUp,ai_generated,1024,1024,1.0,JPEG,301001,f82a515a039172c8cf264906bded2acf,df9e91c5d20345d7ad00c1441ff0db9affc1038460aa100072710143f9b0571d,1.0,93c99c5c32a4674f,ok,462.5590085871436,True,True,cluster_01343,train,/home/dheirav/Code/Deepfake_Detection/deepfake-project/dataset_builder/train/ai_generated/flux_topup_001061.jpg
data_sources/ai_generated/FLUX_TopUp/flux_topup_001063.jpg,data_sources/ai_generated/FLUX_TopUp,ai_generated,1024,1024,1.0,JPEG,326727,2b3d1c34358aa247e9307483245dcd50,27ebc1e5716118fa572622140e4b3499336a30f7f18421576335ffbe1c00093b,1.0,9ac7c299e619d163,ok,784.1707174940819,True,True,cluster_01119,train,/home/dheirav/Code/Deepfake_Detection/deepfake-project/dataset_builder/train/ai_generated/flux_topup_001063.jpg
data_sources/ai_generated/FLUX_TopUp/flux_topup_001066.jpg,data_sources/ai_generated/FLUX_TopUp,ai_generated,1024,1024,1.0,JPEG,425754,8ecf215e93a403d09cdef32a1c010489,c0faf714324ffc943f0ae804e0517f61d08bf32436fc61ac94fea30ba28faf1b,1.0,864789c9f8d96e31,ok,1080.6764538230332,True,True,cluster_00512,train,/home/dheirav/Code/Deepfake_Detection/deepfake-project/dataset_builder/train/ai_generated/flux_topup_001066.jpg
data_sources/ai_generated/FLUX_TopUp/flux_topup_001074.jpg,data_sources/ai_generated/FLUX_TopUp,ai_generated,1024,1024,1.0,JPEG,348315,8b9104632b203796fbe9ed4d7da4bbd3,c9fcb7f98f49398b2b6a146cf6848667feea3628751b7d4d7b190c4dc385f312,1.0,cb9e6c31e125c237,ok,785.3792589038922,True,True,cluster_00970,train,/home/dheirav/Code/Deepfake_Detection/deepfake-project/dataset_builder/train/ai_generated/flux_topup_001074.jpg
data_sources/ai_generated/FLUX_TopUp/flux_topup_001077.jpg,data_sources/ai_generated/FLUX_TopUp,ai_generated,1024,1024,1.0,JPEG,482668,b929ac3d5a71b318efa18b0441bad312,1dd1f745c0b2684304907118469c3b340d5a5bf2830a3c46aabdc63e4ab2b0f3,1.0,8fcf9858b258e549,ok,2320.7599532594886,True,True,cluster_00237,train,/home/dheirav/Code/Deepfake_Detection/deepfake-project/dataset_builder/train/ai_generated/flux_topup_001077.jpg
data_sources/ai_generated/FLUX_TopUp/flux_topup_001083.jpg,data_sources/ai_generated/FLUX_TopUp,ai_generated,1024,1024,1.0,JPEG,379987,4ab3d16d34f150ecb18e4287295a9245,7b1d8cb78a457bec378648e795dfde4233df9b4a74d97f709a47ff3a25536f5c,1.0,9d9664a968caace6,ok,1812.247416347854,True,True,cluster_00779,train,/home/dheirav/Code/Deepfake_Detection/deepfake-project/dataset_builder/train/ai_generated/flux_topup_001083.jpg
data_sources/ai_generated/FLUX_TopUp/flux_topup_001088.jpg,data_sources/ai_generated/FLUX_TopUp,ai_generated,1024,1024,1.0,JPEG,242672,c7a50a53d2c2f9c61c199c7aa4e0409f,989eb2b9f60063bd2098bd7bcedbf6179389fcb7c024e6e87aec8f803956adba,1.0,92906d7f5792b0b8,ok,405.9157944450698,True,True,cluster_01824,train,/home/dheirav/Code/Deepfake_Detection/deepfake-project/dataset_builder/train/ai_generated/flux_topup_001088.jpg
data_sources/ai_generated/FLUX_TopUp/flux_topup_001089.jpg,data_sources/ai_generated/FLUX_TopUp,ai_generated,1024,1024,1.0,JPEG,410158,c66c93eee78b7be1f919117f3e5dd46a,c9ceb2ddaa9618c4153803832fa444cddf0006e17537660b0cbefa8194ac6990,1.0,87879e9a38893a1f,ok,1131.947134697496,True,True,cluster_00606,train,/home/dheirav/Code/Deepfake_Detection/deepfake-project/dataset_builder/train/ai_generated/flux_topup_001089.jpg
data_sources/ai_generated/FLUX_TopUp/flux_topup_001091.jpg,data_sources/ai_generated/FLUX_TopUp,ai_generated,1024,1024,1.0,JPEG,331719,fb42a19a662ff0413f413426db49021b,73ab837a25ef3da979390d12429157d9842a963bf48b33a080b11af40bd1b463,1.0,9a944d4b6cd72369,ok,790.6518097672224,True,True,cluster_01084,train,/home/dheirav/Code/Deepfake_Detection/deepfake-project/dataset_builder/train/ai_generated/flux_topup_001091.jpg
data_sources/ai_generated/FLUX_TopUp/flux_topup_001096.jpg,data_sources/ai_generated/FLUX_TopUp,ai_generated,1024,1024,1.0,JPEG,375352,614e92b3438ff3c2b3d44e59f923e296,c5c45518127e3c11efedf4d350201b51df44b1bfde3780f817f38058de2462ea,1.0,c9a1b1e636ca52d6,ok,968.7039619165798,True,True,cluster_00800,train,/home/dheirav/Code/Deepfake_Detection/deepfake-project/dataset_builder/train/ai_generated/flux_topup_001096.jpg
data_sources/ai_generated/FLUX_TopUp/flux_topup_001103.jpg,data_sources/ai_generated/FLUX_TopUp,ai_generated,1024,1024,1.0,JPEG,364197,67fda3af067fc19b13713ce8e3e8efcc,5dbdde86e7276338f2525d276d0f199c4de67ff983a86ce26bb0e84b3b5e12c8,1.0,999c793066336733,ok,1445.4191840439519,True,True,cluster_00876,train,/home/dheirav/Code/Deepfake_Detection/deepfake-project/dataset_builder/train/ai_generated/flux_topup_001103.jpg
data_sources/ai_generated/FLUX_TopUp/flux_topup_001113.jpg,data_sources/ai_generated/FLUX_TopUp,ai_generated,1024,1024,1.0,JPEG,395656,919b2ff3c82cdf0c94a3c938d301667c,121f05a252927abad0808b1444f72d30779f49fd2e04e5ce255f1b12f488e762,1.0,81818af87072cfdf,ok,1947.0726830399212,True,True,cluster_00687,train,/home/dheirav/Code/Deepfake_Detection/deepfake-project/dataset_builder/train/ai_generated/flux_topup_001113.jpg
data_sources/ai_generated/FLUX_TopUp/flux_topup_001115.jpg,data_sources/ai_generated/FLUX_TopUp,ai_generated,1024,1024,1.0,JPEG,359192,6e974e222daf649719564724387d1041,384b33276951f0152f55f47e80a831b689f449355f16172422a82bc6e6c4a4bd,1.0,931292ebe1584ee7,ok,390.35678420418014,True,True,cluster_00906,train,/home/dheirav/Code/Deepfake_Detection/deepfake-project/dataset_builder/train/ai_generated/flux_topup_001115.jpg
data_sources/ai_generated/FLUX_TopUp/flux_topup_001116.jpg,data_sources/ai_generated/FLUX_TopUp,ai_generated,1024,1024,1.0,JPEG,307543,bbe0a0a940a932a529443742c9473490,41ecca92491a3e726239c75aec299c3e4344fb1f5ea73ecc36942569d4f3b101,1.0,dfea94398cd0c295,ok,913.4044646316459,True,True,cluster_01284,train,/home/dheirav/Code/Deepfake_Detection/deepfake-project/dataset_builder/train/ai_generated/flux_topup_001116.jpg
data_sources/ai_generated/FLUX_TopUp/flux_topup_001120.jpg,data_sources/ai_generated/FLUX_TopUp,ai_generated,1024,1024,1.0,JPEG,325169,d01707cb94f01a290569a3399876e6ba,35f5cf8eaadcd905248efeb3cec8226a9e3d5dff554c750f11ef28700d832d88,1.0,8996169392e6a6f3,ok,572.7321853570429,True,True,cluster_01128,train,/home/dheirav/Code/Deepfake_Detection/deepfake-project/dataset_builder/train/ai_generated/flux_topup_001120.jpg
data_sources/ai_generated/FLUX_TopUp/flux_topup_001121.jpg,data_sources/ai_generated/FLUX_TopUp,ai_generated,1024,1024,1.0,JPEG,405575,5f7a56d682a9f07a3cde8834a2718203,d62ebe6d987121c8b46e98322236f1542076c77f665c3277c306753571f7d286,1.0,9d698e59d82f700d,ok,939.9967240186961,True,True,cluster_00632,train,/home/dheirav/Code/Deepfake_Detection/deepfake-project/dataset_builder/train/ai_generated/flux_topup_001121.jpg
data_sources/ai_generated/FLUX_TopUp/flux_topup_001122.jpg,data_sources/ai_generated/FLUX_TopUp,ai_generated,1024,1024,1.0,JPEG,404081,15a3ecefee22e7594701eb6635311641,c24de695cad33fd607792c98e1cc713805ab3af30ace6bf2d03cf42ccfb48a83,1.0,9b862d399e316c1b,ok,1686.741369116105,True,True,cluster_00639,train,/home/dheirav/Code/Deepfake_Detection/deepfake-project/dataset_builder/train/ai_generated/flux_topup_001122.jpg
data_sources/ai_generated/FLUX_TopUp/flux_topup_001131.jpg,data_sources/ai_generated/FLUX_TopUp,ai_generated,1024,1024,1.0,JPEG,406205,1263f554c193e070cad0ee275ec94bc9,fe3091c4aeb383e1426e89f12ac2576c5f6750f925768e45202ac2b1968e9f9b,1.0,b4b84185be562fcc,ok,2035.127308226495,True,True,cluster_00630,train,/home/dheirav/Code/Deepfake_Detection/deepfake-project/dataset_builder/train/ai_generated/flux_topup_001131.jpg
data_sources/ai_generated/FLUX_TopUp/flux_topup_001133.jpg,data_sources/ai_generated/FLUX_TopUp,ai_generated,1024,1024,1.0,JPEG,427583,e5d0164d70c17864eb6f3b0c1292bf44,c46e1ed329805da8e7c4d0a0191b37b26d4404aaefa29066dc245446c554be8a,1.0,98c6343d2b992ee6,ok,1757.708210149437,True,True,cluster_00501,train,/home/dheirav/Code/Deepfake_Detection/deepfake-project/dataset_builder/train/ai_generated/flux_topup_001133.jpg
data_sources/ai_generated/FLUX_TopUp/flux_topup_001142.jpg,data_sources/ai_generated/FLUX_TopUp,ai_generated,1024,1024,1.0,JPEG,495782,9fb88d0e89fed94805ef9c2181517812,5ddeaaa35b79b93c23a25cc14c7ae898c6196a02223241a951f851e19b7d5ddf,1.0,d49567693a5b2e0c,ok,3590.1700635654693,True,True,cluster_00190,train,/home/dheirav/Code/Deepfake_Detection/deepfake-project/dataset_builder/train/ai_generated/flux_topup_001142.jpg
data_sources/ai_generated/FLUX_TopUp/flux_topup_001144.jpg,data_sources/ai_generated/FLUX_TopUp,ai_generated,1024,1024,1.0,JPEG,465527,178bbd408c3b889edd5b3c3132b73e72,ae4e27f047236be86912a54908b05f7fcfe1a70f2b0c7e51f04d0cec420e3e8d,1.0,908636e963997fa4,ok,2459.2963103632273,True,True,cluster_00313,train,/home/dheirav/Code/Deepfake_Detection/deepfake-project/dataset_builder/train/ai_generated/flux_topup_001144.jpg
data_sources/ai_generated/FLUX_TopUp/flux_topup_001145.jpg,data_sources/ai_generated/FLUX_TopUp,ai_generated,1024,1024,1.0,JPEG,412997,6bff14806532d64331243fe3d5abe8de,3e3f0136c7d8e3945651f68784a0811007223c35dec1f654bc2d3d4dce16fb76,1.0,d896b66517e4242f,ok,1431.3450307961746,True,True,cluster_00585,train,/home/dheirav/Code/Deepfake_Detection/deepfake-project/dataset_builder/train/ai_generated/flux_topup_001145.jpg
data_sources/ai_generated/FLUX_TopUp/flux_topup_001146.jpg,data_sources/ai_generated/FLUX_TopUp,ai_generated,1024,1024,1.0,JPEG,488195,c9a37728ac46d98fa1de59258e766e59,74abf8eb38e90da15f86e5995b031137e707f111e136334d0de33a04580811d3,1.0,989a72b24e2ccaf3,ok,2213.869823981243,True,True,cluster_00222,train,/home/dheirav/Code/Deepfake_Detection/deepfake-project/dataset_builder/train/ai_generated/flux_topup_001146.jpg
data_sources/ai_generated/FLUX_TopUp/flux_topup_001148.jpg,data_sources/ai_generated/FLUX_TopUp,ai_generated,1024,1024,1.0,JPEG,277746,4d0ed01eddb8c925a311d7b3a7c095c0,46d01533da0f925893d08d3f115ebcaa81596adee4268e58f497af76be23faa9,1.0,9496b28eec39cac6,ok,395.5943135810294,True,True,cluster_01523,train,/home/dheirav/Code/Deepfake_Detection/deepfake-project/dataset_builder/train/ai_generated/flux_topup_001148.jpg
data_sources/ai_generated/FLUX_TopUp/flux_topup_001152.jpg,data_sources/ai_generated/FLUX_TopUp,ai_generated,1024,1024,1.0,JPEG,435089,c320fd2854911c420c4691215d07270e,23836f5773383252a295765c5bb9586bd630a113c5470312e8c44c81f9cfb22a,1.0,cde5b27291b08c6d,ok,820.7406709724444,True,True,cluster_00452,train,/home/dheirav/Code/Deepfake_Detection/deepfake-project/dataset_builder/train/ai_generated/flux_topup_001152.jpg
data_sources/ai_generated/FLUX_TopUp/flux_topup_001155.jpg,data_sources/ai_generated/FLUX_TopUp,ai_generated,1024,1024,1.0,JPEG,526960,50ebc5dbc07d17ce411274c49c41aa7f,ba595cff3fa763b9d1772b227c8b52e5b9a0a4ba9c6ae7020f0b5c573aca5932,1.0,948381db175e5c2f,ok,3115.011564404346,True,True,cluster_00107,train,/home/dheirav/Code/Deepfake_Detection/deepfake-project/dataset_builder/train/ai_generated/flux_topup_001155.jpg
data_sources/ai_generated/FLUX_TopUp/flux_topup_001161.jpg,data_sources/ai_generated/FLUX_TopUp,ai_generated,1024,1024,1.0,JPEG,501554,a5bffc783bd15332adb9e60994bac7fd,d8ef9940253f67a8c3cad1a3e950515f82814b161451fab9cc0db385c9a5c386,1.0,c8cb60682f9b3a1f,ok,1733.3093922905932,True,True,cluster_00166,train,/home/dheirav/Code/Deepfake_Detection/deepfake-project/dataset_builder/train/ai_generated/flux_topup_001161.jpg
data_sources/ai_generated/FLUX_TopUp/flux_topup_001163.jpg,data_sources/ai_generated/FLUX_TopUp,ai_generated,1024,1024,1.0,JPEG,247535,0ae49b2182e7b91af307379af7efca20,302c2bde8982b2e7d3963732f6ecdad5ff906348e8974d816e758d7159ed189f,1.0,93922c6c4dd96d4d,ok,183.41046031139558,True,True,cluster_01783,train,/home/dheirav/Code/Deepfake_Detection/deepfake-project/dataset_builder/train/ai_generated/flux_topup_001163.jpg
data_sources/ai_generated/FLUX_TopUp/flux_topup_001168.jpg,data_sources/ai_generated/FLUX_TopUp,ai_generated,1024,1024,1.0,JPEG,397820,bb10356566d2ea08616144ad5865b4f0,0af2554d98d496813fd91be6c07a3cbe85841f3cb177d4532416bded46d32554,1.0,cca13632f387c89d,ok,509.619323021673,True,True,cluster_00673,train,/home/dheirav/Code/Deepfake_Detection/deepfake-project/dataset_builder/train/ai_generated/flux_topup_001168.jpg
data_sources/ai_generated/FLUX_TopUp/flux_topup_001172.jpg,data_sources/ai_generated/FLUX_TopUp,ai_generated,1024,1024,1.0,JPEG,251699,bb75650e870c75a233b3b11ba0c3bdaf,2d9fdbbd6e7dee2858a42b06bc8ed7e9e3621ae41e9afe4370f122cb0091af0c,1.0,cecf311ce8e43549,ok,279.0478390958415,True,True,cluster_01747,train,/home/dheirav/Code/Deepfake_Detection/deepfake-project/dataset_builder/train/ai_generated/flux_topup_001172.jpg
data_sources/ai_generated/FLUX_TopUp/flux_topup_001175.jpg,data_sources/ai_generated/FLUX_TopUp,ai_generated,1024,1024,1.0,JPEG,509726,befd10df9a66f52e60b695f6bc5456a4,6ee0c559d3b4946aec7b297f243c232da9855d06984a018d6dd21a617304af7f,1.0,d1999b9d89e06c27,ok,2829.782500712476,True,True,cluster_00144,train,/home/dheirav/Code/Deepfake_Detection/deepfake-project/dataset_builder/train/ai_generated/flux_topup_001175.jpg
data_sources/ai_generated/FLUX_TopUp/flux_topup_001177.jpg,data_sources/ai_generated/FLUX_TopUp,ai_generated,1024,1024,1.0,JPEG,337291,c53f2f4993d5138a4b78168e7ec699f0,437561f719141c2cc24706e506e1382a627e06b8265214e64bb4cb540b1e9f69,1.0,d17826c57fb0418f,ok,796.9337735010621,True,True,cluster_01040,train,/home/dheirav/Code/Deepfake_Detection/deepfake-project/dataset_builder/train/ai_generated/flux_topup_001177.jpg
data_sources/ai_generated/FLUX_TopUp/flux_topup_001179.jpg,data_sources/ai_generated/FLUX_TopUp,ai_generated,1024,1024,1.0,JPEG,420736,6e7567b3f49c6956ea55ef38688a7b73,d70f2ceca1bf29b67aed42dde0139274ae9fe8ff992ee08a0c0093e72bdc63a6,1.0,a0a0d68fab5c5d35,ok,1804.5862065044307,True,True,cluster_00541,train,/home/dheirav/Code/Deepfake_Detection/deepfake-project/dataset_builder/train/ai_generated/flux_topup_001179.jpg
data_sources/ai_generated/FLUX_TopUp/flux_topup_001180.jpg,data_sources/ai_generated/FLUX_TopUp,ai_generated,1024,1024,1.0,JPEG,226288,d3fb3accbb3b537348d2cacaca4130f8,7b0dbdb1408f07118048f09be57e883db66a5ca89acebd0d31684ad9783054a1,1.0,b4955b93da4c4a5a,ok,157.08597430214286,True,True,cluster_01963,train,/home/dheirav/Code/Deepfake_Detection/deepfake-project/dataset_builder/train/ai_generated/flux_topup_001180.jpg
data_sources/ai_generated/FLUX_TopUp/flux_topup_001182.jpg,data_sources/ai_generated/FLUX_TopUp,ai_generated,1024,1024,1.0,JPEG,428991,b391176b5318bb5629c72f208b998d93,c6467ea503082969781a875d2f3e18f24d66eab99cd0af1208ded0785b90c7f5,1.0,90a4236b33c67f9a,ok,2072.3691726653988,True,True,cluster_00494,train,/home/dheirav/Code/Deepfake_Detection/deepfake-project/dataset_builder/train/ai_generated/flux_topup_001182.jpg
data_sources/ai_generated/FLUX_TopUp/flux_topup_001184.jpg,data_sources/ai_generated/FLUX_TopUp,ai_generated,1024,1024,1.0,JPEG,273163,b4daccb94c1550077c2e3ea3363de986,b524af70c4ed1234627d9851d6555a5e83bac0aacdd427cc55849bed86a25fb0,1.0,e5e61e139e9e9092,ok,845.0758292197413,True,True,cluster_01561,train,/home/dheirav/Code/Deepfake_Detection/deepfake-project/dataset_builder/train/ai_generated/flux_topup_001184.jpg
data_sources/ai_generated/FLUX_TopUp/flux_topup_001185.jpg,data_sources/ai_generated/FLUX_TopUp,ai_generated,1024,1024,1.0,JPEG,405529,26c7963b756ab7e82ca04e739d52db54,f169e8e1fa9d84009ccb94d2258c216350f16b00609b5199ab243190451bb4d7,1.0,8b66723c86cbd499,ok,1483.3883506041448,True,True,cluster_00634,train,/home/dheirav/Code/Deepfake_Detection/deepfake-project/dataset_builder/train/ai_generated/flux_topup_001185.jpg
data_sources/ai_generated/FLUX_TopUp/flux_topup_001187.jpg,data_sources/ai_generated/FLUX_TopUp,ai_generated,1024,1024,1.0,JPEG,314058,7c6cb5e47ecacfd184554b54b74b507d,038aaa6c144c27d9e038f9401d2458b857b0ec2eb7b89981e70118d9b617dc20,1.0,94b034cc767e863b,ok,1039.148036952333,True,True,cluster_01218,train,/home/dheirav/Code/Deepfake_Detection/deepfake-project/dataset_builder/train/ai_generated/flux_topup_001187.jpg
data_sources/ai_generated/FLUX_TopUp/flux_topup_001190.jpg,data_sources/ai_generated/FLUX_TopUp,ai_generated,1024,1024,1.0,JPEG,454480,94110d5985a02970eeca79b2d3a57420,146d4017e1ce023deba6b90c6e3c070e4eb57778b46f816b523e95e5a92a9247,1.0,c6d6d97067c42d8a,ok,1906.9703302557673,True,True,cluster_00351,train,/home/dheirav/Code/Deepfake_Detection/deepfake-project/dataset_builder/train/ai_generated/flux_topup_001190.jpg
data_sources/ai_generated/FLUX_TopUp/flux_topup_001192.jpg,data_sources/ai_generated/FLUX_TopUp,ai_generated,1024,1024,1.0,JPEG,533136,ec577f4e70e6cd5754e9dc4018e6add7,e21fc6a34a1c0bdbeac38bfa001ba6f69c8bd96f6f9e369ff247a1edda19677e,1.0,9b9f3c643236249b,ok,2053.5979917874747,True,True,cluster_00097,train,/home/dheirav/Code/Deepfake_Detection/deepfake-project/dataset_builder/train/ai_generated/flux_topup_001192.jpg
data_sources/ai_generated/FLUX_TopUp/flux_topup_001193.jpg,data_sources/ai_generated/FLUX_TopUp,ai_generated,1024,1024,1.0,JPEG,241368,9b4eb408dff9e1a42ec15b5781fb60c1,894c0ab91fd08404b7fff2cff8cecb0993abb7cbc91e06065a2e7e11943067df,1.0,99b3636cc8d07335,ok,188.64385150046655,True,True,cluster_01842,train,/home/dheirav/Code/Deepfake_Detection/deepfake-project/dataset_builder/train/ai_generated/flux_topup_001193.jpg
data_sources/ai_generated/FLUX_TopUp/flux_topup_001194.jpg,data_sources/ai_generated/FLUX_TopUp,ai_generated,1024,1024,1.0,JPEG,244425,e02d335de3081b9b4643193f80851c3e,38ff8da37ba2f20c0c27bbd144a7488fc8edcad3e10bbd3660d4b8503efa0c7c,1.0,849959cd92b2ad97,ok,438.17399139052935,True,True,cluster_01812,train,/home/dheirav/Code/Deepfake_Detection/deepfake-project/dataset_builder/train/ai_generated/flux_topup_001194.jpg
data_sources/ai_generated/FLUX_TopUp/flux_topup_001195.jpg,data_sources/ai_generated/FLUX_TopUp,ai_generated,1024,1024,1.0,JPEG,470303,b4456bfc1556d4ce57ded768f184c18a,a1c78e5b9153a9210599bf7831fbe7d1aaacb06ffac7641d0d2a091a6cdb1c89,1.0,d894d09e269c679e,ok,2594.203703570878,True,True,cluster_00288,train,/home/dheirav/Code/Deepfake_Detection/deepfake-project/dataset_builder/train/ai_generated/flux_topup_001195.jpg
data_sources/ai_generated/FLUX_TopUp/flux_topup_001198.jpg,data_sources/ai_generated/FLUX_TopUp,ai_generated,1024,1024,1.0,JPEG,571912,f74a42f5a002d9cdcf82c6ba7ebfe2a0,fb5b3e8e24246e73055257760e0d124430a8376289bcbb37b24bc71f9759e2e0,1.0,d993c2e723697258,ok,4769.491537744629,True,True,cluster_00042,train,/home/dheirav/Code/Deepfake_Detection/deepfake-project/dataset_builder/train/ai_generated/flux_topup_001198.jpg
data_sources/ai_generated/FLUX_TopUp/flux_topup_001201.jpg,data_sources/ai_generated/FLUX_TopUp,ai_generated,1024,1024,1.0,JPEG,304497,dc842a414957b388f88d416d97a36241,1b8e76120bc4c02f0a4f1b80da58450179364b0c9b7c409c9d448ef6f060f9e2,1.0,9992364ced3331cb,ok,215.47398058928957,True,True,cluster_01309,train,/home/dheirav/Code/Deepfake_Detection/deepfake-project/dataset_builder/train/ai_generated/flux_topup_001201.jpg
data_sources/ai_generated/FLUX_TopUp/flux_topup_001202.jpg,data_sources/ai_generated/FLUX_TopUp,ai_generated,1024,1024,1.0,JPEG,277611,452749b4189c797ed6aefb279b61b1c7,c0c47a88adb961700fdb8a48e894e11788f49278601fa80abda91ef2034c9909,1.0,c7ec189373338666,ok,278.6039733828511,True,True,cluster_01526,train,/home/dheirav/Code/Deepfake_Detection/deepfake-project/dataset_builder/train/ai_generated/flux_topup_001202.jpg
data_sources/ai_generated/FLUX_TopUp/flux_topup_001203.jpg,data_sources/ai_generated/FLUX_TopUp,ai_generated,1024,1024,1.0,JPEG,307164,896414f85699c4b978cc73406ff90c7d,db608667384f2dfc6ada34a808d7be0f58e16907ab674dd5da5786a095663a97,1.0,969c96b6670d8d25,ok,314.30174117862674,True,True,cluster_01288,train,/home/dheirav/Code/Deepfake_Detection/deepfake-project/dataset_builder/train/ai_generated/flux_topup_001203.jpg
data_sources/ai_generated/FLUX_TopUp/flux_topup_001204.jpg,data_sources/ai_generated/FLUX_TopUp,ai_generated,1024,1024,1.0,JPEG,463565,64017f15066040abfa2f6034dc9b586f,9cef13373d3e0c45d2d896400dcadbf23661611516a2980735bab2252673596b,1.0,9df6c6b0728965c2,ok,1088.4486363881733,True,True,cluster_00317,train,/home/dheirav/Code/Deepfake_Detection/deepfake-project/dataset_builder/train/ai_generated/flux_topup_001204.jpg
data_sources/ai_generated/FLUX_TopUp/flux_topup_001216.jpg,data_sources/ai_generated/FLUX_TopUp,ai_generated,1024,1024,1.0,JPEG,229331,b5c74293b2549fe730a6a4c9066f9a74,73262257fe2ee4d596924e32222c1bc2244245e4580a36e89f1c13e1efb4f743,1.0,9ad0899999d9c36b,ok,903.6521238999622,True,True,cluster_01937,train,/home/dheirav/Code/Deepfake_Detection/deepfake-project/dataset_builder/train/ai_generated/flux_topup_001216.jpg
data_sources/ai_generated/FLUX_TopUp/flux_topup_001217.jpg,data_sources/ai_generated/FLUX_TopUp,ai_generated,1024,1024,1.0,JPEG,394058,ae01a1678ae8f3f62e63138ec6813398,bab13622294763af1b0c3836b11afe2479c652d6ee237341f71ef32c48b1d651,1.0,847d303f2f49b2c3,ok,1632.8126644908293,True,True,cluster_00697,train,/home/dheirav/Code/Deepfake_Detection/deepfake-project/dataset_builder/train/ai_generated/flux_topup_001217.jpg
data_sources/ai_generated/FLUX_TopUp/flux_topup_001221.jpg,data_sources/ai_generated/FLUX_TopUp,ai_generated,1024,1024,1.0,JPEG,417034,9952b06342e567546e6748a21a8527c9,6df2922d3071b4c0de92b6229ea28ac795e3032e30418af533424265faf25d50,1.0,94b3aac9d205c4fd,ok,1959.789944781907,True,True,cluster_00559,train,/home/dheirav/Code/Deepfake_Detection/deepfake-project/dataset_builder/train/ai_generated/flux_topup_001221.jpg
data_sources/ai_generated/FLUX_TopUp/flux_topup_001222.jpg,data_sources/ai_generated/FLUX_TopUp,ai_generated,1024,1024,1.0,JPEG,413045,64b4b72fba3ad09073fd9d6e9757ec3b,01f1ef64ce8af6951fa32ffd91eafd11a1a00559eec0278d4a336d8ab26e972d,1.0,f4f40b8abc5913d1,ok,1843.999147059508,True,True,cluster_00584,train,/home/dheirav/Code/Deepfake_Detection/deepfake-project/dataset_builder/train/ai_generated/flux_topup_001222.jpg
data_sources/ai_generated/FLUX_TopUp/flux_topup_001223.jpg,data_sources/ai_generated/FLUX_TopUp,ai_generated,1024,1024,1.0,JPEG,433752,a5d245289a5ec277df281fd4a3deb929,2f1b0b6039ecf21c683a2d21edcef28cead2575fe8a0490954873d7d1fc05697,1.0,94b4afea53923619,ok,1917.1915738189666,True,True,cluster_00457,train,/home/dheirav/Code/Deepfake_Detection/deepfake-project/dataset_builder/train/ai_generated/flux_topup_001223.jpg
data_sources/ai_generated/FLUX_TopUp/flux_topup_001225.jpg,data_sources/ai_generated/FLUX_TopUp,ai_generated,1024,1024,1.0,JPEG,429452,c6686a804ccf190db5f992842326991c,c55d52d43002b51735d9551bf24d0098b59e6189e47d63f02a053745777243f0,1.0,961a989d69996799,ok,1915.8263211779981,True,True,cluster_00491,train,/home/dheirav/Code/Deepfake_Detection/deepfake-project/dataset_builder/train/ai_generated/flux_topup_001225.jpg
data_sources/ai_generated/FLUX_TopUp/flux_topup_001226.jpg,data_sources/ai_generated/FLUX_TopUp,ai_generated,1024,1024,1.0,JPEG,529643,bdd4b85dfe64e5b7017ad223fc3e07f2,bed6d89d652ec314221fa3ed5409a01970bdd8f6770ebf09a535153945e5e4fc,1.0,8cccb3a6389174cf,ok,1876.6193842403009,True,True,cluster_00104,train,/home/dheirav/Code/Deepfake_Detection/deepfake-project/dataset_builder/train/ai_generated/flux_topup_001226.jpg
data_sources/ai_generated/FLUX_TopUp/flux_topup_001230.jpg,data_sources/ai_generated/FLUX_TopUp,ai_generated,1024,1024,1.0,JPEG,232093,f227d0fe54287215b706acdf0223865d,efb5d1cf423bcbe20b18bbc758756a74cec0aac1a50501b5ae7d6259e920a896,1.0,b0edc9b9b4c44636,ok,406.3310231702043,True,True,cluster_01921,train,/home/dheirav/Code/Deepfake_Detection/deepfake-project/dataset_builder/train/ai_generated/flux_topup_001230.jpg
data_sources/ai_generated/FLUX_TopUp/flux_topup_001231.jpg,data_sources/ai_generated/FLUX_TopUp,ai_generated,1024,1024,1.0,JPEG,406775,08aa4e3f06cfc80898e3e1531d0b1f66,dc4825be353af87017f2572f897571b823df064a41cb5bad5c467f78b5f94ec4,1.0,c8e5ed9a321d8539,ok,649.4856763006235,True,True,cluster_00623,train,/home/dheirav/Code/Deepfake_Detection/deepfake-project/dataset_builder/train/ai_generated/flux_topup_001231.jpg
data_sources/ai_generated/FLUX_TopUp/flux_topup_001232.jpg,data_sources/ai_generated/FLUX_TopUp,ai_generated,1024,1024,1.0,JPEG,267582,c1882073da8456bc12d516b7573aff55,0d409e0dd0d9349977b55faa9dbc2f6fa39a8332794e36a759ea8a40e7a2de48,1.0,cc240ed8d39e99da,ok,723.4411019596589,True,True,cluster_01604,train,/home/dheirav/Code/Deepfake_Detection/deepfake-project/dataset_builder/train/ai_generated/flux_topup_001232.jpg
data_sources/ai_generated/FLUX_TopUp/flux_topup_001234.jpg,data_sources/ai_generated/FLUX_TopUp,ai_generated,1024,1024,1.0,JPEG,369687,7f48ea25540bd9647b48fb31aae5bfbd,d5da9bf28ba8bce16e93b656236b77b5d6b353536bdb87c7265c1aefd98b0349,1.0,a68259393f8e0de3,ok,1384.9039254863123,True,True,cluster_00835,train,/home/dheirav/Code/Deepfake_Detection/deepfake-project/dataset_builder/train/ai_generated/flux_topup_001234.jpg
data_sources/ai_generated/FLUX_TopUp/flux_topup_001241.jpg,data_sources/ai_generated/FLUX_TopUp,ai_generated,1024,1024,1.0,JPEG,419625,99e7a3b673c1eb77907ab01e2a84583b,dfde77655a22b7bc9f720ef83252bc65f763045d7ebfb060d369023b8732c45c,1.0,95b72a7a1c5f1e80,ok,2959.782398660084,True,True,cluster_00547,train,/home/dheirav/Code/Deepfake_Detection/deepfake-project/dataset_builder/train/ai_generated/flux_topup_001241.jpg
data_sources/ai_generated/FLUX_TopUp/flux_topup_001244.jpg,data_sources/ai_generated/FLUX_TopUp,ai_generated,1024,1024,1.0,JPEG,461582,6e8ca98885020f95da9acb7a087db5ca,4fde9359214051976de6ea47d26806d4f4374436a5e370a4e8143a3e01dfd64f,1.0,d99e36c6e4336491,ok,2151.049086340695,True,True,cluster_00328,train,/home/dheirav/Code/Deepfake_Detection/deepfake-project/dataset_builder/train/ai_generated/flux_topup_001244.jpg
data_sources/ai_generated/FLUX_TopUp/flux_topup_001245.jpg,data_sources/ai_generated/FLUX_TopUp,ai_generated,1024,1024,1.0,JPEG,303610,2f30690d624bd2a7cfb593fe5b94e624,41522ce5cbcf0e64c807701120bb5ddaeeabe746b031e63397ad166c9245037c,1.0,d5f56c480f43307e,ok,310.8268367428682,True,True,cluster_01313,train,/home/dheirav/Code/Deepfake_Detection/deepfake-project/dataset_builder/train/ai_generated/flux_topup_001245.jpg
data_sources/ai_generated/FLUX_TopUp/flux_topup_001248.jpg,data_sources/ai_generated/FLUX_TopUp,ai_generated,1024,1024,1.0,JPEG,349290,2b55e2bd83ea568d6c18348a07cf0581,5102b2214191c7326fdac4a6c05056aa8c98ce6513fd6caf978385729e4ef1cd,1.0,95ed7ad0e11e2f01,ok,1326.5863556390823,True,True,cluster_00959,train,/home/dheirav/Code/Deepfake_Detection/deepfake-project/dataset_builder/train/ai_generated/flux_topup_001248.jpg
data_sources/ai_generated/FLUX_TopUp/flux_topup_001250.jpg,data_sources/ai_generated/FLUX_TopUp,ai_generated,1024,1024,1.0,JPEG,321056,e6bdfc3b4a1ef94f372c8b442a1ecfe4,7b5f8012d8bd05a2fd0fdc850f45b3c6fd12fea9cf755c9359af6e3d8652e035,1.0,929838d336b467ce,ok,143.326721638884,True,True,cluster_01170,train,/home/dheirav/Code/Deepfake_Detection/deepfake-project/dataset_builder/train/ai_generated/flux_topup_001250.jpg
data_sources/ai_generated/FLUX_TopUp/flux_topup_001254.jpg,data_sources/ai_generated/FLUX_TopUp,ai_generated,1024,1024,1.0,JPEG,420648,416e9e20c3d1e40d32bc1aed0ae99953,98daebe8db3bb8aac49d0c0926e6de32f749216fb85548503e566de6c03f308c,1.0,849b43472cbe73c5,ok,1783.7321573994982,True,True,cluster_00542,train,/home/dheirav/Code/Deepfake_Detection/deepfake-project/dataset_builder/train/ai_generated/flux_topup_001254.jpg
data_sources/ai_generated/FLUX_TopUp/flux_topup_001259.jpg,data_sources/ai_generated/FLUX_TopUp,ai_generated,1024,1024,1.0,JPEG,414792,86fb9a8ab31ab6c554a1d085bfcfd4b5,540519e6a8bddc72fed5cf2ae1c38613ed75f85cb55c0bcbe5c43efa36eaa378,1.0,9b9b3aea32e16341,ok,1272.6241797336843,True,True,cluster_00571,train,/home/dheirav/Code/Deepfake_Detection/deepfake-project/dataset_builder/train/ai_generated/flux_topup_001259.jpg
data_sources/ai_generated/FLUX_TopUp/flux_topup_001265.jpg,data_sources/ai_generated/FLUX_TopUp,ai_generated,1024,1024,1.0,JPEG,403243,a9241530d843fa0993863c164de6e086,a999e3f4ea714985d9c52a0f70a4fc98b30972799c5ab078b2169284b9837942,1.0,a4a4cf4fd9d89289,ok,1499.2055887675233,True,True,cluster_00650,train,/home/dheirav/Code/Deepfake_Detection/deepfake-project/dataset_builder/train/ai_generated/flux_topup_001265.jpg
data_sources/ai_generated/FLUX_TopUp/flux_topup_001268.jpg,data_sources/ai_generated/FLUX_TopUp,ai_generated,1024,1024,1.0,JPEG,289469,760863bfe4ee4b588597ce639370a0b8,8dfeaf8476cc1549cff4fc203690d10176e9679dc70eca2db7e2fa8ff24e146e,1.0,889c9cdae28b8b73,ok,937.4868079107973,True,True,cluster_01427,train,/home/dheirav/Code/Deepfake_Detection/deepfake-project/dataset_builder/train/ai_generated/flux_topup_001268.jpg
data_sources/ai_generated/FLUX_TopUp/flux_topup_001273.jpg,data_sources/ai_generated/FLUX_TopUp,ai_generated,1024,1024,1.0,JPEG,548779,226eb3ffc3b6028d810aa967e90e79e8,58d019c0eb041f2c9d725edba698efbc5cea8d61295d3989f9455373a375329e,1.0,95c7c691783c655a,ok,3896.2392653556153,True,True,cluster_00065,train,/home/dheirav/Code/Deepfake_Detection/deepfake-project/dataset_builder/train/ai_generated/flux_topup_001273.jpg
data_sources/ai_generated/FLUX_TopUp/flux_topup_001278.jpg,data_sources/ai_generated/FLUX_TopUp,ai_generated,1024,1024,1.0,JPEG,274239,4611f1952507db1b9ed037b335dafb20,ff8bff7fdff6ea86a0eb1d9b834df0dbb22327ea99a4f4ec002ca49bd9ecbd3d,1.0,ccf6038f2f703133,ok,397.18018910940737,True,True,cluster_01548,train,/home/dheirav/Code/Deepfake_Detection/deepfake-project/dataset_builder/train/ai_generated/flux_topup_001278.jpg
data_sources/ai_generated/FLUX_TopUp/flux_topup_001283.jpg,data_sources/ai_generated/FLUX_TopUp,ai_generated,1024,1024,1.0,JPEG,235862,132cdffcd63a651a143c2ed3583efb28,7abd92cd96907d19e9f9d49cfc6bcd6a1aa42401468f84f636622bb5fd6bac67,1.0,98e61b443baf2ca3,ok,190.47274553024909,True,True,cluster_01891,train,/home/dheirav/Code/Deepfake_Detection/deepfake-project/dataset_builder/train/ai_generated/flux_topup_001283.jpg
data_sources/ai_generated/FLUX_TopUp/flux_topup_001285.jpg,data_sources/ai_generated/FLUX_TopUp,ai_generated,1024,1024,1.0,JPEG,399232,f85161c5b9eeaef675b6359aa5702819,d4005cc0f2ca4fa3cd82418d0c2eed3dfb35df6ff1138024073910864e572219,1.0,eefe02c49f1a18e8,ok,1390.979581237621,True,True,cluster_00671,train,/home/dheirav/Code/Deepfake_Detection/deepfake-project/dataset_builder/train/ai_generated/flux_topup_001285.jpg
data_sources/ai_generated/FLUX_TopUp/flux_topup_001289.jpg,data_sources/ai_generated/FLUX_TopUp,ai_generated,1024,1024,1.0,JPEG,389627,fc4d72bc97af13d6d993959e66bf53bf,87ad87636495dcc6566d1c323c888ba6ad148e6ea932a970ea552a171520953f,1.0,d4f62c0951e939a7,ok,1569.2268008219212,True,True,cluster_00720,train,/home/dheirav/Code/Deepfake_Detection/deepfake-project/dataset_builder/train/ai_generated/flux_topup_001289.jpg
data_sources/ai_generated/FLUX_TopUp/flux_topup_001293.jpg,data_sources/ai_generated/FLUX_TopUp,ai_generated,1024,1024,1.0,JPEG,411692,090100e3d0ad0d8d13cc6e95f16d3727,04ea1b002c7d8b2192efaeed58bc6d6bfd2346f64c7706dba49bb21427eabeb2,1.0,c538c3c63cd94d39,ok,733.5691403157387,True,True,cluster_00593,train,/home/dheirav/Code/Deepfake_Detection/deepfake-project/dataset_builder/train/ai_generated/flux_topup_001293.jpg
data_sources/ai_generated/FLUX_TopUp/flux_topup_001294.jpg,data_sources/ai_generated/FLUX_TopUp,ai_generated,1024,1024,1.0,JPEG,360642,2cb7eef09e5fff18aa579044c5a5f40e,14b2bdb19ab554efd75e653163fc9bc5b51a171bec6c87f55f1165ecd6ecaee7,1.0,96d9caf94d4a4c23,ok,1311.2774934457402,True,True,cluster_00894,train,/home/dheirav/Code/Deepfake_Detection/deepfake-project/dataset_builder/train/ai_generated/flux_topup_001294.jpg
data_sources/ai_generated/FLUX_TopUp/flux_topup_001295.jpg,data_sources/ai_generated/FLUX_TopUp,ai_generated,1024,1024,1.0,JPEG,363102,acb7be1618d07c33821684eed527d5d2,07f8d7d8e401650f65090a75ddc4b3bff6198fc9849d4303cd0400d8a3bf729b,1.0,86ed4b123729b0bd,ok,767.9346929577214,True,True,cluster_00883,train,/home/dheirav/Code/Deepfake_Detection/deepfake-project/dataset_builder/train/ai_generated/flux_topup_001295.jpg
data_sources/ai_generated/FLUX_TopUp/flux_topup_001296.jpg,data_sources/ai_generated/FLUX_TopUp,ai_generated,1024,1024,1.0,JPEG,225030,d2e4202aaa18d8064b13a8b9ff503d95,6afe61371f336143b7cf2dc4896956b6946daaec28e0758bbb5862a51ea77628,1.0,c04f21991fe51ef2,ok,743.313374776916,True,True,cluster_01971,train,/home/dheirav/Code/Deepfake_Detection/deepfake-project/dataset_builder/train/ai_generated/flux_topup_001296.jpg
data_sources/ai_generated/FLUX_TopUp/flux_topup_001298.jpg,data_sources/ai_generated/FLUX_TopUp,ai_generated,1024,1024,1.0,JPEG,242805,2cf525743e198e1c116ac1cb5078221a,4a795d95493fbea17bcca937d8da5bce6cde60bcc8cc204d170a405852a869bf,1.0,89f67c3623c9dc09,ok,611.2039506911785,True,True,cluster_01822,train,/home/dheirav/Code/Deepfake_Detection/deepfake-project/dataset_builder/train/ai_generated/flux_topup_001298.jpg
data_sources/ai_generated/FLUX_TopUp/flux_topup_001300.jpg,data_sources/ai_generated/FLUX_TopUp,ai_generated,1024,1024,1.0,JPEG,327446,76cf1ea2df42ffc1b395c8463480871c,554a79b21977a57ea499f43ac062d941d5bba19fcebd6da472372c959d85ee5b,1.0,9d9d8d616c697858,ok,637.236141031546,True,True,cluster_01112,train,/home/dheirav/Code/Deepfake_Detection/deepfake-project/dataset_builder/train/ai_generated/flux_topup_001300.jpg
data_sources/ai_generated/FLUX_TopUp/flux_topup_001302.jpg,data_sources/ai_generated/FLUX_TopUp,ai_generated,1024,1024,1.0,JPEG,251776,2e895536abea2e796179140c0b7a0f9f,4518c1637f39f3c8e9c37c8e021c41748e192e8e9795549bb2d1c3b13847055b,1.0,c9c72e3d36584974,ok,1207.8220852198428,True,True,cluster_01745,train,/home/dheirav/Code/Deepfake_Detection/deepfake-project/dataset_builder/train/ai_generated/flux_topup_001302.jpg
data_sources/ai_generated/FLUX_TopUp/flux_topup_001304.jpg,data_sources/ai_generated/FLUX_TopUp,ai_generated,1024,1024,1.0,JPEG,284605,01d0d35886ce0b2d12558ed212f65676,e7a2f0b5feefc7e692348f20c9f9531268e928d19111d3495b2bf694c8bceec1,1.0,c6c359bb1f2e8225,ok,297.2418412837351,True,True,cluster_01472,train,/home/dheirav/Code/Deepfake_Detection/deepfake-project/dataset_builder/train/ai_generated/flux_topup_001304.jpg
data_sources/ai_generated/FLUX_TopUp/flux_topup_001305.jpg,data_sources/ai_generated/FLUX_TopUp,ai_generated,1024,1024,1.0,JPEG,260587,f0d118a6f615a5a961ec80f7992de802,460a91e30377ebe2b67c7564afebb16283d40e1089432addbe7e872791181aa8,1.0,959525856a6c7277,ok,253.4383920160908,True,True,cluster_01670,train,/home/dheirav/Code/Deepfake_Detection/deepfake-project/dataset_builder/train/ai_generated/flux_topup_001305.jpg
data_sources/ai_generated/FLUX_TopUp/flux_topup_001313.jpg,data_sources/ai_generated/FLUX_TopUp,ai_generated,1024,1024,1.0,JPEG,475616,12624258a09b9226c15fe4f7b63e691f,ef6966c428f6a20f2a4d81dfa28f3f9dd10eb6d65464f90c3c9079a75b9c9aaf,1.0,9d86d7b3e6c0e0a4,ok,2304.794998762659,True,True,cluster_00263,train,/home/dheirav/Code/Deepfake_Detection/deepfake-project/dataset_builder/train/ai_generated/flux_topup_001313.jpg
data_sources/ai_generated/FLUX_TopUp/flux_topup_001317.jpg,data_sources/ai_generated/FLUX_TopUp,ai_generated,1024,1024,1.0,JPEG,382403,4015227326b4488bbf1557b0cba1a72b,8954a65a51b35c86134cbec0556b650d54136543c82c0640f41a9dd6d66ce3db,1.0,90a7efdb461f0c88,ok,1865.8010440245548,True,True,cluster_00766,train,/home/dheirav/Code/Deepfake_Detection/deepfake-project/dataset_builder/train/ai_generated/flux_topup_001317.jpg
data_sources/ai_generated/FLUX_TopUp/flux_topup_001324.jpg,data_sources/ai_generated/FLUX_TopUp,ai_generated,1024,1024,1.0,JPEG,255274,5f11aa265fa7b537911a7a9ac08058f7,41192d18e0fd284bf459e18d4e21aa745a8520aebb82ed960d2313f2aa6e19f4,1.0,c7c3ced862161793,ok,167.20942190630646,True,True,cluster_01713,train,/home/dheirav/Code/Deepfake_Detection/deepfake-project/dataset_builder/train/ai_generated/flux_topup_001324.jpg
data_sources/ai_generated/FLUX_TopUp/flux_topup_001329.jpg,data_sources/ai_generated/FLUX_TopUp,ai_generated,1024,1024,1.0,JPEG,288147,a1baec88c65a3c1bf9dfb0ab92b9903c,a84db903264fc29b16998d091fbb9d37dd252f6fbac27d129cfcd8d352026021,1.0,9596b4b8ac9b4e0b,ok,835.7509555589602,True,True,cluster_01443,train,/home/dheirav/Code/Deepfake_Detection/deepfake-project/dataset_builder/train/ai_generated/flux_topup_001329.jpg
data_sources/ai_generated/FLUX_TopUp/flux_topup_001332.jpg,data_sources/ai_generated/FLUX_TopUp,ai_generated,1024,1024,1.0,JPEG,429592,5081920ee00ce04dfb6e8aab7262d62a,fb9e6a1f898422abb5f70fcc186d245b1b769c4fe5915531c3696d2576d23573,1.0,bbe2c68519b46a53,ok,1133.3756625250453,True,True,cluster_00490,train,/home/dheirav/Code/Deepfake_Detection/deepfake-project/dataset_builder/train/ai_generated/flux_topup_001332.jpg
data_sources/ai_generated/FLUX_TopUp/flux_topup_001335.jpg,data_sources/ai_generated/FLUX_TopUp,ai_generated,1024,1024,1.0,JPEG,389102,52e3431ab6d7b3755d943f91c8dbb301,c0260be4a95193147eb94f9fb1f2eb5459a6885f07c66e864acb9bf230dda736,1.0,9ebe63c158883be8,ok,625.4900401767663,True,True,cluster_00726,train,/home/dheirav/Code/Deepfake_Detection/deepfake-project/dataset_builder/train/ai_generated/flux_topup_001335.jpg
data_sources/ai_generated/FLUX_TopUp/flux_topup_001336.jpg,data_sources/ai_generated/FLUX_TopUp,ai_generated,1024,1024,1.0,JPEG,295966,0058223720fcad89cfb96b9b766a0a88,8c535a9fbaf350bef88d45dc87a799d843980e849e301bba0ba1b3b27389181c,1.0,c7cf903cdc876382,ok,879.6157128463818,True,True,cluster_01376,train,/home/dheirav/Code/Deepfake_Detection/deepfake-project/dataset_builder/train/ai_generated/flux_topup_001336.jpg
data_sources/ai_generated/FLUX_TopUp/flux_topup_001339.jpg,data_sources/ai_generated/FLUX_TopUp,ai_generated,1024,1024,1.0,JPEG,365301,3937da6037c124d97d9f9a8f7fbb5bcf,0bae445cb51fff0122a2d20ffa9753161bce62abaf1722f579b93a606d2dde84,1.0,9b986c68966d4dc3,ok,1507.953010874011,True,True,cluster_00867,train,/home/dheirav/Code/Deepfake_Detection/deepfake-project/dataset_builder/train/ai_generated/flux_topup_001339.jpg
data_sources/ai_generated/FLUX_TopUp/flux_topup_001342.jpg,data_sources/ai_generated/FLUX_TopUp,ai_generated,1024,1024,1.0,JPEG,303094,63bb7c5f195ab8e9360c853852375321,49662b26f067679f4a5954205427218b8a8e2cbdee05859530f2b0f1557b2bd9,1.0,9ea18d4832cea97e,ok,1359.9755678655015,True,True,cluster_01317,train,/home/dheirav/Code/Deepfake_Detection/deepfake-project/dataset_builder/train/ai_generated/flux_topup_001342.jpg
data_sources/ai_generated/FLUX_TopUp/flux_topup_001344.jpg,data_sources/ai_generated/FLUX_TopUp,ai_generated,1024,1024,1.0,JPEG,511111,9265fa6885ad8a6426f8dfd6939b69c8,4eee29ab4377346d0a7e5049af6dc64959fab9ed026c518c20820445979917af,1.0,99870bea649a6db2,ok,1977.9349042940578,True,True,cluster_00140,train,/home/dheirav/Code/Deepfake_Detection/deepfake-project/dataset_builder/train/ai_generated/flux_topup_001344.jpg
data_sources/ai_generated/FLUX_TopUp/flux_topup_001345.jpg,data_sources/ai_generated/FLUX_TopUp,ai_generated,1024,1024,1.0,JPEG,275715,a9f4558d9f992e904c726b4ea0cfcadf,3301633e2f75288ee2e3a73b99d2a5e3564a62a1e9efb9264813f4e64f110648,1.0,882bd55743847bd5,ok,345.81871384379235,True,True,cluster_01538,train,/home/dheirav/Code/Deepfake_Detection/deepfake-project/dataset_builder/train/ai_generated/flux_topup_001345.jpg
data_sources/ai_generated/FLUX_TopUp/flux_topup_001347.jpg,data_sources/ai_generated/FLUX_TopUp,ai_generated,1024,1024,1.0,JPEG,434006,41015c05e6a19df6a4dc3b8a5ccbb653,93396855a540fd46f66325f8528fc59dafda4ad19d5b909542c2cdff33c37df5,1.0,daa220f8b59d674a,ok,3503.074007006765,True,True,cluster_00456,train,/home/dheirav/Code/Deepfake_Detection/deepfake-project/dataset_builder/train/ai_generated/flux_topup_001347.jpg
data_sources/ai_generated/FLUX_TopUp/flux_topup_001348.jpg,data_sources/ai_generated/FLUX_TopUp,ai_generated,1024,1024,1.0,JPEG,463813,c59898758d47c5e71cbaaf8dfe5151c0,f297026ce67c55f368011a5168e9df4fea8b74611ae584dd55f83e71fa24ec35,1.0,8fcf683465326a33,ok,2196.7258248858834,True,True,cluster_00314,train,/home/dheirav/Code/Deepfake_Detection/deepfake-project/dataset_builder/train/ai_generated/flux_topup_001348.jpg
data_sources/ai_generated/FLUX_TopUp/flux_topup_001351.jpg,data_sources/ai_generated/FLUX_TopUp,ai_generated,1024,1024,1.0,JPEG,517848,1fed20345f8ec934e0520d4d6b49f843,f84aa6760be08da83bf199bdf2cf47eb61b5b4c5e5f0a6c0199a9202c690e068,1.0,91952f393b9a2a1b,ok,2191.251028288489,True,True,cluster_00125,train,/home/dheirav/Code/Deepfake_Detection/deepfake-project/dataset_builder/train/ai_generated/flux_topup_001351.jpg
data_sources/ai_generated/FLUX_TopUp/flux_topup_001353.jpg,data_sources/ai_generated/FLUX_TopUp,ai_generated,1024,1024,1.0,JPEG,460664,2368ef68ab575c7c0079b715dd0d05ed,f933a708495ed2b5f877dd6857dcf20f2e98aa1bd702ad49c73636d3e51a656b,1.0,c3c2d0f07870fcce,ok,2649.5263190553374,True,True,cluster_00331,train,/home/dheirav/Code/Deepfake_Detection/deepfake-project/dataset_builder/train/ai_generated/flux_topup_001353.jpg
data_sources/ai_generated/FLUX_TopUp/flux_topup_001354.jpg,data_sources/ai_generated/FLUX_TopUp,ai_generated,1024,1024,1.0,JPEG,603743,89a7fadb9991c6aaf20cc0d3f12dcdf4,8c7072b40207bd64c32a87e90bac828416ff14fe3fbad5f9de4043337e832942,1.0,93e39c81c3c2f1dc,ok,4952.3437704954085,True,True,cluster_00017,train,/home/dheirav/Code/Deepfake_Detection/deepfake-project/dataset_builder/train/ai_generated/flux_topup_001354.jpg
data_sources/ai_generated/FLUX_TopUp/flux_topup_001356.jpg,data_sources/ai_generated/FLUX_TopUp,ai_generated,1024,1024,1.0,JPEG,385952,ae7aefbfef532701fad052f61bc7ed6d,5c1b356a4154da5ac7d6422fa48e83c324f117ed723c8c996fbce16412b50c82,1.0,98826268729e9fb7,ok,1108.8169909001697,True,True,cluster_00746,train,/home/dheirav/Code/Deepfake_Detection/deepfake-project/dataset_builder/train/ai_generated/flux_topup_001356.jpg
data_sources/ai_generated/FLUX_TopUp/flux_topup_001357.jpg,data_sources/ai_generated/FLUX_TopUp,ai_generated,1024,1024,1.0,JPEG,324358,21e2eae73d7b4d0138fcad34bfebc4c5,2c16141df96e09d81a98baf465e5236ecaeb3ad138aa77afac20db7edb9f28f1,1.0,cdc056fc286a53ce,ok,445.0729994853572,True,True,cluster_01142,train,/home/dheirav/Code/Deepfake_Detection/deepfake-project/dataset_builder/train/ai_generated/flux_topup_001357.jpg
data_sources/ai_generated/FLUX_TopUp/flux_topup_001365.jpg,data_sources/ai_generated/FLUX_TopUp,ai_generated,1024,1024,1.0,JPEG,283873,fd40f9eed06f8f1ca1e9cd8306825f07,fb94ec658ede949327d66827a23421e03fb35ebe8ee8101419674dc13e1d8b65,1.0,8c9cb293329b9373,ok,722.0650628141657,True,True,cluster_01479,train,/home/dheirav/Code/Deepfake_Detection/deepfake-project/dataset_builder/train/ai_generated/flux_topup_001365.jpg
data_sources/ai_generated/FLUX_TopUp/flux_topup_001367.jpg,data_sources/ai_generated/FLUX_TopUp,ai_generated,1024,1024,1.0,JPEG,522876,0fb0a0c5fc5599dc8731ad8c44c37bd1,0a38fad44098fb6aae3acf5faf20485aebaab129bb0231357bc1fe79b117c4e5,1.0,99cd31d039937339,ok,2224.79803869895,True,True,cluster_00115,train,/home/dheirav/Code/Deepfake_Detection/deepfake-project/dataset_builder/train/ai_generated/flux_topup_001367.jpg
data_sources/ai_generated/FLUX_TopUp/flux_topup_001371.jpg,data_sources/ai_generated/FLUX_TopUp,ai_generated,1024,1024,1.0,JPEG,414647,b9f03104d83a461ac47e493ca10ff6d6,9a9c91f22525e8640ce3bdb060cf2d233936d2861633231cf7830a46383a12c1,1.0,8cdb64d45b2c528f,ok,1592.6520694478781,True,True,cluster_00572,train,/home/dheirav/Code/Deepfake_Detection/deepfake-project/dataset_builder/train/ai_generated/flux_topup_001371.jpg
data_sources/ai_generated/FLUX_TopUp/flux_topup_001372.jpg,data_sources/ai_generated/FLUX_TopUp,ai_generated,1024,1024,1.0,JPEG,396408,6c52158b1a5a84e2ad9dc5b082f01090,eae14274c98ec54179cb8e5bdc1d442ec19d6e0e55a076f1ecd29b2654b276de,1.0,81c44e6d3e3c7cb1,ok,726.4128133975382,True,True,cluster_00681,train,/home/dheirav/Code/Deepfake_Detection/deepfake-project/dataset_builder/train/ai_generated/flux_topup_001372.jpg
data_sources/ai_generated/FLUX_TopUp/flux_topup_001373.jpg,data_sources/ai_generated/FLUX_TopUp,ai_generated,1024,1024,1.0,JPEG,301048,78e802996a34d0574829450cc1190460,c86989a2f3fc026b7ff881903459e2a1f141b761f7564512c75a70d4fac5b9fc,1.0,e9ed0696b91a12f1,ok,729.4727961267408,True,True,cluster_01341,train,/home/dheirav/Code/Deepfake_Detection/deepfake-project/dataset_builder/train/ai_generated/flux_topup_001373.jpg
data_sources/ai_generated/FLUX_TopUp/flux_topup_001374.jpg,data_sources/ai_generated/FLUX_TopUp,ai_generated,1024,1024,1.0,JPEG,382621,dce7d06f7aacf1d8cd91c066980defcb,81224f018cf9d1fb12cc6cabe97f09f30282a4664e9ffc1b26c5acd02731ed24,1.0,92923f1d85e13e96,ok,1402.355714697725,True,True,cluster_00765,train,/home/dheirav/Code/Deepfake_Detection/deepfake-project/dataset_builder/train/ai_generated/flux_topup_001374.jpg
data_sources/ai_generated/FLUX_TopUp/flux_topup_001375.jpg,data_sources/ai_generated/FLUX_TopUp,ai_generated,1024,1024,1.0,JPEG,462292,b4198e093318b119bc30103ae1227205,57a16ff61fa5ee1a75f9449696b938f04de44d178dedcef87b1122704937522a,1.0,c7c799b891c612ce,ok,2273.6074857861227,True,True,cluster_00324,train,/home/dheirav/Code/Deepfake_Detection/deepfake-project/dataset_builder/train/ai_generated/flux_topup_001375.jpg
data_sources/ai_generated/FLUX_TopUp/flux_topup_001377.jpg,data_sources/ai_generated/FLUX_TopUp,ai_generated,1024,1024,1.0,JPEG,246779,6c6417179aae2686ada87482f6f73512,4149603179114d74ec361c2d565f2d70022f5b903bfa7376b4f24d8eb14f25cf,1.0,dbd3f63068c849cc,ok,528.2381858302358,True,True,cluster_01790,train,/home/dheirav/Code/Deepfake_Detection/deepfake-project/dataset_builder/train/ai_generated/flux_topup_001377.jpg
data_sources/ai_generated/FLUX_TopUp/flux_topup_001380.jpg,data_sources/ai_generated/FLUX_TopUp,ai_generated,1024,1024,1.0,JPEG,303021,2cd70117f63c6b6e48054ca422ed4b8b,363f9ee1aa0d05b63711777f598f3b00d47575ea4be1a7d985db1eb65cb0c180,1.0,91d5b4b925ce6c29,ok,1115.2865351996734,True,True,cluster_01320,train,/home/dheirav/Code/Deepfake_Detection/deepfake-project/dataset_builder/train/ai_generated/flux_topup_001380.jpg
data_sources/ai_generated/FLUX_TopUp/flux_topup_001381.jpg,data_sources/ai_generated/FLUX_TopUp,ai_generated,1024,1024,1.0,JPEG,264680,1b5dc66054b57a3df9d87c65e9bcb901,b6ec4d399c14fe882133bed12b8494388a510fb6101381605ab0f2f008c3ecdb,1.0,b792839dcda58d05,ok,439.69453594271533,True,True,cluster_01633,train,/home/dheirav/Code/Deepfake_Detection/deepfake-project/dataset_builder/train/ai_generated/flux_topup_001381.jpg
data_sources/ai_generated/FLUX_TopUp/flux_topup_001382.jpg,data_sources/ai_generated/FLUX_TopUp,ai_generated,1024,1024,1.0,JPEG,273156,b8ae481a19b9dd963e9761fc687cc63c,dd591f0351d9eace82413674ad8964db9f0f1f8d372d2c71a18b42c495c24c50,1.0,c29dc859cfb24732,ok,154.01813225256046,True,True,cluster_01562,train,/home/dheirav/Code/Deepfake_Detection/deepfake-project/dataset_builder/train/ai_generated/flux_topup_001382.jpg
data_sources/ai_generated/FLUX_TopUp/flux_topup_001384.jpg,data_sources/ai_generated/FLUX_TopUp,ai_generated,1024,1024,1.0,JPEG,304872,cec364fbb005bdbceb536a7e01fd3fa4,c36c898b604082210b702f5a33fa9789e3115425f54ffe335bc3e323b9670953,1.0,92b72fc0641f729c,ok,983.626244240083,True,True,cluster_01305,train,/home/dheirav/Code/Deepfake_Detection/deepfake-project/dataset_builder/train/ai_generated/flux_topup_001384.jpg
data_sources/ai_generated/FLUX_TopUp/flux_topup_001386.jpg,data_sources/ai_generated/FLUX_TopUp,ai_generated,1024,1024,1.0,JPEG,366126,49f1d505b083725b29f7a79e46a3b07c,86d824e1c18f7ad9e279520eaf3f7ad7eb5eed04a4e090193f8f4e75a991e8e7,1.0,d185f57b0c4b13d4,ok,2151.650053518198,True,True,cluster_00862,train,/home/dheirav/Code/Deepfake_Detection/deepfake-project/dataset_builder/train/ai_generated/flux_topup_001386.jpg
data_sources/ai_generated/FLUX_TopUp/flux_topup_001390.jpg,data_sources/ai_generated/FLUX_TopUp,ai_generated,1024,1024,1.0,JPEG,409066,3908c02f7ee0a744517970f6f17f396b,254fa3beaa24a26efcf9dcde1888ba6bd44cae6adce38e9ef97f0329dfef5c39,1.0,a8b856d3e9e54664,ok,1366.8557253644167,True,True,cluster_00612,train,/home/dheirav/Code/Deepfake_Detection/deepfake-project/dataset_builder/train/ai_generated/flux_topup_001390.jpg
data_sources/ai_generated/FLUX_TopUp/flux_topup_001394.jpg,data_sources/ai_generated/FLUX_TopUp,ai_generated,1024,1024,1.0,JPEG,401593,6f05734d807f9c8c57dbfbf9613fe61a,dfeb4826c0ae72fb13a7b873a4b1e25e729d12a67617cfea50bb0aeda6256a55,1.0,d5893c231db54bc9,ok,1644.0813864041952,True,True,cluster_00655,train,/home/dheirav/Code/Deepfake_Detection/deepfake-project/dataset_builder/train/ai_generated/flux_topup_001394.jpg
data_sources/ai_generated/FLUX_TopUp/flux_topup_001398.jpg,data_sources/ai_generated/FLUX_TopUp,ai_generated,1024,1024,1.0,JPEG,311617,896b3ec8df8431a978d07df6a80d7766,90ad6e95655913e06052b18ce3a03278f59b3d713b45f0141375eb3df549ffdc,1.0,86ec593ce45aa1cd,ok,1138.3871255123481,True,True,cluster_01243,train,/home/dheirav/Code/Deepfake_Detection/deepfake-project/dataset_builder/train/ai_generated/flux_topup_001398.jpg
data_sources/ai_generated/FLUX_TopUp/flux_topup_001400.jpg,data_sources/ai_generated/FLUX_TopUp,ai_generated,1024,1024,1.0,JPEG,323742,9f9bbb3a5bd303ca6d77dbd919e1a660,605e4c974b5532625e081f63dab0bbe6c02895631557bc2215b16549118194b9,1.0,b686cbc9498d71c9,ok,1284.756949777539,True,True,cluster_01145,train,/home/dheirav/Code/Deepfake_Detection/deepfake-project/dataset_builder/train/ai_generated/flux_topup_001400.jpg
data_sources/ai_generated/FLUX_TopUp/flux_topup_001401.jpg,data_sources/ai_generated/FLUX_TopUp,ai_generated,1024,1024,1.0,JPEG,487730,c2b843053841764691dff863f2e31b9f,1e0877f5ec351f21c4209cda5beef39eefc0b215c3bc928a9927436e9e3edeb0,1.0,9496666b4ae2399d,ok,2251.830879525666,True,True,cluster_00223,train,/home/dheirav/Code/Deepfake_Detection/deepfake-project/dataset_builder/train/ai_generated/flux_topup_001401.jpg
data_sources/ai_generated/FLUX_TopUp/flux_topup_001402.jpg,data_sources/ai_generated/FLUX_TopUp,ai_generated,1024,1024,1.0,JPEG,316850,2050e6e118e52d0b90d9e94c6983eec5,b7e3355213e6bc43f48a26c9d8cef52a452f6b1b335b5369e277ee9edc296e0f,1.0,8891f07838ce3f5b,ok,704.6783946960413,True,True,cluster_01198,train,/home/dheirav/Code/Deepfake_Detection/deepfake-project/dataset_builder/train/ai_generated/flux_topup_001402.jpg
data_sources/ai_generated/FLUX_TopUp/flux_topup_001404.jpg,data_sources/ai_generated/FLUX_TopUp,ai_generated,1024,1024,1.0,JPEG,267555,d9d025493870720008bbb11f598c05a8,a547de4d08f2431c32484ffd905b07023e35dc6eac53ec4943ddda9151dcf215,1.0,996b36722798699c,ok,717.7003748292473,True,True,cluster_01605,train,/home/dheirav/Code/Deepfake_Detection/deepfake-project/dataset_builder/train/ai_generated/flux_topup_001404.jpg
data_sources/ai_generated/FLUX_TopUp/flux_topup_001408.jpg,data_sources/ai_generated/FLUX_TopUp,ai_generated,1024,1024,1.0,JPEG,280907,350195c14b721f76506288b7c205c339,f4a026241963886e3056ca8d8eafd3fd1927d8d63e53913ad5829a6b2ef95ab1,1.0,d5a16a0a5a95e5da,ok,1145.9706036404668,True,True,cluster_01495,train,/home/dheirav/Code/Deepfake_Detection/deepfake-project/dataset_builder/train/ai_generated/flux_topup_001408.jpg
data_sources/ai_generated/FLUX_TopUp/flux_topup_001411.jpg,data_sources/ai_generated/FLUX_TopUp,ai_generated,1024,1024,1.0,JPEG,378307,2e3c080f02072129bbac6fe4bad15256,eb7058b9b2527082847a06eaa63ede6e087db1dfc1c0e2e18fe627874d2df20c,1.0,9b3e6164c9347327,ok,3024.5910109303572,True,True,cluster_00787,train,/home/dheirav/Code/Deepfake_Detection/deepfake-project/dataset_builder/train/ai_generated/flux_topup_001411.jpg
data_sources/ai_generated/FLUX_TopUp/flux_topup_001412.jpg,data_sources/ai_generated/FLUX_TopUp,ai_generated,1024,1024,1.0,JPEG,312465,a4b20a807ed5fecc1d528b3add9c412b,7eb42124e427dc66fa658e132e57b6e3ea38b90789b5a4e97dc835e6ae01b731,1.0,9b9b498b6d2d642c,ok,704.7131186790901,True,True,cluster_01236,train,/home/dheirav/Code/Deepfake_Detection/deepfake-project/dataset_builder/train/ai_generated/flux_topup_001412.jpg
data_sources/ai_generated/FLUX_TopUp/flux_topup_001419.jpg,data_sources/ai_generated/FLUX_TopUp,ai_generated,1024,1024,1.0,JPEG,240171,3a193c05dfb02d8b28d78515a48435f3,b961ec27005b564b35e7edaf39da7f3b826d46d32536e00163d4e54e4b55a540,1.0,99599878a51c63bd,ok,986.3966228593449,True,True,cluster_01853,train,/home/dheirav/Code/Deepfake_Detection/deepfake-project/dataset_builder/train/ai_generated/flux_topup_001419.jpg
data_sources/ai_generated/FLUX_TopUp/flux_topup_001421.jpg,data_sources/ai_generated/FLUX_TopUp,ai_generated,1024,1024,1.0,JPEG,556700,20cc205e8ec33886232793449547bddb,16927737bb2523e82b76f3b4750dd637fc21538efa931c55a410e15adb7dc979,1.0,83c7cfc94a3c4cb2,ok,3297.7328819518443,True,True,cluster_00056,train,/home/dheirav/Code/Deepfake_Detection/deepfake-project/dataset_builder/train/ai_generated/flux_topup_001421.jpg
data_sources/ai_generated/FLUX_TopUp/flux_topup_001422.jpg,data_sources/ai_generated/FLUX_TopUp,ai_generated,1024,1024,1.0,JPEG,533442,45ebce028e84e0889331547d9da9baee,7f12c7bc361871de3efee8ad21215b5b47d1c8ddcd8f43e10d4ebb699a5ff61e,1.0,978d303962f72a74,ok,2712.7846766782127,True,True,cluster_00094,train,/home/dheirav/Code/Deepfake_Detection/deepfake-project/dataset_builder/train/ai_generated/flux_topup_001422.jpg
data_sources/ai_generated/FLUX_TopUp/flux_topup_001423.jpg,data_sources/ai_generated/FLUX_TopUp,ai_generated,1024,1024,1.0,JPEG,248118,04a188f6143d28f9a9ccde4800327699,1ba2ba2384af3f30b3226ecfa1f5b73203c0589b7bae2af08ee8404989cd939e,1.0,85ce383073997e39,ok,271.03223415974935,True,True,cluster_01777,train,/home/dheirav/Code/Deepfake_Detection/deepfake-project/dataset_builder/train/ai_generated/flux_topup_001423.jpg
data_sources/ai_generated/FLUX_TopUp/flux_topup_001425.jpg,data_sources/ai_generated/FLUX_TopUp,ai_generated,1024,1024,1.0,JPEG,506981,445544fa1cb9e04d3fb920356b0899aa,f9380899ef0fcb0496c717e48b35b0828e22efe4a28acda38229d4c32c17160c,1.0,85873e2f42e069de,ok,2322.339934951377,True,True,cluster_00150,train,/home/dheirav/Code/Deepfake_Detection/deepfake-project/dataset_builder/train/ai_generated/flux_topup_001425.jpg
data_sources/ai_generated/FLUX_TopUp/flux_topup_001433.jpg,data_sources/ai_generated/FLUX_TopUp,ai_generated,1024,1024,1.0,JPEG,248147,4f47fbf70bec0edfb619535aaedf48e4,bb226fa9f80e4b71fbbc8b2771e022a660b596ea3aab8b884cd398e83f3c8bc5,1.0,93924c4d09b3face,ok,388.5999530050967,True,True,cluster_01776,train,/home/dheirav/Code/Deepfake_Detection/deepfake-project/dataset_builder/train/ai_generated/flux_topup_001433.jpg
data_sources/ai_generated/FLUX_TopUp/flux_topup_001434.jpg,data_sources/ai_generated/FLUX_TopUp,ai_generated,1024,1024,1.0,JPEG,254044,fd894977755a14747f5268bd64610511,9a87ca31300913fef747005a1c2e43f5a125e1cb24a5244643786707ecc07591,1.0,94e13e6b2b3c6352,ok,409.01083219371503,True,True,cluster_01722,train,/home/dheirav/Code/Deepfake_Detection/deepfake-project/dataset_builder/train/ai_generated/flux_topup_001434.jpg
data_sources/ai_generated/FLUX_TopUp/flux_topup_001435.jpg,data_sources/ai_generated/FLUX_TopUp,ai_generated,1024,1024,1.0,JPEG,269119,a2fcaaee1b8ae66ab840e348386edcc8,74e1e82648ba360e7f700386d9348def7c59cf22371052ad3bd92811f2efe31d,1.0,c0c24f7d6f0d0d95,ok,332.1854971369575,True,True,cluster_01594,train,/home/dheirav/Code/Deepfake_Detection/deepfake-project/dataset_builder/train/ai_generated/flux_topup_001435.jpg
data_sources/ai_generated/FLUX_TopUp/flux_topup_001437.jpg,data_sources/ai_generated/FLUX_TopUp,ai_generated,1024,1024,1.0,JPEG,421451,8c9494c5c4f061276025b754e52aef16,437e5c44cf314ff340eb0933072ed4b4e8b6566719b8d514f4f8fb0cae022600,1.0,d1fa36056dd82d49,ok,1036.6492378670146,True,True,cluster_00539,train,/home/dheirav/Code/Deepfake_Detection/deepfake-project/dataset_builder/train/ai_generated/flux_topup_001437.jpg
data_sources/ai_generated/FLUX_TopUp/flux_topup_001441.jpg,data_sources/ai_generated/FLUX_TopUp,ai_generated,1024,1024,1.0,JPEG,370609,3e77b0c67ed273f5440cc9f169745f5f,8142b2b06e041d3538ec6687f9496df17321717c1ea51f4dd1b2d2a790ee4ce1,1.0,96876d6d478383e2,ok,1100.692686757814,True,True,cluster_00829,train,/home/dheirav/Code/Deepfake_Detection/deepfake-project/dataset_builder/train/ai_generated/flux_topup_001441.jpg
data_sources/ai_generated/FLUX_TopUp/flux_topup_001442.jpg,data_sources/ai_generated/FLUX_TopUp,ai_generated,1024,1024,1.0,JPEG,379004,8e091f84dd014c9ca46eed89802960df,f57565d960b3d5e36d98ca63e88d5658f48e1837afe58a974d8b265717ba7ba7,1.0,c0d25f673932ec31,ok,952.5611934009785,True,True,cluster_00784,train,/home/dheirav/Code/Deepfake_Detection/deepfake-project/dataset_builder/train/ai_generated/flux_topup_001442.jpg
data_sources/ai_generated/FLUX_TopUp/flux_topup_001449.jpg,data_sources/ai_generated/FLUX_TopUp,ai_generated,1024,1024,1.0,JPEG,271264,9e700ce9cbf5a3c4b292fd27631c08ee,da57a61ea19a6a6590888c1d4a635f3cfdb0e35e132f723a2c9da1441bc59a57,1.0,ce9332caf2969496,ok,261.12567006585596,True,True,cluster_01578,train,/home/dheirav/Code/Deepfake_Detection/deepfake-project/dataset_builder/train/ai_generated/flux_topup_001449.jpg
data_sources/ai_generated/FLUX_TopUp/flux_topup_001451.jpg,data_sources/ai_generated/FLUX_TopUp,ai_generated,1024,1024,1.0,JPEG,379817,0c2a0405d349f3f15f2df7278809067c,2db84717d5deeb90020120e59d927713a039746f5578a0b16f60f23ef28cc885,1.0,9094666f32db1df0,ok,1442.153754672427,True,True,cluster_00780,train,/home/dheirav/Code/Deepfake_Detection/deepfake-project/dataset_builder/train/ai_generated/flux_topup_001451.jpg
data_sources/ai_generated/FLUX_TopUp/flux_topup_001455.jpg,data_sources/ai_generated/FLUX_TopUp,ai_generated,1024,1024,1.0,JPEG,463083,af44363b6497ef442986f408650f7b79,ebf9e107cd99c94aaea249fb43e06e7eede9396cca28e4272e8e251ed3bfed7b,1.0,91848e3b7aa0d7bc,ok,2858.2880494637047,True,True,cluster_00318,train,/home/dheirav/Code/Deepfake_Detection/deepfake-project/dataset_builder/train/ai_generated/flux_topup_001455.jpg
data_sources/ai_generated/FLUX_TopUp/flux_topup_001456.jpg,data_sources/ai_generated/FLUX_TopUp,ai_generated,1024,1024,1.0,JPEG,322022,cef9ffde070a1e3e34efccf0aa47d9e3,cae4f80ca9f754605b0a6b1277e8295bfb6f0fcebe62e0abdc44ad7f750f8369,1.0,d0ce6e66658335c5,ok,1044.7756905470992,True,True,cluster_01162,train,/home/dheirav/Code/Deepfake_Detection/deepfake-project/dataset_builder/train/ai_generated/flux_topup_001456.jpg
data_sources/ai_generated/FLUX_TopUp/flux_topup_001457.jpg,data_sources/ai_generated/FLUX_TopUp,ai_generated,1024,1024,1.0,JPEG,426702,a6a8cb02e846aa9e863a2a9d447008b0,2d327d10e906867deb4f0db5998d49919d14c78d7ad1b5b98e1cc4d657edcd68,1.0,d909cd0636a97eca,ok,1295.3382398701176,True,True,cluster_00506,train,/home/dheirav/Code/Deepfake_Detection/deepfake-project/dataset_builder/train/ai_generated/flux_topup_001457.jpg
data_sources/ai_generated/FLUX_TopUp/flux_topup_001458.jpg,data_sources/ai_generated/FLUX_TopUp,ai_generated,1024,1024,1.0,JPEG,491724,07b180dd5a100372e9d6ef6e1b3b51dd,fc3e4c48984fb7d1ad3cb2f7d99ef4d69af58b788a2b87f0b9a8d9496eaa8bcf,1.0,9492e4b53dd70b46,ok,2783.1944439584477,True,True,cluster_00205,train,/home/dheirav/Code/Deepfake_Detection/deepfake-project/dataset_builder/train/ai_generated/flux_topup_001458.jpg
data_sources/ai_generated/FLUX_TopUp/flux_topup_001459.jpg,data_sources/ai_generated/FLUX_TopUp,ai_generated,1024,1024,1.0,JPEG,538643,7982e3de582dc80195a2bad184ca3eaf,79ccead96b17432e2c5a52d59d6fd7aaf02bc9d9964fd3e07f388fed8835a749,1.0,91869e2739cce2b9,ok,2207.916549635482,True,True,cluster_00082,train,/home/dheirav/Code/Deepfake_Detection/deepfake-project/dataset_builder/train/ai_generated/flux_topup_001459.jpg
data_sources/ai_generated/FLUX_TopUp/flux_topup_001462.jpg,data_sources/ai_generated/FLUX_TopUp,ai_generated,1024,1024,1.0,JPEG,505887,f937ac11285435af35fa9064d00fdf32,fccf29851e1440aef474b1f9f8021449a62d5fa899d7ae06ed0273fba08f3111,1.0,858d2e6c1e97c5e1,ok,2719.1134498646925,True,True,cluster_00151,train,/home/dheirav/Code/Deepfake_Detection/deepfake-project/dataset_builder/train/ai_generated/flux_topup_001462.jpg
data_sources/ai_generated/FLUX_TopUp/flux_topup_001464.jpg,data_sources/ai_generated/FLUX_TopUp,ai_generated,1024,1024,1.0,JPEG,484505,a1c554b4629bd1b2eed619dd8fddc821,3f0ed9d8a92249cc871290e316413e2cfc935d28fbb7fab37efcabeb9c32f52a,1.0,95b5e5ca1ace0fc0,ok,4155.61397712169,True,True,cluster_00229,train,/home/dheirav/Code/Deepfake_Detection/deepfake-project/dataset_builder/train/ai_generated/flux_topup_001464.jpg
data_sources/ai_generated/FLUX_TopUp/flux_topup_001466.jpg,data_sources/ai_generated/FLUX_TopUp,ai_generated,1024,1024,1.0,JPEG,432450,c03dfa44b50aa8389016a1951afc1d9b,cadbaefdb76b08ef59e254e56792d65678426a4bf7f761251fdd88144ecfdd72,1.0,986a3d6f6435439c,ok,1185.0827661474532,True,True,cluster_00470,train,/home/dheirav/Code/Deepfake_Detection/deepfake-project/dataset_builder/train/ai_generated/flux_topup_001466.jpg
data_sources/ai_generated/FLUX_TopUp/flux_topup_001474.jpg,data_sources/ai_generated/FLUX_TopUp,ai_generated,1024,1024,1.0,JPEG,502165,5b38f61e2b13406e6df7a4be88a2b894,0d6d88f2c4a2bdfba4fff077d0d2c41f4f21ee32e5a8384d75b36817f8b88ae9,1.0,859732e12d693b2b,ok,2816.817110868111,True,True,cluster_00162,train,/home/dheirav/Code/Deepfake_Detection/deepfake-project/dataset_builder/train/ai_generated/flux_topup_001474.jpg
data_sources/ai_generated/FLUX_TopUp/flux_topup_001478.jpg,data_sources/ai_generated/FLUX_TopUp,ai_generated,1024,1024,1.0,JPEG,363028,8e2fa7db624ecdae863296642291a3f1,7abfaf238e4badde3968ec28a9e3e6d1866bb7557b4d653af7277ce60da60cf6,1.0,83c2b05cb64ef273,ok,995.8256856966459,True,True,cluster_00884,train,/home/dheirav/Code/Deepfake_Detection/deepfake-project/dataset_builder/train/ai_generated/flux_topup_001478.jpg
data_sources/ai_generated/FLUX_TopUp/flux_topup_001482.jpg,data_sources/ai_generated/FLUX_TopUp,ai_generated,1024,1024,1.0,JPEG,326219,b66e91f078f9a329718f5d06532d80cb,94ed201b5be7d869de3b596dae62729cf985f5817579fdaa3a098d89a1073f01,1.0,c8d36d6d7ca43234,ok,799.4781236639817,True,True,cluster_01123,train,/home/dheirav/Code/Deepfake_Detection/deepfake-project/dataset_builder/train/ai_generated/flux_topup_001482.jpg
data_sources/ai_generated/FLUX_TopUp/flux_topup_001483.jpg,data_sources/ai_generated/FLUX_TopUp,ai_generated,1024,1024,1.0,JPEG,611667,85fa1d9f5221848dc656fc08c05fa932,dbc084b833b4ee69b3dd57e8b93adf98bc914cb26070c4eaff6a9e6fe0166303,1.0,85a78dcd1f498cb4,ok,3710.9852818430295,True,True,cluster_00013,train,/home/dheirav/Code/Deepfake_Detection/deepfake-project/dataset_builder/train/ai_generated/flux_topup_001483.jpg
data_sources/ai_generated/FLUX_TopUp/flux_topup_001487.jpg,data_sources/ai_generated/FLUX_TopUp,ai_generated,1024,1024,1.0,JPEG,336897,eae40b59b88de6f897070a87367b265b,7aa013d848bae1093a29931de65537ab966e0c721fc6314c5628cb62c920c01a,1.0,85ab63703c97623d,ok,1442.9612176911323,True,True,cluster_01044,train,/home/dheirav/Code/Deepfake_Detection/deepfake-project/dataset_builder/train/ai_generated/flux_topup_001487.jpg
data_sources/ai_generated/FLUX_TopUp/flux_topup_001488.jpg,data_sources/ai_generated/FLUX_TopUp,ai_generated,1024,1024,1.0,JPEG,370809,1602c095c44706c504ec4c1aaa8f3fed,5c6c2c92c609e0901fc58756075bc890382b0e1de69ae26314e901370d548898,1.0,8aca63b1387b9535,ok,1936.927019310518,True,True,cluster_00827,train,/home/dheirav/Code/Deepfake_Detection/deepfake-project/dataset_builder/train/ai_generated/flux_topup_001488.jpg
data_sources/ai_generated/FLUX_TopUp/flux_topup_001498.jpg,data_sources/ai_generated/FLUX_TopUp,ai_generated,1024,1024,1.0,JPEG,299464,7b7e5ffbfeec355d4c2af7d529586f0a,95a28a76c7e0519d418178d9c43a79c088617a02804f21c28718d1289647942e,1.0,9298d9b20cd9f3c6,ok,663.6520629614786,True,True,cluster_01350,train,/home/dheirav/Code/Deepfake_Detection/deepfake-project/dataset_builder/train/ai_generated/flux_topup_001498.jpg
data_sources/ai_generated/FLUX_TopUp/flux_topup_001500.jpg,data_sources/ai_generated/FLUX_TopUp,ai_generated,1024,1024,1.0,JPEG,337297,920dccf157011c30c356787817e57e07,bf1d65e96422663e18ef6f07291cb92e7c601b595a618862a36793b2c715dfc3,1.0,c98dccda9c9963c8,ok,1380.5462694718694,True,True,cluster_01039,train,/home/dheirav/Code/Deepfake_Detection/deepfake-project/dataset_builder/train/ai_generated/flux_topup_001500.jpg
data_sources/ai_generated/FLUX_TopUp/flux_topup_001503.jpg,data_sources/ai_generated/FLUX_TopUp,ai_generated,1024,1024,1.0,JPEG,493568,dc071d63755bdd78302a227e905f36bd,81670e0c28adcaa6089f3d11bb4382d4ab0637464f153794a89333f9f5256a2a,1.0,969a995979d32893,ok,2193.0885774989065,True,True,cluster_00199,train,/home/dheirav/Code/Deepfake_Detection/deepfake-project/dataset_builder/train/ai_generated/flux_topup_001503.jpg
data_sources/ai_generated/FLUX_TopUp/flux_topup_001505.jpg,data_sources/ai_generated/FLUX_TopUp,ai_generated,1024,1024,1.0,JPEG,413125,933c23a9da228488f405fa98c2e22512,7e2fb95685f586bc2dcb812fc6ad714080a835bb0950c019ca3be5ed09d650f0,1.0,cccc36b331dd3388,ok,581.75475591328,True,True,cluster_00582,train,/home/dheirav/Code/Deepfake_Detection/deepfake-project/dataset_builder/train/ai_generated/flux_topup_001505.jpg
data_sources/ai_generated/FLUX_TopUp/flux_topup_001510.jpg,data_sources/ai_generated/FLUX_TopUp,ai_generated,1024,1024,1.0,JPEG,262601,2c0b749868c32c93f68d4b5e2febbbb9,da13472a9311db54487195410c60a28f5d03848db5318451744ffe8d95a337cb,1.0,e1e12f87c3dc8c89,ok,809.1974792468682,True,True,cluster_01654,train,/home/dheirav/Code/Deepfake_Detection/deepfake-project/dataset_builder/train/ai_generated/flux_topup_001510.jpg
data_sources/ai_generated/FLUX_TopUp/flux_topup_001512.jpg,data_sources/ai_generated/FLUX_TopUp,ai_generated,1024,1024,1.0,JPEG,301059,4f0b82fc646ef6c3ea7b2159875aedf4,79f0cc13ffd8dcd2166b25f66d08985655450a1f7b1993ed239819c82191f630,1.0,dc752303ec8a73ac,ok,811.6336965556102,True,True,cluster_01339,train,/home/dheirav/Code/Deepfake_Detection/deepfake-project/dataset_builder/train/ai_generated/flux_topup_001512.jpg
data_sources/ai_generated/FLUX_TopUp/flux_topup_001520.jpg,data_sources/ai_generated/FLUX_TopUp,ai_generated,1024,1024,1.0,JPEG,421181,a24172422854241cb04a907e75f61b3d,d6e6ee231b7d476e84f2f5085df05fbbcac8ca6e802fb66b79ec45e75ea4be59,1.0,97a7656918962dca,ok,1378.5822361967876,True,True,cluster_00540,train,/home/dheirav/Code/Deepfake_Detection/deepfake-project/dataset_builder/train/ai_generated/flux_topup_001520.jpg
data_sources/ai_generated/FLUX_TopUp/flux_topup_001523.jpg,data_sources/ai_generated/FLUX_TopUp,ai_generated,1024,1024,1.0,JPEG,280164,fbb45f6467c1910bfb31045a407ecc6a,3933dda229f07fbef975cc88b0ed56bfe2b83412359a1d958248013cf6a0f979,1.0,cfcc303233316eb3,ok,1234.2149360564135,True,True,cluster_01500,train,/home/dheirav/Code/Deepfake_Detection/deepfake-project/dataset_builder/train/ai_generated/flux_topup_001523.jpg
data_sources/ai_generated/FLUX_TopUp/flux_topup_001532.jpg,data_sources/ai_generated/FLUX_TopUp,ai_generated,1024,1024,1.0,JPEG,349350,f1abfc7e07fd495ca76b8ce3735c6437,d824ef131ce3a3b4502a0e81294ad6df6498e714edf10cdddf624fa8000d55ad,1.0,90a867471d2e7ab5,ok,904.6424789736327,True,True,cluster_00958,train,/home/dheirav/Code/Deepfake_Detection/deepfake-project/dataset_builder/train/ai_generated/flux_topup_001532.jpg
data_sources/ai_generated/FLUX_TopUp/flux_topup_001533.jpg,data_sources/ai_generated/FLUX_TopUp,ai_generated,1024,1024,1.0,JPEG,291980,d1023f4794f6127d0e31a5523d327bde,e6785dc17a6b39c70823d724fd281944928162fabf423e7f4a4746e5d742b8f5,1.0,96ee39710e31c8b6,ok,562.412682230103,True,True,cluster_01403,train,/home/dheirav/Code/Deepfake_Detection/deepfake-project/dataset_builder/train/ai_generated/flux_topup_001533.jpg
data_sources/ai_generated/FLUX_TopUp/flux_topup_001534.jpg,data_sources/ai_generated/FLUX_TopUp,ai_generated,1024,1024,1.0,JPEG,252546,6746a9f08e1bdc17cac352d2ef8a267d,079ef88b8a8bba01269b3a7bc92a6d72f54297a231051791ec140af13a2be930,1.0,8a82e2e8e4d9b9e6,ok,416.7702144704299,True,True,cluster_01740,train,/home/dheirav/Code/Deepfake_Detection/deepfake-project/dataset_builder/train/ai_generated/flux_topup_001534.jpg
data_sources/ai_generated/FLUX_TopUp/flux_topup_001542.jpg,data_sources/ai_generated/FLUX_TopUp,ai_generated,1024,1024,1.0,JPEG,500480,b7870b310df78dbead57641b6f5d43b9,c5c446ee52cca9ff4711eafa5bccd1641e389b813022dc9b36f33c0a29b58b29,1.0,9d8d3387682267da,ok,2434.467847659951,True,True,cluster_00172,train,/home/dheirav/Code/Deepfake_Detection/deepfake-project/dataset_builder/train/ai_generated/flux_topup_001542.jpg
data_sources/ai_generated/FLUX_TopUp/flux_topup_001544.jpg,data_sources/ai_generated/FLUX_TopUp,ai_generated,1024,1024,1.0,JPEG,227607,381be5f9a923c93820a9da83c247f3a9,ca379c8adf18af6322155241a8e1edcb819a22e356956bd5e0103886c42c2d96,1.0,9b9b36306369c969,ok,501.7982473860865,True,True,cluster_01948,train,/home/dheirav/Code/Deepfake_Detection/deepfake-project/dataset_builder/train/ai_generated/flux_topup_001544.jpg
data_sources/ai_generated/FLUX_TopUp/flux_topup_001550.jpg,data_sources/ai_generated/FLUX_TopUp,ai_generated,1024,1024,1.0,JPEG,448117,fa851954f29ea97df35dd4e33b623225,40e35fd4455c1dbf8a96b1282cc822b1f79f0a52f63907dc497fe6fe05a8e764,1.0,d595c825e41d2dd9,ok,1721.7886069773188,True,True,cluster_00389,train,/home/dheirav/Code/Deepfake_Detection/deepfake-project/dataset_builder/train/ai_generated/flux_topup_001550.jpg
data_sources/ai_generated/FLUX_TopUp/flux_topup_001553.jpg,data_sources/ai_generated/FLUX_TopUp,ai_generated,1024,1024,1.0,JPEG,259375,175aa290fa7a8e5e5008c91efb43eaa0,236f9bd162896ec4e6064ed20fbde1959ace7fa5f2099cba8c41a021190c4348,1.0,92cbcc9c78a13b63,ok,252.04593878994544,True,True,cluster_01681,train,/home/dheirav/Code/Deepfake_Detection/deepfake-project/dataset_builder/train/ai_generated/flux_topup_001553.jpg
data_sources/ai_generated/FLUX_TopUp/flux_topup_001556.jpg,data_sources/ai_generated/FLUX_TopUp,ai_generated,1024,1024,1.0,JPEG,303942,76dfce747caea8a2e1f5eb9fa4bea1a3,754d842b834c879dcd25b4e9b87d0b5517135dcda292f339622452aebe7f0e28,1.0,94a1ab3e42956dda,ok,1788.1283971363432,True,True,cluster_01311,train,/home/dheirav/Code/Deepfake_Detection/deepfake-project/dataset_builder/train/ai_generated/flux_topup_001556.jpg
data_sources/ai_generated/FLUX_TopUp/flux_topup_001558.jpg,data_sources/ai_generated/FLUX_TopUp,ai_generated,1024,1024,1.0,JPEG,335447,3704db156249f707833ba55f22e3d74c,0fc4de378046088a8cf7e53c5c53b7a7c34340c804a4d1a156db884c37ce7b64,1.0,96b370383ce13f70,ok,1675.4606935296574,True,True,cluster_01061,train,/home/dheirav/Code/Deepfake_Detection/deepfake-project/dataset_builder/train/ai_generated/flux_topup_001558.jpg
data_sources/ai_generated/FLUX_TopUp/flux_topup_001560.jpg,data_sources/ai_generated/FLUX_TopUp,ai_generated,1024,1024,1.0,JPEG,266952,f93bf6ba2d930a62800f66dad9fd1271,9a949c06353cfde561cac47fa7e6c82a74db9c9c2308b8ac234febef04e62dc6,1.0,949493a7cbae8e86,ok,441.1859388170624,True,True,cluster_01610,train,/home/dheirav/Code/Deepfake_Detection/deepfake-project/dataset_builder/train/ai_generated/flux_topup_001560.jpg
data_sources/ai_generated/FLUX_TopUp/flux_topup_001563.jpg,data_sources/ai_generated/FLUX_TopUp,ai_generated,1024,1024,1.0,JPEG,267457,2263770727684abb5fb1960de6af8048,c5f7c694abab92d3e7fdd114d5b8e1a9cdf005ada65ab20daac4cd44b2b1d3ff,1.0,c8e152f3e7db060c,ok,232.59459786733714,True,True,cluster_01606,train,/home/dheirav/Code/Deepfake_Detection/deepfake-project/dataset_builder/train/ai_generated/flux_topup_001563.jpg
data_sources/ai_generated/FLUX_TopUp/flux_topup_001567.jpg,data_sources/ai_generated/FLUX_TopUp,ai_generated,1024,1024,1.0,JPEG,297579,0a26ab1324d672dced5b6b791bac840d,9906fbff7ced41ed3a91cd9548c1850869128af85e239f39c87fc36680754093,1.0,adbc52b1b5da8a81,ok,479.02731437520913,True,True,cluster_01368,train,/home/dheirav/Code/Deepfake_Detection/deepfake-project/dataset_builder/train/ai_generated/flux_topup_001567.jpg
data_sources/ai_generated/FLUX_TopUp/flux_topup_001571.jpg,data_sources/ai_generated/FLUX_TopUp,ai_generated,1024,1024,1.0,JPEG,257536,fb462662fe8e7a06a53b802ae1ece613,3e8ed4ebbfa5e3c2708ae02fabad7aa27677c858fe6fd8e69c442eb03876d2d8,1.0,94095b36e4c63b3b,ok,575.7211727762106,True,True,cluster_01698,train,/home/dheirav/Code/Deepfake_Detection/deepfake-project/dataset_builder/train/ai_generated/flux_topup_001571.jpg
data_sources/ai_generated/FLUX_TopUp/flux_topup_001573.jpg,data_sources/ai_generated/FLUX_TopUp,ai_generated,1024,1024,1.0,JPEG,243937,9ac34799d54a3bff068f2482e38ce6d3,6dea630a0b38dea185ea2e0a2ea67bfd28eb449140627eb5c631befccd5099b6,1.0,c3c28c5cb05daf5a,ok,231.81519530631698,True,True,cluster_01814,train,/home/dheirav/Code/Deepfake_Detection/deepfake-project/dataset_builder/train/ai_generated/flux_topup_001573.jpg
data_sources/ai_generated/FLUX_TopUp/flux_topup_001577.jpg,data_sources/ai_generated/FLUX_TopUp,ai_generated,1024,1024,1.0,JPEG,609776,337a8f14a8bb93b8885f22bc5afc9d39,a210a589cc0d4dbcc61cd74dbb0332f46f59cafddeaaef7cf1a968bf03d6f604,1.0,85c5cece4dc859ac,ok,3190.218550674863,True,True,cluster_00014,train,/home/dheirav/Code/Deepfake_Detection/deepfake-project/dataset_builder/train/ai_generated/flux_topup_001577.jpg
data_sources/ai_generated/FLUX_TopUp/flux_topup_001579.jpg,data_sources/ai_generated/FLUX_TopUp,ai_generated,1024,1024,1.0,JPEG,270236,fe8d5b8dc5cd55d65ad3ff10dc54f999,caed98338f8916449d82f2d5ecdc400513a50198d62e2bde4599b2bba1471a8b,1.0,94db9559e9929998,ok,355.6770746575203,True,True,cluster_01585,train,/home/dheirav/Code/Deepfake_Detection/deepfake-project/dataset_builder/train/ai_generated/flux_topup_001579.jpg
data_sources/ai_generated/FLUX_TopUp/flux_topup_001582.jpg,data_sources/ai_generated/FLUX_TopUp,ai_generated,1024,1024,1.0,JPEG,261466,46c78724880fc94acc448e2767ce3632,59ba94a1732c41d60bbcfdc768fa2c97861ef78ce2c602795734dbda451f7705,1.0,9c9c266d59d2c665,ok,401.66912017509355,True,True,cluster_01664,train,/home/dheirav/Code/Deepfake_Detection/deepfake-project/dataset_builder/train/ai_generated/flux_topup_001582.jpg
data_sources/ai_generated/FLUX_TopUp/flux_topup_001585.jpg,data_sources/ai_generated/FLUX_TopUp,ai_generated,1024,1024,1.0,JPEG,347374,ab667309c9f380af38f0af8252f59e85,70c4c32b2de1bf864ff482aac13ede2c5be6de8072a0382fa5cd575185331066,1.0,cbdb35318aca6634,ok,839.1702301492976,True,True,cluster_00974,train,/home/dheirav/Code/Deepfake_Detection/deepfake-project/dataset_builder/train/ai_generated/flux_topup_001585.jpg
data_sources/ai_generated/FLUX_TopUp/flux_topup_001589.jpg,data_sources/ai_generated/FLUX_TopUp,ai_generated,1024,1024,1.0,JPEG,333581,532a1ee86e5eda4321eead5c331d8877,4445baa8d3f1d848cf5b80b4eb4a1b230a4bf8a327d30c34008ed9c39a2f4292,1.0,d7e06069bcc1639e,ok,1829.6453646224545,True,True,cluster_01071,train,/home/dheirav/Code/Deepfake_Detection/deepfake-project/dataset_builder/train/ai_generated/flux_topup_001589.jpg
data_sources/ai_generated/FLUX_TopUp/flux_topup_001590.jpg,data_sources/ai_generated/FLUX_TopUp,ai_generated,1024,1024,1.0,JPEG,386451,29fd4d490540031357b719a9bf370be2,8ab1da19dec4f960986486f12aeb3c822934a99d3ee70ca3c6a0fcd7a4f83857,1.0,d0f0c81f33ce3699,ok,1187.2261994051369,True,True,cluster_00741,train,/home/dheirav/Code/Deepfake_Detection/deepfake-project/dataset_builder/train/ai_generated/flux_topup_001590.jpg
data_sources/ai_generated/FLUX_TopUp/flux_topup_001592.jpg,data_sources/ai_generated/FLUX_TopUp,ai_generated,1024,1024,1.0,JPEG,503325,819d53a5c51290dbee9939540834d13f,44aca4bd156e7a9933a860ba128fd8e8a7be345cc31f7ace7e2ecc2c1a9c1fdb,1.0,8fc3c3f5ca48c552,ok,2280.8290391419855,True,True,cluster_00159,train,/home/dheirav/Code/Deepfake_Detection/deepfake-project/dataset_builder/train/ai_generated/flux_topup_001592.jpg
data_sources/ai_generated/FLUX_TopUp/flux_topup_001595.jpg,data_sources/ai_generated/FLUX_TopUp,ai_generated,1024,1024,1.0,JPEG,403629,c46e8ee1acbd664b3ff2df8bacc5c9de,d44193d1ee83bff8d228bb8f3427fdc6be6826e56116e2184e124b8a80a85a4a,1.0,db1b6c613031e33e,ok,1503.4096670065176,True,True,cluster_00645,train,/home/dheirav/Code/Deepfake_Detection/deepfake-project/dataset_builder/train/ai_generated/flux_topup_001595.jpg
data_sources/ai_generated/FLUX_TopUp/flux_topup_001597.jpg,data_sources/ai_generated/FLUX_TopUp,ai_generated,1024,1024,1.0,JPEG,427030,5654913f9e781ec4277f6d25a2e5d70f,f9474474e41f3c905d37815312430730e5998fbf80c080e12b11f8232e334005,1.0,c4f0d3a7938b88cd,ok,972.4291780355769,True,True,cluster_00505,train,/home/dheirav/Code/Deepfake_Detection/deepfake-project/dataset_builder/train/ai_generated/flux_topup_001597.jpg
data_sources/ai_generated/FLUX_TopUp/flux_topup_001598.jpg,data_sources/ai_generated/FLUX_TopUp,ai_generated,1024,1024,1.0,JPEG,359929,dce47edde57b28ee5049859e6ebdf6ed,cc9e7d324cd5af7fd8a5b7c849d8242cc6468719fc0e6d867019d4f1639c8788,1.0,bcb043c1ad4e3676,ok,2050.850914954811,True,True,cluster_00901,train,/home/dheirav/Code/Deepfake_Detection/deepfake-project/dataset_builder/train/ai_generated/flux_topup_001598.jpg
data_sources/ai_generated/FLUX_TopUp/flux_topup_001599.jpg,data_sources/ai_generated/FLUX_TopUp,ai_generated,1024,1024,1.0,JPEG,245204,34bf4ae33f841a3632b04e4e0205a9d2,d93a4caaf5d1023cc75a6272107767f601ecc27ac41b917396711d95bf24f1ee,1.0,f0e40fc3961d8793,ok,412.8707922320744,True,True,cluster_01807,train,/home/dheirav/Code/Deepfake_Detection/deepfake-project/dataset_builder/train/ai_generated/flux_topup_001599.jpg
data_sources/ai_generated/FLUX_TopUp/flux_topup_001600.jpg,data_sources/ai_generated/FLUX_TopUp,ai_generated,1024,1024,1.0,JPEG,553321,7bced194f92785d74be186dbb7995fdb,e75bc3821503bfb53430bd88df59667d9d7d4043ce16d4b92cf4a25d8e26e2dd,1.0,c49707bd2fc0e8a3,ok,4493.974350571711,True,True,cluster_00060,train,/home/dheirav/Code/Deepfake_Detection/deepfake-project/dataset_builder/train/ai_generated/flux_topup_001600.jpg
data_sources/ai_generated/FLUX_TopUp/flux_topup_001603.jpg,data_sources/ai_generated/FLUX_TopUp,ai_generated,1024,1024,1.0,JPEG,347030,74b6b3b92b9defec790df3b9d18c3a42,ce97d1d309cbe74925ec3d64432281064ae306bbcc109efcb6ad2930b7f0068e,1.0,adb712b29a8ced28,ok,1289.329609762658,True,True,cluster_00977,train,/home/dheirav/Code/Deepfake_Detection/deepfake-project/dataset_builder/train/ai_generated/flux_topup_001603.jpg
data_sources/ai_generated/FLUX_TopUp/flux_topup_001607.jpg,data_sources/ai_generated/FLUX_TopUp,ai_generated,1024,1024,1.0,JPEG,368045,2ccfa7df963f5379156b9961eb34e44a,90c9da22be67da157ca76eb23b6d358bef692e423c3fafa2bcdb986f1d771a25,1.0,950f246d28ca3fd9,ok,1456.6630886403645,True,True,cluster_00845,train,/home/dheirav/Code/Deepfake_Detection/deepfake-project/dataset_builder/train/ai_generated/flux_topup_001607.jpg
data_sources/ai_generated/FLUX_TopUp/flux_topup_001608.jpg,data_sources/ai_generated/FLUX_TopUp,ai_generated,1024,1024,1.0,JPEG,315368,52d877dba25163e85ac415e9e8cac358,348acdedfeca92b61e03022309dffbdbafa736841fdc889f58d21527ef138198,1.0,80b95ec36e3705da,ok,1344.1198189167442,True,True,cluster_01206,train,/home/dheirav/Code/Deepfake_Detection/deepfake-project/dataset_builder/train/ai_generated/flux_topup_001608.jpg
data_sources/ai_generated/FLUX_TopUp/flux_topup_001610.jpg,data_sources/ai_generated/FLUX_TopUp,ai_generated,1024,1024,1.0,JPEG,278446,16c71af77a320faea8348fffae329636,1931cd169231907cb1135a4dfc9ad7d1526638bb37cc441e81d40ea0b4b603d8,1.0,ce6465c76cd98331,ok,567.2058491526948,True,True,cluster_01517,train,/home/dheirav/Code/Deepfake_Detection/deepfake-project/dataset_builder/train/ai_generated/flux_topup_001610.jpg
data_sources/ai_generated/FLUX_TopUp/flux_topup_001612.jpg,data_sources/ai_generated/FLUX_TopUp,ai_generated,1024,1024,1.0,JPEG,355997,9b8807e82f8eab19b307b708106e900b,252eb47f08a37cb8adc0de6ee5e9723548cad7cba6abcec40fc5cfd7531e27f8,1.0,9db72d694e116691,ok,1222.856396056085,True,True,cluster_00919,train,/home/dheirav/Code/Deepfake_Detection/deepfake-project/dataset_builder/train/ai_generated/flux_topup_001612.jpg
data_sources/ai_generated/FLUX_TopUp/flux_topup_001614.jpg,data_sources/ai_generated/FLUX_TopUp,ai_generated,1024,1024,1.0,JPEG,255744,c1549606e20f25bba130398705edb4ad,d49d7a6ae0f7254dad01e7f2e8fabd47411edf8ea25b6d7047c3af82357e8fcd,1.0,9db2346c278879da,ok,290.1452830946073,True,True,cluster_01709,train,/home/dheirav/Code/Deepfake_Detection/deepfake-project/dataset_builder/train/ai_generated/flux_topup_001614.jpg
data_sources/ai_generated/FLUX_TopUp/flux_topup_001615.jpg,data_sources/ai_generated/FLUX_TopUp,ai_generated,1024,1024,1.0,JPEG,288796,e2e6c68f12cc86c8192f2ac3252fe947,683bf00c97240cb74b5c36c9176a2636d1a479f5d19d6c760150126a557644e6,1.0,c391ccce27933939,ok,413.0508197256049,True,True,cluster_01438,train,/home/dheirav/Code/Deepfake_Detection/deepfake-project/dataset_builder/train/ai_generated/flux_topup_001615.jpg
data_sources/ai_generated/FLUX_TopUp/flux_topup_001620.jpg,data_sources/ai_generated/FLUX_TopUp,ai_generated,1024,1024,1.0,JPEG,386380,51204af0e68131b46f9e72bf46bee6b3,7a929a356c1b5dd254791dd027f32f319ccef9d56380651fbb05ab15edaf8dfe,1.0,d9d888db5dd82968,ok,1252.053919533499,True,True,cluster_00742,train,/home/dheirav/Code/Deepfake_Detection/deepfake-project/dataset_builder/train/ai_generated/flux_topup_001620.jpg
data_sources/ai_generated/FLUX_TopUp/flux_topup_001622.jpg,data_sources/ai_generated/FLUX_TopUp,ai_generated,1024,1024,1.0,JPEG,257208,d9837e926504b2df60c2c735a573a337,073685e94d45a0f64d5541fad6ba433bf9bc0d755e8a77ebc53e21f6b8a445ce,1.0,d8d3270d296962f6,ok,538.1558673909376,True,True,cluster_01700,train,/home/dheirav/Code/Deepfake_Detection/deepfake-project/dataset_builder/train/ai_generated/flux_topup_001622.jpg
data_sources/ai_generated/FLUX_TopUp/flux_topup_001624.jpg,data_sources/ai_generated/FLUX_TopUp,ai_generated,1024,1024,1.0,JPEG,341902,b7e590b0aa3e7c7e79cebfd6fd2ee5be,67e30ff7cb5ec7d3ac46cbafc6a6aabf666326b6d4683470b447d62a89e9b968,1.0,cecc2c92666cd963,ok,773.0419800005828,True,True,cluster_01001,train,/home/dheirav/Code/Deepfake_Detection/deepfake-project/dataset_builder/train/ai_generated/flux_topup_001624.jpg
data_sources/ai_generated/FLUX_TopUp/flux_topup_001626.jpg,data_sources/ai_generated/FLUX_TopUp,ai_generated,1024,1024,1.0,JPEG,272271,87a81612daf8f69dd04dafc8982c7ffd,1ee2c815e206638a7d1b6f9138de7f116e1eb00a0b521364c959b00b0c647e25,1.0,99e58cb2e65d2529,ok,453.7628419864013,True,True,cluster_01572,train,/home/dheirav/Code/Deepfake_Detection/deepfake-project/dataset_builder/train/ai_generated/flux_topup_001626.jpg
data_sources/ai_generated/FLUX_TopUp/flux_topup_001632.jpg,data_sources/ai_generated/FLUX_TopUp,ai_generated,1024,1024,1.0,JPEG,476310,81770ec8fc5add697b6aee28434b1970,1ccc250a65f12ca0a4a30028ca738c1028022504de648ee4377b6e1b7d9f3c7d,1.0,d4d4de5e2af28642,ok,2996.737392331236,True,True,cluster_00258,train,/home/dheirav/Code/Deepfake_Detection/deepfake-project/dataset_builder/train/ai_generated/flux_topup_001632.jpg
data_sources/ai_generated/FLUX_TopUp/flux_topup_001634.jpg,data_sources/ai_generated/FLUX_TopUp,ai_generated,1024,1024,1.0,JPEG,372200,005e8c7a79ca2dfc03c732971058037f,2fc96f6aef7640bcdb2e36132aae6985666cd67a1bb842f9763af730898e50f4,1.0,99926fcccce065c6,ok,1324.7118210853941,True,True,cluster_00817,train,/home/dheirav/Code/Deepfake_Detection/deepfake-project/dataset_builder/train/ai_generated/flux_topup_001634.jpg
data_sources/ai_generated/FLUX_TopUp/flux_topup_001635.jpg,data_sources/ai_generated/FLUX_TopUp,ai_generated,1024,1024,1.0,JPEG,375930,b16c9dda7d9bba5edb58336e665b9bfa,d8bcbc1b180d1fedd61f4bef0b6cbc9fca00ebf3602cf74ba4f8aa6b896672cb,1.0,caaba3c86e6178cc,ok,779.0581980820268,True,True,cluster_00797,train,/home/dheirav/Code/Deepfake_Detection/deepfake-project/dataset_builder/train/ai_generated/flux_topup_001635.jpg
data_sources/ai_generated/FLUX_TopUp/flux_topup_001636.jpg,data_sources/ai_generated/FLUX_TopUp,ai_generated,1024,1024,1.0,JPEG,283970,c68dcecf07ffd89173cf9440249328d1,43f2368841ff4ad7b6a850c9c75d3e16b3eca110b515fb0c261d1d4f137fd939,1.0,9b9b696d26646466,ok,1114.2921640701495,True,True,cluster_01477,train,/home/dheirav/Code/Deepfake_Detection/deepfake-project/dataset_builder/train/ai_generated/flux_topup_001636.jpg
data_sources/ai_generated/FLUX_TopUp/flux_topup_001638.jpg,data_sources/ai_generated/FLUX_TopUp,ai_generated,1024,1024,1.0,JPEG,473467,01e111417981248244b065f895c1fb6f,66699692506210340ae6c87a5e6693342d790dc046c16bae58eae9d27cc7c064,1.0,9998b6b169c64eb4,ok,1506.4615498448757,True,True,cluster_00274,train,/home/dheirav/Code/Deepfake_Detection/deepfake-project/dataset_builder/train/ai_generated/flux_topup_001638.jpg
data_sources/ai_generated/FLUX_TopUp/flux_topup_001639.jpg,data_sources/ai_generated/FLUX_TopUp,ai_generated,1024,1024,1.0,JPEG,291117,ac94e121b7bbaaf3dbedc5b1b6e3f7ea,1c6b98cc93f7ba12e20d0bba634582c655caf6a95c28906114367c7818d03f25,1.0,d86d0ef2678228cf,ok,1549.7667113573843,True,True,cluster_01410,train,/home/dheirav/Code/Deepfake_Detection/deepfake-project/dataset_builder/train/ai_generated/flux_topup_001639.jpg
data_sources/ai_generated/FLUX_TopUp/flux_topup_001641.jpg,data_sources/ai_generated/FLUX_TopUp,ai_generated,1024,1024,1.0,JPEG,317015,8edcf49680d8bb1861dd2b3a40c0ffd3,030023e5cab44d63bff823333ae03d2d943d5d37c050ee1447ed98e342e82c2a,1.0,b4b34e5231ec4f92,ok,1186.7434825708624,True,True,cluster_01197,train,/home/dheirav/Code/Deepfake_Detection/deepfake-project/dataset_builder/train/ai_generated/flux_topup_001641.jpg
data_sources/ai_generated/FLUX_TopUp/flux_topup_001643.jpg,data_sources/ai_generated/FLUX_TopUp,ai_generated,1024,1024,1.0,JPEG,417051,01cdafe86a3e1fe47c0df564ec88c70a,23f45af7f89ee083878c5eae16f334af9aba3274d8e487f63389794be7ac94a0,1.0,9092a26b3f5d3d34,ok,2007.7584947065834,True,True,cluster_00558,train,/home/dheirav/Code/Deepfake_Detection/deepfake-project/dataset_builder/train/ai_generated/flux_topup_001643.jpg
data_sources/ai_generated/FLUX_TopUp/flux_topup_001648.jpg,data_sources/ai_generated/FLUX_TopUp,ai_generated,1024,1024,1.0,JPEG,307844,2b3aa1c71ac17296adfd117ec1e9fdb5,93fa7e7ec9834b8ec2a66594bde682f77723457c7deaacba64516a17ed76dd18,1.0,c4d81c2c73e3670f,ok,2011.1953928272621,True,True,cluster_01279,train,/home/dheirav/Code/Deepfake_Detection/deepfake-project/dataset_builder/train/ai_generated/flux_topup_001648.jpg
data_sources/ai_generated/FLUX_TopUp/flux_topup_001649.jpg,data_sources/ai_generated/FLUX_TopUp,ai_generated,1024,1024,1.0,JPEG,508485,552b3cfca3245374598c872c9edd20cb,60cdee8c972a87693eeb20e3dbbbad2ee3541513d87638ae7e6389e258d81516,1.0,989c4e6f657825e1,ok,2128.3736785678047,True,True,cluster_00147,train,/home/dheirav/Code/Deepfake_Detection/deepfake-project/dataset_builder/train/ai_generated/flux_topup_001649.jpg
data_sources/ai_generated/FLUX_TopUp/flux_topup_001657.jpg,data_sources/ai_generated/FLUX_TopUp,ai_generated,1024,1024,1.0,JPEG,269875,576dc71c3cee2f08b3d1dd572332d33e,86196157c2e1a6345ae271886c2629291eaecbca12adcbbaa246f92ae86621f2,1.0,b3b34c1cb0e30fb4,ok,339.3005435513104,True,True,cluster_01587,train,/home/dheirav/Code/Deepfake_Detection/deepfake-project/dataset_builder/train/ai_generated/flux_topup_001657.jpg
data_sources/ai_generated/FLUX_TopUp/flux_topup_001660.jpg,data_sources/ai_generated/FLUX_TopUp,ai_generated,1024,1024,1.0,JPEG,473695,bf33600fa2e4e5775bddaa0cb07dd156,4867913850e7bc7857e6ca1a92d5900f81f4bae438171da36c5b83e90d9ddeea,1.0,d99490e43e88e3eb,ok,2943.8865161432727,True,True,cluster_00272,train,/home/dheirav/Code/Deepfake_Detection/deepfake-project/dataset_builder/train/ai_generated/flux_topup_001660.jpg
data_sources/ai_generated/FLUX_TopUp/flux_topup_001661.jpg,data_sources/ai_generated/FLUX_TopUp,ai_generated,1024,1024,1.0,JPEG,263907,92c1c156620bb382b560134fff5464d5,effdf30e0db9a39838dfa2268420c3619487c175d7fa8f8f80d51dd6b6b9422f,1.0,9396866fac2dd162,ok,450.7926311759473,True,True,cluster_01645,train,/home/dheirav/Code/Deepfake_Detection/deepfake-project/dataset_builder/train/ai_generated/flux_topup_001661.jpg
data_sources/ai_generated/FLUX_TopUp/flux_topup_001663.jpg,data_sources/ai_generated/FLUX_TopUp,ai_generated,1024,1024,1.0,JPEG,261523,c9dfceea6e15cfaeab0aed080e220e4e,7fa1b1a6e13cda767dd0d728680f850094c11e37e0ad5667290ce64f0b281866,1.0,8a1b354fc114df71,ok,854.6161005673348,True,True,cluster_01663,train,/home/dheirav/Code/Deepfake_Detection/deepfake-project/dataset_builder/train/ai_generated/flux_topup_001663.jpg
data_sources/ai_generated/FLUX_TopUp/flux_topup_001666.jpg,data_sources/ai_generated/FLUX_TopUp,ai_generated,1024,1024,1.0,JPEG,421617,f6aa11d86aee7adcbac86293ccf75d96,5ae2e13df5b1eea822c6e351226c60569ba2a2ddf551616e1f4a11cfc9be9973,1.0,89d2b73a169ac9e4,ok,1064.526448826291,True,True,cluster_00537,train,/home/dheirav/Code/Deepfake_Detection/deepfake-project/dataset_builder/train/ai_generated/flux_topup_001666.jpg
data_sources/ai_generated/FLUX_TopUp/flux_topup_001674.jpg,data_sources/ai_generated/FLUX_TopUp,ai_generated,1024,1024,1.0,JPEG,425857,e7d703493a5f1ed64e6ac34107f27c10,70347f8ccf16b2d4a4d894caf75cbc63e7576d09275dfb55da425105f3518381,1.0,d094993856b76fc2,ok,1103.574981532066,True,True,cluster_00510,train,/home/dheirav/Code/Deepfake_Detection/deepfake-project/dataset_builder/train/ai_generated/flux_topup_001674.jpg
data_sources/ai_generated/FLUX_TopUp/flux_topup_001679.jpg,data_sources/ai_generated/FLUX_TopUp,ai_generated,1024,1024,1.0,JPEG,306884,f8938cc8891f56a80a74fc571e7526b3,6ef0ea39e6b38501ec7eb92b64a04672fc5ba9b46ab82a0bf15e642911878e8f,1.0,c3ce4c1b53956666,ok,320.879864476984,True,True,cluster_01290,train,/home/dheirav/Code/Deepfake_Detection/deepfake-project/dataset_builder/train/ai_generated/flux_topup_001679.jpg
data_sources/ai_generated/FLUX_TopUp/flux_topup_001680.jpg,data_sources/ai_generated/FLUX_TopUp,ai_generated,1024,1024,1.0,JPEG,327446,5208f6bea1c4141a43caad5c98b031ce,7ca495a46b863b3f25f1a9b75f1b77fe76bb046ae6c7de7e40f239d2fbe04b61,1.0,8ccccc8865ecce76,ok,1270.571153607713,True,True,cluster_01113,train,/home/dheirav/Code/Deepfake_Detection/deepfake-project/dataset_builder/train/ai_generated/flux_topup_001680.jpg
data_sources/ai_generated/FLUX_TopUp/flux_topup_001681.jpg,data_sources/ai_generated/FLUX_TopUp,ai_generated,1024,1024,1.0,JPEG,355410,693afb95d1dff4f616cf9464aea7ba48,1a730b618d8ab87898822df2604a29f35b91b81bc8549a73432d361e73669cdc,1.0,c7c78f1c93d9481a,ok,906.4587114800778,True,True,cluster_00922,train,/home/dheirav/Code/Deepfake_Detection/deepfake-project/dataset_builder/train/ai_generated/flux_topup_001681.jpg
data_sources/ai_generated/FLUX_TopUp/flux_topup_001682.jpg,data_sources/ai_generated/FLUX_TopUp,ai_generated,1024,1024,1.0,JPEG,509313,f9359be6328d1588ec33284e5325bfc2,d8f0e0445bd945c12f093087ea2feb72f04fac3cd1d34e370b882e1cb340f51e,1.0,909949e6389ab39f,ok,1874.0833720865617,True,True,cluster_00146,train,/home/dheirav/Code/Deepfake_Detection/deepfake-project/dataset_builder/train/ai_generated/flux_topup_001682.jpg
data_sources/ai_generated/FLUX_TopUp/flux_topup_001685.jpg,data_sources/ai_generated/FLUX_TopUp,ai_generated,1024,1024,1.0,JPEG,380827,a6d9e29fceca1e0aa49c5844e454e771,b4a8e80e438c33e7372954cba42386b72080f818f768951806120ff544f70714,1.0,87c98d187993e63a,ok,1021.1336237566347,True,True,cluster_00776,train,/home/dheirav/Code/Deepfake_Detection/deepfake-project/dataset_builder/train/ai_generated/flux_topup_001685.jpg
data_sources/ai_generated/FLUX_TopUp/flux_topup_001688.jpg,data_sources/ai_generated/FLUX_TopUp,ai_generated,1024,1024,1.0,JPEG,262827,dd2827b9d2af7ea91b39d7266e75abf7,6048cf72045c19b7ee03d71b33491cd0851743ca1961f038fd7647cd2f7272b7,1.0,9946659912679b2f,ok,401.3785903215312,True,True,cluster_01649,train,/home/dheirav/Code/Deepfake_Detection/deepfake-project/dataset_builder/train/ai_generated/flux_topup_001688.jpg
data_sources/ai_generated/FLUX_TopUp/flux_topup_001690.jpg,data_sources/ai_generated/FLUX_TopUp,ai_generated,1024,1024,1.0,JPEG,318402,d82ae2921a81db2ac36fcee449b40bc9,5a7b4e59b73395c49e0ff992d433e7ca91d570f7440122a9347592b187c62db8,1.0,a1a842d6d6a79acb,ok,309.3829454771102,True,True,cluster_01188,train,/home/dheirav/Code/Deepfake_Detection/deepfake-project/dataset_builder/train/ai_generated/flux_topup_001690.jpg
data_sources/ai_generated/FLUX_TopUp/flux_topup_001691.jpg,data_sources/ai_generated/FLUX_TopUp,ai_generated,1024,1024,1.0,JPEG,327732,00f3868e6c32e2870835e39a16162d8b,ea997891fa23aa73fa008d0e920bdf48629d25aa9b1c224e893cb25af92b8f5e,1.0,fbb381c4561c6cb1,ok,427.31932830137885,True,True,cluster_01107,train,/home/dheirav/Code/Deepfake_Detection/deepfake-project/dataset_builder/train/ai_generated/flux_topup_001691.jpg
data_sources/ai_generated/FLUX_TopUp/flux_topup_001699.jpg,data_sources/ai_generated/FLUX_TopUp,ai_generated,1024,1024,1.0,JPEG,458043,c2ceb043ef17701fb52b3cebc19b8d72,be89b26d2c03fab2b88b515ee8fa979397faaa8063c023888cc6d87b330ae42a,1.0,939b5b93913333c2,ok,2360.3453112271336,True,True,cluster_00341,train,/home/dheirav/Code/Deepfake_Detection/deepfake-project/dataset_builder/train/ai_generated/flux_topup_001699.jpg
data_sources/ai_generated/FLUX_TopUp/flux_topup_001700.jpg,data_sources/ai_generated/FLUX_TopUp,ai_generated,1024,1024,1.0,JPEG,263601,dc2d9ff2fc7d4fbd0aa364e47293744d,7a091b3399582e9d252f0f46a1e0ddbff17ff3ba56efc5569feef585905ab93a,1.0,bb91e54cc46e8536,ok,844.7052448583336,True,True,cluster_01647,train,/home/dheirav/Code/Deepfake_Detection/deepfake-project/dataset_builder/train/ai_generated/flux_topup_001700.jpg
data_sources/ai_generated/FLUX_TopUp/flux_topup_001702.jpg,data_sources/ai_generated/FLUX_TopUp,ai_generated,1024,1024,1.0,JPEG,521253,db533fe7e9b9ff3cdcbc6624d5630d99,fcabd2c5bb6e8eb7fb41de5383aa4f94fd1db07f6088ad3df5967ffa135b93e8,1.0,90963d6c3b3635b1,ok,3103.8505817294335,True,True,cluster_00117,train,/home/dheirav/Code/Deepfake_Detection/deepfake-project/dataset_builder/train/ai_generated/flux_topup_001702.jpg
data_sources/ai_generated/FLUX_TopUp/flux_topup_001705.jpg,data_sources/ai_generated/FLUX_TopUp,ai_generated,1024,1024,1.0,JPEG,242483,9ed22767fc76f34368daf3bd185d07fd,da1938592003d9a669586b6d5a4277be0aa654ac6ba6272c74fa956157dbdad6,1.0,94a10fb926cd99a7,ok,507.8306656225386,True,True,cluster_01825,train,/home/dheirav/Code/Deepfake_Detection/deepfake-project/dataset_builder/train/ai_generated/flux_topup_001705.jpg
data_sources/ai_generated/FLUX_TopUp/flux_topup_001706.jpg,data_sources/ai_generated/FLUX_TopUp,ai_generated,1024,1024,1.0,JPEG,283290,a6c9b707ff249381682d09d509ec6589,e470c038f48a6ad4d8aad5763bd03c2fd6084f25be1b51d8cb78b2c1349c5599,1.0,99b6929647d84e2b,ok,259.15173333695566,True,True,cluster_01483,train,/home/dheirav/Code/Deepfake_Detection/deepfake-project/dataset_builder/train/ai_generated/flux_topup_001706.jpg
data_sources/ai_generated/FLUX_TopUp/flux_topup_001710.jpg,data_sources/ai_generated/FLUX_TopUp,ai_generated,1024,1024,1.0,JPEG,304187,d474f958465b7dbe8e3ab677ce2286b5,335c25f2e672be33006c830dc9d3d6a3e904949a2139e8a9c51b2eed7f82a045,1.0,9d9927626b5a5c45,ok,1005.9751478939789,True,True,cluster_01310,train,/home/dheirav/Code/Deepfake_Detection/deepfake-project/dataset_builder/train/ai_generated/flux_topup_001710.jpg
data_sources/ai_generated/FLUX_TopUp/flux_topup_001712.jpg,data_sources/ai_generated/FLUX_TopUp,ai_generated,1024,1024,1.0,JPEG,251671,e1c8fddc13e93fb66f355840c6efd32c,6b9042af27ff3dd3abf2728cd757b00001c8cadbec9e38367918bb43f5f06619,1.0,9ebf4061be8275c2,ok,395.5211578670278,True,True,cluster_01748,train,/home/dheirav/Code/Deepfake_Detection/deepfake-project/dataset_builder/train/ai_generated/flux_topup_001712.jpg
data_sources/ai_generated/FLUX_TopUp/flux_topup_001714.jpg,data_sources/ai_generated/FLUX_TopUp,ai_generated,1024,1024,1.0,JPEG,229669,6613d99aa0a2c0cdea82f715ae45d6a9,e00cb96cec4ea8a7996ff0764e1696c93c27d7d5ef28872767acd7de2bc9c6a5,1.0,91d0a6e611a517ef,ok,270.25619781860496,True,True,cluster_01933,train,/home/dheirav/Code/Deepfake_Detection/deepfake-project/dataset_builder/train/ai_generated/flux_topup_001714.jpg
data_sources/ai_generated/FLUX_TopUp/flux_topup_001721.jpg,data_sources/ai_generated/FLUX_TopUp,ai_generated,1024,1024,1.0,JPEG,396019,a942c83d84a4fc03063d8806b9465195,7ab890b15756aaf5291763155bad48f658a420218e9f886dab23ba4543f792f4,1.0,c2a72b6b1f14bc8a,ok,924.3770302812254,True,True,cluster_00684,train,/home/dheirav/Code/Deepfake_Detection/deepfake-project/dataset_builder/train/ai_generated/flux_topup_001721.jpg
data_sources/ai_generated/FLUX_TopUp/flux_topup_001724.jpg,data_sources/ai_generated/FLUX_TopUp,ai_generated,1024,1024,1.0,JPEG,403350,0a2cd2b4aaeb21040acd358e8f437986,9c5053efe748a6e6a005392399ea85b76ab29abb784f57b2eb32b08de6dd64d3,1.0,c2920e9dc73939b5,ok,1462.9896886923816,True,True,cluster_00648,train,/home/dheirav/Code/Deepfake_Detection/deepfake-project/dataset_builder/train/ai_generated/flux_topup_001724.jpg
data_sources/ai_generated/FLUX_TopUp/flux_topup_001736.jpg,data_sources/ai_generated/FLUX_TopUp,ai_generated,1024,1024,1.0,JPEG,426643,a258a564f7c14dc6b1a20efa44887b5a,233e986e1979c2931f1d38856c8e7b2bc3181ae9bba42e1b17c66673925e31d2,1.0,81870a9d54fd71ea,ok,1626.5499445128912,True,True,cluster_00507,train,/home/dheirav/Code/Deepfake_Detection/deepfake-project/dataset_builder/train/ai_generated/flux_topup_001736.jpg
data_sources/ai_generated/FLUX_TopUp/flux_topup_001741.jpg,data_sources/ai_generated/FLUX_TopUp,ai_generated,1024,1024,1.0,JPEG,410783,49f4f77902646bec1ee1b0c8375a16c1,96ab2915c21f3468abb8544f7dd456bf7975652bb653262fccc71778f4cd8ebf,1.0,b0a24f5ed28c2b9d,ok,2697.349245826972,True,True,cluster_00601,train,/home/dheirav/Code/Deepfake_Detection/deepfake-project/dataset_builder/train/ai_generated/flux_topup_001741.jpg
data_sources/ai_generated/FLUX_TopUp/flux_topup_001743.jpg,data_sources/ai_generated/FLUX_TopUp,ai_generated,1024,1024,1.0,JPEG,451688,ed61c88dea916a27330232027fa7b9e1,6f91d8429df78bc2814b7a89a018760486eafd62d43ebe3e9a4994002184ffce,1.0,94346bcb34cd3764,ok,1728.671804804962,True,True,cluster_00363,train,/home/dheirav/Code/Deepfake_Detection/deepfake-project/dataset_builder/train/ai_generated/flux_topup_001743.jpg
data_sources/ai_generated/FLUX_TopUp/flux_topup_001745.jpg,data_sources/ai_generated/FLUX_TopUp,ai_generated,1024,1024,1.0,JPEG,432360,f64d1216288102441e75a2aae8cc3e46,30b0c4a8624639bdf3149b7d5ec3f7b8156a78b945a68987785589bd043e0fa1,1.0,86cf9b798b48364c,ok,1399.026268987719,True,True,cluster_00472,train,/home/dheirav/Code/Deepfake_Detection/deepfake-project/dataset_builder/train/ai_generated/flux_topup_001745.jpg
data_sources/ai_generated/FLUX_TopUp/flux_topup_001749.jpg,data_sources/ai_generated/FLUX_TopUp,ai_generated,1024,1024,1.0,JPEG,460162,92752fc382a2320874e5ccb463e229d9,29b198574ff8568864d09ae59e4534afd163450d709724405fd448f701a4bc27,1.0,80a76f51361857f9,ok,2460.356780627651,True,True,cluster_00334,train,/home/dheirav/Code/Deepfake_Detection/deepfake-project/dataset_builder/train/ai_generated/flux_topup_001749.jpg
data_sources/ai_generated/FLUX_TopUp/flux_topup_001750.jpg,data_sources/ai_generated/FLUX_TopUp,ai_generated,1024,1024,1.0,JPEG,497965,48d489735ad9b958f08fd3585225112b,827b7968bc76ae25d97fd793fcc0b2597ac60a39627094f4ed45ccf1d35e3cd6,1.0,c98bd05f03d73332,ok,2449.219399423715,True,True,cluster_00179,train,/home/dheirav/Code/Deepfake_Detection/deepfake-project/dataset_builder/train/ai_generated/flux_topup_001750.jpg
data_sources/ai_generated/FLUX_TopUp/flux_topup_001753.jpg,data_sources/ai_generated/FLUX_TopUp,ai_generated,1024,1024,1.0,JPEG,432098,8bb3efce3606c27dd2a68f579edd69dd,211f3e136e0c9771f6fb0b45b08dc4ebf5856b4a33f1f8628d0e152c47e4be85,1.0,e4ce1b7038ed670c,ok,2397.578341179935,True,True,cluster_00477,train,/home/dheirav/Code/Deepfake_Detection/deepfake-project/dataset_builder/train/ai_generated/flux_topup_001753.jpg
data_sources/ai_generated/FLUX_TopUp/flux_topup_001755.jpg,data_sources/ai_generated/FLUX_TopUp,ai_generated,1024,1024,1.0,JPEG,415321,bfd55cab5a82985806a6d8d241a8e0b0,017f6c560d365d74e2cad1a4addc9e18323528bbef472621238018e14488012b,1.0,b9b1d256e96c4c52,ok,1857.9356484493753,True,True,cluster_00570,train,/home/dheirav/Code/Deepfake_Detection/deepfake-project/dataset_builder/train/ai_generated/flux_topup_001755.jpg
data_sources/ai_generated/FLUX_TopUp/flux_topup_001758.jpg,data_sources/ai_generated/FLUX_TopUp,ai_generated,1024,1024,1.0,JPEG,375752,35f6e55094dde1dfa9424fec9a6ba8e5,bc721a552388b436895262269b75d883535338d74c8c42d08e71b51935a3a28b,1.0,c3611c5e65ca25db,ok,864.9931194355584,True,True,cluster_00798,train,/home/dheirav/Code/Deepfake_Detection/deepfake-project/dataset_builder/train/ai_generated/flux_topup_001758.jpg
data_sources/ai_generated/FLUX_TopUp/flux_topup_001760.jpg,data_sources/ai_generated/FLUX_TopUp,ai_generated,1024,1024,1.0,JPEG,250795,8ac35bfffe88aea434b88631d63cc3b8,0864cd6c0f84fc18e60b6ad4fbaba36411e023c407a33acaca99c8cadd18cf62,1.0,92908caf1d87b33b,ok,178.33026883384082,True,True,cluster_01755,train,/home/dheirav/Code/Deepfake_Detection/deepfake-project/dataset_builder/train/ai_generated/flux_topup_001760.jpg
data_sources/ai_generated/FLUX_TopUp/flux_topup_001761.jpg,data_sources/ai_generated/FLUX_TopUp,ai_generated,1024,1024,1.0,JPEG,337810,ec16f1fdd8c414a73ff0f30d913ac287,3331ebb512579e902f39bf1b0d3b740fc2059e5f143dc48453de00b90e2357b3,1.0,9999679279c270cb,ok,1149.9149932838586,True,True,cluster_01036,train,/home/dheirav/Code/Deepfake_Detection/deepfake-project/dataset_builder/train/ai_generated/flux_topup_001761.jpg
data_sources/ai_generated/FLUX_TopUp/flux_topup_001765.jpg,data_sources/ai_generated/FLUX_TopUp,ai_generated,1024,1024,1.0,JPEG,331510,d881c3003b5bf69075194b3c3dd2bad8,34410d0525a01da5e28048d10a68418d454f219a819ce075286b435182802d57,1.0,9987cfc7ca8ac960,ok,780.221720437981,True,True,cluster_01087,train,/home/dheirav/Code/Deepfake_Detection/deepfake-project/dataset_builder/train/ai_generated/flux_topup_001765.jpg
data_sources/ai_generated/FLUX_TopUp/flux_topup_001775.jpg,data_sources/ai_generated/FLUX_TopUp,ai_generated,1024,1024,1.0,JPEG,325032,d2574d846fc0fc289c07cc80ccccf739,db2b954a1f2157e72e2cc2993406c4bc8f64ea28a65e2f5d2e8bfead8b9d5892,1.0,cfc338b8e1b238cc,ok,348.9114438374736,True,True,cluster_01134,train,/home/dheirav/Code/Deepfake_Detection/deepfake-project/dataset_builder/train/ai_generated/flux_topup_001775.jpg
data_sources/ai_generated/FLUX_TopUp/flux_topup_001777.jpg,data_sources/ai_generated/FLUX_TopUp,ai_generated,1024,1024,1.0,JPEG,442697,645ffb3941870e22902b99a96dcdb82d,35e6e1651c757d6e0d1421ee0294704503bfcf13a63e3fe7d5ba4f9d0bf1175a,1.0,969e6663f3d9a018,ok,1932.772574474867,True,True,cluster_00412,train,/home/dheirav/Code/Deepfake_Detection/deepfake-project/dataset_builder/train/ai_generated/flux_topup_001777.jpg
data_sources/ai_generated/FLUX_TopUp/flux_topup_001778.jpg,data_sources/ai_generated/FLUX_TopUp,ai_generated,1024,1024,1.0,JPEG,417283,8022ed070e53c9944dd98c264442009c,8e4bffaf3b8d510ed71ddef2d94aeb8a539fad041b2106f4b4b73e0a0579db46,1.0,d1e6b32c3be8320b,ok,1137.3645465569489,True,True,cluster_00557,train,/home/dheirav/Code/Deepfake_Detection/deepfake-project/dataset_builder/train/ai_generated/flux_topup_001778.jpg
data_sources/ai_generated/FLUX_TopUp/flux_topup_001784.jpg,data_sources/ai_generated/FLUX_TopUp,ai_generated,1024,1024,1.0,JPEG,262610,8a386ccb9069dec3cf867b4c265fc963,041576abd5149003af666b041469545b80bd96def4d5b31b6f0d94c70c4e0d67,1.0,9af3864c34928f1f,ok,1672.2243475248024,True,True,cluster_01653,train,/home/dheirav/Code/Deepfake_Detection/deepfake-project/dataset_builder/train/ai_generated/flux_topup_001784.jpg
data_sources/ai_generated/FLUX_TopUp/flux_topup_001786.jpg,data_sources/ai_generated/FLUX_TopUp,ai_generated,1024,1024,1.0,JPEG,329158,b7946b5e11fe1fcaa7ed388cf40c2162,5b28825470d33188572c8fd1bd8bf01be6a2c214cb0e453492904dbab5ee2715,1.0,d8c6c6ce25d846b3,ok,553.2442516962619,True,True,cluster_01102,train,/home/dheirav/Code/Deepfake_Detection/deepfake-project/dataset_builder/train/ai_generated/flux_topup_001786.jpg
data_sources/ai_generated/FLUX_TopUp/flux_topup_001791.jpg,data_sources/ai_generated/FLUX_TopUp,ai_generated,1024,1024,1.0,JPEG,574405,ab331275e54dcc32c9a622a323dfc705,be677f0b85a1ec53b5037efcd8b12635ae7b5b4a24bdf74b138133efcf1f7a7a,1.0,8c966d683ab2a7c9,ok,3225.776757685285,True,True,cluster_00040,train,/home/dheirav/Code/Deepfake_Detection/deepfake-project/dataset_builder/train/ai_generated/flux_topup_001791.jpg
data_sources/ai_generated/FLUX_TopUp/flux_topup_001792.jpg,data_sources/ai_generated/FLUX_TopUp,ai_generated,1024,1024,1.0,JPEG,340652,60b37fa0a471bf74bf754030b014c5ab,91c4c48d8876b4ee83f7045cd1e5ced859315869b458a3471bd26c8b86c451d4,1.0,9fa78c7872a40bd2,ok,589.7938002070259,True,True,cluster_01013,train,/home/dheirav/Code/Deepfake_Detection/deepfake-project/dataset_builder/train/ai_generated/flux_topup_001792.jpg
data_sources/ai_generated/FLUX_TopUp/flux_topup_001793.jpg,data_sources/ai_generated/FLUX_TopUp,ai_generated,1024,1024,1.0,JPEG,573656,3eaf8f8114730b06fd8b0e62e007cdb8,bc94ae94dd7d4b5d62ac56b3cacf577dc9462ceda374e5b07847f4521d53ab79,1.0,c493746a7cd4f438,ok,5093.206071314575,True,True,cluster_00041,train,/home/dheirav/Code/Deepfake_Detection/deepfake-project/dataset_builder/train/ai_generated/flux_topup_001793.jpg
data_sources/ai_generated/FLUX_TopUp/flux_topup_001794.jpg,data_sources/ai_generated/FLUX_TopUp,ai_generated,1024,1024,1.0,JPEG,394270,de9848b77918891e3faca91b6a257d93,af1fb3478e8365a9101721b1c30d730dd3e46794363fc225fcc97d0775e717c9,1.0,a4a6d8d9905b3c67,ok,3251.4067845755335,True,True,cluster_00695,train,/home/dheirav/Code/Deepfake_Detection/deepfake-project/dataset_builder/train/ai_generated/flux_topup_001794.jpg
data_sources/ai_generated/FLUX_TopUp/flux_topup_001799.jpg,data_sources/ai_generated/FLUX_TopUp,ai_generated,1024,1024,1.0,JPEG,367427,f030821977cdf4f7c4a58ab146192029,07581589c73cdcd816dcdd4dcc549f6b73935fc7bc38db0ecd9bc38f88b8a60d,1.0,9d9696e3661991c6,ok,1098.3087056327338,True,True,cluster_00850,train,/home/dheirav/Code/Deepfake_Detection/deepfake-project/dataset_builder/train/ai_generated/flux_topup_001799.jpg
data_sources/ai_generated/FLUX_TopUp/flux_topup_001802.jpg,data_sources/ai_generated/FLUX_TopUp,ai_generated,1024,1024,1.0,JPEG,392449,d84a867c53456bd56beeadcb00b5b18a,004151a567399cb74114865b66064bbe816e4268c822f6c524181463ab008a93,1.0,ddf90790f26c14d8,ok,1071.102123182951,True,True,cluster_00705,train,/home/dheirav/Code/Deepfake_Detection/deepfake-project/dataset_builder/train/ai_generated/flux_topup_001802.jpg
data_sources/ai_generated/FLUX_TopUp/flux_topup_001805.jpg,data_sources/ai_generated/FLUX_TopUp,ai_generated,1024,1024,1.0,JPEG,498420,bb5cc2d98e6b238181f1c1f0977af2fc,8ff52db5cc7a9d2a84098332f25742cf1e230f2487ad4d82b008fd393721e9ed,1.0,888c64657db6337c,ok,2702.2862825638977,True,True,cluster_00176,train,/home/dheirav/Code/Deepfake_Detection/deepfake-project/dataset_builder/train/ai_generated/flux_topup_001805.jpg
data_sources/ai_generated/FLUX_TopUp/flux_topup_001806.jpg,data_sources/ai_generated/FLUX_TopUp,ai_generated,1024,1024,1.0,JPEG,319057,eb6d27cea72a330d6b2972b06bef22ea,62efe74b39d051b601ae394639b1e4a9f3331a533fd48d15329fa6a4814af97e,1.0,98929397b6d89ba4,ok,988.1765569177722,True,True,cluster_01183,train,/home/dheirav/Code/Deepfake_Detection/deepfake-project/dataset_builder/train/ai_generated/flux_topup_001806.jpg
data_sources/ai_generated/FLUX_TopUp/flux_topup_001807.jpg,data_sources/ai_generated/FLUX_TopUp,ai_generated,1024,1024,1.0,JPEG,291522,f67bfaf4554ec22da22141128041d22b,7e9ff03d2128ebd736c9355d1e7f2ea7e9f3a853a5f0efca89e817201fe53b40,1.0,92842db1dabbd929,ok,680.2312049269094,True,True,cluster_01408,train,/home/dheirav/Code/Deepfake_Detection/deepfake-project/dataset_builder/train/ai_generated/flux_topup_001807.jpg
data_sources/ai_generated/FLUX_TopUp/flux_topup_001808.jpg,data_sources/ai_generated/FLUX_TopUp,ai_generated,1024,1024,1.0,JPEG,471286,572512b548d604654ac208488746f19d,0bb6e5440c41b04d8bd7d4caf353599cb138efaf062f3c31930f3a2be07ea412,1.0,99863e64317427f3,ok,1622.7023574626073,True,True,cluster_00284,train,/home/dheirav/Code/Deepfake_Detection/deepfake-project/dataset_builder/train/ai_generated/flux_topup_001808.jpg
data_sources/ai_generated/FLUX_TopUp/flux_topup_001811.jpg,data_sources/ai_generated/FLUX_TopUp,ai_generated,1024,1024,1.0,JPEG,325065,e0c96e851dc401ccbc713f0a2d14a272,ff83e0ff442671752a2c2bd711dfb4e112a524b620b7b08ef391d9c2d9f8f388,1.0,99c8c1c64e964fbc,ok,983.4402779399522,True,True,cluster_01132,train,/home/dheirav/Code/Deepfake_Detection/deepfake-project/dataset_builder/train/ai_generated/flux_topup_001811.jpg
data_sources/ai_generated/FLUX_TopUp/flux_topup_001817.jpg,data_sources/ai_generated/FLUX_TopUp,ai_generated,1024,1024,1.0,JPEG,241560,0b2271d3045703be6d83b9d2214b85b5,fb538030ad04cac21479e3bd4ba922cab3b554a60dcda2182650e683fbd2bd75,1.0,9096990fefe46c31,ok,141.2249813044873,True,True,cluster_01841,train,/home/dheirav/Code/Deepfake_Detection/deepfake-project/dataset_builder/train/ai_generated/flux_topup_001817.jpg
data_sources/ai_generated/FLUX_TopUp/flux_topup_001818.jpg,data_sources/ai_generated/FLUX_TopUp,ai_generated,1024,1024,1.0,JPEG,436017,ab0841e39e32542dc91af62b31ef1e67,43d5d237e3f119c93896ff2e2fdeccc911e7c9696ca5c4993ed4e9d07112db47,1.0,f58599b9362e0a1b,ok,2562.4536682186435,True,True,cluster_00449,train,/home/dheirav/Code/Deepfake_Detection/deepfake-project/dataset_builder/train/ai_generated/flux_topup_001818.jpg
data_sources/ai_generated/FLUX_TopUp/flux_topup_001820.jpg,data_sources/ai_generated/FLUX_TopUp,ai_generated,1024,1024,1.0,JPEG,280467,1db67b0be524cfb0495de2f92f6ea937,fe3121e10755b540daf714fcac06d11f0b15c2ade2d51c3bab1f13bab5810c8b,1.0,c6ccc2c939056ef6,ok,184.3650494904723,True,True,cluster_01497,train,/home/dheirav/Code/Deepfake_Detection/deepfake-project/dataset_builder/train/ai_generated/flux_topup_001820.jpg
data_sources/ai_generated/FLUX_TopUp/flux_topup_001824.jpg,data_sources/ai_generated/FLUX_TopUp,ai_generated,1024,1024,1.0,JPEG,474636,d349107b0061a63b07fccdbed4fd5061,4d41f7b5dbfb3b0742e0871565981f3dca4c1f009e39cb5c6e280a650bb88990,1.0,9a8736b86d9249c7,ok,2618.7963868172797,True,True,cluster_00268,train,/home/dheirav/Code/Deepfake_Detection/deepfake-project/dataset_builder/train/ai_generated/flux_topup_001824.jpg
data_sources/ai_generated/FLUX_TopUp/flux_topup_001825.jpg,data_sources/ai_generated/FLUX_TopUp,ai_generated,1024,1024,1.0,JPEG,293383,38786efbe9867d96b92b8c964e07bc8f,33b107e3fd92d09413274f9d82941b79f7f8ae706e3065e729dd467dedf3e53e,1.0,c9c5664c4627b8de,ok,545.0090677456719,True,True,cluster_01392,train,/home/dheirav/Code/Deepfake_Detection/deepfake-project/dataset_builder/train/ai_generated/flux_topup_001825.jpg
data_sources/ai_generated/FLUX_TopUp/flux_topup_001827.jpg,data_sources/ai_generated/FLUX_TopUp,ai_generated,1024,1024,1.0,JPEG,243698,56e565b3250a2d23d9be91366309cd3f,708d4dd020bb5849ee506bed52504ebd05f01fe425a499fa4bb8499023e53026,1.0,83868cb94f9e6693,ok,251.51475999982262,True,True,cluster_01818,train,/home/dheirav/Code/Deepfake_Detection/deepfake-project/dataset_builder/train/ai_generated/flux_topup_001827.jpg
data_sources/ai_generated/FLUX_TopUp/flux_topup_001829.jpg,data_sources/ai_generated/FLUX_TopUp,ai_generated,1024,1024,1.0,JPEG,317103,22f3250c7633d763f700afcdbd2b4772,6f129f3eeaf24a3ac75c2fad1f69d60c99c256e82603f38c7ca2f46d33cc9a8d,1.0,9ddc2cc60cd8c6f1,ok,881.1949591799046,True,True,cluster_01196,train,/home/dheirav/Code/Deepfake_Detection/deepfake-project/dataset_builder/train/ai_generated/flux_topup_001829.jpg
data_sources/ai_generated/FLUX_TopUp/flux_topup_001830.jpg,data_sources/ai_generated/FLUX_TopUp,ai_generated,1024,1024,1.0,JPEG,284062,c729b262d3bdaa84e1bcb24d2e8a6360,46b8f2d37c8e5728faeb2cc4089a3d6ee930c6c95cd88df9ff2caa0bcc3d23f0,1.0,cfbf70600de21cc9,ok,516.1831851214956,True,True,cluster_01474,train,/home/dheirav/Code/Deepfake_Detection/deepfake-project/dataset_builder/train/ai_generated/flux_topup_001830.jpg
data_sources/ai_generated/FLUX_TopUp/flux_topup_001831.jpg,data_sources/ai_generated/FLUX_TopUp,ai_generated,1024,1024,1.0,JPEG,394763,cbdd305947134346aee152c525647543,71f0dfbc68bb0d82587984dd7f8eef56a34ae410ff5d3eba9a8d298defc5ccd9,1.0,9dcd9bcc330a9331,ok,2143.722853099068,True,True,cluster_00692,train,/home/dheirav/Code/Deepfake_Detection/deepfake-project/dataset_builder/train/ai_generated/flux_topup_001831.jpg
data_sources/ai_generated/FLUX_TopUp/flux_topup_001837.jpg,data_sources/ai_generated/FLUX_TopUp,ai_generated,1024,1024,1.0,JPEG,354830,f19eb34dd725407e2db52a47166ca4fa,68551cbb865ab71a575aba99f9a9213d16ca425b24f0bcc45e8bc9fc7584fe0b,1.0,9294c91bfc8666f2,ok,648.674859694335,True,True,cluster_00925,train,/home/dheirav/Code/Deepfake_Detection/deepfake-project/dataset_builder/train/ai_generated/flux_topup_001837.jpg
data_sources/ai_generated/FLUX_TopUp/flux_topup_001838.jpg,data_sources/ai_generated/FLUX_TopUp,ai_generated,1024,1024,1.0,JPEG,428231,6c3becd6084f91258b13812ecd76729d,e0059f515015ab592e5fdc4154ab12489fdaca123484c4e03093ef8114cfdc6f,1.0,9699b1b264a61bd3,ok,601.0931936680427,True,True,cluster_00498,train,/home/dheirav/Code/Deepfake_Detection/deepfake-project/dataset_builder/train/ai_generated/flux_topup_001838.jpg
data_sources/ai_generated/FLUX_TopUp/flux_topup_001839.jpg,data_sources/ai_generated/FLUX_TopUp,ai_generated,1024,1024,1.0,JPEG,425203,d3b4ab1b109a49372b4eebdd8ea78619,4f2146e642a43ed50450985b2c5fa17ec7c9f2f4393e299240f3fe447bfc7f6d,1.0,92a16f695a16352f,ok,1038.6552247859615,True,True,cluster_00517,train,/home/dheirav/Code/Deepfake_Detection/deepfake-project/dataset_builder/train/ai_generated/flux_topup_001839.jpg
data_sources/ai_generated/FLUX_TopUp/flux_topup_001840.jpg,data_sources/ai_generated/FLUX_TopUp,ai_generated,1024,1024,1.0,JPEG,451925,de95d887262626f705ba7b6ed170916d,b8d66379903af0d49a39605cfc7315bb7a029a6598f811f07c473f24b3024fd8,1.0,9aa6e887adda580e,ok,1710.0179871349233,True,True,cluster_00361,train,/home/dheirav/Code/Deepfake_Detection/deepfake-project/dataset_builder/train/ai_generated/flux_topup_001840.jpg
data_sources/ai_generated/FLUX_TopUp/flux_topup_001844.jpg,data_sources/ai_generated/FLUX_TopUp,ai_generated,1024,1024,1.0,JPEG,368146,d4cfb48032d349d322bfc5ce6d376a29,dba32994e458b74ae9d575d5539014a00d2be285729a7b9768d0e3b59a3057fe,1.0,e8e897079c9c3b58,ok,776.212522382204,True,True,cluster_00844,train,/home/dheirav/Code/Deepfake_Detection/deepfake-project/dataset_builder/train/ai_generated/flux_topup_001844.jpg
data_sources/ai_generated/FLUX_TopUp/flux_topup_001848.jpg,data_sources/ai_generated/FLUX_TopUp,ai_generated,1024,1024,1.0,JPEG,676379,ef55aa50097e03e97c211ba0d3b88585,672b0fa14bedd4c0862c978750df3a633e2b23f33ff42ec695b33710354e87e4,1.0,d49988dce3984f96,ok,3824.648173864931,True,True,cluster_00004,train,/home/dheirav/Code/Deepfake_Detection/deepfake-project/dataset_builder/train/ai_generated/flux_topup_001848.jpg
data_sources/ai_generated/FLUX_TopUp/flux_topup_001857.jpg,data_sources/ai_generated/FLUX_TopUp,ai_generated,1024,1024,1.0,JPEG,242373,bd14ab5dd495b924d3f38c11647b9194,bc9a7c48d55f2423c373c6242d5cc9a14b290897500f3c783e376fe47829d9fe,1.0,92966d4d99272676,ok,447.3485294519114,True,True,cluster_01826,train,/home/dheirav/Code/Deepfake_Detection/deepfake-project/dataset_builder/train/ai_generated/flux_topup_001857.jpg
data_sources/ai_generated/FLUX_TopUp/flux_topup_001860.jpg,data_sources/ai_generated/FLUX_TopUp,ai_generated,1024,1024,1.0,JPEG,336276,d0a7bc68234ffe907dea78dc508c5645,4b6b57a5413b98b8aee095487b075e5b8a0fc81352d4d56bc56c9c57de8d1bf0,1.0,81381ccc36c73fd3,ok,365.98232204941087,True,True,cluster_01048,train,/home/dheirav/Code/Deepfake_Detection/deepfake-project/dataset_builder/train/ai_generated/flux_topup_001860.jpg
data_sources/ai_generated/FLUX_TopUp/flux_topup_001868.jpg,data_sources/ai_generated/FLUX_TopUp,ai_generated,1024,1024,1.0,JPEG,268908,e8f71ac54a39b9a25e3d866349f7e87b,b90d06827458f6f342252b30aecad33827970fa0281b6c3f77699233d5f5e50a,1.0,9df0ee3c034ab1ca,ok,247.41930860045886,True,True,cluster_01595,train,/home/dheirav/Code/Deepfake_Detection/deepfake-project/dataset_builder/train/ai_generated/flux_topup_001868.jpg
data_sources/ai_generated/FLUX_TopUp/flux_topup_001869.jpg,data_sources/ai_generated/FLUX_TopUp,ai_generated,1024,1024,1.0,JPEG,460140,b8ba39e2b2309d648a8414832a31b53b,cec2eeab0c3840eaef60d548c3ad9ca420b07f32eb6f4856b8c0b5d17b1d8a26,1.0,87a6aff94591e418,ok,1369.6276406121906,True,True,cluster_00335,train,/home/dheirav/Code/Deepfake_Detection/deepfake-project/dataset_builder/train/ai_generated/flux_topup_001869.jpg
data_sources/ai_generated/FLUX_TopUp/flux_topup_001871.jpg,data_sources/ai_generated/FLUX_TopUp,ai_generated,1024,1024,1.0,JPEG,488852,5d62642721e47e68fd7b87e88c1f950a,532804c77b809f767c6677bfcd1f8ecb981063aaa6c287fbdbdbbf1e66ac217c,1.0,9c86ccc89383e37b,ok,1829.3891544022756,True,True,cluster_00218,train,/home/dheirav/Code/Deepfake_Detection/deepfake-project/dataset_builder/train/ai_generated/flux_topup_001871.jpg
data_sources/ai_generated/FLUX_TopUp/flux_topup_001874.jpg,data_sources/ai_generated/FLUX_TopUp,ai_generated,1024,1024,1.0,JPEG,253365,0ceda9590687f755e77463b7fcfdadbf,280c84c7ba11e3182e2ec74429f22e1b4e0145e135376cd1d498497e24f74092,1.0,838161e25a1cdef7,ok,430.69071386172436,True,True,cluster_01731,train,/home/dheirav/Code/Deepfake_Detection/deepfake-project/dataset_builder/train/ai_generated/flux_topup_001874.jpg
data_sources/ai_generated/FLUX_TopUp/flux_topup_001875.jpg,data_sources/ai_generated/FLUX_TopUp,ai_generated,1024,1024,1.0,JPEG,314865,d53829b6f6d28c0915edc756407f6386,ce66e0c53d2cfabbc9b1ac6e1fa3c3ef7020c27e44238f92bfdbed152a014ea5,1.0,d5d57d2f0b81809b,ok,627.2527346317911,True,True,cluster_01213,train,/home/dheirav/Code/Deepfake_Detection/deepfake-project/dataset_builder/train/ai_generated/flux_topup_001875.jpg
data_sources/ai_generated/FLUX_TopUp/flux_topup_001877.jpg,data_sources/ai_generated/FLUX_TopUp,ai_generated,1024,1024,1.0,JPEG,460452,4f4fc9b22f756fc5723ab1572cf50a95,2f3fc191bfb5f4e24dee019b71c90a2c594c8c9fdfaf0586271caf28142c8984,1.0,9094a7ec63e93366,ok,2638.3193955771417,True,True,cluster_00333,train,/home/dheirav/Code/Deepfake_Detection/deepfake-project/dataset_builder/train/ai_generated/flux_topup_001877.jpg
data_sources/ai_generated/FLUX_TopUp/flux_topup_001889.jpg,data_sources/ai_generated/FLUX_TopUp,ai_generated,1024,1024,1.0,JPEG,438457,35cc1029c95b8e1fc2490d64c827a080,25766262c731acb5d953e2c10d3fd0e3ee6f81aee1dc0936dd88ef71bbfb443d,1.0,c1879f2b6a8bd03a,ok,3308.521413882939,True,True,cluster_00436,train,/home/dheirav/Code/Deepfake_Detection/deepfake-project/dataset_builder/train/ai_generated/flux_topup_001889.jpg
data_sources/ai_generated/FLUX_TopUp/flux_topup_001896.jpg,data_sources/ai_generated/FLUX_TopUp,ai_generated,1024,1024,1.0,JPEG,343201,e587d1c9b4f45fbc03a6a4d734dfff5b,c79053432aa14ba2dfe706c24814f088352b393208aa29053adb7e4613205128,1.0,c31f7824768376c6,ok,1601.5329017461004,True,True,cluster_00993,train,/home/dheirav/Code/Deepfake_Detection/deepfake-project/dataset_builder/train/ai_generated/flux_topup_001896.jpg
data_sources/ai_generated/FLUX_TopUp/flux_topup_001905.jpg,data_sources/ai_generated/FLUX_TopUp,ai_generated,1024,1024,1.0,JPEG,246716,0285aabe6cf58d7533bac30a4b3c75ad,1663643429c42611424eda02cf8af34d1fbd343dfaaed90b1a8b6ece9d4ed02e,1.0,b0b0e74b4bc7c49c,ok,376.1141166476882,True,True,cluster_01791,train,/home/dheirav/Code/Deepfake_Detection/deepfake-project/dataset_builder/train/ai_generated/flux_topup_001905.jpg
data_sources/ai_generated/FLUX_TopUp/flux_topup_001908.jpg,data_sources/ai_generated/FLUX_TopUp,ai_generated,1024,1024,1.0,JPEG,268686,783541487ccc3329323a03aed66c654b,480d2f0c1c8931b7c8f376ab8cbd1104c2921eb1c53d623b865c49da9b4554f5,1.0,d429431f7ad50576,ok,405.3282203565167,True,True,cluster_01598,train,/home/dheirav/Code/Deepfake_Detection/deepfake-project/dataset_builder/train/ai_generated/flux_topup_001908.jpg
data_sources/ai_generated/FLUX_TopUp/flux_topup_001909.jpg,data_sources/ai_generated/FLUX_TopUp,ai_generated,1024,1024,1.0,JPEG,415755,bbb981e22f16a3cfce3e284184a3c25c,9a5a314a9b49d6d66f1a80f9aa224eb2fc7c1506296d946556f8c9bf91a64080,1.0,dab7646d8a1c7219,ok,1027.111573698733,True,True,cluster_00567,train,/home/dheirav/Code/Deepfake_Detection/deepfake-project/dataset_builder/train/ai_generated/flux_topup_001909.jpg
data_sources/ai_generated/FLUX_TopUp/flux_topup_001910.jpg,data_sources/ai_generated/FLUX_TopUp,ai_generated,1024,1024,1.0,JPEG,311814,4c64e1cc653666fe024a240035cebab0,f96aeb9dfb3750ec5f54e4f35a0751e6936b79376a8f21605c99ec43ae7d500c,1.0,9cdc67a6ce2a5229,ok,733.3506018321194,True,True,cluster_01242,train,/home/dheirav/Code/Deepfake_Detection/deepfake-project/dataset_builder/train/ai_generated/flux_topup_001910.jpg
data_sources/ai_generated/FLUX_TopUp/flux_topup_001914.jpg,data_sources/ai_generated/FLUX_TopUp,ai_generated,1024,1024,1.0,JPEG,321244,2aa52a541a48c666a0ffd2ec3d4c51bd,78762e879cfec2187e3e3ecbeb3c1b57d3b3c3bcbbe629a6295e6c7d969739f2,1.0,875a48ad76d21d65,ok,860.5536114422139,True,True,cluster_01167,train,/home/dheirav/Code/Deepfake_Detection/deepfake-project/dataset_builder/train/ai_generated/flux_topup_001914.jpg
data_sources/ai_generated/FLUX_TopUp/flux_topup_001919.jpg,data_sources/ai_generated/FLUX_TopUp,ai_generated,1024,1024,1.0,JPEG,285909,c7252c85ac24298b4bf56a7569f408b0,2146c9ed9d209bb84c4b864bba7c8670fd6250bf80ad5f703d9646840b685768,1.0,d4f12e074bd2358b,ok,517.3071608491591,True,True,cluster_01463,train,/home/dheirav/Code/Deepfake_Detection/deepfake-project/dataset_builder/train/ai_generated/flux_topup_001919.jpg
data_sources/ai_generated/FLUX_TopUp/flux_topup_001923.jpg,data_sources/ai_generated/FLUX_TopUp,ai_generated,1024,1024,1.0,JPEG,387423,de1f5af424c754d01d09b103763c8c68,2815f431b7d14bbb0a154f1570d048635d411446c33a85d0c49834eb419a0cb9,1.0,cc83326c5df20cfc,ok,1111.316762379864,True,True,cluster_00736,train,/home/dheirav/Code/Deepfake_Detection/deepfake-project/dataset_builder/train/ai_generated/flux_topup_001923.jpg
data_sources/ai_generated/FLUX_TopUp/flux_topup_001925.jpg,data_sources/ai_generated/FLUX_TopUp,ai_generated,1024,1024,1.0,JPEG,491134,18dcc710d430fe841dd28b96e7471c41,87c44893187fefe3ab8e620c6e58c41ea498c58732fd32bef7eeae42bc1e7c6f,1.0,9b96a605b7c134ce,ok,1347.8738484502815,True,True,cluster_00207,train,/home/dheirav/Code/Deepfake_Detection/deepfake-project/dataset_builder/train/ai_generated/flux_topup_001925.jpg
data_sources/ai_generated/FLUX_TopUp/flux_topup_001930.jpg,data_sources/ai_generated/FLUX_TopUp,ai_generated,1024,1024,1.0,JPEG,410773,9f2d2f21bc20c9a26c48643d668692dd,02d59671dbee1c53bdc54f89eb7242094f7712528fad9f8d77e3b22f6b75278b,1.0,d9cc336c1469ae4b,ok,967.8723175113555,True,True,cluster_00602,train,/home/dheirav/Code/Deepfake_Detection/deepfake-project/dataset_builder/train/ai_generated/flux_topup_001930.jpg
data_sources/ai_generated/FLUX_TopUp/flux_topup_001932.jpg,data_sources/ai_generated/FLUX_TopUp,ai_generated,1024,1024,1.0,JPEG,249030,0b29ffc1297b72bdfa9576cc4619ea01,7a93e971323e74ea6bf5ae6d9ad70d6d6bb7cb04159d9d8d4cb8adfb1d0a1d96,1.0,d1ecf6f2e4989209,ok,181.9731734271763,True,True,cluster_01770,train,/home/dheirav/Code/Deepfake_Detection/deepfake-project/dataset_builder/train/ai_generated/flux_topup_001932.jpg
data_sources/ai_generated/FLUX_TopUp/flux_topup_001934.jpg,data_sources/ai_generated/FLUX_TopUp,ai_generated,1024,1024,1.0,JPEG,313909,27d1d89d82d38b595598d817b5628b1a,60ee5b2782e68087f12b02ae54c5f2faa4ccd01395513c8d87f0981ea553e989,1.0,e1e4181bce8e9c9b,ok,432.19805326175174,True,True,cluster_01222,train,/home/dheirav/Code/Deepfake_Detection/deepfake-project/dataset_builder/train/ai_generated/flux_topup_001934.jpg
data_sources/ai_generated/FLUX_TopUp/flux_topup_001935.jpg,data_sources/ai_generated/FLUX_TopUp,ai_generated,1024,1024,1.0,JPEG,495517,c3b677ced9d5cb9640ae09f18d09436f,1cfabdfc800cac802ad1e9bf2bcd222723789d258597465e2f73df6263877fbf,1.0,928dd26e8ef2a68a,ok,2126.105369530759,True,True,cluster_00192,train,/home/dheirav/Code/Deepfake_Detection/deepfake-project/dataset_builder/train/ai_generated/flux_topup_001935.jpg
data_sources/ai_generated/FLUX_TopUp/flux_topup_001936.jpg,data_sources/ai_generated/FLUX_TopUp,ai_generated,1024,1024,1.0,JPEG,262273,eb61ecc36dbf4cf60b54cfd023ab93e1,3f19eb437a58d72fda97023de706105530d9bce14f08d675bb91a63baa31dd51,1.0,898975743c9d8d4b,ok,373.5296954021605,True,True,cluster_01656,train,/home/dheirav/Code/Deepfake_Detection/deepfake-project/dataset_builder/train/ai_generated/flux_topup_001936.jpg
data_sources/ai_generated/FLUX_TopUp/flux_topup_001938.jpg,data_sources/ai_generated/FLUX_TopUp,ai_generated,1024,1024,1.0,JPEG,323275,25168a0199dabc597e9afc8ad7c77f16,316720b815ea582def9b6633b92ad2ed51f84e30618c49f717abe5dd5707c1a3,1.0,91afaa62398d66b4,ok,660.5062873558627,True,True,cluster_01150,train,/home/dheirav/Code/Deepfake_Detection/deepfake-project/dataset_builder/train/ai_generated/flux_topup_001938.jpg
data_sources/ai_generated/FLUX_TopUp/flux_topup_001940.jpg,data_sources/ai_generated/FLUX_TopUp,ai_generated,1024,1024,1.0,JPEG,223678,fddec8f1b6420c6db3b1b9a3e25a2708,42ab9217c77a7e272692d937a14837a0de0b894ce21f03f56e0e5394325e45db,1.0,e1e1381707e3eb1a,ok,156.52697639373125,True,True,cluster_01984,train,/home/dheirav/Code/Deepfake_Detection/deepfake-project/dataset_builder/train/ai_generated/flux_topup_001940.jpg
data_sources/ai_generated/FLUX_TopUp/flux_topup_001943.jpg,data_sources/ai_generated/FLUX_TopUp,ai_generated,1024,1024,1.0,JPEG,389054,0a5e6f8fea13a1ca14b0903fabb5504b,77fc36300fc7525273e0e0ca7a7004a8ddc1c26b5ea95b6d83fbfefa8cc9f186,1.0,9d87e4681ee37838,ok,2495.283866490936,True,True,cluster_00728,train,/home/dheirav/Code/Deepfake_Detection/deepfake-project/dataset_builder/train/ai_generated/flux_topup_001943.jpg
data_sources/ai_generated/FLUX_TopUp/flux_topup_001945.jpg,data_sources/ai_generated/FLUX_TopUp,ai_generated,1024,1024,1.0,JPEG,364999,7d0a9d4c6c1aac823c012b9d9ee662ce,d633b35a12b73ccd9f5460888543027563d89b81c1d72ed70192ad3010ad7518,1.0,91b66e6922cc3dc6,ok,1378.7281903177054,True,True,cluster_00868,train,/home/dheirav/Code/Deepfake_Detection/deepfake-project/dataset_builder/train/ai_generated/flux_topup_001945.jpg
data_sources/ai_generated/FLUX_TopUp/flux_topup_001946.jpg,data_sources/ai_generated/FLUX_TopUp,ai_generated,1024,1024,1.0,JPEG,389916,407ef0e58313c10131430a2010ebf6d9,36d8d1b49e8c96f0126a81ce0f591c7bdcbc04d6d6ccc508c3644b24e00e7297,1.0,c98db50732de1e13,ok,1190.4119142349655,True,True,cluster_00717,train,/home/dheirav/Code/Deepfake_Detection/deepfake-project/dataset_builder/train/ai_generated/flux_topup_001946.jpg
data_sources/ai_generated/FLUX_TopUp/flux_topup_001948.jpg,data_sources/ai_generated/FLUX_TopUp,ai_generated,1024,1024,1.0,JPEG,315054,fd47463905433dccc2e1b29b3d076528,33d210d0d0c2f28780bcd898df31c58a961811220c27f3fec3c62cb467684ece,1.0,9794252d2e6ec6e8,ok,339.71006157995623,True,True,cluster_01210,train,/home/dheirav/Code/Deepfake_Detection/deepfake-project/dataset_builder/train/ai_generated/flux_topup_001948.jpg
data_sources/ai_generated/FLUX_TopUp/flux_topup_001951.jpg,data_sources/ai_generated/FLUX_TopUp,ai_generated,1024,1024,1.0,JPEG,373179,9a210339aa25956a152c79e2c7b5b7b9,58f32fb65907587df6e7008d5c7fc8b179a378851a5fcbafa4adde6fef19aaef,1.0,90a4ef5f58a42f83,ok,2105.8000474502587,True,True,cluster_00811,train,/home/dheirav/Code/Deepfake_Detection/deepfake-project/dataset_builder/train/ai_generated/flux_topup_001951.jpg
data_sources/ai_generated/FLUX_TopUp/flux_topup_001960.jpg,data_sources/ai_generated/FLUX_TopUp,ai_generated,1024,1024,1.0,JPEG,224985,63b3150338ece8f24d8757bee9072a23,633c7aa071b24c3d4508652f8a4eab4ef1023d3c0468318cb12cda867b65e01b,1.0,b6a849939bce5469,ok,354.81140230924836,True,True,cluster_01972,train,/home/dheirav/Code/Deepfake_Detection/deepfake-project/dataset_builder/train/ai_generated/flux_topup_001960.jpg
data_sources/ai_generated/FLUX_TopUp/flux_topup_001966.jpg,data_sources/ai_generated/FLUX_TopUp,ai_generated,1024,1024,1.0,JPEG,338401,2ca516f3dd203a1f5e702dc8a1770a3a,2fd5d675d1f2c1e96de08bf7d7527a6915aa22af435f2c32a298f204a98ee491,1.0,99e5396076663792,ok,721.8253786536288,True,True,cluster_01026,train,/home/dheirav/Code/Deepfake_Detection/deepfake-project/dataset_builder/train/ai_generated/flux_topup_001966.jpg
data_sources/ai_generated/FLUX_TopUp/flux_topup_001968.jpg,data_sources/ai_generated/FLUX_TopUp,ai_generated,1024,1024,1.0,JPEG,412712,55934270052d51ec26306e75714c8471,e36ad92348bef5fdd2e8be581bda3e5e89fd7ab207a62ef457a8e5581f2db990,1.0,a5a2da4f950c7a95,ok,1992.9310468178592,True,True,cluster_00586,train,/home/dheirav/Code/Deepfake_Detection/deepfake-project/dataset_builder/train/ai_generated/flux_topup_001968.jpg
data_sources/ai_generated/FLUX_TopUp/flux_topup_001976.jpg,data_sources/ai_generated/FLUX_TopUp,ai_generated,1024,1024,1.0,JPEG,222538,c8105947d4aaf1e859e0aef3209f8fd1,9f8d0916c35a7894aece626381c63ea8e92819d58e48834480dad05e62833057,1.0,9485496736cdcb36,ok,157.30568875289464,True,True,cluster_01991,train,/home/dheirav/Code/Deepfake_Detection/deepfake-project/dataset_builder/train/ai_generated/flux_topup_001976.jpg
data_sources/ai_generated/FLUX_TopUp/flux_topup_001977.jpg,data_sources/ai_generated/FLUX_TopUp,ai_generated,1024,1024,1.0,JPEG,556852,500db43a15af5f215456d2145808d92c,67dfba0e86ca397085f0390cf51e191f06857ce8faf64298f9da5a5d4f948490,1.0,8f9b1aa62bd029cb,ok,2431.6228923723056,True,True,cluster_00055,train,/home/dheirav/Code/Deepfake_Detection/deepfake-project/dataset_builder/train/ai_generated/flux_topup_001977.jpg
data_sources/ai_generated/FLUX_TopUp/flux_topup_001981.jpg,data_sources/ai_generated/FLUX_TopUp,ai_generated,1024,1024,1.0,JPEG,351982,27b745ecaf00cb0c75fa2dc8fb301d57,75fdedf5a01e57961daccab44a8a746c2645beece04867f9e50ecbdd27a4b3ba,1.0,93f3cb4c2cac6a52,ok,1108.069114553945,True,True,cluster_00939,train,/home/dheirav/Code/Deepfake_Detection/deepfake-project/dataset_builder/train/ai_generated/flux_topup_001981.jpg
data_sources/ai_generated/FLUX_TopUp/flux_topup_001984.jpg,data_sources/ai_generated/FLUX_TopUp,ai_generated,1024,1024,1.0,JPEG,298675,76fee91a33a14552350e4b6c775fcdd6,d8e4efdd3c4385db6db491ab68ba30539e3656ae1f10a0fbdb646df32caeb243,1.0,99b6ab6e49336419,ok,610.2786748489661,True,True,cluster_01359,train,/home/dheirav/Code/Deepfake_Detection/deepfake-project/dataset_builder/train/ai_generated/flux_topup_001984.jpg
data_sources/ai_generated/FLUX_TopUp/flux_topup_001985.jpg,data_sources/ai_generated/FLUX_TopUp,ai_generated,1024,1024,1.0,JPEG,365540,27de31d476a6dde1441634a3d5ee7732,70ccec648e007f78767a2c8d42be95f7d0d2c517031409da063200a765229e2a,1.0,e4e21b1864a7db4d,ok,441.771075535009,True,True,cluster_00864,train,/home/dheirav/Code/Deepfake_Detection/deepfake-project/dataset_builder/train/ai_generated/flux_topup_001985.jpg
data_sources/ai_generated/FLUX_TopUp/flux_topup_001986.jpg,data_sources/ai_generated/FLUX_TopUp,ai_generated,1024,1024,1.0,JPEG,383517,d410762e180e6ea7dffb5c8f498c30ff,30a75186c4cf534b16f0802d840196c26ccbe859b914794c876c82e07a72c400,1.0,9991267a6acd6c4d,ok,569.5604510315716,True,True,cluster_00759,train,/home/dheirav/Code/Deepfake_Detection/deepfake-project/dataset_builder/train/ai_generated/flux_topup_001986.jpg
data_sources/ai_generated/FLUX_TopUp/flux_topup_001987.jpg,data_sources/ai_generated/FLUX_TopUp,ai_generated,1024,1024,1.0,JPEG,321386,c7bfc90d35b77a98d45d73a03a7662c1,ddecb5279b58c61616808e9f0de0d4c4b9850ce26157a0837b26f40343f5df8d,1.0,d87c071fe00f7887,ok,704.1654337555519,True,True,cluster_01166,train,/home/dheirav/Code/Deepfake_Detection/deepfake-project/dataset_builder/train/ai_generated/flux_topup_001987.jpg
data_sources/ai_generated/FLUX_TopUp/flux_topup_001989.jpg,data_sources/ai_generated/FLUX_TopUp,ai_generated,1024,1024,1.0,JPEG,300154,76f5c21fb7f32c6c263d8f026ba54bd6,ce57acb38864d1bb317f6f2345d018eadb63dba9fbee445f9909d3de29cd4c54,1.0,93816c6e7b93b06c,ok,363.92422950467056,True,True,cluster_01347,train,/home/dheirav/Code/Deepfake_Detection/deepfake-project/dataset_builder/train/ai_generated/flux_topup_001989.jpg
data_sources/ai_generated/FLUX_TopUp/flux_topup_001992.jpg,data_sources/ai_generated/FLUX_TopUp,ai_generated,1024,1024,1.0,JPEG,477425,6a2124710096cfb326986bfb6352cf42,663157967a3ace2c7d08716fe9cc8f86cd7967465de0dfd588a2dfff53c9cc78,1.0,80c0743f0fdb56dc,ok,2442.5109627267657,True,True,cluster_00256,train,/home/dheirav/Code/Deepfake_Detection/deepfake-project/dataset_builder/train/ai_generated/flux_topup_001992.jpg
data_sources/ai_generated/FLUX_TopUp/flux_topup_001993.jpg,data_sources/ai_generated/FLUX_TopUp,ai_generated,1024,1024,1.0,JPEG,238650,db75c8b5545d6ab467d59f79dbe567b8,789bb3e7aa1fe462f21e0088b84acac0f3675095998ab946545a5f58b6648cf0,1.0,999937b338ca646c,ok,546.1541286987158,True,True,cluster_01869,train,/home/dheirav/Code/Deepfake_Detection/deepfake-project/dataset_builder/train/ai_generated/flux_topup_001993.jpg
data_sources/ai_generated/FLUX_TopUp/flux_topup_002006.jpg,data_sources/ai_generated/FLUX_TopUp,ai_generated,1024,1024,1.0,JPEG,347481,56e4c21a17d85625d93c2c5718ffd22b,3fdd1ee119ed7b61ab7e05c2efc6129c4d6e63a9901b002676d392b555276552,1.0,c93d246636c732ce,ok,927.6981098721799,True,True,cluster_00973,train,/home/dheirav/Code/Deepfake_Detection/deepfake-project/dataset_builder/train/ai_generated/flux_topup_002006.jpg
data_sources/ai_generated/FLUX_TopUp/flux_topup_002008.jpg,data_sources/ai_generated/FLUX_TopUp,ai_generated,1024,1024,1.0,JPEG,256890,923c2a719b6ad4025df945c706719f6f,26dbc90b5a414951bcf9a8877ad89c11bca6413295fbbfb4b25642cfb861f68d,1.0,9e9c2c61c37c1cb6,ok,535.5743181276765,True,True,cluster_01702,train,/home/dheirav/Code/Deepfake_Detection/deepfake-project/dataset_builder/train/ai_generated/flux_topup_002008.jpg
data_sources/ai_generated/FLUX_TopUp/flux_topup_002010.jpg,data_sources/ai_generated/FLUX_TopUp,ai_generated,1024,1024,1.0,JPEG,239834,e95f2e80f5ec08415200a6476a435426,234da1d2dac3910329e0fbe440a256793686021ecab45d47de031e1d776597e5,1.0,c9b130cce37b26d8,ok,201.89480643760814,True,True,cluster_01857,train,/home/dheirav/Code/Deepfake_Detection/deepfake-project/dataset_builder/train/ai_generated/flux_topup_002010.jpg
data_sources/ai_generated/FLUX_TopUp/flux_topup_002015.jpg,data_sources/ai_generated/FLUX_TopUp,ai_generated,1024,1024,1.0,JPEG,298738,8d3e950d0af434be72277cbc115236f0,4b995a3eba750ad02ae1a3b102eab49c89d6297e84c474241f6736becae1ea60,1.0,999e6e33642e2669,ok,601.1468047937233,True,True,cluster_01358,train,/home/dheirav/Code/Deepfake_Detection/deepfake-project/dataset_builder/train/ai_generated/flux_topup_002015.jpg
data_sources/ai_generated/FLUX_TopUp/flux_topup_002017.jpg,data_sources/ai_generated/FLUX_TopUp,ai_generated,1024,1024,1.0,JPEG,305501,3546c7ae47bd71349954fc7f0f39d0dc,547782ed59048b3573c89c2fcb7de6765b4e841d12c6b9d5517bc04034782839,1.0,cccc9a984b8bb16d,ok,210.50789512983465,True,True,cluster_01299,train,/home/dheirav/Code/Deepfake_Detection/deepfake-project/dataset_builder/train/ai_generated/flux_topup_002017.jpg
data_sources/ai_generated/FLUX_TopUp/flux_topup_002019.jpg,data_sources/ai_generated/FLUX_TopUp,ai_generated,1024,1024,1.0,JPEG,310952,a2a50811d326a17ad776c150c9e9c8b9,be5646fc3979e3a8b07746307a538aa49e0b8337457134c4c665b7d0cff483a0,1.0,92c28e9b83cecdc9,ok,568.8097724770158,True,True,cluster_01252,train,/home/dheirav/Code/Deepfake_Detection/deepfake-project/dataset_builder/train/ai_generated/flux_topup_002019.jpg
data_sources/ai_generated/FLUX_TopUp/flux_topup_002020.jpg,data_sources/ai_generated/FLUX_TopUp,ai_generated,1024,1024,1.0,JPEG,419010,a07cfab562e0da583734839df67b9943,2b91768780cb5dbe45d23589b987679a1a5d41887477f1540cb037498e791655,1.0,80b7a1e976cc3e86,ok,2610.0374479293737,True,True,cluster_00549,train,/home/dheirav/Code/Deepfake_Detection/deepfake-project/dataset_builder/train/ai_generated/flux_topup_002020.jpg
data_sources/ai_generated/FLUX_TopUp/flux_topup_002022.jpg,data_sources/ai_generated/FLUX_TopUp,ai_generated,1024,1024,1.0,JPEG,327030,6d4a84ebbf0af8059bc510566c717484,ac84b40b9b284b9c7502c91888f1c665fcc30dfdf59f81cf922b8492177bcb59,1.0,949c05b29b6792e7,ok,466.6664250963912,True,True,cluster_01117,train,/home/dheirav/Code/Deepfake_Detection/deepfake-project/dataset_builder/train/ai_generated/flux_topup_002022.jpg
data_sources/ai_generated/FLUX_TopUp/flux_topup_002024.jpg,data_sources/ai_generated/FLUX_TopUp,ai_generated,1024,1024,1.0,JPEG,351919,ffb8002250260c20fbd1710d443f2eb1,bd4304dacef3978af838c7a48641c70757ddf87e23c49337730f81e73a100893,1.0,9c19dfc867963868,ok,712.806866829691,True,True,cluster_00940,train,/home/dheirav/Code/Deepfake_Detection/deepfake-project/dataset_builder/train/ai_generated/flux_topup_002024.jpg
data_sources/ai_generated/FLUX_TopUp/flux_topup_002030.jpg,data_sources/ai_generated/FLUX_TopUp,ai_generated,1024,1024,1.0,JPEG,332079,7a8d9b87b0fa84c4d43645f7cedd32db,7c82096a249345681a21bf4427c13933a6bf245d54106c5747a05b86477b5425,1.0,a5a78349d8b8279d,ok,594.2505955304805,True,True,cluster_01081,train,/home/dheirav/Code/Deepfake_Detection/deepfake-project/dataset_builder/train/ai_generated/flux_topup_002030.jpg
data_sources/ai_generated/FLUX_TopUp/flux_topup_002032.jpg,data_sources/ai_generated/FLUX_TopUp,ai_generated,1024,1024,1.0,JPEG,450401,692cd44d47abed2d939421ca082f5e14,89e553b9861fff98de88e38c45fcc3cb335122133230fdc2f6678f0a58b9b315,1.0,918ce76b2dd11ed0,ok,1268.878254752081,True,True,cluster_00368,train,/home/dheirav/Code/Deepfake_Detection/deepfake-project/dataset_builder/train/ai_generated/flux_topup_002032.jpg
data_sources/ai_generated/FLUX_TopUp/flux_topup_002034.jpg,data_sources/ai_generated/FLUX_TopUp,ai_generated,1024,1024,1.0,JPEG,318657,e3badd773815ad75c0b5700cc0e6d15a,498bb0baab30f828144f449990eb93da852b7926a2da2d81944f90c147c30371,1.0,93a56830a6cbde36,ok,1291.5544789366022,True,True,cluster_01187,train,/home/dheirav/Code/Deepfake_Detection/deepfake-project/dataset_builder/train/ai_generated/flux_topup_002034.jpg
data_sources/ai_generated/FLUX_TopUp/flux_topup_002039.jpg,data_sources/ai_generated/FLUX_TopUp,ai_generated,1024,1024,1.0,JPEG,256346,8476e741a468c401bb94c93926a9d7af,3180e45439ab5dae796869031aca1adf748d38a6b0d0070e53214cbfe8437697,1.0,939ed88a4c793369,ok,237.74782971601866,True,True,cluster_01706,train,/home/dheirav/Code/Deepfake_Detection/deepfake-project/dataset_builder/train/ai_generated/flux_topup_002039.jpg
data_sources/ai_generated/FLUX_TopUp/flux_topup_002041.jpg,data_sources/ai_generated/FLUX_TopUp,ai_generated,1024,1024,1.0,JPEG,315378,2678fdb0ee6366575f69ab5dd9eaa391,83d303033f3ddf2df8d2e22fd0d53feb6144c629d20710a69da277ffe657d6df,1.0,8086c9b5f1b88fe3,ok,1202.9054370543413,True,True,cluster_01205,train,/home/dheirav/Code/Deepfake_Detection/deepfake-project/dataset_builder/train/ai_generated/flux_topup_002041.jpg
data_sources/ai_generated/FLUX_TopUp/flux_topup_002042.jpg,data_sources/ai_generated/FLUX_TopUp,ai_generated,1024,1024,1.0,JPEG,420504,57b225f964e10d1ae9bf59a6a36c4c7b,b11e0509303c8c6d790d3dfc94c853b31302af2c0bb3b53e743514833feafab7,1.0,91e5743f1e274d11,ok,1687.3555765663873,True,True,cluster_00544,train,/home/dheirav/Code/Deepfake_Detection/deepfake-project/dataset_builder/train/ai_generated/flux_topup_002042.jpg
data_sources/ai_generated/FLUX_TopUp/flux_topup_002046.jpg,data_sources/ai_generated/FLUX_TopUp,ai_generated,1024,1024,1.0,JPEG,358962,2b1527e8d778fe8ed7cfb9d406d1d1af,f37ff3a71ae8e2238a1ac38696b70a45f516b448036dd65fef2c38045dac86e2,1.0,9cb62a4b75936a38,ok,990.0375780810416,True,True,cluster_00907,train,/home/dheirav/Code/Deepfake_Detection/deepfake-project/dataset_builder/train/ai_generated/flux_topup_002046.jpg
data_sources/ai_generated/FLUX_TopUp/flux_topup_002049.jpg,data_sources/ai_generated/FLUX_TopUp,ai_generated,1024,1024,1.0,JPEG,301713,b76031cb6cb72f8aa9cd31389d16ab68,4dedd5a190ee0610583311fe8876cef7eb1f529651e36e5a2d2e22d8603d83ca,1.0,9999cc984c9bd98e,ok,903.091214198528,True,True,cluster_01331,train,/home/dheirav/Code/Deepfake_Detection/deepfake-project/dataset_builder/train/ai_generated/flux_topup_002049.jpg
data_sources/ai_generated/FLUX_TopUp/flux_topup_002052.jpg,data_sources/ai_generated/FLUX_TopUp,ai_generated,1024,1024,1.0,JPEG,365427,a5ca195dc596569ca1f8fb8d86d83d03,357c343a226012a07a00b7a59bedc8203a3cc9989c7f70499c196858bf232173,1.0,89f1773f266c41a1,ok,1670.985555610844,True,True,cluster_00865,train,/home/dheirav/Code/Deepfake_Detection/deepfake-project/dataset_builder/train/ai_generated/flux_topup_002052.jpg
data_sources/ai_generated/FLUX_TopUp/flux_topup_002054.jpg,data_sources/ai_generated/FLUX_TopUp,ai_generated,1024,1024,1.0,JPEG,480279,c6549a829f9caabc9b3775668867f29d,aa34a68d44269dcc42899a8abbe742a82c047296074b2d018befd71ee53f1f24,1.0,c595a7e86acc18f4,ok,2146.0792962186824,True,True,cluster_00249,train,/home/dheirav/Code/Deepfake_Detection/deepfake-project/dataset_builder/train/ai_generated/flux_topup_002054.jpg
data_sources/ai_generated/FLUX_TopUp/flux_topup_002055.jpg,data_sources/ai_generated/FLUX_TopUp,ai_generated,1024,1024,1.0,JPEG,244623,fb5f57695b836584a905cb58d8743997,94e29882e64b82da110af0aeffcb6844622e1f37c5b43fa547819bfd67150309,1.0,999946365a89669f,ok,226.0677565710566,True,True,cluster_01810,train,/home/dheirav/Code/Deepfake_Detection/deepfake-project/dataset_builder/train/ai_generated/flux_topup_002055.jpg
data_sources/ai_generated/FLUX_TopUp/flux_topup_002056.jpg,data_sources/ai_generated/FLUX_TopUp,ai_generated,1024,1024,1.0,JPEG,314026,450da9f32ab68cc734ed517b03ff9ee6,d47acbdb98acf52422d8c5dd32a7b63855bc9bc2dbc7bf9f2943e74fb1f11fb0,1.0,95a5665a5595a9e2,ok,1091.418506361486,True,True,cluster_01219,train,/home/dheirav/Code/Deepfake_Detection/deepfake-project/dataset_builder/train/ai_generated/flux_topup_002056.jpg
data_sources/ai_generated/FLUX_TopUp/flux_topup_002059.jpg,data_sources/ai_generated/FLUX_TopUp,ai_generated,1024,1024,1.0,JPEG,450868,bb37d283c1949d1490617b32d749c2e5,b2cae11b4f1379089c7a81cc102770da36ae2de927d52d6db74d7c7134619232,1.0,9185ce0a70b53fda,ok,2750.8344278154755,True,True,cluster_00366,train,/home/dheirav/Code/Deepfake_Detection/deepfake-project/dataset_builder/train/ai_generated/flux_topup_002059.jpg
data_sources/ai_generated/FLUX_TopUp/flux_topup_002064.jpg,data_sources/ai_generated/FLUX_TopUp,ai_generated,1024,1024,1.0,JPEG,433630,7be5caf57c1308499d7b690dd6d6e3cd,2129c1f442094fd258eda52b7576225d9aa9b8f8e8b8ae7f46ae7272a1c7c1f5,1.0,989d4d986699a76c,ok,2146.2987336422666,True,True,cluster_00460,train,/home/dheirav/Code/Deepfake_Detection/deepfake-project/dataset_builder/train/ai_generated/flux_topup_002064.jpg
data_sources/ai_generated/FLUX_TopUp/flux_topup_002067.jpg,data_sources/ai_generated/FLUX_TopUp,ai_generated,1024,1024,1.0,JPEG,512754,099aeefe04fe237e7379e1a1c02ab046,7bce7db613e7861bd757f843737f03f6cda99da7ce4f50850efc537f99c8caa3,1.0,85c1b3bc6ccc784b,ok,1822.374652390703,True,True,cluster_00136,train,/home/dheirav/Code/Deepfake_Detection/deepfake-project/dataset_builder/train/ai_generated/flux_topup_002067.jpg
data_sources/ai_generated/FLUX_TopUp/flux_topup_002068.jpg,data_sources/ai_generated/FLUX_TopUp,ai_generated,1024,1024,1.0,JPEG,449979,013c6722753945d2135e95b546a73c20,aa2e85e042294d8617e3aa5689769eb9b1de3bf4cdf699be823b207427c9755d,1.0,9783ee6838d6398c,ok,2931.9579780167533,True,True,cluster_00373,train,/home/dheirav/Code/Deepfake_Detection/deepfake-project/dataset_builder/train/ai_generated/flux_topup_002068.jpg
data_sources/ai_generated/FLUX_TopUp/flux_topup_002069.jpg,data_sources/ai_generated/FLUX_TopUp,ai_generated,1024,1024,1.0,JPEG,504431,b28b1f92dc3a3aa60777279ccde7605b,ed166a08ce6198d10315870f30bcfb8de4c8372c4a184aea793ef52c2b4512e6,1.0,9bcf6a95301b2339,ok,1965.994771406462,True,True,cluster_00155,train,/home/dheirav/Code/Deepfake_Detection/deepfake-project/dataset_builder/train/ai_generated/flux_topup_002069.jpg
data_sources/ai_generated/FLUX_TopUp/flux_topup_002073.jpg,data_sources/ai_generated/FLUX_TopUp,ai_generated,1024,1024,1.0,JPEG,312463,f3b1cc648879584d27ac38141167a22c,6fb3638bd2590a8465007003059a8ffa151f22df92c0cbb14d12c84f9e847483,1.0,82a60dd8443fdbe6,ok,894.9652747592734,True,True,cluster_01237,train,/home/dheirav/Code/Deepfake_Detection/deepfake-project/dataset_builder/train/ai_generated/flux_topup_002073.jpg
data_sources/ai_generated/FLUX_TopUp/flux_topup_002075.jpg,data_sources/ai_generated/FLUX_TopUp,ai_generated,1024,1024,1.0,JPEG,323737,a9f0aa7758e01fd0784cb3545e6cf84b,8090d36e8ff628cc32820c259ac71f452bd0f23bf04f3eb0bd04190081be52e6,1.0,988d717536c95535,ok,735.4491800581707,True,True,cluster_01147,train,/home/dheirav/Code/Deepfake_Detection/deepfake-project/dataset_builder/train/ai_generated/flux_topup_002075.jpg
data_sources/ai_generated/FLUX_TopUp/flux_topup_002077.jpg,data_sources/ai_generated/FLUX_TopUp,ai_generated,1024,1024,1.0,JPEG,516374,d97447a75658d83248c9e3972573f2c0,26b3c28724dba20edad38c15aee563293dcd428d37fa9cad23d8657fd9edb813,1.0,cc9f59b3316b32a0,ok,1778.7204083211095,True,True,cluster_00128,train,/home/dheirav/Code/Deepfake_Detection/deepfake-project/dataset_builder/train/ai_generated/flux_topup_002077.jpg
data_sources/ai_generated/FLUX_TopUp/flux_topup_002079.jpg,data_sources/ai_generated/FLUX_TopUp,ai_generated,1024,1024,1.0,JPEG,425851,bb4d0b26b7368a01fdfe0b7d9090c28f,4456ab94369244e85c6656fc3e3c5915fd11b1ed6917529a25a474cfc89cb9f9,1.0,b7f58506ae2868d3,ok,2210.489658282134,True,True,cluster_00511,train,/home/dheirav/Code/Deepfake_Detection/deepfake-project/dataset_builder/train/ai_generated/flux_topup_002079.jpg
data_sources/ai_generated/FLUX_TopUp/flux_topup_002083.jpg,data_sources/ai_generated/FLUX_TopUp,ai_generated,1024,1024,1.0,JPEG,353238,87f24107c77277c379b34cf52210fa8e,5d554a27fae838f41b6c55f344656a4f3d9cf1498ecce586863f4df269654765,1.0,91a522cada9e89be,ok,731.3674432460529,True,True,cluster_00933,train,/home/dheirav/Code/Deepfake_Detection/deepfake-project/dataset_builder/train/ai_generated/flux_topup_002083.jpg
data_sources/ai_generated/FLUX_TopUp/flux_topup_002088.jpg,data_sources/ai_generated/FLUX_TopUp,ai_generated,1024,1024,1.0,JPEG,385913,c8313580e138058732c4cfdcfd4448b2,8fc517c5f6f58d6e00835fefe9ee0619dd1bcfc7d6de5958be3d4cd2a04c0ffc,1.0,c3c33c3ccbc36178,ok,1064.4292045395664,True,True,cluster_00747,train,/home/dheirav/Code/Deepfake_Detection/deepfake-project/dataset_builder/train/ai_generated/flux_topup_002088.jpg
data_sources/ai_generated/FLUX_TopUp/flux_topup_002090.jpg,data_sources/ai_generated/FLUX_TopUp,ai_generated,1024,1024,1.0,JPEG,313945,30f6b84d3610269d4c16b352f92da2f9,e916b8a634e46b3943367e02d9e66dc7a4b677bc070952ee80eec8a31e474e9f,1.0,86c34bdcfcb42269,ok,997.5972422809534,True,True,cluster_01220,train,/home/dheirav/Code/Deepfake_Detection/deepfake-project/dataset_builder/train/ai_generated/flux_topup_002090.jpg
data_sources/ai_generated/FLUX_TopUp/flux_topup_002098.jpg,data_sources/ai_generated/FLUX_TopUp,ai_generated,1024,1024,1.0,JPEG,319166,e5f081dce6c0dd76bf958606aef4f6de,96cea393d839a23bcfa0f3b3eb22cab5273311c33e05a48bad1bb7264d0d8099,1.0,993337643e2ce519,ok,1098.0079877100322,True,True,cluster_01181,train,/home/dheirav/Code/Deepfake_Detection/deepfake-project/dataset_builder/train/ai_generated/flux_topup_002098.jpg
data_sources/ai_generated/FLUX_TopUp/flux_topup_002099.jpg,data_sources/ai_generated/FLUX_TopUp,ai_generated,1024,1024,1.0,JPEG,315269,d61f05990f39a99390dd95b3a67b711d,1ac3551e249e367da40a579ede188dd94c9b0ba27b11026c08e0ee0cbe6846b0,1.0,9d8d37c3281bd236,ok,1711.148787853293,True,True,cluster_01207,train,/home/dheirav/Code/Deepfake_Detection/deepfake-project/dataset_builder/train/ai_generated/flux_topup_002099.jpg
data_sources/ai_generated/FLUX_TopUp/flux_topup_002103.jpg,data_sources/ai_generated/FLUX_TopUp,ai_generated,1024,1024,1.0,JPEG,272399,a401db8e16dc532b51dafbaa22df7192,218e00f87505c3ac1a1412fd9b517da5b6548c37b47d820844c0df7ed7f72d40,1.0,91b96ecc90393bc6,ok,322.1381253857388,True,True,cluster_01569,train,/home/dheirav/Code/Deepfake_Detection/deepfake-project/dataset_builder/train/ai_generated/flux_topup_002103.jpg
data_sources/ai_generated/FLUX_TopUp/flux_topup_002107.jpg,data_sources/ai_generated/FLUX_TopUp,ai_generated,1024,1024,1.0,JPEG,432473,0c810026108fff06cb7939e77f928ecd,ef5fe0ad43abfa32a733cbeba1d2092b8a0bcbb14561b77f15acf72f30393149,1.0,c4ec9f40399b70a7,ok,1265.7735584425059,True,True,cluster_00469,train,/home/dheirav/Code/Deepfake_Detection/deepfake-project/dataset_builder/train/ai_generated/flux_topup_002107.jpg
data_sources/ai_generated/FLUX_TopUp/flux_topup_002112.jpg,data_sources/ai_generated/FLUX_TopUp,ai_generated,1024,1024,1.0,JPEG,425480,5c240915d2bf74a542fd9a073ef4556a,9ec0ff378dd34a487a2d0ebfdc2c8b9484613a541eed2c8c6a3bd4330016f25f,1.0,c0e09e6b7ae45335,ok,2506.201800308895,True,True,cluster_00515,train,/home/dheirav/Code/Deepfake_Detection/deepfake-project/dataset_builder/train/ai_generated/flux_topup_002112.jpg
data_sources/ai_generated/FLUX_TopUp/flux_topup_002115.jpg,data_sources/ai_generated/FLUX_TopUp,ai_generated,1024,1024,1.0,JPEG,246476,bf510ed7bcdd03830ad0ebd7b11f26cc,5de1dc488c76f0fe53bd38eb42de7385ce7a6a480697bf51386f56443f48b477,1.0,939c1c92c7b6b0ad,ok,280.37723187851583,True,True,cluster_01794,train,/home/dheirav/Code/Deepfake_Detection/deepfake-project/dataset_builder/train/ai_generated/flux_topup_002115.jpg
data_sources/ai_generated/FLUX_TopUp/flux_topup_002118.jpg,data_sources/ai_generated/FLUX_TopUp,ai_generated,1024,1024,1.0,JPEG,446713,f9ec448d8c0771ffc368c191da2b56f8,47acdffae8601bb3a4261537e620c0baf86b07a85e7281e5c3461700303daeaa,1.0,c1c1f1bc2da4afa8,ok,3133.342100629171,True,True,cluster_00396,train,/home/dheirav/Code/Deepfake_Detection/deepfake-project/dataset_builder/train/ai_generated/flux_topup_002118.jpg
data_sources/ai_generated/FLUX_TopUp/flux_topup_002119.jpg,data_sources/ai_generated/FLUX_TopUp,ai_generated,1024,1024,1.0,JPEG,447425,7408c0a15c5c3c612de1bafe2c5fa941,c78b187e63fd8870032cac12d693f1c814a516a671435d0273ddf4600afb958d,1.0,82938fad2b687257,ok,2604.4520421249326,True,True,cluster_00393,train,/home/dheirav/Code/Deepfake_Detection/deepfake-project/dataset_builder/train/ai_generated/flux_topup_002119.jpg
data_sources/ai_generated/FLUX_TopUp/flux_topup_002122.jpg,data_sources/ai_generated/FLUX_TopUp,ai_generated,1024,1024,1.0,JPEG,224933,f3ccae548fc16a36aed14702a12f393a,bb40e11fff6c327f4b2fe0c8d61dc72c8529ca703da0a8fe686f32b1bb783610,1.0,999b6cb533469c89,ok,234.45855683970058,True,True,cluster_01975,train,/home/dheirav/Code/Deepfake_Detection/deepfake-project/dataset_builder/train/ai_generated/flux_topup_002122.jpg
data_sources/ai_generated/FLUX_TopUp/flux_topup_002123.jpg,data_sources/ai_generated/FLUX_TopUp,ai_generated,1024,1024,1.0,JPEG,328623,e772de33ced31c15e558355fb4a6ea51,657dd087e819eac72664b91aa152802d4fe744619519cc31cac17e00765a71ac,1.0,892072c972cf35db,ok,487.036047417051,True,True,cluster_01104,train,/home/dheirav/Code/Deepfake_Detection/deepfake-project/dataset_builder/train/ai_generated/flux_topup_002123.jpg
data_sources/ai_generated/FLUX_TopUp/flux_topup_002124.jpg,data_sources/ai_generated/FLUX_TopUp,ai_generated,1024,1024,1.0,JPEG,351484,52c7213d63297625942b638234c5f88b,a552e0b90d9f42b3311f2f62512f0e23d98c656dc3655ab973804a44adbe38a6,1.0,fde602dc3a0075a7,ok,1069.0345558198012,True,True,cluster_00943,train,/home/dheirav/Code/Deepfake_Detection/deepfake-project/dataset_builder/train/ai_generated/flux_topup_002124.jpg
data_sources/ai_generated/FLUX_TopUp/flux_topup_002127.jpg,data_sources/ai_generated/FLUX_TopUp,ai_generated,1024,1024,1.0,JPEG,235437,54f0329760a7c65d53dcffc2c3dee24f,3a1a8826b622ebb7e78a0c791611baf85dfaa98be5568ff47763344332428d6c,1.0,c4c41b31e4fe1b87,ok,176.63942238210348,True,True,cluster_01899,train,/home/dheirav/Code/Deepfake_Detection/deepfake-project/dataset_builder/train/ai_generated/flux_topup_002127.jpg
data_sources/ai_generated/FLUX_TopUp/flux_topup_002129.jpg,data_sources/ai_generated/FLUX_TopUp,ai_generated,1024,1024,1.0,JPEG,470912,c1d01bb12d50e1fbb0766914a167526e,ab15caff8debdb8e407944360aadb742666cd7d1afb83543909b7ac5de5c3aeb,1.0,c2e39f8880af69cb,ok,3705.7764328680933,True,True,cluster_00286,train,/home/dheirav/Code/Deepfake_Detection/deepfake-project/dataset_builder/train/ai_generated/flux_topup_002129.jpg
data_sources/ai_generated/FLUX_TopUp/flux_topup_002131.jpg,data_sources/ai_generated/FLUX_TopUp,ai_generated,1024,1024,1.0,JPEG,232334,e927fc8091d6fa0605f34b36024fe3e9,bdb6047c61cc9bc80cd8df1b4f2df71c77067db197b4ea1bbb07aa5e4d7bad99,1.0,b4b18e9498c9eee8,ok,94.81789382302304,True,True,cluster_01917,train,/home/dheirav/Code/Deepfake_Detection/deepfake-project/dataset_builder/train/ai_generated/flux_topup_002131.jpg
data_sources/ai_generated/FLUX_TopUp/flux_topup_002137.jpg,data_sources/ai_generated/FLUX_TopUp,ai_generated,1024,1024,1.0,JPEG,235532,bb1e49e379e01fdc7ccb618f57156a53,694ca38d2d9d4982a9d41c8ac6569e5bac22830377fc7b53fb98f2cfbefd1be3,1.0,9ab46571b2ca2d93,ok,195.49620809544285,True,True,cluster_01894,train,/home/dheirav/Code/Deepfake_Detection/deepfake-project/dataset_builder/train/ai_generated/flux_topup_002137.jpg
data_sources/ai_generated/FLUX_TopUp/flux_topup_002139.jpg,data_sources/ai_generated/FLUX_TopUp,ai_generated,1024,1024,1.0,JPEG,264209,ce9b720ccb62bc920680bafe5dd62c2a,988fac17aad01feab0da530508aa6308731e35680fb77a57dc0bd884b9b66cc9,1.0,93cc9ccf9392646c,ok,285.70421391838676,True,True,cluster_01640,train,/home/dheirav/Code/Deepfake_Detection/deepfake-project/dataset_builder/train/ai_generated/flux_topup_002139.jpg
data_sources/ai_generated/FLUX_TopUp/flux_topup_002141.jpg,data_sources/ai_generated/FLUX_TopUp,ai_generated,1024,1024,1.0,JPEG,439829,e9a50f5e2bb92bf9da64f9765beb2055,ed59fb07e40c7dd1058fd978ed69d1aabf49d68728c4650c3d930c0d89523fc0,1.0,94926a7a1f8e2f0e,ok,1045.353750888097,True,True,cluster_00430,train,/home/dheirav/Code/Deepfake_Detection/deepfake-project/dataset_builder/train/ai_generated/flux_topup_002141.jpg
data_sources/ai_generated/FLUX_TopUp/flux_topup_002143.jpg,data_sources/ai_generated/FLUX_TopUp,ai_generated,1024,1024,1.0,JPEG,389532,c37ce8723922f5994501cd9273670398,136dca9dc1e0d25c5d39f1b23a57ac2fd6273193178c42798a205d44516b237b,1.0,eaf40593ca5e198d,ok,2051.011686003606,True,True,cluster_00721,train,/home/dheirav/Code/Deepfake_Detection/deepfake-project/dataset_builder/train/ai_generated/flux_topup_002143.jpg
data_sources/ai_generated/FLUX_TopUp/flux_topup_002145.jpg,data_sources/ai_generated/FLUX_TopUp,ai_generated,1024,1024,1.0,JPEG,221782,94915d8e5e311e01a189fb7aafcbe271,1d1787ada92032e2fa87f387c49e42e978c76f66ed6aa50f30a6b41e1f0be797,1.0,8b2ae44d263a9bd9,ok,397.8324793469764,True,True,cluster_01999,train,/home/dheirav/Code/Deepfake_Detection/deepfake-project/dataset_builder/train/ai_generated/flux_topup_002145.jpg
data_sources/ai_generated/FLUX_TopUp/flux_topup_002147.jpg,data_sources/ai_generated/FLUX_TopUp,ai_generated,1024,1024,1.0,JPEG,380584,4f6cf7d9c4b20816d9c6dad2b7f14f85,b7135e7e9f54083f63c9d6cbc2b9dd2e3fd6b00fc74b9800c903ca81608acf2f,1.0,8bc3c6a56bd32178,ok,1879.6037130096072,True,True,cluster_00777,train,/home/dheirav/Code/Deepfake_Detection/deepfake-project/dataset_builder/train/ai_generated/flux_topup_002147.jpg
data_sources/ai_generated/FLUX_TopUp/flux_topup_002155.jpg,data_sources/ai_generated/FLUX_TopUp,ai_generated,1024,1024,1.0,JPEG,298890,5219447437a788734eb313ca9d17f28c,16bd29dddffcf39aab2e0d5995f5bf3c48f970ee1e702c03e8b8d9b5da2b4366,1.0,929a98da42fc99d9,ok,749.5412084956106,True,True,cluster_01355,train,/home/dheirav/Code/Deepfake_Detection/deepfake-project/dataset_builder/train/ai_generated/flux_topup_002155.jpg
data_sources/ai_generated/FLUX_TopUp/flux_topup_002158.jpg,data_sources/ai_generated/FLUX_TopUp,ai_generated,1024,1024,1.0,JPEG,295280,3708fcb84c7a145043809228d3321abb,3926bd8907405b05d63b8947cf6cdc1fa4c43b7d4e2f964d83675e23ad2b6b19,1.0,d4b76b505f03a0ad,ok,444.17369706456424,True,True,cluster_01379,train,/home/dheirav/Code/Deepfake_Detection/deepfake-project/dataset_builder/train/ai_generated/flux_topup_002158.jpg
data_sources/ai_generated/FLUX_TopUp/flux_topup_002161.jpg,data_sources/ai_generated/FLUX_TopUp,ai_generated,1024,1024,1.0,JPEG,361312,470e777e4ae88dcf8df245cbb97a5b20,52ccd1fc0c57d0c9b84170f2fc905d2d5db3095a09afe0a5150d0b7016b66b54,1.0,95d12f783a1e686a,ok,1430.387518202972,True,True,cluster_00890,train,/home/dheirav/Code/Deepfake_Detection/deepfake-project/dataset_builder/train/ai_generated/flux_topup_002161.jpg
data_sources/ai_generated/FLUX_TopUp/flux_topup_002166.jpg,data_sources/ai_generated/FLUX_TopUp,ai_generated,1024,1024,1.0,JPEG,274097,0b568b29748d152cba40a1dc0a560c26,398f5b94002a0ee4481ce83e9cb530b8aaff61e5429515b5f2d48c2897a46976,1.0,9d9116b2edcd2932,ok,318.79976168865585,True,True,cluster_01550,train,/home/dheirav/Code/Deepfake_Detection/deepfake-project/dataset_builder/train/ai_generated/flux_topup_002166.jpg
data_sources/ai_generated/FLUX_TopUp/flux_topup_002169.jpg,data_sources/ai_generated/FLUX_TopUp,ai_generated,1024,1024,1.0,JPEG,301059,ef5810d5fbadd6d2490936c16123f000,24a7bceaf6d618c9bb73e2220f4f6a4933c9d4a078619880a98807dd10b77894,1.0,9494646d7b92c765,ok,1066.6699983529356,True,True,cluster_01340,train,/home/dheirav/Code/Deepfake_Detection/deepfake-project/dataset_builder/train/ai_generated/flux_topup_002169.jpg
data_sources/ai_generated/FLUX_TopUp/flux_topup_002170.jpg,data_sources/ai_generated/FLUX_TopUp,ai_generated,1024,1024,1.0,JPEG,247903,ee67369b60fba427eec3043e3ca3fa0c,bede9c5584907a4b82ce8547951869d68596957e309fb9d38922bd9b0b0b5bb6,1.0,94cc1a375d9c639a,ok,259.5975618328584,True,True,cluster_01778,train,/home/dheirav/Code/Deepfake_Detection/deepfake-project/dataset_builder/train/ai_generated/flux_topup_002170.jpg
data_sources/ai_generated/FLUX_TopUp/flux_topup_002172.jpg,data_sources/ai_generated/FLUX_TopUp,ai_generated,1024,1024,1.0,JPEG,422057,0f590f5cb06401ad0219982b729ce353,64e7cbf6554f8dbb1620ef7302239881df5341ed6fff6bd156aa1b6a53027295,1.0,93874e1939b367c2,ok,930.2515187492307,True,True,cluster_00533,train,/home/dheirav/Code/Deepfake_Detection/deepfake-project/dataset_builder/train/ai_generated/flux_topup_002172.jpg
data_sources/ai_generated/FLUX_TopUp/flux_topup_002175.jpg,data_sources/ai_generated/FLUX_TopUp,ai_generated,1024,1024,1.0,JPEG,430638,ae06e58269cfa94c0ff1b2ce553c36c6,108d985dddb21581818b92707eae1528dc3394842b4ae2fe5068de679f0a9a5c,1.0,9294c56567a5b595,ok,1172.7493718743194,True,True,cluster_00481,train,/home/dheirav/Code/Deepfake_Detection/deepfake-project/dataset_builder/train/ai_generated/flux_topup_002175.jpg
data_sources/ai_generated/FLUX_TopUp/flux_topup_002177.jpg,data_sources/ai_generated/FLUX_TopUp,ai_generated,1024,1024,1.0,JPEG,501120,868c486ae69166d3f3e9828ffa0c5af8,8d53008ba145fb485038489e9934acf864c5abb2b929dd49e14e831ce6ecaf39,1.0,98923e2bc3c3d25e,ok,3151.4909173752485,True,True,cluster_00168,train,/home/dheirav/Code/Deepfake_Detection/deepfake-project/dataset_builder/train/ai_generated/flux_topup_002177.jpg
data_sources/ai_generated/FLUX_TopUp/flux_topup_002178.jpg,data_sources/ai_generated/FLUX_TopUp,ai_generated,1024,1024,1.0,JPEG,233351,9394a14234cf3552b73d641adb0fe5a5,4a80f12701a12c44bb5c62b821d768bbf788ac279c5b86b250098c865e48b8c0,1.0,c8c99996373466e6,ok,148.61297071300214,True,True,cluster_01909,train,/home/dheirav/Code/Deepfake_Detection/deepfake-project/dataset_builder/train/ai_generated/flux_topup_002178.jpg
data_sources/ai_generated/FLUX_TopUp/flux_topup_002179.jpg,data_sources/ai_generated/FLUX_TopUp,ai_generated,1024,1024,1.0,JPEG,366826,31fd4a7eec2a4dc3854e7c684b27870f,5964d57d57e694892665cb9091d8710725b21cd70d42664fc09fd54aed207254,1.0,e9ed961278e80766,ok,1671.8064454722544,True,True,cluster_00852,train,/home/dheirav/Code/Deepfake_Detection/deepfake-project/dataset_builder/train/ai_generated/flux_topup_002179.jpg
data_sources/ai_generated/FLUX_TopUp/flux_topup_002184.jpg,data_sources/ai_generated/FLUX_TopUp,ai_generated,1024,1024,1.0,JPEG,359344,e453ff00c0458a368d53474b31ebbb07,1a88f3e7fcaca941f493a7d5bec8122c9b9a5cecb9ec25d741693d7a3b52285f,1.0,a1ba47952d95b1aa,ok,846.1964696471392,True,True,cluster_00905,train,/home/dheirav/Code/Deepfake_Detection/deepfake-project/dataset_builder/train/ai_generated/flux_topup_002184.jpg
data_sources/ai_generated/FLUX_TopUp/flux_topup_002185.jpg,data_sources/ai_generated/FLUX_TopUp,ai_generated,1024,1024,1.0,JPEG,437166,39973dac0d679fc8c27fbb53dd47ada9,31ae23b36e92bc8d237587ef554cd4ff3be13d0143f66a59d0ed897d6e10b6cd,1.0,9ea7f064111827df,ok,1568.0109477355422,True,True,cluster_00441,train,/home/dheirav/Code/Deepfake_Detection/deepfake-project/dataset_builder/train/ai_generated/flux_topup_002185.jpg
data_sources/ai_generated/FLUX_TopUp/flux_topup_002192.jpg,data_sources/ai_generated/FLUX_TopUp,ai_generated,1024,1024,1.0,JPEG,286132,a66614a8e6469fd15f17f95e784d9f2c,791790986a23ea232fbded4caa471e911644e76506c18d6c00a1c48be92f0b82,1.0,c7cfccb98c45f00a,ok,265.60959646353047,True,True,cluster_01461,train,/home/dheirav/Code/Deepfake_Detection/deepfake-project/dataset_builder/train/ai_generated/flux_topup_002192.jpg
data_sources/ai_generated/FLUX_TopUp/flux_topup_002193.jpg,data_sources/ai_generated/FLUX_TopUp,ai_generated,1024,1024,1.0,JPEG,483301,ed1297a9a14d262825e33089c901cf77,937cb62803a8d63f031e8281afa990264cc24e452edeb81832bef0d9ab38bd07,1.0,97976d2549a928d9,ok,1450.1279111942276,True,True,cluster_00235,train,/home/dheirav/Code/Deepfake_Detection/deepfake-project/dataset_builder/train/ai_generated/flux_topup_002193.jpg
data_sources/ai_generated/FLUX_TopUp/flux_topup_002194.jpg,data_sources/ai_generated/FLUX_TopUp,ai_generated,1024,1024,1.0,JPEG,556467,af0650d7880633ffeb0fb3d1cc16365c,0af07e6a8c768d51d60dad2bf86903fdcb1442d0b4300d92f70d961f0711e921,1.0,93a58cae2fc42771,ok,2510.95247240155,True,True,cluster_00057,train,/home/dheirav/Code/Deepfake_Detection/deepfake-project/dataset_builder/train/ai_generated/flux_topup_002194.jpg
data_sources/ai_generated/FLUX_TopUp/flux_topup_002196.jpg,data_sources/ai_generated/FLUX_TopUp,ai_generated,1024,1024,1.0,JPEG,437938,d0ea5ab9fe70b2813d98e8189bae259d,6eecc949a3623b0d4684ecd924332c4dc019acbcaa800e483d5f9e4438f82cf0,1.0,93a669695b724713,ok,1796.029138426205,True,True,cluster_00437,train,/home/dheirav/Code/Deepfake_Detection/deepfake-project/dataset_builder/train/ai_generated/flux_topup_002196.jpg
data_sources/ai_generated/FLUX_TopUp/flux_topup_002197.jpg,data_sources/ai_generated/FLUX_TopUp,ai_generated,1024,1024,1.0,JPEG,227598,f3cfc2af831e7a857a939e93cd87bb15,4dd8fed7659ad9494651e8d935ca5fc5b8a1c88f22ff0c1358ba0e3733ecdb00,1.0,9295ac6b5a764595,ok,520.638467519252,True,True,cluster_01949,train,/home/dheirav/Code/Deepfake_Detection/deepfake-project/dataset_builder/train/ai_generated/flux_topup_002197.jpg
data_sources/ai_generated/FLUX_TopUp/flux_topup_002206.jpg,data_sources/ai_generated/FLUX_TopUp,ai_generated,1024,1024,1.0,JPEG,426139,997f017d723a3450cdc515cac42125b0,732dd82b427ce5cdcf039e1e485e654c2f39480133b4cead2fe3ec8a77962891,1.0,9696e56943f03c8d,ok,2534.0775781261286,True,True,cluster_00509,train,/home/dheirav/Code/Deepfake_Detection/deepfake-project/dataset_builder/train/ai_generated/flux_topup_002206.jpg
data_sources/ai_generated/FLUX_TopUp/flux_topup_002207.jpg,data_sources/ai_generated/FLUX_TopUp,ai_generated,1024,1024,1.0,JPEG,466879,989d6afa1b6cf8e4bbe5a70a3b862f86,c32e7f9d65210fdc56cf21856af5ebd2dfa5d93fd376174ecb5d223290ad9c67,1.0,a0b14f8ad54daeca,ok,2564.4011828497605,True,True,cluster_00306,train,/home/dheirav/Code/Deepfake_Detection/deepfake-project/dataset_builder/train/ai_generated/flux_topup_002207.jpg
data_sources/ai_generated/FLUX_TopUp/flux_topup_002209.jpg,data_sources/ai_generated/FLUX_TopUp,ai_generated,1024,1024,1.0,JPEG,334758,dfcd1aced0f373f09d25ff9b133a7ee3,6a343d19b4aebc6959080d6f0edc694bbc7376bfdbef55b442ce26d60f696396,1.0,9394243d3f9795b0,ok,1068.7335771892092,True,True,cluster_01065,train,/home/dheirav/Code/Deepfake_Detection/deepfake-project/dataset_builder/train/ai_generated/flux_topup_002209.jpg
data_sources/ai_generated/FLUX_TopUp/flux_topup_002212.jpg,data_sources/ai_generated/FLUX_TopUp,ai_generated,1024,1024,1.0,JPEG,277261,5ffafe000e5e84bf326791a7e5d7d31e,9b0fb0a4392aba999d6dd67d7db8ece1f4cc6ac1474f58f768a20ebcd76b89e9,1.0,9a9ada6db4c924cc,ok,140.98596722783623,True,True,cluster_01530,train,/home/dheirav/Code/Deepfake_Detection/deepfake-project/dataset_builder/train/ai_generated/flux_topup_002212.jpg
data_sources/ai_generated/FLUX_TopUp/flux_topup_002219.jpg,data_sources/ai_generated/FLUX_TopUp,ai_generated,1024,1024,1.0,JPEG,432218,ede4103ebb379606dda00e7934aff41b,c6ff9e30910dbc74ae31e52dbc5364a4926986230e44668b969d1a7cd71b292d,1.0,90922d2d3d76c87e,ok,2251.2574658870535,True,True,cluster_00474,train,/home/dheirav/Code/Deepfake_Detection/deepfake-project/dataset_builder/train/ai_generated/flux_topup_002219.jpg
data_sources/ai_generated/FLUX_TopUp/flux_topup_002220.jpg,data_sources/ai_generated/FLUX_TopUp,ai_generated,1024,1024,1.0,JPEG,224684,3b52a05bf9d6cd6d1188969996d37e5a,b5f4aed9c3ff4f7d270626fc515c296b60845bf11354fe3514a60f158d0cba65,1.0,91b36bca561d2d8a,ok,311.5136341829748,True,True,cluster_01979,train,/home/dheirav/Code/Deepfake_Detection/deepfake-project/dataset_builder/train/ai_generated/flux_topup_002220.jpg
data_sources/ai_generated/FLUX_TopUp/flux_topup_002221.jpg,data_sources/ai_generated/FLUX_TopUp,ai_generated,1024,1024,1.0,JPEG,430617,9c7ccad8943cf263ecf0c61d51858d84,18ba3555160416a4c245cb2760e34f958f0630e3a2e7b80543bf4ecca00fb05a,1.0,95d24a8d2b4aed5c,ok,1588.5632770782686,True,True,cluster_00482,train,/home/dheirav/Code/Deepfake_Detection/deepfake-project/dataset_builder/train/ai_generated/flux_topup_002221.jpg
data_sources/ai_generated/FLUX_TopUp/flux_topup_002224.jpg,data_sources/ai_generated/FLUX_TopUp,ai_generated,1024,1024,1.0,JPEG,290352,437d2e7d33ed1bc35bcce3ad1c320e20,0d9729ebce11c7422aa63fdd9ff323cb54902259f9e59cb22b2a0d5c5b213aa2,1.0,d8cc4df2730969d2,ok,980.8224267935938,True,True,cluster_01417,train,/home/dheirav/Code/Deepfake_Detection/deepfake-project/dataset_builder/train/ai_generated/flux_topup_002224.jpg
data_sources/ai_generated/FLUX_TopUp/flux_topup_002230.jpg,data_sources/ai_generated/FLUX_TopUp,ai_generated,1024,1024,1.0,JPEG,348740,8dbb58317097f484beef2b3824f4f502,740208700394a25ef7e99f0441a73c20c7ea1261f898daa017a10f8bd0912bca,1.0,92b8cd1353e629da,ok,697.8742500959988,True,True,cluster_00964,train,/home/dheirav/Code/Deepfake_Detection/deepfake-project/dataset_builder/train/ai_generated/flux_topup_002230.jpg
data_sources/ai_generated/FLUX_TopUp/flux_topup_002232.jpg,data_sources/ai_generated/FLUX_TopUp,ai_generated,1024,1024,1.0,JPEG,490111,acc18d317d25142262d0d474f7bdc989,7d1142a412ca8a911c44cd9304e32f4cc06f86b892bbebc722d4add550c27836,1.0,d5956a6878e83d0d,ok,2922.4928855699836,True,True,cluster_00211,train,/home/dheirav/Code/Deepfake_Detection/deepfake-project/dataset_builder/train/ai_generated/flux_topup_002232.jpg
data_sources/ai_generated/FLUX_TopUp/flux_topup_002238.jpg,data_sources/ai_generated/FLUX_TopUp,ai_generated,1024,1024,1.0,JPEG,275994,064f64e5d45efee443bc3a2d2a3dbcf7,cd85af18af83ba1f5c583ddd8991db4f0ed4b086099ab51c16dad4894b0524a6,1.0,c3c4e5967869c1e3,ok,458.75280872449275,True,True,cluster_01534,train,/home/dheirav/Code/Deepfake_Detection/deepfake-project/dataset_builder/train/ai_generated/flux_topup_002238.jpg
data_sources/ai_generated/FLUX_TopUp/flux_topup_002239.jpg,data_sources/ai_generated/FLUX_TopUp,ai_generated,1024,1024,1.0,JPEG,350303,be33546014332f5263fd04d6f357e027,a0c8112415601bb2b7ede4479746287089bea28920e3d9490a38d99059d5c2fb,1.0,8084373f6fd2d0f4,ok,964.9635488366027,True,True,cluster_00952,train,/home/dheirav/Code/Deepfake_Detection/deepfake-project/dataset_builder/train/ai_generated/flux_topup_002239.jpg
data_sources/ai_generated/FLUX_TopUp/flux_topup_002240.jpg,data_sources/ai_generated/FLUX_TopUp,ai_generated,1024,1024,1.0,JPEG,239736,9384c27822d6949f11ea0dccf67b0ddb,55ac7b5a7cce9b6b182486412244835603cf70507945a7802cd7262fc40f82fb,1.0,9692cbcd6c642667,ok,357.8277212873472,True,True,cluster_01858,train,/home/dheirav/Code/Deepfake_Detection/deepfake-project/dataset_builder/train/ai_generated/flux_topup_002240.jpg
data_sources/ai_generated/FLUX_TopUp/flux_topup_002244.jpg,data_sources/ai_generated/FLUX_TopUp,ai_generated,1024,1024,1.0,JPEG,340789,abfda5febb83ef1dcda3017594350c9c,8ebc2df47b315a3aeefaa3337aa42ec68c86b7bd60fb626d399b6a8347e4425a,1.0,989acbc3db11a1f8,ok,820.1260107648229,True,True,cluster_01011,train,/home/dheirav/Code/Deepfake_Detection/deepfake-project/dataset_builder/train/ai_generated/flux_topup_002244.jpg
data_sources/ai_generated/FLUX_TopUp/flux_topup_002251.jpg,data_sources/ai_generated/FLUX_TopUp,ai_generated,1024,1024,1.0,JPEG,274288,168165589d54159f3fdfdfc389b49814,3fcd6e866d5a7da486a54f2e87616e17065e44681d158d438a83fe5c6d311226,1.0,99482673e316d2ed,ok,368.50139135168763,True,True,cluster_01547,train,/home/dheirav/Code/Deepfake_Detection/deepfake-project/dataset_builder/train/ai_generated/flux_topup_002251.jpg
data_sources/ai_generated/FLUX_TopUp/flux_topup_002256.jpg,data_sources/ai_generated/FLUX_TopUp,ai_generated,1024,1024,1.0,JPEG,325074,44e84c1ba2eddd518826303abdf9c7ce,0325f178d8ecb33f93c6b85745b5f0cef4a6bf47e53cb511f979d650a8ed1fea,1.0,945b275c2a35d26d,ok,1096.1202087052952,True,True,cluster_01131,train,/home/dheirav/Code/Deepfake_Detection/deepfake-project/dataset_builder/train/ai_generated/flux_topup_002256.jpg
data_sources/ai_generated/FLUX_TopUp/flux_topup_002260.jpg,data_sources/ai_generated/FLUX_TopUp,ai_generated,1024,1024,1.0,JPEG,384089,87c99e791dd4a63ea9ef862ddce39f4d,27e7b5003f840deb67e84ada83d0d13293c64e794c4f99be6b1f68ccc8025c27,1.0,a31c8572369adb35,ok,1516.9946574683668,True,True,cluster_00757,train,/home/dheirav/Code/Deepfake_Detection/deepfake-project/dataset_builder/train/ai_generated/flux_topup_002260.jpg
data_sources/ai_generated/FLUX_TopUp/flux_topup_002265.jpg,data_sources/ai_generated/FLUX_TopUp,ai_generated,1024,1024,1.0,JPEG,544139,3aa539e787d7412c565fc4a2f7bdd15a,90776cb8c6e7940c827c7048040747f15b63f7cc5811618452a6625d9dbcbd15,1.0,998d27693293b1cb,ok,2975.2024019660516,True,True,cluster_00074,train,/home/dheirav/Code/Deepfake_Detection/deepfake-project/dataset_builder/train/ai_generated/flux_topup_002265.jpg
data_sources/ai_generated/FLUX_TopUp/flux_topup_002269.jpg,data_sources/ai_generated/FLUX_TopUp,ai_generated,1024,1024,1.0,JPEG,486951,43d4a5e4e1f15b340a0190190e9611c4,694c47140742823c5be2778b8db5d21c969e46a0789e1f0a3317d31c1df057a2,1.0,8fcf793864313a16,ok,1483.5283879484618,True,True,cluster_00225,train,/home/dheirav/Code/Deepfake_Detection/deepfake-project/dataset_builder/train/ai_generated/flux_topup_002269.jpg
data_sources/ai_generated/FLUX_TopUp/flux_topup_002272.jpg,data_sources/ai_generated/FLUX_TopUp,ai_generated,1024,1024,1.0,JPEG,292532,785fed40803fea37fefe79844dc34c10,a508a44453b5de370fa16d1ef5ee27ad0e941bd2022cdf9337434ba83715d934,1.0,c592809bb9c999db,ok,268.10069272085093,True,True,cluster_01397,train,/home/dheirav/Code/Deepfake_Detection/deepfake-project/dataset_builder/train/ai_generated/flux_topup_002272.jpg
data_sources/ai_generated/FLUX_TopUp/flux_topup_002274.jpg,data_sources/ai_generated/FLUX_TopUp,ai_generated,1024,1024,1.0,JPEG,296793,40ded0b0621ab4eeff03d60cb0b9f310,52919f84af25a5ca6b94bfe2afa00e750612f4f58fc9c6ca40e865550184cb4e,1.0,84c673f1f42c2dc9,ok,361.7657001456246,True,True,cluster_01372,train,/home/dheirav/Code/Deepfake_Detection/deepfake-project/dataset_builder/train/ai_generated/flux_topup_002274.jpg
data_sources/ai_generated/FLUX_TopUp/flux_topup_002275.jpg,data_sources/ai_generated/FLUX_TopUp,ai_generated,1024,1024,1.0,JPEG,560462,2c167e8e355043cdb61587c59f84dc0a,acb2c4937e615db82edd237ffcc3dbac9617a277780471bdb92a4749bc5f6697,1.0,8189cbca6ccc36d7,ok,2979.530803650293,True,True,cluster_00051,train,/home/dheirav/Code/Deepfake_Detection/deepfake-project/dataset_builder/train/ai_generated/flux_topup_002275.jpg
data_sources/ai_generated/FLUX_TopUp/flux_topup_002286.jpg,data_sources/ai_generated/FLUX_TopUp,ai_generated,1024,1024,1.0,JPEG,488804,e661743107d10e8664efea2ed8d78fa6,669ceec5055310ee29df580bd62c48cea3c9799ffd77cb75152dd3bc4417d588,1.0,d8924e432687b3ed,ok,1648.3614537832182,True,True,cluster_00220,train,/home/dheirav/Code/Deepfake_Detection/deepfake-project/dataset_builder/train/ai_generated/flux_topup_002286.jpg
data_sources/ai_generated/FLUX_TopUp/flux_topup_002287.jpg,data_sources/ai_generated/FLUX_TopUp,ai_generated,1024,1024,1.0,JPEG,520596,1b610f972257d5f078f7e72b97bd5224,b5007a98e400708b2288550ac4146fa5931c2ad520cb96cc01eeea6f8c8ab4ac,1.0,da9a908db784fcc2,ok,3861.2445437445376,True,True,cluster_00118,train,/home/dheirav/Code/Deepfake_Detection/deepfake-project/dataset_builder/train/ai_generated/flux_topup_002287.jpg
data_sources/ai_generated/FLUX_TopUp/flux_topup_002291.jpg,data_sources/ai_generated/FLUX_TopUp,ai_generated,1024,1024,1.0,JPEG,548416,699479865a53973cf4e7a3450ed62973,7bac01fd5229e30974d96a83d15beb083a8ef57f3e0d5337f0982622a4d98f0b,1.0,94d2cae0633b8fc9,ok,2809.449091657002,True,True,cluster_00066,train,/home/dheirav/Code/Deepfake_Detection/deepfake-project/dataset_builder/train/ai_generated/flux_topup_002291.jpg
data_sources/ai_generated/FLUX_TopUp/flux_topup_002294.jpg,data_sources/ai_generated/FLUX_TopUp,ai_generated,1024,1024,1.0,JPEG,253665,cb818be332fffedd9b6a1c3610a82b9c,598f83ead4d68ab3caf6b1ff15fdcc8d45e4a6a48e5947f0fe43db88a9f9b65e,1.0,bfc4f04e921fc438,ok,479.18468836058935,True,True,cluster_01727,train,/home/dheirav/Code/Deepfake_Detection/deepfake-project/dataset_builder/train/ai_generated/flux_topup_002294.jpg
data_sources/ai_generated/FLUX_TopUp/flux_topup_002296.jpg,data_sources/ai_generated/FLUX_TopUp,ai_generated,1024,1024,1.0,JPEG,305418,094558598c3fbb3288b6482e7b1d1ba5,7f042289c41d90636ae13201b9823dd6b5676416f696efd3b594f2239151b7bf,1.0,ddf0c01c23dea05f,ok,581.1671512713656,True,True,cluster_01300,train,/home/dheirav/Code/Deepfake_Detection/deepfake-project/dataset_builder/train/ai_generated/flux_topup_002296.jpg
data_sources/ai_generated/FLUX_TopUp/flux_topup_002299.jpg,data_sources/ai_generated/FLUX_TopUp,ai_generated,1024,1024,1.0,JPEG,267066,42a155e14a7d244429a22ccdf76b776a,3d82f225dbf464b20837e017686569ce29d6f1af1de003ef5f6c68089179d00c,1.0,c4e1c1709e86bd4f,ok,363.41742739162055,True,True,cluster_01608,train,/home/dheirav/Code/Deepfake_Detection/deepfake-project/dataset_builder/train/ai_generated/flux_topup_002299.jpg
data_sources/ai_generated/FLUX_TopUp/flux_topup_002304.jpg,data_sources/ai_generated/FLUX_TopUp,ai_generated,1024,1024,1.0,JPEG,452715,3943fe87f530eade3f1b2af33754e4ae,3cabe100c7b618c250ce5d39657b1e8669ded4dcab27ee8df4d7c410fef26282,1.0,c5aaf8b66d4a10e5,ok,1678.0945403089281,True,True,cluster_00357,train,/home/dheirav/Code/Deepfake_Detection/deepfake-project/dataset_builder/train/ai_generated/flux_topup_002304.jpg
data_sources/ai_generated/FLUX_TopUp/flux_topup_002308.jpg,data_sources/ai_generated/FLUX_TopUp,ai_generated,1024,1024,1.0,JPEG,480582,68fe772b9f8c5dfca675817f84c5f158,89878c58a1c3ffe1a0dbc16aaea5f111830ba99463135e8151a7a2e42f20abfa,1.0,c19bc7a45a613af2,ok,1149.8175435690707,True,True,cluster_00248,train,/home/dheirav/Code/Deepfake_Detection/deepfake-project/dataset_builder/train/ai_generated/flux_topup_002308.jpg
data_sources/ai_generated/FLUX_TopUp/flux_topup_002309.jpg,data_sources/ai_generated/FLUX_TopUp,ai_generated,1024,1024,1.0,JPEG,350944,48eb888129bec5f346d94ce40c8fb08f,b5f7b0853844aede66acd6bbc1a21bb45d0495f0e84bc1cf97c2b16829cf7c2d,1.0,d49e7a213b61cb61,ok,1584.5894913844375,True,True,cluster_00947,train,/home/dheirav/Code/Deepfake_Detection/deepfake-project/dataset_builder/train/ai_generated/flux_topup_002309.jpg
data_sources/ai_generated/FLUX_TopUp/flux_topup_002311.jpg,data_sources/ai_generated/FLUX_TopUp,ai_generated,1024,1024,1.0,JPEG,496181,1bf9d421d0437df038c821dc7cc34aac,70bab33b4ab64cabe59ead34fec44ed405aaad409f7f0460a286d2bbab28a8ee,1.0,c4bdb99226e43cf0,ok,1802.6695299743214,True,True,cluster_00187,train,/home/dheirav/Code/Deepfake_Detection/deepfake-project/dataset_builder/train/ai_generated/flux_topup_002311.jpg
data_sources/ai_generated/FLUX_TopUp/flux_topup_002314.jpg,data_sources/ai_generated/FLUX_TopUp,ai_generated,1024,1024,1.0,JPEG,404587,93878de56d65c8136743bd0908bb24c0,6a8aacc9ddac10488cb772502c69caa5e108e679f0ee89cbd4a692c387b9f152,1.0,8585ada998da663d,ok,2230.9852511723793,True,True,cluster_00636,train,/home/dheirav/Code/Deepfake_Detection/deepfake-project/dataset_builder/train/ai_generated/flux_topup_002314.jpg
data_sources/ai_generated/FLUX_TopUp/flux_topup_002316.jpg,data_sources/ai_generated/FLUX_TopUp,ai_generated,1024,1024,1.0,JPEG,253996,7ae06b216324c44ab8336876a6f9ce94,2db990359979774c4ad395dcb04a861b1091030025181a5a79828c8fcfd4da03,1.0,e0f6ae8e5a199c98,ok,216.0738834354915,True,True,cluster_01724,train,/home/dheirav/Code/Deepfake_Detection/deepfake-project/dataset_builder/train/ai_generated/flux_topup_002316.jpg
data_sources/ai_generated/FLUX_TopUp/flux_topup_002319.jpg,data_sources/ai_generated/FLUX_TopUp,ai_generated,1024,1024,1.0,JPEG,328879,b003041075a1cf5d593f3d4f9a67fab9,0efc908e5de55955235508aaa3d4d65b0b2d4b48f5a67260ea6f43a88ab9c223,1.0,e0b5d97b0f5032a6,ok,711.1300147854743,True,True,cluster_01103,train,/home/dheirav/Code/Deepfake_Detection/deepfake-project/dataset_builder/train/ai_generated/flux_topup_002319.jpg
data_sources/ai_generated/FLUX_TopUp/flux_topup_002320.jpg,data_sources/ai_generated/FLUX_TopUp,ai_generated,1024,1024,1.0,JPEG,335975,28c713b3fcc6c55aaa6bad20b45ce042,f98aa4790d35c5a62a73e894a11a309ff15758739b16398acb8f5a2090ae1f4f,1.0,843b9766569aa3d4,ok,931.7116435355047,True,True,cluster_01053,train,/home/dheirav/Code/Deepfake_Detection/deepfake-project/dataset_builder/train/ai_generated/flux_topup_002320.jpg
data_sources/ai_generated/FLUX_TopUp/flux_topup_002321.jpg,data_sources/ai_generated/FLUX_TopUp,ai_generated,1024,1024,1.0,JPEG,467424,bb5839ec55ac3210ef0f53e55684fb96,c54845c39690cea1aead8edb6644b9632b3f6e8d475c3ac05ff762efc53e94a1,1.0,85c1925e3797a4b5,ok,1436.210916517301,True,True,cluster_00302,train,/home/dheirav/Code/Deepfake_Detection/deepfake-project/dataset_builder/train/ai_generated/flux_topup_002321.jpg
data_sources/ai_generated/FLUX_TopUp/flux_topup_002326.jpg,data_sources/ai_generated/FLUX_TopUp,ai_generated,1024,1024,1.0,JPEG,247145,c9f241a3717066acfc36d842527b3b12,27e452caf81736b1c090e279f4afaa6fab92c4345668fcec8d1187dacab996e2,1.0,c0c5373a4acced33,ok,586.443389552398,True,True,cluster_01786,train,/home/dheirav/Code/Deepfake_Detection/deepfake-project/dataset_builder/train/ai_generated/flux_topup_002326.jpg
data_sources/ai_generated/FLUX_TopUp/flux_topup_002327.jpg,data_sources/ai_generated/FLUX_TopUp,ai_generated,1024,1024,1.0,JPEG,443120,381cec650ebc2398f1aff352c1e27463,65831cf10e367e55d6338b6a55246266b58b300708388478067a4390704589ba,1.0,d4e78f2a6ed03942,ok,1462.593098640442,True,True,cluster_00409,train,/home/dheirav/Code/Deepfake_Detection/deepfake-project/dataset_builder/train/ai_generated/flux_topup_002327.jpg
data_sources/ai_generated/FLUX_TopUp/flux_topup_002328.jpg,data_sources/ai_generated/FLUX_TopUp,ai_generated,1024,1024,1.0,JPEG,366439,7097a269ddec6fef74edfd223bc20196,9f2077cd9486f3a33c6574a2f97d01a40ee4c36e26632cfb41f842fdcaa458e4,1.0,89897b3c793a5a0e,ok,1467.2021902977099,True,True,cluster_00860,train,/home/dheirav/Code/Deepfake_Detection/deepfake-project/dataset_builder/train/ai_generated/flux_topup_002328.jpg
data_sources/ai_generated/FLUX_TopUp/flux_topup_002329.jpg,data_sources/ai_generated/FLUX_TopUp,ai_generated,1024,1024,1.0,JPEG,287666,9473683142442db513da5b0e513fe246,649f786bd421ecf3f4f61ae922d3734ce08ddf9577a82eb0059531f4c0d1ff88,1.0,92dcd89b66ce0627,ok,352.91900682024425,True,True,cluster_01447,train,/home/dheirav/Code/Deepfake_Detection/deepfake-project/dataset_builder/train/ai_generated/flux_topup_002329.jpg
data_sources/ai_generated/FLUX_TopUp/flux_topup_002330.jpg,data_sources/ai_generated/FLUX_TopUp,ai_generated,1024,1024,1.0,JPEG,327452,7658a526897ffb32443a4619151d0b53,e76abf10a47b6c854f5c8458ec833801e270a0934c3e7fe8863b0d5aff921160,1.0,90835f1d633b6c93,ok,327.4978160722785,True,True,cluster_01111,train,/home/dheirav/Code/Deepfake_Detection/deepfake-project/dataset_builder/train/ai_generated/flux_topup_002330.jpg
data_sources/ai_generated/FLUX_TopUp/flux_topup_002332.jpg,data_sources/ai_generated/FLUX_TopUp,ai_generated,1024,1024,1.0,JPEG,317806,644daa0857e87ebbbe9cb64534c50ff3,7e134db261d55f41ff3e9d1e844a6b90d48e9a0216d76807ff7b68518da83ca6,1.0,b29e4edc48998b39,ok,578.567892860875,True,True,cluster_01190,train,/home/dheirav/Code/Deepfake_Detection/deepfake-project/dataset_builder/train/ai_generated/flux_topup_002332.jpg
data_sources/ai_generated/FLUX_TopUp/flux_topup_002333.jpg,data_sources/ai_generated/FLUX_TopUp,ai_generated,1024,1024,1.0,JPEG,241198,c95fae7a054ac53564812f68e2a3b997,b172cefaf765120b2328cae22e5cee05a2e89ed50a80bc41d57bbcaede8da3f6,1.0,cd33992e368c98d9,ok,269.34923829962554,True,True,cluster_01844,train,/home/dheirav/Code/Deepfake_Detection/deepfake-project/dataset_builder/train/ai_generated/flux_topup_002333.jpg
data_sources/ai_generated/FLUX_TopUp/flux_topup_002334.jpg,data_sources/ai_generated/FLUX_TopUp,ai_generated,1024,1024,1.0,JPEG,429829,b1512cb31e9ca197c9a276a076701fa5,10e10ce81a5f46fb9f17d9b31b08b08bac3266fdaa99f601550b320edf358660,1.0,ddcd772bab02d0a0,ok,955.0472856265842,True,True,cluster_00489,train,/home/dheirav/Code/Deepfake_Detection/deepfake-project/dataset_builder/train/ai_generated/flux_topup_002334.jpg
data_sources/ai_generated/FLUX_TopUp/flux_topup_002339.jpg,data_sources/ai_generated/FLUX_TopUp,ai_generated,1024,1024,1.0,JPEG,322266,2893ed64951233ed5fe9f8ef4c0fe6b1,4f1d622c82b6e1c89e05fabc0bfe2c2e08954c3255041471268ce25113b284c7,1.0,9ccccc6c6e266666,ok,525.2732441877878,True,True,cluster_01158,train,/home/dheirav/Code/Deepfake_Detection/deepfake-project/dataset_builder/train/ai_generated/flux_topup_002339.jpg
data_sources/ai_generated/FLUX_TopUp/flux_topup_002342.jpg,data_sources/ai_generated/FLUX_TopUp,ai_generated,1024,1024,1.0,JPEG,287560,355ffb9fe66edd32ca9e728afb89d098,c958b87031b4cbbd21f075627ad6db9396429e9e651d00ba86e75cc38a853ca7,1.0,cdcd66cccc26d8c8,ok,559.8940388543958,True,True,cluster_01450,train,/home/dheirav/Code/Deepfake_Detection/deepfake-project/dataset_builder/train/ai_generated/flux_topup_002342.jpg
data_sources/ai_generated/FLUX_TopUp/flux_topup_002343.jpg,data_sources/ai_generated/FLUX_TopUp,ai_generated,1024,1024,1.0,JPEG,449559,6ee86b8dcce93f57a2e235dd4a3f1c04,4ba254c4908946a0e8d61c25ec4ad76ae701c42de8335bc507d51ff32dbf7a9b,1.0,d5ec05344bd31af4,ok,2144.4179682406684,True,True,cluster_00376,train,/home/dheirav/Code/Deepfake_Detection/deepfake-project/dataset_builder/train/ai_generated/flux_topup_002343.jpg
data_sources/ai_generated/FLUX_TopUp/flux_topup_002346.jpg,data_sources/ai_generated/FLUX_TopUp,ai_generated,1024,1024,1.0,JPEG,288189,88c5473506c217ad80694d1287a3f9d3,5e5305d2dafeb46862cb902a1936514d637732216d15675e9b953c9dcf68edb0,1.0,94d4727a5e51d1b1,ok,710.4464168153418,True,True,cluster_01441,train,/home/dheirav/Code/Deepfake_Detection/deepfake-project/dataset_builder/train/ai_generated/flux_topup_002346.jpg
data_sources/ai_generated/FLUX_TopUp/flux_topup_002348.jpg,data_sources/ai_generated/FLUX_TopUp,ai_generated,1024,1024,1.0,JPEG,461995,ce8e7472101ba3905b36e73fd5a048d2,07a6886c7f5b6efd2807621fec947a6451c3676cd7e98c15331f3f79bf988798,1.0,85877baf41e1d254,ok,2568.788268167125,True,True,cluster_00327,train,/home/dheirav/Code/Deepfake_Detection/deepfake-project/dataset_builder/train/ai_generated/flux_topup_002348.jpg
data_sources/ai_generated/FLUX_TopUp/flux_topup_002351.jpg,data_sources/ai_generated/FLUX_TopUp,ai_generated,1024,1024,1.0,JPEG,371846,bd6bd04653ad9167190276103b65dfd2,3c522b86f74cd7938397888206ebb99ae8bdfdc3ade14c876fc64fa3af47431f,1.0,94932f29a38c7a6e,ok,1161.6742783369832,True,True,cluster_00819,train,/home/dheirav/Code/Deepfake_Detection/deepfake-project/dataset_builder/train/ai_generated/flux_topup_002351.jpg
data_sources/ai_generated/FLUX_TopUp/flux_topup_002353.jpg,data_sources/ai_generated/FLUX_TopUp,ai_generated,1024,1024,1.0,JPEG,474123,9656177d0db45642be8966ada76d321d,8e9169b22b53222e207bbd328b1713f16ee177d9ceb4c74e341e9ceb1c21b51e,1.0,8cc393fc712b7c18,ok,1066.291053316203,True,True,cluster_00271,train,/home/dheirav/Code/Deepfake_Detection/deepfake-project/dataset_builder/train/ai_generated/flux_topup_002353.jpg
data_sources/ai_generated/FLUX_TopUp/flux_topup_002355.jpg,data_sources/ai_generated/FLUX_TopUp,ai_generated,1024,1024,1.0,JPEG,330665,fd0479fd3fa9cf1f100c12c08afb0544,1860f398425adf97e17ec1da00f23fb0d05026eade7df9b9a6e38a275ccf364c,1.0,94b30f0fd9ca6236,ok,948.2013809373602,True,True,cluster_01091,train,/home/dheirav/Code/Deepfake_Detection/deepfake-project/dataset_builder/train/ai_generated/flux_topup_002355.jpg
data_sources/ai_generated/FLUX_TopUp/flux_topup_002356.jpg,data_sources/ai_generated/FLUX_TopUp,ai_generated,1024,1024,1.0,JPEG,396575,95d0c20f074d0a5dc73255c170fa4b87,14523b93642b7fd28dc0f0b5f12301a660d44cc7a8c889002cd42bae3b129b6c,1.0,ddb4a96a681a946d,ok,2394.522132754093,True,True,cluster_00679,train,/home/dheirav/Code/Deepfake_Detection/deepfake-project/dataset_builder/train/ai_generated/flux_topup_002356.jpg
data_sources/ai_generated/FLUX_TopUp/flux_topup_002357.jpg,data_sources/ai_generated/FLUX_TopUp,ai_generated,1024,1024,1.0,JPEG,319545,16b601360f657357ca57b303741153b1,863c878ed4b9a05cc1ed05a288510d0161e24e2973f7fc1671578b5fe862c9b3,1.0,91e1c7d8868fcc99,ok,540.4366179181816,True,True,cluster_01180,train,/home/dheirav/Code/Deepfake_Detection/deepfake-project/dataset_builder/train/ai_generated/flux_topup_002357.jpg
data_sources/ai_generated/FLUX_TopUp/flux_topup_002359.jpg,data_sources/ai_generated/FLUX_TopUp,ai_generated,1024,1024,1.0,JPEG,265007,3b140a7c0e8f6386813962711148095d,f9a6649318646e8401a639732fb4b900ea8f1fca2f9ac4601747d36f376c659b,1.0,906c7bb4c95a24db,ok,847.0316691610124,True,True,cluster_01631,train,/home/dheirav/Code/Deepfake_Detection/deepfake-project/dataset_builder/train/ai_generated/flux_topup_002359.jpg
data_sources/ai_generated/FLUX_TopUp/flux_topup_002375.jpg,data_sources/ai_generated/FLUX_TopUp,ai_generated,1024,1024,1.0,JPEG,495213,34d03d3f7120041d350d90ec377cc30a,2a0ccac0d2333988f7df9d2e88550e1d208e93f919751cb5208d162ebf5ce7d1,1.0,888977c63ce3646d,ok,2033.6175401321232,True,True,cluster_00194,train,/home/dheirav/Code/Deepfake_Detection/deepfake-project/dataset_builder/train/ai_generated/flux_topup_002375.jpg
data_sources/ai_generated/FLUX_TopUp/flux_topup_002378.jpg,data_sources/ai_generated/FLUX_TopUp,ai_generated,1024,1024,1.0,JPEG,475734,6a8f9f4eb7a36d477a8468ea7cfa8b5f,72c0171e972208442f4f408b25f822de413ae78d011cdc02e2455e74123d569a,1.0,999696f5663685c4,ok,1938.9463160380096,True,True,cluster_00259,train,/home/dheirav/Code/Deepfake_Detection/deepfake-project/dataset_builder/train/ai_generated/flux_topup_002378.jpg
data_sources/ai_generated/FLUX_TopUp/flux_topup_002379.jpg,data_sources/ai_generated/FLUX_TopUp,ai_generated,1024,1024,1.0,JPEG,272134,ea467d8935a94ac33e6fc14e6f59ed31,5fb9ef685035940e4107c7c5a5098be4bb3cf65987b8b495d55a394c19b62920,1.0,969a1d0c22e1ff1d,ok,458.879891290151,True,True,cluster_01573,train,/home/dheirav/Code/Deepfake_Detection/deepfake-project/dataset_builder/train/ai_generated/flux_topup_002379.jpg
data_sources/ai_generated/FLUX_TopUp/flux_topup_002381.jpg,data_sources/ai_generated/FLUX_TopUp,ai_generated,1024,1024,1.0,JPEG,473004,d505cf8e779e9946ffdf05db78cb9e30,e233d0e8819db2f04964b307fa5244fc54a543e0d87fcbceadbd310383574149,1.0,d89696fdb70109b4,ok,2399.8403076215036,True,True,cluster_00276,train,/home/dheirav/Code/Deepfake_Detection/deepfake-project/dataset_builder/train/ai_generated/flux_topup_002381.jpg
data_sources/ai_generated/FLUX_TopUp/flux_topup_002383.jpg,data_sources/ai_generated/FLUX_TopUp,ai_generated,1024,1024,1.0,JPEG,418565,aec6d70aaf234a0d5781a67c0911d0c8,a0e2030b5237f73cff93b6a7788f025e5aa2174982013428448d3643242654b0,1.0,9a926f6d646c62b1,ok,1664.2152107920847,True,True,cluster_00553,train,/home/dheirav/Code/Deepfake_Detection/deepfake-project/dataset_builder/train/ai_generated/flux_topup_002383.jpg
data_sources/ai_generated/FLUX_TopUp/flux_topup_002384.jpg,data_sources/ai_generated/FLUX_TopUp,ai_generated,1024,1024,1.0,JPEG,287501,b0365789040064d079d76d6955d4131c,bfeffac8338b3dcf402459d77491f74ab44ed29fc4e6279c5aa15782c41a3b87,1.0,e6d309fc00fb03ec,ok,1391.8602860800415,True,True,cluster_01451,train,/home/dheirav/Code/Deepfake_Detection/deepfake-project/dataset_builder/train/ai_generated/flux_topup_002384.jpg
data_sources/ai_generated/FLUX_TopUp/flux_topup_002389.jpg,data_sources/ai_generated/FLUX_TopUp,ai_generated,1024,1024,1.0,JPEG,463032,c7e69a64b36b7a56ea40ae6c49d4a188,52b530817cf8bc330cb334640bcd8a3092c36ab4e7fd3467a6b153d912b790c4,1.0,b4b0cacb8f95c871,ok,1784.3540552051813,True,True,cluster_00319,train,/home/dheirav/Code/Deepfake_Detection/deepfake-project/dataset_builder/train/ai_generated/flux_topup_002389.jpg
data_sources/ai_generated/FLUX_TopUp/flux_topup_002396.jpg,data_sources/ai_generated/FLUX_TopUp,ai_generated,1024,1024,1.0,JPEG,226669,f8a64adad1007fb3389bee7805dc7434,930e5e6b8a39a06bf70446f5760607b23e0af2fc08c36f84b5e911da02c06a8c,1.0,dc6e1373563341d4,ok,417.26282937086125,True,True,cluster_01959,train,/home/dheirav/Code/Deepfake_Detection/deepfake-project/dataset_builder/train/ai_generated/flux_topup_002396.jpg
data_sources/ai_generated/FLUX_TopUp/flux_topup_002399.jpg,data_sources/ai_generated/FLUX_TopUp,ai_generated,1024,1024,1.0,JPEG,319694,6c03b5641d309ae1833354919b85d177,493494fd4cd55ff45bd0e248f5582c65e4332f9aff46b5d04e9708a013620545,1.0,969e696d06c2e27a,ok,364.1457806212674,True,True,cluster_01179,train,/home/dheirav/Code/Deepfake_Detection/deepfake-project/dataset_builder/train/ai_generated/flux_topup_002399.jpg
data_sources/ai_generated/FLUX_TopUp/flux_topup_002404.jpg,data_sources/ai_generated/FLUX_TopUp,ai_generated,1024,1024,1.0,JPEG,338195,b78d7f240202c10581a09b22bccc55e3,6f1da00bf949449525eaf5ed85a7a2a01f972db08bbecf339ae206309a27a0eb,1.0,84c399a9e46672bb,ok,1276.9041992376651,True,True,cluster_01030,train,/home/dheirav/Code/Deepfake_Detection/deepfake-project/dataset_builder/train/ai_generated/flux_topup_002404.jpg
data_sources/ai_generated/FLUX_TopUp/flux_topup_002408.jpg,data_sources/ai_generated/FLUX_TopUp,ai_generated,1024,1024,1.0,JPEG,307435,4aab988e10272c804286ce6184ef4a55,d2e65c02a943589564028cf81b1062e0f1ee31e3d8a4a1959fc0ff39f5dc02ca,1.0,d1943cd4f46cc86d,ok,488.93379291727524,True,True,cluster_01286,train,/home/dheirav/Code/Deepfake_Detection/deepfake-project/dataset_builder/train/ai_generated/flux_topup_002408.jpg
data_sources/ai_generated/FLUX_TopUp/flux_topup_002409.jpg,data_sources/ai_generated/FLUX_TopUp,ai_generated,1024,1024,1.0,JPEG,342704,efdecdbcdef0f878de90dcb529e6cd02,7afa01ae6467277775c1f2585922d7eaa3e702d3c53d0b7e297ff588bb320712,1.0,b0a90b96909bdeda,ok,439.97023710279234,True,True,cluster_00997,train,/home/dheirav/Code/Deepfake_Detection/deepfake-project/dataset_builder/train/ai_generated/flux_topup_002409.jpg
data_sources/ai_generated/FLUX_TopUp/flux_topup_002411.jpg,data_sources/ai_generated/FLUX_TopUp,ai_generated,1024,1024,1.0,JPEG,331170,b86ae7b77e704a09f4f5191486412078,f79cf8c66a3d2b9b95ece2cad38cd17935e194a0d2c45530e32fe4b40385d869,1.0,d6f62cc94b8d6485,ok,602.2186415302422,True,True,cluster_01088,train,/home/dheirav/Code/Deepfake_Detection/deepfake-project/dataset_builder/train/ai_generated/flux_topup_002411.jpg
data_sources/ai_generated/FLUX_TopUp/flux_topup_002416.jpg,data_sources/ai_generated/FLUX_TopUp,ai_generated,1024,1024,1.0,JPEG,249631,1b26742483c4a79f935fa394d6b2c1a4,cede594c9aa7113ae81bd6900fd900bd113af9c84b9f9a6be7a363df3b455a75,1.0,95b5296b43740d4f,ok,585.7428548946298,True,True,cluster_01763,train,/home/dheirav/Code/Deepfake_Detection/deepfake-project/dataset_builder/train/ai_generated/flux_topup_002416.jpg
data_sources/ai_generated/FLUX_TopUp/flux_topup_002420.jpg,data_sources/ai_generated/FLUX_TopUp,ai_generated,1024,1024,1.0,JPEG,270372,6b32dbf9854be15bb61e8ce25e1d12ff,d02f9dfd43829330e9c7cd7516b8018c95d10515e5661cfdcefe5e8c75fb2c83,1.0,99934646fc5652f8,ok,359.4551153182973,True,True,cluster_01584,train,/home/dheirav/Code/Deepfake_Detection/deepfake-project/dataset_builder/train/ai_generated/flux_topup_002420.jpg
data_sources/ai_generated/FLUX_TopUp/flux_topup_002425.jpg,data_sources/ai_generated/FLUX_TopUp,ai_generated,1024,1024,1.0,JPEG,360648,24ae80aba6d97547ebba799bae902e69,2acb127d27a36206d44005907880a591135a07ab1fba23d7eef7fd6381fcf70f,1.0,c3c28e99f9597161,ok,1088.2887110252882,True,True,cluster_00893,train,/home/dheirav/Code/Deepfake_Detection/deepfake-project/dataset_builder/train/ai_generated/flux_topup_002425.jpg
data_sources/ai_generated/FLUX_TopUp/flux_topup_002426.jpg,data_sources/ai_generated/FLUX_TopUp,ai_generated,1024,1024,1.0,JPEG,509998,38905f619ef9707bc83b671ccd0473fd,dd378fdf92a6c8fbbfe5a6c5c3ff92bb7ba675687193897213d337a5f61f8a97,1.0,81a0c6df37da7911,ok,2471.466016003629,True,True,cluster_00142,train,/home/dheirav/Code/Deepfake_Detection/deepfake-project/dataset_builder/train/ai_generated/flux_topup_002426.jpg
data_sources/ai_generated/FLUX_TopUp/flux_topup_002427.jpg,data_sources/ai_generated/FLUX_TopUp,ai_generated,1024,1024,1.0,JPEG,260480,dadd977e3f59a5d4491cda9d0f3f271d,8004cb3ce7527648ab100a402921a146fc03159301c28c945fe8ad3350c07969,1.0,aec4991b962ec13b,ok,906.121788021177,True,True,cluster_01671,train,/home/dheirav/Code/Deepfake_Detection/deepfake-project/dataset_builder/train/ai_generated/flux_topup_002427.jpg
data_sources/ai_generated/FLUX_TopUp/flux_topup_002429.jpg,data_sources/ai_generated/FLUX_TopUp,ai_generated,1024,1024,1.0,JPEG,237020,f9628fa99fc3c5ef7680e67cd2587a5c,d51279395006a10ee01a36999917394f056e54cf46f789e3271dd06473f69ed9,1.0,a183a2dadb8cc8bd,ok,350.61601159771726,True,True,cluster_01881,train,/home/dheirav/Code/Deepfake_Detection/deepfake-project/dataset_builder/train/ai_generated/flux_topup_002429.jpg
data_sources/ai_generated/FLUX_TopUp/flux_topup_002446.jpg,data_sources/ai_generated/FLUX_TopUp,ai_generated,1024,1024,1.0,JPEG,257284,ef38cbfdd14b78b9c3a330fb3a2a1241,465a33365408f7dc70d0e588ad8498b586166b62ce3ffeedd1f5ab2aca800013,1.0,90a1e3ce5e15c63e,ok,1418.2245372165344,True,True,cluster_01699,train,/home/dheirav/Code/Deepfake_Detection/deepfake-project/dataset_builder/train/ai_generated/flux_topup_002446.jpg
data_sources/ai_generated/FLUX_TopUp/flux_topup_002447.jpg,data_sources/ai_generated/FLUX_TopUp,ai_generated,1024,1024,1.0,JPEG,370254,925675ecb2068d9435ca5886fff1a9ef,186483d5e0770a2e51038033376f5d91ddbf9fa5a949b5c183345e02e2f2d7ed,1.0,96af6c724d136689,ok,1043.3485609225015,True,True,cluster_00833,train,/home/dheirav/Code/Deepfake_Detection/deepfake-project/dataset_builder/train/ai_generated/flux_topup_002447.jpg
data_sources/ai_generated/FLUX_TopUp/flux_topup_002450.jpg,data_sources/ai_generated/FLUX_TopUp,ai_generated,1024,1024,1.0,JPEG,275582,20b670292f1577fca3accec7de166c14,13e9421df1a567ec50d0a1f2f18edc3de37209d3c7d4705b5672663eebe23156,1.0,9d95b524656961e9,ok,1024.1935707447954,True,True,cluster_01540,train,/home/dheirav/Code/Deepfake_Detection/deepfake-project/dataset_builder/train/ai_generated/flux_topup_002450.jpg
data_sources/ai_generated/FLUX_TopUp/flux_topup_002453.jpg,data_sources/ai_generated/FLUX_TopUp,ai_generated,1024,1024,1.0,JPEG,406611,37d1cb427433fbdb64e1082ed0f7633f,9d18eafa9a712c3a34bc9115dc1175d912a34231aa1140e3aaacb33a0210998e,1.0,9887a76c381a7ce5,ok,828.9595975719776,True,True,cluster_00626,train,/home/dheirav/Code/Deepfake_Detection/deepfake-project/dataset_builder/train/ai_generated/flux_topup_002453.jpg
data_sources/ai_generated/FLUX_TopUp/flux_topup_002454.jpg,data_sources/ai_generated/FLUX_TopUp,ai_generated,1024,1024,1.0,JPEG,295034,abb41cb7da111fc9c175ce5b982d26df,cf9902d8a45ccf227b86aa6892820467449cd5c28c2fb3f1b246c658ec7cfadd,1.0,d28269f4e06135fd,ok,3077.741325109846,True,True,cluster_01380,train,/home/dheirav/Code/Deepfake_Detection/deepfake-project/dataset_builder/train/ai_generated/flux_topup_002454.jpg
data_sources/ai_generated/FLUX_TopUp/flux_topup_002455.jpg,data_sources/ai_generated/FLUX_TopUp,ai_generated,1024,1024,1.0,JPEG,308695,68cba73c681c7662627c00428bb99c3c,ce8e2e79d9980adb095e8917ef0bcc8aaa33681a8456ec518bcf5c1880ba29c8,1.0,f9e10307fc3813c7,ok,597.0735809190519,True,True,cluster_01273,train,/home/dheirav/Code/Deepfake_Detection/deepfake-project/dataset_builder/train/ai_generated/flux_topup_002455.jpg
data_sources/ai_generated/FLUX_TopUp/flux_topup_002457.jpg,data_sources/ai_generated/FLUX_TopUp,ai_generated,1024,1024,1.0,JPEG,443800,41554f8bb71913db0ea0a3fc731a8213,5a84687989dd3bcb161b902cbdf190617507ad6206cf51647af84092387e398e,1.0,cb1c933ae2cc32ce,ok,1464.0291167533787,True,True,cluster_00404,train,/home/dheirav/Code/Deepfake_Detection/deepfake-project/dataset_builder/train/ai_generated/flux_topup_002457.jpg
data_sources/ai_generated/FLUX_TopUp/flux_topup_002458.jpg,data_sources/ai_generated/FLUX_TopUp,ai_generated,1024,1024,1.0,JPEG,370354,00ea97999614c8bc131d397a11df4912,53b2a423ddd104ea3f045694b94b28fb45f291cf4c4422521ab1b7bfbe11e35b,1.0,9390d8b1b0b4bdbc,ok,1910.2650627673927,True,True,cluster_00832,train,/home/dheirav/Code/Deepfake_Detection/deepfake-project/dataset_builder/train/ai_generated/flux_topup_002458.jpg
data_sources/ai_generated/FLUX_TopUp/flux_topup_002459.jpg,data_sources/ai_generated/FLUX_TopUp,ai_generated,1024,1024,1.0,JPEG,520495,b2920713fd3ab47ef60a4c4b7a591d66,5bcd056f10277b40001996196d6795ed43c45aa3e6f54dbba78818e04bbd92a0,1.0,9595b5e56b8a3238,ok,4228.075999236836,True,True,cluster_00119,train,/home/dheirav/Code/Deepfake_Detection/deepfake-project/dataset_builder/train/ai_generated/flux_topup_002459.jpg
data_sources/ai_generated/FLUX_TopUp/flux_topup_002460.jpg,data_sources/ai_generated/FLUX_TopUp,ai_generated,1024,1024,1.0,JPEG,351068,f50a45986f209f0ba782532cc7e368e1,6c03afae3c513ed414519fa5db48b0079b7c003dd34fa6b8d791851202cfcc93,1.0,95921b3d6cc6c31b,ok,585.9422727981937,True,True,cluster_00946,train,/home/dheirav/Code/Deepfake_Detection/deepfake-project/dataset_builder/train/ai_generated/flux_topup_002460.jpg
data_sources/ai_generated/FLUX_TopUp/flux_topup_002461.jpg,data_sources/ai_generated/FLUX_TopUp,ai_generated,1024,1024,1.0,JPEG,337796,75fd7f509dd3503b30e1f4d4ad5bb300,8279887ccc49acfcd65ad5b103051c5cb4cb32c859fb8a5bbf3409f3c092cbd4,1.0,9793632c9871659e,ok,978.4312860994896,True,True,cluster_01037,train,/home/dheirav/Code/Deepfake_Detection/deepfake-project/dataset_builder/train/ai_generated/flux_topup_002461.jpg
data_sources/ai_generated/FLUX_TopUp/flux_topup_002463.jpg,data_sources/ai_generated/FLUX_TopUp,ai_generated,1024,1024,1.0,JPEG,641053,6a8b3e38d979066c3aba0ab2c0fdc9b2,15801747c9c18c8c842a679ed8dc8fa1b9ed3a2d26b91711b9fb23c78b4a9c40,1.0,c8849d9e589793e3,ok,5765.457727100451,True,True,cluster_00008,train,/home/dheirav/Code/Deepfake_Detection/deepfake-project/dataset_builder/train/ai_generated/flux_topup_002463.jpg
data_sources/ai_generated/FLUX_TopUp/flux_topup_002468.jpg,data_sources/ai_generated/FLUX_TopUp,ai_generated,1024,1024,1.0,JPEG,296257,d28562f5872dca4efbbbae20273b1072,d0af0d0801aa5245309e4049bf088d599782884c06e6928fb980c1a92ce7fb50,1.0,cee231313e9e6ac2,ok,466.9736483724835,True,True,cluster_01374,train,/home/dheirav/Code/Deepfake_Detection/deepfake-project/dataset_builder/train/ai_generated/flux_topup_002468.jpg
data_sources/ai_generated/FLUX_TopUp/flux_topup_002470.jpg,data_sources/ai_generated/FLUX_TopUp,ai_generated,1024,1024,1.0,JPEG,400270,6ee9ef1b5a8c4d7c009887bdc7db12bf,79572b93b25140d7dd4e07fa9881c32110012a7edbcc3b7ce51c81c87a61ec93,1.0,c5e5b8ba37272344,ok,3288.9598499847484,True,True,cluster_00664,train,/home/dheirav/Code/Deepfake_Detection/deepfake-project/dataset_builder/train/ai_generated/flux_topup_002470.jpg
data_sources/ai_generated/FLUX_TopUp/flux_topup_002477.jpg,data_sources/ai_generated/FLUX_TopUp,ai_generated,1024,1024,1.0,JPEG,408680,309ad2731b03ea328dad10d16243440a,1eff1793848435ba5f1c0965d190506f5048f9b7963b0e7e547892eba4288b36,1.0,9e9676716bc39290,ok,1525.1300386763164,True,True,cluster_00614,train,/home/dheirav/Code/Deepfake_Detection/deepfake-project/dataset_builder/train/ai_generated/flux_topup_002477.jpg
data_sources/ai_generated/FLUX_TopUp/flux_topup_002481.jpg,data_sources/ai_generated/FLUX_TopUp,ai_generated,1024,1024,1.0,JPEG,349735,bab0fdcc7f6eaf9f75f677618282cedf,6c31f4fee0913e6d036ff4a20b7ca3c15f0f141fa6111623ee4149b6a23e8326,1.0,999839816cdc37dc,ok,584.9056689402123,True,True,cluster_00955,train,/home/dheirav/Code/Deepfake_Detection/deepfake-project/dataset_builder/train/ai_generated/flux_topup_002481.jpg
data_sources/ai_generated/FLUX_TopUp/flux_topup_002482.jpg,data_sources/ai_generated/FLUX_TopUp,ai_generated,1024,1024,1.0,JPEG,239131,1227ee3bab5ecdcf2050be767cd76718,8656acf30bd1801979280c1e9bf284029bf7b823c020da2456e349dfacd47645,1.0,f7a6be9e161a4890,ok,136.7774710750227,True,True,cluster_01864,train,/home/dheirav/Code/Deepfake_Detection/deepfake-project/dataset_builder/train/ai_generated/flux_topup_002482.jpg
data_sources/ai_generated/FLUX_TopUp/flux_topup_002486.jpg,data_sources/ai_generated/FLUX_TopUp,ai_generated,1024,1024,1.0,JPEG,509732,3de15b05618641fa2de86fc6dc48e562,06a43331330416be8255104570c09335809e68f0fa084361f119c98e8ce170db,1.0,99946496de99985d,ok,1514.7461742943256,True,True,cluster_00143,train,/home/dheirav/Code/Deepfake_Detection/deepfake-project/dataset_builder/train/ai_generated/flux_topup_002486.jpg
data_sources/ai_generated/FLUX_TopUp/flux_topup_002487.jpg,data_sources/ai_generated/FLUX_TopUp,ai_generated,1024,1024,1.0,JPEG,324486,de4ef86468d3d058a69aab87a187a02d,0d85bbbe22774e14e5602586499e0ccfc6525ed9fffe1b17c478b635259e99f2,1.0,a78f585849adbc94,ok,514.907872426058,True,True,cluster_01139,train,/home/dheirav/Code/Deepfake_Detection/deepfake-project/dataset_builder/train/ai_generated/flux_topup_002487.jpg
data_sources/ai_generated/FLUX_TopUp/flux_topup_002488.jpg,data_sources/ai_generated/FLUX_TopUp,ai_generated,1024,1024,1.0,JPEG,445325,22873d219806dc9c47f5c7f565f5f902,65e8da147eb626571f8ef12d0ba6f9640730e4800287d3136d7d2874bde35723,1.0,c9979b8e46f01f41,ok,2980.67261214413,True,True,cluster_00399,train,/home/dheirav/Code/Deepfake_Detection/deepfake-project/dataset_builder/train/ai_generated/flux_topup_002488.jpg
data_sources/ai_generated/FLUX_TopUp/flux_topup_002490.jpg,data_sources/ai_generated/FLUX_TopUp,ai_generated,1024,1024,1.0,JPEG,255213,31aa697cffc9434c9d35fbf32f5a76e5,da405a7964b54f8a3ec0c9bfc1d65bc4773863993db28c969fcceb4b7f82b875,1.0,88994a3727bdd872,ok,378.9222774505033,True,True,cluster_01715,train,/home/dheirav/Code/Deepfake_Detection/deepfake-project/dataset_builder/train/ai_generated/flux_topup_002490.jpg
data_sources/ai_generated/FLUX_TopUp/flux_topup_002494.jpg,data_sources/ai_generated/FLUX_TopUp,ai_generated,1024,1024,1.0,JPEG,297346,fd3a1ec3ad27e9f93acc71d198e12eeb,9bb8d690329a37b2240a0cda2c8838cebdc8128ec21e7e025037b8c9e1e389e7,1.0,c1e034c75b3fa552,ok,810.6755694411695,True,True,cluster_01371,train,/home/dheirav/Code/Deepfake_Detection/deepfake-project/dataset_builder/train/ai_generated/flux_topup_002494.jpg
data_sources/ai_generated/FLUX_TopUp/flux_topup_002495.jpg,data_sources/ai_generated/FLUX_TopUp,ai_generated,1024,1024,1.0,JPEG,429955,299e985864b122f6f3fc77e43924c217,19c29291b1fbf5f28afcf9bda4dfa3837fdcc4f0f4ca1c502de5571623c35926,1.0,9b96a66961c17366,ok,1983.0337463874455,True,True,cluster_00488,train,/home/dheirav/Code/Deepfake_Detection/deepfake-project/dataset_builder/train/ai_generated/flux_topup_002495.jpg
data_sources/ai_generated/FLUX_TopUp/flux_topup_002496.jpg,data_sources/ai_generated/FLUX_TopUp,ai_generated,1024,1024,1.0,JPEG,308259,cebd6b7488d88aefc85062de5591528a,f95bd9b276e94585340c8606802adc6db06fa75254f5d85185cb37fdcc227ce6,1.0,9a9a32b47b4a6969,ok,372.60727678144667,True,True,cluster_01277,train,/home/dheirav/Code/Deepfake_Detection/deepfake-project/dataset_builder/train/ai_generated/flux_topup_002496.jpg
data_sources/ai_generated/FLUX_TopUp/flux_topup_000002.jpg,data_sources/ai_generated/FLUX_TopUp,ai_generated,1024,1024,1.0,JPEG,309498,1467bc5c6d0d694919146c3fd5aa3bea,2d7e0721c1a9e8226a208f9bdf85b743e724c54d0cca23443463e0b0a89a3d87,1.0,d3340de6db116cd8,ok,578.1307334649282,True,True,cluster_01264,val,/home/dheirav/Code/Deepfake_Detection/deepfake-project/dataset_builder/val/ai_generated/flux_topup_000002.jpg
data_sources/ai_generated/FLUX_TopUp/flux_topup_000003.jpg,data_sources/ai_generated/FLUX_TopUp,ai_generated,1024,1024,1.0,JPEG,279253,4469979a6dc55415b511532247054698,c7a63bf33287879fff84c3c7c8a2934c347c35004bd5b0f276b7d140657413a5,1.0,95752eac424adab6,ok,977.6717229562915,True,True,cluster_01508,val,/home/dheirav/Code/Deepfake_Detection/deepfake-project/dataset_builder/val/ai_generated/flux_topup_000003.jpg
data_sources/ai_generated/FLUX_TopUp/flux_topup_000004.jpg,data_sources/ai_generated/FLUX_TopUp,ai_generated,1024,1024,1.0,JPEG,477131,405664cc33d1f6d9bc70788b1001a7e8,f863b228dd5f1b4497270fa9223fa7f3dd88c9dd7d65be324d255f0c6105df8d,1.0,989d759932c626e6,ok,921.6884960905288,True,True,cluster_00257,val,/home/dheirav/Code/Deepfake_Detection/deepfake-project/dataset_builder/val/ai_generated/flux_topup_000004.jpg
data_sources/ai_generated/FLUX_TopUp/flux_topup_000005.jpg,data_sources/ai_generated/FLUX_TopUp,ai_generated,1024,1024,1.0,JPEG,285682,6183d03b7994451a2ab49745c983c204,7096eb2ec785b1291c8485ba4a26e861d11e5dbe758c6133c43ff163435ca932,1.0,96d43129edbb0a1d,ok,1077.1250157449022,True,True,cluster_01464,val,/home/dheirav/Code/Deepfake_Detection/deepfake-project/dataset_builder/val/ai_generated/flux_topup_000005.jpg
data_sources/ai_generated/FLUX_TopUp/flux_topup_000007.jpg,data_sources/ai_generated/FLUX_TopUp,ai_generated,1024,1024,1.0,JPEG,472626,297c2642c78851af1cf236537b7c244f,2c70fd2f8edb18399b7417f62501d90a45bbe7191e663b7a3f71b9baa77228cc,1.0,84ae6bc15b353cb8,ok,1240.384471583122,True,True,cluster_00279,val,/home/dheirav/Code/Deepfake_Detection/deepfake-project/dataset_builder/val/ai_generated/flux_topup_000007.jpg
data_sources/ai_generated/FLUX_TopUp/flux_topup_000011.jpg,data_sources/ai_generated/FLUX_TopUp,ai_generated,1024,1024,1.0,JPEG,390260,36ab944a429a17f15658aff1b3bf230e,b1f079a20663659307f826b2b0d0842cd7ac11a8a9d295f49c6134c0ec0c50c2,1.0,924b6c04373f96e6,ok,2297.6342019316644,True,True,cluster_00716,val,/home/dheirav/Code/Deepfake_Detection/deepfake-project/dataset_builder/val/ai_generated/flux_topup_000011.jpg
data_sources/ai_generated/FLUX_TopUp/flux_topup_000012.jpg,data_sources/ai_generated/FLUX_TopUp,ai_generated,1024,1024,1.0,JPEG,496381,e6aee5ee4e3de4e7c00df7b0ca60a109,70b0fc16c1f9746cf03c8861449687326717876df35234ede920126718158c36,1.0,c58299bd193761cd,ok,2496.7009963960736,True,True,cluster_00186,val,/home/dheirav/Code/Deepfake_Detection/deepfake-project/dataset_builder/val/ai_generated/flux_topup_000012.jpg
data_sources/ai_generated/FLUX_TopUp/flux_topup_000020.jpg,data_sources/ai_generated/FLUX_TopUp,ai_generated,1024,1024,1.0,JPEG,449517,7a2282388db1ad60f8ff78a7796e6b2b,f186e2182a764f8a78f2bc6e65d22534a0ca4b563cac73ef7f4c018fcf3a58c2,1.0,89db8666a75830d7,ok,1730.1084479545375,True,True,cluster_00378,val,/home/dheirav/Code/Deepfake_Detection/deepfake-project/dataset_builder/val/ai_generated/flux_topup_000020.jpg
data_sources/ai_generated/FLUX_TopUp/flux_topup_000024.jpg,data_sources/ai_generated/FLUX_TopUp,ai_generated,1024,1024,1.0,JPEG,599765,9d16f53d8f14f15f98eeebe4d05ae7ee,663a0cd0fb204706bfbf51dc539348768ec71eb9438709cf6f513e17f6114cf7,1.0,95933296c4dde9a4,ok,2532.5310319734226,True,True,cluster_00021,val,/home/dheirav/Code/Deepfake_Detection/deepfake-project/dataset_builder/val/ai_generated/flux_topup_000024.jpg
data_sources/ai_generated/FLUX_TopUp/flux_topup_000028.jpg,data_sources/ai_generated/FLUX_TopUp,ai_generated,1024,1024,1.0,JPEG,346954,c883bd46306835aec4550eb1d16f4db7,21fe6d21cb0b6df715f3c6da1b5e00f1db066b183e8525fd0d575f42029157a5,1.0,cdc9f2b6064f1931,ok,1021.4473612240836,True,True,cluster_00979,val,/home/dheirav/Code/Deepfake_Detection/deepfake-project/dataset_builder/val/ai_generated/flux_topup_000028.jpg
data_sources/ai_generated/FLUX_TopUp/flux_topup_000030.jpg,data_sources/ai_generated/FLUX_TopUp,ai_generated,1024,1024,1.0,JPEG,266823,951f4261c3ee0971f826837880dc3629,475c37db88eeafa5b12f9f0db208ea5ad5424c8082f4e78efd6994498153fe9c,1.0,99b3e6643923b88d,ok,733.5394850640575,True,True,cluster_01612,val,/home/dheirav/Code/Deepfake_Detection/deepfake-project/dataset_builder/val/ai_generated/flux_topup_000030.jpg
data_sources/ai_generated/FLUX_TopUp/flux_topup_000034.jpg,data_sources/ai_generated/FLUX_TopUp,ai_generated,1024,1024,1.0,JPEG,498061,a4025af291a17ba0f499ec8e647953f4,735f0f904a89379837ff95b8b7d7f56df3e7f12d64029073be50f24c8d8796e6,1.0,994d87d8c59662ad,ok,3439.8772930033647,True,True,cluster_00178,val,/home/dheirav/Code/Deepfake_Detection/deepfake-project/dataset_builder/val/ai_generated/flux_topup_000034.jpg
data_sources/ai_generated/FLUX_TopUp/flux_topup_000037.jpg,data_sources/ai_generated/FLUX_TopUp,ai_generated,1024,1024,1.0,JPEG,255664,004b8749a6f00bb1f4738aa37a379a42,50c40551bbbb3afb944508ddd9c5379db943d0a0a5aebe9e88328efd8ba4c509,1.0,d5a66e9529ca1761,ok,954.2055835208699,True,True,cluster_01711,val,/home/dheirav/Code/Deepfake_Detection/deepfake-project/dataset_builder/val/ai_generated/flux_topup_000037.jpg
data_sources/ai_generated/FLUX_TopUp/flux_topup_000038.jpg,data_sources/ai_generated/FLUX_TopUp,ai_generated,1024,1024,1.0,JPEG,239584,6f09eadcb2e338590e963ee60710a92d,3c3ee475d139c50b2ef29d677bdfafc8f3d576d8b3332594319f581e221af7f6,1.0,95857bda129266e9,ok,693.4785118085418,True,True,cluster_01861,val,/home/dheirav/Code/Deepfake_Detection/deepfake-project/dataset_builder/val/ai_generated/flux_topup_000038.jpg
data_sources/ai_generated/FLUX_TopUp/flux_topup_000041.jpg,data_sources/ai_generated/FLUX_TopUp,ai_generated,1024,1024,1.0,JPEG,269251,77e6b2822c6a56b01742eb3f028ebe7b,5419e6011dc345ebbdb39f36f0683cd23ee31421920c57b1175b284d956bf8e2,1.0,916c171bb1f219ae,ok,537.5576609622183,True,True,cluster_01592,val,/home/dheirav/Code/Deepfake_Detection/deepfake-project/dataset_builder/val/ai_generated/flux_topup_000041.jpg
data_sources/ai_generated/FLUX_TopUp/flux_topup_000042.jpg,data_sources/ai_generated/FLUX_TopUp,ai_generated,1024,1024,1.0,JPEG,654337,2764650e9b886fae512e093ea546ef2c,a89c1beaff76846b036f3e68a7522825f799b94bd97b4b81cf2278643094b238,1.0,8c8d9a5c749b61d6,ok,2134.326027223011,True,True,cluster_00006,val,/home/dheirav/Code/Deepfake_Detection/deepfake-project/dataset_builder/val/ai_generated/flux_topup_000042.jpg
data_sources/ai_generated/FLUX_TopUp/flux_topup_000043.jpg,data_sources/ai_generated/FLUX_TopUp,ai_generated,1024,1024,1.0,JPEG,543767,261dd510569d1b99cd716f9c5dc4cb25,57622b003edb284cabf78034d34428a21237a98a8762184bab3444cf540108af,1.0,8cdf8f8384f2158b,ok,3418.274136314576,True,True,cluster_00076,val,/home/dheirav/Code/Deepfake_Detection/deepfake-project/dataset_builder/val/ai_generated/flux_topup_000043.jpg
data_sources/ai_generated/FLUX_TopUp/flux_topup_000052.jpg,data_sources/ai_generated/FLUX_TopUp,ai_generated,1024,1024,1.0,JPEG,480634,2ef8900f04472a2f257036f44f139f4c,bb4e101f51de43cae481e3d52d546bc624c4e46f6d741f2700cfc3159d9e6e95,1.0,988787f06e6519b5,ok,4626.257254148482,True,True,cluster_00247,val,/home/dheirav/Code/Deepfake_Detection/deepfake-project/dataset_builder/val/ai_generated/flux_topup_000052.jpg
data_sources/ai_generated/FLUX_TopUp/flux_topup_000056.jpg,data_sources/ai_generated/FLUX_TopUp,ai_generated,1024,1024,1.0,JPEG,348799,d362d8086fbe11a2598dd79a5dc88e8a,93f9e9556a69f4b3dc66f2a179a0d0db626706dde483b0c4ab0ee26abb699777,1.0,9689a2e2e9b46fa4,ok,1294.0925594606367,True,True,cluster_00963,val,/home/dheirav/Code/Deepfake_Detection/deepfake-project/dataset_builder/val/ai_generated/flux_topup_000056.jpg
data_sources/ai_generated/FLUX_TopUp/flux_topup_000059.jpg,data_sources/ai_generated/FLUX_TopUp,ai_generated,1024,1024,1.0,JPEG,393495,b349a413b7f54541f24d8f681d3b6554,49b7d8a2e37a834f8f4e195c6d11af31bf80d85aed9c5fd2a8d852a654164159,1.0,da396961a6c60edc,ok,2800.540628106282,True,True,cluster_00699,val,/home/dheirav/Code/Deepfake_Detection/deepfake-project/dataset_builder/val/ai_generated/flux_topup_000059.jpg
data_sources/ai_generated/FLUX_TopUp/flux_topup_000063.jpg,data_sources/ai_generated/FLUX_TopUp,ai_generated,1024,1024,1.0,JPEG,582270,c52db76d4f4be9b36cc21e5d8ed0b809,097bf7554f2c6101eebadd194b13c1c838776dd7c4e613fada6593b8ee10492a,1.0,a0bac5d597ca1a2e,ok,6151.942282021146,True,True,cluster_00036,val,/home/dheirav/Code/Deepfake_Detection/deepfake-project/dataset_builder/val/ai_generated/flux_topup_000063.jpg
data_sources/ai_generated/FLUX_TopUp/flux_topup_000065.jpg,data_sources/ai_generated/FLUX_TopUp,ai_generated,1024,1024,1.0,JPEG,242209,030f1e192f3a6bf4ad251522ad12d576,6ed43d125fd9806cffdd3c9c70a422ade6786c3401e50432b0be3edae688f117,1.0,c0cce0e57ca9abe8,ok,290.2873321410115,True,True,cluster_01829,val,/home/dheirav/Code/Deepfake_Detection/deepfake-project/dataset_builder/val/ai_generated/flux_topup_000065.jpg
data_sources/ai_generated/FLUX_TopUp/flux_topup_000070.jpg,data_sources/ai_generated/FLUX_TopUp,ai_generated,1024,1024,1.0,JPEG,505718,c5ecfd088bc7ecae8504eb31487c3371,7c72cdc074467b64c9e54505736b6b1f85ec5ee8ed07e82aa234de2953dcf3b1,1.0,d98f8a4832d0d7d6,ok,3914.6852003055533,True,True,cluster_00152,val,/home/dheirav/Code/Deepfake_Detection/deepfake-project/dataset_builder/val/ai_generated/flux_topup_000070.jpg
data_sources/ai_generated/FLUX_TopUp/flux_topup_000071.jpg,data_sources/ai_generated/FLUX_TopUp,ai_generated,1024,1024,1.0,JPEG,503693,f07f8e6ec0e5322ecf443e57d2f9718e,9892447d03ab3efd7507f9e6d55e537f17bcf6004e1839ab9d312c3e1de9b2b8,1.0,d1f1c8d678d148e9,ok,2980.7479562242497,True,True,cluster_00158,val,/home/dheirav/Code/Deepfake_Detection/deepfake-project/dataset_builder/val/ai_generated/flux_topup_000071.jpg
data_sources/ai_generated/FLUX_TopUp/flux_topup_000077.jpg,data_sources/ai_generated/FLUX_TopUp,ai_generated,1024,1024,1.0,JPEG,372676,3b878bab8f93d1138510bef6509ea0be,e5b5859b6244b19b488f32c9fd6c0f2162d521856bd1f47ff724cbecb8a5313a,1.0,999b4cd83a9d32d1,ok,960.6434458812253,True,True,cluster_00813,val,/home/dheirav/Code/Deepfake_Detection/deepfake-project/dataset_builder/val/ai_generated/flux_topup_000077.jpg
data_sources/ai_generated/FLUX_TopUp/flux_topup_000078.jpg,data_sources/ai_generated/FLUX_TopUp,ai_generated,1024,1024,1.0,JPEG,554905,ed8b990511469d65d9070ce14e0ceb78,156af0b42266e85a439a4471a7458d13ad7725be2bd69756acd7d62019fb0024,1.0,99b6fca52c714253,ok,5132.798911685066,True,True,cluster_00058,val,/home/dheirav/Code/Deepfake_Detection/deepfake-project/dataset_builder/val/ai_generated/flux_topup_000078.jpg
data_sources/ai_generated/FLUX_TopUp/flux_topup_000083.jpg,data_sources/ai_generated/FLUX_TopUp,ai_generated,1024,1024,1.0,JPEG,557591,f605523706d6c4668cd23ccf2390d3ad,44d918748f6d413f0d30d89cd1dfb5ce5c6fa9e73b74f9b6a52dcd04c0dc4eda,1.0,c1ceb1f1f0a5bc24,ok,5448.958913398061,True,True,cluster_00053,val,/home/dheirav/Code/Deepfake_Detection/deepfake-project/dataset_builder/val/ai_generated/flux_topup_000083.jpg
data_sources/ai_generated/FLUX_TopUp/flux_topup_000084.jpg,data_sources/ai_generated/FLUX_TopUp,ai_generated,1024,1024,1.0,JPEG,495296,f9792e25c0348398fe7563d54f7d1040,6d5de6311eec79a3bcfe811bd7c41455b2945846fb468c4d21ea9af00491ecf2,1.0,ede20318ddb123cb,ok,4484.66198493674,True,True,cluster_00193,val,/home/dheirav/Code/Deepfake_Detection/deepfake-project/dataset_builder/val/ai_generated/flux_topup_000084.jpg
data_sources/ai_generated/FLUX_TopUp/flux_topup_000086.jpg,data_sources/ai_generated/FLUX_TopUp,ai_generated,1024,1024,1.0,JPEG,362541,5a452debe3d6ca774bbf5238a977b694,6da9e348770111aa285ba785ae43c06a152506531fdff3a52654073365cfecd3,1.0,99e2f0ce3519269e,ok,1755.3612902620225,True,True,cluster_00886,val,/home/dheirav/Code/Deepfake_Detection/deepfake-project/dataset_builder/val/ai_generated/flux_topup_000086.jpg
data_sources/ai_generated/FLUX_TopUp/flux_topup_000087.jpg,data_sources/ai_generated/FLUX_TopUp,ai_generated,1024,1024,1.0,JPEG,382371,2c275415c3adf2cbe018633928b0527d,8628c9d9b266f4401db9f8ccddc7e9640702463c4d05c4c1fddcd8f81bee5425,1.0,99cc6c3627713437,ok,2419.534574421264,True,True,cluster_00767,val,/home/dheirav/Code/Deepfake_Detection/deepfake-project/dataset_builder/val/ai_generated/flux_topup_000087.jpg
data_sources/ai_generated/FLUX_TopUp/flux_topup_000093.jpg,data_sources/ai_generated/FLUX_TopUp,ai_generated,1024,1024,1.0,JPEG,424434,42818f13869a1964ab4d1cdc5424bc89,93a76595798453ea7bd5991b6ddc0f861aa6fd764f11f7913f2876bfcdd72d8e,1.0,878793caae52e1d4,ok,1364.168758755768,True,True,cluster_00521,val,/home/dheirav/Code/Deepfake_Detection/deepfake-project/dataset_builder/val/ai_generated/flux_topup_000093.jpg
data_sources/ai_generated/FLUX_TopUp/flux_topup_000096.jpg,data_sources/ai_generated/FLUX_TopUp,ai_generated,1024,1024,1.0,JPEG,349259,87c0c6b35cba2b010049e7955eea632b,683d6e277180152c707634c30336feaa0bb641c36a2432a88fc133346382cb68,1.0,b9e1cb2c3249970f,ok,4822.265555090442,True,True,cluster_00960,val,/home/dheirav/Code/Deepfake_Detection/deepfake-project/dataset_builder/val/ai_generated/flux_topup_000096.jpg
data_sources/ai_generated/FLUX_TopUp/flux_topup_000098.jpg,data_sources/ai_generated/FLUX_TopUp,ai_generated,1024,1024,1.0,JPEG,309537,d92a2e8bdf063cd90434b54bf314e983,165407e497494d67e1a95cfe4e52147f74dcd1eef40eb27f813046ac7ea4ce31,1.0,f9ff1f600458429b,ok,540.2287372352794,True,True,cluster_01263,val,/home/dheirav/Code/Deepfake_Detection/deepfake-project/dataset_builder/val/ai_generated/flux_topup_000098.jpg
data_sources/ai_generated/FLUX_TopUp/flux_topup_000103.jpg,data_sources/ai_generated/FLUX_TopUp,ai_generated,1024,1024,1.0,JPEG,448508,3057bc847470899a6db43c429ffcd8b1,7571a59696f6adf89464923f544cf4ab3728f77ef910a4b55355f8296d4ae27b,1.0,98332c64c6cce6cf,ok,3721.8266087018565,True,True,cluster_00384,val,/home/dheirav/Code/Deepfake_Detection/deepfake-project/dataset_builder/val/ai_generated/flux_topup_000103.jpg
data_sources/ai_generated/FLUX_TopUp/flux_topup_000106.jpg,data_sources/ai_generated/FLUX_TopUp,ai_generated,1024,1024,1.0,JPEG,413301,af7d9635efab8f010ef8e56c3b9389fb,e6454157568f712908a7081d1e576f77e5d0bac123ed2f081e68676dd40e4d9c,1.0,b2fa0d4d9c23cd32,ok,1286.6176385867254,True,True,cluster_00580,val,/home/dheirav/Code/Deepfake_Detection/deepfake-project/dataset_builder/val/ai_generated/flux_topup_000106.jpg
data_sources/ai_generated/FLUX_TopUp/flux_topup_000111.jpg,data_sources/ai_generated/FLUX_TopUp,ai_generated,1024,1024,1.0,JPEG,479281,724b88e5eccf3cf2a786114a82d28d8f,c77355ecf950c90bf759dcf79b88fc7ecb0fb6b39b93ab40eb2bdba00bdba3ca,1.0,9b4687e0bf548176,ok,3070.751381869656,True,True,cluster_00251,val,/home/dheirav/Code/Deepfake_Detection/deepfake-project/dataset_builder/val/ai_generated/flux_topup_000111.jpg
data_sources/ai_generated/FLUX_TopUp/flux_topup_000112.jpg,data_sources/ai_generated/FLUX_TopUp,ai_generated,1024,1024,1.0,JPEG,247110,da4b205f9e4712817198d653a081da9f,ceb97971dacf389d714fa5e16f1497c489165af7514f8cb0f31d56aacc9f2a71,1.0,e9d994368272d92d,ok,449.3821911666881,True,True,cluster_01787,val,/home/dheirav/Code/Deepfake_Detection/deepfake-project/dataset_builder/val/ai_generated/flux_topup_000112.jpg
data_sources/ai_generated/FLUX_TopUp/flux_topup_000114.jpg,data_sources/ai_generated/FLUX_TopUp,ai_generated,1024,1024,1.0,JPEG,468508,ec904e5afd5565a2b98fe0a46783727b,150773b6262eabaaeaf271e657cc33311ce84eec0ce7f6ded03b3ed5bbaa82f5,1.0,aafad4858d4719d1,ok,3589.5345950258447,True,True,cluster_00294,val,/home/dheirav/Code/Deepfake_Detection/deepfake-project/dataset_builder/val/ai_generated/flux_topup_000114.jpg
data_sources/ai_generated/FLUX_TopUp/flux_topup_000117.jpg,data_sources/ai_generated/FLUX_TopUp,ai_generated,1024,1024,1.0,JPEG,406339,afc3c0273511c93ef344d47d818db351,5986ae0690c05db94d53f7444b19bfa6bb003ea91d11383757af30c806400205,1.0,edf990466ba91594,ok,3201.7620541155834,True,True,cluster_00628,val,/home/dheirav/Code/Deepfake_Detection/deepfake-project/dataset_builder/val/ai_generated/flux_topup_000117.jpg
data_sources/ai_generated/FLUX_TopUp/flux_topup_000120.jpg,data_sources/ai_generated/FLUX_TopUp,ai_generated,1024,1024,1.0,JPEG,537700,c4a0f60b7ae69ae83c29baab4ace5770,a7a2d40456f90f0fe37e168793dd3abe7e961a58b91afcea36d23819e9d8d891,1.0,8cb796646f89721c,ok,3391.096858898842,True,True,cluster_00085,val,/home/dheirav/Code/Deepfake_Detection/deepfake-project/dataset_builder/val/ai_generated/flux_topup_000120.jpg
data_sources/ai_generated/FLUX_TopUp/flux_topup_000121.jpg,data_sources/ai_generated/FLUX_TopUp,ai_generated,1024,1024,1.0,JPEG,416715,60ab9fddcf16b7932416bdc9e91855d5,061eb2260fd04386feb747d7cf14e3133f4c10bdec2fa2862560e9f4fcb9cc0d,1.0,d9f1022cad8e2d73,ok,1434.0692740288928,True,True,cluster_00560,val,/home/dheirav/Code/Deepfake_Detection/deepfake-project/dataset_builder/val/ai_generated/flux_topup_000121.jpg
data_sources/ai_generated/FLUX_TopUp/flux_topup_000122.jpg,data_sources/ai_generated/FLUX_TopUp,ai_generated,1024,1024,1.0,JPEG,443651,9581ac1de1b5e90bddbadd77b06e2cb5,b41a7ce4fcd3c970e9c0e919f764841e0bef04f68d027819307f624b462959d1,1.0,d09a941f1e95d83d,ok,2257.552681887616,True,True,cluster_00406,val,/home/dheirav/Code/Deepfake_Detection/deepfake-project/dataset_builder/val/ai_generated/flux_topup_000122.jpg
data_sources/ai_generated/FLUX_TopUp/flux_topup_000125.jpg,data_sources/ai_generated/FLUX_TopUp,ai_generated,1024,1024,1.0,JPEG,364824,89a090655216e5f7255af0a08e2ba56d,a4782df976c7820a0e6f772ae297e4e666722601564a182664853364e19fd6ae,1.0,b0abcb1dc974702d,ok,2241.3530901860067,True,True,cluster_00869,val,/home/dheirav/Code/Deepfake_Detection/deepfake-project/dataset_builder/val/ai_generated/flux_topup_000125.jpg
data_sources/ai_generated/FLUX_TopUp/flux_topup_000126.jpg,data_sources/ai_generated/FLUX_TopUp,ai_generated,1024,1024,1.0,JPEG,457941,c8af3b6dbefb6580245af972dad98de9,93ba83822699ea06580b688ca9564ca14b75f2d1fc291c44b007555da5417765,1.0,ee7d16713d22419c,ok,1488.5180387196597,True,True,cluster_00342,val,/home/dheirav/Code/Deepfake_Detection/deepfake-project/dataset_builder/val/ai_generated/flux_topup_000126.jpg
data_sources/ai_generated/FLUX_TopUp/flux_topup_000127.jpg,data_sources/ai_generated/FLUX_TopUp,ai_generated,1024,1024,1.0,JPEG,392515,0a9fcc038a9766bf5e765d6ba76fcd95,890bdd07ed63b9a41459c9081147af96f37cf0e662153ffccb5138f32495dd1a,1.0,9d598217f1853cf2,ok,1024.9727545116873,True,True,cluster_00704,val,/home/dheirav/Code/Deepfake_Detection/deepfake-project/dataset_builder/val/ai_generated/flux_topup_000127.jpg
data_sources/ai_generated/FLUX_TopUp/flux_topup_000128.jpg,data_sources/ai_generated/FLUX_TopUp,ai_generated,1024,1024,1.0,JPEG,397068,fd237c44da47c3a0b0e3ba810e58fafb,c807786b19142b501d8c9c4749399a2bb91470e6259f4dd1fc6a7c4dc0e9d430,1.0,999998b562a82ddd,ok,823.1940350453331,True,True,cluster_00676,val,/home/dheirav/Code/Deepfake_Detection/deepfake-project/dataset_builder/val/ai_generated/flux_topup_000128.jpg
data_sources/ai_generated/FLUX_TopUp/flux_topup_000134.jpg,data_sources/ai_generated/FLUX_TopUp,ai_generated,1024,1024,1.0,JPEG,411110,f5101755d2081ba645357f89332a02c1,356fd4c0a81decc70b21603adfe2491cae614e970751ad21c14bbddf862fc3a4,1.0,81d13a55a9bf71d0,ok,1737.4288452804176,True,True,cluster_00599,val,/home/dheirav/Code/Deepfake_Detection/deepfake-project/dataset_builder/val/ai_generated/flux_topup_000134.jpg
data_sources/ai_generated/FLUX_TopUp/flux_topup_000135.jpg,data_sources/ai_generated/FLUX_TopUp,ai_generated,1024,1024,1.0,JPEG,364520,9bf776761d73529fe5d210030dff53fb,a3dd25dcfb2b81469b50d6c17513f191ee9e983b0c2190a00b7769d0d18506e7,1.0,922fa7db7864609c,ok,1491.4247966855764,True,True,cluster_00872,val,/home/dheirav/Code/Deepfake_Detection/deepfake-project/dataset_builder/val/ai_generated/flux_topup_000135.jpg
data_sources/ai_generated/FLUX_TopUp/flux_topup_000139.jpg,data_sources/ai_generated/FLUX_TopUp,ai_generated,1024,1024,1.0,JPEG,418628,68b43588cda04a74cea6a73f78be087f,580fd4c0b08b6067539405287091defd5de01116163a58097354e2dfe202a37d,1.0,8b291e2c63dae5c3,ok,1674.6292839934385,True,True,cluster_00552,val,/home/dheirav/Code/Deepfake_Detection/deepfake-project/dataset_builder/val/ai_generated/flux_topup_000139.jpg
data_sources/ai_generated/FLUX_TopUp/flux_topup_000141.jpg,data_sources/ai_generated/FLUX_TopUp,ai_generated,1024,1024,1.0,JPEG,403681,3b820352bb0152edb9e5f692bc544cab,168014681883c4cd43d3d240a8bfb7503be41012979b5eb82369a3a5a7770fb2,1.0,889535cac8f4675b,ok,1487.8312071845721,True,True,cluster_00642,val,/home/dheirav/Code/Deepfake_Detection/deepfake-project/dataset_builder/val/ai_generated/flux_topup_000141.jpg
data_sources/ai_generated/FLUX_TopUp/flux_topup_000144.jpg,data_sources/ai_generated/FLUX_TopUp,ai_generated,1024,1024,1.0,JPEG,546210,4af6be312d3a12a652922da74a1ab72a,312e46e5b28250376a0643b4b7bd978feca2043663a8c8a0021de457dc13ee3e,1.0,90b0d0d876dadf07,ok,3564.0819611745897,True,True,cluster_00072,val,/home/dheirav/Code/Deepfake_Detection/deepfake-project/dataset_builder/val/ai_generated/flux_topup_000144.jpg
data_sources/ai_generated/FLUX_TopUp/flux_topup_000147.jpg,data_sources/ai_generated/FLUX_TopUp,ai_generated,1024,1024,1.0,JPEG,505387,3e2dbd2cb2ca540b06a24b66c513739d,eb49b61f2cba07f6f9d3bfd4642d5bdd2521f0b9f12e11398742862022d657d3,1.0,d39d7dd292fab000,ok,3534.1488351785506,True,True,cluster_00153,val,/home/dheirav/Code/Deepfake_Detection/deepfake-project/dataset_builder/val/ai_generated/flux_topup_000147.jpg
data_sources/ai_generated/FLUX_TopUp/flux_topup_000153.jpg,data_sources/ai_generated/FLUX_TopUp,ai_generated,1024,1024,1.0,JPEG,524279,d7c0ce01cb650fd756ef659b72360463,23aaa2bb99890133b884f4202549118c018e4568bfd4179c7a8f3d5baff3b7f5,1.0,99c4c0dcf3fb6490,ok,3853.285309775478,True,True,cluster_00112,val,/home/dheirav/Code/Deepfake_Detection/deepfake-project/dataset_builder/val/ai_generated/flux_topup_000153.jpg
data_sources/ai_generated/FLUX_TopUp/flux_topup_000162.jpg,data_sources/ai_generated/FLUX_TopUp,ai_generated,1024,1024,1.0,JPEG,513309,6deb74b6778944c0715ba7e87afc312b,4fb3de8e749ec2bb60363e7702ccbda9597e6a289ea0d0bc73a48c27fe3d7799,1.0,83838f156ddd18f2,ok,3454.213249857056,True,True,cluster_00135,val,/home/dheirav/Code/Deepfake_Detection/deepfake-project/dataset_builder/val/ai_generated/flux_topup_000162.jpg
data_sources/ai_generated/FLUX_TopUp/flux_topup_000174.jpg,data_sources/ai_generated/FLUX_TopUp,ai_generated,1024,1024,1.0,JPEG,435796,da3f36dbdb8a4df55d82da718b34b1e0,88d9f03b8c69739f3c1d9269c18a3d5946c35d4679b3b3e244b464a5bdca6b25,1.0,8c785619a78ee8f2,ok,1646.4476022994495,True,True,cluster_00451,val,/home/dheirav/Code/Deepfake_Detection/deepfake-project/dataset_builder/val/ai_generated/flux_topup_000174.jpg
data_sources/ai_generated/FLUX_TopUp/flux_topup_000175.jpg,data_sources/ai_generated/FLUX_TopUp,ai_generated,1024,1024,1.0,JPEG,513562,b82bf3508b44c87ca31f9d2495e8c8df,7d1be9993f7e1207e3cbd723441b27d5261ad7cac58632e9f53c8fcb890355ee,1.0,89dbd320cc57ee0a,ok,2733.6764859700907,True,True,cluster_00134,val,/home/dheirav/Code/Deepfake_Detection/deepfake-project/dataset_builder/val/ai_generated/flux_topup_000175.jpg
data_sources/ai_generated/FLUX_TopUp/flux_topup_000176.jpg,data_sources/ai_generated/FLUX_TopUp,ai_generated,1024,1024,1.0,JPEG,449760,cb580c7d67ad956bac30bde8ba888ba2,0b68059170522250ce3e74ab9ac80db0989db12b1c5c2722acb37c4799903261,1.0,efef82c0dc33b030,ok,2982.981849516035,True,True,cluster_00375,val,/home/dheirav/Code/Deepfake_Detection/deepfake-project/dataset_builder/val/ai_generated/flux_topup_000176.jpg
data_sources/ai_generated/FLUX_TopUp/flux_topup_000177.jpg,data_sources/ai_generated/FLUX_TopUp,ai_generated,1024,1024,1.0,JPEG,545138,1eb1812f3b0a569ddcaf5200ea9a3f8a,f56c59be34e308864d3eb959e7229de5a450cebad4b7a35b4f0ad6c113329a58,1.0,ecfc93821a9e5839,ok,3488.6048246676783,True,True,cluster_00073,val,/home/dheirav/Code/Deepfake_Detection/deepfake-project/dataset_builder/val/ai_generated/flux_topup_000177.jpg
data_sources/ai_generated/FLUX_TopUp/flux_topup_000178.jpg,data_sources/ai_generated/FLUX_TopUp,ai_generated,1024,1024,1.0,JPEG,531258,34737e098595dd975fc38b77659c4b81,7622eb6fa1f61cbe0dee897fa449028b5ff6bed8b00521f00045d2a75baeda18,1.0,b5657d58229a64ad,ok,1912.6507775468012,True,True,cluster_00101,val,/home/dheirav/Code/Deepfake_Detection/deepfake-project/dataset_builder/val/ai_generated/flux_topup_000178.jpg
data_sources/ai_generated/FLUX_TopUp/flux_topup_000180.jpg,data_sources/ai_generated/FLUX_TopUp,ai_generated,1024,1024,1.0,JPEG,462383,c87354c63be934dd19e6160bfb323458,a44257b11a731a1a4a3798daeffdf4416b2819b6ed52dfd94c9e06bbf2435658,1.0,c6e443f169e9a07a,ok,2241.407882308529,True,True,cluster_00322,val,/home/dheirav/Code/Deepfake_Detection/deepfake-project/dataset_builder/val/ai_generated/flux_topup_000180.jpg
data_sources/ai_generated/FLUX_TopUp/flux_topup_000181.jpg,data_sources/ai_generated/FLUX_TopUp,ai_generated,1024,1024,1.0,JPEG,335879,a04e68ac866331747b4b211afbbc2038,3586e5eb55abd5129433221edd43e0bf996061d6eb8e611c2604f9382f634c20,1.0,91c7078741387e5f,ok,1083.849192495949,True,True,cluster_01055,val,/home/dheirav/Code/Deepfake_Detection/deepfake-project/dataset_builder/val/ai_generated/flux_topup_000181.jpg
data_sources/ai_generated/FLUX_TopUp/flux_topup_000182.jpg,data_sources/ai_generated/FLUX_TopUp,ai_generated,1024,1024,1.0,JPEG,416546,4a752190c7f95f53d3ba804db6e75868,5280e0e65549da7e285bf1e14da746617c1b2aa567fe9f3691688fbd4804b8ca,1.0,d8671fc906fd4107,ok,1494.978844950699,True,True,cluster_00562,val,/home/dheirav/Code/Deepfake_Detection/deepfake-project/dataset_builder/val/ai_generated/flux_topup_000182.jpg
data_sources/ai_generated/FLUX_TopUp/flux_topup_000187.jpg,data_sources/ai_generated/FLUX_TopUp,ai_generated,1024,1024,1.0,JPEG,399804,690967a0e1a9ad176dcfcbb770b6ad46,582e37a6e6f2ce925e238a3ce8778a7ad6434a67fa4339aa8e375e2cbe71f433,1.0,c0e09f776dca8a16,ok,2391.3827790839196,True,True,cluster_00668,val,/home/dheirav/Code/Deepfake_Detection/deepfake-project/dataset_builder/val/ai_generated/flux_topup_000187.jpg
data_sources/ai_generated/FLUX_TopUp/flux_topup_000190.jpg,data_sources/ai_generated/FLUX_TopUp,ai_generated,1024,1024,1.0,JPEG,548216,1d294fe305a8a99d17bbf518e8e12a91,ad0bc59383907d6e587719a36a481b3c34f7617c0292ee70c6ef9125eaa0c171,1.0,85ac98ce939e3c33,ok,2580.9316456395272,True,True,cluster_00067,val,/home/dheirav/Code/Deepfake_Detection/deepfake-project/dataset_builder/val/ai_generated/flux_topup_000190.jpg
data_sources/ai_generated/FLUX_TopUp/flux_topup_000192.jpg,data_sources/ai_generated/FLUX_TopUp,ai_generated,1024,1024,1.0,JPEG,456124,5eec5b8de9e98c439a8436b59a78adaf,9ee00db3240d78cd18b1b77db6f192ca7e6d373d91b50479fd5a9384debb5df5,1.0,c0c084f137fe2bda,ok,3684.0065473862905,True,True,cluster_00347,val,/home/dheirav/Code/Deepfake_Detection/deepfake-project/dataset_builder/val/ai_generated/flux_topup_000192.jpg
data_sources/ai_generated/FLUX_TopUp/flux_topup_000210.jpg,data_sources/ai_generated/FLUX_TopUp,ai_generated,1024,1024,1.0,JPEG,504719,3b3e0844dbe69a3077c7c1247d458536,1b7b8aec46d9e791526510c1217ea817561904ece95a21d636132dfa470fb007,1.0,939d6559e55d31c0,ok,1694.396950761452,True,True,cluster_00154,val,/home/dheirav/Code/Deepfake_Detection/deepfake-project/dataset_builder/val/ai_generated/flux_topup_000210.jpg
data_sources/ai_generated/FLUX_TopUp/flux_topup_000224.jpg,data_sources/ai_generated/FLUX_TopUp,ai_generated,1024,1024,1.0,JPEG,245727,cc2a3c8f469b5021135e46c18b7a0650,5874ec8e913ea268e03259842feafd9b9145b45e465ad9d65d2703a7e6ccf390,1.0,c49d296b63e6ac52,ok,420.547452193161,True,True,cluster_01801,val,/home/dheirav/Code/Deepfake_Detection/deepfake-project/dataset_builder/val/ai_generated/flux_topup_000224.jpg
data_sources/ai_generated/FLUX_TopUp/flux_topup_000227.jpg,data_sources/ai_generated/FLUX_TopUp,ai_generated,1024,1024,1.0,JPEG,302705,2e6a78db76d6fe39f3375159b5ffae9e,dc6cc9e7bc8c7b3db269d625793f264754dc1dbd02998d5ddc812449e42a9c84,1.0,ca321af2c09d7b3c,ok,1576.814687441623,True,True,cluster_01323,val,/home/dheirav/Code/Deepfake_Detection/deepfake-project/dataset_builder/val/ai_generated/flux_topup_000227.jpg
data_sources/ai_generated/FLUX_TopUp/flux_topup_000236.jpg,data_sources/ai_generated/FLUX_TopUp,ai_generated,1024,1024,1.0,JPEG,275421,861916590e9e8536d1724ce729965a86,b414b5a90a6ae0aa1717bc9a19610af34c66f1c97b9b111f77547139c0442021,1.0,a4cc18b3fbb2cc98,ok,583.9125111899193,True,True,cluster_01541,val,/home/dheirav/Code/Deepfake_Detection/deepfake-project/dataset_builder/val/ai_generated/flux_topup_000236.jpg
data_sources/ai_generated/FLUX_TopUp/flux_topup_000237.jpg,data_sources/ai_generated/FLUX_TopUp,ai_generated,1024,1024,1.0,JPEG,238632,a6996a039cd952c5eedbec37a08c6d17,7f922c1c2e0dce678985b45410dae1ae39c4525f02aa193de3d2ec58e45cae28,1.0,cc58f661daf001f3,ok,1118.880597236507,True,True,cluster_01870,val,/home/dheirav/Code/Deepfake_Detection/deepfake-project/dataset_builder/val/ai_generated/flux_topup_000237.jpg
data_sources/ai_generated/FLUX_TopUp/flux_topup_000240.jpg,data_sources/ai_generated/FLUX_TopUp,ai_generated,1024,1024,1.0,JPEG,353663,b48cb7b88a83d31af9df759d634b76ef,9ad4f3dbd9f8b9590a99a1b807324b13c04378aa5494773cd6a64bd4877af003,1.0,ee63099483ce1b5b,ok,1871.3844297642777,True,True,cluster_00931,val,/home/dheirav/Code/Deepfake_Detection/deepfake-project/dataset_builder/val/ai_generated/flux_topup_000240.jpg
data_sources/ai_generated/FLUX_TopUp/flux_topup_000248.jpg,data_sources/ai_generated/FLUX_TopUp,ai_generated,1024,1024,1.0,JPEG,312678,9987569e2fe374da7ff8f0aa53b0235b,4a0df5f4f6631aadd2a648d3f0c1da8319da22e69f4107a157dde618a65167c3,1.0,f24d0f8773896487,ok,2863.0939997512573,True,True,cluster_01231,val,/home/dheirav/Code/Deepfake_Detection/deepfake-project/dataset_builder/val/ai_generated/flux_topup_000248.jpg
data_sources/ai_generated/FLUX_TopUp/flux_topup_000249.jpg,data_sources/ai_generated/FLUX_TopUp,ai_generated,1024,1024,1.0,JPEG,412265,45d5995b1de74ae4ca470e8f5d76ea51,166e7c721c6f35ad5014a58f94a0b4c0a0a7f29da1237b4d84ba25fdb887f3ab,1.0,d7c481a3bce34c1e,ok,2046.5230037350557,True,True,cluster_00591,val,/home/dheirav/Code/Deepfake_Detection/deepfake-project/dataset_builder/val/ai_generated/flux_topup_000249.jpg
data_sources/ai_generated/FLUX_TopUp/flux_topup_000250.jpg,data_sources/ai_generated/FLUX_TopUp,ai_generated,1024,1024,1.0,JPEG,251699,127453e6df87ccfdfdd717021fb97fa3,95efc81d088f571a2c7e066f8018fbe22c2f7fb4bf76caaca2ea253a90ec2981,1.0,ead1856a35c4629f,ok,763.1657414757065,True,True,cluster_01746,val,/home/dheirav/Code/Deepfake_Detection/deepfake-project/dataset_builder/val/ai_generated/flux_topup_000250.jpg
data_sources/ai_generated/FLUX_TopUp/flux_topup_000259.jpg,data_sources/ai_generated/FLUX_TopUp,ai_generated,1024,1024,1.0,JPEG,240381,f5fa16c3fee80af8fb0c97c0f8d5fc04,9720397bb9a59c3b298589ecf991a72bb81a5491c17f47101a021641e3035c28,1.0,e7d49a698413bce1,ok,1666.6217668791714,True,True,cluster_01851,val,/home/dheirav/Code/Deepfake_Detection/deepfake-project/dataset_builder/val/ai_generated/flux_topup_000259.jpg
data_sources/ai_generated/FLUX_TopUp/flux_topup_000260.jpg,data_sources/ai_generated/FLUX_TopUp,ai_generated,1024,1024,1.0,JPEG,265681,1491729d7b584b2c423c67d17c766f2e,30304f6a97f455aa56e72ee1bb8fd23e7ced12b13a84924890b3e909236d6efb,1.0,c1c0c5cac7fa84fa,ok,1292.6658088112854,True,True,cluster_01625,val,/home/dheirav/Code/Deepfake_Detection/deepfake-project/dataset_builder/val/ai_generated/flux_topup_000260.jpg
data_sources/ai_generated/FLUX_TopUp/flux_topup_000261.jpg,data_sources/ai_generated/FLUX_TopUp,ai_generated,1024,1024,1.0,JPEG,232093,ec6466758e5a97cc02485467cec45b48,7d3844ce6507d0604f4248e25fc8c67c91a03703d98209f1957f24b1fb6ddb2e,1.0,c5d25373248cc75e,ok,586.4958474168088,True,True,cluster_01920,val,/home/dheirav/Code/Deepfake_Detection/deepfake-project/dataset_builder/val/ai_generated/flux_topup_000261.jpg
data_sources/ai_generated/FLUX_TopUp/flux_topup_000266.jpg,data_sources/ai_generated/FLUX_TopUp,ai_generated,1024,1024,1.0,JPEG,348931,e841b6583f0f18f2be8cadd7b31de232,fd5e0933cf183934859865d8ffb7e29b290aa5eff7689d5aa7c7a90818530f5f,1.0,93c8c23b68f496e3,ok,1479.4576765051895,True,True,cluster_00962,val,/home/dheirav/Code/Deepfake_Detection/deepfake-project/dataset_builder/val/ai_generated/flux_topup_000266.jpg
data_sources/ai_generated/FLUX_TopUp/flux_topup_000267.jpg,data_sources/ai_generated/FLUX_TopUp,ai_generated,1024,1024,1.0,JPEG,263956,dc36797968bce5afe3da7d74297e45f9,06f4f66ba600081eff77b6f9abb49acb9b3bcc23be98e6c36ee706cc8b1d0078,1.0,c7823fe8ac3d6348,ok,1119.5978178358055,True,True,cluster_01644,val,/home/dheirav/Code/Deepfake_Detection/deepfake-project/dataset_builder/val/ai_generated/flux_topup_000267.jpg
data_sources/ai_generated/FLUX_TopUp/flux_topup_000272.jpg,data_sources/ai_generated/FLUX_TopUp,ai_generated,1024,1024,1.0,JPEG,247410,34195abb33bf9551f144ed00f8eec66e,b1062b6f30f41040b612edf015eb5e84f43293fb90adfeb1dc8d829e59dfad43,1.0,838c687e61cd5e9a,ok,783.9795373310187,True,True,cluster_01784,val,/home/dheirav/Code/Deepfake_Detection/deepfake-project/dataset_builder/val/ai_generated/flux_topup_000272.jpg
data_sources/ai_generated/FLUX_TopUp/flux_topup_000274.jpg,data_sources/ai_generated/FLUX_TopUp,ai_generated,1024,1024,1.0,JPEG,250684,ffa654de0a7e16e75b4b63a475b6369c,db40bc02456892274d20c70590055c1598b8791cf987f2fe089fbb5e5a514e05,1.0,895be260db4b7c8c,ok,1070.3064279960818,True,True,cluster_01758,val,/home/dheirav/Code/Deepfake_Detection/deepfake-project/dataset_builder/val/ai_generated/flux_topup_000274.jpg
data_sources/ai_generated/FLUX_TopUp/flux_topup_000277.jpg,data_sources/ai_generated/FLUX_TopUp,ai_generated,1024,1024,1.0,JPEG,260828,841e6d14b7afface4b82bbc76677edc0,236e898edc27c6682826aa92b8b23303ce330e026e3414daddc4384f737acf0f,1.0,8dda6235618ed29e,ok,1304.3059439256865,True,True,cluster_01666,val,/home/dheirav/Code/Deepfake_Detection/deepfake-project/dataset_builder/val/ai_generated/flux_topup_000277.jpg
data_sources/ai_generated/FLUX_TopUp/flux_topup_000280.jpg,data_sources/ai_generated/FLUX_TopUp,ai_generated,1024,1024,1.0,JPEG,284893,3afb3341cddbfe78e9e4533e19ea39e8,295acca7a6f60a3ce72b19340f9cfcbe95511ded1d3671ec7ed2d8c46384dd77,1.0,964e6dc41bb1c62d,ok,809.5973478758813,True,True,cluster_01468,val,/home/dheirav/Code/Deepfake_Detection/deepfake-project/dataset_builder/val/ai_generated/flux_topup_000280.jpg
data_sources/ai_generated/FLUX_TopUp/flux_topup_000281.jpg,data_sources/ai_generated/FLUX_TopUp,ai_generated,1024,1024,1.0,JPEG,238606,442307e693f0a2c7480299c1b04e69e1,49a170b2942f175caed2e08b2f4a38a8e840ee82a0c709e7808d1529077ccd48,1.0,d49f53bc3c354918,ok,1114.8332924508932,True,True,cluster_01871,val,/home/dheirav/Code/Deepfake_Detection/deepfake-project/dataset_builder/val/ai_generated/flux_topup_000281.jpg
data_sources/ai_generated/FLUX_TopUp/flux_topup_000286.jpg,data_sources/ai_generated/FLUX_TopUp,ai_generated,1024,1024,1.0,JPEG,356920,9b9159a27fd73e671ede4270d7e739bf,921d1aa2a9f5a81f21c692697501b382dd101611c0ab4fe1c7b4d80f30c136ac,1.0,fb10956ae9276cc4,ok,2093.387153610587,True,True,cluster_00916,val,/home/dheirav/Code/Deepfake_Detection/deepfake-project/dataset_builder/val/ai_generated/flux_topup_000286.jpg
data_sources/ai_generated/FLUX_TopUp/flux_topup_000290.jpg,data_sources/ai_generated/FLUX_TopUp,ai_generated,1024,1024,1.0,JPEG,277356,2bf8dcaedd9c620e62214b1792e57b03,cf54e7f5ad5208b0c59e1f53a235c5ff6a40a8365e4b22aa0f3e0756828f2032,1.0,c00d3f72e187cf98,ok,835.6228470220219,True,True,cluster_01528,val,/home/dheirav/Code/Deepfake_Detection/deepfake-project/dataset_builder/val/ai_generated/flux_topup_000290.jpg
data_sources/ai_generated/FLUX_TopUp/flux_topup_000291.jpg,data_sources/ai_generated/FLUX_TopUp,ai_generated,1024,1024,1.0,JPEG,247682,ae3ac56a597b3fbbd143ca71768e66b1,214a57e762fbf3ab879851065d211221399bdb3117a245edc7fcaf9f043f0dab,1.0,f4877dcc9c546292,ok,91.61869517448847,True,True,cluster_01780,val,/home/dheirav/Code/Deepfake_Detection/deepfake-project/dataset_builder/val/ai_generated/flux_topup_000291.jpg
data_sources/ai_generated/FLUX_TopUp/flux_topup_000298.jpg,data_sources/ai_generated/FLUX_TopUp,ai_generated,1024,1024,1.0,JPEG,249731,61654dbb743195b476aeefe357556596,08091099d727d51a05900cb1019ed6089adc40698abf77db9064dc3b04efb534,1.0,d30d2df3c21c7266,ok,400.4704714043619,True,True,cluster_01761,val,/home/dheirav/Code/Deepfake_Detection/deepfake-project/dataset_builder/val/ai_generated/flux_topup_000298.jpg
data_sources/ai_generated/FLUX_TopUp/flux_topup_000307.jpg,data_sources/ai_generated/FLUX_TopUp,ai_generated,1024,1024,1.0,JPEG,313178,3e1bf5c4b121f7a0330e033b8b326cda,8221673f31cdae5a30b51448d7d4a8b6ce4e4c12a09153e147eab2c1996e9dc0,1.0,e59f1ad271cb6085,ok,427.87095714078805,True,True,cluster_01226,val,/home/dheirav/Code/Deepfake_Detection/deepfake-project/dataset_builder/val/ai_generated/flux_topup_000307.jpg
data_sources/ai_generated/FLUX_TopUp/flux_topup_000312.jpg,data_sources/ai_generated/FLUX_TopUp,ai_generated,1024,1024,1.0,JPEG,317798,3bdeecd108dca44d020cc72ad04f78df,c7fe5d9485d9468a2621bd49ebb9b5ef2ff705958968f8b5c790a7dce15d33c3,1.0,c6933be468f2f089,ok,980.0512740937766,True,True,cluster_01191,val,/home/dheirav/Code/Deepfake_Detection/deepfake-project/dataset_builder/val/ai_generated/flux_topup_000312.jpg
data_sources/ai_generated/FLUX_TopUp/flux_topup_000314.jpg,data_sources/ai_generated/FLUX_TopUp,ai_generated,1024,1024,1.0,JPEG,291496,fc806603b1b35c3afeb48518a8dc885d,5f73172fb0f0e34cb889967c27e38255fc77325aeb277726f27a7980e87355e6,1.0,e7e7519a62c16a86,ok,615.2375070948538,True,True,cluster_01409,val,/home/dheirav/Code/Deepfake_Detection/deepfake-project/dataset_builder/val/ai_generated/flux_topup_000314.jpg
data_sources/ai_generated/FLUX_TopUp/flux_topup_000323.jpg,data_sources/ai_generated/FLUX_TopUp,ai_generated,1024,1024,1.0,JPEG,240997,42e779af958c7430c4e9390357a36a16,d574859b54288de6783eb833b2635f61892df29f0f286768b5dadbbb58e82faf,1.0,f71258e96fd430c2,ok,611.179646695833,True,True,cluster_01845,val,/home/dheirav/Code/Deepfake_Detection/deepfake-project/dataset_builder/val/ai_generated/flux_topup_000323.jpg
data_sources/ai_generated/FLUX_TopUp/flux_topup_000330.jpg,data_sources/ai_generated/FLUX_TopUp,ai_generated,1024,1024,1.0,JPEG,294432,5c14e3729caf8ad79c0105ed0626e1a0,0fcde03150624b7bfc74ab6db3ca490edd0bef20db1d168723ae335a1f3d87c2,1.0,fa3e81a1a78d209f,ok,370.8721367634271,True,True,cluster_01384,val,/home/dheirav/Code/Deepfake_Detection/deepfake-project/dataset_builder/val/ai_generated/flux_topup_000330.jpg
data_sources/ai_generated/FLUX_TopUp/flux_topup_000334.jpg,data_sources/ai_generated/FLUX_TopUp,ai_generated,1024,1024,1.0,JPEG,312465,13093afa42773f64203a86ce79f2aeb5,cf7b9a4c42115c5f7d18936e04c88f77b280e687dd815f70e87671bdae903efa,1.0,865636c44a37e9d3,ok,535.6373166989497,True,True,cluster_01235,val,/home/dheirav/Code/Deepfake_Detection/deepfake-project/dataset_builder/val/ai_generated/flux_topup_000334.jpg
data_sources/ai_generated/FLUX_TopUp/flux_topup_000340.jpg,data_sources/ai_generated/FLUX_TopUp,ai_generated,1024,1024,1.0,JPEG,317171,c890bc5a7aad2c46078fa2e32890a24b,6281e514c54da49fc8d1bba402b8a3ae201d77ad03e58236e10d364276ce6688,1.0,d119061c737e7af0,ok,1060.233836172897,True,True,cluster_01195,val,/home/dheirav/Code/Deepfake_Detection/deepfake-project/dataset_builder/val/ai_generated/flux_topup_000340.jpg
data_sources/ai_generated/FLUX_TopUp/flux_topup_000347.jpg,data_sources/ai_generated/FLUX_TopUp,ai_generated,1024,1024,1.0,JPEG,260098,1bd08f8588029c10f81b970cf7502ea9,0308353935eb9867dfd2db57d9255937fb38bc2b662e96c501e8898b6182e64d,1.0,f292815d6dc7846e,ok,268.71680825760996,True,True,cluster_01674,val,/home/dheirav/Code/Deepfake_Detection/deepfake-project/dataset_builder/val/ai_generated/flux_topup_000347.jpg
data_sources/ai_generated/FLUX_TopUp/flux_topup_000375.jpg,data_sources/ai_generated/FLUX_TopUp,ai_generated,1024,1024,1.0,JPEG,277399,4687d4d7193fe5ec4d64c56669a45b79,02114da50fb61a59973db517e77aeb985bf3228d29805d33ae2b8280be017fab,1.0,81702f8735d9da9c,ok,536.933437666964,True,True,cluster_01527,val,/home/dheirav/Code/Deepfake_Detection/deepfake-project/dataset_builder/val/ai_generated/flux_topup_000375.jpg
data_sources/ai_generated/FLUX_TopUp/flux_topup_000377.jpg,data_sources/ai_generated/FLUX_TopUp,ai_generated,1024,1024,1.0,JPEG,301452,97af171d414b097d61ff469da225926f,720d76f7d45d5e24c74e5db0fbab36c351a76bcb6100582cc0b177288b4c55e0,1.0,d5bf4a116b866c8c,ok,314.8464595692603,True,True,cluster_01335,val,/home/dheirav/Code/Deepfake_Detection/deepfake-project/dataset_builder/val/ai_generated/flux_topup_000377.jpg
data_sources/ai_generated/FLUX_TopUp/flux_topup_000381.jpg,data_sources/ai_generated/FLUX_TopUp,ai_generated,1024,1024,1.0,JPEG,234371,d4a57e9e4fba1a76f07275f8390425a7,5aae39870dadbe4555eb4cf82d80ea59c0bfbd91efcf19dd172473bce9517302,1.0,d26f2c7093c936e8,ok,239.8991597009553,True,True,cluster_01903,val,/home/dheirav/Code/Deepfake_Detection/deepfake-project/dataset_builder/val/ai_generated/flux_topup_000381.jpg
data_sources/ai_generated/FLUX_TopUp/flux_topup_000383.jpg,data_sources/ai_generated/FLUX_TopUp,ai_generated,1024,1024,1.0,JPEG,239007,dd92778cf39e3a968adecf9ab0eb5a15,5bbccf602fae118272a42cfabf9d819b3b983c659f4c94c4c6b7ad2f6a5f5431,1.0,f34c1a376960572d,ok,290.78535258595264,True,True,cluster_01866,val,/home/dheirav/Code/Deepfake_Detection/deepfake-project/dataset_builder/val/ai_generated/flux_topup_000383.jpg
data_sources/ai_generated/FLUX_TopUp/flux_topup_000384.jpg,data_sources/ai_generated/FLUX_TopUp,ai_generated,1024,1024,1.0,JPEG,240603,b2e44f661c4509e6ca62371301c48f89,4609321a5f462ba69daea55432f6e1fe92060777e995f4b2f63adea01f9aadc6,1.0,8381c9e64d3d3eb8,ok,302.9918959488267,True,True,cluster_01850,val,/home/dheirav/Code/Deepfake_Detection/deepfake-project/dataset_builder/val/ai_generated/flux_topup_000384.jpg
data_sources/ai_generated/FLUX_TopUp/flux_topup_000390.jpg,data_sources/ai_generated/FLUX_TopUp,ai_generated,1024,1024,1.0,JPEG,343465,b3c098672946b5240db94eb56e217306,f6030b154ece6619522cc253f8cb92676f7945affc97d35cc39617b23f4f2b5e,1.0,c2dad9492734796c,ok,2002.175224545535,True,True,cluster_00992,val,/home/dheirav/Code/Deepfake_Detection/deepfake-project/dataset_builder/val/ai_generated/flux_topup_000390.jpg
data_sources/ai_generated/FLUX_TopUp/flux_topup_000393.jpg,data_sources/ai_generated/FLUX_TopUp,ai_generated,1024,1024,1.0,JPEG,332112,5f5bddfbc3257d96e94bb1950b3604ad,d8539ecda87d063960612fa8a55776e2cf1c1d42d1f65f39a94f1fd84df8f968,1.0,f37c0c73d27039c1,ok,929.2707613399252,True,True,cluster_01080,val,/home/dheirav/Code/Deepfake_Detection/deepfake-project/dataset_builder/val/ai_generated/flux_topup_000393.jpg
data_sources/ai_generated/FLUX_TopUp/flux_topup_000401.jpg,data_sources/ai_generated/FLUX_TopUp,ai_generated,1024,1024,1.0,JPEG,250085,88e01af778e382c3fc47284a8656e736,6e7938d2bb16c1fb669302148c0a87377752fcea33991120513ec793cd20a8e0,1.0,97969d9569c1156c,ok,522.5078046319095,True,True,cluster_01759,val,/home/dheirav/Code/Deepfake_Detection/deepfake-project/dataset_builder/val/ai_generated/flux_topup_000401.jpg
data_sources/ai_generated/FLUX_TopUp/flux_topup_000421.jpg,data_sources/ai_generated/FLUX_TopUp,ai_generated,1024,1024,1.0,JPEG,304796,57191219c58b97266b541c5650f2e1d3,2660a9cd162f3a2bf836b3701069f8313bd95bb148ebb841b85e3964178b32d0,1.0,e4a7da981ac56d61,ok,978.4097027693894,True,True,cluster_01306,val,/home/dheirav/Code/Deepfake_Detection/deepfake-project/dataset_builder/val/ai_generated/flux_topup_000421.jpg
data_sources/ai_generated/FLUX_TopUp/flux_topup_000422.jpg,data_sources/ai_generated/FLUX_TopUp,ai_generated,1024,1024,1.0,JPEG,258710,ce7e7c8e2ac0481abd322993b4317638,93a9011c3ba9b57523c5798f94967fc473f677a6171d7a5b2eba1f9cd05006f1,1.0,c1232d9d1d0fe2f2,ok,662.419963177086,True,True,cluster_01688,val,/home/dheirav/Code/Deepfake_Detection/deepfake-project/dataset_builder/val/ai_generated/flux_topup_000422.jpg
data_sources/ai_generated/FLUX_TopUp/flux_topup_000424.jpg,data_sources/ai_generated/FLUX_TopUp,ai_generated,1024,1024,1.0,JPEG,277720,b73be94ee2d497502c12b93871f068eb,5f930fa864df18ec7b0b314645e700d146f768400f25bcf8c18aed2e9246177e,1.0,967f2d4a6831ed0c,ok,310.16933028524727,True,True,cluster_01525,val,/home/dheirav/Code/Deepfake_Detection/deepfake-project/dataset_builder/val/ai_generated/flux_topup_000424.jpg
data_sources/ai_generated/FLUX_TopUp/flux_topup_000426.jpg,data_sources/ai_generated/FLUX_TopUp,ai_generated,1024,1024,1.0,JPEG,363214,21f84a34bed3dea8ed9b1443c610f4e1,e26185448bd53a103e9fee80fb0136bc5f9fb9589303df5c487dda5f1ec7668d,1.0,97f630c0b14f9d0d,ok,1134.2543229474359,True,True,cluster_00882,val,/home/dheirav/Code/Deepfake_Detection/deepfake-project/dataset_builder/val/ai_generated/flux_topup_000426.jpg
data_sources/ai_generated/FLUX_TopUp/flux_topup_000434.jpg,data_sources/ai_generated/FLUX_TopUp,ai_generated,1024,1024,1.0,JPEG,338507,fb5af0073b104d887f8f303db4920606,9bfe3441136deb6aba02fca930a1c598cb1b0b34d1b26076c6f2d224d8c1c316,1.0,a2c95d8725f58c9c,ok,1033.2602466264361,True,True,cluster_01025,val,/home/dheirav/Code/Deepfake_Detection/deepfake-project/dataset_builder/val/ai_generated/flux_topup_000434.jpg
data_sources/ai_generated/FLUX_TopUp/flux_topup_000438.jpg,data_sources/ai_generated/FLUX_TopUp,ai_generated,1024,1024,1.0,JPEG,241626,44da27973a110885d11fc081e3d7ceaf,cfdb73e647d1a7118377872f413f957c936df71399a42e3dd535be050e5df14e,1.0,b38c5c64997364d9,ok,873.0329245506398,True,True,cluster_01840,val,/home/dheirav/Code/Deepfake_Detection/deepfake-project/dataset_builder/val/ai_generated/flux_topup_000438.jpg
data_sources/ai_generated/FLUX_TopUp/flux_topup_000441.jpg,data_sources/ai_generated/FLUX_TopUp,ai_generated,1024,1024,1.0,JPEG,250857,ac9d68a5ec415e19c90b796f10500779,897f6be43ff08c0a7fa4c240d9a8381e9206d48452ec26ae6bd99e9483ad4163,1.0,bcc82773cc3833c6,ok,1254.58263519112,True,True,cluster_01754,val,/home/dheirav/Code/Deepfake_Detection/deepfake-project/dataset_builder/val/ai_generated/flux_topup_000441.jpg
data_sources/ai_generated/FLUX_TopUp/flux_topup_000447.jpg,data_sources/ai_generated/FLUX_TopUp,ai_generated,1024,1024,1.0,JPEG,312085,fa3ea457659185840dd95b384ee88c47,3a0b9c234a2a2651edd69ef6f72a54c097526e66b369ea85187fca8f923d8eac,1.0,93998ea8ecc6e4d1,ok,830.754944702886,True,True,cluster_01241,val,/home/dheirav/Code/Deepfake_Detection/deepfake-project/dataset_builder/val/ai_generated/flux_topup_000447.jpg
data_sources/ai_generated/FLUX_TopUp/flux_topup_000451.jpg,data_sources/ai_generated/FLUX_TopUp,ai_generated,1024,1024,1.0,JPEG,222586,c08bfb2e89e2a4c6c78619df5b8c53b4,c6cd42e867120a1fc0c7937f4d27516269ecf697c9db2aba27c839aeb4f9db01,1.0,9b305eda7964229b,ok,114.81862049364916,True,True,cluster_01990,val,/home/dheirav/Code/Deepfake_Detection/deepfake-project/dataset_builder/val/ai_generated/flux_topup_000451.jpg
data_sources/ai_generated/FLUX_TopUp/flux_topup_000460.jpg,data_sources/ai_generated/FLUX_TopUp,ai_generated,1024,1024,1.0,JPEG,278274,a0c3a924b24c06df5255fcaf6eb2abe2,f00d9b59bec952cc21959e7621c72fdcbae4045c55453b93bcda4f9bec0cab31,1.0,fdc10c0e7a7a3233,ok,337.61206028504876,True,True,cluster_01518,val,/home/dheirav/Code/Deepfake_Detection/deepfake-project/dataset_builder/val/ai_generated/flux_topup_000460.jpg
data_sources/ai_generated/FLUX_TopUp/flux_topup_000472.jpg,data_sources/ai_generated/FLUX_TopUp,ai_generated,1024,1024,1.0,JPEG,247212,24b63901008b128727a79445c987cc9c,0e0abcbe11f6c780ec36abb4246939e4bb372d1fce21203980f363250e7e73d5,1.0,b49458c9c3ef0f0e,ok,501.8718749661348,True,True,cluster_01785,val,/home/dheirav/Code/Deepfake_Detection/deepfake-project/dataset_builder/val/ai_generated/flux_topup_000472.jpg
data_sources/ai_generated/FLUX_TopUp/flux_topup_000480.jpg,data_sources/ai_generated/FLUX_TopUp,ai_generated,1024,1024,1.0,JPEG,361717,24f1127dbe518cfcfb851e8c5f30370e,82743f5aea422447fe63f77cf17012f498e8627b615fdd8a2137c05b93e715e5,1.0,9dcc66cabd931a42,ok,571.2844016570016,True,True,cluster_00888,val,/home/dheirav/Code/Deepfake_Detection/deepfake-project/dataset_builder/val/ai_generated/flux_topup_000480.jpg
data_sources/ai_generated/FLUX_TopUp/flux_topup_000487.jpg,data_sources/ai_generated/FLUX_TopUp,ai_generated,1024,1024,1.0,JPEG,360660,27b4917c73d776cbcc46829945aa318d,2e070f0ae92e13bbee5b259fdd4735af418197fc686ccd9f1def276e4ed5501e,1.0,ba9ebc926599c185,ok,964.0181959151774,True,True,cluster_00892,val,/home/dheirav/Code/Deepfake_Detection/deepfake-project/dataset_builder/val/ai_generated/flux_topup_000487.jpg
data_sources/ai_generated/FLUX_TopUp/flux_topup_000491.jpg,data_sources/ai_generated/FLUX_TopUp,ai_generated,1024,1024,1.0,JPEG,404855,812d31b3b9f436479e4ac8dd17de7346,2862df4c1baf500c420e81fe35f13d30a14d608515486668017170626c3f733f,1.0,85c7de1817d46a66,ok,1410.2768033393327,True,True,cluster_00635,val,/home/dheirav/Code/Deepfake_Detection/deepfake-project/dataset_builder/val/ai_generated/flux_topup_000491.jpg
data_sources/ai_generated/FLUX_TopUp/flux_topup_000494.jpg,data_sources/ai_generated/FLUX_TopUp,ai_generated,1024,1024,1.0,JPEG,480874,2a50ec72cf63b6f5d05c3f5bf4d4b59e,046d0d75a9e437ae18de256b7ab6d1fcdcfa9d237894ded9ea4446bf751fce5f,1.0,9e3b0ded49642476,ok,1832.3041682129247,True,True,cluster_00245,val,/home/dheirav/Code/Deepfake_Detection/deepfake-project/dataset_builder/val/ai_generated/flux_topup_000494.jpg
data_sources/ai_generated/FLUX_TopUp/flux_topup_000499.jpg,data_sources/ai_generated/FLUX_TopUp,ai_generated,1024,1024,1.0,JPEG,331675,7d0f5e565b402e3051493a8212e67503,cbd541faab6ddb8e02c92bb58a6cb394487a65404b4617924c7422f88e1fc7d7,1.0,e1d091c3cfcf1c38,ok,1293.6244960626937,True,True,cluster_01085,val,/home/dheirav/Code/Deepfake_Detection/deepfake-project/dataset_builder/val/ai_generated/flux_topup_000499.jpg
data_sources/ai_generated/FLUX_TopUp/flux_topup_000502.jpg,data_sources/ai_generated/FLUX_TopUp,ai_generated,1024,1024,1.0,JPEG,239591,9719fb9f49118e87d9e428ca02915c99,2a90044831aa9c40a6d1d1b24043cfa7c75ce44e5d3d7ecbdb31a625ccc6b683,1.0,9ebe89e36142d0e5,ok,341.4392237637911,True,True,cluster_01860,val,/home/dheirav/Code/Deepfake_Detection/deepfake-project/dataset_builder/val/ai_generated/flux_topup_000502.jpg
data_sources/ai_generated/FLUX_TopUp/flux_topup_000504.jpg,data_sources/ai_generated/FLUX_TopUp,ai_generated,1024,1024,1.0,JPEG,324878,02b13e3fef2ee89d0fb915f5f0bff317,f6f7a9b86c22a5a36a5e90050abc05819409ca46df68341e0a2419179a39e936,1.0,95a56e9625ca92ce,ok,2055.7679620379204,True,True,cluster_01137,val,/home/dheirav/Code/Deepfake_Detection/deepfake-project/dataset_builder/val/ai_generated/flux_topup_000504.jpg
data_sources/ai_generated/FLUX_TopUp/flux_topup_000507.jpg,data_sources/ai_generated/FLUX_TopUp,ai_generated,1024,1024,1.0,JPEG,323739,c092b2e56c51778307506caa3d5e7fa7,d0592c2ba84d52f128f1cf65e5af532fefebf4a18d1956dba7b4dedf330a4788,1.0,f8969b61b694242f,ok,1541.1338879301766,True,True,cluster_01146,val,/home/dheirav/Code/Deepfake_Detection/deepfake-project/dataset_builder/val/ai_generated/flux_topup_000507.jpg
data_sources/ai_generated/FLUX_TopUp/flux_topup_000511.jpg,data_sources/ai_generated/FLUX_TopUp,ai_generated,1024,1024,1.0,JPEG,336999,bb0e843d8bd8a37f8546f9c579ae3d14,b9fff3b7f47a9bb7f39ae87e852d1810b70d54414f5d3d848cb2c152fc9529d9,1.0,814e9f699666936c,ok,1699.923918625209,True,True,cluster_01043,val,/home/dheirav/Code/Deepfake_Detection/deepfake-project/dataset_builder/val/ai_generated/flux_topup_000511.jpg
data_sources/ai_generated/FLUX_TopUp/flux_topup_000527.jpg,data_sources/ai_generated/FLUX_TopUp,ai_generated,1024,1024,1.0,JPEG,293059,79156d77ea7b0a6ecb7f6553b2a7b0a5,2a593a0a33becbdd6d7a8da47e8ee940c169553ca822afec1a9f172cb5ecfaa1,1.0,961b696564a4de2d,ok,938.5115718584857,True,True,cluster_01395,val,/home/dheirav/Code/Deepfake_Detection/deepfake-project/dataset_builder/val/ai_generated/flux_topup_000527.jpg
data_sources/ai_generated/FLUX_TopUp/flux_topup_000528.jpg,data_sources/ai_generated/FLUX_TopUp,ai_generated,1024,1024,1.0,JPEG,285519,e962fd3b3877dd88a156cd9c18fb4c93,4c611277fffc624acff7db568227a338515364b2bb535d618615d38999a1ed80,1.0,93b94e6971366532,ok,1387.0608687901363,True,True,cluster_01466,val,/home/dheirav/Code/Deepfake_Detection/deepfake-project/dataset_builder/val/ai_generated/flux_topup_000528.jpg
data_sources/ai_generated/FLUX_TopUp/flux_topup_000533.jpg,data_sources/ai_generated/FLUX_TopUp,ai_generated,1024,1024,1.0,JPEG,333545,648b7fb18ef3c8d05e3db65b60971337,d52c66cecf0ccbc7323f4e49261c41d43725301056f5860860622b084a151346,1.0,9cac6bca9634915d,ok,657.615215493518,True,True,cluster_01073,val,/home/dheirav/Code/Deepfake_Detection/deepfake-project/dataset_builder/val/ai_generated/flux_topup_000533.jpg
data_sources/ai_generated/FLUX_TopUp/flux_topup_000547.jpg,data_sources/ai_generated/FLUX_TopUp,ai_generated,1024,1024,1.0,JPEG,289357,9e7011dccbfbfc21344807fbf74130c6,327f6d33cf270e6e130d45832f98c7b5bdb3273449037e1525d91f1b1f0f2b26,1.0,e1c6cb4b1939393c,ok,717.9710097208008,True,True,cluster_01429,val,/home/dheirav/Code/Deepfake_Detection/deepfake-project/dataset_builder/val/ai_generated/flux_topup_000547.jpg
data_sources/ai_generated/FLUX_TopUp/flux_topup_000548.jpg,data_sources/ai_generated/FLUX_TopUp,ai_generated,1024,1024,1.0,JPEG,259556,6ae1a8d924bae70fe904db320665ce18,32e061cb88b25518946e103ffa679cb651a44df01aabb834961e3700111737a2,1.0,93926c693536b34e,ok,156.17097318492597,True,True,cluster_01680,val,/home/dheirav/Code/Deepfake_Detection/deepfake-project/dataset_builder/val/ai_generated/flux_topup_000548.jpg
data_sources/ai_generated/FLUX_TopUp/flux_topup_000551.jpg,data_sources/ai_generated/FLUX_TopUp,ai_generated,1024,1024,1.0,JPEG,413119,5a3c47767e02f1af9bd7037575e05985,f71a447d3ead9867a216cf307068eb02825a8133b4820305b08f2c8444370411,1.0,e3d28c879f982d98,ok,1345.9349671962618,True,True,cluster_00583,val,/home/dheirav/Code/Deepfake_Detection/deepfake-project/dataset_builder/val/ai_generated/flux_topup_000551.jpg
data_sources/ai_generated/FLUX_TopUp/flux_topup_000554.jpg,data_sources/ai_generated/FLUX_TopUp,ai_generated,1024,1024,1.0,JPEG,300134,2d81b45c3009db011efc7267e517bf5c,6cb9f17aeb7d1bb1e51746eac8c9a3e1f212dca9b1b2f6259c4a4c0e0f387e02,1.0,c40dce1d393339e3,ok,844.2575800143595,True,True,cluster_01348,val,/home/dheirav/Code/Deepfake_Detection/deepfake-project/dataset_builder/val/ai_generated/flux_topup_000554.jpg
data_sources/ai_generated/FLUX_TopUp/flux_topup_000555.jpg,data_sources/ai_generated/FLUX_TopUp,ai_generated,1024,1024,1.0,JPEG,380849,8b4d6289c7bdd70c80077a6b71693e77,60461affce18395491b228f39c48f74afdaa4237f368e813c31590b9e5f58002,1.0,9959768769763621,ok,753.3010925347688,True,True,cluster_00775,val,/home/dheirav/Code/Deepfake_Detection/deepfake-project/dataset_builder/val/ai_generated/flux_topup_000555.jpg
data_sources/ai_generated/FLUX_TopUp/flux_topup_000556.jpg,data_sources/ai_generated/FLUX_TopUp,ai_generated,1024,1024,1.0,JPEG,410158,7c8f8960a316c6f36c74aa58f1fa3ccc,9b157618d9f7d32ea9257050ea467bb7a490cde31eade9c436688ea739906f2f,1.0,9d626660dacd7227,ok,2399.6989314565417,True,True,cluster_00605,val,/home/dheirav/Code/Deepfake_Detection/deepfake-project/dataset_builder/val/ai_generated/flux_topup_000556.jpg
data_sources/ai_generated/FLUX_TopUp/flux_topup_000561.jpg,data_sources/ai_generated/FLUX_TopUp,ai_generated,1024,1024,1.0,JPEG,228722,40d460f34164b6732f9fd70bc6c2f08d,b4d6df73989ecf7573f4aff738062dd22fa5db9020eec417c49c02f4249909f7,1.0,c893fc2c197ac6b8,ok,93.65299643337401,True,True,cluster_01944,val,/home/dheirav/Code/Deepfake_Detection/deepfake-project/dataset_builder/val/ai_generated/flux_topup_000561.jpg
data_sources/ai_generated/FLUX_TopUp/flux_topup_000562.jpg,data_sources/ai_generated/FLUX_TopUp,ai_generated,1024,1024,1.0,JPEG,542169,ccb5080da58cbf7c22b5996b051c5bd0,bccbbeadf3b2c323df977e05f833b1f29aa7b106519bfac4e4d0ba41cf4eb788,1.0,95f87d1f613f1081,ok,1010.5791168068499,True,True,cluster_00078,val,/home/dheirav/Code/Deepfake_Detection/deepfake-project/dataset_builder/val/ai_generated/flux_topup_000562.jpg
data_sources/ai_generated/FLUX_TopUp/flux_topup_000573.jpg,data_sources/ai_generated/FLUX_TopUp,ai_generated,1024,1024,1.0,JPEG,452731,55dc346364f0d84d09ffd799e2628c8d,b68ec7986d6dd15b20ad1028c54a08ca779094271701387716a0c0c8a97bb5bc,1.0,bf8780e28521dbab,ok,908.0813191493507,True,True,cluster_00356,val,/home/dheirav/Code/Deepfake_Detection/deepfake-project/dataset_builder/val/ai_generated/flux_topup_000573.jpg
data_sources/ai_generated/FLUX_TopUp/flux_topup_000578.jpg,data_sources/ai_generated/FLUX_TopUp,ai_generated,1024,1024,1.0,JPEG,518116,9e99c3f0f073da7b21a01898d03df47d,daf9a575feca9f0da40d7c66c6bb9727ff863041cc6628a35f8edc5342355246,1.0,dfcc10edc2c9cca4,ok,1209.8183618152893,True,True,cluster_00124,val,/home/dheirav/Code/Deepfake_Detection/deepfake-project/dataset_builder/val/ai_generated/flux_topup_000578.jpg
data_sources/ai_generated/FLUX_TopUp/flux_topup_000582.jpg,data_sources/ai_generated/FLUX_TopUp,ai_generated,1024,1024,1.0,JPEG,440494,37133765687626ea466cb25424daa0b1,2bce7e7c1ff44c7c59bccdecfeb83fdaa8dcccd9020662788cadfdfd827ecb59,1.0,ebd2821cda35853d,ok,1963.4415976227278,True,True,cluster_00426,val,/home/dheirav/Code/Deepfake_Detection/deepfake-project/dataset_builder/val/ai_generated/flux_topup_000582.jpg
data_sources/ai_generated/FLUX_TopUp/flux_topup_000592.jpg,data_sources/ai_generated/FLUX_TopUp,ai_generated,1024,1024,1.0,JPEG,406666,9ff20ec2f804d107207c0b3b8d145ddb,111be4d55e7680a525fea89e24515728f6e59f44ddf8c3045d9da85df81cc447,1.0,d701701e1eb70ff0,ok,2710.759588111625,True,True,cluster_00625,val,/home/dheirav/Code/Deepfake_Detection/deepfake-project/dataset_builder/val/ai_generated/flux_topup_000592.jpg
data_sources/ai_generated/FLUX_TopUp/flux_topup_000599.jpg,data_sources/ai_generated/FLUX_TopUp,ai_generated,1024,1024,1.0,JPEG,392987,593f0f9f5e1b91c85740a8f5346bc209,5f79eb791f73c6f94a79b184e592cee4e108cfd4003223eedf06eba825e4248a,1.0,d998666a1966699d,ok,2240.700872405417,True,True,cluster_00701,val,/home/dheirav/Code/Deepfake_Detection/deepfake-project/dataset_builder/val/ai_generated/flux_topup_000599.jpg
data_sources/ai_generated/FLUX_TopUp/flux_topup_000601.jpg,data_sources/ai_generated/FLUX_TopUp,ai_generated,1024,1024,1.0,JPEG,408154,f4ad035ce5823fc875a1cc8e0898f52f,95493578b5ccff44bb16ad093695050359dfd9c595594f42f262ce240b830083,1.0,dce47b98fa416129,ok,813.797698719193,True,True,cluster_00618,val,/home/dheirav/Code/Deepfake_Detection/deepfake-project/dataset_builder/val/ai_generated/flux_topup_000601.jpg
data_sources/ai_generated/FLUX_TopUp/flux_topup_000603.jpg,data_sources/ai_generated/FLUX_TopUp,ai_generated,1024,1024,1.0,JPEG,434638,bd86a7b4429a8af3f33d40f4a169ad85,eeddb8e5537799752e76cec3ca259c865e8b0336d1ee097af0a435eaa06d24db,1.0,9f9ab2846e9c2569,ok,1033.1707279733237,True,True,cluster_00453,val,/home/dheirav/Code/Deepfake_Detection/deepfake-project/dataset_builder/val/ai_generated/flux_topup_000603.jpg
data_sources/ai_generated/FLUX_TopUp/flux_topup_000605.jpg,data_sources/ai_generated/FLUX_TopUp,ai_generated,1024,1024,1.0,JPEG,483530,92767b02a6877cbe48dd8e5e44dc6213,5969a23058eae09db09e366267f479f2c5d170353f1dd321fc5910f502888bbc,1.0,c1f2b13b963c3ac4,ok,1285.511542893807,True,True,cluster_00234,val,/home/dheirav/Code/Deepfake_Detection/deepfake-project/dataset_builder/val/ai_generated/flux_topup_000605.jpg
data_sources/ai_generated/FLUX_TopUp/flux_topup_000609.jpg,data_sources/ai_generated/FLUX_TopUp,ai_generated,1024,1024,1.0,JPEG,718105,04dda70042800f3b60ba6e53357544e4,56bc80c984b18edc3a890c5e6db775d2e7d0b14692ad9348ed5072cb9911cea3,1.0,d5d726f135254951,ok,2023.0446284060558,True,True,cluster_00003,val,/home/dheirav/Code/Deepfake_Detection/deepfake-project/dataset_builder/val/ai_generated/flux_topup_000609.jpg
data_sources/ai_generated/FLUX_TopUp/flux_topup_000611.jpg,data_sources/ai_generated/FLUX_TopUp,ai_generated,1024,1024,1.0,JPEG,256330,a873e9ca06b8e93bc311bb6e82b75ad1,bdf7f1bcf0d59fc9fa21be54c6cfda7415be066299e1df72175e5abb5d2c436a,1.0,ce8f78ce78b84413,ok,335.94475262959895,True,True,cluster_01707,val,/home/dheirav/Code/Deepfake_Detection/deepfake-project/dataset_builder/val/ai_generated/flux_topup_000611.jpg
data_sources/ai_generated/FLUX_TopUp/flux_topup_000614.jpg,data_sources/ai_generated/FLUX_TopUp,ai_generated,1024,1024,1.0,JPEG,324420,330640605bff99f9d01538958f163b22,790ea635cc6d3673e47330157fef3f5271849227d2af6513ed3a58e4970b1848,1.0,cc8636278cd97336,ok,1359.7510513035004,True,True,cluster_01140,val,/home/dheirav/Code/Deepfake_Detection/deepfake-project/dataset_builder/val/ai_generated/flux_topup_000614.jpg
data_sources/ai_generated/FLUX_TopUp/flux_topup_000616.jpg,data_sources/ai_generated/FLUX_TopUp,ai_generated,1024,1024,1.0,JPEG,438905,f3fe780abe4a3d770604053bbe5dd5eb,93227061aae68efad1c38f4d06490c513d3b6e90cd756e1ce146735f3100d10f,1.0,dcc1eac4b541da96,ok,309.7266982713181,True,True,cluster_00435,val,/home/dheirav/Code/Deepfake_Detection/deepfake-project/dataset_builder/val/ai_generated/flux_topup_000616.jpg
data_sources/ai_generated/FLUX_TopUp/flux_topup_000622.jpg,data_sources/ai_generated/FLUX_TopUp,ai_generated,1024,1024,1.0,JPEG,249699,e1caf8126266e683cf797bb867f7e341,c8599cc38a6b7736ebacb26393fd094055c4c81aad5ec17b1c5102ec3cbd3670,1.0,c4b3cc6c3387ccb2,ok,223.78759889653884,True,True,cluster_01762,val,/home/dheirav/Code/Deepfake_Detection/deepfake-project/dataset_builder/val/ai_generated/flux_topup_000622.jpg
data_sources/ai_generated/FLUX_TopUp/flux_topup_000627.jpg,data_sources/ai_generated/FLUX_TopUp,ai_generated,1024,1024,1.0,JPEG,339137,6d9ad28fb8f40bcf6317345297c5dcfb,6f58ab8d3d52206d583fd8657ab2c31a3a78c622e33b3fcf4cfde642b5fe9f13,1.0,efb760c88594d09d,ok,1110.4803124471355,True,True,cluster_01021,val,/home/dheirav/Code/Deepfake_Detection/deepfake-project/dataset_builder/val/ai_generated/flux_topup_000627.jpg
data_sources/ai_generated/FLUX_TopUp/flux_topup_000628.jpg,data_sources/ai_generated/FLUX_TopUp,ai_generated,1024,1024,1.0,JPEG,322249,6c2a9a590cfa37561e51341ec69e4a48,6d539d2fe8c1a9473ce568f3ea030f8153b3d6017f233c12a818859bad23219c,1.0,ecbd21d0de4531ca,ok,434.3431106367934,True,True,cluster_01159,val,/home/dheirav/Code/Deepfake_Detection/deepfake-project/dataset_builder/val/ai_generated/flux_topup_000628.jpg
data_sources/ai_generated/FLUX_TopUp/flux_topup_000629.jpg,data_sources/ai_generated/FLUX_TopUp,ai_generated,1024,1024,1.0,JPEG,341492,9833b3f211b3a2e976d2d9b0f8c34fd9,b91eccb22f747e25ec7d95e4b560af9da063ccfc986a3b348bd8aefe40f82fb5,1.0,e6f34c39e1cc1133,ok,723.4620573517593,True,True,cluster_01006,val,/home/dheirav/Code/Deepfake_Detection/deepfake-project/dataset_builder/val/ai_generated/flux_topup_000629.jpg
data_sources/ai_generated/FLUX_TopUp/flux_topup_000630.jpg,data_sources/ai_generated/FLUX_TopUp,ai_generated,1024,1024,1.0,JPEG,508380,892b22b07d8f2f4648f7ef9726c53877,64cedd1ce3f9c5ab96b9553fc83fcff46355adc7e0c9ded3fdd844a5058ab86c,1.0,cd99e33138c38f62,ok,1964.4063307836143,True,True,cluster_00148,val,/home/dheirav/Code/Deepfake_Detection/deepfake-project/dataset_builder/val/ai_generated/flux_topup_000630.jpg
data_sources/ai_generated/FLUX_TopUp/flux_topup_000636.jpg,data_sources/ai_generated/FLUX_TopUp,ai_generated,1024,1024,1.0,JPEG,472029,5e4b815760554707f35629a7a2d25fe6,f2a3ffd56408cb63ae0ee64fda7ccc0fee805b73210c8b15578adcba63013c03,1.0,f7c3a88f253c8730,ok,1841.8640581953791,True,True,cluster_00283,val,/home/dheirav/Code/Deepfake_Detection/deepfake-project/dataset_builder/val/ai_generated/flux_topup_000636.jpg
data_sources/ai_generated/FLUX_TopUp/flux_topup_000642.jpg,data_sources/ai_generated/FLUX_TopUp,ai_generated,1024,1024,1.0,JPEG,354839,1fd13f34c3c091272adea05dc9075872,e0747ca238a52c1ccb5a5e90c2fc335524991ef7bfc69f4aa9e13d1f25c3f62a,1.0,d0fde8e333884c87,ok,660.609331639891,True,True,cluster_00924,val,/home/dheirav/Code/Deepfake_Detection/deepfake-project/dataset_builder/val/ai_generated/flux_topup_000642.jpg
data_sources/ai_generated/FLUX_TopUp/flux_topup_000644.jpg,data_sources/ai_generated/FLUX_TopUp,ai_generated,1024,1024,1.0,JPEG,341045,be8a246467b6762880cdb096059cf0c0,10581a3183032be6c37a9125e99b2cf86a842932f66a3b4cefbfc51ae350a506,1.0,bc3cc3c39338196b,ok,1801.7179412839469,True,True,cluster_01008,val,/home/dheirav/Code/Deepfake_Detection/deepfake-project/dataset_builder/val/ai_generated/flux_topup_000644.jpg
data_sources/ai_generated/FLUX_TopUp/flux_topup_000649.jpg,data_sources/ai_generated/FLUX_TopUp,ai_generated,1024,1024,1.0,JPEG,257144,26b1d8edf96a439a7f3d2643ff655121,c2f5c51911419a23b78f4795f3783f8c23960d33dbb240dbb4250297c8fb1a42,1.0,ddd9393e66c54980,ok,633.4338642370966,True,True,cluster_01701,val,/home/dheirav/Code/Deepfake_Detection/deepfake-project/dataset_builder/val/ai_generated/flux_topup_000649.jpg
data_sources/ai_generated/FLUX_TopUp/flux_topup_000653.jpg,data_sources/ai_generated/FLUX_TopUp,ai_generated,1024,1024,1.0,JPEG,410793,c8de65576666eff3b646160d72d7669f,5cda1dc28f6e34036353b89790ce6eb6c8b0bd88d32e1057cc2d920452cd2cee,1.0,8296ef2b72c194ab,ok,1083.0477908851817,True,True,cluster_00600,val,/home/dheirav/Code/Deepfake_Detection/deepfake-project/dataset_builder/val/ai_generated/flux_topup_000653.jpg
data_sources/ai_generated/FLUX_TopUp/flux_topup_000663.jpg,data_sources/ai_generated/FLUX_TopUp,ai_generated,1024,1024,1.0,JPEG,227210,ebca56060877bc46b39c08ac2885857d,2fe7663c57bfd74b83feef02cc68d92b94652539c7e5970baa154908612e656c,1.0,9df66691f2b04594,ok,116.67295348025708,True,True,cluster_01952,val,/home/dheirav/Code/Deepfake_Detection/deepfake-project/dataset_builder/val/ai_generated/flux_topup_000663.jpg
data_sources/ai_generated/FLUX_TopUp/flux_topup_000668.jpg,data_sources/ai_generated/FLUX_TopUp,ai_generated,1024,1024,1.0,JPEG,631094,44ac1596a15173ed9d1025375d7e23a2,9a4ff8cbd630e66a7b51421fa74586c38281ed9c0f54bfc29dedd5664f4d0446,1.0,98b199b4396e7199,ok,3419.6862778666787,True,True,cluster_00009,val,/home/dheirav/Code/Deepfake_Detection/deepfake-project/dataset_builder/val/ai_generated/flux_topup_000668.jpg
data_sources/ai_generated/FLUX_TopUp/flux_topup_000673.jpg,data_sources/ai_generated/FLUX_TopUp,ai_generated,1024,1024,1.0,JPEG,299145,f7e1996e1187db8d264aaa3c2f9316e3,cf01be90a023ae876cbe0af6bbe9250d7e01fe25bfad77325ec2820c402c4920,1.0,989076da199b7e2c,ok,480.4587263019266,True,True,cluster_01351,val,/home/dheirav/Code/Deepfake_Detection/deepfake-project/dataset_builder/val/ai_generated/flux_topup_000673.jpg
data_sources/ai_generated/FLUX_TopUp/flux_topup_000677.jpg,data_sources/ai_generated/FLUX_TopUp,ai_generated,1024,1024,1.0,JPEG,468373,d36481dec046ef954c598b1bce429f15,d59e82d0218997d16d583bc6096955d148d0a01fd88a253218b05920396f913d,1.0,998767396d314c78,ok,1351.8995356059022,True,True,cluster_00296,val,/home/dheirav/Code/Deepfake_Detection/deepfake-project/dataset_builder/val/ai_generated/flux_topup_000677.jpg
data_sources/ai_generated/FLUX_TopUp/flux_topup_000678.jpg,data_sources/ai_generated/FLUX_TopUp,ai_generated,1024,1024,1.0,JPEG,318308,b3924032f212311fc6efd493cf3f4077,576f52a5763c1a5db4b29ba31ec17324ec15492971515babf67081af48ee54db,1.0,998c2636f3994d99,ok,1137.553646957821,True,True,cluster_01189,val,/home/dheirav/Code/Deepfake_Detection/deepfake-project/dataset_builder/val/ai_generated/flux_topup_000678.jpg
data_sources/ai_generated/FLUX_TopUp/flux_topup_000680.jpg,data_sources/ai_generated/FLUX_TopUp,ai_generated,1024,1024,1.0,JPEG,358184,f4d6b9dfedacaad3dd94c73365cf295d,2809d37a63b3ff5bb08b667a30c87f0a53b210770bd992b9ef4b482155a0a9ee,1.0,dc730f02c38d709f,ok,1207.6179514223977,True,True,cluster_00911,val,/home/dheirav/Code/Deepfake_Detection/deepfake-project/dataset_builder/val/ai_generated/flux_topup_000680.jpg
data_sources/ai_generated/FLUX_TopUp/flux_topup_000684.jpg,data_sources/ai_generated/FLUX_TopUp,ai_generated,1024,1024,1.0,JPEG,433241,d4a67babc3db6637d4b8fa53fe9ed061,ba389c5e525012c9a7f5e70a950ae50540b675a3de6d43cebe8b7c24db1ad720,1.0,d9c739285a5a1b96,ok,1763.0062334299503,True,True,cluster_00463,val,/home/dheirav/Code/Deepfake_Detection/deepfake-project/dataset_builder/val/ai_generated/flux_topup_000684.jpg
data_sources/ai_generated/FLUX_TopUp/flux_topup_000688.jpg,data_sources/ai_generated/FLUX_TopUp,ai_generated,1024,1024,1.0,JPEG,367192,a7ff226a5f38f1436bb09e421410a679,2bf0f2378c2da65e291ef584fb079917a9ef6bb9f6592ce3cf174d617cdfcb41,1.0,eca51d12526b2ced,ok,994.8466198643646,True,True,cluster_00851,val,/home/dheirav/Code/Deepfake_Detection/deepfake-project/dataset_builder/val/ai_generated/flux_topup_000688.jpg
data_sources/ai_generated/FLUX_TopUp/flux_topup_000697.jpg,data_sources/ai_generated/FLUX_TopUp,ai_generated,1024,1024,1.0,JPEG,434497,178698f5835c7254d3099114c2b17dc8,bdb4bb858fb116449bc853d8983e94c09be0910dd2300cdbb6062e3e7dad6147,1.0,d4d0c90fbfb028f2,ok,2337.0725373120763,True,True,cluster_00455,val,/home/dheirav/Code/Deepfake_Detection/deepfake-project/dataset_builder/val/ai_generated/flux_topup_000697.jpg
data_sources/ai_generated/FLUX_TopUp/flux_topup_000698.jpg,data_sources/ai_generated/FLUX_TopUp,ai_generated,1024,1024,1.0,JPEG,307517,1d262ff35f464f1b6e61654d5ea4c872,6676f65e851c0402a10db0c9e02caf830f8e7d1973c2e6ab3aa51904509b2239,1.0,9db0726613cd6699,ok,828.3854523207256,True,True,cluster_01285,val,/home/dheirav/Code/Deepfake_Detection/deepfake-project/dataset_builder/val/ai_generated/flux_topup_000698.jpg
data_sources/ai_generated/FLUX_TopUp/flux_topup_000707.jpg,data_sources/ai_generated/FLUX_TopUp,ai_generated,1024,1024,1.0,JPEG,482172,96d92c1c1f510a083b0897aa24033368,2b741523d47b074c51ee6c7b7fcc2bb995e840a21d32a581ea63434aca374bc8,1.0,f8f097ef4e8c6810,ok,1617.067258303518,True,True,cluster_00240,val,/home/dheirav/Code/Deepfake_Detection/deepfake-project/dataset_builder/val/ai_generated/flux_topup_000707.jpg
data_sources/ai_generated/FLUX_TopUp/flux_topup_000711.jpg,data_sources/ai_generated/FLUX_TopUp,ai_generated,1024,1024,1.0,JPEG,300780,a3c2e64ad67791b16ea0f0650795bea3,73f7e157080568ac9614713b5bc0459ab2ceddfa7eb0af0f2322d21a455a3bd3,1.0,97cf48d21cbd911a,ok,492.45794053047484,True,True,cluster_01345,val,/home/dheirav/Code/Deepfake_Detection/deepfake-project/dataset_builder/val/ai_generated/flux_topup_000711.jpg
data_sources/ai_generated/FLUX_TopUp/flux_topup_000713.jpg,data_sources/ai_generated/FLUX_TopUp,ai_generated,1024,1024,1.0,JPEG,315094,86c262d2f5f9db4a39f232d57d0faacc,2b53426aa8c8d52bdcd2141d67600fb5c0ca55be8e4919b0814df4306f5564ce,1.0,d0d2746dcd938369,ok,627.8692906619399,True,True,cluster_01209,val,/home/dheirav/Code/Deepfake_Detection/deepfake-project/dataset_builder/val/ai_generated/flux_topup_000713.jpg
data_sources/ai_generated/FLUX_TopUp/flux_topup_000720.jpg,data_sources/ai_generated/FLUX_TopUp,ai_generated,1024,1024,1.0,JPEG,388949,f2deeb610dafff95c3e32776c0170b35,0138ddeb893b821eafe687ea982a1137e99f36db196776449b91d68daa56033e,1.0,90a4ba2d2edd3746,ok,1879.4179048987849,True,True,cluster_00729,val,/home/dheirav/Code/Deepfake_Detection/deepfake-project/dataset_builder/val/ai_generated/flux_topup_000720.jpg
data_sources/ai_generated/FLUX_TopUp/flux_topup_000724.jpg,data_sources/ai_generated/FLUX_TopUp,ai_generated,1024,1024,1.0,JPEG,275098,38126b7d6fbcdd093b2431de0e015c50,3669ca066044feeceaa3ac8397d543145a7bc7cd2704abe865a65ac6a6274868,1.0,c6a41918595faf2b,ok,191.07936395530757,True,True,cluster_01543,val,/home/dheirav/Code/Deepfake_Detection/deepfake-project/dataset_builder/val/ai_generated/flux_topup_000724.jpg
data_sources/ai_generated/FLUX_TopUp/flux_topup_000725.jpg,data_sources/ai_generated/FLUX_TopUp,ai_generated,1024,1024,1.0,JPEG,390613,df211e535b5b9628c47dc86dd684205a,59411c772c0342565442e2f65c9e0d5cd5063e67cf01f9a381b7d7485c39f267,1.0,9da66779581926a3,ok,1134.4310348954814,True,True,cluster_00712,val,/home/dheirav/Code/Deepfake_Detection/deepfake-project/dataset_builder/val/ai_generated/flux_topup_000725.jpg
data_sources/ai_generated/FLUX_TopUp/flux_topup_000726.jpg,data_sources/ai_generated/FLUX_TopUp,ai_generated,1024,1024,1.0,JPEG,425677,041f9ac6f75402a488cbcc57d678d618,cc5ddc64cc24146748872d75585fd2796fd7d642ad568c188dc9a23c61bc58cd,1.0,b4b8c2d38f8e554c,ok,1432.2495384191716,True,True,cluster_00513,val,/home/dheirav/Code/Deepfake_Detection/deepfake-project/dataset_builder/val/ai_generated/flux_topup_000726.jpg
data_sources/ai_generated/FLUX_TopUp/flux_topup_000729.jpg,data_sources/ai_generated/FLUX_TopUp,ai_generated,1024,1024,1.0,JPEG,483947,07822ed7655ca83fe7460916dae9c895,d028a1cc8a6530a90d8d12f0fabbdcd5f28665c2ac636c055a7b5d3a6772e1e2,1.0,c1c9999e62d334f2,ok,1130.551671976681,True,True,cluster_00233,val,/home/dheirav/Code/Deepfake_Detection/deepfake-project/dataset_builder/val/ai_generated/flux_topup_000729.jpg
data_sources/ai_generated/FLUX_TopUp/flux_topup_000735.jpg,data_sources/ai_generated/FLUX_TopUp,ai_generated,1024,1024,1.0,JPEG,591602,eea4fecb665fe15a69b00349ccac0f0e,ade40d50adb3a910e790ec1b55d3e366d72c9eb071369d449fa340c368ff67cf,1.0,d0929f3463396d69,ok,3646.6088750330223,True,True,cluster_00029,val,/home/dheirav/Code/Deepfake_Detection/deepfake-project/dataset_builder/val/ai_generated/flux_topup_000735.jpg
data_sources/ai_generated/FLUX_TopUp/flux_topup_000740.jpg,data_sources/ai_generated/FLUX_TopUp,ai_generated,1024,1024,1.0,JPEG,356501,0ec94c3043ed68c401b0f8f157eed054,8a8c2b301c52a8770090dec5f161b26b9db1bfd8b3d8ac80483122a138d4164a,1.0,8dc7337869c96193,ok,361.3331710946368,True,True,cluster_00917,val,/home/dheirav/Code/Deepfake_Detection/deepfake-project/dataset_builder/val/ai_generated/flux_topup_000740.jpg
data_sources/ai_generated/FLUX_TopUp/flux_topup_000749.jpg,data_sources/ai_generated/FLUX_TopUp,ai_generated,1024,1024,1.0,JPEG,406745,9bd98078918c8d75f3f2f23f52454754,8139bccbc24c06981e311ff8430ac22fba009dfa3d3bc0fa94a00d744e1a41dc,1.0,999e366c5a82d696,ok,1394.4080209801018,True,True,cluster_00624,val,/home/dheirav/Code/Deepfake_Detection/deepfake-project/dataset_builder/val/ai_generated/flux_topup_000749.jpg
data_sources/ai_generated/FLUX_TopUp/flux_topup_000750.jpg,data_sources/ai_generated/FLUX_TopUp,ai_generated,1024,1024,1.0,JPEG,403882,10ce985166bd1f647371ce4f8bdb4d6f,21834c87fcd7a874759ae3ff875a90ff76f49d3dee3cb2943e93c43298c3b0fa,1.0,95605aa7cb936d92,ok,687.8406700743617,True,True,cluster_00641,val,/home/dheirav/Code/Deepfake_Detection/deepfake-project/dataset_builder/val/ai_generated/flux_topup_000750.jpg
data_sources/ai_generated/FLUX_TopUp/flux_topup_000755.jpg,data_sources/ai_generated/FLUX_TopUp,ai_generated,1024,1024,1.0,JPEG,276513,048834a9af4e290690b1b9b1be1a54bd,4ea87fbe7fa2bdf72366ea2cbdd74ffe2dc17ed3e6a04835f2225e4fb4630cb4,1.0,888a353d4d53d373,ok,683.4491413903888,True,True,cluster_01531,val,/home/dheirav/Code/Deepfake_Detection/deepfake-project/dataset_builder/val/ai_generated/flux_topup_000755.jpg
data_sources/ai_generated/FLUX_TopUp/flux_topup_000760.jpg,data_sources/ai_generated/FLUX_TopUp,ai_generated,1024,1024,1.0,JPEG,326324,ad2c99410739f83c12a311122458667d,2d0590f4330282f7d7c7b527003387b11d3b0b2f142726896828ae570f743abd,1.0,9aa74509f61cb3ca,ok,1250.8525469710585,True,True,cluster_01122,val,/home/dheirav/Code/Deepfake_Detection/deepfake-project/dataset_builder/val/ai_generated/flux_topup_000760.jpg
data_sources/ai_generated/FLUX_TopUp/flux_topup_000761.jpg,data_sources/ai_generated/FLUX_TopUp,ai_generated,1024,1024,1.0,JPEG,264309,6db6e95171b760bf1601cff5fe196f2c,30648874b44d5bfdc3ce8b54d8f0b8694d4c16e54a430b6c9048f2749dd4d306,1.0,90dd1cc4c7b664cd,ok,834.2264462966405,True,True,cluster_01637,val,/home/dheirav/Code/Deepfake_Detection/deepfake-project/dataset_builder/val/ai_generated/flux_topup_000761.jpg
data_sources/ai_generated/FLUX_TopUp/flux_topup_000763.jpg,data_sources/ai_generated/FLUX_TopUp,ai_generated,1024,1024,1.0,JPEG,333825,917b40665c3bc9bdcc0befff4ea1daa0,5ca8e9358a4567aee7160fc93f61161c80487cda2ef2cec0eee17c8b7cdea88d,1.0,c1943e2d7e2f6429,ok,1514.914346516422,True,True,cluster_01070,val,/home/dheirav/Code/Deepfake_Detection/deepfake-project/dataset_builder/val/ai_generated/flux_topup_000763.jpg
data_sources/ai_generated/FLUX_TopUp/flux_topup_000770.jpg,data_sources/ai_generated/FLUX_TopUp,ai_generated,1024,1024,1.0,JPEG,242357,48f0c7f3390945f8eef76e73fb8e8381,689b5444fef4aad118fefc705801c94b27e9ebc04e5bdbe09929e3f6d8678623,1.0,b0a5c34645e7ade4,ok,183.11846473834885,True,True,cluster_01827,val,/home/dheirav/Code/Deepfake_Detection/deepfake-project/dataset_builder/val/ai_generated/flux_topup_000770.jpg
data_sources/ai_generated/FLUX_TopUp/flux_topup_000772.jpg,data_sources/ai_generated/FLUX_TopUp,ai_generated,1024,1024,1.0,JPEG,322076,5382eb148b10aded1eb0c3c5df6c46d2,b42076a3c0a1515fad1a16287118dcc22934e14b86c1c7327e4a45ae4ee5673e,1.0,9ab23a364d1b6c4b,ok,533.9584731402429,True,True,cluster_01160,val,/home/dheirav/Code/Deepfake_Detection/deepfake-project/dataset_builder/val/ai_generated/flux_topup_000772.jpg
data_sources/ai_generated/FLUX_TopUp/flux_topup_000773.jpg,data_sources/ai_generated/FLUX_TopUp,ai_generated,1024,1024,1.0,JPEG,377095,a2d066e5a029a5cf59fca2d2bf42505b,76d1e7c953c88b83e02d0e4a4d8a185e9d6e30ae7ad4920c3d54f708c68d3193,1.0,9ca8479e784326f3,ok,890.3264559608205,True,True,cluster_00792,val,/home/dheirav/Code/Deepfake_Detection/deepfake-project/dataset_builder/val/ai_generated/flux_topup_000773.jpg
data_sources/ai_generated/FLUX_TopUp/flux_topup_000774.jpg,data_sources/ai_generated/FLUX_TopUp,ai_generated,1024,1024,1.0,JPEG,248419,c0e9604aff2adb7cedaa4f369afa4d1a,1c6bfad60c81898cdcc6b7e146a511f12b09fa52af99e2313871fb4e15529548,1.0,91c73cc943661b3d,ok,503.5433194447396,True,True,cluster_01774,val,/home/dheirav/Code/Deepfake_Detection/deepfake-project/dataset_builder/val/ai_generated/flux_topup_000774.jpg
data_sources/ai_generated/FLUX_TopUp/flux_topup_000778.jpg,data_sources/ai_generated/FLUX_TopUp,ai_generated,1024,1024,1.0,JPEG,288179,2cf064f3ed7d59381c674bd4088523b5,9500efe92612955a3f7048025146b98b9416d8de062ee3e708c9fa0794f666b4,1.0,d9a625c9629e64cd,ok,381.7757196426163,True,True,cluster_01442,val,/home/dheirav/Code/Deepfake_Detection/deepfake-project/dataset_builder/val/ai_generated/flux_topup_000778.jpg
data_sources/ai_generated/FLUX_TopUp/flux_topup_000787.jpg,data_sources/ai_generated/FLUX_TopUp,ai_generated,1024,1024,1.0,JPEG,392251,7c22b888755ea243928f30927a64b445,22c76f9ac95bd5ed3d5e791399053d0aa987f40d3644e2c4a76b22519cebd9d8,1.0,99cc26d65c37d219,ok,565.5039955837092,True,True,cluster_00706,val,/home/dheirav/Code/Deepfake_Detection/deepfake-project/dataset_builder/val/ai_generated/flux_topup_000787.jpg
data_sources/ai_generated/FLUX_TopUp/flux_topup_000791.jpg,data_sources/ai_generated/FLUX_TopUp,ai_generated,1024,1024,1.0,JPEG,533587,cb2e6b99eca5a529998102e58f9eaf4e,d1692f677845748d545e881bb95571c60602e7324ed755be12e12587483c94b3,1.0,9d9e3b62686c23cc,ok,3023.9787797986132,True,True,cluster_00093,val,/home/dheirav/Code/Deepfake_Detection/deepfake-project/dataset_builder/val/ai_generated/flux_topup_000791.jpg
data_sources/ai_generated/FLUX_TopUp/flux_topup_000805.jpg,data_sources/ai_generated/FLUX_TopUp,ai_generated,1024,1024,1.0,JPEG,264276,40ca2441e027dd9228fdf40a288ff2e3,1b00b008aecce6a752e78771e5caced50da62f8f1835d187419921705012fee7,1.0,9090a4ee6bf3cccc,ok,668.8692819109408,True,True,cluster_01638,val,/home/dheirav/Code/Deepfake_Detection/deepfake-project/dataset_builder/val/ai_generated/flux_topup_000805.jpg
data_sources/ai_generated/FLUX_TopUp/flux_topup_000807.jpg,data_sources/ai_generated/FLUX_TopUp,ai_generated,1024,1024,1.0,JPEG,500761,c7f7a8b831b43f460e1f0f5ded1fb5a9,642e4286a4f1b0335381802a407301c851a0bf936c1346ccb57fca961bf0ab71,1.0,cd8183f436fc9d42,ok,4455.29397463426,True,True,cluster_00171,val,/home/dheirav/Code/Deepfake_Detection/deepfake-project/dataset_builder/val/ai_generated/flux_topup_000807.jpg
data_sources/ai_generated/FLUX_TopUp/flux_topup_000816.jpg,data_sources/ai_generated/FLUX_TopUp,ai_generated,1024,1024,1.0,JPEG,341405,a8f520319c30b94057db0a8dc84d6f6c,c563440c90ba3f371d0813ecc59c0b8948054b5f867122bb6a2f1e878e32bf01,1.0,9192b6a9833e9bb1,ok,918.6376816401569,True,True,cluster_01007,val,/home/dheirav/Code/Deepfake_Detection/deepfake-project/dataset_builder/val/ai_generated/flux_topup_000816.jpg
data_sources/ai_generated/FLUX_TopUp/flux_topup_000818.jpg,data_sources/ai_generated/FLUX_TopUp,ai_generated,1024,1024,1.0,JPEG,272303,c17a43bf7d71ca4a03e090c9220ebb12,01180a0590f97a4e22628382f1ab377c28f463fe9c0e86428fcf9100fb2904c9,1.0,d26c4fd2209f74c9,ok,780.2791659103666,True,True,cluster_01571,val,/home/dheirav/Code/Deepfake_Detection/deepfake-project/dataset_builder/val/ai_generated/flux_topup_000818.jpg
data_sources/ai_generated/FLUX_TopUp/flux_topup_000820.jpg,data_sources/ai_generated/FLUX_TopUp,ai_generated,1024,1024,1.0,JPEG,309226,c650acf2d495c26e53c60819178fc6c8,f48224e23da6779bfdcc922fe0c326b50034bb0f8054513b6208fec6fa44f2b4,1.0,93a56d5b520eca78,ok,748.7549902292149,True,True,cluster_01268,val,/home/dheirav/Code/Deepfake_Detection/deepfake-project/dataset_builder/val/ai_generated/flux_topup_000820.jpg
data_sources/ai_generated/FLUX_TopUp/flux_topup_000821.jpg,data_sources/ai_generated/FLUX_TopUp,ai_generated,1024,1024,1.0,JPEG,430728,24e21a2da54ccea54d0393376825bf2c,7320853708fc935edaaa7fc417f90a74a529f594c2483550a77bf3f1104ef90d,1.0,c692fc6c33ce2cc4,ok,986.3085625874664,True,True,cluster_00480,val,/home/dheirav/Code/Deepfake_Detection/deepfake-project/dataset_builder/val/ai_generated/flux_topup_000821.jpg
data_sources/ai_generated/FLUX_TopUp/flux_topup_000823.jpg,data_sources/ai_generated/FLUX_TopUp,ai_generated,1024,1024,1.0,JPEG,383143,70ebeb84e999c2c0f47f5445384bfcfc,9d02408c4493e6e00e5c3d0ca7d98c6d12219887a4b5a2b599889670f7a96b45,1.0,98c0f3e433cc66d9,ok,1066.7570375197351,True,True,cluster_00761,val,/home/dheirav/Code/Deepfake_Detection/deepfake-project/dataset_builder/val/ai_generated/flux_topup_000823.jpg
data_sources/ai_generated/FLUX_TopUp/flux_topup_000826.jpg,data_sources/ai_generated/FLUX_TopUp,ai_generated,1024,1024,1.0,JPEG,268365,f6a9091d4c4ccb7280f8a3f21212e9b8,2c1eee6b6fa950e8ca9ab720d36d77f7de07e05ae05d270f3229bbaf1918a68e,1.0,ccc9c36363c76466,ok,317.56461619872323,True,True,cluster_01600,val,/home/dheirav/Code/Deepfake_Detection/deepfake-project/dataset_builder/val/ai_generated/flux_topup_000826.jpg
data_sources/ai_generated/FLUX_TopUp/flux_topup_000828.jpg,data_sources/ai_generated/FLUX_TopUp,ai_generated,1024,1024,1.0,JPEG,382044,e4bae92dc4fe5ebcd2b8894a9a72c8c6,ca8548fac6c4c22c2ccc1b10393edaab200a049d6b9a829d53e46b2659cc9032,1.0,cd3b304677b064b5,ok,881.4330376076022,True,True,cluster_00769,val,/home/dheirav/Code/Deepfake_Detection/deepfake-project/dataset_builder/val/ai_generated/flux_topup_000828.jpg
data_sources/ai_generated/FLUX_TopUp/flux_topup_000830.jpg,data_sources/ai_generated/FLUX_TopUp,ai_generated,1024,1024,1.0,JPEG,345030,eadf8a6599548bffe20479e900dda7e4,8843fddf7e47129508f639fdbfb15fb9c936649f4b7ba2cc31f958b839c04dd6,1.0,d4c6cfdb1a992960,ok,965.8940224943642,True,True,cluster_00987,val,/home/dheirav/Code/Deepfake_Detection/deepfake-project/dataset_builder/val/ai_generated/flux_topup_000830.jpg
data_sources/ai_generated/FLUX_TopUp/flux_topup_000844.jpg,data_sources/ai_generated/FLUX_TopUp,ai_generated,1024,1024,1.0,JPEG,376280,6d9a67085226515ebe690c9a1880ed69,82d8e0b8a63e66a5e6f456453150b8c0ca41725a5c5c63047ec20b7ce5f0c3c3,1.0,c9ac3612039bfb59,ok,804.677615652049,True,True,cluster_00795,val,/home/dheirav/Code/Deepfake_Detection/deepfake-project/dataset_builder/val/ai_generated/flux_topup_000844.jpg
data_sources/ai_generated/FLUX_TopUp/flux_topup_000852.jpg,data_sources/ai_generated/FLUX_TopUp,ai_generated,1024,1024,1.0,JPEG,319106,60c624a332e373e7b8388205211bc5cc,ce6d78deae1ce88aa3870ca1776091386b2b63c04abf6070c910bb5b8bde3227,1.0,84ac6e4e16a56f1e,ok,837.7319969996897,True,True,cluster_01182,val,/home/dheirav/Code/Deepfake_Detection/deepfake-project/dataset_builder/val/ai_generated/flux_topup_000852.jpg
data_sources/ai_generated/FLUX_TopUp/flux_topup_000853.jpg,data_sources/ai_generated/FLUX_TopUp,ai_generated,1024,1024,1.0,JPEG,443564,4056b867f5117c2b9ae0075cca624cb5,4dbea22e7ffaf9e0bbcedfa9ba9191ccc034957d4b25803bd4c0a32ec40840e1,1.0,87d7b27471a97882,ok,1488.9202753214404,True,True,cluster_00407,val,/home/dheirav/Code/Deepfake_Detection/deepfake-project/dataset_builder/val/ai_generated/flux_topup_000853.jpg
data_sources/ai_generated/FLUX_TopUp/flux_topup_000863.jpg,data_sources/ai_generated/FLUX_TopUp,ai_generated,1024,1024,1.0,JPEG,316449,93fe31bc57d5cc16f2db3aa47efae5c3,91b26a3f2138204d8e221586ca9e549998907bcfb75c6b6cf123b7c0edb06d01,1.0,9490696f5e1565cb,ok,640.2242136822169,True,True,cluster_01199,val,/home/dheirav/Code/Deepfake_Detection/deepfake-project/dataset_builder/val/ai_generated/flux_topup_000863.jpg
data_sources/ai_generated/FLUX_TopUp/flux_topup_000865.jpg,data_sources/ai_generated/FLUX_TopUp,ai_generated,1024,1024,1.0,JPEG,311609,90cb4c98ab18cc5145579e3dcb65753e,b92a379fc83d740b8f42248290be533c0da71d1f02b8a620b6a5fb4abbad5e80,1.0,90b8494fa7b9594d,ok,457.41731410935506,True,True,cluster_01244,val,/home/dheirav/Code/Deepfake_Detection/deepfake-project/dataset_builder/val/ai_generated/flux_topup_000865.jpg
data_sources/ai_generated/FLUX_TopUp/flux_topup_000866.jpg,data_sources/ai_generated/FLUX_TopUp,ai_generated,1024,1024,1.0,JPEG,310961,cd7a37770937be2291e7a7b4ac180c4c,ba1b422cb111c2e3922dd4bcd9659a20503a4d84fdfa9acc87b5645046433233,1.0,9b19d92665a666c6,ok,880.1744976192567,True,True,cluster_01251,val,/home/dheirav/Code/Deepfake_Detection/deepfake-project/dataset_builder/val/ai_generated/flux_topup_000866.jpg
data_sources/ai_generated/FLUX_TopUp/flux_topup_000868.jpg,data_sources/ai_generated/FLUX_TopUp,ai_generated,1024,1024,1.0,JPEG,294733,ced14f189a1472fcc062e23b724464f0,fc24c85f12a9e35913bea53da258a5e3164bfbd47c3a160b4bc41aafa30f319a,1.0,999b328a89796763,ok,805.4788189357923,True,True,cluster_01382,val,/home/dheirav/Code/Deepfake_Detection/deepfake-project/dataset_builder/val/ai_generated/flux_topup_000868.jpg
data_sources/ai_generated/FLUX_TopUp/flux_topup_000876.jpg,data_sources/ai_generated/FLUX_TopUp,ai_generated,1024,1024,1.0,JPEG,502149,19664c3fe804ac87770b20ff71a07c81,1456fdab544112dd15ba3a177f76c67b3a3f70bacca69e97fddb9d4b19e82076,1.0,9697a7e908ce21ad,ok,3074.0091976599897,True,True,cluster_00163,val,/home/dheirav/Code/Deepfake_Detection/deepfake-project/dataset_builder/val/ai_generated/flux_topup_000876.jpg
data_sources/ai_generated/FLUX_TopUp/flux_topup_000882.jpg,data_sources/ai_generated/FLUX_TopUp,ai_generated,1024,1024,1.0,JPEG,459456,5b5f4c3533fcee72c410193b683abcc8,3b5028d4d3144608a55c27af2bbda07bc2ddf1728f58abbd140433506cd7e1ef,1.0,99ce3b3964329ac6,ok,1390.645980738303,True,True,cluster_00336,val,/home/dheirav/Code/Deepfake_Detection/deepfake-project/dataset_builder/val/ai_generated/flux_topup_000882.jpg
data_sources/ai_generated/FLUX_TopUp/flux_topup_000884.jpg,data_sources/ai_generated/FLUX_TopUp,ai_generated,1024,1024,1.0,JPEG,366636,86cb352bd695cee4aaf42e96fc218cb3,f39a4f935b1c0095e49227c16444bfe06f09fcea892e90120f3aaad5d57e46ae,1.0,d8d2313d9ba7c419,ok,764.9544961653737,True,True,cluster_00857,val,/home/dheirav/Code/Deepfake_Detection/deepfake-project/dataset_builder/val/ai_generated/flux_topup_000884.jpg
data_sources/ai_generated/FLUX_TopUp/flux_topup_000885.jpg,data_sources/ai_generated/FLUX_TopUp,ai_generated,1024,1024,1.0,JPEG,248809,e6048dd4a8168e6ee1c0b5bab06947af,f00e99c9232336e6f8abc98cf5092eb41bcf5b3f0df494534e69a327132a8cfb,1.0,9897179f866591b4,ok,494.14116785344146,True,True,cluster_01771,val,/home/dheirav/Code/Deepfake_Detection/deepfake-project/dataset_builder/val/ai_generated/flux_topup_000885.jpg
data_sources/ai_generated/FLUX_TopUp/flux_topup_000886.jpg,data_sources/ai_generated/FLUX_TopUp,ai_generated,1024,1024,1.0,JPEG,348536,da651e69295f5dae362af6ce30c7c964,3f51ba3470327723ba432bd029c46929a484837f0910eb70c15a4c456454e49d,1.0,98818797d6ba296d,ok,686.5256575697847,True,True,cluster_00968,val,/home/dheirav/Code/Deepfake_Detection/deepfake-project/dataset_builder/val/ai_generated/flux_topup_000886.jpg
data_sources/ai_generated/FLUX_TopUp/flux_topup_000887.jpg,data_sources/ai_generated/FLUX_TopUp,ai_generated,1024,1024,1.0,JPEG,365880,f13388f07b93d254e5f91413a7c7d417,1280f0009e52b42f46f787998d6ab0576d15e6394baa9b0785558d5943a0a105,1.0,89c3663869cb9c7c,ok,947.9202427235496,True,True,cluster_00863,val,/home/dheirav/Code/Deepfake_Detection/deepfake-project/dataset_builder/val/ai_generated/flux_topup_000887.jpg
data_sources/ai_generated/FLUX_TopUp/flux_topup_000888.jpg,data_sources/ai_generated/FLUX_TopUp,ai_generated,1024,1024,1.0,JPEG,292029,2be8bbdb200e2e1612c3f3d971d4fca0,5a7cfb4b1cff6de18f7cae831e479bfc207de5f26e9400261b313be5df86801a,1.0,928c67f3681763b8,ok,486.1435781794097,True,True,cluster_01401,val,/home/dheirav/Code/Deepfake_Detection/deepfake-project/dataset_builder/val/ai_generated/flux_topup_000888.jpg
data_sources/ai_generated/FLUX_TopUp/flux_topup_000893.jpg,data_sources/ai_generated/FLUX_TopUp,ai_generated,1024,1024,1.0,JPEG,245281,4047106f2510be22f8430b30bebce63d,921ae2d3f8862e617d18f4be3441df7a2069d3719c95e71939ec7c75d19e7517,1.0,888975366f562766,ok,295.787072760515,True,True,cluster_01806,val,/home/dheirav/Code/Deepfake_Detection/deepfake-project/dataset_builder/val/ai_generated/flux_topup_000893.jpg
data_sources/ai_generated/FLUX_TopUp/flux_topup_000902.jpg,data_sources/ai_generated/FLUX_TopUp,ai_generated,1024,1024,1.0,JPEG,243056,53b06b6745da09aa55061799b4299a47,bc37ab2665710cb885bf4e37b30191c11a57e0519ccbaa80735d8990c47ad676,1.0,ece3b6f293da8808,ok,140.02663486297297,True,True,cluster_01820,val,/home/dheirav/Code/Deepfake_Detection/deepfake-project/dataset_builder/val/ai_generated/flux_topup_000902.jpg
data_sources/ai_generated/FLUX_TopUp/flux_topup_000909.jpg,data_sources/ai_generated/FLUX_TopUp,ai_generated,1024,1024,1.0,JPEG,443723,2d6d25ef2df3c79de07f28a9ddb75e29,d386b17975b9e8fe80969eee47a6a2f8e5758a05bcbbcf8d0dc5e2e27e3a8710,1.0,ebe085879e9a5899,ok,1789.5601332160213,True,True,cluster_00405,val,/home/dheirav/Code/Deepfake_Detection/deepfake-project/dataset_builder/val/ai_generated/flux_topup_000909.jpg
data_sources/ai_generated/FLUX_TopUp/flux_topup_000910.jpg,data_sources/ai_generated/FLUX_TopUp,ai_generated,1024,1024,1.0,JPEG,270531,7f608222ef8c04634a971a1a6c36ddfd,bba96e98cf1c52ee12d8f3fc4811adc7d6af4070d5722e6c72eee70cf5832513,1.0,e696da938fc9d101,ok,471.9815182754601,True,True,cluster_01583,val,/home/dheirav/Code/Deepfake_Detection/deepfake-project/dataset_builder/val/ai_generated/flux_topup_000910.jpg
data_sources/ai_generated/FLUX_TopUp/flux_topup_000913.jpg,data_sources/ai_generated/FLUX_TopUp,ai_generated,1024,1024,1.0,JPEG,394316,bbcedfa272c504d1a659b001e9072074,b390bd9b9e0ccb36b51fc4847b3c828681f50e05cbd1bb00e406a40ceda6a55d,1.0,998667a9d99864b3,ok,854.1826369734468,True,True,cluster_00694,val,/home/dheirav/Code/Deepfake_Detection/deepfake-project/dataset_builder/val/ai_generated/flux_topup_000913.jpg
data_sources/ai_generated/FLUX_TopUp/flux_topup_000919.jpg,data_sources/ai_generated/FLUX_TopUp,ai_generated,1024,1024,1.0,JPEG,343670,d8f58c33be0ca053f6ca5fd288b93622,129f58449c44689301f2aff1a8efd31397a0d5081ed32f71344a3e2c84bd232b,1.0,c2c2bc3d9bcae0f0,ok,2150.447155940139,True,True,cluster_00990,val,/home/dheirav/Code/Deepfake_Detection/deepfake-project/dataset_builder/val/ai_generated/flux_topup_000919.jpg
data_sources/ai_generated/FLUX_TopUp/flux_topup_000922.jpg,data_sources/ai_generated/FLUX_TopUp,ai_generated,1024,1024,1.0,JPEG,448180,9f58d69e294db6858799aba9669a2675,7145d1236ab982d4d633d00e0bea0cafce7815eb45c88d1e4f44eff0a38bbc5e,1.0,98986ced226e6d78,ok,2119.28784751883,True,True,cluster_00387,val,/home/dheirav/Code/Deepfake_Detection/deepfake-project/dataset_builder/val/ai_generated/flux_topup_000922.jpg
data_sources/ai_generated/FLUX_TopUp/flux_topup_000923.jpg,data_sources/ai_generated/FLUX_TopUp,ai_generated,1024,1024,1.0,JPEG,250721,61940bcbb5aadc4e8aef9403a3a82319,7b41ae19b32d6a90a7819247c2adafda4f4a08ea025d6cae32c2d107eaec67be,1.0,d5d78e88212d65e3,ok,767.6761149833765,True,True,cluster_01757,val,/home/dheirav/Code/Deepfake_Detection/deepfake-project/dataset_builder/val/ai_generated/flux_topup_000923.jpg
data_sources/ai_generated/FLUX_TopUp/flux_topup_000926.jpg,data_sources/ai_generated/FLUX_TopUp,ai_generated,1024,1024,1.0,JPEG,231442,340c97c7386f28aaacf14045955ce3e5,d647f3c2b05d31cc1f22b2648f1fd8826e9b12376b977ba56e75a4051b97af35,1.0,cc10e34d39e712fc,ok,491.5733901138873,True,True,cluster_01929,val,/home/dheirav/Code/Deepfake_Detection/deepfake-project/dataset_builder/val/ai_generated/flux_topup_000926.jpg
data_sources/ai_generated/FLUX_TopUp/flux_topup_000935.jpg,data_sources/ai_generated/FLUX_TopUp,ai_generated,1024,1024,1.0,JPEG,274019,4aa500622d48f9128bf863792d87c2e7,c5ca74675eca1bdfa4f9fb8011043f3b37dfa19179734d732d5eb5df9c162e06,1.0,97932972726e4b43,ok,516.0265946300021,True,True,cluster_01551,val,/home/dheirav/Code/Deepfake_Detection/deepfake-project/dataset_builder/val/ai_generated/flux_topup_000935.jpg
data_sources/ai_generated/FLUX_TopUp/flux_topup_000937.jpg,data_sources/ai_generated/FLUX_TopUp,ai_generated,1024,1024,1.0,JPEG,410284,c9294212a6a575067ba27ae7c7651a90,e6735f65ccf9e2d0f5ad8e7a71d7852a01e08d124a431a09c0579f6f996775be,1.0,9f966c681d85a369,ok,1525.4731746703023,True,True,cluster_00604,val,/home/dheirav/Code/Deepfake_Detection/deepfake-project/dataset_builder/val/ai_generated/flux_topup_000937.jpg
data_sources/ai_generated/FLUX_TopUp/flux_topup_000942.jpg,data_sources/ai_generated/FLUX_TopUp,ai_generated,1024,1024,1.0,JPEG,362939,129f16ffe7ac64d81a9209c693cb5a80,39540aa302724bfed4430f738799eebef9a1e07feac408cf8a765af79d0cc9eb,1.0,85e0da6a938f711d,ok,590.8737595094389,True,True,cluster_00885,val,/home/dheirav/Code/Deepfake_Detection/deepfake-project/dataset_builder/val/ai_generated/flux_topup_000942.jpg
data_sources/ai_generated/FLUX_TopUp/flux_topup_000949.jpg,data_sources/ai_generated/FLUX_TopUp,ai_generated,1024,1024,1.0,JPEG,266886,8150b5f498595752d95bc7bc33d8f30a,062252f0f0646c3d8c0be2971bbd339db79f565414b2c9e045501ea015781552,1.0,813c63ce66659acd,ok,580.0645588301122,True,True,cluster_01611,val,/home/dheirav/Code/Deepfake_Detection/deepfake-project/dataset_builder/val/ai_generated/flux_topup_000949.jpg
data_sources/ai_generated/FLUX_TopUp/flux_topup_000950.jpg,data_sources/ai_generated/FLUX_TopUp,ai_generated,1024,1024,1.0,JPEG,485528,c18ecaebe18a12545b2d48ad7e45abb1,6fd1b66bfe2c1e1fca6931b982535a8772820070c504f26defad358614c48a2e,1.0,9f9fb36949c14078,ok,1759.2140359841271,True,True,cluster_00227,val,/home/dheirav/Code/Deepfake_Detection/deepfake-project/dataset_builder/val/ai_generated/flux_topup_000950.jpg
data_sources/ai_generated/FLUX_TopUp/flux_topup_000954.jpg,data_sources/ai_generated/FLUX_TopUp,ai_generated,1024,1024,1.0,JPEG,374893,8f7a7fdf648f440de0511a8ccd123340,0c0cc4afc6220ff1de88b8af7fc63648f8cbb5e958293bc143104b2c1aace392,1.0,89cf17b13b98305b,ok,509.28459967922754,True,True,cluster_00804,val,/home/dheirav/Code/Deepfake_Detection/deepfake-project/dataset_builder/val/ai_generated/flux_topup_000954.jpg
data_sources/ai_generated/FLUX_TopUp/flux_topup_000956.jpg,data_sources/ai_generated/FLUX_TopUp,ai_generated,1024,1024,1.0,JPEG,223978,91326dcfb314727cc7102e09d15a3b43,043e7e3798cd55a839f140069295a963c0d06cf50d64ecbfd17b98c10dd7f8cb,1.0,92808d77379bc84f,ok,212.6436856764621,True,True,cluster_01982,val,/home/dheirav/Code/Deepfake_Detection/deepfake-project/dataset_builder/val/ai_generated/flux_topup_000956.jpg
data_sources/ai_generated/FLUX_TopUp/flux_topup_000959.jpg,data_sources/ai_generated/FLUX_TopUp,ai_generated,1024,1024,1.0,JPEG,301760,4c61f028e2f10c0c68304f17a440a825,d3301d2b0581eb1a4c2c9e685ed6e61d5e2fe4fe966082057de8b0aa12ad9faf,1.0,879f99f492c47461,ok,885.2602082789372,True,True,cluster_01329,val,/home/dheirav/Code/Deepfake_Detection/deepfake-project/dataset_builder/val/ai_generated/flux_topup_000959.jpg
data_sources/ai_generated/FLUX_TopUp/flux_topup_000961.jpg,data_sources/ai_generated/FLUX_TopUp,ai_generated,1024,1024,1.0,JPEG,449829,7d4862bb7b8fa638deb2d65f05e029de,b2a181b051089a038a6bcd6641d4c4d7ebedc568fd76e0a4fa5e589182ab9f79,1.0,d393cc6da1d83319,ok,1377.2308398226596,True,True,cluster_00374,val,/home/dheirav/Code/Deepfake_Detection/deepfake-project/dataset_builder/val/ai_generated/flux_topup_000961.jpg
data_sources/ai_generated/FLUX_TopUp/flux_topup_000962.jpg,data_sources/ai_generated/FLUX_TopUp,ai_generated,1024,1024,1.0,JPEG,314466,ae346d919d0a51f17d81eab92476243d,745d31814d7abc5eb45fe55b373259cdafba266245c647a2fcf6d14674e46113,1.0,92e5c97816857bc3,ok,812.9586920443317,True,True,cluster_01216,val,/home/dheirav/Code/Deepfake_Detection/deepfake-project/dataset_builder/val/ai_generated/flux_topup_000962.jpg
data_sources/ai_generated/FLUX_TopUp/flux_topup_000963.jpg,data_sources/ai_generated/FLUX_TopUp,ai_generated,1024,1024,1.0,JPEG,308876,27d026cdc58ec561c644bd40d9af350d,640e8217811297b3b820893a81b80ec8bd193f1ee0efb6eb4a2487554dac7e5a,1.0,9196cecdb68338b4,ok,510.40651442050057,True,True,cluster_01271,val,/home/dheirav/Code/Deepfake_Detection/deepfake-project/dataset_builder/val/ai_generated/flux_topup_000963.jpg
data_sources/ai_generated/FLUX_TopUp/flux_topup_000966.jpg,data_sources/ai_generated/FLUX_TopUp,ai_generated,1024,1024,1.0,JPEG,358351,c14092109dc8efbf0f350f01fa858f46,180a498f3c45a11ac4bdf6edbe2996f1e45324f6ded04806a1b9127e2e1c3c32,1.0,c5f2f2dd0c0b2dc8,ok,449.3262784173712,True,True,cluster_00910,val,/home/dheirav/Code/Deepfake_Detection/deepfake-project/dataset_builder/val/ai_generated/flux_topup_000966.jpg
data_sources/ai_generated/FLUX_TopUp/flux_topup_000973.jpg,data_sources/ai_generated/FLUX_TopUp,ai_generated,1024,1024,1.0,JPEG,456521,8715e9bffc169de9cf2be61cf2776496,140a8faa64fbcef95c8a6918f003a63763ecfabf3fb6de48d7fcc75dd23b4bf6,1.0,f8f91d94f0ba2322,ok,1602.061322739111,True,True,cluster_00344,val,/home/dheirav/Code/Deepfake_Detection/deepfake-project/dataset_builder/val/ai_generated/flux_topup_000973.jpg
data_sources/ai_generated/FLUX_TopUp/flux_topup_000983.jpg,data_sources/ai_generated/FLUX_TopUp,ai_generated,1024,1024,1.0,JPEG,371509,9e29c1ea2e1216b341f074acd6666c8f,9d37ca82b20fb92e4d82fcc8e27ef04274046cce5b20c554604d81916a8faf18,1.0,94936b6c1c3b616d,ok,948.2830780146032,True,True,cluster_00821,val,/home/dheirav/Code/Deepfake_Detection/deepfake-project/dataset_builder/val/ai_generated/flux_topup_000983.jpg
data_sources/ai_generated/FLUX_TopUp/flux_topup_000986.jpg,data_sources/ai_generated/FLUX_TopUp,ai_generated,1024,1024,1.0,JPEG,292367,b97b4de7598d819cbe834533f3155f8a,d03e3b7cf5db084b608a381d34f574e4b1035460fb2ab6ed98497ba8bb7fcb85,1.0,d0f05f782b8525f4,ok,542.9933564071398,True,True,cluster_01399,val,/home/dheirav/Code/Deepfake_Detection/deepfake-project/dataset_builder/val/ai_generated/flux_topup_000986.jpg
data_sources/ai_generated/FLUX_TopUp/flux_topup_000994.jpg,data_sources/ai_generated/FLUX_TopUp,ai_generated,1024,1024,1.0,JPEG,312352,0313eacf05b52b5d13fe6c3558967a6b,f8ff9d278ddb74ed7ae317ce242a2a86fcec43e0d26a7d392668aff8dd4d91d3,1.0,d93d6664326624f3,ok,1702.8723677887237,True,True,cluster_01238,val,/home/dheirav/Code/Deepfake_Detection/deepfake-project/dataset_builder/val/ai_generated/flux_topup_000994.jpg
data_sources/ai_generated/FLUX_TopUp/flux_topup_000995.jpg,data_sources/ai_generated/FLUX_TopUp,ai_generated,1024,1024,1.0,JPEG,364665,80331c1270517bae8c50ab9bf62c0cca,b9568af09a7a51a9cc7320c482ee521b079e4caf3c4ad848fb976c9b7f48908e,1.0,99d9db8e129a31c6,ok,2209.114081389648,True,True,cluster_00870,val,/home/dheirav/Code/Deepfake_Detection/deepfake-project/dataset_builder/val/ai_generated/flux_topup_000995.jpg
data_sources/ai_generated/FLUX_TopUp/flux_topup_000998.jpg,data_sources/ai_generated/FLUX_TopUp,ai_generated,1024,1024,1.0,JPEG,289137,bcb558fc94f2b281635ff0584e1de71e,55ae0c53f1b0b4b81ab21eca49e6c7b1a97ef32c6483ecd5b55107225806dbf9,1.0,c3e3639c4c63b1d8,ok,439.4793285585901,True,True,cluster_01434,val,/home/dheirav/Code/Deepfake_Detection/deepfake-project/dataset_builder/val/ai_generated/flux_topup_000998.jpg
data_sources/ai_generated/FLUX_TopUp/flux_topup_001004.jpg,data_sources/ai_generated/FLUX_TopUp,ai_generated,1024,1024,1.0,JPEG,546496,659777486210bc6010ea613271d381e9,a5ed325266a5d977df06f7eee9a601bbd7189927a6ee0a623ac3cee1f5008b34,1.0,9692cb8c0dd87cd9,ok,3043.4982275884495,True,True,cluster_00071,val,/home/dheirav/Code/Deepfake_Detection/deepfake-project/dataset_builder/val/ai_generated/flux_topup_001004.jpg
data_sources/ai_generated/FLUX_TopUp/flux_topup_001005.jpg,data_sources/ai_generated/FLUX_TopUp,ai_generated,1024,1024,1.0,JPEG,367919,f9d17e9bfb713ae056ef57911d842c7f,ec24cc6e1df2dc3ba2de187a307040ad2cf547a3c9f0de223985985aa94ed686,1.0,b2a9465a938d4d4f,ok,882.6470221409108,True,True,cluster_00847,val,/home/dheirav/Code/Deepfake_Detection/deepfake-project/dataset_builder/val/ai_generated/flux_topup_001005.jpg
data_sources/ai_generated/FLUX_TopUp/flux_topup_001009.jpg,data_sources/ai_generated/FLUX_TopUp,ai_generated,1024,1024,1.0,JPEG,336194,309743a7baf5d9f3673156fa697a364d,8e91c6fcf14b7951c9f7b3223cb2b3517edcc049d5ff846b1b678f2c05e590c4,1.0,96b631494ea6da65,ok,290.791549339373,True,True,cluster_01050,val,/home/dheirav/Code/Deepfake_Detection/deepfake-project/dataset_builder/val/ai_generated/flux_topup_001009.jpg
data_sources/ai_generated/FLUX_TopUp/flux_topup_001010.jpg,data_sources/ai_generated/FLUX_TopUp,ai_generated,1024,1024,1.0,JPEG,401241,0b57af4b5285fc32f9aa1087de2b5e3f,5962653ca654c7ecab7454fb16151fe0be3677c61bb897114bb2d436d87c6997,1.0,d9989a705d8b64ce,ok,791.222565626179,True,True,cluster_00661,val,/home/dheirav/Code/Deepfake_Detection/deepfake-project/dataset_builder/val/ai_generated/flux_topup_001010.jpg
data_sources/ai_generated/FLUX_TopUp/flux_topup_001017.jpg,data_sources/ai_generated/FLUX_TopUp,ai_generated,1024,1024,1.0,JPEG,430237,987f5d23261399c71cdcb42df9563846,2af32b475342633e19a9ce337f1f65a5adbf1031e53b19926e273d00df0cacd1,1.0,9594242c6fa3e5e5,ok,1236.855607759193,True,True,cluster_00484,val,/home/dheirav/Code/Deepfake_Detection/deepfake-project/dataset_builder/val/ai_generated/flux_topup_001017.jpg
data_sources/ai_generated/FLUX_TopUp/flux_topup_001020.jpg,data_sources/ai_generated/FLUX_TopUp,ai_generated,1024,1024,1.0,JPEG,341548,653b61a6d3a9242069a0f52ae148c89c,f9d4e1cfac64241d96d1502591d97b83f3e34be903a3e2e1c29fc6543ab317fc,1.0,9080e27a7fd5b1e8,ok,618.2463522179605,True,True,cluster_01004,val,/home/dheirav/Code/Deepfake_Detection/deepfake-project/dataset_builder/val/ai_generated/flux_topup_001020.jpg
data_sources/ai_generated/FLUX_TopUp/flux_topup_001021.jpg,data_sources/ai_generated/FLUX_TopUp,ai_generated,1024,1024,1.0,JPEG,372604,2fd712b155fc2bb57c18005efccaf443,15b6fbd67c46c8d4a9e891389eccc23227eebfba4ccff5e40a09bbf07a52d394,1.0,80e2615d1ed76f13,ok,685.0472784037546,True,True,cluster_00815,val,/home/dheirav/Code/Deepfake_Detection/deepfake-project/dataset_builder/val/ai_generated/flux_topup_001021.jpg
data_sources/ai_generated/FLUX_TopUp/flux_topup_001023.jpg,data_sources/ai_generated/FLUX_TopUp,ai_generated,1024,1024,1.0,JPEG,245976,359c8bc3d7c3b1460a26a82a8c5cd1a1,cbcdd4cfa755625b553f3d56818e1790f950fe768d5a7fc351d0e87abe3f6e6b,1.0,819edacbc0f0f4ac,ok,771.6981927447696,True,True,cluster_01799,val,/home/dheirav/Code/Deepfake_Detection/deepfake-project/dataset_builder/val/ai_generated/flux_topup_001023.jpg
data_sources/ai_generated/FLUX_TopUp/flux_topup_001026.jpg,data_sources/ai_generated/FLUX_TopUp,ai_generated,1024,1024,1.0,JPEG,484277,e6fb48747eccb1446b55ff1148f3f88c,c36acfc00a403d81a17a9a9f201916821e8e65b5506165d436c5a3089eed4105,1.0,99939c393ec621ec,ok,1976.8609800131367,True,True,cluster_00232,val,/home/dheirav/Code/Deepfake_Detection/deepfake-project/dataset_builder/val/ai_generated/flux_topup_001026.jpg
data_sources/ai_generated/FLUX_TopUp/flux_topup_001029.jpg,data_sources/ai_generated/FLUX_TopUp,ai_generated,1024,1024,1.0,JPEG,350620,e24e9e726c833466b705989e5598ca4b,4dffff5d84be48fb04c93584ca5cb426bf043e9310d73f2d3106c4ca38eff9d2,1.0,b3b94846b6fc6909,ok,909.8436717743378,True,True,cluster_00951,val,/home/dheirav/Code/Deepfake_Detection/deepfake-project/dataset_builder/val/ai_generated/flux_topup_001029.jpg
data_sources/ai_generated/FLUX_TopUp/flux_topup_001030.jpg,data_sources/ai_generated/FLUX_TopUp,ai_generated,1024,1024,1.0,JPEG,335956,2bc909e37f50696cf8a1d349f787ef2f,57e18fcaecf24d09c801d5f65eb9ac39e27dc897a1c48aa3961a3e6aa8501a75,1.0,95a57a6a43036bda,ok,1332.5048155180039,True,True,cluster_01054,val,/home/dheirav/Code/Deepfake_Detection/deepfake-project/dataset_builder/val/ai_generated/flux_topup_001030.jpg
data_sources/ai_generated/FLUX_TopUp/flux_topup_001034.jpg,data_sources/ai_generated/FLUX_TopUp,ai_generated,1024,1024,1.0,JPEG,441296,83b26550e790b9a7513f46705ba95736,2f7df955aefdf25e854932e778091017ea0e28663120dcde6ef5b605db181182,1.0,90a3ed0d7a9c722b,ok,2253.131390656795,True,True,cluster_00421,val,/home/dheirav/Code/Deepfake_Detection/deepfake-project/dataset_builder/val/ai_generated/flux_topup_001034.jpg
data_sources/ai_generated/FLUX_TopUp/flux_topup_001040.jpg,data_sources/ai_generated/FLUX_TopUp,ai_generated,1024,1024,1.0,JPEG,305271,e9ac5b5c82c7279535fdd9fb9fc56414,b742c055c629664842c9039314224fa7e4585b7b48230863ee641ca821e0501a,1.0,98986b2fd070e979,ok,573.9227462118351,True,True,cluster_01303,val,/home/dheirav/Code/Deepfake_Detection/deepfake-project/dataset_builder/val/ai_generated/flux_topup_001040.jpg
data_sources/ai_generated/FLUX_TopUp/flux_topup_001041.jpg,data_sources/ai_generated/FLUX_TopUp,ai_generated,1024,1024,1.0,JPEG,495616,d23c4d5c2baf6efab049312393d6f8f3,2ae943c309ae91e132903542f02a995139f3ee12200f54b9ef247f637371fce6,1.0,939599e4d9069765,ok,2018.8834585398129,True,True,cluster_00191,val,/home/dheirav/Code/Deepfake_Detection/deepfake-project/dataset_builder/val/ai_generated/flux_topup_001041.jpg
data_sources/ai_generated/FLUX_TopUp/flux_topup_001043.jpg,data_sources/ai_generated/FLUX_TopUp,ai_generated,1024,1024,1.0,JPEG,408871,290fca588bab709d630e3a27dabdb718,ac749ca2fb654dd8bd589591577b05594b55c7096b121f92f72174c3b48372fa,1.0,97d3db491525a58a,ok,1508.5932424402417,True,True,cluster_00613,val,/home/dheirav/Code/Deepfake_Detection/deepfake-project/dataset_builder/val/ai_generated/flux_topup_001043.jpg
data_sources/ai_generated/FLUX_TopUp/flux_topup_001045.jpg,data_sources/ai_generated/FLUX_TopUp,ai_generated,1024,1024,1.0,JPEG,309544,ee1dc8dc5155e55730abf2824922dc42,49a7bf2b2c2feb825d3ff277df1a12087243d4f639d43fe8ff42506f861528ce,1.0,9cdad38966946a36,ok,600.0875587084884,True,True,cluster_01262,val,/home/dheirav/Code/Deepfake_Detection/deepfake-project/dataset_builder/val/ai_generated/flux_topup_001045.jpg
data_sources/ai_generated/FLUX_TopUp/flux_topup_001051.jpg,data_sources/ai_generated/FLUX_TopUp,ai_generated,1024,1024,1.0,JPEG,233005,e492eade916ce0632194b793dc7b16f2,4c1bdf937d1b4563e1ec9a785b36bdab32cf38b13caa072ee8f8b3b887a680ae,1.0,9c3b035cd4d2257d,ok,439.70734525586886,True,True,cluster_01912,val,/home/dheirav/Code/Deepfake_Detection/deepfake-project/dataset_builder/val/ai_generated/flux_topup_001051.jpg
data_sources/ai_generated/FLUX_TopUp/flux_topup_001059.jpg,data_sources/ai_generated/FLUX_TopUp,ai_generated,1024,1024,1.0,JPEG,432191,150ecb4a1b281d933061effc75bba8d6,7321d1f82faf6ab5c5e3d573f5192fe22d307ffebd1b5ee21b1b72bbb1019e36,1.0,eabf13118919cd6c,ok,1468.2342456733445,True,True,cluster_00475,val,/home/dheirav/Code/Deepfake_Detection/deepfake-project/dataset_builder/val/ai_generated/flux_topup_001059.jpg
data_sources/ai_generated/FLUX_TopUp/flux_topup_001064.jpg,data_sources/ai_generated/FLUX_TopUp,ai_generated,1024,1024,1.0,JPEG,298435,baaa3c14bbd92ecb5285bfac9bc97eac,cb1620dabea5a2301def57bd1157e5227dc25eceeb3d0386a7c0b33a6c1cae41,1.0,96859929bcc6a36b,ok,288.4968384968006,True,True,cluster_01363,val,/home/dheirav/Code/Deepfake_Detection/deepfake-project/dataset_builder/val/ai_generated/flux_topup_001064.jpg
data_sources/ai_generated/FLUX_TopUp/flux_topup_001067.jpg,data_sources/ai_generated/FLUX_TopUp,ai_generated,1024,1024,1.0,JPEG,414489,0fd2133f959cacc17c8930db953ace7b,9bab00d1a47e557258334a37cf5cbf90b8af7f6e99bff93026386bafb8015c24,1.0,999966ce192ee632,ok,1668.1726469143136,True,True,cluster_00575,val,/home/dheirav/Code/Deepfake_Detection/deepfake-project/dataset_builder/val/ai_generated/flux_topup_001067.jpg
data_sources/ai_generated/FLUX_TopUp/flux_topup_001070.jpg,data_sources/ai_generated/FLUX_TopUp,ai_generated,1024,1024,1.0,JPEG,312698,5b911c124a1f23847ed9691cf6a02b91,05fc3c1c14bdc00f9df1a67afc9f413b6fa0dc0ee9322cbf4eb36370baa67096,1.0,99c86a7a9e866369,ok,724.742605649775,True,True,cluster_01230,val,/home/dheirav/Code/Deepfake_Detection/deepfake-project/dataset_builder/val/ai_generated/flux_topup_001070.jpg
data_sources/ai_generated/FLUX_TopUp/flux_topup_001076.jpg,data_sources/ai_generated/FLUX_TopUp,ai_generated,1024,1024,1.0,JPEG,319785,946c2d580101173403fe70b5d3c39498,f836b6bf7f5b180e8790e41039998ac4631efeb0edfc5944c564e06fe5a13c1b,1.0,92b622496df56d1a,ok,758.2567683467059,True,True,cluster_01178,val,/home/dheirav/Code/Deepfake_Detection/deepfake-project/dataset_builder/val/ai_generated/flux_topup_001076.jpg
data_sources/ai_generated/FLUX_TopUp/flux_topup_001078.jpg,data_sources/ai_generated/FLUX_TopUp,ai_generated,1024,1024,1.0,JPEG,354714,b147472b358641de2f90715af344ce8d,d498bc24bf980a68fb2cdc10e9c973f008cfefc665b6f1e5aa231b73f458ada9,1.0,8dcddec6261e2435,ok,1361.7366134873262,True,True,cluster_00926,val,/home/dheirav/Code/Deepfake_Detection/deepfake-project/dataset_builder/val/ai_generated/flux_topup_001078.jpg
data_sources/ai_generated/FLUX_TopUp/flux_topup_001079.jpg,data_sources/ai_generated/FLUX_TopUp,ai_generated,1024,1024,1.0,JPEG,428112,75e6255e7517c9ce7a05dc327eda5178,990ca5867a6953bc8c63714f7aeb82ede9f812f5eccb2713fccc8436fef9b140,1.0,8d8c87c626d5aab5,ok,1397.3505250132835,True,True,cluster_00499,val,/home/dheirav/Code/Deepfake_Detection/deepfake-project/dataset_builder/val/ai_generated/flux_topup_001079.jpg
data_sources/ai_generated/FLUX_TopUp/flux_topup_001081.jpg,data_sources/ai_generated/FLUX_TopUp,ai_generated,1024,1024,1.0,JPEG,528387,e6061162f65f6b742529a7b672d87b8d,3579e02dd5829bf4de2ae3c2a8390b0b10c95974bdac94fbd539a524632f48bc,1.0,98cb6f5d31e23838,ok,2228.3127869724685,True,True,cluster_00106,val,/home/dheirav/Code/Deepfake_Detection/deepfake-project/dataset_builder/val/ai_generated/flux_topup_001081.jpg
data_sources/ai_generated/FLUX_TopUp/flux_topup_001082.jpg,data_sources/ai_generated/FLUX_TopUp,ai_generated,1024,1024,1.0,JPEG,475732,95580feea0c5ab9f57af0bca136b9856,7c5b2c6e295a57419f3cad76f72b284929bbfb46187a24edfac2f82fd38c9c15,1.0,8584c2ea2a7f97c3,ok,2977.8291790982325,True,True,cluster_00260,val,/home/dheirav/Code/Deepfake_Detection/deepfake-project/dataset_builder/val/ai_generated/flux_topup_001082.jpg
data_sources/ai_generated/FLUX_TopUp/flux_topup_001084.jpg,data_sources/ai_generated/FLUX_TopUp,ai_generated,1024,1024,1.0,JPEG,237706,a8ed8c428caeb846fdff0ca7571300f2,8ab4890ddff8a2db3f546853a6f7fae8245e25b9c96c7a0845872c67d32cf777,1.0,9293cb9e8ac6cea4,ok,313.4153473367978,True,True,cluster_01877,val,/home/dheirav/Code/Deepfake_Detection/deepfake-project/dataset_builder/val/ai_generated/flux_topup_001084.jpg
data_sources/ai_generated/FLUX_TopUp/flux_topup_001085.jpg,data_sources/ai_generated/FLUX_TopUp,ai_generated,1024,1024,1.0,JPEG,287455,82b4a5d56389e85c8e3fbb8435ed3a11,93067eee9fbf8e69a0069a6d2bec0a5533771b4f5c34f07516d9e6a66977d84c,1.0,c8e52f92303f2df0,ok,479.77870462829014,True,True,cluster_01453,val,/home/dheirav/Code/Deepfake_Detection/deepfake-project/dataset_builder/val/ai_generated/flux_topup_001085.jpg
data_sources/ai_generated/FLUX_TopUp/flux_topup_001092.jpg,data_sources/ai_generated/FLUX_TopUp,ai_generated,1024,1024,1.0,JPEG,253150,54a858793480adefa447f503139fe6c1,b1b74a08dadf06f2debc6e1469918b29de7746c98ef20340ce34b59bddd6c287,1.0,939e939334d930e6,ok,511.6146047287292,True,True,cluster_01732,val,/home/dheirav/Code/Deepfake_Detection/deepfake-project/dataset_builder/val/ai_generated/flux_topup_001092.jpg
data_sources/ai_generated/FLUX_TopUp/flux_topup_001095.jpg,data_sources/ai_generated/FLUX_TopUp,ai_generated,1024,1024,1.0,JPEG,303041,2b00f780ae837b172ca0af6fb4b3a2e0,cc31a88891a1100c460b4a0845bb656b3dc77ebe87f5115f282e2a20486f6d67,1.0,8d81367269697796,ok,727.6789594587133,True,True,cluster_01318,val,/home/dheirav/Code/Deepfake_Detection/deepfake-project/dataset_builder/val/ai_generated/flux_topup_001095.jpg
data_sources/ai_generated/FLUX_TopUp/flux_topup_001100.jpg,data_sources/ai_generated/FLUX_TopUp,ai_generated,1024,1024,1.0,JPEG,235469,d43ad956fede0e4aee757763a2af41e5,4fa083184259e09ebeaa6e945b5a10c81fc0b119480ef4160123d229039ac210,1.0,98b2ef0df419c293,ok,593.214256285908,True,True,cluster_01897,val,/home/dheirav/Code/Deepfake_Detection/deepfake-project/dataset_builder/val/ai_generated/flux_topup_001100.jpg
data_sources/ai_generated/FLUX_TopUp/flux_topup_001101.jpg,data_sources/ai_generated/FLUX_TopUp,ai_generated,1024,1024,1.0,JPEG,316046,da8415db9d2ed8c41f920caf8f63af05,91ea2c8ceac9ac9d3f0b5fa545d971aff4d5f2222b6f77832a6d6690de94b8f3,1.0,c484983b6366cefa,ok,1633.21234684599,True,True,cluster_01202,val,/home/dheirav/Code/Deepfake_Detection/deepfake-project/dataset_builder/val/ai_generated/flux_topup_001101.jpg
data_sources/ai_generated/FLUX_TopUp/flux_topup_001104.jpg,data_sources/ai_generated/FLUX_TopUp,ai_generated,1024,1024,1.0,JPEG,465627,ea19b1dc2f6ecb9ee917f5bc1f9751c5,888fe20c960c50d143a5a9673f17910a95e7e6c089f04e0e989891c58320912d,1.0,c7c3941cb0be72c5,ok,1306.5229917974857,True,True,cluster_00311,val,/home/dheirav/Code/Deepfake_Detection/deepfake-project/dataset_builder/val/ai_generated/flux_topup_001104.jpg
data_sources/ai_generated/FLUX_TopUp/flux_topup_001105.jpg,data_sources/ai_generated/FLUX_TopUp,ai_generated,1024,1024,1.0,JPEG,410151,cbb9dc8f2a09d2e75ed9da555f066a6c,b687127913d376b5f1299640180859683fcc938cf691b2504a943269b2de340d,1.0,999627391b16676a,ok,1178.078712190254,True,True,cluster_00607,val,/home/dheirav/Code/Deepfake_Detection/deepfake-project/dataset_builder/val/ai_generated/flux_topup_001105.jpg
data_sources/ai_generated/FLUX_TopUp/flux_topup_001112.jpg,data_sources/ai_generated/FLUX_TopUp,ai_generated,1024,1024,1.0,JPEG,432978,93342599cf57a89b810aa776b634e7cf,221a15c1ce2dcb2d8b5b622b8e29ddd02870b23ddd970a23c247f141cfdbee16,1.0,b1b1cb9e9dc0446e,ok,2224.0156233332673,True,True,cluster_00466,val,/home/dheirav/Code/Deepfake_Detection/deepfake-project/dataset_builder/val/ai_generated/flux_topup_001112.jpg
data_sources/ai_generated/FLUX_TopUp/flux_topup_001114.jpg,data_sources/ai_generated/FLUX_TopUp,ai_generated,1024,1024,1.0,JPEG,223499,5978ecbc233953f96c5b5d93e56a3650,5bd575516478db11d51c91cdafac7cdb28b706e4f70478135bdd0deb8f727194,1.0,9baaa64a367139e8,ok,274.101098671038,True,True,cluster_01985,val,/home/dheirav/Code/Deepfake_Detection/deepfake-project/dataset_builder/val/ai_generated/flux_topup_001114.jpg
data_sources/ai_generated/FLUX_TopUp/flux_topup_001117.jpg,data_sources/ai_generated/FLUX_TopUp,ai_generated,1024,1024,1.0,JPEG,311029,333d00b70266630cccb70c24c0af2d6d,cfd033e196c92fdea37a2b5b18b642fdfbc27511d77b1bc9c2f264120727c6a1,1.0,b4bcca4325bd3c94,ok,598.4846953218803,True,True,cluster_01249,val,/home/dheirav/Code/Deepfake_Detection/deepfake-project/dataset_builder/val/ai_generated/flux_topup_001117.jpg
data_sources/ai_generated/FLUX_TopUp/flux_topup_001119.jpg,data_sources/ai_generated/FLUX_TopUp,ai_generated,1024,1024,1.0,JPEG,533236,7285817976b6962423ff63924db2a37f,6f668520e57e59d8e31a0b4052b87d099687c869e10d2755761b315a7de38f1a,1.0,85979638781f985b,ok,5162.9398164457725,True,True,cluster_00096,val,/home/dheirav/Code/Deepfake_Detection/deepfake-project/dataset_builder/val/ai_generated/flux_topup_001119.jpg
data_sources/ai_generated/FLUX_TopUp/flux_topup_001125.jpg,data_sources/ai_generated/FLUX_TopUp,ai_generated,1024,1024,1.0,JPEG,233478,b0e67ac7498e50b45f44fa64d09c538a,1c573f9d5d9be0cb712d6810628ea273e89df64ba0d85e69fda13067ecfe3207,1.0,93954d2db2d34d4c,ok,262.1056899238283,True,True,cluster_01908,val,/home/dheirav/Code/Deepfake_Detection/deepfake-project/dataset_builder/val/ai_generated/flux_topup_001125.jpg
data_sources/ai_generated/FLUX_TopUp/flux_topup_001134.jpg,data_sources/ai_generated/FLUX_TopUp,ai_generated,1024,1024,1.0,JPEG,472384,1fab51b1273dd8a45887e4b1d0e0a07e,660142c492cc14733e71f3ab38a0cea7a64a74a22b53373c0e7f5e4c1d4f0238,1.0,92b6ede533b8b048,ok,1284.4086793782149,True,True,cluster_00280,val,/home/dheirav/Code/Deepfake_Detection/deepfake-project/dataset_builder/val/ai_generated/flux_topup_001134.jpg
data_sources/ai_generated/FLUX_TopUp/flux_topup_001135.jpg,data_sources/ai_generated/FLUX_TopUp,ai_generated,1024,1024,1.0,JPEG,422625,7df6fd50dafe41d0640e3f26e8a39e27,23e427353f606905d79834f21141e6eab8c709bca0fbf8352d9a27d112f27065,1.0,86c2ca292d4f79cd,ok,837.6010650787357,True,True,cluster_00527,val,/home/dheirav/Code/Deepfake_Detection/deepfake-project/dataset_builder/val/ai_generated/flux_topup_001135.jpg
data_sources/ai_generated/FLUX_TopUp/flux_topup_001141.jpg,data_sources/ai_generated/FLUX_TopUp,ai_generated,1024,1024,1.0,JPEG,442683,32a500cf899e4bab26511eee57004047,11354aa720af6d7e613bc131c4cfbce8e084e45428b563f8eeca7fe22ca537fd,1.0,c6ca19017bf671c3,ok,1020.1634286288597,True,True,cluster_00413,val,/home/dheirav/Code/Deepfake_Detection/deepfake-project/dataset_builder/val/ai_generated/flux_topup_001141.jpg
data_sources/ai_generated/FLUX_TopUp/flux_topup_001147.jpg,data_sources/ai_generated/FLUX_TopUp,ai_generated,1024,1024,1.0,JPEG,382834,cde9d8a3da1bd6243b7e340bdfe528d2,cb502fd027adbfe219914e9e7e26a470cbcf7acae1bc8d43b6b3979920420104,1.0,d4d662298d6978d6,ok,713.5531524922553,True,True,cluster_00763,val,/home/dheirav/Code/Deepfake_Detection/deepfake-project/dataset_builder/val/ai_generated/flux_topup_001147.jpg
data_sources/ai_generated/FLUX_TopUp/flux_topup_001151.jpg,data_sources/ai_generated/FLUX_TopUp,ai_generated,1024,1024,1.0,JPEG,604366,7c55c2be0eb92acfeb33b9a9f9b387d4,6b4d081262182d1c129f281982c08297dbbb0544e864e1b3d74196a52135051f,1.0,99c3cca1671869f9,ok,3881.60604087972,True,True,cluster_00016,val,/home/dheirav/Code/Deepfake_Detection/deepfake-project/dataset_builder/val/ai_generated/flux_topup_001151.jpg
data_sources/ai_generated/FLUX_TopUp/flux_topup_001158.jpg,data_sources/ai_generated/FLUX_TopUp,ai_generated,1024,1024,1.0,JPEG,418552,9f259fec6dc333136d61bc118fb8c46c,2198702fa151b92b45cfa8dc8dd24cc991e2f92085ff4080de48f98b2834c580,1.0,90d276b8783cf271,ok,2639.3857207481883,True,True,cluster_00554,val,/home/dheirav/Code/Deepfake_Detection/deepfake-project/dataset_builder/val/ai_generated/flux_topup_001158.jpg
data_sources/ai_generated/FLUX_TopUp/flux_topup_001164.jpg,data_sources/ai_generated/FLUX_TopUp,ai_generated,1024,1024,1.0,JPEG,332354,8c98cb70d8ce0f648358e7af1dd6b9db,04f81b68bd8a3d715e9fbdd618ec8611c1819112be81695f768cbb1c98215e08,1.0,c499317f8c3c7166,ok,986.8037213093912,True,True,cluster_01076,val,/home/dheirav/Code/Deepfake_Detection/deepfake-project/dataset_builder/val/ai_generated/flux_topup_001164.jpg
data_sources/ai_generated/FLUX_TopUp/flux_topup_001170.jpg,data_sources/ai_generated/FLUX_TopUp,ai_generated,1024,1024,1.0,JPEG,425638,2f997cc5bfeb9cc3255a58d421093e33,ec212839fa50eab7f39f8cc379e6a8b67724b6c0a72cc5421adf40d289d9d82c,1.0,8ddb9e2d58247166,ok,791.4132514090413,True,True,cluster_00514,val,/home/dheirav/Code/Deepfake_Detection/deepfake-project/dataset_builder/val/ai_generated/flux_topup_001170.jpg
data_sources/ai_generated/FLUX_TopUp/flux_topup_001171.jpg,data_sources/ai_generated/FLUX_TopUp,ai_generated,1024,1024,1.0,JPEG,450089,ed0e18eefecae9976c8798cb2981febc,2f3b4f457e471b0ad1ae8de64c3ffddea4f5f9c52639b381a3e838b98b3ebd6e,1.0,8383276578c8f9cb,ok,2121.002911510989,True,True,cluster_00371,val,/home/dheirav/Code/Deepfake_Detection/deepfake-project/dataset_builder/val/ai_generated/flux_topup_001171.jpg
data_sources/ai_generated/FLUX_TopUp/flux_topup_001174.jpg,data_sources/ai_generated/FLUX_TopUp,ai_generated,1024,1024,1.0,JPEG,232876,5f96d4c62c91d5ae4edb22e042a182c9,9ef18e458e4f51d7600c485be600ae6ee86af3d9e1e6cdbb93c38867ff45b6ea,1.0,83afe5795aa009b5,ok,244.75998004052144,True,True,cluster_01913,val,/home/dheirav/Code/Deepfake_Detection/deepfake-project/dataset_builder/val/ai_generated/flux_topup_001174.jpg
data_sources/ai_generated/FLUX_TopUp/flux_topup_001178.jpg,data_sources/ai_generated/FLUX_TopUp,ai_generated,1024,1024,1.0,JPEG,418883,3788b62b30b288e4b74566930578b177,a0069652801094f96117f9858322ce1e2d945478f178b76c7eb590917e66b0b8,1.0,98c1687a7ab69696,ok,1758.8784865733533,True,True,cluster_00550,val,/home/dheirav/Code/Deepfake_Detection/deepfake-project/dataset_builder/val/ai_generated/flux_topup_001178.jpg
data_sources/ai_generated/FLUX_TopUp/flux_topup_001186.jpg,data_sources/ai_generated/FLUX_TopUp,ai_generated,1024,1024,1.0,JPEG,253532,bb819ecc09085a3257d722466e79f896,35b61b5f9d8c7134d8804681943ba01744e48112b283166e45fc20f28aa1f35e,1.0,96961a7969694f86,ok,1897.4899178657283,True,True,cluster_01730,val,/home/dheirav/Code/Deepfake_Detection/deepfake-project/dataset_builder/val/ai_generated/flux_topup_001186.jpg
data_sources/ai_generated/FLUX_TopUp/flux_topup_001188.jpg,data_sources/ai_generated/FLUX_TopUp,ai_generated,1024,1024,1.0,JPEG,402076,d3fa597d84153866204eb943799b4bd2,7c03d1f45d91c8dc347928ba4a52cfc6426bb90c26e6cf9a121a687950c0bc68,1.0,81b27e5de32a3493,ok,2578.0341368430154,True,True,cluster_00652,val,/home/dheirav/Code/Deepfake_Detection/deepfake-project/dataset_builder/val/ai_generated/flux_topup_001188.jpg
data_sources/ai_generated/FLUX_TopUp/flux_topup_001196.jpg,data_sources/ai_generated/FLUX_TopUp,ai_generated,1024,1024,1.0,JPEG,500938,2d087382ea6e0610362e7b3a205fce54,3d5379a447f074ec37ccf0796163a7bcd7c3dc0c8f3b746568ae648d2894c004,1.0,d090e7b4e1e8e3ca,ok,3911.020402989858,True,True,cluster_00170,val,/home/dheirav/Code/Deepfake_Detection/deepfake-project/dataset_builder/val/ai_generated/flux_topup_001196.jpg
data_sources/ai_generated/FLUX_TopUp/flux_topup_001199.jpg,data_sources/ai_generated/FLUX_TopUp,ai_generated,1024,1024,1.0,JPEG,389354,9bd5ebe2a69ac6c3fb598445bdc42b49,84bf1f6795f4dc51384f890d377667cafa6ac789efca3b96c08623f5eb613c1f,1.0,91e949e627972d68,ok,1332.9918648967869,True,True,cluster_00723,val,/home/dheirav/Code/Deepfake_Detection/deepfake-project/dataset_builder/val/ai_generated/flux_topup_001199.jpg
data_sources/ai_generated/FLUX_TopUp/flux_topup_001209.jpg,data_sources/ai_generated/FLUX_TopUp,ai_generated,1024,1024,1.0,JPEG,312829,5e1e044f5fc64c4b89f417f1bf71e278,4f99238c46a475a16081d636afce81d7133587fb756dee15be8eeb6b6765230c,1.0,d13466c89dc91ef4,ok,433.77024245817665,True,True,cluster_01229,val,/home/dheirav/Code/Deepfake_Detection/deepfake-project/dataset_builder/val/ai_generated/flux_topup_001209.jpg
data_sources/ai_generated/FLUX_TopUp/flux_topup_001210.jpg,data_sources/ai_generated/FLUX_TopUp,ai_generated,1024,1024,1.0,JPEG,253963,8fb3e7c477c30d54589e223db082e6dd,4c160df155d563db479f3d6a2ed41aad57ec8323d71122f221fcbab1d8d50891,1.0,81eeba7f0fc17011,ok,228.5591007322073,True,True,cluster_01725,val,/home/dheirav/Code/Deepfake_Detection/deepfake-project/dataset_builder/val/ai_generated/flux_topup_001210.jpg
data_sources/ai_generated/FLUX_TopUp/flux_topup_001218.jpg,data_sources/ai_generated/FLUX_TopUp,ai_generated,1024,1024,1.0,JPEG,253669,4adb4bdb6a38de862dcfc24dd79ab6ed,9fc065b5ff20921d2c6427c009c63154d48a0fd4f02773d00b5d3a64034c3d3c,1.0,b6c688f819e11d1f,ok,450.26309306774056,True,True,cluster_01726,val,/home/dheirav/Code/Deepfake_Detection/deepfake-project/dataset_builder/val/ai_generated/flux_topup_001218.jpg
data_sources/ai_generated/FLUX_TopUp/flux_topup_001224.jpg,data_sources/ai_generated/FLUX_TopUp,ai_generated,1024,1024,1.0,JPEG,339525,a4bb474c59e4bb27566821d3081a516d,b7fcc4b74d03249d34edf382ad3ff02d5fdab3ecbda6162b3d77cf61a5fae0a2,1.0,c9c962cdd313e613,ok,1130.1957519323876,True,True,cluster_01019,val,/home/dheirav/Code/Deepfake_Detection/deepfake-project/dataset_builder/val/ai_generated/flux_topup_001224.jpg
data_sources/ai_generated/FLUX_TopUp/flux_topup_001228.jpg,data_sources/ai_generated/FLUX_TopUp,ai_generated,1024,1024,1.0,JPEG,412403,c1f60f3eaf0d0295f2448cc7f717d741,10bd21fba53a050e30518e9353a4fed0b23b766f62501e1add79321fb8609beb,1.0,ebe88195be3210f6,ok,1984.059196485162,True,True,cluster_00589,val,/home/dheirav/Code/Deepfake_Detection/deepfake-project/dataset_builder/val/ai_generated/flux_topup_001228.jpg
data_sources/ai_generated/FLUX_TopUp/flux_topup_001235.jpg,data_sources/ai_generated/FLUX_TopUp,ai_generated,1024,1024,1.0,JPEG,447539,f4fb30d9465310af1e2a9206e2c258c9,26500db3d1033515327a05bab88e00b14a153ac387bb13c396bd2164823b6709,1.0,84af6ff073b181e0,ok,894.3755334406123,True,True,cluster_00392,val,/home/dheirav/Code/Deepfake_Detection/deepfake-project/dataset_builder/val/ai_generated/flux_topup_001235.jpg
data_sources/ai_generated/FLUX_TopUp/flux_topup_001237.jpg,data_sources/ai_generated/FLUX_TopUp,ai_generated,1024,1024,1.0,JPEG,374849,75f9711e03f7347f77962220b6dbcbe5,7a4e14b49c6df749709745253229a10f4cbdf7f641f518545d9e9aaba2d39c4d,1.0,9da6e96a6298719c,ok,745.632762670517,True,True,cluster_00805,val,/home/dheirav/Code/Deepfake_Detection/deepfake-project/dataset_builder/val/ai_generated/flux_topup_001237.jpg
data_sources/ai_generated/FLUX_TopUp/flux_topup_001238.jpg,data_sources/ai_generated/FLUX_TopUp,ai_generated,1024,1024,1.0,JPEG,355005,d88d60156a937f761ec6497df04cb788,f71a64fbcec1ee861d06cbaf6abe636a4e15ecfaec743ba94e2e072abc8db3d1,1.0,82cb9f99393963a2,ok,1235.9358386879321,True,True,cluster_00923,val,/home/dheirav/Code/Deepfake_Detection/deepfake-project/dataset_builder/val/ai_generated/flux_topup_001238.jpg
data_sources/ai_generated/FLUX_TopUp/flux_topup_001239.jpg,data_sources/ai_generated/FLUX_TopUp,ai_generated,1024,1024,1.0,JPEG,242164,27decc5222853b4b8a487b5dbfdf908f,ba14dc8d37e4abc3835b7afa0b5f916ecb9f432a09956f303923f33ae12ef054,1.0,be2fca3695cd1248,ok,94.09363273151301,True,True,cluster_01831,val,/home/dheirav/Code/Deepfake_Detection/deepfake-project/dataset_builder/val/ai_generated/flux_topup_001239.jpg
data_sources/ai_generated/FLUX_TopUp/flux_topup_001240.jpg,data_sources/ai_generated/FLUX_TopUp,ai_generated,1024,1024,1.0,JPEG,336368,46fb10adf8b460649420822139bc0753,d7b620056059df8dcabbd96ba948d28c92ba129b880ba530d576cfbcd9f3bb13,1.0,81e323ab4911d5fe,ok,339.9335712837019,True,True,cluster_01046,val,/home/dheirav/Code/Deepfake_Detection/deepfake-project/dataset_builder/val/ai_generated/flux_topup_001240.jpg
data_sources/ai_generated/FLUX_TopUp/flux_topup_001246.jpg,data_sources/ai_generated/FLUX_TopUp,ai_generated,1024,1024,1.0,JPEG,288877,2159a603e90e1a9fff765948a4b75e66,ac40afb18111a3d5ec70b105695e4a3877176da95ae442f8477becde5a614559,1.0,95a7e8ea53903c0f,ok,372.9871967789577,True,True,cluster_01436,val,/home/dheirav/Code/Deepfake_Detection/deepfake-project/dataset_builder/val/ai_generated/flux_topup_001246.jpg
data_sources/ai_generated/FLUX_TopUp/flux_topup_001247.jpg,data_sources/ai_generated/FLUX_TopUp,ai_generated,1024,1024,1.0,JPEG,428886,247a91a003edb4baeb98a81a08e78a46,cbcd8ec70a04efd8ca919d722a623e4a61ac00cdda0a6b2ec99d4d0f9589407f,1.0,979e52b498992d27,ok,1075.2164291499344,True,True,cluster_00497,val,/home/dheirav/Code/Deepfake_Detection/deepfake-project/dataset_builder/val/ai_generated/flux_topup_001247.jpg
data_sources/ai_generated/FLUX_TopUp/flux_topup_001252.jpg,data_sources/ai_generated/FLUX_TopUp,ai_generated,1024,1024,1.0,JPEG,348660,ab0d39f03516025302001f62f8e51ada,a99fdd2c830dc12fd5a01df6bb5b2c3addfb13c0c55d512e37fdef793e7f7fa4,1.0,b1e486e69b18db49,ok,500.7749131930676,True,True,cluster_00966,val,/home/dheirav/Code/Deepfake_Detection/deepfake-project/dataset_builder/val/ai_generated/flux_topup_001252.jpg
data_sources/ai_generated/FLUX_TopUp/flux_topup_001253.jpg,data_sources/ai_generated/FLUX_TopUp,ai_generated,1024,1024,1.0,JPEG,330776,6b2aac5ab01f55c1e1abc23de470e445,c535bc251b22a5e1c802b1e282722dcbdc33179e1ab6963517441df907d03af0,1.0,95a76a5a2563d2b4,ok,1365.2958542607626,True,True,cluster_01090,val,/home/dheirav/Code/Deepfake_Detection/deepfake-project/dataset_builder/val/ai_generated/flux_topup_001253.jpg
data_sources/ai_generated/FLUX_TopUp/flux_topup_001257.jpg,data_sources/ai_generated/FLUX_TopUp,ai_generated,1024,1024,1.0,JPEG,416036,041bbc7a7c3c18794e7526e22bddfbfd,32200bfa49498ac4243ca3da86d2174fa73cff571d89c36563e4e108adbaa58a,1.0,d8d0f4343d0d15e7,ok,1796.6915208046544,True,True,cluster_00565,val,/home/dheirav/Code/Deepfake_Detection/deepfake-project/dataset_builder/val/ai_generated/flux_topup_001257.jpg
data_sources/ai_generated/FLUX_TopUp/flux_topup_001258.jpg,data_sources/ai_generated/FLUX_TopUp,ai_generated,1024,1024,1.0,JPEG,351168,ad3c9413ed17f4a79460e6c1f73429c6,4c3af0521e6cc238693534d0e7378cd3c552cac70cb85c99fc9bc38c153e551b,1.0,919c8f86c0e131ff,ok,1251.1527261725266,True,True,cluster_00945,val,/home/dheirav/Code/Deepfake_Detection/deepfake-project/dataset_builder/val/ai_generated/flux_topup_001258.jpg
data_sources/ai_generated/FLUX_TopUp/flux_topup_001260.jpg,data_sources/ai_generated/FLUX_TopUp,ai_generated,1024,1024,1.0,JPEG,301722,29ed8bb57e7520a54e79cb32e5f975dd,a0db68253f4d210917a49927455b243529565b511edd45bd74568a6fa1ead401,1.0,99bb628d699a48a7,ok,700.6358990647093,True,True,cluster_01330,val,/home/dheirav/Code/Deepfake_Detection/deepfake-project/dataset_builder/val/ai_generated/flux_topup_001260.jpg
data_sources/ai_generated/FLUX_TopUp/flux_topup_001261.jpg,data_sources/ai_generated/FLUX_TopUp,ai_generated,1024,1024,1.0,JPEG,239271,bfeba276642387db32048b3097a6e503,0b2ec8d6cc57ad150d8fc0521f539a975a7a75f622a2907682d44b43511961fd,1.0,d9d87c4f07a4e3c0,ok,1027.2594497903442,True,True,cluster_01863,val,/home/dheirav/Code/Deepfake_Detection/deepfake-project/dataset_builder/val/ai_generated/flux_topup_001261.jpg
data_sources/ai_generated/FLUX_TopUp/flux_topup_001264.jpg,data_sources/ai_generated/FLUX_TopUp,ai_generated,1024,1024,1.0,JPEG,303357,b0427dfc9b25e808bcf6a77c872305ea,ef966f10b99c09597b3f08fea65cf58648cb3aa50cc3c8a4b8bbe1cf3ff6eb2f,1.0,93ce4c4c93e96c93,ok,420.1927818501199,True,True,cluster_01315,val,/home/dheirav/Code/Deepfake_Detection/deepfake-project/dataset_builder/val/ai_generated/flux_topup_001264.jpg
data_sources/ai_generated/FLUX_TopUp/flux_topup_001271.jpg,data_sources/ai_generated/FLUX_TopUp,ai_generated,1024,1024,1.0,JPEG,436387,2b7b853ec38d3b96b47e530bad85a9c4,9efe66300852606e3a8d995bdda4a70d3c3c21487afa530c665fc802661d5cc0,1.0,aea94086df4aec95,ok,2556.4314120148774,True,True,cluster_00447,val,/home/dheirav/Code/Deepfake_Detection/deepfake-project/dataset_builder/val/ai_generated/flux_topup_001271.jpg
data_sources/ai_generated/FLUX_TopUp/flux_topup_001281.jpg,data_sources/ai_generated/FLUX_TopUp,ai_generated,1024,1024,1.0,JPEG,425095,d6efaca52c139b86bea191d5ff89c487,d68c799693e7a5eb3c262ca5afc824772552678f8f76f27942efd9de96687690,1.0,d9d0f0ec9b927225,ok,1819.3042155130493,True,True,cluster_00518,val,/home/dheirav/Code/Deepfake_Detection/deepfake-project/dataset_builder/val/ai_generated/flux_topup_001281.jpg
data_sources/ai_generated/FLUX_TopUp/flux_topup_001282.jpg,data_sources/ai_generated/FLUX_TopUp,ai_generated,1024,1024,1.0,JPEG,481608,8d71e6f2c1488df40dbecf129961a1b3,61b167ecd20cd23a70c36d4c0ce1273fb81893b682fedc8e7bb703df6c2b1b3f,1.0,d9e94a84aca4d63e,ok,2343.21764880012,True,True,cluster_00243,val,/home/dheirav/Code/Deepfake_Detection/deepfake-project/dataset_builder/val/ai_generated/flux_topup_001282.jpg
data_sources/ai_generated/FLUX_TopUp/flux_topup_001287.jpg,data_sources/ai_generated/FLUX_TopUp,ai_generated,1024,1024,1.0,JPEG,302551,4642b687170687b461e3346c327373b6,7ec51f135250b3ddd22dffcafbc7dd1336663ab336b9cac3de8972552a5e6d6d,1.0,9898769ca466ce4f,ok,1295.4355833655852,True,True,cluster_01325,val,/home/dheirav/Code/Deepfake_Detection/deepfake-project/dataset_builder/val/ai_generated/flux_topup_001287.jpg
data_sources/ai_generated/FLUX_TopUp/flux_topup_001288.jpg,data_sources/ai_generated/FLUX_TopUp,ai_generated,1024,1024,1.0,JPEG,366799,657aea6942ca2288d24cdbed4c833c1d,ffc982c1df5d7a3d3cbc90ed6e3fb53a40cd8eaa81b9f121d6d4966347c82975,1.0,93971ce41a99ed1a,ok,397.49697708729843,True,True,cluster_00854,val,/home/dheirav/Code/Deepfake_Detection/deepfake-project/dataset_builder/val/ai_generated/flux_topup_001288.jpg
data_sources/ai_generated/FLUX_TopUp/flux_topup_001292.jpg,data_sources/ai_generated/FLUX_TopUp,ai_generated,1024,1024,1.0,JPEG,236471,3cb846459a00837b2f8541b4dd1a3a84,55b33e915440bff4a66e3bc453c6c8a0931430124253aa9d6336c33e76602619,1.0,9a927d65328ae2d3,ok,554.8868143751379,True,True,cluster_01885,val,/home/dheirav/Code/Deepfake_Detection/deepfake-project/dataset_builder/val/ai_generated/flux_topup_001292.jpg
data_sources/ai_generated/FLUX_TopUp/flux_topup_001306.jpg,data_sources/ai_generated/FLUX_TopUp,ai_generated,1024,1024,1.0,JPEG,347165,f4c03d300d7099131889f83478798eb3,8aea557dd7bceea3df862de54b2b1568d97d463c42e9d61324d561fd638523ef,1.0,cda196a0e6e2e6f0,ok,313.4108405526349,True,True,cluster_00976,val,/home/dheirav/Code/Deepfake_Detection/deepfake-project/dataset_builder/val/ai_generated/flux_topup_001306.jpg
data_sources/ai_generated/FLUX_TopUp/flux_topup_001307.jpg,data_sources/ai_generated/FLUX_TopUp,ai_generated,1024,1024,1.0,JPEG,309412,9c2fe38a104dac1cf6de9aaa26f074ab,a6614c1877048657aa3cb17ecbe889d7ba5ce58c831e080a6bbfb89292e7c165,1.0,c3d38dc85c8e687c,ok,343.438636393621,True,True,cluster_01265,val,/home/dheirav/Code/Deepfake_Detection/deepfake-project/dataset_builder/val/ai_generated/flux_topup_001307.jpg
data_sources/ai_generated/FLUX_TopUp/flux_topup_001310.jpg,data_sources/ai_generated/FLUX_TopUp,ai_generated,1024,1024,1.0,JPEG,403268,dd410a6e6a373ec169abdf1a7a20d5a2,e4182c782ba4e391df95babd753af8ece5131029a06b5efa7a249ea8cea517ff,1.0,96b76d6812c135c7,ok,836.6811385765532,True,True,cluster_00649,val,/home/dheirav/Code/Deepfake_Detection/deepfake-project/dataset_builder/val/ai_generated/flux_topup_001310.jpg
data_sources/ai_generated/FLUX_TopUp/flux_topup_001311.jpg,data_sources/ai_generated/FLUX_TopUp,ai_generated,1024,1024,1.0,JPEG,235463,dc297d6790afe13e8095b401fbaa74ca,be9d0d5ac5a4eb77575d8351f09a6d6ba0f2ca6c2cd15a05118977d60565ee3c,1.0,9595306c68cfeb92,ok,145.38693796237567,True,True,cluster_01898,val,/home/dheirav/Code/Deepfake_Detection/deepfake-project/dataset_builder/val/ai_generated/flux_topup_001311.jpg
data_sources/ai_generated/FLUX_TopUp/flux_topup_001319.jpg,data_sources/ai_generated/FLUX_TopUp,ai_generated,1024,1024,1.0,JPEG,381555,eaef5845fa767046dd4199b8155941ae,6cc3b516545d3625acb5cf873ed56cbc8a4dbc25dc80d0fe490dba3d45044b1d,1.0,dbc3213138f878f8,ok,1108.8315475319168,True,True,cluster_00772,val,/home/dheirav/Code/Deepfake_Detection/deepfake-project/dataset_builder/val/ai_generated/flux_topup_001319.jpg
data_sources/ai_generated/FLUX_TopUp/flux_topup_001320.jpg,data_sources/ai_generated/FLUX_TopUp,ai_generated,1024,1024,1.0,JPEG,389078,9967411f4a465a37c014a56ec4ec05f6,0adc162ffda03917e1ddee61004d97afe4995ccde21ac4e864304c8ae0ad538a,1.0,e6e4189e7c3c49b2,ok,938.5020209943823,True,True,cluster_00727,val,/home/dheirav/Code/Deepfake_Detection/deepfake-project/dataset_builder/val/ai_generated/flux_topup_001320.jpg
data_sources/ai_generated/FLUX_TopUp/flux_topup_001322.jpg,data_sources/ai_generated/FLUX_TopUp,ai_generated,1024,1024,1.0,JPEG,231839,c2ea71c15862134901e1ad1d894c19b6,3c732b0746cd3f246d7884c506de7d80d8df2cecf6eaf15551cbaf72bb15fa5c,1.0,c0c0c7cf6cf0996e,ok,564.9365474362276,True,True,cluster_01924,val,/home/dheirav/Code/Deepfake_Detection/deepfake-project/dataset_builder/val/ai_generated/flux_topup_001322.jpg
data_sources/ai_generated/FLUX_TopUp/flux_topup_001333.jpg,data_sources/ai_generated/FLUX_TopUp,ai_generated,1024,1024,1.0,JPEG,491901,20d4533d89449275973f3973c06da693,9bd23c646d3f8d8b3aee535277ffc7d5678fa3d3cb86db859b9694773af824a5,1.0,9ebe3ca5c9b26150,ok,1997.8982248755915,True,True,cluster_00203,val,/home/dheirav/Code/Deepfake_Detection/deepfake-project/dataset_builder/val/ai_generated/flux_topup_001333.jpg
data_sources/ai_generated/FLUX_TopUp/flux_topup_001338.jpg,data_sources/ai_generated/FLUX_TopUp,ai_generated,1024,1024,1.0,JPEG,273615,716e7a0a4c858a8460af96d281c9e0b4,dc2d594ef11711fe5a6f9ed1e728c8c59b31a4152ddb065cabf657dff35e8f3b,1.0,c7d3dbc832ba0c8c,ok,618.4770614353329,True,True,cluster_01556,val,/home/dheirav/Code/Deepfake_Detection/deepfake-project/dataset_builder/val/ai_generated/flux_topup_001338.jpg
data_sources/ai_generated/FLUX_TopUp/flux_topup_001349.jpg,data_sources/ai_generated/FLUX_TopUp,ai_generated,1024,1024,1.0,JPEG,432698,11a9552bba838f2607cd7f6ce7182bce,4be946c5240d372c476def8cb898a45ac890caa118fe2af37d6708dc6a6ba5fc,1.0,e0ee0e8cf0b90df1,ok,1426.86999954245,True,True,cluster_00468,val,/home/dheirav/Code/Deepfake_Detection/deepfake-project/dataset_builder/val/ai_generated/flux_topup_001349.jpg
data_sources/ai_generated/FLUX_TopUp/flux_topup_001361.jpg,data_sources/ai_generated/FLUX_TopUp,ai_generated,1024,1024,1.0,JPEG,268801,d1a81820235f81b4c2fc17e904da982a,71c61edc092170fb2a5ffba2ca7cb22937c29dad3c1f106d6454f18c23be39b2,1.0,99991ab2699e3a87,ok,516.7509802074774,True,True,cluster_01596,val,/home/dheirav/Code/Deepfake_Detection/deepfake-project/dataset_builder/val/ai_generated/flux_topup_001361.jpg
data_sources/ai_generated/FLUX_TopUp/flux_topup_001362.jpg,data_sources/ai_generated/FLUX_TopUp,ai_generated,1024,1024,1.0,JPEG,231538,275443c96bf773dbb78e4fba1baf4a8b,af94b635976973a8357645059aced0209dfbef1ba01bb1310f091b866dcc2733,1.0,939c9cb69e82b4b2,ok,205.02855393673144,True,True,cluster_01928,val,/home/dheirav/Code/Deepfake_Detection/deepfake-project/dataset_builder/val/ai_generated/flux_topup_001362.jpg
data_sources/ai_generated/FLUX_TopUp/flux_topup_001368.jpg,data_sources/ai_generated/FLUX_TopUp,ai_generated,1024,1024,1.0,JPEG,496452,f80ba0162dfa18707607aa3790201cd9,1ee289f700b14110e193703c027279fa8fd07fd9310481d32f234b2a7078e145,1.0,8d93b3365cd26ae0,ok,1201.9387472929438,True,True,cluster_00185,val,/home/dheirav/Code/Deepfake_Detection/deepfake-project/dataset_builder/val/ai_generated/flux_topup_001368.jpg
data_sources/ai_generated/FLUX_TopUp/flux_topup_001370.jpg,data_sources/ai_generated/FLUX_TopUp,ai_generated,1024,1024,1.0,JPEG,491668,a543594029df6449f14c1e8bffd91548,757e64fbf1249b0dbb6139bd0ae2cee30c205b264a5f1eae2f3da3cc9bdca6dd,1.0,92c6b83c3f8b3649,ok,1306.1269552680087,True,True,cluster_00206,val,/home/dheirav/Code/Deepfake_Detection/deepfake-project/dataset_builder/val/ai_generated/flux_topup_001370.jpg
data_sources/ai_generated/FLUX_TopUp/flux_topup_001378.jpg,data_sources/ai_generated/FLUX_TopUp,ai_generated,1024,1024,1.0,JPEG,584374,5bfbdac629af9196e2d956db658ac967,5398902c8c95170252b78e16b39908f14fdddea26b29de7fc15ac859e2c85736,1.0,9c9c296832c69f6d,ok,2637.5682475604362,True,True,cluster_00035,val,/home/dheirav/Code/Deepfake_Detection/deepfake-project/dataset_builder/val/ai_generated/flux_topup_001378.jpg
data_sources/ai_generated/FLUX_TopUp/flux_topup_001383.jpg,data_sources/ai_generated/FLUX_TopUp,ai_generated,1024,1024,1.0,JPEG,335843,a2bf1582dac7273dd94191d44d878058,9264f1a3fed11eaa6d855eab63d3b257fc52a4ff09f380edceedbc1b52571830,1.0,d0d2cbcd4c6c70b3,ok,1757.1641132088516,True,True,cluster_01057,val,/home/dheirav/Code/Deepfake_Detection/deepfake-project/dataset_builder/val/ai_generated/flux_topup_001383.jpg
data_sources/ai_generated/FLUX_TopUp/flux_topup_001387.jpg,data_sources/ai_generated/FLUX_TopUp,ai_generated,1024,1024,1.0,JPEG,459327,15ee60827db701b875170454597b5546,ca73b7f205802e701a2948b4dc0497541910c4bd1186836bc2a220093cc0d388,1.0,d91999dd2b90dc29,ok,2216.5136212214625,True,True,cluster_00337,val,/home/dheirav/Code/Deepfake_Detection/deepfake-project/dataset_builder/val/ai_generated/flux_topup_001387.jpg
data_sources/ai_generated/FLUX_TopUp/flux_topup_001392.jpg,data_sources/ai_generated/FLUX_TopUp,ai_generated,1024,1024,1.0,JPEG,227728,939222808ec261dea20a0c7007efb037,1d2c098a3cf448e44f8f336ba53d61029340ec80a436c4b595b0d05701fff73e,1.0,938060dfb4385fd6,ok,112.83357044955483,True,True,cluster_01946,val,/home/dheirav/Code/Deepfake_Detection/deepfake-project/dataset_builder/val/ai_generated/flux_topup_001392.jpg
data_sources/ai_generated/FLUX_TopUp/flux_topup_001395.jpg,data_sources/ai_generated/FLUX_TopUp,ai_generated,1024,1024,1.0,JPEG,596385,e02a7d177f5cf986524a15dd34bdd464,8daea6343297fecab643e828acfe03db3725ae574b6572e0650ab193ea2185f3,1.0,96e695b6627ce182,ok,3146.1350732926758,True,True,cluster_00022,val,/home/dheirav/Code/Deepfake_Detection/deepfake-project/dataset_builder/val/ai_generated/flux_topup_001395.jpg
data_sources/ai_generated/FLUX_TopUp/flux_topup_001396.jpg,data_sources/ai_generated/FLUX_TopUp,ai_generated,1024,1024,1.0,JPEG,286734,45cbaf89693bfc1ed22202efcbfafec3,05f21f3434bb2df8882517b857d44709916e8775e2e15bf48c97497a6818a672,1.0,d16b4b91669969c6,ok,240.7261925740594,True,True,cluster_01458,val,/home/dheirav/Code/Deepfake_Detection/deepfake-project/dataset_builder/val/ai_generated/flux_topup_001396.jpg
data_sources/ai_generated/FLUX_TopUp/flux_topup_001397.jpg,data_sources/ai_generated/FLUX_TopUp,ai_generated,1024,1024,1.0,JPEG,279091,3650d536811e9b47491b7af82f8f2cbd,7c8509ca4761bd0b4dc22709d45e3d7ab9466102df0a2cb5e623812e42b85f65,1.0,910c4bed7c6964b3,ok,216.6677774293994,True,True,cluster_01510,val,/home/dheirav/Code/Deepfake_Detection/deepfake-project/dataset_builder/val/ai_generated/flux_topup_001397.jpg
data_sources/ai_generated/FLUX_TopUp/flux_topup_001413.jpg,data_sources/ai_generated/FLUX_TopUp,ai_generated,1024,1024,1.0,JPEG,447808,2e68df2e27566a81a19aa917441fdb7d,096588a5e150cbba92b16465db26a6a94798606e2f7702bf947fae31756caec2,1.0,cbeabc3545c5481b,ok,1210.404453917286,True,True,cluster_00391,val,/home/dheirav/Code/Deepfake_Detection/deepfake-project/dataset_builder/val/ai_generated/flux_topup_001413.jpg
data_sources/ai_generated/FLUX_TopUp/flux_topup_001414.jpg,data_sources/ai_generated/FLUX_TopUp,ai_generated,1024,1024,1.0,JPEG,345780,9efd41ea270bc3f0dc4aa86f362830b9,2e756e5fe416e3b4adff974f26e8c029a41ef473df549f296337573903afaf97,1.0,d0d0cbcbedacaa0a,ok,1755.0875365706147,True,True,cluster_00981,val,/home/dheirav/Code/Deepfake_Detection/deepfake-project/dataset_builder/val/ai_generated/flux_topup_001414.jpg
data_sources/ai_generated/FLUX_TopUp/flux_topup_001415.jpg,data_sources/ai_generated/FLUX_TopUp,ai_generated,1024,1024,1.0,JPEG,297713,196d999fd5191b173ae8ae70cca412a4,0a53e28b232e7efc60e346e695e0a44a1ddb56c3b67bcc6dfd1e3b2a6fa40dcf,1.0,a3a34ecca52616db,ok,520.2174844922847,True,True,cluster_01367,val,/home/dheirav/Code/Deepfake_Detection/deepfake-project/dataset_builder/val/ai_generated/flux_topup_001415.jpg
data_sources/ai_generated/FLUX_TopUp/flux_topup_001420.jpg,data_sources/ai_generated/FLUX_TopUp,ai_generated,1024,1024,1.0,JPEG,321215,d794e48bc69dcf8e3d3e07239da3e781,81c5cb7224f1700fb00993ca45621c3e0b6b8e3ee23e538e092c586e79306ed7,1.0,cce061de73943e61,ok,593.7357265841263,True,True,cluster_01169,val,/home/dheirav/Code/Deepfake_Detection/deepfake-project/dataset_builder/val/ai_generated/flux_topup_001420.jpg
data_sources/ai_generated/FLUX_TopUp/flux_topup_001427.jpg,data_sources/ai_generated/FLUX_TopUp,ai_generated,1024,1024,1.0,JPEG,494654,b220e454a8dbd3611b2304a35986877f,2487322145ae31fd7c70da4335f84bc4ee01fd5e130b345a32780f77069e58c1,1.0,9b9b6c69339621b8,ok,1225.3621300178916,True,True,cluster_00196,val,/home/dheirav/Code/Deepfake_Detection/deepfake-project/dataset_builder/val/ai_generated/flux_topup_001427.jpg
data_sources/ai_generated/FLUX_TopUp/flux_topup_001431.jpg,data_sources/ai_generated/FLUX_TopUp,ai_generated,1024,1024,1.0,JPEG,516616,5113472a9b201fb30f94fbdefb12d4ed,3054a4d8b0bcfc671d5af31f4391f3e98f60adc6d7cfbecfe4e80cc2f473c0a6,1.0,d89624e539b394ec,ok,2448.117450020276,True,True,cluster_00127,val,/home/dheirav/Code/Deepfake_Detection/deepfake-project/dataset_builder/val/ai_generated/flux_topup_001431.jpg
data_sources/ai_generated/FLUX_TopUp/flux_topup_001432.jpg,data_sources/ai_generated/FLUX_TopUp,ai_generated,1024,1024,1.0,JPEG,254395,e4db0e16dc89f3e9d2fc18c8b737db66,0bd266acb1c8364956c054f3ba27260b87adc3e57b7353657a5cbc670cb3e4f5,1.0,d6cec99933c49c0e,ok,384.00546860355826,True,True,cluster_01721,val,/home/dheirav/Code/Deepfake_Detection/deepfake-project/dataset_builder/val/ai_generated/flux_topup_001432.jpg
data_sources/ai_generated/FLUX_TopUp/flux_topup_001439.jpg,data_sources/ai_generated/FLUX_TopUp,ai_generated,1024,1024,1.0,JPEG,384231,13cb4824c17e1c134b9b4aa923121075,5ce17bfa1e159cb477998587b09b1a70c8028785ddc30faa4ff6cb25a44f646c,1.0,898339263fde9ac8,ok,1082.8153381086265,True,True,cluster_00753,val,/home/dheirav/Code/Deepfake_Detection/deepfake-project/dataset_builder/val/ai_generated/flux_topup_001439.jpg
data_sources/ai_generated/FLUX_TopUp/flux_topup_001443.jpg,data_sources/ai_generated/FLUX_TopUp,ai_generated,1024,1024,1.0,JPEG,543333,00d7b999015d4f637d97ffc37eb48154,a4ece359fcec0ebd3a7b3ea00272b670a77151ad236f9d02507218930ee3f6b8,1.0,c59fc27b6948700f,ok,1865.319606702992,True,True,cluster_00077,val,/home/dheirav/Code/Deepfake_Detection/deepfake-project/dataset_builder/val/ai_generated/flux_topup_001443.jpg
data_sources/ai_generated/FLUX_TopUp/flux_topup_001444.jpg,data_sources/ai_generated/FLUX_TopUp,ai_generated,1024,1024,1.0,JPEG,266400,65d856baed10defa3ce3919a20da2310,5fe42b9c100aa6690075e257306214fb21a7b4b35053d3f24eadd3ed7ae813e2,1.0,9993323266e56d8d,ok,414.04298813694817,True,True,cluster_01616,val,/home/dheirav/Code/Deepfake_Detection/deepfake-project/dataset_builder/val/ai_generated/flux_topup_001444.jpg
data_sources/ai_generated/FLUX_TopUp/flux_topup_001446.jpg,data_sources/ai_generated/FLUX_TopUp,ai_generated,1024,1024,1.0,JPEG,436900,b49b335e2a361266ff9ce74352cc9c48,32bf635e4780ed545ec35cf1af10a7d0a7dacc52d3a561ca4c1a4334932f9d64,1.0,c8f0e16a3f8f3099,ok,1976.9089877821307,True,True,cluster_00443,val,/home/dheirav/Code/Deepfake_Detection/deepfake-project/dataset_builder/val/ai_generated/flux_topup_001446.jpg
data_sources/ai_generated/FLUX_TopUp/flux_topup_001448.jpg,data_sources/ai_generated/FLUX_TopUp,ai_generated,1024,1024,1.0,JPEG,455586,a4f8a0ab70af0231b6d3d38568269280,3fb98f8b499412714f7ac298dd4d73336e80f588cc08dc8f276f6f470ceeb290,1.0,dde479ae308a6709,ok,2674.8091194565995,True,True,cluster_00349,val,/home/dheirav/Code/Deepfake_Detection/deepfake-project/dataset_builder/val/ai_generated/flux_topup_001448.jpg
data_sources/ai_generated/FLUX_TopUp/flux_topup_001450.jpg,data_sources/ai_generated/FLUX_TopUp,ai_generated,1024,1024,1.0,JPEG,245692,77b4a5665b598136e2767433189199db,f1efcd4581564f9ec86575b5315e7fc0da7b8b873636ed3de6ba55eaa602cd45,1.0,9b986464653fc8f2,ok,455.71558441183504,True,True,cluster_01802,val,/home/dheirav/Code/Deepfake_Detection/deepfake-project/dataset_builder/val/ai_generated/flux_topup_001450.jpg
data_sources/ai_generated/FLUX_TopUp/flux_topup_001452.jpg,data_sources/ai_generated/FLUX_TopUp,ai_generated,1024,1024,1.0,JPEG,411400,699d403073a6a1cfdec0c47ffb5fc0ab,0c1f0089f934774fb91ecbc43600b36032988c66b07038dd9271a106247f508d,1.0,caee0711a35df12a,ok,1122.5634167219896,True,True,cluster_00597,val,/home/dheirav/Code/Deepfake_Detection/deepfake-project/dataset_builder/val/ai_generated/flux_topup_001452.jpg
data_sources/ai_generated/FLUX_TopUp/flux_topup_001453.jpg,data_sources/ai_generated/FLUX_TopUp,ai_generated,1024,1024,1.0,JPEG,494857,291ee293395e129b3cdea1bc184f62b7,0e102e14668d2f6b59f5d185b45c217726a62b4662061fb112a71bc4bde70300,1.0,a9a1861699f966d6,ok,3897.178212396651,True,True,cluster_00195,val,/home/dheirav/Code/Deepfake_Detection/deepfake-project/dataset_builder/val/ai_generated/flux_topup_001453.jpg
data_sources/ai_generated/FLUX_TopUp/flux_topup_001465.jpg,data_sources/ai_generated/FLUX_TopUp,ai_generated,1024,1024,1.0,JPEG,272338,305c23dfb80c7f62b110e490a60a00c7,5aa21d7f729a95ae994ff9671a6c13acef35aa12f9bf478e18cdf291219de8e2,1.0,c3bf742cab407583,ok,730.8667555212121,True,True,cluster_01570,val,/home/dheirav/Code/Deepfake_Detection/deepfake-project/dataset_builder/val/ai_generated/flux_topup_001465.jpg
data_sources/ai_generated/FLUX_TopUp/flux_topup_001467.jpg,data_sources/ai_generated/FLUX_TopUp,ai_generated,1024,1024,1.0,JPEG,308591,3f134bbda91b0bdb5863d94fb5a79dd1,405e531489e8c72b0a98cf7972243ff9a5beb520f9ac8218e1454268807b90a0,1.0,9c93b75679620c2d,ok,440.3606049508634,True,True,cluster_01274,val,/home/dheirav/Code/Deepfake_Detection/deepfake-project/dataset_builder/val/ai_generated/flux_topup_001467.jpg
data_sources/ai_generated/FLUX_TopUp/flux_topup_001469.jpg,data_sources/ai_generated/FLUX_TopUp,ai_generated,1024,1024,1.0,JPEG,336201,1365abe242293512937c392407f135d3,7e1972bdbe5b5381b231ce4215deb5cc6634c08c8a901da00a0c43829f1f6e08,1.0,c1cf3e706c8f13a8,ok,1715.8956647598534,True,True,cluster_01049,val,/home/dheirav/Code/Deepfake_Detection/deepfake-project/dataset_builder/val/ai_generated/flux_topup_001469.jpg
data_sources/ai_generated/FLUX_TopUp/flux_topup_001471.jpg,data_sources/ai_generated/FLUX_TopUp,ai_generated,1024,1024,1.0,JPEG,436765,a78b78c969d399abf868bede529384da,e393933e2dd387b5073e6a8c1c8270c5fa712825851303abeda83075af30896e,1.0,d4e23eaf6fc50148,ok,1001.242602303907,True,True,cluster_00444,val,/home/dheirav/Code/Deepfake_Detection/deepfake-project/dataset_builder/val/ai_generated/flux_topup_001471.jpg
data_sources/ai_generated/FLUX_TopUp/flux_topup_001475.jpg,data_sources/ai_generated/FLUX_TopUp,ai_generated,1024,1024,1.0,JPEG,415768,052fbd277b408f513ec09168f0f83bad,77280cb8b9d6f3140763fb4e27cd6576f4fbd1b5b7a036bab521bde9825e382f,1.0,da9096a72498f5e3,ok,1080.2618358953027,True,True,cluster_00566,val,/home/dheirav/Code/Deepfake_Detection/deepfake-project/dataset_builder/val/ai_generated/flux_topup_001475.jpg
data_sources/ai_generated/FLUX_TopUp/flux_topup_001477.jpg,data_sources/ai_generated/FLUX_TopUp,ai_generated,1024,1024,1.0,JPEG,359693,a27592a42298cb3b2b6c88d7d5549991,fb1801c47d34f1bd38d6a2e92f964e50add0fae242b8549c691258cf0c538716,1.0,e2f6d40a5f14a077,ok,1312.3072009954444,True,True,cluster_00903,val,/home/dheirav/Code/Deepfake_Detection/deepfake-project/dataset_builder/val/ai_generated/flux_topup_001477.jpg
data_sources/ai_generated/FLUX_TopUp/flux_topup_001479.jpg,data_sources/ai_generated/FLUX_TopUp,ai_generated,1024,1024,1.0,JPEG,306906,0dbec88994b82a58a7ff989bd2a0373c,16ab47fc1ab3c4351d1dbe02c242be3fc65a4622850f5969e4bff539bb903341,1.0,96b69b86a4a8ce4b,ok,389.33238895091927,True,True,cluster_01289,val,/home/dheirav/Code/Deepfake_Detection/deepfake-project/dataset_builder/val/ai_generated/flux_topup_001479.jpg
data_sources/ai_generated/FLUX_TopUp/flux_topup_001480.jpg,data_sources/ai_generated/FLUX_TopUp,ai_generated,1024,1024,1.0,JPEG,221484,268cccf7f3fa6c55d22d2313ab3ba999,3fe97d1b11650a7f1d06e858c56438058419fab3459dcbe083c89839f3c8c329,1.0,91eebe510499ea35,ok,156.73717023426434,True,True,cluster_02000,val,/home/dheirav/Code/Deepfake_Detection/deepfake-project/dataset_builder/val/ai_generated/flux_topup_001480.jpg
data_sources/ai_generated/FLUX_TopUp/flux_topup_001489.jpg,data_sources/ai_generated/FLUX_TopUp,ai_generated,1024,1024,1.0,JPEG,525044,9a123f14dbb46b050644b143959e91a7,dd3c42751919b8b536c94ff63004af053d4b6ab19457f24902dfa57fc80d2029,1.0,9d9495e535c9f098,ok,3019.8306984156643,True,True,cluster_00110,val,/home/dheirav/Code/Deepfake_Detection/deepfake-project/dataset_builder/val/ai_generated/flux_topup_001489.jpg
data_sources/ai_generated/FLUX_TopUp/flux_topup_001490.jpg,data_sources/ai_generated/FLUX_TopUp,ai_generated,1024,1024,1.0,JPEG,482695,eabb047c97c1da96a089e37fffa3cf2d,701001d6f1bb143ff39fb25373116be4f34574137e4b12215f1214a1fa29a612,1.0,999ecd69661b2692,ok,1055.196586623772,True,True,cluster_00236,val,/home/dheirav/Code/Deepfake_Detection/deepfake-project/dataset_builder/val/ai_generated/flux_topup_001490.jpg
data_sources/ai_generated/FLUX_TopUp/flux_topup_001494.jpg,data_sources/ai_generated/FLUX_TopUp,ai_generated,1024,1024,1.0,JPEG,310013,2d382a281e9bd90b47cf183ecfd6d6a5,d27c12d38d9ada77c906d29b7ea84b21458a7196380e6818b660adbaf27569f8,1.0,939849636ccf69d8,ok,487.7356224378891,True,True,cluster_01256,val,/home/dheirav/Code/Deepfake_Detection/deepfake-project/dataset_builder/val/ai_generated/flux_topup_001494.jpg
data_sources/ai_generated/FLUX_TopUp/flux_topup_001499.jpg,data_sources/ai_generated/FLUX_TopUp,ai_generated,1024,1024,1.0,JPEG,396566,ab7a5ba675b86e782f34630424384976,4813fc2c7d1d91906f2092a0c90b3323c43cc2c8c8bf38133288778e81e6a18e,1.0,93d95ba6a19936a2,ok,1113.2267538940787,True,True,cluster_00680,val,/home/dheirav/Code/Deepfake_Detection/deepfake-project/dataset_builder/val/ai_generated/flux_topup_001499.jpg
data_sources/ai_generated/FLUX_TopUp/flux_topup_001501.jpg,data_sources/ai_generated/FLUX_TopUp,ai_generated,1024,1024,1.0,JPEG,437108,755f53a6a2c1787eb57d22aecc10f6bc,a380cfb49f7d30241adba7ee360a9b0c1c6ed21f79f40ce9423389ccb55a9d10,1.0,99c4c2736733cccc,ok,1183.7722907276607,True,True,cluster_00442,val,/home/dheirav/Code/Deepfake_Detection/deepfake-project/dataset_builder/val/ai_generated/flux_topup_001501.jpg
data_sources/ai_generated/FLUX_TopUp/flux_topup_001502.jpg,data_sources/ai_generated/FLUX_TopUp,ai_generated,1024,1024,1.0,JPEG,395918,f4fa6494a40406eaaed5d4072b0a0fc9,c2b07cb0479202b470179925d0f773b55ebfc8be7ebc5e5cae4d1e4b0471b914,1.0,cccc1f8331c3b36c,ok,836.1339123554488,True,True,cluster_00685,val,/home/dheirav/Code/Deepfake_Detection/deepfake-project/dataset_builder/val/ai_generated/flux_topup_001502.jpg
data_sources/ai_generated/FLUX_TopUp/flux_topup_001504.jpg,data_sources/ai_generated/FLUX_TopUp,ai_generated,1024,1024,1.0,JPEG,314697,65e83dbb822a6197f3bc645db116a78d,fde0f8773b01fd5fb12792ffc81aae1c2f890223b2dd4b189f99918861bebf96,1.0,90b0a47c383e5f5e,ok,1047.497946886781,True,True,cluster_01214,val,/home/dheirav/Code/Deepfake_Detection/deepfake-project/dataset_builder/val/ai_generated/flux_topup_001504.jpg
data_sources/ai_generated/FLUX_TopUp/flux_topup_001506.jpg,data_sources/ai_generated/FLUX_TopUp,ai_generated,1024,1024,1.0,JPEG,232709,c4d61be4fdf9fcb7f70c8131e70d3b28,f0074c04619951f25af3bdb293875f9f5ad83166b4af929735505929ea42448b,1.0,921c99b25fe9305e,ok,224.55042257319923,True,True,cluster_01914,val,/home/dheirav/Code/Deepfake_Detection/deepfake-project/dataset_builder/val/ai_generated/flux_topup_001506.jpg
data_sources/ai_generated/FLUX_TopUp/flux_topup_001516.jpg,data_sources/ai_generated/FLUX_TopUp,ai_generated,1024,1024,1.0,JPEG,235513,afd7f11039a05d9f01fd14d4cf153ca6,cdd4128d735a9211b4dc36d1efc1a2f85a75dca4738f4f335dc03151bf07c4bb,1.0,b0b84e4667f21e8b,ok,233.2411625141067,True,True,cluster_01895,val,/home/dheirav/Code/Deepfake_Detection/deepfake-project/dataset_builder/val/ai_generated/flux_topup_001516.jpg
data_sources/ai_generated/FLUX_TopUp/flux_topup_001521.jpg,data_sources/ai_generated/FLUX_TopUp,ai_generated,1024,1024,1.0,JPEG,526750,7d676208e326d116b0e458709e6f8a09,06bffbff41835d318552befefc166b8bb7b8994ed520c8212545023503719b37,1.0,95c6303c3c8d71bd,ok,2965.6017290010013,True,True,cluster_00108,val,/home/dheirav/Code/Deepfake_Detection/deepfake-project/dataset_builder/val/ai_generated/flux_topup_001521.jpg
data_sources/ai_generated/FLUX_TopUp/flux_topup_001522.jpg,data_sources/ai_generated/FLUX_TopUp,ai_generated,1024,1024,1.0,JPEG,309650,0010adfdfa0c6a645f732f20a672afe7,15ad3d0f206e2f0066fa9834628d5e1ef39f43fef718593c1d9d3385a70c07fc,1.0,9cd1438cdc67719c,ok,420.9607596632521,True,True,cluster_01260,val,/home/dheirav/Code/Deepfake_Detection/deepfake-project/dataset_builder/val/ai_generated/flux_topup_001522.jpg
data_sources/ai_generated/FLUX_TopUp/flux_topup_001526.jpg,data_sources/ai_generated/FLUX_TopUp,ai_generated,1024,1024,1.0,JPEG,468381,d33cfbcc648a7b3f7d526c1384e789e4,7ec6245c98003c61bc2e1f251e2a8728e52a130aa50e933dc42643148e4c2581,1.0,8aaa25653f5b9722,ok,2359.1498278408385,True,True,cluster_00295,val,/home/dheirav/Code/Deepfake_Detection/deepfake-project/dataset_builder/val/ai_generated/flux_topup_001526.jpg
data_sources/ai_generated/FLUX_TopUp/flux_topup_001528.jpg,data_sources/ai_generated/FLUX_TopUp,ai_generated,1024,1024,1.0,JPEG,396099,2f2ed6ce5389489493bb6852d84a9a4a,5d5b947862bc2864d2fc1219c66efedba9af61339229f86422ceead66ac5a625,1.0,93858a6e9e4d3b68,ok,785.4380444316448,True,True,cluster_00683,val,/home/dheirav/Code/Deepfake_Detection/deepfake-project/dataset_builder/val/ai_generated/flux_topup_001528.jpg
data_sources/ai_generated/FLUX_TopUp/flux_topup_001530.jpg,data_sources/ai_generated/FLUX_TopUp,ai_generated,1024,1024,1.0,JPEG,273957,7ebdd3307096b255f91804c0d91aa114,1f5e26e558240b96901535c286b8d24e0c56a00dbf052dd78ce3854133f64f5f,1.0,9e922e2e0cdce4ad,ok,247.67690090080941,True,True,cluster_01552,val,/home/dheirav/Code/Deepfake_Detection/deepfake-project/dataset_builder/val/ai_generated/flux_topup_001530.jpg
data_sources/ai_generated/FLUX_TopUp/flux_topup_001536.jpg,data_sources/ai_generated/FLUX_TopUp,ai_generated,1024,1024,1.0,JPEG,233114,c44d88fef9f8eb48a03f2c74495e452f,b064889ccf8d83a91be02cf262aa092e519013ce936666b5f74fefcf12914af7,1.0,b2b359cc66a23179,ok,1944.963303512274,True,True,cluster_01910,val,/home/dheirav/Code/Deepfake_Detection/deepfake-project/dataset_builder/val/ai_generated/flux_topup_001536.jpg
data_sources/ai_generated/FLUX_TopUp/flux_topup_001537.jpg,data_sources/ai_generated/FLUX_TopUp,ai_generated,1024,1024,1.0,JPEG,279974,7b8d2e77b317292f34c8629aa28e90a4,40aa0a7bd7e565d9e7f332ac6d3048e45d1fa0c8215350451c7fdbe897ec7b56,1.0,9197c6d95cb032b3,ok,716.6070156006462,True,True,cluster_01503,val,/home/dheirav/Code/Deepfake_Detection/deepfake-project/dataset_builder/val/ai_generated/flux_topup_001537.jpg
data_sources/ai_generated/FLUX_TopUp/flux_topup_001540.jpg,data_sources/ai_generated/FLUX_TopUp,ai_generated,1024,1024,1.0,JPEG,341535,f0cc759b7a5d22e43c89fe612cd96d62,10cce5bea80170eba3c81b7bf4399bd522cdd0e37b01f42237d939e251a0d390,1.0,9595e4e1634b13e6,ok,743.8153126736725,True,True,cluster_01005,val,/home/dheirav/Code/Deepfake_Detection/deepfake-project/dataset_builder/val/ai_generated/flux_topup_001540.jpg
data_sources/ai_generated/FLUX_TopUp/flux_topup_001541.jpg,data_sources/ai_generated/FLUX_TopUp,ai_generated,1024,1024,1.0,JPEG,281428,9b3d9fe998e0f8343f372b3e850b6a0a,11995392c0384d58cae87d257dd59764ed3149917cbe9993e22404050397556c,1.0,99933672729a1d2d,ok,398.4470122860139,True,True,cluster_01491,val,/home/dheirav/Code/Deepfake_Detection/deepfake-project/dataset_builder/val/ai_generated/flux_topup_001541.jpg
data_sources/ai_generated/FLUX_TopUp/flux_topup_001545.jpg,data_sources/ai_generated/FLUX_TopUp,ai_generated,1024,1024,1.0,JPEG,268634,a73aff90e89b8ac3ae5ddb87ab961e37,972897038260cdd30e98324532b085f909a864c91d019e74dae1d31e65f131ef,1.0,9091a37c3b1e5f15,ok,396.6723105599003,True,True,cluster_01599,val,/home/dheirav/Code/Deepfake_Detection/deepfake-project/dataset_builder/val/ai_generated/flux_topup_001545.jpg
data_sources/ai_generated/FLUX_TopUp/flux_topup_001547.jpg,data_sources/ai_generated/FLUX_TopUp,ai_generated,1024,1024,1.0,JPEG,271482,9cba0fb3c94cee11feb48a8c869942fd,dbc1eaa941171ef53a3045d7715471ad51d655c930894c2f8051cf61c20cfa15,1.0,97dd6d7491924a8c,ok,575.508199160904,True,True,cluster_01577,val,/home/dheirav/Code/Deepfake_Detection/deepfake-project/dataset_builder/val/ai_generated/flux_topup_001547.jpg
data_sources/ai_generated/FLUX_TopUp/flux_topup_001549.jpg,data_sources/ai_generated/FLUX_TopUp,ai_generated,1024,1024,1.0,JPEG,581447,21870ed62a34dae0d99f6b78e236ddd0,71d5e36ae62d5a459f8e67dc615db1cc037f307f99b64ca407b8e089f11628b2,1.0,94b4c11fce7c4c1d,ok,4011.164408409655,True,True,cluster_00037,val,/home/dheirav/Code/Deepfake_Detection/deepfake-project/dataset_builder/val/ai_generated/flux_topup_001549.jpg
data_sources/ai_generated/FLUX_TopUp/flux_topup_001551.jpg,data_sources/ai_generated/FLUX_TopUp,ai_generated,1024,1024,1.0,JPEG,332178,f81812c564b53d150323a954e09e2c54,d5e9fcbf118109c01a727b2e173d1c09cb4f956c6a781f7438991ad2ccc03fd4,1.0,90832f7c4727adca,ok,1056.7744856303243,True,True,cluster_01078,val,/home/dheirav/Code/Deepfake_Detection/deepfake-project/dataset_builder/val/ai_generated/flux_topup_001551.jpg
data_sources/ai_generated/FLUX_TopUp/flux_topup_001555.jpg,data_sources/ai_generated/FLUX_TopUp,ai_generated,1024,1024,1.0,JPEG,309379,228723afd1c5548c5c518f2dd17a4cea,e6cf47ed64d0e128fcfd4b4b696ec5c90addd0c39a3736887933d1a00b129db0,1.0,9696c99999917993,ok,578.2869796739794,True,True,cluster_01266,val,/home/dheirav/Code/Deepfake_Detection/deepfake-project/dataset_builder/val/ai_generated/flux_topup_001555.jpg
data_sources/ai_generated/FLUX_TopUp/flux_topup_001557.jpg,data_sources/ai_generated/FLUX_TopUp,ai_generated,1024,1024,1.0,JPEG,373592,f34bd34045c20faf0c30071ade1ec6ac,5507e1cea1f313da58bd5e3b80a873d792ce0a5397dbff6840f733799806c358,1.0,f5e98c387210dae5,ok,2498.695806243681,True,True,cluster_00809,val,/home/dheirav/Code/Deepfake_Detection/deepfake-project/dataset_builder/val/ai_generated/flux_topup_001557.jpg
data_sources/ai_generated/FLUX_TopUp/flux_topup_001561.jpg,data_sources/ai_generated/FLUX_TopUp,ai_generated,1024,1024,1.0,JPEG,255232,922bd102991ad1d1a1285642298cf61c,d356e8080f55263031455313f9eb4e9331d85ea25cadfd2c17c8d46e9524bc26,1.0,9d81b3959a9d5ca8,ok,205.9201249968237,True,True,cluster_01714,val,/home/dheirav/Code/Deepfake_Detection/deepfake-project/dataset_builder/val/ai_generated/flux_topup_001561.jpg
data_sources/ai_generated/FLUX_TopUp/flux_topup_001562.jpg,data_sources/ai_generated/FLUX_TopUp,ai_generated,1024,1024,1.0,JPEG,409511,0421a1190ce89f927600861583385c2c,7391243e890cec9142aabcc9b5ed29a9b7d518876b2a6785781bfb63ec4291bf,1.0,dc95b52ea260cc6b,ok,906.9542550769654,True,True,cluster_00609,val,/home/dheirav/Code/Deepfake_Detection/deepfake-project/dataset_builder/val/ai_generated/flux_topup_001562.jpg
data_sources/ai_generated/FLUX_TopUp/flux_topup_001564.jpg,data_sources/ai_generated/FLUX_TopUp,ai_generated,1024,1024,1.0,JPEG,317713,618a29ac19b7f1a9ad491d69ccc188df,4a753ff1eb5f6eda839cb89057e015730f065b403468ac5156cfcf8694cc79ef,1.0,919167278dc97a1e,ok,497.96137684399946,True,True,cluster_01192,val,/home/dheirav/Code/Deepfake_Detection/deepfake-project/dataset_builder/val/ai_generated/flux_topup_001564.jpg
data_sources/ai_generated/FLUX_TopUp/flux_topup_001574.jpg,data_sources/ai_generated/FLUX_TopUp,ai_generated,1024,1024,1.0,JPEG,272884,965027c3be563609346771ae3187c26b,fa261282aafc219a1eb99f245716db52c2f7a07c07628688721804c7b86fa29c,1.0,9595923a6266f6b4,ok,482.1208921859642,True,True,cluster_01563,val,/home/dheirav/Code/Deepfake_Detection/deepfake-project/dataset_builder/val/ai_generated/flux_topup_001574.jpg
data_sources/ai_generated/FLUX_TopUp/flux_topup_001576.jpg,data_sources/ai_generated/FLUX_TopUp,ai_generated,1024,1024,1.0,JPEG,509701,8c9cc63ddbe42bc9cd0c8f905c008251,38e9c1bb288b066ab3ccc8945beded94efc54a513c2697d4220211a7b8b4c119,1.0,cb8b4be138f8846b,ok,2575.1368082939252,True,True,cluster_00145,val,/home/dheirav/Code/Deepfake_Detection/deepfake-project/dataset_builder/val/ai_generated/flux_topup_001576.jpg
data_sources/ai_generated/FLUX_TopUp/flux_topup_001578.jpg,data_sources/ai_generated/FLUX_TopUp,ai_generated,1024,1024,1.0,JPEG,314867,7e60614ac3f0e9f893631b2908c9e243,0b7fc95c27141a90b240ff7df00590b6c46221001214ff79bab63e24d9180cb3,1.0,b8b1474f6833139b,ok,1085.074016442587,True,True,cluster_01212,val,/home/dheirav/Code/Deepfake_Detection/deepfake-project/dataset_builder/val/ai_generated/flux_topup_001578.jpg
data_sources/ai_generated/FLUX_TopUp/flux_topup_001584.jpg,data_sources/ai_generated/FLUX_TopUp,ai_generated,1024,1024,1.0,JPEG,490261,bd407ab427f1ada7f2e44ca6c10cf4b6,ec4b7bb6de81ccd8241148879a3a2ce001457c14cd2f4825ab3d190953ed1bcf,1.0,cc914bce4c2d6697,ok,3762.9841532172945,True,True,cluster_00209,val,/home/dheirav/Code/Deepfake_Detection/deepfake-project/dataset_builder/val/ai_generated/flux_topup_001584.jpg
data_sources/ai_generated/FLUX_TopUp/flux_topup_001596.jpg,data_sources/ai_generated/FLUX_TopUp,ai_generated,1024,1024,1.0,JPEG,563814,7ddf6ce80ab9045416f681047251ce59,09f0ea15d5caf4579d4a5e6db6794ea8a7fb85c9bde5dc7005bc559b3d3d90f1,1.0,9585d29339ec2cec,ok,3476.4191499031976,True,True,cluster_00048,val,/home/dheirav/Code/Deepfake_Detection/deepfake-project/dataset_builder/val/ai_generated/flux_topup_001596.jpg
data_sources/ai_generated/FLUX_TopUp/flux_topup_001602.jpg,data_sources/ai_generated/FLUX_TopUp,ai_generated,1024,1024,1.0,JPEG,491809,146db77a69abedb2c8a7c952570d51fc,4d4e2b243a2df17caf849b7322a3da91ff56547cb01b3d2768f35bd6e03ee1dd,1.0,90966b6b73396325,ok,2623.6779504605174,True,True,cluster_00204,val,/home/dheirav/Code/Deepfake_Detection/deepfake-project/dataset_builder/val/ai_generated/flux_topup_001602.jpg
data_sources/ai_generated/FLUX_TopUp/flux_topup_001609.jpg,data_sources/ai_generated/FLUX_TopUp,ai_generated,1024,1024,1.0,JPEG,236209,43e70d44316842b30a895a43d661c900,25577b6dae4b96da290920b9c93d2a2458681773360889be39a3700f086e1add,1.0,d2986d6536b6314b,ok,110.24784690617525,True,True,cluster_01887,val,/home/dheirav/Code/Deepfake_Detection/deepfake-project/dataset_builder/val/ai_generated/flux_topup_001609.jpg
data_sources/ai_generated/FLUX_TopUp/flux_topup_001618.jpg,data_sources/ai_generated/FLUX_TopUp,ai_generated,1024,1024,1.0,JPEG,411362,52030c9662ec7be7628fcce896fd94bd,c5aef8d507f095380bb079f5f862ade55d820020ad0430a88466541572dd7975,1.0,93a5a26b475b3278,ok,1687.5962641417823,True,True,cluster_00598,val,/home/dheirav/Code/Deepfake_Detection/deepfake-project/dataset_builder/val/ai_generated/flux_topup_001618.jpg
data_sources/ai_generated/FLUX_TopUp/flux_topup_001623.jpg,data_sources/ai_generated/FLUX_TopUp,ai_generated,1024,1024,1.0,JPEG,254627,e81d562d6c463c642c890b3d075fb214,9bd159280afacabcae06bd5ed6596a71b28c8a5f623a672f7286da8f3af92aa1,1.0,939b8ecc4d616c39,ok,493.993199337644,True,True,cluster_01719,val,/home/dheirav/Code/Deepfake_Detection/deepfake-project/dataset_builder/val/ai_generated/flux_topup_001623.jpg
data_sources/ai_generated/FLUX_TopUp/flux_topup_001629.jpg,data_sources/ai_generated/FLUX_TopUp,ai_generated,1024,1024,1.0,JPEG,429065,7f9c855b886bd0d62b1b61eba5586fc1,b3a543a3d82809895f1dd073abf65c80ba4f5be1c342004104bd119222c3ef59,1.0,96bce908d08765cf,ok,1964.7116167172207,True,True,cluster_00493,val,/home/dheirav/Code/Deepfake_Detection/deepfake-project/dataset_builder/val/ai_generated/flux_topup_001629.jpg
data_sources/ai_generated/FLUX_TopUp/flux_topup_001633.jpg,data_sources/ai_generated/FLUX_TopUp,ai_generated,1024,1024,1.0,JPEG,266516,9118b5003f21408c7a18c6ac167cd715,ab806226f8b272a74e604a9226732d27b39fc7f128cde2b24d3fc41b6ef68471,1.0,919c8f83f03c55f1,ok,779.1480492743276,True,True,cluster_01615,val,/home/dheirav/Code/Deepfake_Detection/deepfake-project/dataset_builder/val/ai_generated/flux_topup_001633.jpg
data_sources/ai_generated/FLUX_TopUp/flux_topup_001637.jpg,data_sources/ai_generated/FLUX_TopUp,ai_generated,1024,1024,1.0,JPEG,390903,79ead47d72b17676646309963ba849a1,5aa5ad74fe15375c595c0ece8c473f3671706d73b58f2bf3c4d1b3d2af3affb1,1.0,9d8393968ea7c493,ok,2087.930087525047,True,True,cluster_00711,val,/home/dheirav/Code/Deepfake_Detection/deepfake-project/dataset_builder/val/ai_generated/flux_topup_001637.jpg
data_sources/ai_generated/FLUX_TopUp/flux_topup_001640.jpg,data_sources/ai_generated/FLUX_TopUp,ai_generated,1024,1024,1.0,JPEG,235486,1367a78d5a065305081b63eeb46f6d5e,658dcc19bd8257d2274c83a2c57c6abf8f7517c9817b63729ac5247de05b8406,1.0,9e91918ce61ec733,ok,363.89479730999926,True,True,cluster_01896,val,/home/dheirav/Code/Deepfake_Detection/deepfake-project/dataset_builder/val/ai_generated/flux_topup_001640.jpg
data_sources/ai_generated/FLUX_TopUp/flux_topup_001644.jpg,data_sources/ai_generated/FLUX_TopUp,ai_generated,1024,1024,1.0,JPEG,405563,7578bde20669420c226b4264486896d8,c4dcb5f5f3c35fe97f49af42ca6f41450ce478468190a27fee4c94d14ef39a2f,1.0,9a6a75712a14e79a,ok,2123.0466813740786,True,True,cluster_00633,val,/home/dheirav/Code/Deepfake_Detection/deepfake-project/dataset_builder/val/ai_generated/flux_topup_001644.jpg
data_sources/ai_generated/FLUX_TopUp/flux_topup_001646.jpg,data_sources/ai_generated/FLUX_TopUp,ai_generated,1024,1024,1.0,JPEG,292381,9e5a2c25a166f6de289f7c8eeeb2ae57,1a5271545a4272ac0b4b70c27ae6795a11b07f9d18b3ba6ea8c50182635970cf,1.0,e1b1184ccee6e743,ok,1134.274739644359,True,True,cluster_01398,val,/home/dheirav/Code/Deepfake_Detection/deepfake-project/dataset_builder/val/ai_generated/flux_topup_001646.jpg
data_sources/ai_generated/FLUX_TopUp/flux_topup_001650.jpg,data_sources/ai_generated/FLUX_TopUp,ai_generated,1024,1024,1.0,JPEG,403135,e1cfcb72b08dacb11bfd8e9a7042366c,c405741556d9c87570bb9464a9f463fb0a0b65cb1b94c89e34ff14786780fb85,1.0,80aa5e6535d7d51c,ok,1125.4837836840743,True,True,cluster_00651,val,/home/dheirav/Code/Deepfake_Detection/deepfake-project/dataset_builder/val/ai_generated/flux_topup_001650.jpg
data_sources/ai_generated/FLUX_TopUp/flux_topup_001651.jpg,data_sources/ai_generated/FLUX_TopUp,ai_generated,1024,1024,1.0,JPEG,327228,067613506f996aba832aa28b53b103fb,05f908089cc5b3d183c881b70a980447da45f9f6b3071b203c4de222d692805a,1.0,92cc1f9378a48f59,ok,838.0876972029179,True,True,cluster_01114,val,/home/dheirav/Code/Deepfake_Detection/deepfake-project/dataset_builder/val/ai_generated/flux_topup_001651.jpg
data_sources/ai_generated/FLUX_TopUp/flux_topup_001653.jpg,data_sources/ai_generated/FLUX_TopUp,ai_generated,1024,1024,1.0,JPEG,294953,3728fa2c876a50351ad41c79d2a7626c,ac154a4d10bd391188b31f912f9d28ff2d3800793ba8d821b8824527f8285baa,1.0,a5ac5ab8e34e3aa1,ok,261.2947994127426,True,True,cluster_01381,val,/home/dheirav/Code/Deepfake_Detection/deepfake-project/dataset_builder/val/ai_generated/flux_topup_001653.jpg
data_sources/ai_generated/FLUX_TopUp/flux_topup_001656.jpg,data_sources/ai_generated/FLUX_TopUp,ai_generated,1024,1024,1.0,JPEG,327753,e43eb080bc9758aa55c92cb01046761d,bbfdb455d02c1c03bcfc101e3221f20c144276c9be24fb00c98d7b07591c4402,1.0,c5c702d033cbec37,ok,456.7952094403445,True,True,cluster_01106,val,/home/dheirav/Code/Deepfake_Detection/deepfake-project/dataset_builder/val/ai_generated/flux_topup_001656.jpg
data_sources/ai_generated/FLUX_TopUp/flux_topup_001664.jpg,data_sources/ai_generated/FLUX_TopUp,ai_generated,1024,1024,1.0,JPEG,339537,724dc0f120067c6dcdd80ba92d48b04e,5c254f1bac56acfe507631d14988f671db8a703c372b2daba42eccd22cf3bf81,1.0,81c27c7d770383ec,ok,744.29679149872,True,True,cluster_01018,val,/home/dheirav/Code/Deepfake_Detection/deepfake-project/dataset_builder/val/ai_generated/flux_topup_001664.jpg
data_sources/ai_generated/FLUX_TopUp/flux_topup_001665.jpg,data_sources/ai_generated/FLUX_TopUp,ai_generated,1024,1024,1.0,JPEG,462185,25fbd31587c4189c2cdcf031808732be,ba38330464a2e1766c53f2114d6eef1fc1a09bb16a9d1cc81abee772fd308f15,1.0,cc8bf303bba83ea0,ok,1426.9152015343052,True,True,cluster_00325,val,/home/dheirav/Code/Deepfake_Detection/deepfake-project/dataset_builder/val/ai_generated/flux_topup_001665.jpg
data_sources/ai_generated/FLUX_TopUp/flux_topup_001667.jpg,data_sources/ai_generated/FLUX_TopUp,ai_generated,1024,1024,1.0,JPEG,595283,d572b6b66f097d351f33fe43d734daca,9e2ce9718244eb882dcc5571ca15ae6db414ca06f52f59bed733896dd60a2410,1.0,d0321b6d666f24f2,ok,3986.815367097521,True,True,cluster_00023,val,/home/dheirav/Code/Deepfake_Detection/deepfake-project/dataset_builder/val/ai_generated/flux_topup_001667.jpg
data_sources/ai_generated/FLUX_TopUp/flux_topup_001668.jpg,data_sources/ai_generated/FLUX_TopUp,ai_generated,1024,1024,1.0,JPEG,432140,88ee340e81f09a3f3b0a8540ba3e68bc,ba9ddeb0e20d1561503780597680b5975cbddaf474ed366c8858a9a48ffef732,1.0,9b99396166356666,ok,2467.0238595680053,True,True,cluster_00476,val,/home/dheirav/Code/Deepfake_Detection/deepfake-project/dataset_builder/val/ai_generated/flux_topup_001668.jpg
data_sources/ai_generated/FLUX_TopUp/flux_topup_001676.jpg,data_sources/ai_generated/FLUX_TopUp,ai_generated,1024,1024,1.0,JPEG,330588,1e69e73846b3f49693070a7b4dd11b9c,01fdb2db45cd969907fdf676458df1747e6d3110e8e32637c7bfd015ec3666cd,1.0,bda953c3e94e0634,ok,1339.225082886179,True,True,cluster_01092,val,/home/dheirav/Code/Deepfake_Detection/deepfake-project/dataset_builder/val/ai_generated/flux_topup_001676.jpg
data_sources/ai_generated/FLUX_TopUp/flux_topup_001687.jpg,data_sources/ai_generated/FLUX_TopUp,ai_generated,1024,1024,1.0,JPEG,284508,82ee14df6b38926da68705b7960f7081,a5180bb71e61132cc66386770c9d602a52091b3357c03120b8ed9b78787c0efc,1.0,90949ccbcbdc1c67,ok,377.82400131207754,True,True,cluster_01473,val,/home/dheirav/Code/Deepfake_Detection/deepfake-project/dataset_builder/val/ai_generated/flux_topup_001687.jpg
data_sources/ai_generated/FLUX_TopUp/flux_topup_001689.jpg,data_sources/ai_generated/FLUX_TopUp,ai_generated,1024,1024,1.0,JPEG,311554,dc5997fbca6f6b15b2dd0c4ee520dc70,b6f6d2c81b9f6a2d6cf4070f75011427067214ab28b6132ba7f5b4776992ef05,1.0,90a13f5f6432ac75,ok,1641.7107278148897,True,True,cluster_01245,val,/home/dheirav/Code/Deepfake_Detection/deepfake-project/dataset_builder/val/ai_generated/flux_topup_001689.jpg
data_sources/ai_generated/FLUX_TopUp/flux_topup_001692.jpg,data_sources/ai_generated/FLUX_TopUp,ai_generated,1024,1024,1.0,JPEG,353067,6aa1c70b3eb108c09dda7ab3753d1f2e,711caa2eda3a097c74a7a9364c0f6c2698ac9f781b6e92ebee8c9c1371b89345,1.0,cdce3a3039793331,ok,1510.446019526673,True,True,cluster_00934,val,/home/dheirav/Code/Deepfake_Detection/deepfake-project/dataset_builder/val/ai_generated/flux_topup_001692.jpg
data_sources/ai_generated/FLUX_TopUp/flux_topup_001693.jpg,data_sources/ai_generated/FLUX_TopUp,ai_generated,1024,1024,1.0,JPEG,257727,764501fc39cd800d6c23a3d2a63d72e2,a81e3549f4e602d9b72b7fd3906e10fbe7e5442b13752e16381a6f2cc1b33297,1.0,919133b3cf9328a7,ok,555.404742239064,True,True,cluster_01697,val,/home/dheirav/Code/Deepfake_Detection/deepfake-project/dataset_builder/val/ai_generated/flux_topup_001693.jpg
data_sources/ai_generated/FLUX_TopUp/flux_topup_001695.jpg,data_sources/ai_generated/FLUX_TopUp,ai_generated,1024,1024,1.0,JPEG,463799,cff02bd56731209c79f7f57e00f808bb,0d1cf4372989c5e77b81ce06effef01c9e53f0ac55f4b1fdd3bbf21ddb15f1c1,1.0,a4aecb9938d86566,ok,2666.386899740122,True,True,cluster_00315,val,/home/dheirav/Code/Deepfake_Detection/deepfake-project/dataset_builder/val/ai_generated/flux_topup_001695.jpg
data_sources/ai_generated/FLUX_TopUp/flux_topup_001696.jpg,data_sources/ai_generated/FLUX_TopUp,ai_generated,1024,1024,1.0,JPEG,249490,dd8293896f0812f932ef1cf091b04148,13199b7fd9ac667e311e502d4cdca7b04319a7df5e8fa0d6ac089add8c3d4d1d,1.0,96c6693969393969,ok,181.56092526444166,True,True,cluster_01766,val,/home/dheirav/Code/Deepfake_Detection/deepfake-project/dataset_builder/val/ai_generated/flux_topup_001696.jpg
data_sources/ai_generated/FLUX_TopUp/flux_topup_001697.jpg,data_sources/ai_generated/FLUX_TopUp,ai_generated,1024,1024,1.0,JPEG,387719,85b0269adbee65f1d058639db768d854,d9c311eabf34bde00d46939a29bb2d319b960acc26002a3e8e727b032f8facfe,1.0,879939e64e59e41a,ok,667.2721368193588,True,True,cluster_00734,val,/home/dheirav/Code/Deepfake_Detection/deepfake-project/dataset_builder/val/ai_generated/flux_topup_001697.jpg
data_sources/ai_generated/FLUX_TopUp/flux_topup_001701.jpg,data_sources/ai_generated/FLUX_TopUp,ai_generated,1024,1024,1.0,JPEG,323085,554f75bc2e56262f3b13273ae5a087da,3262854eb47cea44554c51a298db8ccf57786ad1ae7c26283df6a626da38574a,1.0,83a12c1e5a6c9f97,ok,715.2627548991547,True,True,cluster_01153,val,/home/dheirav/Code/Deepfake_Detection/deepfake-project/dataset_builder/val/ai_generated/flux_topup_001701.jpg
data_sources/ai_generated/FLUX_TopUp/flux_topup_001703.jpg,data_sources/ai_generated/FLUX_TopUp,ai_generated,1024,1024,1.0,JPEG,467619,646ac87c68e6275ee00fbc9364433f15,a27a2b85cd3d242c17d8c5e68e4da51e2dddd889ca904741999b3b6a5a13d358,1.0,c5f3922c3c857d92,ok,1555.9235295762628,True,True,cluster_00301,val,/home/dheirav/Code/Deepfake_Detection/deepfake-project/dataset_builder/val/ai_generated/flux_topup_001703.jpg
data_sources/ai_generated/FLUX_TopUp/flux_topup_001709.jpg,data_sources/ai_generated/FLUX_TopUp,ai_generated,1024,1024,1.0,JPEG,321227,136d8b3047b89c6470af29880c25a108,bcc60046ab2ad4afa640388566c5e79ca55bc487a2348398e5706ca980cce06f,1.0,ca2b754429d275b5,ok,757.2011555763736,True,True,cluster_01168,val,/home/dheirav/Code/Deepfake_Detection/deepfake-project/dataset_builder/val/ai_generated/flux_topup_001709.jpg
data_sources/ai_generated/FLUX_TopUp/flux_topup_001716.jpg,data_sources/ai_generated/FLUX_TopUp,ai_generated,1024,1024,1.0,JPEG,332311,5363e427bbef1bb7b14e266f358b6515,32610ff3fd24ed08e497190280e615c69930e39b87a4f3d7fab9173e8abc5ce7,1.0,8c91b5342d8c9bdb,ok,1051.2824869396418,True,True,cluster_01077,val,/home/dheirav/Code/Deepfake_Detection/deepfake-project/dataset_builder/val/ai_generated/flux_topup_001716.jpg
data_sources/ai_generated/FLUX_TopUp/flux_topup_001718.jpg,data_sources/ai_generated/FLUX_TopUp,ai_generated,1024,1024,1.0,JPEG,253574,7990d915269d76c871f6ddc2487ed9da,5d916871caa606acdc28d71a8f9f7615da0a79f3ed67fabf7a9674112e1c3be5,1.0,849b1be49c1a66ed,ok,374.1362008769928,True,True,cluster_01729,val,/home/dheirav/Code/Deepfake_Detection/deepfake-project/dataset_builder/val/ai_generated/flux_topup_001718.jpg
data_sources/ai_generated/FLUX_TopUp/flux_topup_001722.jpg,data_sources/ai_generated/FLUX_TopUp,ai_generated,1024,1024,1.0,JPEG,411619,13a47bb53ffea953f68c20e06df015da,a4d6d0fa594dd0da6dae5b48ed52599814f882660a82e544b8edf04595b087f9,1.0,90920f639d66d92f,ok,873.7882070527547,True,True,cluster_00594,val,/home/dheirav/Code/Deepfake_Detection/deepfake-project/dataset_builder/val/ai_generated/flux_topup_001722.jpg
data_sources/ai_generated/FLUX_TopUp/flux_topup_001726.jpg,data_sources/ai_generated/FLUX_TopUp,ai_generated,1024,1024,1.0,JPEG,445487,c679e6092281d6074ca9f908198efd52,8d9513dd8ba5a0e9cc3923968b2091de190345b97c69125da9c3595dcb862e76,1.0,90a4ace9723be49b,ok,1244.4944228602108,True,True,cluster_00398,val,/home/dheirav/Code/Deepfake_Detection/deepfake-project/dataset_builder/val/ai_generated/flux_topup_001726.jpg
data_sources/ai_generated/FLUX_TopUp/flux_topup_001727.jpg,data_sources/ai_generated/FLUX_TopUp,ai_generated,1024,1024,1.0,JPEG,594103,775c2ddc3fed1b3f35c82e2383fad23d,07d374503c9b05c63800a1c9bc6b6d6589702875a995cf4107d3c0137c4b722f,1.0,8dc3cbb52a79b0e0,ok,3442.953550259778,True,True,cluster_00026,val,/home/dheirav/Code/Deepfake_Detection/deepfake-project/dataset_builder/val/ai_generated/flux_topup_001727.jpg
data_sources/ai_generated/FLUX_TopUp/flux_topup_001729.jpg,data_sources/ai_generated/FLUX_TopUp,ai_generated,1024,1024,1.0,JPEG,224719,4bb335517902411bf0f0067865019dca,1a87590c9405b78079d5ef9a1beef61d86cc822591203f2af0ad59767d0aa1a3,1.0,d4bc274817c32ef2,ok,172.36171971339988,True,True,cluster_01977,val,/home/dheirav/Code/Deepfake_Detection/deepfake-project/dataset_builder/val/ai_generated/flux_topup_001729.jpg
data_sources/ai_generated/FLUX_TopUp/flux_topup_001731.jpg,data_sources/ai_generated/FLUX_TopUp,ai_generated,1024,1024,1.0,JPEG,330357,3f510a1224059b8325883279433adbd1,fb48a2940e81d52afa5862ad19998e70f39319c9efb8d2bb10195f86f9139a72,1.0,d39bd21b6dce08c8,ok,1525.6988182646996,True,True,cluster_01096,val,/home/dheirav/Code/Deepfake_Detection/deepfake-project/dataset_builder/val/ai_generated/flux_topup_001731.jpg
data_sources/ai_generated/FLUX_TopUp/flux_topup_001733.jpg,data_sources/ai_generated/FLUX_TopUp,ai_generated,1024,1024,1.0,JPEG,461450,3934ed2e46a3e97381b03b9c87d9db17,03290d3a7ddbbf09946390f5273bda47aa968cabbe64c4e2695cdc80b4ac1b46,1.0,8082d25775755eda,ok,2335.1273985941034,True,True,cluster_00329,val,/home/dheirav/Code/Deepfake_Detection/deepfake-project/dataset_builder/val/ai_generated/flux_topup_001733.jpg
data_sources/ai_generated/FLUX_TopUp/flux_topup_001734.jpg,data_sources/ai_generated/FLUX_TopUp,ai_generated,1024,1024,1.0,JPEG,308880,c4e7c51580e032a0bdce2ad2bf0dae39,6cbbb4ac319a2f04ea503b1894459f4a63ef0c663686496997fca8dd61d53520,1.0,9e9a63530cb6b1e4,ok,1101.1259446630056,True,True,cluster_01270,val,/home/dheirav/Code/Deepfake_Detection/deepfake-project/dataset_builder/val/ai_generated/flux_topup_001734.jpg
data_sources/ai_generated/FLUX_TopUp/flux_topup_001737.jpg,data_sources/ai_generated/FLUX_TopUp,ai_generated,1024,1024,1.0,JPEG,371322,b4eb181fcb2c2fef86cb970dfa82d1d7,a37fe288a36de0285f6b9fdae72ec8212c51ad8a7e52f71f4b0348c02c27441c,1.0,c9f24a9969370766,ok,537.1679543015406,True,True,cluster_00824,val,/home/dheirav/Code/Deepfake_Detection/deepfake-project/dataset_builder/val/ai_generated/flux_topup_001737.jpg
data_sources/ai_generated/FLUX_TopUp/flux_topup_001739.jpg,data_sources/ai_generated/FLUX_TopUp,ai_generated,1024,1024,1.0,JPEG,278725,5e281d65a76f9274c8dfa000b1784902,6d92b58bfc68c5fa1fa8817cd2dca4ad9a97dcf23be8688ab6f50d2cdd91497b,1.0,9b9862669273359b,ok,594.8327615981359,True,True,cluster_01514,val,/home/dheirav/Code/Deepfake_Detection/deepfake-project/dataset_builder/val/ai_generated/flux_topup_001739.jpg
data_sources/ai_generated/FLUX_TopUp/flux_topup_001740.jpg,data_sources/ai_generated/FLUX_TopUp,ai_generated,1024,1024,1.0,JPEG,245440,77b848f03008d8c65a9404c832044152,98a59af1e3b9471f6944cfaf55718eec89307cd83aeb1d2bd888dd9a78562649,1.0,824b0da793e395bc,ok,256.92429591152813,True,True,cluster_01805,val,/home/dheirav/Code/Deepfake_Detection/deepfake-project/dataset_builder/val/ai_generated/flux_topup_001740.jpg
data_sources/ai_generated/FLUX_TopUp/flux_topup_001748.jpg,data_sources/ai_generated/FLUX_TopUp,ai_generated,1024,1024,1.0,JPEG,482543,2158d9a22a59a9c24e7547c7b5b4553e,4d76acfd50f400f6231a2595ed399979ab493b2e7039d00fffaa7f4106914c10,1.0,999c9ca4ba53a879,ok,2792.42511852418,True,True,cluster_00238,val,/home/dheirav/Code/Deepfake_Detection/deepfake-project/dataset_builder/val/ai_generated/flux_topup_001748.jpg
data_sources/ai_generated/FLUX_TopUp/flux_topup_001752.jpg,data_sources/ai_generated/FLUX_TopUp,ai_generated,1024,1024,1.0,JPEG,337124,f39101a6870089d0646b992913ca9c85,5c83c1b4847422f4d2cb13b9aedd29b08f8163cdb05617240aaf9eec1e5e8cd5,1.0,999ace18f9c44787,ok,985.940517404938,True,True,cluster_01042,val,/home/dheirav/Code/Deepfake_Detection/deepfake-project/dataset_builder/val/ai_generated/flux_topup_001752.jpg
data_sources/ai_generated/FLUX_TopUp/flux_topup_001754.jpg,data_sources/ai_generated/FLUX_TopUp,ai_generated,1024,1024,1.0,JPEG,372773,2853512cd21157ac6450f54ab0889f23,fdb7f5129ef7ab566c40fce57b741f3466372cfd7b41f3b7d8bb9b00646ace3e,1.0,cef86133792230cf,ok,857.493514130684,True,True,cluster_00812,val,/home/dheirav/Code/Deepfake_Detection/deepfake-project/dataset_builder/val/ai_generated/flux_topup_001754.jpg
data_sources/ai_generated/FLUX_TopUp/flux_topup_001756.jpg,data_sources/ai_generated/FLUX_TopUp,ai_generated,1024,1024,1.0,JPEG,385161,8b78a59e9fd40c5c00612bf8a7ff3fa5,1620a6f19f923132336ccd231252ae6c4bebad49d784a56b4f88ecc6bffd2197,1.0,8be0d678639d152e,ok,1299.8930358323255,True,True,cluster_00751,val,/home/dheirav/Code/Deepfake_Detection/deepfake-project/dataset_builder/val/ai_generated/flux_topup_001756.jpg
data_sources/ai_generated/FLUX_TopUp/flux_topup_001762.jpg,data_sources/ai_generated/FLUX_TopUp,ai_generated,1024,1024,1.0,JPEG,458149,f102d4ec824fd4480a1f662c495c8b84,5bd7bf7559e7049e03b7fbe5a57d9fa764338b1640d313f73c897b5de3dcdeb4,1.0,c1f0db9e46269867,ok,1629.395960049673,True,True,cluster_00340,val,/home/dheirav/Code/Deepfake_Detection/deepfake-project/dataset_builder/val/ai_generated/flux_topup_001762.jpg
data_sources/ai_generated/FLUX_TopUp/flux_topup_001764.jpg,data_sources/ai_generated/FLUX_TopUp,ai_generated,1024,1024,1.0,JPEG,488951,353bdc913ca9a913d623e21b79815a24,415634942301fbf770343c940831de7cdabbb72aa5990ca7432cfd55c2e7383b,1.0,d98793e62660f691,ok,2295.1985335653508,True,True,cluster_00217,val,/home/dheirav/Code/Deepfake_Detection/deepfake-project/dataset_builder/val/ai_generated/flux_topup_001764.jpg
data_sources/ai_generated/FLUX_TopUp/flux_topup_001770.jpg,data_sources/ai_generated/FLUX_TopUp,ai_generated,1024,1024,1.0,JPEG,363486,dff81dc8e51c7b403bde0b8549155a1e,800b9ec15d4bcb29c16467ec83c01322754855830fa7b9c648cab1630aa20e0f,1.0,d8199b33337839f0,ok,788.5202853222354,True,True,cluster_00879,val,/home/dheirav/Code/Deepfake_Detection/deepfake-project/dataset_builder/val/ai_generated/flux_topup_001770.jpg
data_sources/ai_generated/FLUX_TopUp/flux_topup_001776.jpg,data_sources/ai_generated/FLUX_TopUp,ai_generated,1024,1024,1.0,JPEG,342067,c41167f70c8161e47de89035b6fc2ca9,f91302ad9060a1d74846ccef3d02bf895f33e8ef8c3f30b4b8623dce35b41f47,1.0,ccc1c6b831b61ea7,ok,1321.091053850716,True,True,cluster_00999,val,/home/dheirav/Code/Deepfake_Detection/deepfake-project/dataset_builder/val/ai_generated/flux_topup_001776.jpg
data_sources/ai_generated/FLUX_TopUp/flux_topup_001790.jpg,data_sources/ai_generated/FLUX_TopUp,ai_generated,1024,1024,1.0,JPEG,268152,de84b60c0cd9d40316bfbce0f003c6c5,c7dd36ccb8cd05c5c3c8e2d8ccb734892f80299cdcc44e237242df0ca744ee7d,1.0,d5f478af0f80784a,ok,287.5417810633507,True,True,cluster_01602,val,/home/dheirav/Code/Deepfake_Detection/deepfake-project/dataset_builder/val/ai_generated/flux_topup_001790.jpg
data_sources/ai_generated/FLUX_TopUp/flux_topup_001815.jpg,data_sources/ai_generated/FLUX_TopUp,ai_generated,1024,1024,1.0,JPEG,465996,4c8e46c51c91a2225f1ebf4632487309,6811207f3e7f2d698a38a60c1f3071e586fd7fcfd15fe96face47fda3ade809c,1.0,c9c7363c1ec935c8,ok,1755.7117675131658,True,True,cluster_00310,val,/home/dheirav/Code/Deepfake_Detection/deepfake-project/dataset_builder/val/ai_generated/flux_topup_001815.jpg
data_sources/ai_generated/FLUX_TopUp/flux_topup_001821.jpg,data_sources/ai_generated/FLUX_TopUp,ai_generated,1024,1024,1.0,JPEG,418328,8205175ebe14a87453fc41a555282015,44fbcad2ab351bdd0c098dd4d7ab85c39481105ef283e94b44c5e649284cada0,1.0,9fd770e84a1a164d,ok,2954.1820747776324,True,True,cluster_00555,val,/home/dheirav/Code/Deepfake_Detection/deepfake-project/dataset_builder/val/ai_generated/flux_topup_001821.jpg
data_sources/ai_generated/FLUX_TopUp/flux_topup_001823.jpg,data_sources/ai_generated/FLUX_TopUp,ai_generated,1024,1024,1.0,JPEG,473638,9c4768e7914b82625111c6823c2d6585,ce6c717f448c4d7ea1f6130a6bf8f6de671441920346a0d0073ec078ad77f69e,1.0,81ccbce069cece39,ok,1075.5666156654029,True,True,cluster_00273,val,/home/dheirav/Code/Deepfake_Detection/deepfake-project/dataset_builder/val/ai_generated/flux_topup_001823.jpg
data_sources/ai_generated/FLUX_TopUp/flux_topup_001833.jpg,data_sources/ai_generated/FLUX_TopUp,ai_generated,1024,1024,1.0,JPEG,356151,b7caa2fb2f55b05f208abe51e4c357b2,ac2a3f6c32d4d5882d60a2c64b6a98044f471a555119e63a35f9b8e24452c0b1,1.0,c4d99aca6b613786,ok,501.69600193265694,True,True,cluster_00918,val,/home/dheirav/Code/Deepfake_Detection/deepfake-project/dataset_builder/val/ai_generated/flux_topup_001833.jpg
data_sources/ai_generated/FLUX_TopUp/flux_topup_001842.jpg,data_sources/ai_generated/FLUX_TopUp,ai_generated,1024,1024,1.0,JPEG,429331,a402341eb9c7432ac9bf06cc601961d7,fd0bdc0b3fd8589c8e21bf0ae575ce848c4823f7ca71a4dcb34bc26f9fc69f5e,1.0,96f77f3044e0681b,ok,885.8571252240716,True,True,cluster_00492,val,/home/dheirav/Code/Deepfake_Detection/deepfake-project/dataset_builder/val/ai_generated/flux_topup_001842.jpg
data_sources/ai_generated/FLUX_TopUp/flux_topup_001849.jpg,data_sources/ai_generated/FLUX_TopUp,ai_generated,1024,1024,1.0,JPEG,343470,e6ad12272423e448cffe3c01ef64b6a4,c8e4bbab62f5d7f20722c1f715b4335282404495e122121fc881a8405d008c8d,1.0,8495919866d37bdc,ok,470.9101416994225,True,True,cluster_00991,val,/home/dheirav/Code/Deepfake_Detection/deepfake-project/dataset_builder/val/ai_generated/flux_topup_001849.jpg
data_sources/ai_generated/FLUX_TopUp/flux_topup_001851.jpg,data_sources/ai_generated/FLUX_TopUp,ai_generated,1024,1024,1.0,JPEG,417736,36ab42ec994ae5fe44b239381e9b8aa4,4f7f818778e76d0575b06f29159d38571615b5fc0b5631c02438e05e77bbd32f,1.0,999973c633b06f30,ok,2666.630399233973,True,True,cluster_00556,val,/home/dheirav/Code/Deepfake_Detection/deepfake-project/dataset_builder/val/ai_generated/flux_topup_001851.jpg
data_sources/ai_generated/FLUX_TopUp/flux_topup_001856.jpg,data_sources/ai_generated/FLUX_TopUp,ai_generated,1024,1024,1.0,JPEG,222080,d0aac8fc44958774a9e8994ca8d4e6b9,c7322957662413367a0c5cbda9d8f7a7c18221975b0e18d7646721c2a0ca8bfe,1.0,b6430b7879876696,ok,468.73392329302345,True,True,cluster_01996,val,/home/dheirav/Code/Deepfake_Detection/deepfake-project/dataset_builder/val/ai_generated/flux_topup_001856.jpg
data_sources/ai_generated/FLUX_TopUp/flux_topup_001859.jpg,data_sources/ai_generated/FLUX_TopUp,ai_generated,1024,1024,1.0,JPEG,446784,0090c1eea0c754e9d0c8e94c985daa10,dda296a5bbc92ca8ce7497463a6ab5907e60605d02c3cbec4aa06ebc14b8cc26,1.0,c5c38c6e5eb13964,ok,956.7761954530104,True,True,cluster_00395,val,/home/dheirav/Code/Deepfake_Detection/deepfake-project/dataset_builder/val/ai_generated/flux_topup_001859.jpg
data_sources/ai_generated/FLUX_TopUp/flux_topup_001861.jpg,data_sources/ai_generated/FLUX_TopUp,ai_generated,1024,1024,1.0,JPEG,414602,1a009fab40d3c00a0869dfb44a3c5083,09af35c0dffc23ec9f5d2ab99dff52f09dd546d1f7f1efc0538a8e8dbd212623,1.0,94e7d2d68d686c25,ok,1439.0113133851992,True,True,cluster_00573,val,/home/dheirav/Code/Deepfake_Detection/deepfake-project/dataset_builder/val/ai_generated/flux_topup_001861.jpg
data_sources/ai_generated/FLUX_TopUp/flux_topup_001865.jpg,data_sources/ai_generated/FLUX_TopUp,ai_generated,1024,1024,1.0,JPEG,397784,150c3ebb3cdb5fd39fc3e55df146b30e,584c9877062c9f1a16669ea9fd71f8f37ee75d3b364312623225e94cb0430976,1.0,90946e7b393863e3,ok,1897.0123061883169,True,True,cluster_00674,val,/home/dheirav/Code/Deepfake_Detection/deepfake-project/dataset_builder/val/ai_generated/flux_topup_001865.jpg
data_sources/ai_generated/FLUX_TopUp/flux_topup_001873.jpg,data_sources/ai_generated/FLUX_TopUp,ai_generated,1024,1024,1.0,JPEG,422174,f9149440d11c0115800ab2ce8a581cc3,f89a0de694da94c96a99823d7205750bb67eda76e882f77a1036da18082b6de1,1.0,c9cf66c46395642e,ok,809.3482385890093,True,True,cluster_00532,val,/home/dheirav/Code/Deepfake_Detection/deepfake-project/dataset_builder/val/ai_generated/flux_topup_001873.jpg
data_sources/ai_generated/FLUX_TopUp/flux_topup_001876.jpg,data_sources/ai_generated/FLUX_TopUp,ai_generated,1024,1024,1.0,JPEG,407540,82fefd4869985d0e9851bb6cd55169c2,8ff0a1077b81d74b039c4f4e88a1715c3dad8c67b5c58edc3c8007a71f396f20,1.0,91d0364f8e73789a,ok,885.8485896743912,True,True,cluster_00622,val,/home/dheirav/Code/Deepfake_Detection/deepfake-project/dataset_builder/val/ai_generated/flux_topup_001876.jpg
data_sources/ai_generated/FLUX_TopUp/flux_topup_001878.jpg,data_sources/ai_generated/FLUX_TopUp,ai_generated,1024,1024,1.0,JPEG,324264,78ad956d435b0b5ae27a1547731ffefc,629e29eefaf94ef09369b6967e71e91a93f503909d4323f3ec3983fd1ddf5e94,1.0,8dc666c1d8687a76,ok,575.7881730947665,True,True,cluster_01143,val,/home/dheirav/Code/Deepfake_Detection/deepfake-project/dataset_builder/val/ai_generated/flux_topup_001878.jpg
data_sources/ai_generated/FLUX_TopUp/flux_topup_001883.jpg,data_sources/ai_generated/FLUX_TopUp,ai_generated,1024,1024,1.0,JPEG,432350,2002ab1d07a574299bbcaf43bdc07f51,299145e52be3aeb17ee4f365744b98a782ee76423d15d1f2ed302dcf30ffb47f,1.0,92922b781f379e83,ok,1485.8837351560942,True,True,cluster_00473,val,/home/dheirav/Code/Deepfake_Detection/deepfake-project/dataset_builder/val/ai_generated/flux_topup_001883.jpg
data_sources/ai_generated/FLUX_TopUp/flux_topup_001884.jpg,data_sources/ai_generated/FLUX_TopUp,ai_generated,1024,1024,1.0,JPEG,295290,6fd077ed6dfff673f561ceab93afc7a0,7ef4c41df2bc4179fd72ddfb72bc41ddff492f8c8a8a6ba867fb7fbc82b000d7,1.0,f9f00e13f6b8035c,ok,631.1096845634299,True,True,cluster_01378,val,/home/dheirav/Code/Deepfake_Detection/deepfake-project/dataset_builder/val/ai_generated/flux_topup_001884.jpg
data_sources/ai_generated/FLUX_TopUp/flux_topup_001887.jpg,data_sources/ai_generated/FLUX_TopUp,ai_generated,1024,1024,1.0,JPEG,316075,8937b40a2dae8fe7fa83c22a3ba0d320,d7e9ccf709e1293db9cd46d209f312163295d0d96bf7c6100a5b81f23b7c0fd0,1.0,b0a406cfdbc9cd49,ok,754.6712540781845,True,True,cluster_01201,val,/home/dheirav/Code/Deepfake_Detection/deepfake-project/dataset_builder/val/ai_generated/flux_topup_001887.jpg
data_sources/ai_generated/FLUX_TopUp/flux_topup_001894.jpg,data_sources/ai_generated/FLUX_TopUp,ai_generated,1024,1024,1.0,JPEG,422910,3f7653796effcf0b19a9f2edca394662,3871e00395292d1f779864400d173701c7525d5edc0efde8e90bb50c924d3934,1.0,93b23e9af392921a,ok,1916.147595740206,True,True,cluster_00525,val,/home/dheirav/Code/Deepfake_Detection/deepfake-project/dataset_builder/val/ai_generated/flux_topup_001894.jpg
data_sources/ai_generated/FLUX_TopUp/flux_topup_001895.jpg,data_sources/ai_generated/FLUX_TopUp,ai_generated,1024,1024,1.0,JPEG,238862,5dca06f8b0a38362c5a90769c8d52a80,4ea5336597efe5b8ff492c645a0e6da43d61edd519bc810c7c0d0c65d3a449cb,1.0,92996937367a92c9,ok,1067.5870931371464,True,True,cluster_01867,val,/home/dheirav/Code/Deepfake_Detection/deepfake-project/dataset_builder/val/ai_generated/flux_topup_001895.jpg
data_sources/ai_generated/FLUX_TopUp/flux_topup_001897.jpg,data_sources/ai_generated/FLUX_TopUp,ai_generated,1024,1024,1.0,JPEG,331536,d95a8b2bdcf2c081abcd5e0dd853629f,871e05c320e8b633c0585b020a0888f6e34b19a1bbca83f30f9e322e46490c49,1.0,84f27c0741bb4f71,ok,553.0247577883264,True,True,cluster_01086,val,/home/dheirav/Code/Deepfake_Detection/deepfake-project/dataset_builder/val/ai_generated/flux_topup_001897.jpg
data_sources/ai_generated/FLUX_TopUp/flux_topup_001898.jpg,data_sources/ai_generated/FLUX_TopUp,ai_generated,1024,1024,1.0,JPEG,339363,c1f9814c44fd6abf0d92812fdb4b59e8,9942c0acd16eb61ec8a4809f4ed54cac79e3fe4ef8382f429d3bd18c4c387c61,1.0,84b67bc44adda662,ok,774.9762827346701,True,True,cluster_01020,val,/home/dheirav/Code/Deepfake_Detection/deepfake-project/dataset_builder/val/ai_generated/flux_topup_001898.jpg
data_sources/ai_generated/FLUX_TopUp/flux_topup_001900.jpg,data_sources/ai_generated/FLUX_TopUp,ai_generated,1024,1024,1.0,JPEG,409374,92faf846eec37ae64e5c9864a3be0d33,81e9485d7ee25a9c709c79f5c1da5f9650f841f8afd13bb0cb568e5eea4533e1,1.0,c1fbbe5c01d324c3,ok,1507.9516492881148,True,True,cluster_00610,val,/home/dheirav/Code/Deepfake_Detection/deepfake-project/dataset_builder/val/ai_generated/flux_topup_001900.jpg
data_sources/ai_generated/FLUX_TopUp/flux_topup_001901.jpg,data_sources/ai_generated/FLUX_TopUp,ai_generated,1024,1024,1.0,JPEG,386533,2fcdda929ecf818da4bb39638fd99f16,9a66d2be06db51277a4ca4b8ab20045d7571e8c240efa97ea7cc01cc4bdd66e1,1.0,9a9e9c989ccc32e6,ok,1125.3937652045279,True,True,cluster_00740,val,/home/dheirav/Code/Deepfake_Detection/deepfake-project/dataset_builder/val/ai_generated/flux_topup_001901.jpg
data_sources/ai_generated/FLUX_TopUp/flux_topup_001902.jpg,data_sources/ai_generated/FLUX_TopUp,ai_generated,1024,1024,1.0,JPEG,531398,23f24eb4d9b5e696010680f0c48bfb2e,15dc3ac14fea997d8c9802fa6abe0ac4fec0eba037b64157b3bd0414a069c9c6,1.0,9b9b26e439cc494e,ok,2767.1771121879574,True,True,cluster_00100,val,/home/dheirav/Code/Deepfake_Detection/deepfake-project/dataset_builder/val/ai_generated/flux_topup_001902.jpg
data_sources/ai_generated/FLUX_TopUp/flux_topup_001903.jpg,data_sources/ai_generated/FLUX_TopUp,ai_generated,1024,1024,1.0,JPEG,249403,ffbe29531fcf338542083c879081715d,3b49c761ffb77e0efdcf7b67bdb601b83941c1b939e0f1aa7be74fefbf08e411,1.0,b082cfad743137c3,ok,1732.3024480934107,True,True,cluster_01767,val,/home/dheirav/Code/Deepfake_Detection/deepfake-project/dataset_builder/val/ai_generated/flux_topup_001903.jpg
data_sources/ai_generated/FLUX_TopUp/flux_topup_001904.jpg,data_sources/ai_generated/FLUX_TopUp,ai_generated,1024,1024,1.0,JPEG,281699,00a137e4a944f30ca5901ad2f4a59399,bf8b3bb08df74ef76b6d6ead103f1dca7c445fab8aa1436c7dcfd0ee17408a7d,1.0,c0e07a3fcee97019,ok,370.8552077838749,True,True,cluster_01489,val,/home/dheirav/Code/Deepfake_Detection/deepfake-project/dataset_builder/val/ai_generated/flux_topup_001904.jpg
data_sources/ai_generated/FLUX_TopUp/flux_topup_001911.jpg,data_sources/ai_generated/FLUX_TopUp,ai_generated,1024,1024,1.0,JPEG,345723,7062a66e9d0626d31bcff9e903e6459d,23aa60c837b30abed4479963ea3a26dd098e5325b4b37eb68e68119e5b0cec59,1.0,9cac6dc26bc49473,ok,682.9362424298849,True,True,cluster_00982,val,/home/dheirav/Code/Deepfake_Detection/deepfake-project/dataset_builder/val/ai_generated/flux_topup_001911.jpg
data_sources/ai_generated/FLUX_TopUp/flux_topup_001920.jpg,data_sources/ai_generated/FLUX_TopUp,ai_generated,1024,1024,1.0,JPEG,412392,40852d8d0eebbaa3d8e80cab1b30b107,f2379f64f4456a6166f58704b0ea4c2d913e13cdff14cbfac93a74c37c5f6092,1.0,9992b064769ce6d9,ok,2033.68125179657,True,True,cluster_00590,val,/home/dheirav/Code/Deepfake_Detection/deepfake-project/dataset_builder/val/ai_generated/flux_topup_001920.jpg
data_sources/ai_generated/FLUX_TopUp/flux_topup_001924.jpg,data_sources/ai_generated/FLUX_TopUp,ai_generated,1024,1024,1.0,JPEG,248543,2933c2e25f11d9832e634986dafb3cb4,5c043cc08225b42674b6c49de40918e74de29f229e4d456542f1f284ccee4f39,1.0,99db988d4d9c6469,ok,154.7187309798819,True,True,cluster_01773,val,/home/dheirav/Code/Deepfake_Detection/deepfake-project/dataset_builder/val/ai_generated/flux_topup_001924.jpg
data_sources/ai_generated/FLUX_TopUp/flux_topup_001928.jpg,data_sources/ai_generated/FLUX_TopUp,ai_generated,1024,1024,1.0,JPEG,301230,67f216557f5964f2b2ac8d79d9ed3d14,51e8f33fb9dc8e3f47bf9515edf31d6757a06e553b7ee28f889947b92b8c2544,1.0,998967693392d9c9,ok,361.2504486566677,True,True,cluster_01338,val,/home/dheirav/Code/Deepfake_Detection/deepfake-project/dataset_builder/val/ai_generated/flux_topup_001928.jpg
data_sources/ai_generated/FLUX_TopUp/flux_topup_001941.jpg,data_sources/ai_generated/FLUX_TopUp,ai_generated,1024,1024,1.0,JPEG,453182,6070b7ef660426a1fcb3b82096654b83,bad6e9615646884ff772fa6b4a82090f93152b13ff7c2e5a8007a2a1f4d4635f,1.0,9bb76d29689a844d,ok,1367.2091633176087,True,True,cluster_00354,val,/home/dheirav/Code/Deepfake_Detection/deepfake-project/dataset_builder/val/ai_generated/flux_topup_001941.jpg
data_sources/ai_generated/FLUX_TopUp/flux_topup_001947.jpg,data_sources/ai_generated/FLUX_TopUp,ai_generated,1024,1024,1.0,JPEG,287908,c45d0ee50cdaa47bb06718cb23f186b8,0bdd77445c83d24aee48d8361017cff49d998177f3d1793e276240ebf8af40dc,1.0,c597a128b8fe3ac2,ok,744.3573497180395,True,True,cluster_01445,val,/home/dheirav/Code/Deepfake_Detection/deepfake-project/dataset_builder/val/ai_generated/flux_topup_001947.jpg
data_sources/ai_generated/FLUX_TopUp/flux_topup_001952.jpg,data_sources/ai_generated/FLUX_TopUp,ai_generated,1024,1024,1.0,JPEG,497494,f776d68b7f765ca9f113b96851bc2535,e8bccdeb8efac24ca65b400a4128b68ba26f71d3860ab0390dc46925ff494fca,1.0,8b8a94a725d46fc3,ok,1678.2711313976324,True,True,cluster_00180,val,/home/dheirav/Code/Deepfake_Detection/deepfake-project/dataset_builder/val/ai_generated/flux_topup_001952.jpg
data_sources/ai_generated/FLUX_TopUp/flux_topup_001956.jpg,data_sources/ai_generated/FLUX_TopUp,ai_generated,1024,1024,1.0,JPEG,259830,80e1329bcabc7ec305296744c984a522,0d5551f0bd78c51096957534a5912c8c8ff68606c6d3ffd411984626003028e8,1.0,9c8c25b332b3719b,ok,276.46058271102083,True,True,cluster_01677,val,/home/dheirav/Code/Deepfake_Detection/deepfake-project/dataset_builder/val/ai_generated/flux_topup_001956.jpg
data_sources/ai_generated/FLUX_TopUp/flux_topup_001957.jpg,data_sources/ai_generated/FLUX_TopUp,ai_generated,1024,1024,1.0,JPEG,236691,44d878033aca6f07b1061200909b1ac8,a38857342f1ce29fad32fb40ece81ac75f5e2e0e73a1fb6efa5ffee4a2fad17b,1.0,a3a35c8ca573338b,ok,296.79862193044016,True,True,cluster_01883,val,/home/dheirav/Code/Deepfake_Detection/deepfake-project/dataset_builder/val/ai_generated/flux_topup_001957.jpg
data_sources/ai_generated/FLUX_TopUp/flux_topup_001958.jpg,data_sources/ai_generated/FLUX_TopUp,ai_generated,1024,1024,1.0,JPEG,350813,9b0048b26102c00207543db9f7994fc2,a23544aadd132a7b8ef3d072322e8a88d779743abb3f1ca76e91fde804e324f8,1.0,c0cc3e3f07e1d1e4,ok,1382.2470329842681,True,True,cluster_00949,val,/home/dheirav/Code/Deepfake_Detection/deepfake-project/dataset_builder/val/ai_generated/flux_topup_001958.jpg
data_sources/ai_generated/FLUX_TopUp/flux_topup_001959.jpg,data_sources/ai_generated/FLUX_TopUp,ai_generated,1024,1024,1.0,JPEG,232053,ef2fff3d8409ed9b909bac16ac4d4607,ddbe9639f5b401b96bf1fac1ea7afce0ad1e9a5845d5dea2b2c9957dc3558754,1.0,90902eaf3b33ccdc,ok,259.17595672234893,True,True,cluster_01923,val,/home/dheirav/Code/Deepfake_Detection/deepfake-project/dataset_builder/val/ai_generated/flux_topup_001959.jpg
data_sources/ai_generated/FLUX_TopUp/flux_topup_001961.jpg,data_sources/ai_generated/FLUX_TopUp,ai_generated,1024,1024,1.0,JPEG,432394,da91fb29b0bb7e1e1168ad88093ab19e,3d070d2114b78244d7f1eb21a14ae0eefa4c95384cc6d1da63d945ab7156b432,1.0,85c4391d3f396879,ok,1292.100089171519,True,True,cluster_00471,val,/home/dheirav/Code/Deepfake_Detection/deepfake-project/dataset_builder/val/ai_generated/flux_topup_001961.jpg
data_sources/ai_generated/FLUX_TopUp/flux_topup_001965.jpg,data_sources/ai_generated/FLUX_TopUp,ai_generated,1024,1024,1.0,JPEG,273879,77959c0f5fe7679a70f796541d3d4229,62e2d39c6a4cd97be30243c370e7aea10b9bbabb4a4aafa2418348b64893b3c0,1.0,d6f67e01070f096d,ok,187.61167408438268,True,True,cluster_01554,val,/home/dheirav/Code/Deepfake_Detection/deepfake-project/dataset_builder/val/ai_generated/flux_topup_001965.jpg
data_sources/ai_generated/FLUX_TopUp/flux_topup_001974.jpg,data_sources/ai_generated/FLUX_TopUp,ai_generated,1024,1024,1.0,JPEG,258477,44f523057e0aa1f9cefa073737eca59a,bfd07d8194b312a76cf96ce542a84717e93c76a64adc94415176c73d999d9244,1.0,b68d019393979e3a,ok,378.0835616772529,True,True,cluster_01692,val,/home/dheirav/Code/Deepfake_Detection/deepfake-project/dataset_builder/val/ai_generated/flux_topup_001974.jpg
data_sources/ai_generated/FLUX_TopUp/flux_topup_001979.jpg,data_sources/ai_generated/FLUX_TopUp,ai_generated,1024,1024,1.0,JPEG,442614,f1eee4cfb0b4edcbb4ec36f2df336284,3e400dfbf3616245d1c1a223978e34825c658c35b08081bd7836416282734945,1.0,9b9a3ac4d22fcc49,ok,1652.8541856913134,True,True,cluster_00414,val,/home/dheirav/Code/Deepfake_Detection/deepfake-project/dataset_builder/val/ai_generated/flux_topup_001979.jpg
data_sources/ai_generated/FLUX_TopUp/flux_topup_001980.jpg,data_sources/ai_generated/FLUX_TopUp,ai_generated,1024,1024,1.0,JPEG,484319,45f6791b87ac7377ecf1509002047391,66cc95e4475e0450d1ed1ec16cda6d0d2be0e12e732a9efd7958baba8ddb2f24,1.0,c998862e66cf68c7,ok,1868.3347511952877,True,True,cluster_00231,val,/home/dheirav/Code/Deepfake_Detection/deepfake-project/dataset_builder/val/ai_generated/flux_topup_001980.jpg
data_sources/ai_generated/FLUX_TopUp/flux_topup_001983.jpg,data_sources/ai_generated/FLUX_TopUp,ai_generated,1024,1024,1.0,JPEG,400152,d7abe39ec2e38b742758997a33b9dd5f,b5fa57e142102063a146a815216c5cbe2fc3660e8f9833fee9e71a0adff6f0fd,1.0,82a76fcb11b79330,ok,953.1469955435023,True,True,cluster_00666,val,/home/dheirav/Code/Deepfake_Detection/deepfake-project/dataset_builder/val/ai_generated/flux_topup_001983.jpg
data_sources/ai_generated/FLUX_TopUp/flux_topup_001994.jpg,data_sources/ai_generated/FLUX_TopUp,ai_generated,1024,1024,1.0,JPEG,222147,8ecde8354a27e5f3f0cd14689a121f5b,332e549903fb73f700e3f81995361b003bc74e501311d20db42591107572cc57,1.0,b3b14cc6cd391336,ok,262.4239988119652,True,True,cluster_01994,val,/home/dheirav/Code/Deepfake_Detection/deepfake-project/dataset_builder/val/ai_generated/flux_topup_001994.jpg
data_sources/ai_generated/FLUX_TopUp/flux_topup_001996.jpg,data_sources/ai_generated/FLUX_TopUp,ai_generated,1024,1024,1.0,JPEG,269613,88bfe41af393ae1dae443bfdd5308d17,d6b49aa6fdce6191dc4355c42669560e37246c04b5d77a715367cf471fe7274a,1.0,dabe6131ed02c09f,ok,376.19447507729274,True,True,cluster_01589,val,/home/dheirav/Code/Deepfake_Detection/deepfake-project/dataset_builder/val/ai_generated/flux_topup_001996.jpg
data_sources/ai_generated/FLUX_TopUp/flux_topup_001997.jpg,data_sources/ai_generated/FLUX_TopUp,ai_generated,1024,1024,1.0,JPEG,330004,b8c67c9d99969381ad79da2f195b053d,59bd579a73c5b1f0e19b0e2af665c077cb2208cdef249fd6c75fb55663440673,1.0,9e532924ceb3dcc8,ok,534.3237653771928,True,True,cluster_01098,val,/home/dheirav/Code/Deepfake_Detection/deepfake-project/dataset_builder/val/ai_generated/flux_topup_001997.jpg
data_sources/ai_generated/FLUX_TopUp/flux_topup_001998.jpg,data_sources/ai_generated/FLUX_TopUp,ai_generated,1024,1024,1.0,JPEG,554080,276aeac9e6ce624b069aee7da35c7895,3405cfbaedb43f1543a62c4e9ffffea6a324cce53e58829d2e4acd95ffa5e087,1.0,83c3c3b17c186e9b,ok,3260.0838449038415,True,True,cluster_00059,val,/home/dheirav/Code/Deepfake_Detection/deepfake-project/dataset_builder/val/ai_generated/flux_topup_001998.jpg
data_sources/ai_generated/FLUX_TopUp/flux_topup_002000.jpg,data_sources/ai_generated/FLUX_TopUp,ai_generated,1024,1024,1.0,JPEG,303797,d2247c642f8586551865ba32f420171c,340470b653a62ec853534a9544734341b1e0e264a445760d577580ad0fb6dc44,1.0,99e64c923367cccc,ok,207.0210654819302,True,True,cluster_01312,val,/home/dheirav/Code/Deepfake_Detection/deepfake-project/dataset_builder/val/ai_generated/flux_topup_002000.jpg
data_sources/ai_generated/FLUX_TopUp/flux_topup_002004.jpg,data_sources/ai_generated/FLUX_TopUp,ai_generated,1024,1024,1.0,JPEG,428936,dae4326249a091f1e65659d6a8a6a0d6,343e5fa0b1f6e09ca8b3a0877262b06bc5f859b6d8fbb4d23151ca1aec586a0d,1.0,97bf6a701045678b,ok,1140.3704531789685,True,True,cluster_00496,val,/home/dheirav/Code/Deepfake_Detection/deepfake-project/dataset_builder/val/ai_generated/flux_topup_002004.jpg
data_sources/ai_generated/FLUX_TopUp/flux_topup_002016.jpg,data_sources/ai_generated/FLUX_TopUp,ai_generated,1024,1024,1.0,JPEG,475451,aa56d8edc313fe332c1ac1717fc2555e,a694f1ab1fc7964193e80b9f268c21a64bf2205a0c9e32d56b27eae06919320c,1.0,d9921a6273276567,ok,2756.360930834409,True,True,cluster_00264,val,/home/dheirav/Code/Deepfake_Detection/deepfake-project/dataset_builder/val/ai_generated/flux_topup_002016.jpg
data_sources/ai_generated/FLUX_TopUp/flux_topup_002029.jpg,data_sources/ai_generated/FLUX_TopUp,ai_generated,1024,1024,1.0,JPEG,336025,f3cfa81e46f7fc01f656f942af6e3e38,423b3e53ed3915cbe2b5363ea4d917d07e8397a7e88c0486f8d95f6d50389a9d,1.0,94cd4f3231b37546,ok,1499.4565173245169,True,True,cluster_01052,val,/home/dheirav/Code/Deepfake_Detection/deepfake-project/dataset_builder/val/ai_generated/flux_topup_002029.jpg
data_sources/ai_generated/FLUX_TopUp/flux_topup_002036.jpg,data_sources/ai_generated/FLUX_TopUp,ai_generated,1024,1024,1.0,JPEG,246528,25b9626e2c5d5b65d860a2bf39f7729c,fb9bac343e1823938e598c2374a276a215c76ad88ef16f3dfe413164d2b6f34b,1.0,969c797693a97092,ok,268.54869174549003,True,True,cluster_01793,val,/home/dheirav/Code/Deepfake_Detection/deepfake-project/dataset_builder/val/ai_generated/flux_topup_002036.jpg
data_sources/ai_generated/FLUX_TopUp/flux_topup_002045.jpg,data_sources/ai_generated/FLUX_TopUp,ai_generated,1024,1024,1.0,JPEG,385325,caa3f14ec98a439cb7a9b00698177237,aadad7514fa171dec209e7a775d098d5ca2fa1f6260a357524c9e35d433f3677,1.0,cccccec3278e42b3,ok,1306.33903577215,True,True,cluster_00749,val,/home/dheirav/Code/Deepfake_Detection/deepfake-project/dataset_builder/val/ai_generated/flux_topup_002045.jpg
data_sources/ai_generated/FLUX_TopUp/flux_topup_002048.jpg,data_sources/ai_generated/FLUX_TopUp,ai_generated,1024,1024,1.0,JPEG,267019,56f2af3b39721b3558411da3f9de9fde,853c216d3e077dcc58eefdc03636ceba184d138e4bfc4938f2774cf676ccfab5,1.0,80817e6b108eff6b,ok,535.8415859696314,True,True,cluster_01609,val,/home/dheirav/Code/Deepfake_Detection/deepfake-project/dataset_builder/val/ai_generated/flux_topup_002048.jpg
data_sources/ai_generated/FLUX_TopUp/flux_topup_002053.jpg,data_sources/ai_generated/FLUX_TopUp,ai_generated,1024,1024,1.0,JPEG,501053,dc1bf23b5495106e597876f2cbfb7dfa,9d6519342428bd03ca015a7a642233f41d86dca84ac822f15b0e79077dd6e0a0,1.0,8999608736e6673d,ok,2358.139121339739,True,True,cluster_00169,val,/home/dheirav/Code/Deepfake_Detection/deepfake-project/dataset_builder/val/ai_generated/flux_topup_002053.jpg
data_sources/ai_generated/FLUX_TopUp/flux_topup_002057.jpg,data_sources/ai_generated/FLUX_TopUp,ai_generated,1024,1024,1.0,JPEG,253002,9d7855a9b18c1039de7cd98aeaff85bb,a0f4b71cd6d9966f8aaab0f80a487158b107a657b11f35f03d98ff3c5ec36692,1.0,9080e0e87877f5dd,ok,270.04618414784994,True,True,cluster_01734,val,/home/dheirav/Code/Deepfake_Detection/deepfake-project/dataset_builder/val/ai_generated/flux_topup_002057.jpg
data_sources/ai_generated/FLUX_TopUp/flux_topup_002072.jpg,data_sources/ai_generated/FLUX_TopUp,ai_generated,1024,1024,1.0,JPEG,384190,eaa9a76fdde8bb58c50f5aa7731b5371,9aa41cbb42e7ff8b5689674d81f195515d44950235d3e2010d4abe276298b21d,1.0,92a725691acf1e0f,ok,1128.910651027225,True,True,cluster_00756,val,/home/dheirav/Code/Deepfake_Detection/deepfake-project/dataset_builder/val/ai_generated/flux_topup_002072.jpg
data_sources/ai_generated/FLUX_TopUp/flux_topup_002078.jpg,data_sources/ai_generated/FLUX_TopUp,ai_generated,1024,1024,1.0,JPEG,366819,21c98c9b0265b3f819f217161e97d440,32115bae4c90b0b135fc267acdda81f60074bfbc27f592b6de0c78b6ff8b8632,1.0,969161ce6ac76719,ok,518.1929960920097,True,True,cluster_00853,val,/home/dheirav/Code/Deepfake_Detection/deepfake-project/dataset_builder/val/ai_generated/flux_topup_002078.jpg
data_sources/ai_generated/FLUX_TopUp/flux_topup_002081.jpg,data_sources/ai_generated/FLUX_TopUp,ai_generated,1024,1024,1.0,JPEG,261607,4462f26a090372a375232318fda39781,371ebbea9e7525ac092750a61b476577b938129e4f6ad893e28d6d3ea6f09d23,1.0,99993b9999593919,ok,324.4499602051801,True,True,cluster_01662,val,/home/dheirav/Code/Deepfake_Detection/deepfake-project/dataset_builder/val/ai_generated/flux_topup_002081.jpg
data_sources/ai_generated/FLUX_TopUp/flux_topup_002082.jpg,data_sources/ai_generated/FLUX_TopUp,ai_generated,1024,1024,1.0,JPEG,378643,6afdbf2acba07a71fb97fd2ff24106eb,a926d98f54893f92e5bd57e218d99f42f193ef5c96758edfcb4c031339c6ef80,1.0,9484d3da9edb0a4b,ok,948.57654336818,True,True,cluster_00786,val,/home/dheirav/Code/Deepfake_Detection/deepfake-project/dataset_builder/val/ai_generated/flux_topup_002082.jpg
data_sources/ai_generated/FLUX_TopUp/flux_topup_002084.jpg,data_sources/ai_generated/FLUX_TopUp,ai_generated,1024,1024,1.0,JPEG,472095,67cb9d94708a61454b8494c31e790a26,40328a4986526193dcf89c0a62305c6402d1b7e197d561f1f2f48c80c2fcda03,1.0,8b8a2fa682ee36b1,ok,2083.258828865942,True,True,cluster_00282,val,/home/dheirav/Code/Deepfake_Detection/deepfake-project/dataset_builder/val/ai_generated/flux_topup_002084.jpg
data_sources/ai_generated/FLUX_TopUp/flux_topup_002085.jpg,data_sources/ai_generated/FLUX_TopUp,ai_generated,1024,1024,1.0,JPEG,395091,ea1c06040eaced5151251c0b80e46dec,a2511c4a794b3dae634ec36928197b66a492bc024d46c18d365bdf1f2050affd,1.0,99989a66f90c64f9,ok,1529.2267210705602,True,True,cluster_00691,val,/home/dheirav/Code/Deepfake_Detection/deepfake-project/dataset_builder/val/ai_generated/flux_topup_002085.jpg
data_sources/ai_generated/FLUX_TopUp/flux_topup_002095.jpg,data_sources/ai_generated/FLUX_TopUp,ai_generated,1024,1024,1.0,JPEG,370921,066e75066a868c4d0466802c7164300e,467dd18c9e3103503349f30daa859d39a0bde43492be20baaf3bd09a099d9e12,1.0,8a5f386574963786,ok,1608.371681213248,True,True,cluster_00826,val,/home/dheirav/Code/Deepfake_Detection/deepfake-project/dataset_builder/val/ai_generated/flux_topup_002095.jpg
data_sources/ai_generated/FLUX_TopUp/flux_topup_002096.jpg,data_sources/ai_generated/FLUX_TopUp,ai_generated,1024,1024,1.0,JPEG,441488,12bfd675e739993c81a7ddd4e27402db,6c494d673982b6b1c9012bb56f6d06ab195c8d565e7201ae7f7c3da0a30cd0e7,1.0,928f9669695a6b92,ok,1839.9825742299276,True,True,cluster_00420,val,/home/dheirav/Code/Deepfake_Detection/deepfake-project/dataset_builder/val/ai_generated/flux_topup_002096.jpg
data_sources/ai_generated/FLUX_TopUp/flux_topup_002101.jpg,data_sources/ai_generated/FLUX_TopUp,ai_generated,1024,1024,1.0,JPEG,401838,2bbe18d65750831b72286275b13f9760,2d55233887ddb3623541fb76cf9499993237f78f404a9491d245d3b792c089c1,1.0,d494df3b298560d3,ok,2559.684906026239,True,True,cluster_00654,val,/home/dheirav/Code/Deepfake_Detection/deepfake-project/dataset_builder/val/ai_generated/flux_topup_002101.jpg
data_sources/ai_generated/FLUX_TopUp/flux_topup_002104.jpg,data_sources/ai_generated/FLUX_TopUp,ai_generated,1024,1024,1.0,JPEG,449404,2edb41344496b389675e9be212364cab,b393c6686657240a3e7395101761ef70a4b74ecfd0903393c78850f3e2aac98c,1.0,99ce7a2931b9348e,ok,832.0312633762869,True,True,cluster_00380,val,/home/dheirav/Code/Deepfake_Detection/deepfake-project/dataset_builder/val/ai_generated/flux_topup_002104.jpg
data_sources/ai_generated/FLUX_TopUp/flux_topup_002105.jpg,data_sources/ai_generated/FLUX_TopUp,ai_generated,1024,1024,1.0,JPEG,259572,d05d12edf67af856865876e29a0d389e,d513dfe56c175980975529f506449c2cea228e100c9274185734073dd77315e5,1.0,b191a5da5ac3cad1,ok,186.44661132036708,True,True,cluster_01679,val,/home/dheirav/Code/Deepfake_Detection/deepfake-project/dataset_builder/val/ai_generated/flux_topup_002105.jpg
data_sources/ai_generated/FLUX_TopUp/flux_topup_002106.jpg,data_sources/ai_generated/FLUX_TopUp,ai_generated,1024,1024,1.0,JPEG,286057,16f9689ea6be9be3e85f7fbc4585a846,f3f33f639b5e7c46013e83f72ec0ffc7b757bd625577055cffd6005b61a9c74c,1.0,8488d9e54bbcae8b,ok,356.9116291275568,True,True,cluster_01462,val,/home/dheirav/Code/Deepfake_Detection/deepfake-project/dataset_builder/val/ai_generated/flux_topup_002106.jpg
data_sources/ai_generated/FLUX_TopUp/flux_topup_002109.jpg,data_sources/ai_generated/FLUX_TopUp,ai_generated,1024,1024,1.0,JPEG,462742,54af7bd2944cbe13836df9fdb85c236d,c35abc35b90e9a2d3504c0823da8fe72abe5498a920d8f35d2283877733b0553,1.0,929bdc8eacc41ee2,ok,1156.7990245555663,True,True,cluster_00321,val,/home/dheirav/Code/Deepfake_Detection/deepfake-project/dataset_builder/val/ai_generated/flux_topup_002109.jpg
data_sources/ai_generated/FLUX_TopUp/flux_topup_002113.jpg,data_sources/ai_generated/FLUX_TopUp,ai_generated,1024,1024,1.0,JPEG,333913,874dcdbac12fa6006130a50b4e67f55a,fc18bd93c938cb11f0bbae23fee28e630342025af4d9f9c8b6225ad50505ac0a,1.0,9d9d61d9d932988a,ok,1464.3278401329435,True,True,cluster_01069,val,/home/dheirav/Code/Deepfake_Detection/deepfake-project/dataset_builder/val/ai_generated/flux_topup_002113.jpg
data_sources/ai_generated/FLUX_TopUp/flux_topup_002114.jpg,data_sources/ai_generated/FLUX_TopUp,ai_generated,1024,1024,1.0,JPEG,407574,750349089f3e47a2ad66348f3297662b,84cf0ab6547a41ae3889d6b501c3dc60af0c9ef4a56e95d3861ff807233046b8,1.0,9094b5e5d832ecb6,ok,1368.2491537264566,True,True,cluster_00621,val,/home/dheirav/Code/Deepfake_Detection/deepfake-project/dataset_builder/val/ai_generated/flux_topup_002114.jpg
data_sources/ai_generated/FLUX_TopUp/flux_topup_002117.jpg,data_sources/ai_generated/FLUX_TopUp,ai_generated,1024,1024,1.0,JPEG,268064,48e220fc84c75906f40352367bd9f1de,4d02a0c583e915a10bbb450ab231b9e76423ae6b92adde0a85bba47b24f6541e,1.0,93b698dbc9c838cc,ok,220.0927323934874,True,True,cluster_01603,val,/home/dheirav/Code/Deepfake_Detection/deepfake-project/dataset_builder/val/ai_generated/flux_topup_002117.jpg
data_sources/ai_generated/FLUX_TopUp/flux_topup_002121.jpg,data_sources/ai_generated/FLUX_TopUp,ai_generated,1024,1024,1.0,JPEG,410322,f88eb6d3111053cbc1329ae93a6a10f9,b53707f9faa98955c8bf2c26a4e591461ae376a144d19d0ef5647aa0bf2abf04,1.0,99d264b52d993e83,ok,1884.5903345456713,True,True,cluster_00603,val,/home/dheirav/Code/Deepfake_Detection/deepfake-project/dataset_builder/val/ai_generated/flux_topup_002121.jpg
data_sources/ai_generated/FLUX_TopUp/flux_topup_002133.jpg,data_sources/ai_generated/FLUX_TopUp,ai_generated,1024,1024,1.0,JPEG,466230,79982cecb999a54bee02aca96cd2e6f3,6033a39ba877ef1620fe013579d267e2f06353e9051124c32b030afc9081ed40,1.0,8079974e36c93ec3,ok,1084.2007930978398,True,True,cluster_00307,val,/home/dheirav/Code/Deepfake_Detection/deepfake-project/dataset_builder/val/ai_generated/flux_topup_002133.jpg
data_sources/ai_generated/FLUX_TopUp/flux_topup_002135.jpg,data_sources/ai_generated/FLUX_TopUp,ai_generated,1024,1024,1.0,JPEG,335703,75117ddfe721c68c0d4dff0d6e0485f1,750be534b21cb166b4fa2d59b272cad9a7c2cfe1bbb2aa45abe3daff153c971b,1.0,e2ee0d91c1f71ec0,ok,1158.952827855369,True,True,cluster_01059,val,/home/dheirav/Code/Deepfake_Detection/deepfake-project/dataset_builder/val/ai_generated/flux_topup_002135.jpg
data_sources/ai_generated/FLUX_TopUp/flux_topup_002140.jpg,data_sources/ai_generated/FLUX_TopUp,ai_generated,1024,1024,1.0,JPEG,235977,f149a01d8b6d2fd96c861f2768dc149d,5a6444fdbe044ca494129a5a20277885e5a11c6b4bc6de7e158b69dd5aeb2ae1,1.0,998d64cc66cc9d63,ok,937.1855149893589,True,True,cluster_01888,val,/home/dheirav/Code/Deepfake_Detection/deepfake-project/dataset_builder/val/ai_generated/flux_topup_002140.jpg
data_sources/ai_generated/FLUX_TopUp/flux_topup_002144.jpg,data_sources/ai_generated/FLUX_TopUp,ai_generated,1024,1024,1.0,JPEG,578801,43927f817dcf886a4f073ad37a7a2774,3f9208cb690b93983b92ca77564c56833e7e2988ce3ffe9b44c1fd87205ee73e,1.0,9cce6666642c49bd,ok,3212.77660098161,True,True,cluster_00038,val,/home/dheirav/Code/Deepfake_Detection/deepfake-project/dataset_builder/val/ai_generated/flux_topup_002144.jpg
data_sources/ai_generated/FLUX_TopUp/flux_topup_002149.jpg,data_sources/ai_generated/FLUX_TopUp,ai_generated,1024,1024,1.0,JPEG,565740,6309ffba613769984299595064d7215e,ef5b338790609cd70927fe36649d3a09df8654afc4e9cd71300cfa6037f564a3,1.0,9393c6a44b6699e6,ok,3322.0792528579614,True,True,cluster_00047,val,/home/dheirav/Code/Deepfake_Detection/deepfake-project/dataset_builder/val/ai_generated/flux_topup_002149.jpg
data_sources/ai_generated/FLUX_TopUp/flux_topup_002151.jpg,data_sources/ai_generated/FLUX_TopUp,ai_generated,1024,1024,1.0,JPEG,311508,09f4f0987d3c34a1565525d33f6c63d0,6ddae234c7789ae9d457b9f2834a7a6166a0baef287d12951997e90625599f9c,1.0,9181e8687672df99,ok,706.6782636514607,True,True,cluster_01246,val,/home/dheirav/Code/Deepfake_Detection/deepfake-project/dataset_builder/val/ai_generated/flux_topup_002151.jpg
data_sources/ai_generated/FLUX_TopUp/flux_topup_002156.jpg,data_sources/ai_generated/FLUX_TopUp,ai_generated,1024,1024,1.0,JPEG,393757,3b5d921baf0f652665432edbd08e28ab,1618fd0d5040607be1bb30e6c99b57cec70f7474b520109fe3d51874d58a3c3e,1.0,9493b56e39c866d8,ok,2310.4196062103506,True,True,cluster_00698,val,/home/dheirav/Code/Deepfake_Detection/deepfake-project/dataset_builder/val/ai_generated/flux_topup_002156.jpg
data_sources/ai_generated/FLUX_TopUp/flux_topup_002159.jpg,data_sources/ai_generated/FLUX_TopUp,ai_generated,1024,1024,1.0,JPEG,340971,0f8c13f4c34bfb8f071f2031eb3ed048,775152d8d4f27013f20abe9e8984556593ab6ab81026a817a0445a9be53cc5ee,1.0,89aa364d69977638,ok,864.9780472700576,True,True,cluster_01009,val,/home/dheirav/Code/Deepfake_Detection/deepfake-project/dataset_builder/val/ai_generated/flux_topup_002159.jpg
data_sources/ai_generated/FLUX_TopUp/flux_topup_002162.jpg,data_sources/ai_generated/FLUX_TopUp,ai_generated,1024,1024,1.0,JPEG,278736,d9fd83a8ac0ae4fa9a6b99f1670e3c5c,f1640014c78a3989107e57d991bc094e23332b71b1c27dce423c05e7c16b2e3c,1.0,cdcdcf8dc1879430,ok,865.3768203770742,True,True,cluster_01513,val,/home/dheirav/Code/Deepfake_Detection/deepfake-project/dataset_builder/val/ai_generated/flux_topup_002162.jpg
data_sources/ai_generated/FLUX_TopUp/flux_topup_002168.jpg,data_sources/ai_generated/FLUX_TopUp,ai_generated,1024,1024,1.0,JPEG,621583,886424064b67b1b6d10f7850393d5d1f,b22930c73824a8e01e9aa9083f911a35fd6fb955a435d5ae42fdd6f851dcdd69,1.0,d5f7918b0ac9c5a1,ok,3538.368973432133,True,True,cluster_00010,val,/home/dheirav/Code/Deepfake_Detection/deepfake-project/dataset_builder/val/ai_generated/flux_topup_002168.jpg
data_sources/ai_generated/FLUX_TopUp/flux_topup_002171.jpg,data_sources/ai_generated/FLUX_TopUp,ai_generated,1024,1024,1.0,JPEG,333466,f501aae5cd52df85a3d2474567f0dd50,8cdf4ef1c5f09ace53990376cdadef72b179e7a559350562fbe8233de436c511,1.0,d8dc666649d5b42c,ok,851.9164924621582,True,True,cluster_01074,val,/home/dheirav/Code/Deepfake_Detection/deepfake-project/dataset_builder/val/ai_generated/flux_topup_002171.jpg
data_sources/ai_generated/FLUX_TopUp/flux_topup_002180.jpg,data_sources/ai_generated/FLUX_TopUp,ai_generated,1024,1024,1.0,JPEG,392995,dfab9546d2dd1234eead29c3dae6a729,de0a60ccd85f47219810f703bc328d401838a6a0fce87cfe3fc17e8d12a0ca26,1.0,c1c3cf8ecb3c2c34,ok,2053.648285971495,True,True,cluster_00700,val,/home/dheirav/Code/Deepfake_Detection/deepfake-project/dataset_builder/val/ai_generated/flux_topup_002180.jpg
data_sources/ai_generated/FLUX_TopUp/flux_topup_002181.jpg,data_sources/ai_generated/FLUX_TopUp,ai_generated,1024,1024,1.0,JPEG,368244,d7432a8c98e1f98d45b92cef01e72160,4183fdf3335a815a2161a07e490809a64a8654bfc45f5f966068276527ff5be7,1.0,989430bdcf65658d,ok,614.2741681085754,True,True,cluster_00841,val,/home/dheirav/Code/Deepfake_Detection/deepfake-project/dataset_builder/val/ai_generated/flux_topup_002181.jpg
data_sources/ai_generated/FLUX_TopUp/flux_topup_002183.jpg,data_sources/ai_generated/FLUX_TopUp,ai_generated,1024,1024,1.0,JPEG,424770,8d08e94d5809d0f80502455afc1754d5,eb7c2564f47020281483fe68ad561354d9d4f7e06ce3f40fb0127a9801057743,1.0,909e8e963e99b12d,ok,1900.8701909627955,True,True,cluster_00520,val,/home/dheirav/Code/Deepfake_Detection/deepfake-project/dataset_builder/val/ai_generated/flux_topup_002183.jpg
data_sources/ai_generated/FLUX_TopUp/flux_topup_002186.jpg,data_sources/ai_generated/FLUX_TopUp,ai_generated,1024,1024,1.0,JPEG,240730,db1a5764afc0e730a9797fa503bd7fbd,c971853434df0e93246dd9fb9a968b0253e064b3cbf4ffb233959bf098716207,1.0,96968d89cf3b309a,ok,319.16268096864223,True,True,cluster_01847,val,/home/dheirav/Code/Deepfake_Detection/deepfake-project/dataset_builder/val/ai_generated/flux_topup_002186.jpg
data_sources/ai_generated/FLUX_TopUp/flux_topup_002190.jpg,data_sources/ai_generated/FLUX_TopUp,ai_generated,1024,1024,1.0,JPEG,404292,fea77cbacc01510d104c306c47f9c636,c19c193af19ec7c4a6ef4a7bc348e7053dae8815fa68ec2848b2925989067f6a,1.0,c7c7383cc369382b,ok,1337.7980077037937,True,True,cluster_00638,val,/home/dheirav/Code/Deepfake_Detection/deepfake-project/dataset_builder/val/ai_generated/flux_topup_002190.jpg
data_sources/ai_generated/FLUX_TopUp/flux_topup_002195.jpg,data_sources/ai_generated/FLUX_TopUp,ai_generated,1024,1024,1.0,JPEG,361932,18b798722c9e0cedffb7bed063ba6a6b,f83e3826daa81a51c10c5d44574e97b1203e66488d3e1bb18caaf79192da23db,1.0,92d6646c9bcae968,ok,1029.2627179566439,True,True,cluster_00887,val,/home/dheirav/Code/Deepfake_Detection/deepfake-project/dataset_builder/val/ai_generated/flux_topup_002195.jpg
data_sources/ai_generated/FLUX_TopUp/flux_topup_002198.jpg,data_sources/ai_generated/FLUX_TopUp,ai_generated,1024,1024,1.0,JPEG,460588,e79c6da8ed681ff71787f0b0d6391460,6e3292119d1e5e98871a57a6c9a3589c1793508812770b3cdb58b57ae0b2cd99,1.0,9dc359387a2e3961,ok,2322.372867871643,True,True,cluster_00332,val,/home/dheirav/Code/Deepfake_Detection/deepfake-project/dataset_builder/val/ai_generated/flux_topup_002198.jpg
data_sources/ai_generated/FLUX_TopUp/flux_topup_002203.jpg,data_sources/ai_generated/FLUX_TopUp,ai_generated,1024,1024,1.0,JPEG,291828,f2bb724c57c81798fae485d75b6d4f6c,209381da4a6f4342f8d2c4bf94fe2ddd37e5211409438a639bbcd010d8e89d1a,1.0,ecec92522ded4692,ok,586.3998128716739,True,True,cluster_01405,val,/home/dheirav/Code/Deepfake_Detection/deepfake-project/dataset_builder/val/ai_generated/flux_topup_002203.jpg
data_sources/ai_generated/FLUX_TopUp/flux_topup_002210.jpg,data_sources/ai_generated/FLUX_TopUp,ai_generated,1024,1024,1.0,JPEG,242849,2f1817ff9a5f58d3e075bab3786dbe4a,a625aa9c138b7c56ef672b6835fdc5c1e73862d2a4dfd4fbd155aeb4d6db3089,1.0,ecd21bb94c42bd52,ok,678.7065819934348,True,True,cluster_01821,val,/home/dheirav/Code/Deepfake_Detection/deepfake-project/dataset_builder/val/ai_generated/flux_topup_002210.jpg
data_sources/ai_generated/FLUX_TopUp/flux_topup_002214.jpg,data_sources/ai_generated/FLUX_TopUp,ai_generated,1024,1024,1.0,JPEG,591320,6a5f05a1ad35f22a7dfe474e95e6fa35,e166b07e14e706c218f7729328f5bbb2dfab03a0c0752dc4b5d0cc165b2cb2f1,1.0,d5978dcb12cc7831,ok,5797.035395720893,True,True,cluster_00030,val,/home/dheirav/Code/Deepfake_Detection/deepfake-project/dataset_builder/val/ai_generated/flux_topup_002214.jpg
data_sources/ai_generated/FLUX_TopUp/flux_topup_002216.jpg,data_sources/ai_generated/FLUX_TopUp,ai_generated,1024,1024,1.0,JPEG,422442,f54605280b55729f8265f2455d99b022,b7ce4e4b8b3081c61f4607f9b9bfa50ead3e71c22e6beeadd61616e65e23e365,1.0,c8909f83b28eb6da,ok,1385.4742910232662,True,True,cluster_00530,val,/home/dheirav/Code/Deepfake_Detection/deepfake-project/dataset_builder/val/ai_generated/flux_topup_002216.jpg
data_sources/ai_generated/FLUX_TopUp/flux_topup_002227.jpg,data_sources/ai_generated/FLUX_TopUp,ai_generated,1024,1024,1.0,JPEG,351453,2f8564717d3eb1f24a92577cfd0e7cb5,907ea08bcf308d99bea24f6f85e429b6510292852c1261b8bb41e884c0c92a5c,1.0,998f62e1981936f6,ok,676.1818140348148,True,True,cluster_00944,val,/home/dheirav/Code/Deepfake_Detection/deepfake-project/dataset_builder/val/ai_generated/flux_topup_002227.jpg
data_sources/ai_generated/FLUX_TopUp/flux_topup_002229.jpg,data_sources/ai_generated/FLUX_TopUp,ai_generated,1024,1024,1.0,JPEG,298145,64ee9d5383ceee3750ba223a5f20fcda,0b79455b228a5c8a97be0ee08d600fbccc1b2f9e4e1e3a886e743adc967cdf51,1.0,9387671d1a7064eb,ok,703.8170491667368,True,True,cluster_01365,val,/home/dheirav/Code/Deepfake_Detection/deepfake-project/dataset_builder/val/ai_generated/flux_topup_002229.jpg
data_sources/ai_generated/FLUX_TopUp/flux_topup_002234.jpg,data_sources/ai_generated/FLUX_TopUp,ai_generated,1024,1024,1.0,JPEG,275934,5624651655e3655a3e9b38b527a40686,81fc2c089837f8edc4849756421fcdf6b3a7ac243a20e7fde9699f5db2ea2e35,1.0,b2a25a5c79cd6534,ok,862.8310871113752,True,True,cluster_01535,val,/home/dheirav/Code/Deepfake_Detection/deepfake-project/dataset_builder/val/ai_generated/flux_topup_002234.jpg
data_sources/ai_generated/FLUX_TopUp/flux_topup_002249.jpg,data_sources/ai_generated/FLUX_TopUp,ai_generated,1024,1024,1.0,JPEG,339744,c3fc8aecf54da32be2ccb054fbea5fb8,5a0602df390283dbb434a86d95d4536043ddbd97fb9e10efb343b9aeeddd5feb,1.0,b2c04b0f9e9ad9cc,ok,743.729200274144,True,True,cluster_01016,val,/home/dheirav/Code/Deepfake_Detection/deepfake-project/dataset_builder/val/ai_generated/flux_topup_002249.jpg
data_sources/ai_generated/FLUX_TopUp/flux_topup_002250.jpg,data_sources/ai_generated/FLUX_TopUp,ai_generated,1024,1024,1.0,JPEG,397720,9cf866229113b9bd2860121a1ad907fc,c7a42cdbeedf16a934b5d791ca60db80222d764738bfa1f779eeaa3c9153d9a9,1.0,95944e2f3b39345c,ok,840.4392507020054,True,True,cluster_00675,val,/home/dheirav/Code/Deepfake_Detection/deepfake-project/dataset_builder/val/ai_generated/flux_topup_002250.jpg
data_sources/ai_generated/FLUX_TopUp/flux_topup_002253.jpg,data_sources/ai_generated/FLUX_TopUp,ai_generated,1024,1024,1.0,JPEG,482099,4126ad0a88a5d9aadc8212d8a9d3d75a,960b29cdb1f9e8406631d13f166bb4bf3fc12d27c348e396479b39d75b333204,1.0,cdc340c3c7cee623,ok,2271.843900680484,True,True,cluster_00241,val,/home/dheirav/Code/Deepfake_Detection/deepfake-project/dataset_builder/val/ai_generated/flux_topup_002253.jpg
data_sources/ai_generated/FLUX_TopUp/flux_topup_002258.jpg,data_sources/ai_generated/FLUX_TopUp,ai_generated,1024,1024,1.0,JPEG,253032,3d16214e6f96acc7ababfa78fe9c83d8,aee0062ce9f1ca52737827c4528c8d0472894241237339b6d58849ecb312b780,1.0,a6f4bad95d4d0981,ok,724.9987215700885,True,True,cluster_01733,val,/home/dheirav/Code/Deepfake_Detection/deepfake-project/dataset_builder/val/ai_generated/flux_topup_002258.jpg
data_sources/ai_generated/FLUX_TopUp/flux_topup_002264.jpg,data_sources/ai_generated/FLUX_TopUp,ai_generated,1024,1024,1.0,JPEG,256372,265a5df63e161ce23d07f4d1257d804a,bea6fc34f567699b0feb79db55e715f540e663e7c8caa26e6d84238cd544b9f0,1.0,c1949ece64789973,ok,970.588188508405,True,True,cluster_01705,val,/home/dheirav/Code/Deepfake_Detection/deepfake-project/dataset_builder/val/ai_generated/flux_topup_002264.jpg
data_sources/ai_generated/FLUX_TopUp/flux_topup_002268.jpg,data_sources/ai_generated/FLUX_TopUp,ai_generated,1024,1024,1.0,JPEG,226789,7cb27262e0f07d3d8cb0ffaf361c929c,77e47be1088ac534b9ee04474fd5b36d96f528b74f1dd6dcec9623e74e4d22d6,1.0,93939c4dc79d4998,ok,264.3481463977223,True,True,cluster_01958,val,/home/dheirav/Code/Deepfake_Detection/deepfake-project/dataset_builder/val/ai_generated/flux_topup_002268.jpg
data_sources/ai_generated/FLUX_TopUp/flux_topup_002277.jpg,data_sources/ai_generated/FLUX_TopUp,ai_generated,1024,1024,1.0,JPEG,289801,3dcb35833989d9f3405743123fb27ac9,6d9b46591d923b0226a1a3e4695827f912eca43861decef61a675e673f2f19c1,1.0,c7e11d8f98933326,ok,581.7187337733548,True,True,cluster_01423,val,/home/dheirav/Code/Deepfake_Detection/deepfake-project/dataset_builder/val/ai_generated/flux_topup_002277.jpg
data_sources/ai_generated/FLUX_TopUp/flux_topup_002279.jpg,data_sources/ai_generated/FLUX_TopUp,ai_generated,1024,1024,1.0,JPEG,441140,1245a50c0e6730698e98ab9338daa943,eb410771b1c99527ed981f7fef4a3e819dedf9785a84a00dcbe9ccfd1f180c47,1.0,9999c5acda5ad292,ok,766.296969166593,True,True,cluster_00422,val,/home/dheirav/Code/Deepfake_Detection/deepfake-project/dataset_builder/val/ai_generated/flux_topup_002279.jpg
data_sources/ai_generated/FLUX_TopUp/flux_topup_002283.jpg,data_sources/ai_generated/FLUX_TopUp,ai_generated,1024,1024,1.0,JPEG,367896,e44629597f6f846f3ed4038615ba975f,66eafce2750dd54817809750fe103ff80ef8cf65d73b74bad937eee57614f8c7,1.0,9d998ba6c270f8c5,ok,608.3834532164037,True,True,cluster_00848,val,/home/dheirav/Code/Deepfake_Detection/deepfake-project/dataset_builder/val/ai_generated/flux_topup_002283.jpg
data_sources/ai_generated/FLUX_TopUp/flux_topup_002288.jpg,data_sources/ai_generated/FLUX_TopUp,ai_generated,1024,1024,1.0,JPEG,246699,5350c94991c8b00d20064c7b8675e7dc,6283984425438294bb532441ce22a76db55589550dc3f1ab8411dd9cf16bb505,1.0,81a3eeb86c1c4fc5,ok,130.3056332894448,True,True,cluster_01792,val,/home/dheirav/Code/Deepfake_Detection/deepfake-project/dataset_builder/val/ai_generated/flux_topup_002288.jpg
data_sources/ai_generated/FLUX_TopUp/flux_topup_002293.jpg,data_sources/ai_generated/FLUX_TopUp,ai_generated,1024,1024,1.0,JPEG,325113,0c15092d3c895264274a9e3748109ca0,57bf90c95c95ecfccd2c7eccba03e2e4eabd0edc2c54f6d2f22b1dc5ae68c773,1.0,9eeb3c657a04a472,ok,822.0777191211446,True,True,cluster_01129,val,/home/dheirav/Code/Deepfake_Detection/deepfake-project/dataset_builder/val/ai_generated/flux_topup_002293.jpg
data_sources/ai_generated/FLUX_TopUp/flux_topup_002297.jpg,data_sources/ai_generated/FLUX_TopUp,ai_generated,1024,1024,1.0,JPEG,441859,b6e8372abaec5303216d72f24ba5b9fc,780f8462b3d7228daf3b38d45ee876fb7ac4b4fb8e70dac90f75ebf1042fc63e,1.0,999c5b863c837c8d,ok,628.4370406953348,True,True,cluster_00418,val,/home/dheirav/Code/Deepfake_Detection/deepfake-project/dataset_builder/val/ai_generated/flux_topup_002297.jpg
data_sources/ai_generated/FLUX_TopUp/flux_topup_002302.jpg,data_sources/ai_generated/FLUX_TopUp,ai_generated,1024,1024,1.0,JPEG,306209,74364e43e8f01dbb5e2f2850f6ee9cc6,a08478a7e1b83befedd4783d958b31f93e7d897792ec7fa3f310056c3805554f,1.0,81a0dfb7325e6d41,ok,730.4529226044542,True,True,cluster_01296,val,/home/dheirav/Code/Deepfake_Detection/deepfake-project/dataset_builder/val/ai_generated/flux_topup_002302.jpg
data_sources/ai_generated/FLUX_TopUp/flux_topup_002312.jpg,data_sources/ai_generated/FLUX_TopUp,ai_generated,1024,1024,1.0,JPEG,293937,950bb7b61e9e5f9247c00a8c4162fede,9ec155535a7ff20c8e42066e187f21333ba29320bd7a13d60a40dead1c40d55d,1.0,808143bc2f7d79ab,ok,733.0398232301077,True,True,cluster_01388,val,/home/dheirav/Code/Deepfake_Detection/deepfake-project/dataset_builder/val/ai_generated/flux_topup_002312.jpg
data_sources/ai_generated/FLUX_TopUp/flux_topup_002315.jpg,data_sources/ai_generated/FLUX_TopUp,ai_generated,1024,1024,1.0,JPEG,280094,eb93cd10b1898bffa1df00662145ef3e,985070c908bbb60d85ce3f7d1e3339896293f1d90cb7e769270b5d56bd58ee0f,1.0,e4ed8b92326dc98c,ok,509.5437068921601,True,True,cluster_01501,val,/home/dheirav/Code/Deepfake_Detection/deepfake-project/dataset_builder/val/ai_generated/flux_topup_002315.jpg
data_sources/ai_generated/FLUX_TopUp/flux_topup_002318.jpg,data_sources/ai_generated/FLUX_TopUp,ai_generated,1024,1024,1.0,JPEG,290783,499079055332ea319efbe03a539051f8,b14001d83907e81f9f4eda5a054a73085d1a48988965096687cdeae8547018c8,1.0,94d67cac8c3c46e5,ok,296.5153725150703,True,True,cluster_01415,val,/home/dheirav/Code/Deepfake_Detection/deepfake-project/dataset_builder/val/ai_generated/flux_topup_002318.jpg
data_sources/ai_generated/FLUX_TopUp/flux_topup_002322.jpg,data_sources/ai_generated/FLUX_TopUp,ai_generated,1024,1024,1.0,JPEG,325189,c9bdf374037a6f07ecd65eec1693ed59,fc44d5949cb105b96f46aef0a3fa36ba4a29d59103a7cd609622d8f76dffc46f,1.0,929798b845ba45fa,ok,608.572995185189,True,True,cluster_01127,val,/home/dheirav/Code/Deepfake_Detection/deepfake-project/dataset_builder/val/ai_generated/flux_topup_002322.jpg
data_sources/ai_generated/FLUX_TopUp/flux_topup_002325.jpg,data_sources/ai_generated/FLUX_TopUp,ai_generated,1024,1024,1.0,JPEG,286901,de582ab2731ba5c8762a7f095d8f03ae,dfb856c18c96100bcfd4e9e9c2eb057c9f819f226b53b9685427972dab43567b,1.0,91d31f8e4c9c4f94,ok,469.639920936719,True,True,cluster_01457,val,/home/dheirav/Code/Deepfake_Detection/deepfake-project/dataset_builder/val/ai_generated/flux_topup_002325.jpg
data_sources/ai_generated/FLUX_TopUp/flux_topup_002331.jpg,data_sources/ai_generated/FLUX_TopUp,ai_generated,1024,1024,1.0,JPEG,436636,efe9e4c5245eda4ff67e9ad7aeb41b74,7be678525d7e59767bf01b17936b2770018cd0eac090c831bd74532ecc4ea69d,1.0,c9fd3f2368d62290,ok,993.6012139439181,True,True,cluster_00445,val,/home/dheirav/Code/Deepfake_Detection/deepfake-project/dataset_builder/val/ai_generated/flux_topup_002331.jpg
data_sources/ai_generated/FLUX_TopUp/flux_topup_002337.jpg,data_sources/ai_generated/FLUX_TopUp,ai_generated,1024,1024,1.0,JPEG,258954,dbf1eec356eba3ae609e9e8165ea1a06,e76adc1bf4c6557efda88827c466601c6adeb26dde559e37140bec9fc11d7667,1.0,c7876c6ccbc66c28,ok,243.7223458640064,True,True,cluster_01686,val,/home/dheirav/Code/Deepfake_Detection/deepfake-project/dataset_builder/val/ai_generated/flux_topup_002337.jpg
data_sources/ai_generated/FLUX_TopUp/flux_topup_002345.jpg,data_sources/ai_generated/FLUX_TopUp,ai_generated,1024,1024,1.0,JPEG,498963,8b396c9bf03287338086e3f3ce7a60e2,119299b2d856d688ff4e943c190aec5e1a7d180c8f47a1decc10a215fd247807,1.0,c0e1879e949c9b5b,ok,1894.608771026992,True,True,cluster_00175,val,/home/dheirav/Code/Deepfake_Detection/deepfake-project/dataset_builder/val/ai_generated/flux_topup_002345.jpg
data_sources/ai_generated/FLUX_TopUp/flux_topup_002347.jpg,data_sources/ai_generated/FLUX_TopUp,ai_generated,1024,1024,1.0,JPEG,350780,10cbbe277b534c737288c25be5531dc9,351b34224bc6a87f1a6054f80a1427f5b08629757adbe259b4ff931c754f1a65,1.0,9d8dc79b4c71318c,ok,1357.5805899844697,True,True,cluster_00950,val,/home/dheirav/Code/Deepfake_Detection/deepfake-project/dataset_builder/val/ai_generated/flux_topup_002347.jpg
data_sources/ai_generated/FLUX_TopUp/flux_topup_002352.jpg,data_sources/ai_generated/FLUX_TopUp,ai_generated,1024,1024,1.0,JPEG,504278,7363c8e5e14824e59c62d97995801e0e,f03b0e53da2e8398cfae7092d2fb71fbead175bf58f53b58523f24661fb0fc3c,1.0,aca1c31fde3e6111,ok,3060.7088985294104,True,True,cluster_00156,val,/home/dheirav/Code/Deepfake_Detection/deepfake-project/dataset_builder/val/ai_generated/flux_topup_002352.jpg
data_sources/ai_generated/FLUX_TopUp/flux_topup_002358.jpg,data_sources/ai_generated/FLUX_TopUp,ai_generated,1024,1024,1.0,JPEG,351761,04474c19cae3b41bb260fe686b87ad79,d1057bf684c1edc6a65553e11ee4b5b9f4dedd3f0cdf0f4075424be172fc4fd6,1.0,95a1cb9a9a9ed2e0,ok,437.09463486132154,True,True,cluster_00942,val,/home/dheirav/Code/Deepfake_Detection/deepfake-project/dataset_builder/val/ai_generated/flux_topup_002358.jpg
data_sources/ai_generated/FLUX_TopUp/flux_topup_002361.jpg,data_sources/ai_generated/FLUX_TopUp,ai_generated,1024,1024,1.0,JPEG,275271,e3a502badf6c7e20cab6c4773024a358,01c9e5c8581ce58d09a54e5d1b2653748f2749683014e12617dbd1188c82d0ea,1.0,99936860c56d4bde,ok,677.5403610631147,True,True,cluster_01542,val,/home/dheirav/Code/Deepfake_Detection/deepfake-project/dataset_builder/val/ai_generated/flux_topup_002361.jpg
data_sources/ai_generated/FLUX_TopUp/flux_topup_002363.jpg,data_sources/ai_generated/FLUX_TopUp,ai_generated,1024,1024,1.0,JPEG,390906,dbf0566029d907bc121fd22dc0269ec2,926bd38eef17370acdae6d394924e95456ef62bdb24f03952b7ddadfc2202ddc,1.0,ccc31b993cb62969,ok,544.3372981612182,True,True,cluster_00710,val,/home/dheirav/Code/Deepfake_Detection/deepfake-project/dataset_builder/val/ai_generated/flux_topup_002363.jpg
data_sources/ai_generated/FLUX_TopUp/flux_topup_002367.jpg,data_sources/ai_generated/FLUX_TopUp,ai_generated,1024,1024,1.0,JPEG,430453,6b195a7d380648ccb9f1d1fd96f14fc1,05afe6f3c6275a33963d4d3393252490019855a18a703f6229b1d6b770799854,1.0,ce969a1bd3c52583,ok,895.9967532185219,True,True,cluster_00483,val,/home/dheirav/Code/Deepfake_Detection/deepfake-project/dataset_builder/val/ai_generated/flux_topup_002367.jpg
data_sources/ai_generated/FLUX_TopUp/flux_topup_002373.jpg,data_sources/ai_generated/FLUX_TopUp,ai_generated,1024,1024,1.0,JPEG,306868,633309607cd7d3a36b7586eedd95bc1a,45746a72f74e19079562a5ddcf16e21f505d7cdc6c533980f1f6e5b35d393f10,1.0,93cc84bd39b978c2,ok,273.5474517707106,True,True,cluster_01291,val,/home/dheirav/Code/Deepfake_Detection/deepfake-project/dataset_builder/val/ai_generated/flux_topup_002373.jpg
data_sources/ai_generated/FLUX_TopUp/flux_topup_002385.jpg,data_sources/ai_generated/FLUX_TopUp,ai_generated,1024,1024,1.0,JPEG,434527,cebc11e68088ff11324641a2128c3c9f,815748e04269deda3493f6442d1ec9353bcd4bf34a3d038ebae13f3474a48e08,1.0,99996693726670ce,ok,2222.9990919720985,True,True,cluster_00454,val,/home/dheirav/Code/Deepfake_Detection/deepfake-project/dataset_builder/val/ai_generated/flux_topup_002385.jpg
data_sources/ai_generated/FLUX_TopUp/flux_topup_002387.jpg,data_sources/ai_generated/FLUX_TopUp,ai_generated,1024,1024,1.0,JPEG,566419,6b20561a0f02664bf088b82256c49d82,1bda0fe428b7e96c2f350bb7da8b6bc4c89e380c2797d56427fd534619748734,1.0,948ecbcb6d643662,ok,3277.909163186467,True,True,cluster_00045,val,/home/dheirav/Code/Deepfake_Detection/deepfake-project/dataset_builder/val/ai_generated/flux_topup_002387.jpg
data_sources/ai_generated/FLUX_TopUp/flux_topup_002390.jpg,data_sources/ai_generated/FLUX_TopUp,ai_generated,1024,1024,1.0,JPEG,479898,9285e6693030a4bd65bc7ae5da3204e1,33eaea6c4588e9c7047c9dd50f7e4fb311f5a81f4d4869392362d3620b572ba9,1.0,9584c9e5af2ad83a,ok,3121.4274080069154,True,True,cluster_00250,val,/home/dheirav/Code/Deepfake_Detection/deepfake-project/dataset_builder/val/ai_generated/flux_topup_002390.jpg
data_sources/ai_generated/FLUX_TopUp/flux_topup_002395.jpg,data_sources/ai_generated/FLUX_TopUp,ai_generated,1024,1024,1.0,JPEG,282261,4facfcd567501666a540453ed214f4d5,ddff6a8f05ed605f7dac0a1e4c9e61ef4bd6dc1a37582a47de68eb2ad8601af1,1.0,9091676dad896b53,ok,334.69677751249304,True,True,cluster_01486,val,/home/dheirav/Code/Deepfake_Detection/deepfake-project/dataset_builder/val/ai_generated/flux_topup_002395.jpg
data_sources/ai_generated/FLUX_TopUp/flux_topup_002398.jpg,data_sources/ai_generated/FLUX_TopUp,ai_generated,1024,1024,1.0,JPEG,467836,af04cb7b514c3b02c777082bd39159ee,f3f7b74b5f0be959c288491b72d5cfc45f2a2856c9b918b9b1de2f4219aff924,1.0,8d99d8cd26c84fe4,ok,1568.4943417844688,True,True,cluster_00299,val,/home/dheirav/Code/Deepfake_Detection/deepfake-project/dataset_builder/val/ai_generated/flux_topup_002398.jpg
data_sources/ai_generated/FLUX_TopUp/flux_topup_002405.jpg,data_sources/ai_generated/FLUX_TopUp,ai_generated,1024,1024,1.0,JPEG,440530,87d0d2d99f1a348e8d25d74cb58c0fc3,60e8bf611bb0c3ca20be709a0e79747c3f36355ab5bde664927a1e0bbfd93b1c,1.0,c9c389e21fa41bd6,ok,1592.7349895932266,True,True,cluster_00425,val,/home/dheirav/Code/Deepfake_Detection/deepfake-project/dataset_builder/val/ai_generated/flux_topup_002405.jpg
data_sources/ai_generated/FLUX_TopUp/flux_topup_002418.jpg,data_sources/ai_generated/FLUX_TopUp,ai_generated,1024,1024,1.0,JPEG,225380,56bb665668bf9db7e5a6edb0f04ce028,234012441b41ecbcdf090e3f9d670d54f736d719ad27420a2d97d24ce370b933,1.0,86cccec52d945a6b,ok,331.5942226946854,True,True,cluster_01969,val,/home/dheirav/Code/Deepfake_Detection/deepfake-project/dataset_builder/val/ai_generated/flux_topup_002418.jpg
data_sources/ai_generated/FLUX_TopUp/flux_topup_002422.jpg,data_sources/ai_generated/FLUX_TopUp,ai_generated,1024,1024,1.0,JPEG,460843,ee13e2693c034caec2d0843a224226b9,8019cfdd200e0b1692bc132fcef37cb0616a612a472cdbb81850f41d392ce6ad,1.0,8cb373d46cb38d48,ok,1782.1362848800409,True,True,cluster_00330,val,/home/dheirav/Code/Deepfake_Detection/deepfake-project/dataset_builder/val/ai_generated/flux_topup_002422.jpg
data_sources/ai_generated/FLUX_TopUp/flux_topup_002430.jpg,data_sources/ai_generated/FLUX_TopUp,ai_generated,1024,1024,1.0,JPEG,333449,dd63382e80e0cd1781a9114f1d7c139b,47752d947c5a5b3ff3757fd5aaf937e8a6c063d748a1b60e295e138f1ce446eb,1.0,93e64cc933b43137,ok,718.9621268317924,True,True,cluster_01075,val,/home/dheirav/Code/Deepfake_Detection/deepfake-project/dataset_builder/val/ai_generated/flux_topup_002430.jpg
data_sources/ai_generated/FLUX_TopUp/flux_topup_002431.jpg,data_sources/ai_generated/FLUX_TopUp,ai_generated,1024,1024,1.0,JPEG,515139,88b3ae0384f24ba68c625b530da51dd3,87e757546acc916ed678e7c1b7649859c1964a896777ae2471d251c30388e2df,1.0,88b62d6159f133cd,ok,2011.9733574183401,True,True,cluster_00130,val,/home/dheirav/Code/Deepfake_Detection/deepfake-project/dataset_builder/val/ai_generated/flux_topup_002431.jpg
data_sources/ai_generated/FLUX_TopUp/flux_topup_002433.jpg,data_sources/ai_generated/FLUX_TopUp,ai_generated,1024,1024,1.0,JPEG,470972,54e6df806213fdb260800b320555fd58,c424a4e320dda0fbcd6df50ee2ddfde5aa64deb7c03f923ae390f2360125a94b,1.0,b4f4da838bca74e0,ok,2341.228497542418,True,True,cluster_00285,val,/home/dheirav/Code/Deepfake_Detection/deepfake-project/dataset_builder/val/ai_generated/flux_topup_002433.jpg
data_sources/ai_generated/FLUX_TopUp/flux_topup_002435.jpg,data_sources/ai_generated/FLUX_TopUp,ai_generated,1024,1024,1.0,JPEG,470102,62c6c5ef4fe057ffc4cd2a869498d3e0,95b456c62c9fea63ac8600e8253982009ea54e7c47ec19cb4f406669e9c77228,1.0,958523ca3a67f135,ok,3019.7793405411894,True,True,cluster_00290,val,/home/dheirav/Code/Deepfake_Detection/deepfake-project/dataset_builder/val/ai_generated/flux_topup_002435.jpg
data_sources/ai_generated/FLUX_TopUp/flux_topup_002436.jpg,data_sources/ai_generated/FLUX_TopUp,ai_generated,1024,1024,1.0,JPEG,280317,cdfdfb45ac1293f59a8edfaa5de49d28,ba139cb070892d11a3226386ee881eda3e24f7af86dc0e37636c70e9819928c6,1.0,9ab84667e1968dc3,ok,856.600263962805,True,True,cluster_01498,val,/home/dheirav/Code/Deepfake_Detection/deepfake-project/dataset_builder/val/ai_generated/flux_topup_002436.jpg
data_sources/ai_generated/FLUX_TopUp/flux_topup_002437.jpg,data_sources/ai_generated/FLUX_TopUp,ai_generated,1024,1024,1.0,JPEG,592787,83e885a6e5f4114a65aef8bf2e1976bb,b0ea48179456d841438823ffb6782d79b4e3d606d4ae091eb814f232ac3b43e5,1.0,9bb7da9007d074c3,ok,3009.0050613969343,True,True,cluster_00027,val,/home/dheirav/Code/Deepfake_Detection/deepfake-project/dataset_builder/val/ai_generated/flux_topup_002437.jpg
data_sources/ai_generated/FLUX_TopUp/flux_topup_002439.jpg,data_sources/ai_generated/FLUX_TopUp,ai_generated,1024,1024,1.0,JPEG,323166,be89dfeefc81b7abdbb30e5391e6274f,5a03223d86a64d724369bd29d2cb1e7b59cf571fe9f555a3204b890235def4df,1.0,8cb36d6318a5bb4c,ok,419.7585683113284,True,True,cluster_01152,val,/home/dheirav/Code/Deepfake_Detection/deepfake-project/dataset_builder/val/ai_generated/flux_topup_002439.jpg
data_sources/ai_generated/FLUX_TopUp/flux_topup_002448.jpg,data_sources/ai_generated/FLUX_TopUp,ai_generated,1024,1024,1.0,JPEG,427131,1f40e79dca194922e1bde776d8a9f83a,a9f32770ffa8ff8f133d107f02bbb83fbb43bfe3e76bdb67beb15a18053425e0,1.0,9ab28e497b12e51d,ok,931.950445376503,True,True,cluster_00504,val,/home/dheirav/Code/Deepfake_Detection/deepfake-project/dataset_builder/val/ai_generated/flux_topup_002448.jpg
data_sources/ai_generated/FLUX_TopUp/flux_topup_002451.jpg,data_sources/ai_generated/FLUX_TopUp,ai_generated,1024,1024,1.0,JPEG,540394,55e7c043b8c01c24f3bf5ea94eff1412,637009881346b462648ae6d2047298601a238901518eac4189c32c4245b8cb9e,1.0,c7e9e1b832c27272,ok,2589.59626542333,True,True,cluster_00081,val,/home/dheirav/Code/Deepfake_Detection/deepfake-project/dataset_builder/val/ai_generated/flux_topup_002451.jpg
data_sources/ai_generated/FLUX_TopUp/flux_topup_002456.jpg,data_sources/ai_generated/FLUX_TopUp,ai_generated,1024,1024,1.0,JPEG,403536,c8ffd2b35256477c03abcade66364efc,29f18e3c00251b3750d2963ccfd30806f429029fec8b02f867402ef4681644f3,1.0,8c8e8ea24373dd4d,ok,1182.90263226351,True,True,cluster_00646,val,/home/dheirav/Code/Deepfake_Detection/deepfake-project/dataset_builder/val/ai_generated/flux_topup_002456.jpg
data_sources/ai_generated/FLUX_TopUp/flux_topup_002464.jpg,data_sources/ai_generated/FLUX_TopUp,ai_generated,1024,1024,1.0,JPEG,427166,504a8b1671ce8dde9fcad25064b15cfa,0ad6ada623998d91bf778ab9f4a6b065e800d8eabbcaa4311e639045f8157104,1.0,b1b9cece14e848cd,ok,1886.3028001662124,True,True,cluster_00503,val,/home/dheirav/Code/Deepfake_Detection/deepfake-project/dataset_builder/val/ai_generated/flux_topup_002464.jpg
data_sources/ai_generated/FLUX_TopUp/flux_topup_002465.jpg,data_sources/ai_generated/FLUX_TopUp,ai_generated,1024,1024,1.0,JPEG,442727,abc7e75bb31f5be3a5f98b720311831f,a6103b4e22548d7756412c0f23d81cc50ce293dd203acb03a631a7e97bfad522,1.0,909d8d6cf7cb2606,ok,1495.915499264942,True,True,cluster_00411,val,/home/dheirav/Code/Deepfake_Detection/deepfake-project/dataset_builder/val/ai_generated/flux_topup_002465.jpg
data_sources/ai_generated/FLUX_TopUp/flux_topup_002471.jpg,data_sources/ai_generated/FLUX_TopUp,ai_generated,1024,1024,1.0,JPEG,287392,7429dcce98bb4706aceb26b6ddb68432,420f097b462705fb4a0cb63069f1ff752590d3bd0ec45db77cd22e8f3a5fc529,1.0,c77c1869961ee196,ok,289.1436297576282,True,True,cluster_01454,val,/home/dheirav/Code/Deepfake_Detection/deepfake-project/dataset_builder/val/ai_generated/flux_topup_002471.jpg
data_sources/ai_generated/FLUX_TopUp/flux_topup_002474.jpg,data_sources/ai_generated/FLUX_TopUp,ai_generated,1024,1024,1.0,JPEG,465574,5fe4eb90f92d37761796bba7d644d220,5ddeabf0a0164a9a9073e0f37e74da1e7d06c3a53ab9ae878b854380efdf8084,1.0,87838775304eb7d8,ok,3638.0814710189834,True,True,cluster_00312,val,/home/dheirav/Code/Deepfake_Detection/deepfake-project/dataset_builder/val/ai_generated/flux_topup_002474.jpg
data_sources/ai_generated/FLUX_TopUp/flux_topup_002479.jpg,data_sources/ai_generated/FLUX_TopUp,ai_generated,1024,1024,1.0,JPEG,408048,f9111eba3fd9d9b5ddaf3597e8a21598,1dffb0da2d99e50774ca74f9daf9274fd1d076bd840234cdd74cdd03f7f1dbad,1.0,8987ae3a4b8a5aae,ok,1801.4083619075245,True,True,cluster_00619,val,/home/dheirav/Code/Deepfake_Detection/deepfake-project/dataset_builder/val/ai_generated/flux_topup_002479.jpg
data_sources/ai_generated/FLUX_TopUp/flux_topup_002483.jpg,data_sources/ai_generated/FLUX_TopUp,ai_generated,1024,1024,1.0,JPEG,316385,6d6d45614cb5fdd221ae22dd7f382b14,cf6467ecec919d3c8ff4ec92279451bbc3c01d2ae635a2d87fbc569a7967c097,1.0,9691ab9e5b47c039,ok,1106.1414809865964,True,True,cluster_01200,val,/home/dheirav/Code/Deepfake_Detection/deepfake-project/dataset_builder/val/ai_generated/flux_topup_002483.jpg
data_sources/ai_generated/FLUX_TopUp/flux_topup_002485.jpg,data_sources/ai_generated/FLUX_TopUp,ai_generated,1024,1024,1.0,JPEG,428961,f089efa028835dbf18d21ea04f9d7dc3,c86a470ced0b89941e70cdc884791f5a575ffcefe04faa67c439684e88f51103,1.0,cbcb72f292ce2682,ok,1829.9717909177402,True,True,cluster_00495,val,/home/dheirav/Code/Deepfake_Detection/deepfake-project/dataset_builder/val/ai_generated/flux_topup_002485.jpg
data_sources/ai_generated/FLUX_TopUp/flux_topup_002491.jpg,data_sources/ai_generated/FLUX_TopUp,ai_generated,1024,1024,1.0,JPEG,282240,3d604e9c05d683803f2f53f664419ba8,8a7a75585879b55817b9dcf4515c65180b40b50ae745b1403ba26e43e23c0bc2,1.0,8189ecfa5eb60f60,ok,194.9833899767391,True,True,cluster_01487,val,/home/dheirav/Code/Deepfake_Detection/deepfake-project/dataset_builder/val/ai_generated/flux_topup_002491.jpg
data_sources/ai_generated/FLUX_TopUp/flux_topup_002499.jpg,data_sources/ai_generated/FLUX_TopUp,ai_generated,1024,1024,1.0,JPEG,501433,d434bcbe0ec27880b673e6122be6918a,44b07864a5c77f45dbbe21b538d83101db29718499af449a5734f27a18a5e59e,1.0,9b962e39349665cc,ok,1789.610976300361,True,True,cluster_00167,val,/home/dheirav/Code/Deepfake_Detection/deepfake-project/dataset_builder/val/ai_generated/flux_topup_002499.jpg
