path,dataset_source,class_label,width,height,aspect_ratio,format,file_size_bytes,md5_hash,sha256,quality_score,phash,quality_flag,blur_score,resolution_ok,aspect_ratio_ok,cluster_id,split,export_path
data_sources/ai_generated/SD_TopUp2/sd2_000004_01bb4033-5c57-4ea4-b05d-3f22a24e8ca6.jpg,data_sources/ai_generated/SD_TopUp2,ai_generated,1024,704,1.4545,JPEG,200446,65cbc238a587cc1f29ef80dd63994c2c,838cb356a9917cc7c49260c8b07150fccaa5723aba39cfa6c5fa43b9867b7a49,1.0,8d779b40363aed90,ok,125.102142078954,True,True,cluster_00025,test,/home/dheirav/Code/Deepfake_Detection/deepfake-project/dataset_builder/test/ai_generated/sd2_000004_01bb4033-5c57-4ea4-b05d-3f22a24e8ca6.jpg
data_sources/ai_generated/SD_TopUp2/sd2_000004_0272345a-5e9f-4135-a17f-d0aa1f9d2698.jpg,data_sources/ai_generated/SD_TopUp2,ai_generated,512,640,0.8,JPEG,171669,69f2a4f7c9ea91bc087bf8476b421d55,8494af79bf75316f85d3f603aa10a854f098b936d1b43b66771532ad920aa05d,1.0,8b6a745785e1986e,ok,1787.1575673719867,True,True,cluster_00317,test,/home/dheirav/Code/Deepfake_Detection/deepfake-project/dataset_builder/test/ai_generated/sd2_000004_0272345a-5e9f-4135-a17f-d0aa1f9d2698.jpg
data_sources/ai_generated/SD_TopUp2/sd2_000004_02e3b084-ae1d-4ebb-936a-fb1f7c43ccdd.jpg,data_sources/ai_generated/SD_TopUp2,ai_generated,512,512,1.0,JPEG,119351,47366502d359e3a9b2cfbfc10b9194cc,bf0430d603de8dd5f58da50c1ca18b3f1920a6dcf88c392c4e283739445bff81,1.0,d8dfffc03059802d,ok,579.6076864814386,True,True,cluster_00584,test,/home/dheirav/Code/Deepfake_Detection/deepfake-project/dataset_builder/test/ai_generated/sd2_000004_02e3b084-ae1d-4ebb-936a-fb1f7c43ccdd.jpg
data_sources/ai_generated/SD_TopUp2/sd2_000004_036e93a5-00a9-4e17-8126-dddde4f4df1e.jpg,data_sources/ai_generated/SD_TopUp2,ai_generated,512,512,1.0,JPEG,120926,9e3a2a33989d4df4e9c18850bfdf7036,5f824e4687555a47b4df480f7aa81314e013b425025ca0ac4d7a1a804a2dc9ff,1.0,89a627e5d39a9692,ok,990.7875843606889,True,True,cluster_00573,test,/home/dheirav/Code/Deepfake_Detection/deepfake-project/dataset_builder/test/ai_generated/sd2_000004_036e93a5-00a9-4e17-8126-dddde4f4df1e.jpg
data_sources/ai_generated/SD_TopUp2/sd2_000004_0485d02f-1d1c-4fa0-b257-9134be7f964f.jpg,data_sources/ai_generated/SD_TopUp2,ai_generated,512,512,1.0,JPEG,133814,f3d6d8ede110631e23116b1b7ce8673a,ca4fdd7e77f644700d400581c4c2c212335b74edccc30d39ceaa2935b23476b3,1.0,9b923a59e70f2499,ok,2483.9332213145535,True,True,cluster_00505,test,/home/dheirav/Code/Deepfake_Detection/deepfake-project/dataset_builder/test/ai_generated/sd2_000004_0485d02f-1d1c-4fa0-b257-9134be7f964f.jpg
data_sources/ai_generated/SD_TopUp2/sd2_000004_0656ab4d-a6f6-4455-91be-02cf73606c25.jpg,data_sources/ai_generated/SD_TopUp2,ai_generated,1280,704,1.8182,JPEG,300357,c5086654ac9c4a747eb49e47562ce526,8036d0e24e08b38abe920d62351a9e2d469163214cb5a8fff6c2b771032c31ee,1.0,8e7350ed359064f6,ok,337.6386770136482,True,True,cluster_00013,test,/home/dheirav/Code/Deepfake_Detection/deepfake-project/dataset_builder/test/ai_generated/sd2_000004_0656ab4d-a6f6-4455-91be-02cf73606c25.jpg
data_sources/ai_generated/SD_TopUp2/sd2_000004_07380d2c-1efb-414a-83be-f92e1f019d69.jpg,data_sources/ai_generated/SD_TopUp2,ai_generated,768,512,1.5,JPEG,137827,cecf3d58ef452c0f094da20e787c5e8b,6359da38c92bd4d385bacefa3c8c792e14b43a7b7bf41f27f30f681f1f959d7c,1.0,ccdc684866c62ef3,ok,529.079739511013,True,True,cluster_00198,test,/home/dheirav/Code/Deepfake_Detection/deepfake-project/dataset_builder/test/ai_generated/sd2_000004_07380d2c-1efb-414a-83be-f92e1f019d69.jpg
data_sources/ai_generated/SD_TopUp2/sd2_000004_092e6c0b-a0f7-4333-a8f1-8548ba660bc8.jpg,data_sources/ai_generated/SD_TopUp2,ai_generated,512,512,1.0,JPEG,150969,0107c7f1d5e0b67b01646aa5f63089cd,84b55039155817e5ca851ba9a72ce5d5a662449e98b5e543b07db5bac041df14,1.0,bf4079336747413c,ok,1830.8964550834498,True,True,cluster_00440,test,/home/dheirav/Code/Deepfake_Detection/deepfake-project/dataset_builder/test/ai_generated/sd2_000004_092e6c0b-a0f7-4333-a8f1-8548ba660bc8.jpg
data_sources/ai_generated/SD_TopUp2/sd2_000004_0cdba392-5d0b-43b1-896d-6325c8754634.jpg,data_sources/ai_generated/SD_TopUp2,ai_generated,576,1024,0.5625,JPEG,231681,3ec7078183f4f5aaa17ca41145eb3229,acbd99f0b63897221e3d07eda8769fd959e348a1c523dfb3de0e3583e103e7a0,1.0,b2d313d94772296c,ok,944.200419019586,True,True,cluster_00059,test,/home/dheirav/Code/Deepfake_Detection/deepfake-project/dataset_builder/test/ai_generated/sd2_000004_0cdba392-5d0b-43b1-896d-6325c8754634.jpg
data_sources/ai_generated/SD_TopUp2/sd2_000004_0d7dd214-86f8-43da-acb3-eb05a8d1118b.jpg,data_sources/ai_generated/SD_TopUp2,ai_generated,1024,640,1.6,JPEG,269264,b15a95ae2f8df06a49e8790b8ee5836c,bae28fef38cdd257c95f6f15b3dabb38ef9c3d838bde04ada01f738329cfcddf,1.0,b08c4ae14fe3782f,ok,1173.2997280484065,True,True,cluster_00043,test,/home/dheirav/Code/Deepfake_Detection/deepfake-project/dataset_builder/test/ai_generated/sd2_000004_0d7dd214-86f8-43da-acb3-eb05a8d1118b.jpg
data_sources/ai_generated/SD_TopUp2/sd2_000004_0f3a9998-344e-4afc-869a-8a990a7630b8.jpg,data_sources/ai_generated/SD_TopUp2,ai_generated,512,704,0.7273,JPEG,227950,b3d81e5895fca68bc91202ad57ac5df4,9187ecc90be93308e0b3bda882207e14d5ffe867933311e4abc1b4b39cdd94ce,1.0,9c994a796794b06d,ok,2611.8863854836827,True,True,cluster_00223,test,/home/dheirav/Code/Deepfake_Detection/deepfake-project/dataset_builder/test/ai_generated/sd2_000004_0f3a9998-344e-4afc-869a-8a990a7630b8.jpg
data_sources/ai_generated/SD_TopUp2/sd2_000004_11090ed2-5805-41f9-8bcf-69eede97b0bd.jpg,data_sources/ai_generated/SD_TopUp2,ai_generated,768,512,1.5,JPEG,253179,71be060d837e4ec014d169c969b6cde3,30e09130187d4db5e8a8539c7a10423045ad519ec4a8df418258f9f0fe70d5fb,1.0,aac1c596c62ef42e,ok,6998.456368209115,True,True,cluster_00132,test,/home/dheirav/Code/Deepfake_Detection/deepfake-project/dataset_builder/test/ai_generated/sd2_000004_11090ed2-5805-41f9-8bcf-69eede97b0bd.jpg
data_sources/ai_generated/SD_TopUp2/sd2_000004_11beba4b-78da-4032-9e8f-21e4d403240f.jpg,data_sources/ai_generated/SD_TopUp2,ai_generated,512,704,0.7273,JPEG,251802,14aac4442b265f33431b56c10dc2a3ab,c05e812d49c4719e61b25f9f430108ffd1f20e564c5d795ea7fc0c209d9416ca,1.0,8c9d467327d453a9,ok,6326.730290296826,True,True,cluster_00220,test,/home/dheirav/Code/Deepfake_Detection/deepfake-project/dataset_builder/test/ai_generated/sd2_000004_11beba4b-78da-4032-9e8f-21e4d403240f.jpg
data_sources/ai_generated/SD_TopUp2/sd2_000004_12a32d88-7d7d-4162-b537-10b8ff0a726e.jpg,data_sources/ai_generated/SD_TopUp2,ai_generated,640,512,1.25,JPEG,205038,235c826a784d5a3c97ea840259415d01,65264d48f25c97d7f3659e4505ab85a977418d2754ea489473b612fb9eb43388,1.0,cc4f1dc8f999984c,ok,4946.5293751802665,True,True,cluster_00303,test,/home/dheirav/Code/Deepfake_Detection/deepfake-project/dataset_builder/test/ai_generated/sd2_000004_12a32d88-7d7d-4162-b537-10b8ff0a726e.jpg
data_sources/ai_generated/SD_TopUp2/sd2_000004_151fa4d9-2560-4ed1-bf92-3bfc05e95183.jpg,data_sources/ai_generated/SD_TopUp2,ai_generated,704,704,1.0,JPEG,444369,1504377ae2d331fb3eeff07b0ab87812,4c00553fb79e34a65ee18880f70a8c5205201eb2650eba4c22f8c3f12458ec7b,1.0,993862ee67cec838,ok,13685.741017489472,True,True,cluster_00077,test,/home/dheirav/Code/Deepfake_Detection/deepfake-project/dataset_builder/test/ai_generated/sd2_000004_151fa4d9-2560-4ed1-bf92-3bfc05e95183.jpg
data_sources/ai_generated/SD_TopUp2/sd2_000004_161b2911-6ea5-40cc-abcf-b71a241d9642.jpg,data_sources/ai_generated/SD_TopUp2,ai_generated,512,768,0.6667,JPEG,189650,bf6d9acd918c999e875e285e6b64e3af,98accc3bdf24cd2e3e4384c2255e005f0000a60311e4f70004fb066061b6827a,1.0,d08d163d3bc879c3,ok,1069.6102193990307,True,True,cluster_00163,test,/home/dheirav/Code/Deepfake_Detection/deepfake-project/dataset_builder/test/ai_generated/sd2_000004_161b2911-6ea5-40cc-abcf-b71a241d9642.jpg
data_sources/ai_generated/SD_TopUp2/sd2_000004_1690adee-4f05-4cbd-b585-39ca1c40ee29.jpg,data_sources/ai_generated/SD_TopUp2,ai_generated,512,512,1.0,JPEG,134850,8ba1a8529939f27c5fea36d5c0359e56,e13237a94a997d040ebd242d386747f7e6efc381e082a512bd6d730fd5fda7af,1.0,c71b292d31323c7d,ok,2444.541069678031,True,True,cluster_00499,test,/home/dheirav/Code/Deepfake_Detection/deepfake-project/dataset_builder/test/ai_generated/sd2_000004_1690adee-4f05-4cbd-b585-39ca1c40ee29.jpg
data_sources/ai_generated/SD_TopUp2/sd2_000004_1a3af2e3-a5d4-4b22-b5e2-76abbd07713d.jpg,data_sources/ai_generated/SD_TopUp2,ai_generated,512,768,0.6667,JPEG,157633,76d306346dbf5377e973382e94cecec6,4d5a5a084211098f8c94263ec34f5bd4f5c80159a47836d6b2a4b45f39bc80e7,1.0,87343c97874e6969,ok,743.791468156133,True,True,cluster_00188,test,/home/dheirav/Code/Deepfake_Detection/deepfake-project/dataset_builder/test/ai_generated/sd2_000004_1a3af2e3-a5d4-4b22-b5e2-76abbd07713d.jpg
data_sources/ai_generated/SD_TopUp2/sd2_000004_1b24ca67-6b34-4354-98cf-040da117b6fc.jpg,data_sources/ai_generated/SD_TopUp2,ai_generated,512,640,0.8,JPEG,117170,63a86de6f994c605d32ca04cb65ef85c,023919fc1823634dd182539fd62bc5890f8e6cafb01d3ae71c8d47fe47851abe,1.0,b49f8cec5ca34c64,ok,907.3291461124924,True,True,cluster_00351,test,/home/dheirav/Code/Deepfake_Detection/deepfake-project/dataset_builder/test/ai_generated/sd2_000004_1b24ca67-6b34-4354-98cf-040da117b6fc.jpg
data_sources/ai_generated/SD_TopUp2/sd2_000004_1b61af7a-a3b7-4d10-b52f-d764c8c862df.jpg,data_sources/ai_generated/SD_TopUp2,ai_generated,512,512,1.0,JPEG,119345,ebde1bf16b51b77c64612c728c63cf1f,7bc484d9433b06b4ade28a3169d722001a4964583bdb9cff5b7b4504c2851884,1.0,a5dc9d9f4868c962,ok,1090.6550812085625,True,True,cluster_00585,test,/home/dheirav/Code/Deepfake_Detection/deepfake-project/dataset_builder/test/ai_generated/sd2_000004_1b61af7a-a3b7-4d10-b52f-d764c8c862df.jpg
data_sources/ai_generated/SD_TopUp2/sd2_000004_1b786269-ec02-4af8-ad07-8b636266fcdd.jpg,data_sources/ai_generated/SD_TopUp2,ai_generated,960,512,1.875,JPEG,169007,cf9a8670ee2b63b76d0f8192a5c2fdd0,e0a63e2c1a6781a857f8a43cbfa5f951b784bd8a57cfdd5fc3e276dde2ddd8e1,1.0,c1c816b4696f7a53,ok,493.0672632725868,True,True,cluster_00089,test,/home/dheirav/Code/Deepfake_Detection/deepfake-project/dataset_builder/test/ai_generated/sd2_000004_1b786269-ec02-4af8-ad07-8b636266fcdd.jpg
data_sources/ai_generated/SD_TopUp2/sd2_000004_1fbd4f87-27b7-4be2-a909-c7ba822dc2a7.jpg,data_sources/ai_generated/SD_TopUp2,ai_generated,512,512,1.0,JPEG,134649,866bed75c67906988297afc8efdcd02f,dccc23a55350d5ccf59027a6e52f2e3c1c6595fb2106fc999dabe7625d6d5aa6,1.0,8c9ce24cdc337366,ok,1054.5532166395424,True,True,cluster_00501,test,/home/dheirav/Code/Deepfake_Detection/deepfake-project/dataset_builder/test/ai_generated/sd2_000004_1fbd4f87-27b7-4be2-a909-c7ba822dc2a7.jpg
data_sources/ai_generated/SD_TopUp2/sd2_000004_20f48f72-c6c1-4ede-957d-9036b0754b8a.jpg,data_sources/ai_generated/SD_TopUp2,ai_generated,512,512,1.0,JPEG,206838,a3a8d5b3612e1f4d47608e39f9497f37,57ecee72320fc1ad03a60dd67c90711316075ddf46408e4168ab7154e41dd6b4,1.0,c2fc7cf0f2d2b048,ok,5723.014270698521,True,True,cluster_00376,test,/home/dheirav/Code/Deepfake_Detection/deepfake-project/dataset_builder/test/ai_generated/sd2_000004_20f48f72-c6c1-4ede-957d-9036b0754b8a.jpg
data_sources/ai_generated/SD_TopUp2/sd2_000004_21f4c5a9-5394-4a13-9cd2-e856ed63846f.jpg,data_sources/ai_generated/SD_TopUp2,ai_generated,512,512,1.0,JPEG,162714,2f2245cb443514e02cdfe4e22c6370cf,6165ba416411c29db1d69db12b66e9e6d879b90bf4de2cbcb554f062cba5f95f,1.0,944a25666ab7db49,ok,3144.8038938380632,True,True,cluster_00410,test,/home/dheirav/Code/Deepfake_Detection/deepfake-project/dataset_builder/test/ai_generated/sd2_000004_21f4c5a9-5394-4a13-9cd2-e856ed63846f.jpg
data_sources/ai_generated/SD_TopUp2/sd2_000004_22d3147b-272d-4037-b95d-1c6de25b5a6f.jpg,data_sources/ai_generated/SD_TopUp2,ai_generated,512,512,1.0,JPEG,145536,6373ccf17bcc755503e23690ebef8150,8b394355b498e054b1397b95d330abd836712ae48ef714443fa36df196aa2b5e,1.0,c936e619e339f424,ok,1534.7245645265648,True,True,cluster_00458,test,/home/dheirav/Code/Deepfake_Detection/deepfake-project/dataset_builder/test/ai_generated/sd2_000004_22d3147b-272d-4037-b95d-1c6de25b5a6f.jpg
data_sources/ai_generated/SD_TopUp2/sd2_000004_244c1c4e-4258-42d6-874f-40e9b0251a23.jpg,data_sources/ai_generated/SD_TopUp2,ai_generated,512,512,1.0,JPEG,148699,f13e69cc6fc0680093af7392f16c0edc,edefc724200c01ffaeaab0fba669ef4a798d49bf49551507f44da633ae419b18,1.0,d31e670c33364d33,ok,2395.6415596732404,True,True,cluster_00451,test,/home/dheirav/Code/Deepfake_Detection/deepfake-project/dataset_builder/test/ai_generated/sd2_000004_244c1c4e-4258-42d6-874f-40e9b0251a23.jpg
data_sources/ai_generated/SD_TopUp2/sd2_000004_24589673-17da-438a-afc5-f7a04a28588c.jpg,data_sources/ai_generated/SD_TopUp2,ai_generated,768,768,1.0,JPEG,279293,764a1df3360930f8b27b3ff5dedc33f1,846107b906ad7b2e180601ecfd63886bab90fa22db449c8d33f4d91689ffd180,1.0,87c26b3d39698473,ok,999.0845495651787,True,True,cluster_00053,test,/home/dheirav/Code/Deepfake_Detection/deepfake-project/dataset_builder/test/ai_generated/sd2_000004_24589673-17da-438a-afc5-f7a04a28588c.jpg
data_sources/ai_generated/SD_TopUp2/sd2_000004_24764e1d-48c2-4b80-9871-24e04b5559d5.jpg,data_sources/ai_generated/SD_TopUp2,ai_generated,512,896,0.5714,JPEG,136336,4c944eb8fc18f8766cada054d9e9e41c,bdb526748bdfd67bfb044b725c3741883a9a618402d4dcbe50c2ac7172b07c09,1.0,a52556ad459c633b,ok,275.1206598556886,True,True,cluster_00101,test,/home/dheirav/Code/Deepfake_Detection/deepfake-project/dataset_builder/test/ai_generated/sd2_000004_24764e1d-48c2-4b80-9871-24e04b5559d5.jpg
data_sources/ai_generated/SD_TopUp2/sd2_000004_270c7d21-a2ff-41ef-950e-14ae8f4f346c.jpg,data_sources/ai_generated/SD_TopUp2,ai_generated,768,512,1.5,JPEG,345013,30c9cc1101bca8d11247f63c11846907,7f0fb88301e8259f868e4b41f275c24efdfbdbacea92f77b6e9a8466afad76ef,1.0,c31c6f8eb6361c51,ok,8517.837652543767,True,True,cluster_00119,test,/home/dheirav/Code/Deepfake_Detection/deepfake-project/dataset_builder/test/ai_generated/sd2_000004_270c7d21-a2ff-41ef-950e-14ae8f4f346c.jpg
data_sources/ai_generated/SD_TopUp2/sd2_000004_2796517c-956d-4850-8c10-aa4c1e93ae20.jpg,data_sources/ai_generated/SD_TopUp2,ai_generated,704,512,1.375,JPEG,148800,efce0eacf6d38b046022ab73ae336eb0,11ad34edf1e045d6849c766367ffe1a21219db073506090ff2d981671a7a1e1c,1.0,b66c857ec3725c14,ok,225.29750319778893,True,True,cluster_00256,test,/home/dheirav/Code/Deepfake_Detection/deepfake-project/dataset_builder/test/ai_generated/sd2_000004_2796517c-956d-4850-8c10-aa4c1e93ae20.jpg
data_sources/ai_generated/SD_TopUp2/sd2_000004_2918a3b1-d19d-481c-8528-7e5a3e761189.jpg,data_sources/ai_generated/SD_TopUp2,ai_generated,512,704,0.7273,JPEG,152807,2183435506119ba07f9448287e41e805,2c4fd233eaf1fdd0a2238578f57ad56aa7ab1c2984eb0382326c9371288bb16f,1.0,c6c2c8b85d9d0dcb,ok,667.711553863473,True,True,cluster_00254,test,/home/dheirav/Code/Deepfake_Detection/deepfake-project/dataset_builder/test/ai_generated/sd2_000004_2918a3b1-d19d-481c-8528-7e5a3e761189.jpg
data_sources/ai_generated/SD_TopUp2/sd2_000004_2b6c607d-13c8-4c0d-89ae-3e2443ae7f4d.jpg,data_sources/ai_generated/SD_TopUp2,ai_generated,768,512,1.5,JPEG,186403,703fd203c02eed95aaec57b6a1fade2e,318ba6acb0e06e2e00a1968f0af10755196fd9185838662748c462c5f65e0411,1.0,c5c8d03bc3c49ead,ok,1614.8920047078218,True,True,cluster_00169,test,/home/dheirav/Code/Deepfake_Detection/deepfake-project/dataset_builder/test/ai_generated/sd2_000004_2b6c607d-13c8-4c0d-89ae-3e2443ae7f4d.jpg
data_sources/ai_generated/SD_TopUp2/sd2_000004_2c6c04e0-8983-4415-abc0-ce1d15fa495f.jpg,data_sources/ai_generated/SD_TopUp2,ai_generated,512,640,0.8,JPEG,124946,eec09f89da338026861720319ee86c62,6f372b5b0fec39fd731f50208b7740e45c4c35f9a93f602dc7733e3edb1caf81,1.0,bb432d246c979965,ok,3175.5799807068333,True,True,cluster_00340,test,/home/dheirav/Code/Deepfake_Detection/deepfake-project/dataset_builder/test/ai_generated/sd2_000004_2c6c04e0-8983-4415-abc0-ce1d15fa495f.jpg
data_sources/ai_generated/SD_TopUp2/sd2_000004_2cca1b35-78a1-49c3-bb04-fc73595cde9c.jpg,data_sources/ai_generated/SD_TopUp2,ai_generated,512,640,0.8,JPEG,172480,e707b1b230fd1fe5f5ba3bbc7af545ed,66b1f62506c1e202230782de01f7b3e500bba6398c606e2f3d9d3663ce000bb9,1.0,e642c643e6313cf3,ok,1643.4612777578739,True,True,cluster_00315,test,/home/dheirav/Code/Deepfake_Detection/deepfake-project/dataset_builder/test/ai_generated/sd2_000004_2cca1b35-78a1-49c3-bb04-fc73595cde9c.jpg
data_sources/ai_generated/SD_TopUp2/sd2_000004_30cfd8fb-41c7-44e0-822b-defc4f7bb70c.jpg,data_sources/ai_generated/SD_TopUp2,ai_generated,512,768,0.6667,JPEG,202697,0b000b8b02c9cb4c527f19a49e1abcb7,fc38651c670095205d18e87ce3afc5882a8ed82db9235e18f49be18bf291c18e,1.0,f96a873ca2191ed1,ok,1643.1561860693037,True,True,cluster_00156,test,/home/dheirav/Code/Deepfake_Detection/deepfake-project/dataset_builder/test/ai_generated/sd2_000004_30cfd8fb-41c7-44e0-822b-defc4f7bb70c.jpg
data_sources/ai_generated/SD_TopUp2/sd2_000004_322d3c74-5366-429a-9807-e746ac4c24e1.jpg,data_sources/ai_generated/SD_TopUp2,ai_generated,512,512,1.0,JPEG,140399,e2f7b16fdb4ea21b54c42fe70670384c,53ef65caf9744bd4b5c184ca58b6a49efa507df21490fd8a23ed40ce0c6a38f7,1.0,92257bd64b8a39e2,ok,1756.7255261283717,True,True,cluster_00475,test,/home/dheirav/Code/Deepfake_Detection/deepfake-project/dataset_builder/test/ai_generated/sd2_000004_322d3c74-5366-429a-9807-e746ac4c24e1.jpg
data_sources/ai_generated/SD_TopUp2/sd2_000004_349ee7ef-4d8e-430c-85f6-ecc566e8b535.jpg,data_sources/ai_generated/SD_TopUp2,ai_generated,512,704,0.7273,JPEG,134437,46692c82bc10b02ef043667791c56e54,9693467aa136172a322c50ab8d0f094c4daa1da974770552f07bf61715613291,1.0,99ba36d1641e66e1,ok,675.9480285515147,True,True,cluster_00263,test,/home/dheirav/Code/Deepfake_Detection/deepfake-project/dataset_builder/test/ai_generated/sd2_000004_349ee7ef-4d8e-430c-85f6-ecc566e8b535.jpg
data_sources/ai_generated/SD_TopUp2/sd2_000004_3616bbb2-1e10-4abe-a2a8-35bb247a54b1.jpg,data_sources/ai_generated/SD_TopUp2,ai_generated,512,768,0.6667,JPEG,205785,e9853bb5125c824264bfb094435c1670,dc25cc98faf14cfdcb84466566d7b9ae10b0de955d36360f9d0db330f1fafb71,1.0,e9e512231ebcc2c7,ok,1676.884137805545,True,True,cluster_00153,test,/home/dheirav/Code/Deepfake_Detection/deepfake-project/dataset_builder/test/ai_generated/sd2_000004_3616bbb2-1e10-4abe-a2a8-35bb247a54b1.jpg
data_sources/ai_generated/SD_TopUp2/sd2_000004_371532aa-3790-422e-a523-718c9b02ac51.jpg,data_sources/ai_generated/SD_TopUp2,ai_generated,512,512,1.0,JPEG,118072,2f6b5fda756be23539f4565006796eec,10bbd144409183fcb245775b961ef8809f51b5f850fd5f2f03bb71f6560feb6d,1.0,d7726a8dc594318e,ok,1191.4057030976837,True,True,cluster_00595,test,/home/dheirav/Code/Deepfake_Detection/deepfake-project/dataset_builder/test/ai_generated/sd2_000004_371532aa-3790-422e-a523-718c9b02ac51.jpg
data_sources/ai_generated/SD_TopUp2/sd2_000004_37192c12-7ac6-4cdd-8c2f-048b100295a5.jpg,data_sources/ai_generated/SD_TopUp2,ai_generated,512,512,1.0,JPEG,118595,749be7b18e9d175e160f63bd6a15b105,813bac8cd29f60a0b70ae632362ad878f8d4b26db5dc399d03e96cf3732d124f,1.0,fe7ea1638087859c,ok,1587.4715028935898,True,True,cluster_00590,test,/home/dheirav/Code/Deepfake_Detection/deepfake-project/dataset_builder/test/ai_generated/sd2_000004_37192c12-7ac6-4cdd-8c2f-048b100295a5.jpg
data_sources/ai_generated/SD_TopUp2/sd2_000004_3882aec2-c238-47f9-8cf4-4497cc6695b7.jpg,data_sources/ai_generated/SD_TopUp2,ai_generated,512,512,1.0,JPEG,137336,917c92dd17561b8eb479b9c99e14edbb,45e958b035d23082535de86fea5ed12a7ce52092aaca4c86a2ebd79a9be3d466,1.0,a9294e269fe9427c,ok,1004.6879082114756,True,True,cluster_00490,test,/home/dheirav/Code/Deepfake_Detection/deepfake-project/dataset_builder/test/ai_generated/sd2_000004_3882aec2-c238-47f9-8cf4-4497cc6695b7.jpg
data_sources/ai_generated/SD_TopUp2/sd2_000004_38b75387-74f4-4dae-be78-74f252ad77f2.jpg,data_sources/ai_generated/SD_TopUp2,ai_generated,768,512,1.5,JPEG,141460,7fc25c2282f705e053b232f88d90e94b,42daeb00288b29c2746beea8c5ed7a84c3d76d789ef83e46096a02c59e331b3f,1.0,bdb464d18a1233e7,ok,453.91770380732805,True,True,cluster_00196,test,/home/dheirav/Code/Deepfake_Detection/deepfake-project/dataset_builder/test/ai_generated/sd2_000004_38b75387-74f4-4dae-be78-74f252ad77f2.jpg
data_sources/ai_generated/SD_TopUp2/sd2_000004_392c76ee-92a5-4b62-8ad8-6aa47caf6afa.jpg,data_sources/ai_generated/SD_TopUp2,ai_generated,512,704,0.7273,JPEG,105417,a04b66a0e129bb8f0b6a86c0ec943a57,caffa5d29469fd93b1f562a8fbf7bcaf4a5a28be2194c78d621002a23e2141f2,1.0,fc9c0ab319590de5,ok,309.4958241477778,True,True,cluster_00286,test,/home/dheirav/Code/Deepfake_Detection/deepfake-project/dataset_builder/test/ai_generated/sd2_000004_392c76ee-92a5-4b62-8ad8-6aa47caf6afa.jpg
data_sources/ai_generated/SD_TopUp2/sd2_000004_3c09c90a-81c9-4865-8d18-e3735c69e2ee.jpg,data_sources/ai_generated/SD_TopUp2,ai_generated,512,512,1.0,JPEG,116595,4071a1856321f1f636be10d2f9b30261,f25941d6571378aa2aa56d0c5af72729c50eecce68c55b64b2c540b5df6fb3e8,1.0,d30c63d41fe31ac3,ok,512.6887784728169,True,True,cluster_00602,test,/home/dheirav/Code/Deepfake_Detection/deepfake-project/dataset_builder/test/ai_generated/sd2_000004_3c09c90a-81c9-4865-8d18-e3735c69e2ee.jpg
data_sources/ai_generated/SD_TopUp2/sd2_000004_3cb0a128-f192-47f9-9d30-78cc1fc99161.jpg,data_sources/ai_generated/SD_TopUp2,ai_generated,768,640,1.2,JPEG,175350,ff58a4f61fbace8a2b2c7d9efa7d6e8a,2001964ab9ab9ad507557ddf8679e2f15683a7f98519708e11390aefd51227eb,1.0,e6ca9895da99b194,ok,721.8523050521769,True,True,cluster_00088,test,/home/dheirav/Code/Deepfake_Detection/deepfake-project/dataset_builder/test/ai_generated/sd2_000004_3cb0a128-f192-47f9-9d30-78cc1fc99161.jpg
data_sources/ai_generated/SD_TopUp2/sd2_000004_3d654ea3-8aff-4c1a-85d7-5455a585b2b2.jpg,data_sources/ai_generated/SD_TopUp2,ai_generated,512,512,1.0,JPEG,136674,7b2666108c0db38dd70997ed86ab2eb0,867eb854eb1191dfd41df9d735cfba205647af8f54e670ba351577e29ea8e461,1.0,cf0b33e38c2c299b,ok,1648.4184749905107,True,True,cluster_00494,test,/home/dheirav/Code/Deepfake_Detection/deepfake-project/dataset_builder/test/ai_generated/sd2_000004_3d654ea3-8aff-4c1a-85d7-5455a585b2b2.jpg
data_sources/ai_generated/SD_TopUp2/sd2_000004_41fe6078-df30-47b9-9008-2b28d2a08981.jpg,data_sources/ai_generated/SD_TopUp2,ai_generated,512,512,1.0,JPEG,123256,ef0474e074c3535c828f493d14c770cc,751210e17200f748672e2ee3945274c495ec48b37066d6b3aad14f3c2fdc8fd9,1.0,ad8f8f8787c36260,ok,1405.065220802775,True,True,cluster_00555,test,/home/dheirav/Code/Deepfake_Detection/deepfake-project/dataset_builder/test/ai_generated/sd2_000004_41fe6078-df30-47b9-9008-2b28d2a08981.jpg
data_sources/ai_generated/SD_TopUp2/sd2_000004_4289b877-4b64-4415-91fd-ce11f2758ac3.jpg,data_sources/ai_generated/SD_TopUp2,ai_generated,1024,768,1.3333,JPEG,425660,a4bcd97cbb217aa5c6c2b7ccd40dc1cd,d82b26ae2ff5313a7c75096c8358159d8e41f3e9a775d88dcca63ca0479181c4,1.0,81df06cf43c3d493,ok,1150.8553324699153,True,True,cluster_00019,test,/home/dheirav/Code/Deepfake_Detection/deepfake-project/dataset_builder/test/ai_generated/sd2_000004_4289b877-4b64-4415-91fd-ce11f2758ac3.jpg
data_sources/ai_generated/SD_TopUp2/sd2_000004_4404d728-298b-4df2-bf62-4e197fa0a2d4.jpg,data_sources/ai_generated/SD_TopUp2,ai_generated,512,512,1.0,JPEG,145180,43aa0aabfae68df2357f2bda46aaee3a,fdb75cbcd6f06b074beb7a44309d11adef2ba222cf83b3b74c9ad7e3be1eeab9,1.0,dad991b0b4aee4c8,ok,5658.999804800594,True,True,cluster_00459,test,/home/dheirav/Code/Deepfake_Detection/deepfake-project/dataset_builder/test/ai_generated/sd2_000004_4404d728-298b-4df2-bf62-4e197fa0a2d4.jpg
data_sources/ai_generated/SD_TopUp2/sd2_000004_444e95c5-6531-4d31-b000-f87a640035bf.jpg,data_sources/ai_generated/SD_TopUp2,ai_generated,512,768,0.6667,JPEG,261184,33f58d83def41f64849224bbc1051c38,7e085746bb74927502ea468f2d51ac4960948722bc653f8d7830f01cd44cd4c0,1.0,fd78b978190aaa07,ok,2493.298121859216,True,True,cluster_00131,test,/home/dheirav/Code/Deepfake_Detection/deepfake-project/dataset_builder/test/ai_generated/sd2_000004_444e95c5-6531-4d31-b000-f87a640035bf.jpg
data_sources/ai_generated/SD_TopUp2/sd2_000004_44fe9e54-f40d-432f-aa74-afe84c24ef5d.jpg,data_sources/ai_generated/SD_TopUp2,ai_generated,512,512,1.0,JPEG,144289,688288bca8e8acb5f303df2f283a1560,97fd70b5a895232f40ed60c46b757d64c4d9e0cb4fbc7fd0008f228697504856,1.0,c463783cb91c3c67,ok,1497.9265229552984,True,True,cluster_00462,test,/home/dheirav/Code/Deepfake_Detection/deepfake-project/dataset_builder/test/ai_generated/sd2_000004_44fe9e54-f40d-432f-aa74-afe84c24ef5d.jpg
data_sources/ai_generated/SD_TopUp2/sd2_000004_49d92fa1-4383-4125-971d-9cf54c03cbff.jpg,data_sources/ai_generated/SD_TopUp2,ai_generated,512,704,0.7273,JPEG,179992,6cea36746dab629e9d74f32d96f503d1,6b5d9fc13f792c755691c72562272578fbd193fd1c6d9e29890906f552110cc6,1.0,fba45092671969ce,ok,1476.3024304294574,True,True,cluster_00237,test,/home/dheirav/Code/Deepfake_Detection/deepfake-project/dataset_builder/test/ai_generated/sd2_000004_49d92fa1-4383-4125-971d-9cf54c03cbff.jpg
data_sources/ai_generated/SD_TopUp2/sd2_000004_4a28408a-56dd-4d0d-bec5-db3a123cd17d.jpg,data_sources/ai_generated/SD_TopUp2,ai_generated,512,768,0.6667,JPEG,210558,b98cfced05cab5fea12835e6a8f181bd,d4d42a7df81acc2af8eb207eb160b0ff9c69770813e8ad1a0b79e54d492884e6,1.0,b4acd163c6362d71,ok,1279.2853663896676,True,True,cluster_00149,test,/home/dheirav/Code/Deepfake_Detection/deepfake-project/dataset_builder/test/ai_generated/sd2_000004_4a28408a-56dd-4d0d-bec5-db3a123cd17d.jpg
data_sources/ai_generated/SD_TopUp2/sd2_000004_4b037d5e-5c44-4928-8592-c8f6f1de5160.jpg,data_sources/ai_generated/SD_TopUp2,ai_generated,512,640,0.8,JPEG,134226,520e0f5fb53d08abedb8574583c88338,938d0acde362a221ef4caa88446b5cb4e537e546e361e5ee1884003fd5ca5e8c,1.0,9d49763159c952cd,ok,469.85609950198784,True,True,cluster_00327,test,/home/dheirav/Code/Deepfake_Detection/deepfake-project/dataset_builder/test/ai_generated/sd2_000004_4b037d5e-5c44-4928-8592-c8f6f1de5160.jpg
data_sources/ai_generated/SD_TopUp2/sd2_000004_4c19a4db-fb68-4fde-9895-2e33ab842718.jpg,data_sources/ai_generated/SD_TopUp2,ai_generated,768,512,1.5,JPEG,170026,ab3c6e67124652bd96cb79b70009d5b4,0efac5775a58c58d9090597979ce378eca8bd49afa35f183414153ce625e7dc0,1.0,83c7703b6d9336a4,ok,1381.9957825528818,True,True,cluster_00178,test,/home/dheirav/Code/Deepfake_Detection/deepfake-project/dataset_builder/test/ai_generated/sd2_000004_4c19a4db-fb68-4fde-9895-2e33ab842718.jpg
data_sources/ai_generated/SD_TopUp2/sd2_000004_4f139a0e-0fdd-492e-932c-0f5d0b4aa93f.jpg,data_sources/ai_generated/SD_TopUp2,ai_generated,512,512,1.0,JPEG,128280,b0eba1ba16a565fe1c474a76d6fffd25,07a378a1a38debe4c1cf9b0b2eb072cb21b69daa2c7c693c5c7fb30573a7c95e,1.0,b8cc835ecb2761e1,ok,924.7943024526903,True,True,cluster_00525,test,/home/dheirav/Code/Deepfake_Detection/deepfake-project/dataset_builder/test/ai_generated/sd2_000004_4f139a0e-0fdd-492e-932c-0f5d0b4aa93f.jpg
data_sources/ai_generated/SD_TopUp2/sd2_000004_4f171e5d-90e2-497a-87c9-7210e86d0752.jpg,data_sources/ai_generated/SD_TopUp2,ai_generated,512,512,1.0,JPEG,150596,6dd52ba603a161a1b3ed4562a93af0d5,989d2165de04cf44456a7a3c4ab8457e59b947e5cdefc05287dee5c2c9cc15d9,1.0,fb3a20d983c43736,ok,1498.1394455086993,True,True,cluster_00442,test,/home/dheirav/Code/Deepfake_Detection/deepfake-project/dataset_builder/test/ai_generated/sd2_000004_4f171e5d-90e2-497a-87c9-7210e86d0752.jpg
data_sources/ai_generated/SD_TopUp2/sd2_000004_4f441b0c-b220-48d0-9db2-40a9bbe62219.jpg,data_sources/ai_generated/SD_TopUp2,ai_generated,704,1280,0.55,JPEG,718714,54a08e7db765648fec5301673ab3615f,6c25978284355b7f301c3a3f2f5b628ab5b14b940c9c2bbd1a547427b23635fd,1.0,a3063689dd9f8e2c,ok,7901.079266606402,True,True,cluster_00009,test,/home/dheirav/Code/Deepfake_Detection/deepfake-project/dataset_builder/test/ai_generated/sd2_000004_4f441b0c-b220-48d0-9db2-40a9bbe62219.jpg
data_sources/ai_generated/SD_TopUp2/sd2_000004_4fc2ea30-bca9-497e-a698-be10adf0b27a.jpg,data_sources/ai_generated/SD_TopUp2,ai_generated,512,512,1.0,JPEG,136017,7d924acd7ad6b0b7f36120687f26015c,40e011b778efa4cf270b709fc19e51114342a582c13de41bfc0246f831f79f05,1.0,e88a76a9d6277924,ok,1367.3965937549801,True,True,cluster_00495,test,/home/dheirav/Code/Deepfake_Detection/deepfake-project/dataset_builder/test/ai_generated/sd2_000004_4fc2ea30-bca9-497e-a698-be10adf0b27a.jpg
data_sources/ai_generated/SD_TopUp2/sd2_000004_500c02f6-e702-4278-82b7-1e9c95b48a2f.jpg,data_sources/ai_generated/SD_TopUp2,ai_generated,512,512,1.0,JPEG,120806,078dd1102577f067548d71545fdf3bcd,8d65f5d28d36bf7345a53c6bd81eff65254b9575f47d7920a463dc66e32d1600,1.0,eb4bb03ac149a7a5,ok,7762.009078780404,True,True,cluster_00576,test,/home/dheirav/Code/Deepfake_Detection/deepfake-project/dataset_builder/test/ai_generated/sd2_000004_500c02f6-e702-4278-82b7-1e9c95b48a2f.jpg
data_sources/ai_generated/SD_TopUp2/sd2_000004_50ff3193-2b38-412d-8290-e344abe7199a.jpg,data_sources/ai_generated/SD_TopUp2,ai_generated,512,512,1.0,JPEG,176103,8e964bc031974a7f7e490cfbf7535c56,e6cc12b3f1b952036b59514b3deead947b6b7c0a3f7df625e01347723e3ad0b2,1.0,eab165f417c91836,ok,1324.8499497914308,True,True,cluster_00394,test,/home/dheirav/Code/Deepfake_Detection/deepfake-project/dataset_builder/test/ai_generated/sd2_000004_50ff3193-2b38-412d-8290-e344abe7199a.jpg
data_sources/ai_generated/SD_TopUp2/sd2_000004_5129222b-244d-4556-9056-96264ce1c3ee.jpg,data_sources/ai_generated/SD_TopUp2,ai_generated,1024,512,2.0,JPEG,214532,a9928f249b72a17ca104897964f0d238,24afdd282a513c58734bae78956e6cc96bca3ef3212d363a15e5509fcc9ad078,1.0,d5de54017ce209f3,ok,795.2096679760397,True,True,cluster_00073,test,/home/dheirav/Code/Deepfake_Detection/deepfake-project/dataset_builder/test/ai_generated/sd2_000004_5129222b-244d-4556-9056-96264ce1c3ee.jpg
data_sources/ai_generated/SD_TopUp2/sd2_000004_5173300a-11bf-4e80-b662-0e959d64c1f8.jpg,data_sources/ai_generated/SD_TopUp2,ai_generated,768,640,1.2,JPEG,192074,059cccdb5b7c4977c4cf32c8bb62a3c6,3dbe69449db2baf2a90b9dcc78f29e3e1fafe116581109c7d478ed0b166b266b,1.0,ddfa4a1f66449d80,ok,685.304004032409,True,True,cluster_00087,test,/home/dheirav/Code/Deepfake_Detection/deepfake-project/dataset_builder/test/ai_generated/sd2_000004_5173300a-11bf-4e80-b662-0e959d64c1f8.jpg
data_sources/ai_generated/SD_TopUp2/sd2_000004_52d906ba-a213-42a3-abf8-9c698ad81b5e.jpg,data_sources/ai_generated/SD_TopUp2,ai_generated,768,512,1.5,JPEG,127831,cfb3909beb398eedfc11c16e32ad1077,bb2d77fe66a10c28bb1303be0140bd7b4489a4dd047669af7896b0e280700c9a,1.0,904dcdb1c97ee885,ok,386.1384557059694,True,True,cluster_00202,test,/home/dheirav/Code/Deepfake_Detection/deepfake-project/dataset_builder/test/ai_generated/sd2_000004_52d906ba-a213-42a3-abf8-9c698ad81b5e.jpg
data_sources/ai_generated/SD_TopUp2/sd2_000004_53295e64-800a-4994-9eb2-f2a9d948b885.jpg,data_sources/ai_generated/SD_TopUp2,ai_generated,512,512,1.0,JPEG,131456,163473316b009dcdece43d9934127ab8,beaf6925e30a8c8f992f84e95f32d7176919bab9e26a25b94dc8f25cfab0bf4d,1.0,ec5307b5bf06c681,ok,1097.3992881289305,True,True,cluster_00515,test,/home/dheirav/Code/Deepfake_Detection/deepfake-project/dataset_builder/test/ai_generated/sd2_000004_53295e64-800a-4994-9eb2-f2a9d948b885.jpg
data_sources/ai_generated/SD_TopUp2/sd2_000004_542b63f8-21be-4227-9c5d-4991d761ca68.jpg,data_sources/ai_generated/SD_TopUp2,ai_generated,512,512,1.0,JPEG,114049,a12309ccefbfc21eaeab1e5cc1413a4c,015e200e40623a40b039f534321b00ad81838dbcb47fdfd389a7ad31460fe982,1.0,c5d055fb6b88664c,ok,832.1140966033563,True,True,cluster_00619,test,/home/dheirav/Code/Deepfake_Detection/deepfake-project/dataset_builder/test/ai_generated/sd2_000004_542b63f8-21be-4227-9c5d-4991d761ca68.jpg
data_sources/ai_generated/SD_TopUp2/sd2_000004_55944e60-261c-4bff-9301-1be15964e5a8.jpg,data_sources/ai_generated/SD_TopUp2,ai_generated,768,512,1.5,JPEG,151530,da05c05273b0e0ea2a4c95b9ee6d35a8,b1926689e2d77d5412de23242bd817ffff5b5f205205e1bc25edd7625265a946,1.0,92165abd65438edc,ok,694.5277014275133,True,True,cluster_00191,test,/home/dheirav/Code/Deepfake_Detection/deepfake-project/dataset_builder/test/ai_generated/sd2_000004_55944e60-261c-4bff-9301-1be15964e5a8.jpg
data_sources/ai_generated/SD_TopUp2/sd2_000004_56640fd6-8537-4967-8a93-0791a6f677a9.jpg,data_sources/ai_generated/SD_TopUp2,ai_generated,704,512,1.375,JPEG,101963,ae65f265eff8b953a28e5d7062fa8d84,65dbdcfe9d40d75bb9372e579a809caa3f9472d17e8f6a2b972f140c48af5d51,1.0,949c5c9439dd692b,ok,307.0575195198632,True,True,cluster_00288,test,/home/dheirav/Code/Deepfake_Detection/deepfake-project/dataset_builder/test/ai_generated/sd2_000004_56640fd6-8537-4967-8a93-0791a6f677a9.jpg
data_sources/ai_generated/SD_TopUp2/sd2_000004_5acba504-eca9-4ed2-b14f-141729b96a9b.jpg,data_sources/ai_generated/SD_TopUp2,ai_generated,512,512,1.0,JPEG,113984,3cdb180c8e2447a483496caf91b8f205,8b4d82208015fbd2bc1a5aa3d05c0fecad9bc84dea4da007470c901cbc9e9770,1.0,841d5933e7bcb449,ok,729.9598377746879,True,True,cluster_00620,test,/home/dheirav/Code/Deepfake_Detection/deepfake-project/dataset_builder/test/ai_generated/sd2_000004_5acba504-eca9-4ed2-b14f-141729b96a9b.jpg
data_sources/ai_generated/SD_TopUp2/sd2_000004_5dc7c45f-f7bc-4f0e-a8d7-d241754f2ca1.jpg,data_sources/ai_generated/SD_TopUp2,ai_generated,704,512,1.375,JPEG,91019,3bc0549625668ab72c4af34eaeb9ec31,a270dc17753ed6bd8efbe33a322391ee1ba96ca75b32890410b603613e80cff0,1.0,f8850f3e67c3062e,ok,181.03555498142103,True,True,cluster_00294,test,/home/dheirav/Code/Deepfake_Detection/deepfake-project/dataset_builder/test/ai_generated/sd2_000004_5dc7c45f-f7bc-4f0e-a8d7-d241754f2ca1.jpg
data_sources/ai_generated/SD_TopUp2/sd2_000004_5e2d8096-9bcf-46c7-b310-4ca703208798.jpg,data_sources/ai_generated/SD_TopUp2,ai_generated,1024,640,1.6,JPEG,480620,3a16ccb9dfb41e8a75bf1496ca49e40a,b418d70a297fca411ffb268243831295aa97dfc120cd32fbb27c083850e1285c,1.0,fec554e0326be816,ok,5913.55211598057,True,True,cluster_00034,test,/home/dheirav/Code/Deepfake_Detection/deepfake-project/dataset_builder/test/ai_generated/sd2_000004_5e2d8096-9bcf-46c7-b310-4ca703208798.jpg
data_sources/ai_generated/SD_TopUp2/sd2_000004_5ebf951c-0108-4a1e-aa5e-30cc6809171f.jpg,data_sources/ai_generated/SD_TopUp2,ai_generated,512,768,0.6667,JPEG,251278,1a3cc5707c368d7d4dc5e95b3976150a,86dbcaa1e147fe06122b21482a616db039d06a17e27ee143212c3978294db2d9,1.0,bede0ca0d49abf40,ok,2514.375101584935,True,True,cluster_00133,test,/home/dheirav/Code/Deepfake_Detection/deepfake-project/dataset_builder/test/ai_generated/sd2_000004_5ebf951c-0108-4a1e-aa5e-30cc6809171f.jpg
data_sources/ai_generated/SD_TopUp2/sd2_000004_5f3ea077-62ee-44d2-aa4f-37df6eb54149.jpg,data_sources/ai_generated/SD_TopUp2,ai_generated,512,640,0.8,JPEG,133592,088c5eb427aa4baefa2288f195b08293,ca763d5b0aee2f595b79cde6f5f9be0e551e3a81e955e6efc85ebb3837fe654c,1.0,c68c963838b36de3,ok,537.5411640688684,True,True,cluster_00328,test,/home/dheirav/Code/Deepfake_Detection/deepfake-project/dataset_builder/test/ai_generated/sd2_000004_5f3ea077-62ee-44d2-aa4f-37df6eb54149.jpg
data_sources/ai_generated/SD_TopUp2/sd2_000004_628170f8-5a04-4e09-800f-4a2f86e00474.jpg,data_sources/ai_generated/SD_TopUp2,ai_generated,512,512,1.0,JPEG,127703,edddbd618691dd66a5a86f3a41da8578,a14b2e4adcc8504144ddb22bdc43d595fdfab9c3eacd4a7934ab368a932f0791,1.0,f594da5f4a588c68,ok,966.1240160598973,True,True,cluster_00527,test,/home/dheirav/Code/Deepfake_Detection/deepfake-project/dataset_builder/test/ai_generated/sd2_000004_628170f8-5a04-4e09-800f-4a2f86e00474.jpg
data_sources/ai_generated/SD_TopUp2/sd2_000004_62df5dd7-7cd5-4231-8a6e-1fb5d899fb16.jpg,data_sources/ai_generated/SD_TopUp2,ai_generated,512,704,0.7273,JPEG,132820,84c0abd9bf5b767662ff560479f22aa3,43446b19c9ace118d3c4f81a6f571886dd137be5be6b20301a01e38ff544aef3,1.0,ce0fe1c987306d33,ok,578.2438145151808,True,True,cluster_00266,test,/home/dheirav/Code/Deepfake_Detection/deepfake-project/dataset_builder/test/ai_generated/sd2_000004_62df5dd7-7cd5-4231-8a6e-1fb5d899fb16.jpg
data_sources/ai_generated/SD_TopUp2/sd2_000004_674a0498-b00d-4f63-acde-8a00f4490e43.jpg,data_sources/ai_generated/SD_TopUp2,ai_generated,512,512,1.0,JPEG,121608,1ac8789bf224891a0380c93433917a62,6372189c95eb16c0e034c5d56b32617fde29680c916833c2f89ce01fe840acd7,1.0,cd9612e966e97903,ok,1630.8986117520835,True,True,cluster_00567,test,/home/dheirav/Code/Deepfake_Detection/deepfake-project/dataset_builder/test/ai_generated/sd2_000004_674a0498-b00d-4f63-acde-8a00f4490e43.jpg
data_sources/ai_generated/SD_TopUp2/sd2_000004_692d6826-9551-4fcf-a8d8-e53b36b72c4a.jpg,data_sources/ai_generated/SD_TopUp2,ai_generated,576,512,1.125,JPEG,141774,ee7f125dbc9a4f78e9d764389a2b0d0b,339a3b458847ae34cea17b5517caffda130aba228027d5b458dd4c2530d15f7d,1.0,e28da3068a237cfb,ok,1946.8511080884916,True,True,cluster_00372,test,/home/dheirav/Code/Deepfake_Detection/deepfake-project/dataset_builder/test/ai_generated/sd2_000004_692d6826-9551-4fcf-a8d8-e53b36b72c4a.jpg
data_sources/ai_generated/SD_TopUp2/sd2_000004_6b622079-1ad1-444c-adb2-9a2656acdcd5.jpg,data_sources/ai_generated/SD_TopUp2,ai_generated,512,640,0.8,JPEG,117306,5219aa6a847db808803233964ff4237d,346e78ce3a9bf67d3524556a52d5fdf07da1f2875002f340614f3b764cdbf22c,1.0,c8f22e7b9d492c25,ok,639.2573797224462,True,True,cluster_00350,test,/home/dheirav/Code/Deepfake_Detection/deepfake-project/dataset_builder/test/ai_generated/sd2_000004_6b622079-1ad1-444c-adb2-9a2656acdcd5.jpg
data_sources/ai_generated/SD_TopUp2/sd2_000004_6dd4349e-f9f3-4c32-9198-1056bf89bfa4.jpg,data_sources/ai_generated/SD_TopUp2,ai_generated,512,512,1.0,JPEG,137253,5571326fa3a3c2fd4566eaefcfc07a3f,236dad97e61dc3928556db395c52664217ad7a1af5a1cdf39aad2c285f5c6a0a,1.0,c4087f35197a3567,ok,1714.7280370807275,True,True,cluster_00491,test,/home/dheirav/Code/Deepfake_Detection/deepfake-project/dataset_builder/test/ai_generated/sd2_000004_6dd4349e-f9f3-4c32-9198-1056bf89bfa4.jpg
data_sources/ai_generated/SD_TopUp2/sd2_000004_6f2fb6d7-3048-45ac-989e-3e6fe9c1a969.jpg,data_sources/ai_generated/SD_TopUp2,ai_generated,640,512,1.25,JPEG,106618,2fc5ccf02847f8ee8351130a8be0b15c,a9fd466852744d6cca296459f817ac7945bb7ea19741ec289059c6e61c46e4bc,1.0,a5161b63948c37bb,ok,366.65640777315946,True,True,cluster_00358,test,/home/dheirav/Code/Deepfake_Detection/deepfake-project/dataset_builder/test/ai_generated/sd2_000004_6f2fb6d7-3048-45ac-989e-3e6fe9c1a969.jpg
data_sources/ai_generated/SD_TopUp2/sd2_000004_703e8129-8dd9-4edd-b9a4-526c0dfbe184.jpg,data_sources/ai_generated/SD_TopUp2,ai_generated,512,512,1.0,JPEG,114159,12fd6f29640c52efdaba1867dee22f23,56e56c8760a716a9783d15584361cfab6ced7cf3a29c26c50a91931b45eb9a6a,1.0,876f59332ce1869c,ok,733.8126932987361,True,True,cluster_00618,test,/home/dheirav/Code/Deepfake_Detection/deepfake-project/dataset_builder/test/ai_generated/sd2_000004_703e8129-8dd9-4edd-b9a4-526c0dfbe184.jpg
data_sources/ai_generated/SD_TopUp2/sd2_000004_716207f0-d894-4b27-b8ab-cd143893b801.jpg,data_sources/ai_generated/SD_TopUp2,ai_generated,512,640,0.8,JPEG,121869,22c7d3c4e504beaf2f39fc4393566503,702bfdd29c0f4369f5831ec1c19bd1d244b0056ce0f6e0b583ef5b265eb7fade,1.0,9b3334c6c66669c5,ok,403.56123735304925,True,True,cluster_00347,test,/home/dheirav/Code/Deepfake_Detection/deepfake-project/dataset_builder/test/ai_generated/sd2_000004_716207f0-d894-4b27-b8ab-cd143893b801.jpg
data_sources/ai_generated/SD_TopUp2/sd2_000004_71a5c58d-bf5c-4014-a100-76bf15fbf4b1.jpg,data_sources/ai_generated/SD_TopUp2,ai_generated,1024,512,2.0,JPEG,466394,f2b87d22e6cbfd7c6222a93ad2c99a17,17eb041acef48a30147f6c9ea40d62995f91d028c4d737087e2111b864f446e9,1.0,aecae123b5b5262a,ok,8657.747320153132,True,True,cluster_00063,test,/home/dheirav/Code/Deepfake_Detection/deepfake-project/dataset_builder/test/ai_generated/sd2_000004_71a5c58d-bf5c-4014-a100-76bf15fbf4b1.jpg
data_sources/ai_generated/SD_TopUp2/sd2_000004_74844538-547f-4f0d-830a-4fcba607ef3c.jpg,data_sources/ai_generated/SD_TopUp2,ai_generated,512,768,0.6667,JPEG,92215,a91486105f501560530c66c71bd49b55,eed1162d58d95bec3445b8c091630709c854579c4115e0c14aec9fa4a4e76b8d,1.0,9563b5a925972785,ok,416.9221698779341,True,True,cluster_00216,test,/home/dheirav/Code/Deepfake_Detection/deepfake-project/dataset_builder/test/ai_generated/sd2_000004_74844538-547f-4f0d-830a-4fcba607ef3c.jpg
data_sources/ai_generated/SD_TopUp2/sd2_000004_755996ef-9240-4a52-8494-81cf38be825c.jpg,data_sources/ai_generated/SD_TopUp2,ai_generated,768,512,1.5,JPEG,160283,8658bbb29836cfb4ff6f8bea0f70a74e,6f46d2059aa8d49ebffe511fdf199f170d3f59dda96267b3576626696a6fd9cf,1.0,f86c032bb925877c,ok,679.0109940543513,True,True,cluster_00185,test,/home/dheirav/Code/Deepfake_Detection/deepfake-project/dataset_builder/test/ai_generated/sd2_000004_755996ef-9240-4a52-8494-81cf38be825c.jpg
data_sources/ai_generated/SD_TopUp2/sd2_000004_7622f7d5-2078-4751-aa6c-e183ba1cf602.jpg,data_sources/ai_generated/SD_TopUp2,ai_generated,512,768,0.6667,JPEG,174921,50d0e1dc9ee59f599fc572e2a3fef135,f2fae704dfd338a668527bd32b6497478aff591bbb3a4c658e35179d0d8e3752,1.0,c883f227e07e4dcc,ok,1252.7804885669545,True,True,cluster_00173,test,/home/dheirav/Code/Deepfake_Detection/deepfake-project/dataset_builder/test/ai_generated/sd2_000004_7622f7d5-2078-4751-aa6c-e183ba1cf602.jpg
data_sources/ai_generated/SD_TopUp2/sd2_000004_77f73b72-7b06-46e2-ad0c-02c9dc275cdc.jpg,data_sources/ai_generated/SD_TopUp2,ai_generated,768,512,1.5,JPEG,150121,b6bb79286a25c554c0af362934eb59dd,86e89e93870f8d9c78b194a03625b5e19a828486194d198f072ae2edc3e64a51,1.0,c1c53efa0f2f1f00,ok,884.5523577239301,True,True,cluster_00193,test,/home/dheirav/Code/Deepfake_Detection/deepfake-project/dataset_builder/test/ai_generated/sd2_000004_77f73b72-7b06-46e2-ad0c-02c9dc275cdc.jpg
data_sources/ai_generated/SD_TopUp2/sd2_000004_7b273085-fa4c-4378-8357-8da0fa0b9dd0.jpg,data_sources/ai_generated/SD_TopUp2,ai_generated,704,512,1.375,JPEG,205028,831bf4861e8499e14e6d4e384f60145b,f07005087d38a1f2f3a3a6afa7588907c6a67c8b8993c5d4267050ce42c5a584,1.0,d0e05a9c35cb6a3e,ok,1321.180718165653,True,True,cluster_00228,test,/home/dheirav/Code/Deepfake_Detection/deepfake-project/dataset_builder/test/ai_generated/sd2_000004_7b273085-fa4c-4378-8357-8da0fa0b9dd0.jpg
data_sources/ai_generated/SD_TopUp2/sd2_000004_7bc8933d-d52c-4d93-a828-a95c2763be67.jpg,data_sources/ai_generated/SD_TopUp2,ai_generated,704,1024,0.6875,JPEG,375881,19a06808db5ab3ed7d7a4f644ea742b1,6529909e19537213abf7ce55925a1230df1bce0e58578cbcfba3a49a86859b32,1.0,d44703da64fe6a85,ok,2668.0461324301705,True,True,cluster_00024,test,/home/dheirav/Code/Deepfake_Detection/deepfake-project/dataset_builder/test/ai_generated/sd2_000004_7bc8933d-d52c-4d93-a828-a95c2763be67.jpg
data_sources/ai_generated/SD_TopUp2/sd2_000004_7cbe1e6a-89d2-478f-9264-db0bdd69b001.jpg,data_sources/ai_generated/SD_TopUp2,ai_generated,512,512,1.0,JPEG,131439,cb489b3a38842c94811d57a54396be06,20e347170473e4abd414cb67a465c093badc23575235d4a52f97d4fad44f6ebd,1.0,f0f90ec3dedc0e02,ok,1488.9909345772467,True,True,cluster_00516,test,/home/dheirav/Code/Deepfake_Detection/deepfake-project/dataset_builder/test/ai_generated/sd2_000004_7cbe1e6a-89d2-478f-9264-db0bdd69b001.jpg
data_sources/ai_generated/SD_TopUp2/sd2_000004_7e687f45-8efe-461b-b95a-2e3072a62833.jpg,data_sources/ai_generated/SD_TopUp2,ai_generated,512,704,0.7273,JPEG,153474,171dba4aa0006673f9deb847bec86d7e,200dc9a61a1323a2a6d8f1af37f58504d9d08ad4105c326358567f772907ca60,1.0,b4b80eb3b39658ca,ok,980.845694636726,True,True,cluster_00252,test,/home/dheirav/Code/Deepfake_Detection/deepfake-project/dataset_builder/test/ai_generated/sd2_000004_7e687f45-8efe-461b-b95a-2e3072a62833.jpg
data_sources/ai_generated/SD_TopUp2/sd2_000004_7efacce9-d663-4d7e-84a1-c0137be71822.jpg,data_sources/ai_generated/SD_TopUp2,ai_generated,640,512,1.25,JPEG,126087,4d914da2b1ec1007a423adcfe590cec9,daafe44a1d31fa378b11c9fd09836cef4c3725936e2d2fa1d4deec09ae0066d8,1.0,c1d0275aec1feb90,ok,615.2155570125581,True,True,cluster_00337,test,/home/dheirav/Code/Deepfake_Detection/deepfake-project/dataset_builder/test/ai_generated/sd2_000004_7efacce9-d663-4d7e-84a1-c0137be71822.jpg
data_sources/ai_generated/SD_TopUp2/sd2_000004_80b0b65c-bb24-4ea5-97f7-af1cb1380292.jpg,data_sources/ai_generated/SD_TopUp2,ai_generated,512,768,0.6667,JPEG,148012,051a956d493004fddf33fdc92fc9f405,0dd0bbc9982d0b4489e939108180f41b05ad73cfe8ee90c6f81a2c15523aa4b9,1.0,99e28ce3e2e69931,ok,504.80429746359977,True,True,cluster_00194,test,/home/dheirav/Code/Deepfake_Detection/deepfake-project/dataset_builder/test/ai_generated/sd2_000004_80b0b65c-bb24-4ea5-97f7-af1cb1380292.jpg
data_sources/ai_generated/SD_TopUp2/sd2_000004_822448aa-b69c-48e5-abd7-57e1221bc5df.jpg,data_sources/ai_generated/SD_TopUp2,ai_generated,512,512,1.0,JPEG,138389,c643c3b008d2c6ea0266c18184e4d8e1,c3b57262b3d53b05dccc4e9f8f6c3fa277c13494fdc88dfeac04e76a04f5a408,1.0,96b9247a31fc1f84,ok,1264.5381662777945,True,True,cluster_00483,test,/home/dheirav/Code/Deepfake_Detection/deepfake-project/dataset_builder/test/ai_generated/sd2_000004_822448aa-b69c-48e5-abd7-57e1221bc5df.jpg
data_sources/ai_generated/SD_TopUp2/sd2_000004_8489fc08-3209-474d-b780-904a1f0babf7.jpg,data_sources/ai_generated/SD_TopUp2,ai_generated,512,512,1.0,JPEG,166692,30962581f280b1300a44be422aad8247,c25a21d25a730ef761fe6b491f41dfdd3625858562e8e337df38b4d7e8d55a02,1.0,ad2ed0bac9c13c4d,ok,5069.476303979972,True,True,cluster_00404,test,/home/dheirav/Code/Deepfake_Detection/deepfake-project/dataset_builder/test/ai_generated/sd2_000004_8489fc08-3209-474d-b780-904a1f0babf7.jpg
data_sources/ai_generated/SD_TopUp2/sd2_000004_888c80e9-b87c-43a5-b40f-9fd7a251d06a.jpg,data_sources/ai_generated/SD_TopUp2,ai_generated,512,512,1.0,JPEG,165700,a8f7220a17641576ba38d4c8117c89c0,d73aadf1547f9266f1ec2b76f1acb5b0f4214218588f05e689446d1aec009376,1.0,af40d02dd03b772e,ok,15547.888273696626,True,True,cluster_00405,test,/home/dheirav/Code/Deepfake_Detection/deepfake-project/dataset_builder/test/ai_generated/sd2_000004_888c80e9-b87c-43a5-b40f-9fd7a251d06a.jpg
data_sources/ai_generated/SD_TopUp2/sd2_000004_88b6514f-a3a7-42f9-a4b2-305d799e057c.jpg,data_sources/ai_generated/SD_TopUp2,ai_generated,512,512,1.0,JPEG,119095,af42f33acfb17e06787506ed30978140,3f26d9e9c79d05a45982b80dd544ac5165d770813ba24f72d813f6e5225ec550,1.0,8ba5742e650bf19a,ok,877.0819449317496,True,True,cluster_00588,test,/home/dheirav/Code/Deepfake_Detection/deepfake-project/dataset_builder/test/ai_generated/sd2_000004_88b6514f-a3a7-42f9-a4b2-305d799e057c.jpg
data_sources/ai_generated/SD_TopUp2/sd2_000004_8ae0e807-69b9-42e3-a029-75b69fe3e456.jpg,data_sources/ai_generated/SD_TopUp2,ai_generated,704,512,1.375,JPEG,135555,2b7db6e8c61ed0574912a4f45a766ded,9e5b762fce6aedba7e74f02754c2aaba5242d9228465ac24831baeed51abecef,1.0,e90ec6c23c9e6633,ok,465.94035813332465,True,True,cluster_00262,test,/home/dheirav/Code/Deepfake_Detection/deepfake-project/dataset_builder/test/ai_generated/sd2_000004_8ae0e807-69b9-42e3-a029-75b69fe3e456.jpg
data_sources/ai_generated/SD_TopUp2/sd2_000004_8b1602bd-3a20-496b-9298-e45a56d1ecf3.jpg,data_sources/ai_generated/SD_TopUp2,ai_generated,512,512,1.0,JPEG,139317,260c8d03e9c149fa6ec18117dd9e7b08,8a2b4705619743b572c0e496697c203b892b3411c8ff418dc68c1ca5cacf146b,1.0,ceec33c3c688333c,ok,3179.1130557354627,True,True,cluster_00477,test,/home/dheirav/Code/Deepfake_Detection/deepfake-project/dataset_builder/test/ai_generated/sd2_000004_8b1602bd-3a20-496b-9298-e45a56d1ecf3.jpg
data_sources/ai_generated/SD_TopUp2/sd2_000004_8b3c7de0-58b5-4214-87d4-3a6cef422cc3.jpg,data_sources/ai_generated/SD_TopUp2,ai_generated,512,704,0.7273,JPEG,177197,26ca96c3b0a6ba4ca837a2f779d71cc1,d01045ad0d711595a3cdc92fa1ecdb146ed1efa9b01ecb618f3d5ac14601fd64,1.0,eab4a483f0d22f87,ok,951.1578749574659,True,True,cluster_00238,test,/home/dheirav/Code/Deepfake_Detection/deepfake-project/dataset_builder/test/ai_generated/sd2_000004_8b3c7de0-58b5-4214-87d4-3a6cef422cc3.jpg
data_sources/ai_generated/SD_TopUp2/sd2_000004_8ba109c5-692c-467b-ad2d-c0183fc5d461.jpg,data_sources/ai_generated/SD_TopUp2,ai_generated,512,512,1.0,JPEG,119735,7c5f77413c8b6a3b684c6979b3bf564e,5b5f6798d8e7c759789d0e61dc34989576af4f93335b0b8c558fb36121775e80,1.0,9794d69334972d26,ok,610.7969876378775,True,True,cluster_00583,test,/home/dheirav/Code/Deepfake_Detection/deepfake-project/dataset_builder/test/ai_generated/sd2_000004_8ba109c5-692c-467b-ad2d-c0183fc5d461.jpg
data_sources/ai_generated/SD_TopUp2/sd2_000004_8c93f406-7446-4a55-9f9e-f7d519fd913d.jpg,data_sources/ai_generated/SD_TopUp2,ai_generated,768,640,1.2,JPEG,211762,6b60d291761dd7ef141f31d6ef8bc5e2,65dba18bdf1e7823bbb02b7961f9cfd4975ebf5aea78c772e173ca4ff39aca11,1.0,dce769741ac36419,ok,1092.2780679702594,True,True,cluster_00084,test,/home/dheirav/Code/Deepfake_Detection/deepfake-project/dataset_builder/test/ai_generated/sd2_000004_8c93f406-7446-4a55-9f9e-f7d519fd913d.jpg
data_sources/ai_generated/SD_TopUp2/sd2_000004_8e95c83f-784d-4273-849d-dbd65383b10f.jpg,data_sources/ai_generated/SD_TopUp2,ai_generated,1024,768,1.3333,JPEG,254166,b822dcfc13785bc95520039f2a8e5ca8,27c2cdbeec3d7f010cafb726d0a59717def452686ab8bb1197a842ad6ddf2d36,1.0,be9c4063c5da8db4,ok,432.38684153657715,True,True,cluster_00022,test,/home/dheirav/Code/Deepfake_Detection/deepfake-project/dataset_builder/test/ai_generated/sd2_000004_8e95c83f-784d-4273-849d-dbd65383b10f.jpg
data_sources/ai_generated/SD_TopUp2/sd2_000004_925d8f45-aa71-4332-9e9a-727e449c95e3.jpg,data_sources/ai_generated/SD_TopUp2,ai_generated,512,704,0.7273,JPEG,165589,d0cf60a73459231003fb17432b594604,4f1155916ec4afe4baf482b19694f53f81c6a851a88447fe4b7cae6e899117d2,1.0,faea0172e5a726a2,ok,1679.526499155139,True,True,cluster_00248,test,/home/dheirav/Code/Deepfake_Detection/deepfake-project/dataset_builder/test/ai_generated/sd2_000004_925d8f45-aa71-4332-9e9a-727e449c95e3.jpg
data_sources/ai_generated/SD_TopUp2/sd2_000004_934ac8ec-d0ac-4e60-8c7d-338b6d3dcccc.jpg,data_sources/ai_generated/SD_TopUp2,ai_generated,512,512,1.0,JPEG,120486,9f45379dd2cc9f27a48db1641ee66e67,81f06a055bdec309d33b9a2597ca7a86530b59ade63a8a640937fd84bcc35f93,1.0,c5123b2d109bbc7e,ok,1590.4828171501722,True,True,cluster_00578,test,/home/dheirav/Code/Deepfake_Detection/deepfake-project/dataset_builder/test/ai_generated/sd2_000004_934ac8ec-d0ac-4e60-8c7d-338b6d3dcccc.jpg
data_sources/ai_generated/SD_TopUp2/sd2_000004_964e29ca-2ab0-4298-8b6f-ba4ad530eabb.jpg,data_sources/ai_generated/SD_TopUp2,ai_generated,512,768,0.6667,JPEG,161551,7554b906cf2cedfe1ca27b01ff8bfd01,12bf3bf1ceabffba6bcfbb23859df25e53ba3c2a7ba364e14c3391b226c36115,1.0,a68b9c8307536e6d,ok,398.8784367666619,True,True,cluster_00184,test,/home/dheirav/Code/Deepfake_Detection/deepfake-project/dataset_builder/test/ai_generated/sd2_000004_964e29ca-2ab0-4298-8b6f-ba4ad530eabb.jpg
data_sources/ai_generated/SD_TopUp2/sd2_000004_96935a8b-ff4c-4a6b-95e6-7f46dc17e723.jpg,data_sources/ai_generated/SD_TopUp2,ai_generated,768,512,1.5,JPEG,168995,54728b5863a5fbd7f11fb501d4a7724a,36deb1499bc0586edae2cee90cb8bb434f8e7e8c4dcd96d0c42ad32c5c71e97f,1.0,a6a61a783d9762d8,ok,680.2513156446253,True,True,cluster_00181,test,/home/dheirav/Code/Deepfake_Detection/deepfake-project/dataset_builder/test/ai_generated/sd2_000004_96935a8b-ff4c-4a6b-95e6-7f46dc17e723.jpg
data_sources/ai_generated/SD_TopUp2/sd2_000004_969dba99-1ea0-4d51-a6ee-953b42350c7c.jpg,data_sources/ai_generated/SD_TopUp2,ai_generated,512,512,1.0,JPEG,117343,da94075eb95f1171a3e9fbadef165735,5700ec35a64a048fb31c0640085c073df71d2c9c49c7c188bc85ea9d1c606c5c,1.0,bfe57484fb323044,ok,915.3896116958349,True,True,cluster_00599,test,/home/dheirav/Code/Deepfake_Detection/deepfake-project/dataset_builder/test/ai_generated/sd2_000004_969dba99-1ea0-4d51-a6ee-953b42350c7c.jpg
data_sources/ai_generated/SD_TopUp2/sd2_000004_979d26a6-b728-4314-834f-d1d8cdcdb30f.jpg,data_sources/ai_generated/SD_TopUp2,ai_generated,512,704,0.7273,JPEG,103197,38488f8df67065c9bd91e4a2f902b90c,15edec02013cfcef1ca35f293f3d1a501fd592fe1d82129dac6275e78d255046,1.0,cdac7167619a9cc1,ok,185.00946126064702,True,True,cluster_00287,test,/home/dheirav/Code/Deepfake_Detection/deepfake-project/dataset_builder/test/ai_generated/sd2_000004_979d26a6-b728-4314-834f-d1d8cdcdb30f.jpg
data_sources/ai_generated/SD_TopUp2/sd2_000004_97c08a02-80b6-4c31-8d7e-3409c7a13254.jpg,data_sources/ai_generated/SD_TopUp2,ai_generated,768,512,1.5,JPEG,209128,4fd45c9c90ca6f978f9ffa498622f145,cb7cf934bed52b5cfd3d19e1e5e292383c4d180b6b33bdecba7b1755494c98c4,1.0,c1e37a903c8f0f3c,ok,2029.6627562406095,True,True,cluster_00151,test,/home/dheirav/Code/Deepfake_Detection/deepfake-project/dataset_builder/test/ai_generated/sd2_000004_97c08a02-80b6-4c31-8d7e-3409c7a13254.jpg
data_sources/ai_generated/SD_TopUp2/sd2_000004_98a8b623-be0a-4501-9d85-d3a8db39ea53.jpg,data_sources/ai_generated/SD_TopUp2,ai_generated,512,768,0.6667,JPEG,225183,6ecbe5220fb2d146baa5239f9e8fe17a,f196e5c3b040b145b85cf928ddeef9c19d3c690f305cfd116e41b8c082532b29,1.0,fed442bd560278e8,ok,1306.4103900117527,True,True,cluster_00137,test,/home/dheirav/Code/Deepfake_Detection/deepfake-project/dataset_builder/test/ai_generated/sd2_000004_98a8b623-be0a-4501-9d85-d3a8db39ea53.jpg
data_sources/ai_generated/SD_TopUp2/sd2_000004_995a6398-a38a-47af-8c8c-fc35b1a90c2e.jpg,data_sources/ai_generated/SD_TopUp2,ai_generated,768,512,1.5,JPEG,106743,856a4056db61f77e2ac9ede431cd8939,166a0324e3e78100ce19d6ef5c647432074521cd583ce29131c3b999df4a5fcf,1.0,fa5d8d811af4e12c,ok,467.3733749349226,True,True,cluster_00210,test,/home/dheirav/Code/Deepfake_Detection/deepfake-project/dataset_builder/test/ai_generated/sd2_000004_995a6398-a38a-47af-8c8c-fc35b1a90c2e.jpg
data_sources/ai_generated/SD_TopUp2/sd2_000004_997cd8de-2518-4a71-ad24-d80eb14094f5.jpg,data_sources/ai_generated/SD_TopUp2,ai_generated,512,512,1.0,JPEG,121538,e15ccfd40aa7e72c01b38cdfef282a40,d9e240414b6a4e3af4655c7a33720b41711b93a0a2e0bebb53bca0dd11a63a5c,1.0,bff300b5cb13168c,ok,1013.789371273233,True,True,cluster_00568,test,/home/dheirav/Code/Deepfake_Detection/deepfake-project/dataset_builder/test/ai_generated/sd2_000004_997cd8de-2518-4a71-ad24-d80eb14094f5.jpg
data_sources/ai_generated/SD_TopUp2/sd2_000004_9d990860-cc36-400c-b414-ea7a6257bff8.jpg,data_sources/ai_generated/SD_TopUp2,ai_generated,640,512,1.25,JPEG,65914,0bf2a0258cbf4a2c78d7c31f0450862f,f67587716f3fbe8dca5ecd7b6b58fc23c610982fafd7232a56bee70f3fa8ac7f,1.0,84b1a4f25ad6076f,ok,372.115333222961,True,True,cluster_00369,test,/home/dheirav/Code/Deepfake_Detection/deepfake-project/dataset_builder/test/ai_generated/sd2_000004_9d990860-cc36-400c-b414-ea7a6257bff8.jpg
data_sources/ai_generated/SD_TopUp2/sd2_000004_9ec37210-aec1-479f-b870-8da6c4b90f06.jpg,data_sources/ai_generated/SD_TopUp2,ai_generated,512,512,1.0,JPEG,126583,2897dcd5561b758bc636df5236ff63ce,ef8c3c72d87310f5176876ae81c18b5a325b175f8a6eb5dd6f04db4e2e2d0414,1.0,859e787a616166e5,ok,1166.3085859948187,True,True,cluster_00535,test,/home/dheirav/Code/Deepfake_Detection/deepfake-project/dataset_builder/test/ai_generated/sd2_000004_9ec37210-aec1-479f-b870-8da6c4b90f06.jpg
data_sources/ai_generated/SD_TopUp2/sd2_000004_a0b6cf36-0869-4678-be70-2c72ae7a1ad0.jpg,data_sources/ai_generated/SD_TopUp2,ai_generated,512,512,1.0,JPEG,141419,32c3b9e759a55768f1fbe9911fe435d4,e122a3d2a8128b5cc5d5f2ea695f2235c0997733d8478d424b55f71036a61b94,1.0,f5034a2aed7d20b5,ok,3126.5196603103395,True,True,cluster_00472,test,/home/dheirav/Code/Deepfake_Detection/deepfake-project/dataset_builder/test/ai_generated/sd2_000004_a0b6cf36-0869-4678-be70-2c72ae7a1ad0.jpg
data_sources/ai_generated/SD_TopUp2/sd2_000004_a0e6fd8c-4762-4470-a5c2-f066615c17ac.jpg,data_sources/ai_generated/SD_TopUp2,ai_generated,768,512,1.5,JPEG,136947,d2f19289ffbbc45879193417f1a6dc95,d89a723e425f6efe946bf6a3129bb4d370d7758ab3c856b059e81855904e6187,1.0,d5d8da9535f4a442,ok,364.6691588543601,True,True,cluster_00199,test,/home/dheirav/Code/Deepfake_Detection/deepfake-project/dataset_builder/test/ai_generated/sd2_000004_a0e6fd8c-4762-4470-a5c2-f066615c17ac.jpg
data_sources/ai_generated/SD_TopUp2/sd2_000004_a2531a15-6b7e-490e-ae26-a3026f3f3bae.jpg,data_sources/ai_generated/SD_TopUp2,ai_generated,512,640,0.8,JPEG,132894,98493ff5c2cac7378a8c703b5b51b26c,c863c104c03e624d9227455109cba22140221a06be1d9f993ac14009870f66c9,1.0,a0833bd30dcede25,ok,558.5091408347711,True,True,cluster_00329,test,/home/dheirav/Code/Deepfake_Detection/deepfake-project/dataset_builder/test/ai_generated/sd2_000004_a2531a15-6b7e-490e-ae26-a3026f3f3bae.jpg
data_sources/ai_generated/SD_TopUp2/sd2_000004_a27b012b-f87e-4aa8-9749-c048d3e8b40d.jpg,data_sources/ai_generated/SD_TopUp2,ai_generated,512,512,1.0,JPEG,158073,28277ffb178041965c015b6eef34fdbc,83a74a915b0bbd645e071e3dabec70c130a1b744dc2ff6f39a8f4a36ae43f988,1.0,e033e08137e7a71e,ok,2144.1975173316314,True,True,cluster_00429,test,/home/dheirav/Code/Deepfake_Detection/deepfake-project/dataset_builder/test/ai_generated/sd2_000004_a27b012b-f87e-4aa8-9749-c048d3e8b40d.jpg
data_sources/ai_generated/SD_TopUp2/sd2_000004_a356e5f4-65b3-405f-bb9e-61011331ef8b.jpg,data_sources/ai_generated/SD_TopUp2,ai_generated,512,768,0.6667,JPEG,224609,298cec5050ec165760d216bdcf49f2ed,a327cd375fc3cbd4b21909c5d9c1a2abde5b4775a80d0881ca790b5066d18613,1.0,e1c7c19a2b0d6ee1,ok,2163.1232070578194,True,True,cluster_00138,test,/home/dheirav/Code/Deepfake_Detection/deepfake-project/dataset_builder/test/ai_generated/sd2_000004_a356e5f4-65b3-405f-bb9e-61011331ef8b.jpg
data_sources/ai_generated/SD_TopUp2/sd2_000004_a41061df-ccee-4bc2-bb60-c5457353aa94.jpg,data_sources/ai_generated/SD_TopUp2,ai_generated,832,1024,0.8125,JPEG,336613,9bd6ad4d57f847e60979c730132da64d,4ca2d9a2eb6d42758e23f91b3bc9a51a532ae7cc12b13171dbbbfbb2b1daf320,1.0,c63a0d3972b64b2d,ok,622.6881705528214,True,True,cluster_00014,test,/home/dheirav/Code/Deepfake_Detection/deepfake-project/dataset_builder/test/ai_generated/sd2_000004_a41061df-ccee-4bc2-bb60-c5457353aa94.jpg
data_sources/ai_generated/SD_TopUp2/sd2_000004_a4277052-eb63-4956-8721-43b81d1ba515.jpg,data_sources/ai_generated/SD_TopUp2,ai_generated,512,512,1.0,JPEG,156528,e2241218e56111aebad2ebc78881dac4,d82b13095a8a4b6c5111487b9b6c76579fb54fa2d95a10d6e24fa7491eb48620,1.0,e949be6b2722583c,ok,3312.7710587978363,True,True,cluster_00431,test,/home/dheirav/Code/Deepfake_Detection/deepfake-project/dataset_builder/test/ai_generated/sd2_000004_a4277052-eb63-4956-8721-43b81d1ba515.jpg
data_sources/ai_generated/SD_TopUp2/sd2_000004_a8f681e6-f112-4c50-8014-60f2e764de63.jpg,data_sources/ai_generated/SD_TopUp2,ai_generated,832,512,1.625,JPEG,282373,7593d881c0d31be96fe70afa90c087bf,660237d620d701699d2e103bdcff9a307562540665e66efee42afce25337ecd4,1.0,efb29cb1e089bb80,ok,3790.978986629935,True,True,cluster_00107,test,/home/dheirav/Code/Deepfake_Detection/deepfake-project/dataset_builder/test/ai_generated/sd2_000004_a8f681e6-f112-4c50-8014-60f2e764de63.jpg
data_sources/ai_generated/SD_TopUp2/sd2_000004_a9a3c010-e369-4aec-9d89-5d54725da272.jpg,data_sources/ai_generated/SD_TopUp2,ai_generated,512,640,0.8,JPEG,77128,04a2d8e4a98bcfdd6c8d80a9ba75ea59,ea2d011a9475eb51e027730026b82fcbc3ad28859a75c5d8b689b95f06cbf5bd,1.0,fb841c6107fb629c,ok,85.17100515774452,True,True,cluster_00365,test,/home/dheirav/Code/Deepfake_Detection/deepfake-project/dataset_builder/test/ai_generated/sd2_000004_a9a3c010-e369-4aec-9d89-5d54725da272.jpg
data_sources/ai_generated/SD_TopUp2/sd2_000004_aa5c0820-e1c2-47f1-ac7c-0fbc4e435a18.jpg,data_sources/ai_generated/SD_TopUp2,ai_generated,512,640,0.8,JPEG,138156,5c92afce45e00453dc2061c791c9c3bf,ec4d8032548249e3ecbfa32171a604fb28d5bf9aa8a27775b70281a30c35033d,1.0,90b0b03032cdedff,ok,488.35884354576467,True,True,cluster_00325,test,/home/dheirav/Code/Deepfake_Detection/deepfake-project/dataset_builder/test/ai_generated/sd2_000004_aa5c0820-e1c2-47f1-ac7c-0fbc4e435a18.jpg
data_sources/ai_generated/SD_TopUp2/sd2_000004_af8f50ae-fba7-42ce-8316-eb082e151ca5.jpg,data_sources/ai_generated/SD_TopUp2,ai_generated,512,512,1.0,JPEG,123368,63c60a845260b38f9057c3e4c999af24,3163e378289b9d3a19b9d6e5d00ee8e7e59ecaaf4b1fe4580324a6db28026255,1.0,95bd99a545843cd3,ok,736.630324882397,True,True,cluster_00554,test,/home/dheirav/Code/Deepfake_Detection/deepfake-project/dataset_builder/test/ai_generated/sd2_000004_af8f50ae-fba7-42ce-8316-eb082e151ca5.jpg
data_sources/ai_generated/SD_TopUp2/sd2_000004_b17c023b-5b53-455a-8132-df88a96da68e.jpg,data_sources/ai_generated/SD_TopUp2,ai_generated,768,512,1.5,JPEG,261466,db40a330160df9eeb66dc849dbd754c4,95552faebbe3dfc3fdb3f2de81ceb009228621f992c0f8c06b7fb5001e90fb4b,1.0,db709c359276a686,ok,4376.474032875745,True,True,cluster_00130,test,/home/dheirav/Code/Deepfake_Detection/deepfake-project/dataset_builder/test/ai_generated/sd2_000004_b17c023b-5b53-455a-8132-df88a96da68e.jpg
data_sources/ai_generated/SD_TopUp2/sd2_000004_b3ff2ccf-b332-4f5f-8929-97e868a59600.jpg,data_sources/ai_generated/SD_TopUp2,ai_generated,512,768,0.6667,JPEG,210574,69489851cc16e3e62651b5a9e1efa194,4ecf76f46c3f68083d2359780ee10f0ee943f5a020da505df58391537471b016,1.0,beb6db480c12de92,ok,1138.2062816072464,True,True,cluster_00148,test,/home/dheirav/Code/Deepfake_Detection/deepfake-project/dataset_builder/test/ai_generated/sd2_000004_b3ff2ccf-b332-4f5f-8929-97e868a59600.jpg
data_sources/ai_generated/SD_TopUp2/sd2_000004_b555f542-97fd-448c-9ffd-4d3c5ce839be.jpg,data_sources/ai_generated/SD_TopUp2,ai_generated,768,1280,0.6,JPEG,487422,a049ad6fc2fcb41209ca8eec23a93f59,75dc953906276fa87e0cafac9d9312dc5a0aeaa9cc276da645aff4b1654ed21d,1.0,91d8b25a8f559a65,ok,680.7702294616142,True,True,cluster_00006,test,/home/dheirav/Code/Deepfake_Detection/deepfake-project/dataset_builder/test/ai_generated/sd2_000004_b555f542-97fd-448c-9ffd-4d3c5ce839be.jpg
data_sources/ai_generated/SD_TopUp2/sd2_000004_b57447a9-96e9-4155-bf41-009f62540699.jpg,data_sources/ai_generated/SD_TopUp2,ai_generated,512,704,0.7273,JPEG,86418,94a5ec01ce9d3e6ee450bf5be44a2bc6,85042ba77c402a06bc18f9d90bf1e196b92b0048579513ef16e75278340fbfaa,1.0,e1e1b1b1b43c670d,ok,170.52419267126075,True,True,cluster_00295,test,/home/dheirav/Code/Deepfake_Detection/deepfake-project/dataset_builder/test/ai_generated/sd2_000004_b57447a9-96e9-4155-bf41-009f62540699.jpg
data_sources/ai_generated/SD_TopUp2/sd2_000004_b5a39df7-6caa-44ef-a9ac-6b3e91615f11.jpg,data_sources/ai_generated/SD_TopUp2,ai_generated,512,768,0.6667,JPEG,220954,89acbc4bfa0f541268ff8dbf03cdb8b2,b50cef99835adaa315480f114df197352873657f9965314aba4b2d2de869fc72,1.0,ce04e8f46ed2313b,ok,3629.42461113505,True,True,cluster_00141,test,/home/dheirav/Code/Deepfake_Detection/deepfake-project/dataset_builder/test/ai_generated/sd2_000004_b5a39df7-6caa-44ef-a9ac-6b3e91615f11.jpg
data_sources/ai_generated/SD_TopUp2/sd2_000004_b5f980f9-40e6-4f6f-8890-2af8ecf45dea.jpg,data_sources/ai_generated/SD_TopUp2,ai_generated,512,640,0.8,JPEG,148604,fd8563f722cbb918f813d433f3a08257,d1626b797cff99bbcf643573cac4d8a3289be24dd47114a519a0cad02fca83da,1.0,a62c8f8b1d9899ce,ok,897.4236391668674,True,True,cluster_00322,test,/home/dheirav/Code/Deepfake_Detection/deepfake-project/dataset_builder/test/ai_generated/sd2_000004_b5f980f9-40e6-4f6f-8890-2af8ecf45dea.jpg
data_sources/ai_generated/SD_TopUp2/sd2_000004_b62a3c99-62f9-46b7-93f9-3cc016ba5add.jpg,data_sources/ai_generated/SD_TopUp2,ai_generated,512,512,1.0,JPEG,138387,6c813a56e6655508494372b5525b8a8d,7ad1192c8577f73c20eaec2889544f3f14e787305175771da50aeeb5a566e078,1.0,fc4c8b6bd2968370,ok,1965.0075725109782,True,True,cluster_00485,test,/home/dheirav/Code/Deepfake_Detection/deepfake-project/dataset_builder/test/ai_generated/sd2_000004_b62a3c99-62f9-46b7-93f9-3cc016ba5add.jpg
data_sources/ai_generated/SD_TopUp2/sd2_000004_b724e57b-e72c-45ff-9a6d-fcc334c2a578.jpg,data_sources/ai_generated/SD_TopUp2,ai_generated,512,704,0.7273,JPEG,174384,5b325d6b2e34069d238763c25d84e4ba,97e5b4dc65e913dd632c1daf24b9b6f990766ce5e165b98e1c7283802b3435df,1.0,ebadd4592c2519c6,ok,880.4084389352524,True,True,cluster_00241,test,/home/dheirav/Code/Deepfake_Detection/deepfake-project/dataset_builder/test/ai_generated/sd2_000004_b724e57b-e72c-45ff-9a6d-fcc334c2a578.jpg
data_sources/ai_generated/SD_TopUp2/sd2_000004_bebb06c2-c4c9-4ff1-a81f-e45b344a1df0.jpg,data_sources/ai_generated/SD_TopUp2,ai_generated,512,512,1.0,JPEG,188214,2c1cc301bbf342284eac4f17c505b399,2f3c444e005d06210737a7b7e3acffedf0edff92fd04afb2689970ac8417c195,1.0,a9d552b6172277a2,ok,8831.95681426684,True,True,cluster_00384,test,/home/dheirav/Code/Deepfake_Detection/deepfake-project/dataset_builder/test/ai_generated/sd2_000004_bebb06c2-c4c9-4ff1-a81f-e45b344a1df0.jpg
data_sources/ai_generated/SD_TopUp2/sd2_000004_bebff2e3-79a8-4517-85b5-4644bff2784f.jpg,data_sources/ai_generated/SD_TopUp2,ai_generated,1024,512,2.0,JPEG,250090,c957fed23546a0d15df8056209584893,b87aab72bd5f89342d892a5ba6a20805242c03b9bce034daa142b40db26de535,1.0,90316d6af25286ef,ok,1175.7306734286249,True,True,cluster_00070,test,/home/dheirav/Code/Deepfake_Detection/deepfake-project/dataset_builder/test/ai_generated/sd2_000004_bebff2e3-79a8-4517-85b5-4644bff2784f.jpg
data_sources/ai_generated/SD_TopUp2/sd2_000004_bf86a6c5-db19-4474-b564-b14253674cc4.jpg,data_sources/ai_generated/SD_TopUp2,ai_generated,512,640,0.8,JPEG,111253,e09bf418733196fe3b5cf3ffe83bd558,f01f195608626673d99fd0f9bc3ac621e6e66a703429f27b6c88c646c49df5a0,1.0,b91b5b3313a44ce6,ok,483.8543666778504,True,True,cluster_00356,test,/home/dheirav/Code/Deepfake_Detection/deepfake-project/dataset_builder/test/ai_generated/sd2_000004_bf86a6c5-db19-4474-b564-b14253674cc4.jpg
data_sources/ai_generated/SD_TopUp2/sd2_000004_bfab5874-d09b-444c-bde3-e83cd2ec0117.jpg,data_sources/ai_generated/SD_TopUp2,ai_generated,512,768,0.6667,JPEG,223440,e8d92e6affdd41112deed8d2f5a7595e,363e267683ca1945a4502bfb6e7595a8de789bd558b4d57b5281495e36fc45d2,1.0,feb54a33345b308c,ok,4594.7119366110355,True,True,cluster_00139,test,/home/dheirav/Code/Deepfake_Detection/deepfake-project/dataset_builder/test/ai_generated/sd2_000004_bfab5874-d09b-444c-bde3-e83cd2ec0117.jpg
data_sources/ai_generated/SD_TopUp2/sd2_000004_bfdebd16-b399-4a3a-a401-bcfb920b3c78.jpg,data_sources/ai_generated/SD_TopUp2,ai_generated,512,640,0.8,JPEG,136754,6978b283c65b9e7642e7c609d4eb3371,5a1d4ef592cf779f47fe47219e3f83f39e3491ffcbd5dc83b4bd0bf104f833a4,1.0,87b6babc3cbc4812,ok,473.4683552048262,True,True,cluster_00326,test,/home/dheirav/Code/Deepfake_Detection/deepfake-project/dataset_builder/test/ai_generated/sd2_000004_bfdebd16-b399-4a3a-a401-bcfb920b3c78.jpg
data_sources/ai_generated/SD_TopUp2/sd2_000004_c1b799e0-b26a-411a-952a-6e26799ed070.jpg,data_sources/ai_generated/SD_TopUp2,ai_generated,832,1024,0.8125,JPEG,267927,a618b096ec92e16d58a160edffd97494,9c36b402375c757529dc975d1bbc7a92404518216717b5ae4e8e3e4c53c295ca,1.0,f0d8963069c36dc7,ok,393.0850747584423,True,True,cluster_00015,test,/home/dheirav/Code/Deepfake_Detection/deepfake-project/dataset_builder/test/ai_generated/sd2_000004_c1b799e0-b26a-411a-952a-6e26799ed070.jpg
data_sources/ai_generated/SD_TopUp2/sd2_000004_c26f60d5-42ab-4855-b891-98c58e167c52.jpg,data_sources/ai_generated/SD_TopUp2,ai_generated,512,512,1.0,JPEG,138576,28afd454fdd8fb3f52e73e204616f666,f2af96b193a7ec5394ad7a41b6980481e877354347ec792bec95471c7cb7e2f6,1.0,859907b678481fbe,ok,1762.327174617909,True,True,cluster_00482,test,/home/dheirav/Code/Deepfake_Detection/deepfake-project/dataset_builder/test/ai_generated/sd2_000004_c26f60d5-42ab-4855-b891-98c58e167c52.jpg
data_sources/ai_generated/SD_TopUp2/sd2_000004_c28a5ec5-1ba9-4697-93b0-c66364055db7.jpg,data_sources/ai_generated/SD_TopUp2,ai_generated,512,704,0.7273,JPEG,108412,3a3303ea6e58eb93993e828740298a00,095286dc20f8f87f6af1b61d0e4f8ad812c2b26490e16ae773b8d50fd7227588,1.0,a71838cfe31c6c33,ok,287.1399470335873,True,True,cluster_00283,test,/home/dheirav/Code/Deepfake_Detection/deepfake-project/dataset_builder/test/ai_generated/sd2_000004_c28a5ec5-1ba9-4697-93b0-c66364055db7.jpg
data_sources/ai_generated/SD_TopUp2/sd2_000004_c456a528-1d25-4faf-befa-935b2a6ce21e.jpg,data_sources/ai_generated/SD_TopUp2,ai_generated,768,512,1.5,JPEG,293223,bd8d70b760f2be51d9b129932c724b03,a737342884d9956da5c85711070c0843801a18bcc6167210a10d2ad0dbec6187,1.0,936c769572837ca1,ok,2905.2744358827604,True,True,cluster_00120,test,/home/dheirav/Code/Deepfake_Detection/deepfake-project/dataset_builder/test/ai_generated/sd2_000004_c456a528-1d25-4faf-befa-935b2a6ce21e.jpg
data_sources/ai_generated/SD_TopUp2/sd2_000004_c4de8ee8-8804-477e-8c04-54d116b42114.jpg,data_sources/ai_generated/SD_TopUp2,ai_generated,704,512,1.375,JPEG,167971,ef3a0b585b2f5f49f2d43dbbcdeb1098,0ab1dbcacb130d669eed936ec8551fdd9ac9d38dfdc61b23185020554ab85a17,1.0,e4f021c7c29ac7f8,ok,1398.3637428980646,True,True,cluster_00246,test,/home/dheirav/Code/Deepfake_Detection/deepfake-project/dataset_builder/test/ai_generated/sd2_000004_c4de8ee8-8804-477e-8c04-54d116b42114.jpg
data_sources/ai_generated/SD_TopUp2/sd2_000004_c658a764-5de8-4fbd-9f10-45b2a1ba31c9.jpg,data_sources/ai_generated/SD_TopUp2,ai_generated,512,640,0.8,JPEG,105834,f72c944f8c9bfb97318bc562220c106f,a697434162e9329cbf557eaaef61ea548709086516cb31091a7cd68ea2bf9054,1.0,ad7134e0b28fd1b4,ok,458.27202088352294,True,True,cluster_00359,test,/home/dheirav/Code/Deepfake_Detection/deepfake-project/dataset_builder/test/ai_generated/sd2_000004_c658a764-5de8-4fbd-9f10-45b2a1ba31c9.jpg
data_sources/ai_generated/SD_TopUp2/sd2_000004_ca6e35c7-1f7f-45cc-9a73-9b60e4f78fb3.jpg,data_sources/ai_generated/SD_TopUp2,ai_generated,512,640,0.8,JPEG,155643,db76f9f0939c0ad555f06014e58662f2,86a302d02e4b52e2494b13d8bd5defb216961a22d38d55bd830a3319707ce8d9,1.0,d3832c3d2337cc99,ok,1501.133026992446,True,True,cluster_00320,test,/home/dheirav/Code/Deepfake_Detection/deepfake-project/dataset_builder/test/ai_generated/sd2_000004_ca6e35c7-1f7f-45cc-9a73-9b60e4f78fb3.jpg
data_sources/ai_generated/SD_TopUp2/sd2_000004_caa4acff-6bac-4086-97d1-df10a0aa7860.jpg,data_sources/ai_generated/SD_TopUp2,ai_generated,512,704,0.7273,JPEG,182633,9858d2f7d3d5c751a55d1ec7e1009314,5cdb14349be06c3937eb3b9d4b4eb548baa27937b5aac47d81af5ec1ed889342,1.0,bae8c62779d0c097,ok,998.8439848950088,True,True,cluster_00236,test,/home/dheirav/Code/Deepfake_Detection/deepfake-project/dataset_builder/test/ai_generated/sd2_000004_caa4acff-6bac-4086-97d1-df10a0aa7860.jpg
data_sources/ai_generated/SD_TopUp2/sd2_000004_cb0fcf69-2494-4468-8b9e-2796af916cfb.jpg,data_sources/ai_generated/SD_TopUp2,ai_generated,512,512,1.0,JPEG,190057,47c425b0dc0b0155a927abb572b59d94,7ed5062c21532a894cbf9bcf78c9235327801a895731bd065064c80b0d30ae9e,1.0,9a62b03de623cd36,ok,13738.167662275897,True,True,cluster_00382,test,/home/dheirav/Code/Deepfake_Detection/deepfake-project/dataset_builder/test/ai_generated/sd2_000004_cb0fcf69-2494-4468-8b9e-2796af916cfb.jpg
data_sources/ai_generated/SD_TopUp2/sd2_000004_cccb87b4-214b-4edd-9720-090ab7091be2.jpg,data_sources/ai_generated/SD_TopUp2,ai_generated,512,1024,0.5,JPEG,169041,f1fc3764cbd80a6485fcbccdbfa4382e,35dcfd3e8b23e8314601e38aeed054313cf6e7f5e16a2fff1338893b87e4baef,1.0,93b72d00f04aa7bd,ok,291.0599897718057,True,True,cluster_00075,test,/home/dheirav/Code/Deepfake_Detection/deepfake-project/dataset_builder/test/ai_generated/sd2_000004_cccb87b4-214b-4edd-9720-090ab7091be2.jpg
data_sources/ai_generated/SD_TopUp2/sd2_000004_d0c8754e-15ef-4ece-896b-39925bcb3efb.jpg,data_sources/ai_generated/SD_TopUp2,ai_generated,512,512,1.0,JPEG,137847,c4d3f66f892d80835568b1b73f8778a7,b7712d3c25e38a18e27595f478777558a6d2b89965cd2c964dfc799466391459,1.0,cd2433b271c996b5,ok,961.6275662516564,True,True,cluster_00487,test,/home/dheirav/Code/Deepfake_Detection/deepfake-project/dataset_builder/test/ai_generated/sd2_000004_d0c8754e-15ef-4ece-896b-39925bcb3efb.jpg
data_sources/ai_generated/SD_TopUp2/sd2_000004_d103ef49-16b1-4686-ac91-6d35b066d53c.jpg,data_sources/ai_generated/SD_TopUp2,ai_generated,512,512,1.0,JPEG,113484,41a7fc2ebdfcba32b056ac5d1fea7e01,5f15e24cedc6988c0bcd5d5adb58657a73cbb1e9e4906f32f6360063be4edafe,1.0,85255f460adf4b9a,ok,1844.8029107058971,True,True,cluster_00627,test,/home/dheirav/Code/Deepfake_Detection/deepfake-project/dataset_builder/test/ai_generated/sd2_000004_d103ef49-16b1-4686-ac91-6d35b066d53c.jpg
data_sources/ai_generated/SD_TopUp2/sd2_000004_d21da909-da89-4fe8-b34a-1b97edb2a06e.jpg,data_sources/ai_generated/SD_TopUp2,ai_generated,512,512,1.0,JPEG,125465,86a25a7f09b8065cab31793fd5d67b4b,1dd8538257efd6f4aae23d66f324b635eac132576774fee30bb531c4ce3521bc,1.0,c0955e6a21b78fcc,ok,478.81808015225397,True,True,cluster_00545,test,/home/dheirav/Code/Deepfake_Detection/deepfake-project/dataset_builder/test/ai_generated/sd2_000004_d21da909-da89-4fe8-b34a-1b97edb2a06e.jpg
data_sources/ai_generated/SD_TopUp2/sd2_000004_d229c174-8775-4574-8e4d-5e4dea412f6a.jpg,data_sources/ai_generated/SD_TopUp2,ai_generated,512,512,1.0,JPEG,144074,5848c1d00afe0d567dd075cf81d18f56,b8f0c3da33c9eb2fc9bef5806fa0b01f8b0e91155dc2d8c9692f39a65ac60bbd,1.0,d91e0e6667131b8d,ok,762.4669278578367,True,True,cluster_00464,test,/home/dheirav/Code/Deepfake_Detection/deepfake-project/dataset_builder/test/ai_generated/sd2_000004_d229c174-8775-4574-8e4d-5e4dea412f6a.jpg
data_sources/ai_generated/SD_TopUp2/sd2_000004_d24ae220-e4e8-42ba-9142-137bc81b28bf.jpg,data_sources/ai_generated/SD_TopUp2,ai_generated,512,512,1.0,JPEG,160764,a5340a805cb2d5b58c8739f6b47bd48f,07ecf4600807669bdcc485b87213a0ffe52f268a3358c591671a6a5184d567ea,1.0,e4aed252d06d8733,ok,6782.402440207952,True,True,cluster_00416,test,/home/dheirav/Code/Deepfake_Detection/deepfake-project/dataset_builder/test/ai_generated/sd2_000004_d24ae220-e4e8-42ba-9142-137bc81b28bf.jpg
data_sources/ai_generated/SD_TopUp2/sd2_000004_d37f6896-5472-4698-9490-21cfb13fb429.jpg,data_sources/ai_generated/SD_TopUp2,ai_generated,1024,512,2.0,JPEG,129492,c906f332403c3bbe5ab2ea7bd0bfb098,9c05a08dc81fa1b4eca8bf30460ccfc4b459e5c5bc65e0c869564da2ffd0b702,1.0,c8a335f6c349c2d3,ok,216.20859133850536,True,True,cluster_00076,test,/home/dheirav/Code/Deepfake_Detection/deepfake-project/dataset_builder/test/ai_generated/sd2_000004_d37f6896-5472-4698-9490-21cfb13fb429.jpg
data_sources/ai_generated/SD_TopUp2/sd2_000004_d3f3f28a-0d6d-4a19-b973-aa420d97efb0.jpg,data_sources/ai_generated/SD_TopUp2,ai_generated,640,512,1.25,JPEG,185964,ca28f955c971d182ff9ad868cb192292,5bd4f7d74494e85c8007a111970a38e49beb78d54c8894478615083e19a00872,1.0,ea23ec81557151f6,ok,2607.1870887510386,True,True,cluster_00310,test,/home/dheirav/Code/Deepfake_Detection/deepfake-project/dataset_builder/test/ai_generated/sd2_000004_d3f3f28a-0d6d-4a19-b973-aa420d97efb0.jpg
data_sources/ai_generated/SD_TopUp2/sd2_000004_d43368ff-925a-4bd4-a32e-40564d581f57.jpg,data_sources/ai_generated/SD_TopUp2,ai_generated,832,576,1.4444,JPEG,219409,d7fdf5f8862d1ca55db2e8d9191ffb35,485914fb880907383763d91c790af6ee76a94f885fc073bba23082343615cc88,1.0,fbfb15cd06905c12,ok,2107.2057515202896,True,True,cluster_00093,test,/home/dheirav/Code/Deepfake_Detection/deepfake-project/dataset_builder/test/ai_generated/sd2_000004_d43368ff-925a-4bd4-a32e-40564d581f57.jpg
data_sources/ai_generated/SD_TopUp2/sd2_000004_d460aa8b-a435-4746-b249-5bf32648bddb.jpg,data_sources/ai_generated/SD_TopUp2,ai_generated,1024,512,2.0,JPEG,232761,630199656041d3f24667519ec7c36c4f,777fe680e75261da9753bc6c4269f656e355b6b2758c260101950177bcf419cc,1.0,8088377f7f713816,ok,1547.2130061812786,True,True,cluster_00071,test,/home/dheirav/Code/Deepfake_Detection/deepfake-project/dataset_builder/test/ai_generated/sd2_000004_d460aa8b-a435-4746-b249-5bf32648bddb.jpg
data_sources/ai_generated/SD_TopUp2/sd2_000004_d5034b89-3def-49a5-a1f7-96fff7ef3d0f.jpg,data_sources/ai_generated/SD_TopUp2,ai_generated,512,512,1.0,JPEG,121082,0f828dbac69142fe428df4563a495117,040fe01a9bc218a589854cf997cb18633a0074c1f06bf482d48071931a308987,1.0,86c1663b4b3d3c1b,ok,1057.0477881654515,True,True,cluster_00571,test,/home/dheirav/Code/Deepfake_Detection/deepfake-project/dataset_builder/test/ai_generated/sd2_000004_d5034b89-3def-49a5-a1f7-96fff7ef3d0f.jpg
data_sources/ai_generated/SD_TopUp2/sd2_000004_d642c338-73e5-478d-af85-04f33bb21c53.jpg,data_sources/ai_generated/SD_TopUp2,ai_generated,768,512,1.5,JPEG,157809,d293838c10ca4407c66e374613877876,e27d23e9a1a3221b0ab98d6c1e2fc0ca87b35327e30982e4f6c2387b02b00493,1.0,ec1e0c50dcbd8b36,ok,506.1856388473922,True,True,cluster_00187,test,/home/dheirav/Code/Deepfake_Detection/deepfake-project/dataset_builder/test/ai_generated/sd2_000004_d642c338-73e5-478d-af85-04f33bb21c53.jpg
data_sources/ai_generated/SD_TopUp2/sd2_000004_d643883c-1658-48a8-b49e-06633ef46fb3.jpg,data_sources/ai_generated/SD_TopUp2,ai_generated,512,512,1.0,JPEG,166709,e700f7f4ae8c0aa80c411a512a576efb,a8e6af7ac020c43a38c45d3474369259029c336162d3ccc5b6b975cba0c79ff4,1.0,d1c1617a3e1f87c1,ok,3915.7360169063177,True,True,cluster_00403,test,/home/dheirav/Code/Deepfake_Detection/deepfake-project/dataset_builder/test/ai_generated/sd2_000004_d643883c-1658-48a8-b49e-06633ef46fb3.jpg
data_sources/ai_generated/SD_TopUp2/sd2_000004_d9638769-c179-4cc1-814e-69d69a8b247e.jpg,data_sources/ai_generated/SD_TopUp2,ai_generated,512,512,1.0,JPEG,143740,59ecfb3acf5909d0e62373bc2a1154fe,272cbb7c7fb4564aec5a9c5ceda5178e59acdfd8ea444bb0a1ea1b210c27eb37,1.0,a57542eb89cea25a,ok,1454.8837359561003,True,True,cluster_00467,test,/home/dheirav/Code/Deepfake_Detection/deepfake-project/dataset_builder/test/ai_generated/sd2_000004_d9638769-c179-4cc1-814e-69d69a8b247e.jpg
data_sources/ai_generated/SD_TopUp2/sd2_000004_da05ae41-1090-49c1-bd6e-d296a3395aa8.jpg,data_sources/ai_generated/SD_TopUp2,ai_generated,896,512,1.75,JPEG,111783,a717d83c4627c3b965e27d0a812173f7,5300398fa3ba427524460210b9cc0b616f98db4c0423fe4027be9ae091f2a83f,1.0,82324f1c7c5d786d,ok,259.4106911121088,True,True,cluster_00102,test,/home/dheirav/Code/Deepfake_Detection/deepfake-project/dataset_builder/test/ai_generated/sd2_000004_da05ae41-1090-49c1-bd6e-d296a3395aa8.jpg
data_sources/ai_generated/SD_TopUp2/sd2_000004_dbee5c9a-6107-4d3b-a3f0-967c7cacdfae.jpg,data_sources/ai_generated/SD_TopUp2,ai_generated,512,512,1.0,JPEG,133233,7428b702390ca8c37ea941a45fb26432,923b1c1932b515b6197a8f5a5ae652d25b716df056ed7999a60952757f26a13c,1.0,b3766e62ab499491,ok,1180.571720058506,True,True,cluster_00509,test,/home/dheirav/Code/Deepfake_Detection/deepfake-project/dataset_builder/test/ai_generated/sd2_000004_dbee5c9a-6107-4d3b-a3f0-967c7cacdfae.jpg
data_sources/ai_generated/SD_TopUp2/sd2_000004_dc2946ca-521b-451f-9eef-3afea0ea88c3.jpg,data_sources/ai_generated/SD_TopUp2,ai_generated,512,512,1.0,JPEG,111848,5e456b33a0f999404a660a935fd1d988,4a3b544a207144cb97e74438e8e48180359b93aaefd1bc7a362d31ddf6dbdf23,1.0,d612b93deaa504cb,ok,335.18022558918165,True,True,cluster_00637,test,/home/dheirav/Code/Deepfake_Detection/deepfake-project/dataset_builder/test/ai_generated/sd2_000004_dc2946ca-521b-451f-9eef-3afea0ea88c3.jpg
data_sources/ai_generated/SD_TopUp2/sd2_000004_dcc641c8-31a1-4c97-8231-28f3c2fd0d41.jpg,data_sources/ai_generated/SD_TopUp2,ai_generated,512,512,1.0,JPEG,116449,3d5f5ec2020258cc1caf1fa9598a8d5d,8111c73acd545c872b56e25f9f5005d1e147723190e3773d1bffa49c43ca1efc,1.0,cc257619b0cffa82,ok,484.01470824969874,True,True,cluster_00603,test,/home/dheirav/Code/Deepfake_Detection/deepfake-project/dataset_builder/test/ai_generated/sd2_000004_dcc641c8-31a1-4c97-8231-28f3c2fd0d41.jpg
data_sources/ai_generated/SD_TopUp2/sd2_000004_de6ef922-1852-464a-b440-4a59368291c3.jpg,data_sources/ai_generated/SD_TopUp2,ai_generated,640,512,1.25,JPEG,224220,965f1d53a3fe38993080911447685e65,d562455568c3b3e02c1c7e767bf1c5d33f0c377bb0cf44bb7299c6ef2bf64a4c,1.0,9b722e61866c6b66,ok,2349.9279934202787,True,True,cluster_00298,test,/home/dheirav/Code/Deepfake_Detection/deepfake-project/dataset_builder/test/ai_generated/sd2_000004_de6ef922-1852-464a-b440-4a59368291c3.jpg
data_sources/ai_generated/SD_TopUp2/sd2_000004_de70942f-e8e2-4f6b-bf3d-0adde6683aa4.jpg,data_sources/ai_generated/SD_TopUp2,ai_generated,512,640,0.8,JPEG,122169,6ed45343d45dcdfea7b2d56e63df78b0,9fd16a39a24e22a0d7810176083149411ddc435f57d88d6df45797d22a01da2b,1.0,83951cce7e243379,ok,593.6605309016164,True,True,cluster_00346,test,/home/dheirav/Code/Deepfake_Detection/deepfake-project/dataset_builder/test/ai_generated/sd2_000004_de70942f-e8e2-4f6b-bf3d-0adde6683aa4.jpg
data_sources/ai_generated/SD_TopUp2/sd2_000004_de91225c-d011-4d10-a431-0c40c2ebafa8.jpg,data_sources/ai_generated/SD_TopUp2,ai_generated,512,704,0.7273,JPEG,128271,2d7cfaa65bd71b51bbd0f81a436a8488,ebf989d298ecfb9d5e95026e696235ccea1140ea20da0d47267a8c26d23cc40a,1.0,92b32c96934d3c75,ok,316.4514149504999,True,True,cluster_00269,test,/home/dheirav/Code/Deepfake_Detection/deepfake-project/dataset_builder/test/ai_generated/sd2_000004_de91225c-d011-4d10-a431-0c40c2ebafa8.jpg
data_sources/ai_generated/SD_TopUp2/sd2_000004_dea24f16-20fd-423c-b14c-ce6c19b29c15.jpg,data_sources/ai_generated/SD_TopUp2,ai_generated,512,640,0.8,JPEG,179518,d6df7901ea36ee3ca5b1d1f9cdecd798,86c2d4ada048a11754cb7f6dfdf0842ac3cd7f854ef25b49c8831e61c8b079a2,1.0,c4e8e43edd1f1149,ok,726.552758473754,True,True,cluster_00313,test,/home/dheirav/Code/Deepfake_Detection/deepfake-project/dataset_builder/test/ai_generated/sd2_000004_dea24f16-20fd-423c-b14c-ce6c19b29c15.jpg
data_sources/ai_generated/SD_TopUp2/sd2_000004_decdde44-27a8-447f-b853-dcfe8fea35a5.jpg,data_sources/ai_generated/SD_TopUp2,ai_generated,896,512,1.75,JPEG,252771,2a234c76ab3aae3d9056b91625438560,459ac0ac0bd24be325db56b2e283c1d64d4b3faec6f75233a5c8169392b130a9,1.0,85c785c2f4ef5849,ok,1390.0778540868112,True,True,cluster_00097,test,/home/dheirav/Code/Deepfake_Detection/deepfake-project/dataset_builder/test/ai_generated/sd2_000004_decdde44-27a8-447f-b853-dcfe8fea35a5.jpg
data_sources/ai_generated/SD_TopUp2/sd2_000004_e0eb1b7f-5b0f-481b-9ea6-e7d96e4c1f49.jpg,data_sources/ai_generated/SD_TopUp2,ai_generated,512,512,1.0,JPEG,160263,01377640a9bd6ed5e92475065eed0e19,a79dafc18a97113f900752255f2f0d02298e981c9ee425569d369da21e8c4e6e,1.0,e08ee8c03ea7c71e,ok,1912.7048391913995,True,True,cluster_00419,test,/home/dheirav/Code/Deepfake_Detection/deepfake-project/dataset_builder/test/ai_generated/sd2_000004_e0eb1b7f-5b0f-481b-9ea6-e7d96e4c1f49.jpg
data_sources/ai_generated/SD_TopUp2/sd2_000004_e15b2f85-ed44-476c-a8b2-5b2e7bdb3e0b.jpg,data_sources/ai_generated/SD_TopUp2,ai_generated,512,512,1.0,JPEG,121382,8489f9df38becb5551280cc934db93ec,2777f6f3ed0e0571e9e4008dcb6c85d817232bcea6ef6ddc15e23ab9ebd4e418,1.0,d8e6777004079ece,ok,776.3985608732328,True,True,cluster_00569,test,/home/dheirav/Code/Deepfake_Detection/deepfake-project/dataset_builder/test/ai_generated/sd2_000004_e15b2f85-ed44-476c-a8b2-5b2e7bdb3e0b.jpg
data_sources/ai_generated/SD_TopUp2/sd2_000004_e1fb714f-7240-40ad-ba30-b8a271a64cc4.jpg,data_sources/ai_generated/SD_TopUp2,ai_generated,640,512,1.25,JPEG,180240,623608661bceaa9758ed3c889c395fc2,33774c8996056f36bc63b9b69a32a72534495d14a88dee383c9adc538a1289ae,1.0,e1995e846466e63b,ok,2967.599027295923,True,True,cluster_00312,test,/home/dheirav/Code/Deepfake_Detection/deepfake-project/dataset_builder/test/ai_generated/sd2_000004_e1fb714f-7240-40ad-ba30-b8a271a64cc4.jpg
data_sources/ai_generated/SD_TopUp2/sd2_000004_e3d4eadd-239b-4f17-98a4-cc6c1ec402a5.jpg,data_sources/ai_generated/SD_TopUp2,ai_generated,512,512,1.0,JPEG,135976,c4093c09d84b7e63bc3f0e8284c069c6,e81a1047f409d9469a91b74dd02d78c3b447a1ecde4b75f170e6892a5a148d09,1.0,ad5a43e4e5a5864d,ok,2845.1797193924285,True,True,cluster_00496,test,/home/dheirav/Code/Deepfake_Detection/deepfake-project/dataset_builder/test/ai_generated/sd2_000004_e3d4eadd-239b-4f17-98a4-cc6c1ec402a5.jpg
data_sources/ai_generated/SD_TopUp2/sd2_000004_e6551f34-33af-4543-b21a-8c664a5d23eb.jpg,data_sources/ai_generated/SD_TopUp2,ai_generated,512,512,1.0,JPEG,199963,aac47e4d0d8654756bc0e8d449be758a,7dc205ba7c7545d733ce9aaa669ce2b41c3b59e9b8aed03ae4eb0cd8e880648f,1.0,c45fb088d2e5cb8d,ok,18640.42429574387,True,True,cluster_00378,test,/home/dheirav/Code/Deepfake_Detection/deepfake-project/dataset_builder/test/ai_generated/sd2_000004_e6551f34-33af-4543-b21a-8c664a5d23eb.jpg
data_sources/ai_generated/SD_TopUp2/sd2_000004_e98a66a5-3a9d-4be8-8be2-2c46524df475.jpg,data_sources/ai_generated/SD_TopUp2,ai_generated,512,768,0.6667,JPEG,188364,09d7f8fa573f08e6f25f16f917fc095e,29215800cf0477b79eac6de50d5822824d5a3047a69b44f86bbbcae25dfea493,1.0,aefc3fa5c0601713,ok,935.4645939651464,True,True,cluster_00165,test,/home/dheirav/Code/Deepfake_Detection/deepfake-project/dataset_builder/test/ai_generated/sd2_000004_e98a66a5-3a9d-4be8-8be2-2c46524df475.jpg
data_sources/ai_generated/SD_TopUp2/sd2_000004_ea6b6c36-c464-4e8b-b117-d1105a4aa8f3.jpg,data_sources/ai_generated/SD_TopUp2,ai_generated,512,512,1.0,JPEG,129892,2d513db9404d0e2aa3bc88bec8f364cc,7fb401b46d5635adff654d69a86bde14e61466507dbe62093db284efd408bde3,1.0,85762fdfa319c20c,ok,1482.8534273336263,True,True,cluster_00523,test,/home/dheirav/Code/Deepfake_Detection/deepfake-project/dataset_builder/test/ai_generated/sd2_000004_ea6b6c36-c464-4e8b-b117-d1105a4aa8f3.jpg
data_sources/ai_generated/SD_TopUp2/sd2_000004_eab4483d-7203-4420-91b0-cbb0d3799e8f.jpg,data_sources/ai_generated/SD_TopUp2,ai_generated,1024,768,1.3333,JPEG,501428,7ca5edeedd415b55e6935961466747ac,5acb3b116a743067341c1b1ba85e6b2ed089997f7e8ba2ef9bed6c2882c08bfd,1.0,9c9c388c269f47c7,ok,1789.860596951794,True,True,cluster_00016,test,/home/dheirav/Code/Deepfake_Detection/deepfake-project/dataset_builder/test/ai_generated/sd2_000004_eab4483d-7203-4420-91b0-cbb0d3799e8f.jpg
data_sources/ai_generated/SD_TopUp2/sd2_000004_eafffe51-d939-493b-a72c-3c83a2578099.jpg,data_sources/ai_generated/SD_TopUp2,ai_generated,512,512,1.0,JPEG,146310,dd2e7adae672a20340adc59c681805df,c59dd657e640131b5387ac2b287e21d178664b7a637a06bd0125a00ab26968e2,1.0,bd92dacd240d72cc,ok,2900.021340477615,True,True,cluster_00457,test,/home/dheirav/Code/Deepfake_Detection/deepfake-project/dataset_builder/test/ai_generated/sd2_000004_eafffe51-d939-493b-a72c-3c83a2578099.jpg
data_sources/ai_generated/SD_TopUp2/sd2_000004_ee23cda4-cdac-4e1d-bc2d-46481946b2b5.jpg,data_sources/ai_generated/SD_TopUp2,ai_generated,512,512,1.0,JPEG,159241,c5393c82957cf9980aeb53257f1a8b3f,d4246dfa253a599993bfad355b6f822398a9aad616a33ed3c8704f45fdbb0ae7,1.0,9ea67918e7611aa6,ok,3409.3838504610903,True,True,cluster_00425,test,/home/dheirav/Code/Deepfake_Detection/deepfake-project/dataset_builder/test/ai_generated/sd2_000004_ee23cda4-cdac-4e1d-bc2d-46481946b2b5.jpg
data_sources/ai_generated/SD_TopUp2/sd2_000004_eeaf38cd-76cf-45f4-ae9e-99a90e04e64c.jpg,data_sources/ai_generated/SD_TopUp2,ai_generated,512,512,1.0,JPEG,152605,07ce5f8322311ca1b2971b617be80892,52c396b353738514cd3e2ecfaf95eee2ac71e44908d011fa346fbad2c90d380e,1.0,c73a32d9c98c4e72,ok,2240.437685855999,True,True,cluster_00438,test,/home/dheirav/Code/Deepfake_Detection/deepfake-project/dataset_builder/test/ai_generated/sd2_000004_eeaf38cd-76cf-45f4-ae9e-99a90e04e64c.jpg
data_sources/ai_generated/SD_TopUp2/sd2_000004_ef40f560-2b7c-4a18-a768-da0f02daa75e.jpg,data_sources/ai_generated/SD_TopUp2,ai_generated,640,640,1.0,JPEG,207618,538581df80c412709c91ea4ba59bdd14,da75ffcbb92e9717147528c9978fe86d917e0904cfde4e0416b4b586e2ed0769,1.0,bf278361c96586b1,ok,1403.529481863761,True,True,cluster_00117,test,/home/dheirav/Code/Deepfake_Detection/deepfake-project/dataset_builder/test/ai_generated/sd2_000004_ef40f560-2b7c-4a18-a768-da0f02daa75e.jpg
data_sources/ai_generated/SD_TopUp2/sd2_000004_effa64d4-9394-47f1-89bd-98dafcdebf3a.jpg,data_sources/ai_generated/SD_TopUp2,ai_generated,704,704,1.0,JPEG,203537,a3d714c5d002bdf18f2391b787f445de,c6cc9c3ed7da932cfc2e807c6dbfafd320a4c3b545b09caa7abb8312a38bd070,1.0,fec0d60918797897,ok,2060.325042592442,True,True,cluster_00078,test,/home/dheirav/Code/Deepfake_Detection/deepfake-project/dataset_builder/test/ai_generated/sd2_000004_effa64d4-9394-47f1-89bd-98dafcdebf3a.jpg
data_sources/ai_generated/SD_TopUp2/sd2_000004_f0b96471-0f5f-45bb-9870-395adfffb5d4.jpg,data_sources/ai_generated/SD_TopUp2,ai_generated,512,704,0.7273,JPEG,229972,c4f4a1e7ae275b99aebf10c7a0f34481,dee7f09012ec40b320e8c96bab045d34e0881bf5306ba77496bed2635d6c8ec1,1.0,849d4c73279472ed,ok,2005.250254750221,True,True,cluster_00222,test,/home/dheirav/Code/Deepfake_Detection/deepfake-project/dataset_builder/test/ai_generated/sd2_000004_f0b96471-0f5f-45bb-9870-395adfffb5d4.jpg
data_sources/ai_generated/SD_TopUp2/sd2_000004_f152b864-d5a2-4c2c-9ddb-94776f4b0795.jpg,data_sources/ai_generated/SD_TopUp2,ai_generated,512,512,1.0,JPEG,153568,ede42344e0cbf0074aeb53e17fc92cb6,ee2db625b5326573da9ffbf40498ed6ef2558cbe7363eb8a10395f9087b16740,1.0,a38127c726c726e7,ok,2675.84545850422,True,True,cluster_00436,test,/home/dheirav/Code/Deepfake_Detection/deepfake-project/dataset_builder/test/ai_generated/sd2_000004_f152b864-d5a2-4c2c-9ddb-94776f4b0795.jpg
data_sources/ai_generated/SD_TopUp2/sd2_000004_f15f0c78-dba2-4b95-8254-df6ed3e7311f.jpg,data_sources/ai_generated/SD_TopUp2,ai_generated,512,512,1.0,JPEG,131154,41bd2e079fe872c9fdbc1964a0fe70ce,e735e1e53758baae363bbc355790cf1553fe30d8b27a0d3eaf6eb7b1ec5eb3fc,1.0,fff24acc01cbd4c0,ok,1841.6561001799419,True,True,cluster_00517,test,/home/dheirav/Code/Deepfake_Detection/deepfake-project/dataset_builder/test/ai_generated/sd2_000004_f15f0c78-dba2-4b95-8254-df6ed3e7311f.jpg
data_sources/ai_generated/SD_TopUp2/sd2_000004_f7f3dfcd-c0d2-4b6c-a515-9a125af90482.jpg,data_sources/ai_generated/SD_TopUp2,ai_generated,1024,768,1.3333,JPEG,471630,ac6cd7d51dab232f0f951da5579588d6,5c658393d36bd4f04e119174623ed47bf0f8a2a3ce461a5c08805bb1ef48aacb,1.0,c4bbc29de1f80ea1,ok,3331.8508048715107,True,True,cluster_00018,test,/home/dheirav/Code/Deepfake_Detection/deepfake-project/dataset_builder/test/ai_generated/sd2_000004_f7f3dfcd-c0d2-4b6c-a515-9a125af90482.jpg
data_sources/ai_generated/SD_TopUp2/sd2_000004_f814e91e-55d9-40eb-8be6-e9f3e032ba7e.jpg,data_sources/ai_generated/SD_TopUp2,ai_generated,512,512,1.0,JPEG,165405,000c09011036ff3aab8a3807ba007ded,9d1d3b76032fe4619697165d28fb1f7d94e8cd2e3b8bee9403fa656066d128db,1.0,c693e1ed317c6468,ok,4083.6172347953543,True,True,cluster_00407,test,/home/dheirav/Code/Deepfake_Detection/deepfake-project/dataset_builder/test/ai_generated/sd2_000004_f814e91e-55d9-40eb-8be6-e9f3e032ba7e.jpg
data_sources/ai_generated/SD_TopUp2/sd2_000004_f83152ad-1c55-47a5-a92f-32ed5ae15b2b.jpg,data_sources/ai_generated/SD_TopUp2,ai_generated,512,512,1.0,JPEG,126612,b2426dfc606f5061ac577c3056a90b0a,05e68b9b9dfaacd12c9a013563845cde138f68367a93cf094a89a8cf911bfe0d,1.0,e6c6570f8d758489,ok,1721.3608206389326,True,True,cluster_00534,test,/home/dheirav/Code/Deepfake_Detection/deepfake-project/dataset_builder/test/ai_generated/sd2_000004_f83152ad-1c55-47a5-a92f-32ed5ae15b2b.jpg
data_sources/ai_generated/SD_TopUp2/sd2_000004_f8d8036e-7bcd-4995-8b1c-9d903888c6a6.jpg,data_sources/ai_generated/SD_TopUp2,ai_generated,832,512,1.625,JPEG,126103,be68db3684d2f200f7f04839a09e5dcb,87d2dc3e41ee933c00a6bc8b38321d938761ec065fbe7d6de21524803fe7b085,1.0,82cd7f82717285f8,ok,178.0731439667164,True,True,cluster_00114,test,/home/dheirav/Code/Deepfake_Detection/deepfake-project/dataset_builder/test/ai_generated/sd2_000004_f8d8036e-7bcd-4995-8b1c-9d903888c6a6.jpg
data_sources/ai_generated/SD_TopUp2/sd2_000004_fbc56fab-7294-4c3f-9857-9cb7edbad5e8.jpg,data_sources/ai_generated/SD_TopUp2,ai_generated,512,512,1.0,JPEG,119167,89ebfcbde0f57f83b6c874d3a86889d4,8b9d08697544fccf30b395109f879b3234fb5504d97ec7a5aceaec2cdec0cdd5,1.0,950d6dc25672934f,ok,433.2063809181418,True,True,cluster_00587,test,/home/dheirav/Code/Deepfake_Detection/deepfake-project/dataset_builder/test/ai_generated/sd2_000004_fbc56fab-7294-4c3f-9857-9cb7edbad5e8.jpg
data_sources/ai_generated/SD_TopUp2/sd2_000004_022f4ab0-804c-4492-92e5-e34783229cd0.jpg,data_sources/ai_generated/SD_TopUp2,ai_generated,512,640,0.8,JPEG,113449,fd31528d7d1b783bd37882b07fd209c4,cedd5b3a6b2b69e6621b335afeff9ca485e6610442222b6ec69373f2ade609bc,1.0,fb4c112769b0d54e,ok,1053.8820129059254,True,True,cluster_00353,train,/home/dheirav/Code/Deepfake_Detection/deepfake-project/dataset_builder/train/ai_generated/sd2_000004_022f4ab0-804c-4492-92e5-e34783229cd0.jpg
data_sources/ai_generated/SD_TopUp2/sd2_000004_028b2993-a0fd-4a7a-898b-96d1a0905a05.jpg,data_sources/ai_generated/SD_TopUp2,ai_generated,768,512,1.5,JPEG,96326,e8289cfad73faacbe1d1eb848c2a6537,b42c4a03f7ecce9ccffeec4ae8bd3c6c2e4335a7174304438409ff6d7e389347,1.0,fe92504c61bd3457,ok,207.96495626845476,True,True,cluster_00215,train,/home/dheirav/Code/Deepfake_Detection/deepfake-project/dataset_builder/train/ai_generated/sd2_000004_028b2993-a0fd-4a7a-898b-96d1a0905a05.jpg
data_sources/ai_generated/SD_TopUp2/sd2_000004_02ecf323-2d97-48ff-a16b-0c3eeb3a2165.jpg,data_sources/ai_generated/SD_TopUp2,ai_generated,512,512,1.0,JPEG,123157,0f77764f9a7839d76dcc7bc543ee55c5,8add895357ea212e5d3d0e652d3d1b00d75bdd277540b44bb97d4af47e871568,1.0,bc4f62aaa50545de,ok,1620.2198753473203,True,True,cluster_00557,train,/home/dheirav/Code/Deepfake_Detection/deepfake-project/dataset_builder/train/ai_generated/sd2_000004_02ecf323-2d97-48ff-a16b-0c3eeb3a2165.jpg
data_sources/ai_generated/SD_TopUp2/sd2_000004_03e9f4f0-3d36-4010-a42c-7d5eb6a6a671.jpg,data_sources/ai_generated/SD_TopUp2,ai_generated,640,512,1.25,JPEG,129221,64547e491223f5f39074ad8095d63c69,709ab6510f8be7ea62972763c3a3bfebe937eb714e559b8d3226655038ee689a,1.0,b24c6997d4850e7b,ok,414.7773567717895,True,True,cluster_00333,train,/home/dheirav/Code/Deepfake_Detection/deepfake-project/dataset_builder/train/ai_generated/sd2_000004_03e9f4f0-3d36-4010-a42c-7d5eb6a6a671.jpg
data_sources/ai_generated/SD_TopUp2/sd2_000004_0476a971-4c70-49a0-9311-19d62f4baef7.jpg,data_sources/ai_generated/SD_TopUp2,ai_generated,640,512,1.25,JPEG,201107,e76c5f2013afcb296831ca45fcdf99de,d09d260b70a2c490a236b4df93b936fa1bbd966b3ff83eeb041a7160dae3e08f,1.0,c2cb299d9eb40b69,ok,2163.6323329821134,True,True,cluster_00306,train,/home/dheirav/Code/Deepfake_Detection/deepfake-project/dataset_builder/train/ai_generated/sd2_000004_0476a971-4c70-49a0-9311-19d62f4baef7.jpg
data_sources/ai_generated/SD_TopUp2/sd2_000004_04a745ab-2a1a-4d35-80db-0eefc3009359.jpg,data_sources/ai_generated/SD_TopUp2,ai_generated,512,704,0.7273,JPEG,215964,257030d75886f0108d7e5e13b2a2a6ec,ad1527c4521a2e3a52d8ab4fb132be1927b3bc433bb3afd20d37e451edcb9610,1.0,857a1a55f8b76194,ok,1615.9203295692232,True,True,cluster_00225,train,/home/dheirav/Code/Deepfake_Detection/deepfake-project/dataset_builder/train/ai_generated/sd2_000004_04a745ab-2a1a-4d35-80db-0eefc3009359.jpg
data_sources/ai_generated/SD_TopUp2/sd2_000004_04ce6c49-8745-497e-8735-f1492dd34c2d.jpg,data_sources/ai_generated/SD_TopUp2,ai_generated,512,512,1.0,JPEG,115403,b02f5f2588e4a2d1b22e144ddce3a681,61d46a8cd56cacf173e8ecd2cb8098b59427465a1b0727709ab50408ad297156,1.0,fe8783601f3e6093,ok,979.7966721965349,True,True,cluster_00608,train,/home/dheirav/Code/Deepfake_Detection/deepfake-project/dataset_builder/train/ai_generated/sd2_000004_04ce6c49-8745-497e-8735-f1492dd34c2d.jpg
data_sources/ai_generated/SD_TopUp2/sd2_000004_05a8459c-e065-4f1e-ae25-5c65edfbc70a.jpg,data_sources/ai_generated/SD_TopUp2,ai_generated,512,512,1.0,JPEG,136747,d00c847e02f8f4f1d0e35d51a2a646eb,fa4fd97a9d5af91fc94cd298f06c6ebe453685f4c7cef0a02b999be785af96bb,1.0,f2732dc83a0ec372,ok,1416.626161990629,True,True,cluster_00493,train,/home/dheirav/Code/Deepfake_Detection/deepfake-project/dataset_builder/train/ai_generated/sd2_000004_05a8459c-e065-4f1e-ae25-5c65edfbc70a.jpg
data_sources/ai_generated/SD_TopUp2/sd2_000004_0657893c-5921-4002-a9c6-9f961aeb25d7.jpg,data_sources/ai_generated/SD_TopUp2,ai_generated,512,512,1.0,JPEG,118777,072fca38f2793bd772bfc7d9c4a271fa,fee5bfa78d5ade1cf0478c515809a094877e1619b08c6a3d09d28c992e1673f7,1.0,f0eb4b56602d3a33,ok,1681.5141108912503,True,True,cluster_00589,train,/home/dheirav/Code/Deepfake_Detection/deepfake-project/dataset_builder/train/ai_generated/sd2_000004_0657893c-5921-4002-a9c6-9f961aeb25d7.jpg
data_sources/ai_generated/SD_TopUp2/sd2_000004_066407bd-c0c5-4198-b40e-a7ec060cc357.jpg,data_sources/ai_generated/SD_TopUp2,ai_generated,512,512,1.0,JPEG,150246,9cd93c15f41b178e4a671b6a7b8b5245,97e0f54026e283ac73689d316927023cccd9ec2e3786a7a14091ee17ff311844,1.0,bd9272c924c7c6cc,ok,3630.947116846553,True,True,cluster_00443,train,/home/dheirav/Code/Deepfake_Detection/deepfake-project/dataset_builder/train/ai_generated/sd2_000004_066407bd-c0c5-4198-b40e-a7ec060cc357.jpg
data_sources/ai_generated/SD_TopUp2/sd2_000004_06df678c-7a9e-4b7d-b676-f00ea6d0f877.jpg,data_sources/ai_generated/SD_TopUp2,ai_generated,512,704,0.7273,JPEG,175291,ba31d73394c18c366cd12f11016dcf53,390fde806b89893da8684b4aa4604f58dd0bba65644e097a6c3e475e0a6c8a06,1.0,999f97e03a819965,ok,1745.7001753660027,True,True,cluster_00240,train,/home/dheirav/Code/Deepfake_Detection/deepfake-project/dataset_builder/train/ai_generated/sd2_000004_06df678c-7a9e-4b7d-b676-f00ea6d0f877.jpg
data_sources/ai_generated/SD_TopUp2/sd2_000004_06e9f69b-381b-48f5-893a-3f70aa4b25df.jpg,data_sources/ai_generated/SD_TopUp2,ai_generated,512,640,0.8,JPEG,122885,535066ebc61096ce0e64c22b6d80ad20,d2f740450ea6bbeca40121bc00f513b490ee9483e58ec093b13c4c5bc3341bb9,1.0,82991786593e7ce3,ok,460.6954099178314,True,True,cluster_00344,train,/home/dheirav/Code/Deepfake_Detection/deepfake-project/dataset_builder/train/ai_generated/sd2_000004_06e9f69b-381b-48f5-893a-3f70aa4b25df.jpg
data_sources/ai_generated/SD_TopUp2/sd2_000004_08cc75fb-5ea1-47fb-a634-4830d5a7b073.jpg,data_sources/ai_generated/SD_TopUp2,ai_generated,640,704,0.9091,JPEG,218199,18fb60b3f0182d4fab95a0d28807a218,8e02bbc4b7d06f06c84d030087d30f4838eea923771ed01b95acb9689125ab8c,1.0,db3933c7c9e64821,ok,1403.214581739883,True,True,cluster_00103,train,/home/dheirav/Code/Deepfake_Detection/deepfake-project/dataset_builder/train/ai_generated/sd2_000004_08cc75fb-5ea1-47fb-a634-4830d5a7b073.jpg
data_sources/ai_generated/SD_TopUp2/sd2_000004_09522881-95c9-4bdf-b105-3f999046e99f.jpg,data_sources/ai_generated/SD_TopUp2,ai_generated,512,512,1.0,JPEG,111849,7faef2043cdaba53ce8f2c4766b904c9,e763c40ad821a19038d45fa4dd0e9dee3f405788e364371f091e2bb6fe160681,1.0,98ceafd3922c6c89,ok,899.7805021764798,True,True,cluster_00636,train,/home/dheirav/Code/Deepfake_Detection/deepfake-project/dataset_builder/train/ai_generated/sd2_000004_09522881-95c9-4bdf-b105-3f999046e99f.jpg
data_sources/ai_generated/SD_TopUp2/sd2_000004_0a897514-7015-4c25-a020-8033a2aab84b.jpg,data_sources/ai_generated/SD_TopUp2,ai_generated,512,704,0.7273,JPEG,274249,05912c93ea9fbb4c1b90ff16568c532d,efc73ae4254eefe8177995e95d19f7942222534bb2010121c6846f166145f277,1.0,9c85d49360db427f,ok,9156.161121551895,True,True,cluster_00218,train,/home/dheirav/Code/Deepfake_Detection/deepfake-project/dataset_builder/train/ai_generated/sd2_000004_0a897514-7015-4c25-a020-8033a2aab84b.jpg
data_sources/ai_generated/SD_TopUp2/sd2_000004_0cbcdc3a-3df4-4fde-a1e7-faff651af378.jpg,data_sources/ai_generated/SD_TopUp2,ai_generated,512,512,1.0,JPEG,132218,3c4fbef7b2fa761d480e85615013d80a,66680bb7b8d93fa09c63b82d79e84d39e30adf7abb565b30e0b60e1f727535ab,1.0,d80569dc2ad99e53,ok,2181.0165378712118,True,True,cluster_00512,train,/home/dheirav/Code/Deepfake_Detection/deepfake-project/dataset_builder/train/ai_generated/sd2_000004_0cbcdc3a-3df4-4fde-a1e7-faff651af378.jpg
data_sources/ai_generated/SD_TopUp2/sd2_000004_0dd6b343-540d-41e3-9da7-c78b3e106277.jpg,data_sources/ai_generated/SD_TopUp2,ai_generated,512,512,1.0,JPEG,124643,d2d5fd2d52da799d9833511b8d95c31f,d703ca914c2690cda705e8dc2982af1502bd9461767d368aca3ae294d2ec0a23,1.0,c73c283e266c99a7,ok,1336.5182886433176,True,True,cluster_00549,train,/home/dheirav/Code/Deepfake_Detection/deepfake-project/dataset_builder/train/ai_generated/sd2_000004_0dd6b343-540d-41e3-9da7-c78b3e106277.jpg
data_sources/ai_generated/SD_TopUp2/sd2_000004_0e34f1a4-4184-46be-8027-e010b1e6814c.jpg,data_sources/ai_generated/SD_TopUp2,ai_generated,512,512,1.0,JPEG,165481,7f83b35b759d8ec814035c3a1fb38135,d5845e78b31a3a8668f890f875e1214b33f0ad72b5ce2e6dcf3b48687dde1f72,1.0,807e18f999de6523,ok,2188.2435056248214,True,True,cluster_00406,train,/home/dheirav/Code/Deepfake_Detection/deepfake-project/dataset_builder/train/ai_generated/sd2_000004_0e34f1a4-4184-46be-8027-e010b1e6814c.jpg
data_sources/ai_generated/SD_TopUp2/sd2_000004_0f3ed2d6-1ae0-42c2-98e6-2c812585b17b.jpg,data_sources/ai_generated/SD_TopUp2,ai_generated,576,512,1.125,JPEG,75207,5af86f192a5861542c2dc2ba7ab97b87,86329a65186ac7b4f4b0bd3d5c8017cea9e8cad71e294909229d4af0cbdf87d0,1.0,e51a67f0b4699c94,ok,1020.4531924017693,True,True,cluster_00373,train,/home/dheirav/Code/Deepfake_Detection/deepfake-project/dataset_builder/train/ai_generated/sd2_000004_0f3ed2d6-1ae0-42c2-98e6-2c812585b17b.jpg
data_sources/ai_generated/SD_TopUp2/sd2_000004_0feea73c-9610-4bc3-8c76-0f1c794c07cf.jpg,data_sources/ai_generated/SD_TopUp2,ai_generated,1280,704,1.8182,JPEG,510948,79832a8676768df2d7a9f8e9bcd25c23,b476bda557c364877417b8594cecb2105caadcc0d4d2f5cdc975721d683f91d0,1.0,c6df0e7238c1323d,ok,1724.7692448710409,True,True,cluster_00011,train,/home/dheirav/Code/Deepfake_Detection/deepfake-project/dataset_builder/train/ai_generated/sd2_000004_0feea73c-9610-4bc3-8c76-0f1c794c07cf.jpg
data_sources/ai_generated/SD_TopUp2/sd2_000004_10019a73-99c2-426c-b375-5de22d81d828.jpg,data_sources/ai_generated/SD_TopUp2,ai_generated,640,1024,0.625,JPEG,483799,892a4a9faa9578de5eeeca9f206a539e,dae19058a5d38779314ae372d15c1678e1de37ef5242853c0b8a16fc01c865ce,1.0,e2887bb03f360d96,ok,5984.216098074743,True,True,cluster_00032,train,/home/dheirav/Code/Deepfake_Detection/deepfake-project/dataset_builder/train/ai_generated/sd2_000004_10019a73-99c2-426c-b375-5de22d81d828.jpg
data_sources/ai_generated/SD_TopUp2/sd2_000004_10aff747-9033-425b-9399-a3a088837525.jpg,data_sources/ai_generated/SD_TopUp2,ai_generated,512,512,1.0,JPEG,111295,7bed08fb99f68275cc05fa715d7c4fed,123711967b161896281e6795b3d73d0be2ff9a27fc17e97e31b66145b80528a2,1.0,ac5cbc937c9c4383,ok,750.5159183450596,True,True,cluster_00638,train,/home/dheirav/Code/Deepfake_Detection/deepfake-project/dataset_builder/train/ai_generated/sd2_000004_10aff747-9033-425b-9399-a3a088837525.jpg
data_sources/ai_generated/SD_TopUp2/sd2_000004_115e9669-9a71-4158-9f41-eea215cf81cc.jpg,data_sources/ai_generated/SD_TopUp2,ai_generated,512,512,1.0,JPEG,144779,8a45cfd46e8a6614aa5571ef9b5c937a,119b790187ff9af771bc3e4d07d7cbf22afe0cac6a9c31c3d63319c4131523ec,1.0,e1b7f2235d880f26,ok,2519.2971927420585,True,True,cluster_00460,train,/home/dheirav/Code/Deepfake_Detection/deepfake-project/dataset_builder/train/ai_generated/sd2_000004_115e9669-9a71-4158-9f41-eea215cf81cc.jpg
data_sources/ai_generated/SD_TopUp2/sd2_000004_11bc3085-7209-4e6e-b582-f079ccd2761b.jpg,data_sources/ai_generated/SD_TopUp2,ai_generated,768,512,1.5,JPEG,186656,8e06c01e73f9e0f5293e2e4f5ffafcf1,272d5da7b5ffb8734e38f71ef38c357726608442524e934e03e5a125ea1f5cab,1.0,a6ae4cd035ca73b1,ok,1450.5857115586598,True,True,cluster_00168,train,/home/dheirav/Code/Deepfake_Detection/deepfake-project/dataset_builder/train/ai_generated/sd2_000004_11bc3085-7209-4e6e-b582-f079ccd2761b.jpg
data_sources/ai_generated/SD_TopUp2/sd2_000004_131f6008-1fe2-4c2e-9421-2d71ddd258ce.jpg,data_sources/ai_generated/SD_TopUp2,ai_generated,512,768,0.6667,JPEG,210605,e17c8f8ab9eecaf929aa587aed2881d2,4a881e37606d5728e9017c9596297b092a79f718282f418770b715619b902fe4,1.0,e7d06796c28e0e78,ok,1992.0981077259767,True,True,cluster_00147,train,/home/dheirav/Code/Deepfake_Detection/deepfake-project/dataset_builder/train/ai_generated/sd2_000004_131f6008-1fe2-4c2e-9421-2d71ddd258ce.jpg
data_sources/ai_generated/SD_TopUp2/sd2_000004_143c7d1b-e260-4ae5-8a0d-ae0ae94d64c0.jpg,data_sources/ai_generated/SD_TopUp2,ai_generated,512,512,1.0,JPEG,110669,2b2bc6b8cd8e8c524e74169712f74fe3,625ef02fc7bb694b75d481fc1194d0a28ad1423183d824890c9681a87a764121,1.0,ee1f6b1b4c243171,ok,2348.944562409175,True,True,cluster_00639,train,/home/dheirav/Code/Deepfake_Detection/deepfake-project/dataset_builder/train/ai_generated/sd2_000004_143c7d1b-e260-4ae5-8a0d-ae0ae94d64c0.jpg
data_sources/ai_generated/SD_TopUp2/sd2_000004_16da2714-8644-470a-9f12-b949fcbcdeb8.jpg,data_sources/ai_generated/SD_TopUp2,ai_generated,768,512,1.5,JPEG,281033,6acc05f04d92630a684080e155d47c71,5b0c452640a8505ceba0e9621aec2f039702f297e112f5818f86013409d8d8ed,1.0,a94a94e88f71de38,ok,4393.345356139872,True,True,cluster_00122,train,/home/dheirav/Code/Deepfake_Detection/deepfake-project/dataset_builder/train/ai_generated/sd2_000004_16da2714-8644-470a-9f12-b949fcbcdeb8.jpg
data_sources/ai_generated/SD_TopUp2/sd2_000004_17642e00-6ee4-4679-9563-4983a2401b65.jpg,data_sources/ai_generated/SD_TopUp2,ai_generated,512,704,0.7273,JPEG,187664,49d5e42c2f71a73a4a95eaebc4c74cc4,b1e409f0b76668ff59e426e34c25f7ccfa4934b44863a98e8868d78c51bc41d6,1.0,e5b296c67be114a2,ok,1615.4109336043484,True,True,cluster_00234,train,/home/dheirav/Code/Deepfake_Detection/deepfake-project/dataset_builder/train/ai_generated/sd2_000004_17642e00-6ee4-4679-9563-4983a2401b65.jpg
data_sources/ai_generated/SD_TopUp2/sd2_000004_177b0613-9f8b-4311-afa1-1b7ec979a7d7.jpg,data_sources/ai_generated/SD_TopUp2,ai_generated,512,768,0.6667,JPEG,180551,c470f88ed45fab631cfa87b4c71751db,79d6da46f626e158a0fae224979b6c804171ed6dd5f3e2a173c771c3f2872e29,1.0,f394c3ce44f10c9d,ok,1160.1961972634242,True,True,cluster_00170,train,/home/dheirav/Code/Deepfake_Detection/deepfake-project/dataset_builder/train/ai_generated/sd2_000004_177b0613-9f8b-4311-afa1-1b7ec979a7d7.jpg
data_sources/ai_generated/SD_TopUp2/sd2_000004_17c6b8d6-35c9-4a6e-97a2-38cf44af7c93.jpg,data_sources/ai_generated/SD_TopUp2,ai_generated,768,512,1.5,JPEG,150171,27d928e96d236c170fe3fbbe286cba59,c1bb4d920e9c36c806106f17adc97b59b22374ae2db808b0663f9f9d71dcc93a,1.0,c3b82e2a2dcf3c64,ok,323.9815068848677,True,True,cluster_00192,train,/home/dheirav/Code/Deepfake_Detection/deepfake-project/dataset_builder/train/ai_generated/sd2_000004_17c6b8d6-35c9-4a6e-97a2-38cf44af7c93.jpg
data_sources/ai_generated/SD_TopUp2/sd2_000004_18bd73a4-8ca4-4d1b-ac28-394265c6f0f7.jpg,data_sources/ai_generated/SD_TopUp2,ai_generated,512,640,0.8,JPEG,182819,5148935c7c515db392635a26fb7ac084,f89f122e8c99f40e5bb1d1ea0e9a171ffa4e724cdf58d4469630b9aa1d204679,1.0,bf7f05fc0b822928,ok,4272.390057782792,True,True,cluster_00311,train,/home/dheirav/Code/Deepfake_Detection/deepfake-project/dataset_builder/train/ai_generated/sd2_000004_18bd73a4-8ca4-4d1b-ac28-394265c6f0f7.jpg
data_sources/ai_generated/SD_TopUp2/sd2_000004_1934ea32-64c8-42fc-b48c-b6eeb82518dc.jpg,data_sources/ai_generated/SD_TopUp2,ai_generated,512,512,1.0,JPEG,148883,f104257c8473036ee5e2560cf6ccba5a,50da00bbaf7e9dbfb806f60541a230f6239ac522af6726dc0bd89d860837b51a,1.0,b4f1cac3ad93c384,ok,6436.035339971989,True,True,cluster_00450,train,/home/dheirav/Code/Deepfake_Detection/deepfake-project/dataset_builder/train/ai_generated/sd2_000004_1934ea32-64c8-42fc-b48c-b6eeb82518dc.jpg
data_sources/ai_generated/SD_TopUp2/sd2_000004_1b5a0121-001b-4fbf-a3aa-5292aeddc7da.jpg,data_sources/ai_generated/SD_TopUp2,ai_generated,1280,768,1.6667,JPEG,448205,0fc582cb0617c1df601a7530202ca8ef,68a631eb6d297b4c86eafa87e98225ea8650d6a8a7433db14f5af53f2b7c1c1d,1.0,a4d957d10cb54b1d,ok,609.460199965371,True,True,cluster_00007,train,/home/dheirav/Code/Deepfake_Detection/deepfake-project/dataset_builder/train/ai_generated/sd2_000004_1b5a0121-001b-4fbf-a3aa-5292aeddc7da.jpg
data_sources/ai_generated/SD_TopUp2/sd2_000004_1b67c3f5-d68c-4efb-ac92-ff4eba08f61b.jpg,data_sources/ai_generated/SD_TopUp2,ai_generated,1280,704,1.8182,JPEG,435668,187211d62acc84f0cc3adb2fb74902a6,ce670567bf99988d2f390a32dd71a6339759afdeab953e2cb6f3d05bbaceab28,1.0,e99c1bb266a6a0b5,ok,1120.4528379693984,True,True,cluster_00012,train,/home/dheirav/Code/Deepfake_Detection/deepfake-project/dataset_builder/train/ai_generated/sd2_000004_1b67c3f5-d68c-4efb-ac92-ff4eba08f61b.jpg
data_sources/ai_generated/SD_TopUp2/sd2_000004_1d899f11-4c34-400b-9b15-c030f7ebc940.jpg,data_sources/ai_generated/SD_TopUp2,ai_generated,640,768,0.8333,JPEG,381103,8910d9815f28a18902a58b9502a8870a,9a0d1c944722377c8bba32c8941950d7dde89c0e448bc705872b80fcc3320fad,1.0,c9cd85c253c3672d,ok,13211.64971424586,True,True,cluster_00079,train,/home/dheirav/Code/Deepfake_Detection/deepfake-project/dataset_builder/train/ai_generated/sd2_000004_1d899f11-4c34-400b-9b15-c030f7ebc940.jpg
data_sources/ai_generated/SD_TopUp2/sd2_000004_1e928bdc-3096-4aec-a416-22f2b779cffa.jpg,data_sources/ai_generated/SD_TopUp2,ai_generated,576,576,1.0,JPEG,99221,8c4f543462d089aef4acda943f7ef927,0573978d143d39cf03c3422550c495150c23aeec8b6d68776458284e2265bcc9,1.0,e9a14be2e1a61e47,ok,854.3392882378357,True,True,cluster_00296,train,/home/dheirav/Code/Deepfake_Detection/deepfake-project/dataset_builder/train/ai_generated/sd2_000004_1e928bdc-3096-4aec-a416-22f2b779cffa.jpg
data_sources/ai_generated/SD_TopUp2/sd2_000004_1eab8db1-933f-49bc-a0b4-52be3418563e.jpg,data_sources/ai_generated/SD_TopUp2,ai_generated,512,512,1.0,JPEG,118049,80051516df3b19c18084911863c49ce2,24c9caac372d1f00b0a6b03bfa027b28acf7ed28c7848f4d6bae56ef823ef8c0,1.0,c66c3c34c3db2333,ok,1026.5954162801936,True,True,cluster_00596,train,/home/dheirav/Code/Deepfake_Detection/deepfake-project/dataset_builder/train/ai_generated/sd2_000004_1eab8db1-933f-49bc-a0b4-52be3418563e.jpg
data_sources/ai_generated/SD_TopUp2/sd2_000004_1f1aeca7-0e5f-4eb4-b53a-e5b99983118a.jpg,data_sources/ai_generated/SD_TopUp2,ai_generated,704,1280,0.55,JPEG,580059,5d55c14cd55aa124906f37a7896228c6,3d47e78e4553c8b97f6090dbbfc95b3b1cde093c0035b12e0f0a7e2ab092c958,1.0,d64c270cf1fc3d81,ok,3350.5476650515425,True,True,cluster_00010,train,/home/dheirav/Code/Deepfake_Detection/deepfake-project/dataset_builder/train/ai_generated/sd2_000004_1f1aeca7-0e5f-4eb4-b53a-e5b99983118a.jpg
data_sources/ai_generated/SD_TopUp2/sd2_000004_1f52e189-50cc-4af2-bc9c-24487d2e137a.jpg,data_sources/ai_generated/SD_TopUp2,ai_generated,512,512,1.0,JPEG,140491,348370e89bc1da27a75258218dce6f34,050fcd0a65fc2cec6335017aaca8f0c5c3a75ebcf7600ff17abed036d58230da,1.0,ccb30ec4bc2f6352,ok,1658.6882560052763,True,True,cluster_00474,train,/home/dheirav/Code/Deepfake_Detection/deepfake-project/dataset_builder/train/ai_generated/sd2_000004_1f52e189-50cc-4af2-bc9c-24487d2e137a.jpg
data_sources/ai_generated/SD_TopUp2/sd2_000004_1fba9cc1-d0ca-449b-86d3-cc5a7f163f0a.jpg,data_sources/ai_generated/SD_TopUp2,ai_generated,512,512,1.0,JPEG,133383,d0e9603a715abc134854b5586777335d,cbde772f358a08d28f3099287b6f30e2861db588d134cccef5856fbab6f3b41f,1.0,c4e6d23d1b1869d3,ok,1453.410410718163,True,True,cluster_00507,train,/home/dheirav/Code/Deepfake_Detection/deepfake-project/dataset_builder/train/ai_generated/sd2_000004_1fba9cc1-d0ca-449b-86d3-cc5a7f163f0a.jpg
data_sources/ai_generated/SD_TopUp2/sd2_000004_20bb69a6-95ac-4c8a-ace4-1a58112713c2.jpg,data_sources/ai_generated/SD_TopUp2,ai_generated,512,512,1.0,JPEG,144212,72427a4ef5f5512126ba23630adca1e1,ab541769f0fe4677a5cadf05f48edeba2e1bbfe5996525de8e5fe6472efb71a1,1.0,c114b3c4260f9df7,ok,2084.0202535483404,True,True,cluster_00463,train,/home/dheirav/Code/Deepfake_Detection/deepfake-project/dataset_builder/train/ai_generated/sd2_000004_20bb69a6-95ac-4c8a-ace4-1a58112713c2.jpg
data_sources/ai_generated/SD_TopUp2/sd2_000004_21d6489b-c11c-42fd-a31c-969880a24db2.jpg,data_sources/ai_generated/SD_TopUp2,ai_generated,512,640,0.8,JPEG,205155,38c241c26b5df957903715d6440503bf,101ebfe987d3dc8869ef615b602a9084742ad8d8012353c1a2c272764851baf2,1.0,c8dc4f07787827a5,ok,2798.5380334078427,True,True,cluster_00302,train,/home/dheirav/Code/Deepfake_Detection/deepfake-project/dataset_builder/train/ai_generated/sd2_000004_21d6489b-c11c-42fd-a31c-969880a24db2.jpg
data_sources/ai_generated/SD_TopUp2/sd2_000004_21ef4704-4ef0-4d3b-99d7-041c0543df86.jpg,data_sources/ai_generated/SD_TopUp2,ai_generated,704,512,1.375,JPEG,156383,80f42ce9d3677f5222912f486fe0ee8f,a113ccfd6a16a5d9091ab060f1ed33a2f35fd7b394b858715c92b22780e71e8d,1.0,dcc2c0901cff9df0,ok,437.62265835295256,True,True,cluster_00251,train,/home/dheirav/Code/Deepfake_Detection/deepfake-project/dataset_builder/train/ai_generated/sd2_000004_21ef4704-4ef0-4d3b-99d7-041c0543df86.jpg
data_sources/ai_generated/SD_TopUp2/sd2_000004_22b9e57f-1963-493e-8b0a-9112009be1bc.jpg,data_sources/ai_generated/SD_TopUp2,ai_generated,512,512,1.0,JPEG,113407,ed4d044156ae8b33b2c51ca733315921,958dd8440057b153524a3e71b2dbcb4c06c040f23f9d426f7138d02c4c2539e5,1.0,feba8f622362912c,ok,1068.388762845134,True,True,cluster_00629,train,/home/dheirav/Code/Deepfake_Detection/deepfake-project/dataset_builder/train/ai_generated/sd2_000004_22b9e57f-1963-493e-8b0a-9112009be1bc.jpg
data_sources/ai_generated/SD_TopUp2/sd2_000004_2311c65f-0b84-487a-8904-c66bd6942efd.jpg,data_sources/ai_generated/SD_TopUp2,ai_generated,640,704,0.9091,JPEG,124524,793f2fcd711edaaf4fcdd6f44a4a0539,9c90b740d26a0e75f75eaceba114e4fa582869c7a1a350b52e28c71e8ec2cd1f,1.0,8e3344ce6c33c397,ok,240.43619504494606,True,True,cluster_00104,train,/home/dheirav/Code/Deepfake_Detection/deepfake-project/dataset_builder/train/ai_generated/sd2_000004_2311c65f-0b84-487a-8904-c66bd6942efd.jpg
data_sources/ai_generated/SD_TopUp2/sd2_000004_2382746d-d167-420b-949e-4d74bf0a3f1b.jpg,data_sources/ai_generated/SD_TopUp2,ai_generated,512,512,1.0,JPEG,118389,a0842d31e46e1e77cb7250c16e97539f,67bd8ceabf59d1343d7a7039efe5aa12d4a366a94f7c16c599d2699b3f5c8942,1.0,ec8a9369ce3239c6,ok,2922.5429636860354,True,True,cluster_00593,train,/home/dheirav/Code/Deepfake_Detection/deepfake-project/dataset_builder/train/ai_generated/sd2_000004_2382746d-d167-420b-949e-4d74bf0a3f1b.jpg
data_sources/ai_generated/SD_TopUp2/sd2_000004_253e0b07-b7cf-49b9-aac1-b426318293de.jpg,data_sources/ai_generated/SD_TopUp2,ai_generated,512,512,1.0,JPEG,121809,171c5cb5c0d0485319f17abf9ef90420,edaaa674f07c6b306cc0da4b95a9c2d5dc1b9cf9ddd40833525e460e2db844e1,1.0,951d7a612b397067,ok,971.2851167180197,True,True,cluster_00564,train,/home/dheirav/Code/Deepfake_Detection/deepfake-project/dataset_builder/train/ai_generated/sd2_000004_253e0b07-b7cf-49b9-aac1-b426318293de.jpg
data_sources/ai_generated/SD_TopUp2/sd2_000004_25da15b6-3cfd-49d8-86c0-401db73564b1.jpg,data_sources/ai_generated/SD_TopUp2,ai_generated,512,512,1.0,JPEG,114660,26bcc82fb7f33f3bb77d369bf3b85417,7f704d3e7a29972161f66f96222122af28b25ad9ff494301db883abca1bb7947,1.0,d021079f1ff83a39,ok,359.302261397228,True,True,cluster_00615,train,/home/dheirav/Code/Deepfake_Detection/deepfake-project/dataset_builder/train/ai_generated/sd2_000004_25da15b6-3cfd-49d8-86c0-401db73564b1.jpg
data_sources/ai_generated/SD_TopUp2/sd2_000004_270c249c-51c1-4db0-a863-44e424bf1673.jpg,data_sources/ai_generated/SD_TopUp2,ai_generated,512,768,0.6667,JPEG,170754,536015d5a1f5ba811d007f17a279eda2,dad76a0f53e854820a3542a3069302dbe68c48bad4493c5dcbb5c51769d0097c,1.0,9659261f9b30d969,ok,764.4690002424371,True,True,cluster_00176,train,/home/dheirav/Code/Deepfake_Detection/deepfake-project/dataset_builder/train/ai_generated/sd2_000004_270c249c-51c1-4db0-a863-44e424bf1673.jpg
data_sources/ai_generated/SD_TopUp2/sd2_000004_2751c33a-0699-4a02-82a5-78f729ddf4cc.jpg,data_sources/ai_generated/SD_TopUp2,ai_generated,640,512,1.25,JPEG,130998,f0f0d195e8278ad2738e969c599687b1,db57eee581ffb2f9fa7b7801ad6475c89d81e5fa8e1afdf65006a6fab252c820,1.0,c3c6906cbbed816a,ok,531.5997538503167,True,True,cluster_00331,train,/home/dheirav/Code/Deepfake_Detection/deepfake-project/dataset_builder/train/ai_generated/sd2_000004_2751c33a-0699-4a02-82a5-78f729ddf4cc.jpg
data_sources/ai_generated/SD_TopUp2/sd2_000004_27b571c3-84d6-4d53-af26-25563cfadbed.jpg,data_sources/ai_generated/SD_TopUp2,ai_generated,512,512,1.0,JPEG,207293,c4d6b1fedea34b38dbcf488c228a58a7,f1d036a30c897920f9d0198ba7c360ec6a92089ae2d8b3089b7fd3b4b4a05071,1.0,c6c507b0bcaf328e,ok,11285.884339945798,True,True,cluster_00375,train,/home/dheirav/Code/Deepfake_Detection/deepfake-project/dataset_builder/train/ai_generated/sd2_000004_27b571c3-84d6-4d53-af26-25563cfadbed.jpg
data_sources/ai_generated/SD_TopUp2/sd2_000004_29a81ab9-f9ff-4fca-9ccb-61e762677f26.jpg,data_sources/ai_generated/SD_TopUp2,ai_generated,512,704,0.7273,JPEG,121679,18b5f58d198b40c5444f6267e80fdb55,56467e8a393dd10a2bdd3d98564378464e0295e2c9086be9e5537ecf6c3fa95c,1.0,bf99696dc68461c4,ok,326.25837459395956,True,True,cluster_00274,train,/home/dheirav/Code/Deepfake_Detection/deepfake-project/dataset_builder/train/ai_generated/sd2_000004_29a81ab9-f9ff-4fca-9ccb-61e762677f26.jpg
data_sources/ai_generated/SD_TopUp2/sd2_000004_2b00b11b-95e4-4e0d-9333-44e473905d32.jpg,data_sources/ai_generated/SD_TopUp2,ai_generated,640,1024,0.625,JPEG,407970,0fb31fb9f8e050aa370d6bae2874d5e9,5deee74a1c2d6d9a84f51013748702119452d6d8530ff176b92950a62ef7cbcc,1.0,d0f5ca9763916a91,ok,2916.9340805088636,True,True,cluster_00041,train,/home/dheirav/Code/Deepfake_Detection/deepfake-project/dataset_builder/train/ai_generated/sd2_000004_2b00b11b-95e4-4e0d-9333-44e473905d32.jpg
data_sources/ai_generated/SD_TopUp2/sd2_000004_2b13401e-d60e-4351-adb8-9eb45f021f18.jpg,data_sources/ai_generated/SD_TopUp2,ai_generated,512,704,0.7273,JPEG,196655,4965159c989456b7d35be30a2f949761,48a72a5e91982c97f8f536fa878b10fb24ddd1d67e39dde50287d49c60655da5,1.0,e333b04e65e4a633,ok,2511.330004894221,True,True,cluster_00230,train,/home/dheirav/Code/Deepfake_Detection/deepfake-project/dataset_builder/train/ai_generated/sd2_000004_2b13401e-d60e-4351-adb8-9eb45f021f18.jpg
data_sources/ai_generated/SD_TopUp2/sd2_000004_2b526828-5349-4f24-a273-bcf7f7aff9d2.jpg,data_sources/ai_generated/SD_TopUp2,ai_generated,1024,512,2.0,JPEG,256585,1ef14af5a8e3967a99a364500b8fc898,ef3939ead7b5cf108c7d502b04a069ce2f044e24f4716236a8dbd8c2aab7f7fe,1.0,bbfbc1acb064a898,ok,1882.870981215117,True,True,cluster_00068,train,/home/dheirav/Code/Deepfake_Detection/deepfake-project/dataset_builder/train/ai_generated/sd2_000004_2b526828-5349-4f24-a273-bcf7f7aff9d2.jpg
data_sources/ai_generated/SD_TopUp2/sd2_000004_2d10091b-64a7-44c4-9c77-1af1d06ac7cf.jpg,data_sources/ai_generated/SD_TopUp2,ai_generated,512,512,1.0,JPEG,126430,372e1772397fb63ea7a51d812676f0eb,67ff3b901a59ec57d749d5574977f525464131050d64529b9e537e3306642353,1.0,eca5e69873328a39,ok,608.1495953093836,True,True,cluster_00538,train,/home/dheirav/Code/Deepfake_Detection/deepfake-project/dataset_builder/train/ai_generated/sd2_000004_2d10091b-64a7-44c4-9c77-1af1d06ac7cf.jpg
data_sources/ai_generated/SD_TopUp2/sd2_000004_2e4fd488-cb3c-4fc6-b6d3-c2c82795f051.jpg,data_sources/ai_generated/SD_TopUp2,ai_generated,512,512,1.0,JPEG,176357,7c9a4a6e2e19634745a4abac065f123b,2579fc7564874a9b59eb22473e20697a16b416ad7f640091ca7c046884da24b4,1.0,fe7ca272f109a12a,ok,22808.160523766164,True,True,cluster_00393,train,/home/dheirav/Code/Deepfake_Detection/deepfake-project/dataset_builder/train/ai_generated/sd2_000004_2e4fd488-cb3c-4fc6-b6d3-c2c82795f051.jpg
data_sources/ai_generated/SD_TopUp2/sd2_000004_312c021a-f454-4d1b-a68b-975a849c8f77.jpg,data_sources/ai_generated/SD_TopUp2,ai_generated,512,704,0.7273,JPEG,153191,4ce7c08b05fa063351520fe45ac43ca7,5a6b22d71e1aeb07ed80926fd2af855b02e34b08ff80371dd7a56fa2c5e97dc4,1.0,bcaf81b30760cc9e,ok,1302.1318858196914,True,True,cluster_00253,train,/home/dheirav/Code/Deepfake_Detection/deepfake-project/dataset_builder/train/ai_generated/sd2_000004_312c021a-f454-4d1b-a68b-975a849c8f77.jpg
data_sources/ai_generated/SD_TopUp2/sd2_000004_32283a36-6349-4e7f-958a-17e8482741c7.jpg,data_sources/ai_generated/SD_TopUp2,ai_generated,512,512,1.0,JPEG,114781,d113f2cc1b7e3b18805e4a147bf70122,9a59c0a53f2174b2f9de4e55b703b0a7948f72d27b84c3445b48c774e5a1ae4a,1.0,ad38e0a73bc2c31d,ok,1300.6924437668495,True,True,cluster_00613,train,/home/dheirav/Code/Deepfake_Detection/deepfake-project/dataset_builder/train/ai_generated/sd2_000004_32283a36-6349-4e7f-958a-17e8482741c7.jpg
data_sources/ai_generated/SD_TopUp2/sd2_000004_32dd2776-4354-46cf-8496-09d0449c11a6.jpg,data_sources/ai_generated/SD_TopUp2,ai_generated,512,768,0.6667,JPEG,164757,99477ec100b45d9bf9e4a044f4541a14,c8a72a74b2509e3e2cf828a848d607f948f26ede76f91ea432161dd5aabc996f,1.0,9539c93a566da5c4,ok,496.43685485220175,True,True,cluster_00183,train,/home/dheirav/Code/Deepfake_Detection/deepfake-project/dataset_builder/train/ai_generated/sd2_000004_32dd2776-4354-46cf-8496-09d0449c11a6.jpg
data_sources/ai_generated/SD_TopUp2/sd2_000004_3337d4b5-dd44-4a2d-b028-ff4a7d715910.jpg,data_sources/ai_generated/SD_TopUp2,ai_generated,1024,576,1.7778,JPEG,295378,49c40099426e899c9aba26ffb6d6b852,7ba558089c835cbc34ed02876d80e43399965a670a08cede4ada20501571c0e2,1.0,faf8650131b026fe,ok,842.6745990780325,True,True,cluster_00051,train,/home/dheirav/Code/Deepfake_Detection/deepfake-project/dataset_builder/train/ai_generated/sd2_000004_3337d4b5-dd44-4a2d-b028-ff4a7d715910.jpg
data_sources/ai_generated/SD_TopUp2/sd2_000004_338fd364-4161-4ddc-abd6-0bd0e8674c15.jpg,data_sources/ai_generated/SD_TopUp2,ai_generated,512,512,1.0,JPEG,126009,55461620920b04895aa7890df9aa8fc4,3db159e479da3bdb014698525ef912c1a2112f3ac0f20011f37967455303feca,1.0,c425f1c2d2c51ddb,ok,1577.5467757151928,True,True,cluster_00542,train,/home/dheirav/Code/Deepfake_Detection/deepfake-project/dataset_builder/train/ai_generated/sd2_000004_338fd364-4161-4ddc-abd6-0bd0e8674c15.jpg
data_sources/ai_generated/SD_TopUp2/sd2_000004_3428675c-c424-4aea-b1f7-6f27ac36ccad.jpg,data_sources/ai_generated/SD_TopUp2,ai_generated,512,768,0.6667,JPEG,214518,28083df0aae9bb66d2c50c9e1d05254f,c4aee46f6a44a6991dacd26b14d49bbaeedb8854adbdad4e91ab82d1556e0a73,1.0,e40e86b58e035ff8,ok,1226.986047514171,True,True,cluster_00142,train,/home/dheirav/Code/Deepfake_Detection/deepfake-project/dataset_builder/train/ai_generated/sd2_000004_3428675c-c424-4aea-b1f7-6f27ac36ccad.jpg
data_sources/ai_generated/SD_TopUp2/sd2_000004_34fa0384-c538-464c-ab83-41c0e4899440.jpg,data_sources/ai_generated/SD_TopUp2,ai_generated,768,512,1.5,JPEG,232110,37229652cbc6a5c5611c0989ead514d4,8bd9b76c6e2e5bde6b405e86496fb5cccf309102c397c4a127a7e5f86dcce285,1.0,d06e1bc112d755da,ok,2307.69911790947,True,True,cluster_00136,train,/home/dheirav/Code/Deepfake_Detection/deepfake-project/dataset_builder/train/ai_generated/sd2_000004_34fa0384-c538-464c-ab83-41c0e4899440.jpg
data_sources/ai_generated/SD_TopUp2/sd2_000004_361480c5-a0a1-4cd0-86ab-dbc31090b5c7.jpg,data_sources/ai_generated/SD_TopUp2,ai_generated,832,832,1.0,JPEG,307136,4c870d57800ea1ea047795a254980a12,b0e0eb1ae494bf0abdbac3d6612780f589be4780552736000fd9c15cb3babb15,1.0,9066173c9737b0ad,ok,489.26926533723685,True,True,cluster_00026,train,/home/dheirav/Code/Deepfake_Detection/deepfake-project/dataset_builder/train/ai_generated/sd2_000004_361480c5-a0a1-4cd0-86ab-dbc31090b5c7.jpg
data_sources/ai_generated/SD_TopUp2/sd2_000004_373f4b2c-b7be-41ae-8e0d-4c32dae807c1.jpg,data_sources/ai_generated/SD_TopUp2,ai_generated,512,640,0.8,JPEG,126788,fc1f717fde05ff43cd5d385193f9447b,73ad510c876c75742066f0d1ad6a870c7ba9d8ea8f71863d223f57fcd4e1d553,1.0,ede13066e5327683,ok,854.5608119230625,True,True,cluster_00335,train,/home/dheirav/Code/Deepfake_Detection/deepfake-project/dataset_builder/train/ai_generated/sd2_000004_373f4b2c-b7be-41ae-8e0d-4c32dae807c1.jpg
data_sources/ai_generated/SD_TopUp2/sd2_000004_392a510f-cfb5-4f65-adca-a3ef2a86ee0e.jpg,data_sources/ai_generated/SD_TopUp2,ai_generated,768,512,1.5,JPEG,186951,4ed52ba0f54cdd2e852976ac175d04cd,f87a0e951d4b0878bf6127d4a1f32bfe17b54903e4fda22a68524c16643bbdf5,1.0,8ec4396bcd2f0e25,ok,1223.2517594293588,True,True,cluster_00167,train,/home/dheirav/Code/Deepfake_Detection/deepfake-project/dataset_builder/train/ai_generated/sd2_000004_392a510f-cfb5-4f65-adca-a3ef2a86ee0e.jpg
data_sources/ai_generated/SD_TopUp2/sd2_000004_39476c1f-cee6-4e45-a3a4-411ea4ca5969.jpg,data_sources/ai_generated/SD_TopUp2,ai_generated,512,832,0.6154,JPEG,131673,9ff98b6c9efa39f7c0eee9947961e747,9638dc43379631efe4fda23db2cd387e7f700c0db480467ea332a88e57dd150f,1.0,b5c6466269b4b959,ok,879.2802472165483,True,True,cluster_00113,train,/home/dheirav/Code/Deepfake_Detection/deepfake-project/dataset_builder/train/ai_generated/sd2_000004_39476c1f-cee6-4e45-a3a4-411ea4ca5969.jpg
data_sources/ai_generated/SD_TopUp2/sd2_000004_396e8ba8-0948-42de-acb9-d5ae4dc49ba7.jpg,data_sources/ai_generated/SD_TopUp2,ai_generated,768,512,1.5,JPEG,188318,1fdec36ebf80106e76c1d27936f999f8,39cbdc06f13934f89ef320e43ae9fb71379279a966eb10297f48eb9846ef01b7,1.0,d2183f2ecec3e1e0,ok,1002.6640057134791,True,True,cluster_00166,train,/home/dheirav/Code/Deepfake_Detection/deepfake-project/dataset_builder/train/ai_generated/sd2_000004_396e8ba8-0948-42de-acb9-d5ae4dc49ba7.jpg
data_sources/ai_generated/SD_TopUp2/sd2_000004_3b02de73-f4aa-43d7-93bf-9fbe755e32d0.jpg,data_sources/ai_generated/SD_TopUp2,ai_generated,512,704,0.7273,JPEG,251405,7daa3785dfe5ab75f4eb9bb71b9ea9cf,854b0907112815e884b1f93e69b44a3d81956abe3d286128497596b609715a7e,1.0,85f941a5d7965a49,ok,10273.810928964533,True,True,cluster_00221,train,/home/dheirav/Code/Deepfake_Detection/deepfake-project/dataset_builder/train/ai_generated/sd2_000004_3b02de73-f4aa-43d7-93bf-9fbe755e32d0.jpg
data_sources/ai_generated/SD_TopUp2/sd2_000004_3b410901-20e8-4af6-ac7d-92c4db4cea35.jpg,data_sources/ai_generated/SD_TopUp2,ai_generated,512,512,1.0,JPEG,121625,504c1620d471936e8a3412a4b930ca88,fa46b1cd598f0d3f7a3ea89b5bbcaab0b2bcc3ea44e64f8a7f064033630545c0,1.0,c3e6703bfc60c31c,ok,1041.018970991936,True,True,cluster_00566,train,/home/dheirav/Code/Deepfake_Detection/deepfake-project/dataset_builder/train/ai_generated/sd2_000004_3b410901-20e8-4af6-ac7d-92c4db4cea35.jpg
data_sources/ai_generated/SD_TopUp2/sd2_000004_3c119e9e-9287-4ac8-a641-49d6e2422e91.jpg,data_sources/ai_generated/SD_TopUp2,ai_generated,512,512,1.0,JPEG,118479,c15b76bd73a675bf235493d449a6bab3,2ec2292e191a9df0e0856f16b0dfa57f25ba1d21dc48c0c130b250c2b6d1698f,1.0,c199566659997764,ok,861.0850944169651,True,True,cluster_00592,train,/home/dheirav/Code/Deepfake_Detection/deepfake-project/dataset_builder/train/ai_generated/sd2_000004_3c119e9e-9287-4ac8-a641-49d6e2422e91.jpg
data_sources/ai_generated/SD_TopUp2/sd2_000004_3e21b0d1-c726-46ff-8add-1fa5a8be947c.jpg,data_sources/ai_generated/SD_TopUp2,ai_generated,512,512,1.0,JPEG,122523,b081aec1d9ac1e66007afbae2b612ef5,174c18dd1fd3ada4423a0a38173f87bd221c0e083d17661d028675f922e8a5b6,1.0,d5bd069133436f4c,ok,987.7649952187057,True,True,cluster_00561,train,/home/dheirav/Code/Deepfake_Detection/deepfake-project/dataset_builder/train/ai_generated/sd2_000004_3e21b0d1-c726-46ff-8add-1fa5a8be947c.jpg
data_sources/ai_generated/SD_TopUp2/sd2_000004_3e9c41c5-6a8d-4a56-847c-069b6c5b5f7b.jpg,data_sources/ai_generated/SD_TopUp2,ai_generated,512,512,1.0,JPEG,122055,2ff728e0ad09497523c7be8e13fc9e7b,8945b926aaca4903ba720a0fa791bac4022ba9f88661cf52560bf178981a2da3,1.0,fd99cee2711c9c20,ok,1030.9447345994413,True,True,cluster_00563,train,/home/dheirav/Code/Deepfake_Detection/deepfake-project/dataset_builder/train/ai_generated/sd2_000004_3e9c41c5-6a8d-4a56-847c-069b6c5b5f7b.jpg
data_sources/ai_generated/SD_TopUp2/sd2_000004_3ebbcd76-cdc6-4f8e-9b62-7d3c7e1ce83f.jpg,data_sources/ai_generated/SD_TopUp2,ai_generated,512,768,0.6667,JPEG,270223,1bd12e812cd8b6cef80887252b22834b,b78ec3c6f3aa673ac4dc0776722510d0cb23d38595db68f26a2fa5156a8c8f09,1.0,ac88a95333da19e7,ok,1803.1510226297862,True,True,cluster_00125,train,/home/dheirav/Code/Deepfake_Detection/deepfake-project/dataset_builder/train/ai_generated/sd2_000004_3ebbcd76-cdc6-4f8e-9b62-7d3c7e1ce83f.jpg
data_sources/ai_generated/SD_TopUp2/sd2_000004_3f0633ce-bf47-4740-a44c-df6791eb3d60.jpg,data_sources/ai_generated/SD_TopUp2,ai_generated,512,704,0.7273,JPEG,212077,c24524e78fce3369693146f43a59d63f,97cca1a73348343695b3ab9326b0ce4d99da17e89cc3c7274efa4e46e308ecae,1.0,b0cc66133a6e1bb3,ok,4012.809194314263,True,True,cluster_00226,train,/home/dheirav/Code/Deepfake_Detection/deepfake-project/dataset_builder/train/ai_generated/sd2_000004_3f0633ce-bf47-4740-a44c-df6791eb3d60.jpg
data_sources/ai_generated/SD_TopUp2/sd2_000004_40d7df76-5413-4948-9a19-6360f9461390.jpg,data_sources/ai_generated/SD_TopUp2,ai_generated,640,512,1.25,JPEG,81531,35389077c263ebb2310887f884998ba6,8bf044e141ede6fd9c633ac6fa9d4298ee97baddfdc49d84859de5b58f6c18b2,1.0,dcf2d00f6fc03386,ok,521.2420453082676,True,True,cluster_00363,train,/home/dheirav/Code/Deepfake_Detection/deepfake-project/dataset_builder/train/ai_generated/sd2_000004_40d7df76-5413-4948-9a19-6360f9461390.jpg
data_sources/ai_generated/SD_TopUp2/sd2_000004_414281c2-7ef3-4a78-ac79-997bc0f47388.jpg,data_sources/ai_generated/SD_TopUp2,ai_generated,512,768,0.6667,JPEG,92080,23ceddcc24a8f672e7492a848895c23c,0422e0c28583e467b96bc4896aa0804964f872190b0bf2dee5ceacbe39c7db0a,1.0,b79c4cb39a62702d,ok,100.32825653852585,True,True,cluster_00217,train,/home/dheirav/Code/Deepfake_Detection/deepfake-project/dataset_builder/train/ai_generated/sd2_000004_414281c2-7ef3-4a78-ac79-997bc0f47388.jpg
data_sources/ai_generated/SD_TopUp2/sd2_000004_44542c9a-7e0c-4cde-95e1-2e8a3bd43b9f.jpg,data_sources/ai_generated/SD_TopUp2,ai_generated,512,512,1.0,JPEG,138580,06ecd6db45a6299c57d3186e977fb62b,5a759b32e5f6a6c449f77b2c8797115fb266f51b91243cbe423b67e1004dd33e,1.0,d4b284e14bc9734f,ok,4720.222705631735,True,True,cluster_00481,train,/home/dheirav/Code/Deepfake_Detection/deepfake-project/dataset_builder/train/ai_generated/sd2_000004_44542c9a-7e0c-4cde-95e1-2e8a3bd43b9f.jpg
data_sources/ai_generated/SD_TopUp2/sd2_000004_46d6a8cd-024b-4150-8f1e-13c8fc5bde9e.jpg,data_sources/ai_generated/SD_TopUp2,ai_generated,512,512,1.0,JPEG,120808,6a29596dc0782bb13fb9676f1a333d23,438df9889cf5545377058105c6aa3d171174d9e4e962f2f534a8e4f286681147,1.0,bc86f9d9845098b7,ok,410.3236345479818,True,True,cluster_00575,train,/home/dheirav/Code/Deepfake_Detection/deepfake-project/dataset_builder/train/ai_generated/sd2_000004_46d6a8cd-024b-4150-8f1e-13c8fc5bde9e.jpg
data_sources/ai_generated/SD_TopUp2/sd2_000004_4719cbe8-0510-475d-9c26-e2de6138a343.jpg,data_sources/ai_generated/SD_TopUp2,ai_generated,832,512,1.625,JPEG,160221,e89aaf95f7f0ec8044bce3e11c27cabd,da610d1f05b96833cefc69aea00ada23f67d74231e2a8a4037370286b1ef0e4e,1.0,f0cb2f344b96a42d,ok,446.88135661649903,True,True,cluster_00109,train,/home/dheirav/Code/Deepfake_Detection/deepfake-project/dataset_builder/train/ai_generated/sd2_000004_4719cbe8-0510-475d-9c26-e2de6138a343.jpg
data_sources/ai_generated/SD_TopUp2/sd2_000004_4888741e-ca7f-452d-95f8-c757f4251cf3.jpg,data_sources/ai_generated/SD_TopUp2,ai_generated,512,512,1.0,JPEG,126790,a5d503f45c76201ae981535eb130b598,bb4219ac0bd2680c7e437fca729358056df606da515be17f5446da643c21c019,1.0,c3ec6e93394c893a,ok,1257.1527363746281,True,True,cluster_00532,train,/home/dheirav/Code/Deepfake_Detection/deepfake-project/dataset_builder/train/ai_generated/sd2_000004_4888741e-ca7f-452d-95f8-c757f4251cf3.jpg
data_sources/ai_generated/SD_TopUp2/sd2_000004_49004682-da9d-497f-bbe2-374780ccb125.jpg,data_sources/ai_generated/SD_TopUp2,ai_generated,512,512,1.0,JPEG,182544,6bb2cceb6ad071af1edbadf270834d67,c2747a05f19a19b8b88cf53492723f8a587149cfa4e60a3fa0a23da40918a217,1.0,9b342c06cd66758f,ok,3269.109130845158,True,True,cluster_00387,train,/home/dheirav/Code/Deepfake_Detection/deepfake-project/dataset_builder/train/ai_generated/sd2_000004_49004682-da9d-497f-bbe2-374780ccb125.jpg
data_sources/ai_generated/SD_TopUp2/sd2_000004_4a3f567d-f608-4432-87f9-cf41369cdfb3.jpg,data_sources/ai_generated/SD_TopUp2,ai_generated,768,640,1.2,JPEG,159485,dd05df1868d2daac610a06052b37cee3,299dcaf9aceffa0fbc47ad3a872062b1661a355b7fea97f156f75a9d9f9babc4,1.0,80cc7f1868be966b,ok,348.729663411739,True,True,cluster_00090,train,/home/dheirav/Code/Deepfake_Detection/deepfake-project/dataset_builder/train/ai_generated/sd2_000004_4a3f567d-f608-4432-87f9-cf41369cdfb3.jpg
data_sources/ai_generated/SD_TopUp2/sd2_000004_4aae415e-2e6e-47ec-a81a-e5dd69d22817.jpg,data_sources/ai_generated/SD_TopUp2,ai_generated,512,512,1.0,JPEG,115251,06349efcb364178a93f8246f0e1d2ff2,5086431218ada2af8aa59c38bdeb40f23c68f481212aab7d6ef93118d9be20d7,1.0,ab64d31b34cd19b2,ok,6056.749234923569,True,True,cluster_00609,train,/home/dheirav/Code/Deepfake_Detection/deepfake-project/dataset_builder/train/ai_generated/sd2_000004_4aae415e-2e6e-47ec-a81a-e5dd69d22817.jpg
data_sources/ai_generated/SD_TopUp2/sd2_000004_4ac3332f-134a-4289-9272-cf7564d0ad6c.jpg,data_sources/ai_generated/SD_TopUp2,ai_generated,512,512,1.0,JPEG,127842,7fdf3632b45eca9473781dbf69c98072,c0efbd40b6a9fccf35ae0575b7049c2cc0b394992f8cc296ce9c1f5d9bbcbaab,1.0,cff8785f1886a318,ok,2170.758249986684,True,True,cluster_00526,train,/home/dheirav/Code/Deepfake_Detection/deepfake-project/dataset_builder/train/ai_generated/sd2_000004_4ac3332f-134a-4289-9272-cf7564d0ad6c.jpg
data_sources/ai_generated/SD_TopUp2/sd2_000004_4bce1222-895c-427a-a21e-3abecbf40741.jpg,data_sources/ai_generated/SD_TopUp2,ai_generated,512,512,1.0,JPEG,113484,fde20793d1a6717b05b19f99ea610815,60813fba52244ac52140b574794c0aa10cb390973f49292e146546b94ac63d63,1.0,c11f62966f98cd70,ok,741.3084368398413,True,True,cluster_00626,train,/home/dheirav/Code/Deepfake_Detection/deepfake-project/dataset_builder/train/ai_generated/sd2_000004_4bce1222-895c-427a-a21e-3abecbf40741.jpg
data_sources/ai_generated/SD_TopUp2/sd2_000004_4ca91316-aab5-43b5-83ac-678e614e999a.jpg,data_sources/ai_generated/SD_TopUp2,ai_generated,512,704,0.7273,JPEG,217128,b7f46981b85267c078dfb73c058bc7dc,a1c9f8b858b85f0fc1fcf19b6b218c3f64f2634e761b38243da42da4a34872d4,1.0,e82a0a32c7b1573f,ok,1644.2123963066551,True,True,cluster_00224,train,/home/dheirav/Code/Deepfake_Detection/deepfake-project/dataset_builder/train/ai_generated/sd2_000004_4ca91316-aab5-43b5-83ac-678e614e999a.jpg
data_sources/ai_generated/SD_TopUp2/sd2_000004_4d48ad8c-fbb4-4a1a-a758-e2405835a897.jpg,data_sources/ai_generated/SD_TopUp2,ai_generated,512,512,1.0,JPEG,124695,8db2ee8df8ef5014375f8bb03cb654ca,66fe28b8537ccf95c29ef66fc51aa38273e54988e00e2b1ebed7d755cbff9e8d,1.0,af2d92639cccc316,ok,4507.244826001057,True,True,cluster_00548,train,/home/dheirav/Code/Deepfake_Detection/deepfake-project/dataset_builder/train/ai_generated/sd2_000004_4d48ad8c-fbb4-4a1a-a758-e2405835a897.jpg
data_sources/ai_generated/SD_TopUp2/sd2_000004_4da10a8f-85d2-421c-8d36-cec694e00aba.jpg,data_sources/ai_generated/SD_TopUp2,ai_generated,512,640,0.8,JPEG,79427,e241340f129f237b14e448adefbce7dc,a24eb6e72b497c00d70d00f4cc469c3debe7e729812ebfc4f1acd2cc9ac90b70,1.0,b38c4cec1863e774,ok,193.66162368621676,True,True,cluster_00364,train,/home/dheirav/Code/Deepfake_Detection/deepfake-project/dataset_builder/train/ai_generated/sd2_000004_4da10a8f-85d2-421c-8d36-cec694e00aba.jpg
data_sources/ai_generated/SD_TopUp2/sd2_000004_4e5d063a-f405-47c9-b95f-90c6347eec66.jpg,data_sources/ai_generated/SD_TopUp2,ai_generated,512,512,1.0,JPEG,125216,20dc68f85d7b25baf6fbc2e8c4681e10,7096daeb316305a6b6f77e85be98d3ba0554565571023c6618af006608756144,1.0,811d2fae26d51f26,ok,947.6544349639298,True,True,cluster_00547,train,/home/dheirav/Code/Deepfake_Detection/deepfake-project/dataset_builder/train/ai_generated/sd2_000004_4e5d063a-f405-47c9-b95f-90c6347eec66.jpg
data_sources/ai_generated/SD_TopUp2/sd2_000004_518d3727-7f55-4acd-a76c-437afc54ae64.jpg,data_sources/ai_generated/SD_TopUp2,ai_generated,512,512,1.0,JPEG,149997,33a4dbc286194ccbe904a4e1653e3103,ff5ada53663d755119bc71da09090a4d79924a4d901bebececaa93dff9e584ce,1.0,e2ea7243acb5486d,ok,2873.329302166341,True,True,cluster_00445,train,/home/dheirav/Code/Deepfake_Detection/deepfake-project/dataset_builder/train/ai_generated/sd2_000004_518d3727-7f55-4acd-a76c-437afc54ae64.jpg
data_sources/ai_generated/SD_TopUp2/sd2_000004_527e76f2-71a4-4461-b079-a76f0b4f7295.jpg,data_sources/ai_generated/SD_TopUp2,ai_generated,512,640,0.8,JPEG,139548,f1077e2126df35fc7d4ab757cde70e4e,c5f82e3589156480d068ca6382f432d1b4148f086dd651b810120c4827c66051,1.0,e3c8e0b35c1c9c79,ok,534.4592621824797,True,True,cluster_00324,train,/home/dheirav/Code/Deepfake_Detection/deepfake-project/dataset_builder/train/ai_generated/sd2_000004_527e76f2-71a4-4461-b079-a76f0b4f7295.jpg
data_sources/ai_generated/SD_TopUp2/sd2_000004_529e22a6-52c8-4d96-ab4f-5cc551f38290.jpg,data_sources/ai_generated/SD_TopUp2,ai_generated,512,512,1.0,JPEG,113909,0e2f46da4e4029c2397d1f6567e64d05,1e29e3da7e05b89b7574d0c964423775636556e035683ef5113c892c8d44d0b5,1.0,b0c9df16870536f1,ok,1853.3762319539528,True,True,cluster_00621,train,/home/dheirav/Code/Deepfake_Detection/deepfake-project/dataset_builder/train/ai_generated/sd2_000004_529e22a6-52c8-4d96-ab4f-5cc551f38290.jpg
data_sources/ai_generated/SD_TopUp2/sd2_000004_561afc8c-d35b-42e5-ad7f-fc3607dabe4d.jpg,data_sources/ai_generated/SD_TopUp2,ai_generated,512,704,0.7273,JPEG,197245,016c14202aa80251ae08a261de6f8975,249f05cd403d89995440a4cd826521889de5a044afc521d4043c6de8d0ca5eaf,1.0,9c994c796794332d,ok,1773.4191525721276,True,True,cluster_00229,train,/home/dheirav/Code/Deepfake_Detection/deepfake-project/dataset_builder/train/ai_generated/sd2_000004_561afc8c-d35b-42e5-ad7f-fc3607dabe4d.jpg
data_sources/ai_generated/SD_TopUp2/sd2_000004_57d99068-eca5-4e42-b440-5ef19d58df20.jpg,data_sources/ai_generated/SD_TopUp2,ai_generated,704,512,1.375,JPEG,121578,f66718773b38bb8dfc2dc72493e20dfa,1130f94a66d8f634708077659e3c6d993c223b79824082428cc445d5c760345b,1.0,f3a44ba09f091f59,ok,459.22040562786555,True,True,cluster_00275,train,/home/dheirav/Code/Deepfake_Detection/deepfake-project/dataset_builder/train/ai_generated/sd2_000004_57d99068-eca5-4e42-b440-5ef19d58df20.jpg
data_sources/ai_generated/SD_TopUp2/sd2_000004_590ee5e2-f6db-4433-85f5-18e37b414ace.jpg,data_sources/ai_generated/SD_TopUp2,ai_generated,576,1024,0.5625,JPEG,312444,e8829e9f5f35d042b05eaf3b66459bdc,fd26081b1e4ab514d39cde9672bea24789113ff9977f620f99caf0f2ef8e0a5b,1.0,cb3661ccc6c6d334,ok,2388.0845350741074,True,True,cluster_00050,train,/home/dheirav/Code/Deepfake_Detection/deepfake-project/dataset_builder/train/ai_generated/sd2_000004_590ee5e2-f6db-4433-85f5-18e37b414ace.jpg
data_sources/ai_generated/SD_TopUp2/sd2_000004_5946c54b-85ef-4b61-bb12-82bd9de2a766.jpg,data_sources/ai_generated/SD_TopUp2,ai_generated,512,512,1.0,JPEG,120903,267a8b59d03260d9df6ca9246c6ff67c,3e73e789be57b80260fc39a9643fe8196564cbc08028829948326c4abe05581f,1.0,cacc64d839cc9e33,ok,1251.939408030812,True,True,cluster_00574,train,/home/dheirav/Code/Deepfake_Detection/deepfake-project/dataset_builder/train/ai_generated/sd2_000004_5946c54b-85ef-4b61-bb12-82bd9de2a766.jpg
data_sources/ai_generated/SD_TopUp2/sd2_000004_59c4052e-0adc-4696-9b7c-216c3842687a.jpg,data_sources/ai_generated/SD_TopUp2,ai_generated,512,768,0.6667,JPEG,189804,84df34486b94328b12b8c9fc8efc5edc,d5b02f2824a513a7d9e80a4b558f08f44f8bcfd5ae4d68ab33111032848cf583,1.0,95f85a1e25cd1ba1,ok,1229.4991095790886,True,True,cluster_00162,train,/home/dheirav/Code/Deepfake_Detection/deepfake-project/dataset_builder/train/ai_generated/sd2_000004_59c4052e-0adc-4696-9b7c-216c3842687a.jpg
data_sources/ai_generated/SD_TopUp2/sd2_000004_59f3e8ec-1d50-439e-9079-0a3b04fe9379.jpg,data_sources/ai_generated/SD_TopUp2,ai_generated,512,512,1.0,JPEG,177405,3c822b2f7e722b7f8410ded56f123e14,9911b162efe5981663209110e9b704f81ce0e02a97fdf298c14a1a76982b98a0,1.0,96796a611926db2e,ok,4364.364557343011,True,True,cluster_00390,train,/home/dheirav/Code/Deepfake_Detection/deepfake-project/dataset_builder/train/ai_generated/sd2_000004_59f3e8ec-1d50-439e-9079-0a3b04fe9379.jpg
data_sources/ai_generated/SD_TopUp2/sd2_000004_5abdeeeb-5e9a-4009-b9ee-84117510fc37.jpg,data_sources/ai_generated/SD_TopUp2,ai_generated,512,768,0.6667,JPEG,115636,700d2d62c94fdcb9474f757db0e8c47f,0486b4af0126a4fd0e7ecd506fcacbc801e843bf73980a16f97a6f37258899dd,1.0,e1c2de9a959d58a1,ok,530.2175417213132,True,True,cluster_00207,train,/home/dheirav/Code/Deepfake_Detection/deepfake-project/dataset_builder/train/ai_generated/sd2_000004_5abdeeeb-5e9a-4009-b9ee-84117510fc37.jpg
data_sources/ai_generated/SD_TopUp2/sd2_000004_5be9703a-1a8b-44a1-abe8-be082cd0d4e0.jpg,data_sources/ai_generated/SD_TopUp2,ai_generated,512,704,0.7273,JPEG,171055,46a0b7f9ecd440779f1a83af91c58fa5,b0c86bf55596aefa810a6316e2eb16c1ac9a39b06f32d993a301dfcc73cf8042,1.0,cd5e2ec2b4f0382b,ok,1237.7355164772223,True,True,cluster_00244,train,/home/dheirav/Code/Deepfake_Detection/deepfake-project/dataset_builder/train/ai_generated/sd2_000004_5be9703a-1a8b-44a1-abe8-be082cd0d4e0.jpg
data_sources/ai_generated/SD_TopUp2/sd2_000004_5c821b98-c02a-4475-830c-382de2efd449.jpg,data_sources/ai_generated/SD_TopUp2,ai_generated,512,768,0.6667,JPEG,265604,ba4724eee096f191dbf1efaa96430b40,17d18507c5c110f464068c6c21afebd238409d94abc08338e9caeea79fb12515,1.0,bb521afcd03ab1a4,ok,5486.156386582174,True,True,cluster_00128,train,/home/dheirav/Code/Deepfake_Detection/deepfake-project/dataset_builder/train/ai_generated/sd2_000004_5c821b98-c02a-4475-830c-382de2efd449.jpg
data_sources/ai_generated/SD_TopUp2/sd2_000004_5cbd11ac-e0e6-4b28-8947-9b0455ca302f.jpg,data_sources/ai_generated/SD_TopUp2,ai_generated,512,512,1.0,JPEG,168195,5794f8ed6c3c8e3eab636ae5c44c8b55,d8904a1d278ff657fb076669f5ceb44f74a778070dc6e8dfb497c5d2e923bf0b,1.0,c94b2663df607da0,ok,1278.8179963118746,True,True,cluster_00402,train,/home/dheirav/Code/Deepfake_Detection/deepfake-project/dataset_builder/train/ai_generated/sd2_000004_5cbd11ac-e0e6-4b28-8947-9b0455ca302f.jpg
data_sources/ai_generated/SD_TopUp2/sd2_000004_5d298fc5-bd7e-4c39-a91a-3e354f21bfb2.jpg,data_sources/ai_generated/SD_TopUp2,ai_generated,512,704,0.7273,JPEG,133528,8925814cb0f8d17e7fe87593f126dac2,586a2a532368b38c7fff5a945a07b9b557f765151ba811f870dda94e8c73dec5,1.0,ef6e3231bc196234,ok,789.8441418409886,True,True,cluster_00265,train,/home/dheirav/Code/Deepfake_Detection/deepfake-project/dataset_builder/train/ai_generated/sd2_000004_5d298fc5-bd7e-4c39-a91a-3e354f21bfb2.jpg
data_sources/ai_generated/SD_TopUp2/sd2_000004_5f851af9-fd9c-4737-9abb-cf4c872cf538.jpg,data_sources/ai_generated/SD_TopUp2,ai_generated,512,512,1.0,JPEG,177052,15dc173c569ef431ec36443019ef8763,cb697454660b9244131ab3511b29d8ad4d680d4904142cb065c974477dc9416f,1.0,8356cd09b93dd613,ok,4013.5783294734865,True,True,cluster_00391,train,/home/dheirav/Code/Deepfake_Detection/deepfake-project/dataset_builder/train/ai_generated/sd2_000004_5f851af9-fd9c-4737-9abb-cf4c872cf538.jpg
data_sources/ai_generated/SD_TopUp2/sd2_000004_5fd69bbe-a574-4776-bb52-360396d19795.jpg,data_sources/ai_generated/SD_TopUp2,ai_generated,640,704,0.9091,JPEG,96297,e4633fe1622db8119bcd5747016cecff,edc4647838466525ff13b7d336f6a3371d4e4f591a8b2785c29190cff3406df7,1.0,9a5a87254dc98d9d,ok,84.53002799544451,True,True,cluster_00105,train,/home/dheirav/Code/Deepfake_Detection/deepfake-project/dataset_builder/train/ai_generated/sd2_000004_5fd69bbe-a574-4776-bb52-360396d19795.jpg
data_sources/ai_generated/SD_TopUp2/sd2_000004_6126ef39-7803-4e76-9eac-c9b1bcb7f107.jpg,data_sources/ai_generated/SD_TopUp2,ai_generated,512,512,1.0,JPEG,157784,f8c1fbd39b9ce85b4439b615ee4782e2,92989526ae5b94a90af5c5e7139da0038fe43c9431abe2a84b89c55237b8c280,1.0,f013517b68a48f1f,ok,2667.036546373216,True,True,cluster_00430,train,/home/dheirav/Code/Deepfake_Detection/deepfake-project/dataset_builder/train/ai_generated/sd2_000004_6126ef39-7803-4e76-9eac-c9b1bcb7f107.jpg
data_sources/ai_generated/SD_TopUp2/sd2_000004_615b30e4-2449-429d-9b28-5e35e4ac3576.jpg,data_sources/ai_generated/SD_TopUp2,ai_generated,512,512,1.0,JPEG,131098,b26a8e2209052257d8cb11eec815bb71,88ea3926ac6fac6e29041ca4e47c8f70316942b98ae379a34695dcc5f14645a9,1.0,9e4e4ec9ed253126,ok,1575.849206061801,True,True,cluster_00518,train,/home/dheirav/Code/Deepfake_Detection/deepfake-project/dataset_builder/train/ai_generated/sd2_000004_615b30e4-2449-429d-9b28-5e35e4ac3576.jpg
data_sources/ai_generated/SD_TopUp2/sd2_000004_62c24d84-549d-458c-aab3-a72e1b7acb3d.jpg,data_sources/ai_generated/SD_TopUp2,ai_generated,512,512,1.0,JPEG,144476,89bd97c72d85b97779b1f118d8a109ea,c334eee744c346678de21eeae75b135f6f2d69eb4ad12c99d8abf57504e9ec90,1.0,b92ee6918753a86c,ok,1918.7450043081626,True,True,cluster_00461,train,/home/dheirav/Code/Deepfake_Detection/deepfake-project/dataset_builder/train/ai_generated/sd2_000004_62c24d84-549d-458c-aab3-a72e1b7acb3d.jpg
data_sources/ai_generated/SD_TopUp2/sd2_000004_64141801-7b56-4673-8af4-660db4eb30fa.jpg,data_sources/ai_generated/SD_TopUp2,ai_generated,512,512,1.0,JPEG,120337,85522183e614c29aa311e54b386c1281,5ac096cc6f20bd8b7d4211fe3779823e4bbe7fea71e204147191c18f60769192,1.0,a6495e1e2d8b7992,ok,1036.9569185143337,True,True,cluster_00579,train,/home/dheirav/Code/Deepfake_Detection/deepfake-project/dataset_builder/train/ai_generated/sd2_000004_64141801-7b56-4673-8af4-660db4eb30fa.jpg
data_sources/ai_generated/SD_TopUp2/sd2_000004_665317a8-389a-41c6-9566-f0f498a12da1.jpg,data_sources/ai_generated/SD_TopUp2,ai_generated,512,512,1.0,JPEG,114974,f33793f4cc711646506f2a04b897bd09,4505dd862b287ece161f6b511679d5eb8902634637c33e0b30765d4fc583f919,1.0,f99ef3f04c46ca04,ok,2346.3553924559965,True,True,cluster_00611,train,/home/dheirav/Code/Deepfake_Detection/deepfake-project/dataset_builder/train/ai_generated/sd2_000004_665317a8-389a-41c6-9566-f0f498a12da1.jpg
data_sources/ai_generated/SD_TopUp2/sd2_000004_669097c0-0c33-46bb-89d3-547c19e8fea6.jpg,data_sources/ai_generated/SD_TopUp2,ai_generated,768,512,1.5,JPEG,113586,f5c77baaf281dd1579b6096ebe91b867,4384a5ee16743797de514af1425f48930d5383d29cac4827af4fa04110ac4b23,1.0,919d29eb52f95183,ok,134.51226755208336,True,True,cluster_00209,train,/home/dheirav/Code/Deepfake_Detection/deepfake-project/dataset_builder/train/ai_generated/sd2_000004_669097c0-0c33-46bb-89d3-547c19e8fea6.jpg
data_sources/ai_generated/SD_TopUp2/sd2_000004_6829021b-76cb-485f-8d4f-b3e7997dcbfb.jpg,data_sources/ai_generated/SD_TopUp2,ai_generated,768,768,1.0,JPEG,265127,046b2de7c53899ce1992ffe37d5c636e,8dcad85c2cabdff04f35ffdee63f883cdac538ea9fcb68b6bdd06bbb70f43d94,1.0,c4b73b4c47c33b48,ok,1026.7359192917716,True,True,cluster_00056,train,/home/dheirav/Code/Deepfake_Detection/deepfake-project/dataset_builder/train/ai_generated/sd2_000004_6829021b-76cb-485f-8d4f-b3e7997dcbfb.jpg
data_sources/ai_generated/SD_TopUp2/sd2_000004_68f7a086-94b0-4e63-b010-5ec081492a70.jpg,data_sources/ai_generated/SD_TopUp2,ai_generated,512,512,1.0,JPEG,112132,cd516c3f30dc4c8e826b7c3b32788f00,2bcf7803386bd199d4de6e6f76801c36203ccec89673cc2d16770f8dafbae913,1.0,ff37921ac2c96960,ok,552.4404433089658,True,True,cluster_00634,train,/home/dheirav/Code/Deepfake_Detection/deepfake-project/dataset_builder/train/ai_generated/sd2_000004_68f7a086-94b0-4e63-b010-5ec081492a70.jpg
data_sources/ai_generated/SD_TopUp2/sd2_000004_69c8f0dc-cd59-47d2-a2eb-866b71810e27.jpg,data_sources/ai_generated/SD_TopUp2,ai_generated,768,512,1.5,JPEG,102959,8356fdfab3cda97c7afaaec4b1adea82,823938ca20bf71eac866db043218fffabdb35eb071dbaa138a661167075a98ba,1.0,b6b1094c7cde7603,ok,100.96602379592109,True,True,cluster_00211,train,/home/dheirav/Code/Deepfake_Detection/deepfake-project/dataset_builder/train/ai_generated/sd2_000004_69c8f0dc-cd59-47d2-a2eb-866b71810e27.jpg
data_sources/ai_generated/SD_TopUp2/sd2_000004_6a83346a-7bcb-4a77-8f4d-c0ec7b1e2cfd.jpg,data_sources/ai_generated/SD_TopUp2,ai_generated,512,704,0.7273,JPEG,91654,57c5d9ea2065deac09d30e20c84d1ffd,956ecb24d4a6b436d417ad3207f305e368eaedcf2920a31517626687d011b8de,1.0,b14f465c19b33933,ok,537.7141289117106,True,True,cluster_00293,train,/home/dheirav/Code/Deepfake_Detection/deepfake-project/dataset_builder/train/ai_generated/sd2_000004_6a83346a-7bcb-4a77-8f4d-c0ec7b1e2cfd.jpg
data_sources/ai_generated/SD_TopUp2/sd2_000004_6c30f925-210a-4d3b-8fc2-00b5621cc1bc.jpg,data_sources/ai_generated/SD_TopUp2,ai_generated,512,512,1.0,JPEG,161327,29e0be197b3d280aa9bb16e3a6c47738,372e10f289358e93d0f105a518e4d34f61ed44780af2bb2d4108c413d330ad05,1.0,bdd033dc420bd4ce,ok,1462.3868080176762,True,True,cluster_00414,train,/home/dheirav/Code/Deepfake_Detection/deepfake-project/dataset_builder/train/ai_generated/sd2_000004_6c30f925-210a-4d3b-8fc2-00b5621cc1bc.jpg
data_sources/ai_generated/SD_TopUp2/sd2_000004_6c685787-67cc-4e00-a632-e5daaa89cdda.jpg,data_sources/ai_generated/SD_TopUp2,ai_generated,768,512,1.5,JPEG,168411,a6babfda2364e75a8300bb9e264dafb2,69c6da190c1934b16461e9aff753477b6b40c52a5a5fcec189f17e8653e20412,1.0,b0b123c44cdf0e6f,ok,1768.886139091046,True,True,cluster_00182,train,/home/dheirav/Code/Deepfake_Detection/deepfake-project/dataset_builder/train/ai_generated/sd2_000004_6c685787-67cc-4e00-a632-e5daaa89cdda.jpg
data_sources/ai_generated/SD_TopUp2/sd2_000004_6ca4b48a-b391-4655-bc95-387b12f9ff89.jpg,data_sources/ai_generated/SD_TopUp2,ai_generated,512,512,1.0,JPEG,140094,893a04357fb17bfaf890b9688a402d7c,236d3bb5be3f581f3ca80abc9ae31c111ce7e13350c71705346151967fc7c4e6,1.0,8d9716d20bf14b4d,ok,1665.2125446471473,True,True,cluster_00476,train,/home/dheirav/Code/Deepfake_Detection/deepfake-project/dataset_builder/train/ai_generated/sd2_000004_6ca4b48a-b391-4655-bc95-387b12f9ff89.jpg
data_sources/ai_generated/SD_TopUp2/sd2_000004_6d5df1e9-b547-49a1-ac67-08e13a0fabde.jpg,data_sources/ai_generated/SD_TopUp2,ai_generated,512,512,1.0,JPEG,152970,f304a5884586c73566e9edea630f85f3,8cb059d9727a70e9999e172f634b4d0ab3af9430acf7152e402fec35810debb8,1.0,9c6825663b93ce4b,ok,3312.5091715477756,True,True,cluster_00437,train,/home/dheirav/Code/Deepfake_Detection/deepfake-project/dataset_builder/train/ai_generated/sd2_000004_6d5df1e9-b547-49a1-ac67-08e13a0fabde.jpg
data_sources/ai_generated/SD_TopUp2/sd2_000004_6dda0f5f-016c-4c15-8c6c-5530e1889781.jpg,data_sources/ai_generated/SD_TopUp2,ai_generated,512,768,0.6667,JPEG,212274,1bce491b36cfa9c24ebd2553516d6327,ddb756cd747850ebff0f19d56e6c285f768d25a7f0159822e45cd13f1752c710,1.0,afb9702c32f8f058,ok,3893.3477549606664,True,True,cluster_00143,train,/home/dheirav/Code/Deepfake_Detection/deepfake-project/dataset_builder/train/ai_generated/sd2_000004_6dda0f5f-016c-4c15-8c6c-5530e1889781.jpg
data_sources/ai_generated/SD_TopUp2/sd2_000004_6e14f214-4f69-4047-8106-ed513d8a9ed0.jpg,data_sources/ai_generated/SD_TopUp2,ai_generated,512,512,1.0,JPEG,118572,faf951329292de1852789c1902ad7af6,7badcd4e981e0e19e4f37d146bde14c1a04cd022eada31f62ad92e581b7f6ea8,1.0,b0f0a7c3499e8b8b,ok,1467.0458754037973,True,True,cluster_00591,train,/home/dheirav/Code/Deepfake_Detection/deepfake-project/dataset_builder/train/ai_generated/sd2_000004_6e14f214-4f69-4047-8106-ed513d8a9ed0.jpg
data_sources/ai_generated/SD_TopUp2/sd2_000004_70b73ab4-9584-4f5c-bcda-e95c167886c0.jpg,data_sources/ai_generated/SD_TopUp2,ai_generated,512,512,1.0,JPEG,120205,914eb3b28093f8e1b456dd5cedf6e39a,eb1320eda62d3546fda9408e113071eefbe13599b0e5525f8dc3a79439a61f80,1.0,cd03343d327fd232,ok,1413.235584163558,True,True,cluster_00582,train,/home/dheirav/Code/Deepfake_Detection/deepfake-project/dataset_builder/train/ai_generated/sd2_000004_70b73ab4-9584-4f5c-bcda-e95c167886c0.jpg
data_sources/ai_generated/SD_TopUp2/sd2_000004_70e3ba56-a682-455b-9e1f-33750f20c0ef.jpg,data_sources/ai_generated/SD_TopUp2,ai_generated,1024,512,2.0,JPEG,397185,4314f6e2b697e7d22b430edd9e3c3f51,8ee2a0bbac07484fdd454b1f0368591db0a494517204307ead4eb8e3a61a84b8,1.0,d02d1f9e97c0e195,ok,3337.074310022372,True,True,cluster_00065,train,/home/dheirav/Code/Deepfake_Detection/deepfake-project/dataset_builder/train/ai_generated/sd2_000004_70e3ba56-a682-455b-9e1f-33750f20c0ef.jpg
data_sources/ai_generated/SD_TopUp2/sd2_000004_70ed98fa-d4f4-4649-8e8c-b2e666f7a0a0.jpg,data_sources/ai_generated/SD_TopUp2,ai_generated,1024,576,1.7778,JPEG,247679,cb3b05dd16e111b484a88482145126a7,16c7243d471eec110421dae1b152440e8b184cbb8d2bc9c2048696b3c8a56c2b,1.0,922e6f91349a6a1f,ok,770.0150530512019,True,True,cluster_00058,train,/home/dheirav/Code/Deepfake_Detection/deepfake-project/dataset_builder/train/ai_generated/sd2_000004_70ed98fa-d4f4-4649-8e8c-b2e666f7a0a0.jpg
data_sources/ai_generated/SD_TopUp2/sd2_000004_71d56de3-09f0-4796-a9a8-ed9b9d08518a.jpg,data_sources/ai_generated/SD_TopUp2,ai_generated,512,512,1.0,JPEG,120328,e49c81b89bb9af9079f10a7aec6915c6,acbff164f5e84f9a9bd9f8b9cd4a0688ff46bc508e6a3178148ed8ba406c4c49,1.0,bb247fec2aa0903d,ok,1176.709667146206,True,True,cluster_00580,train,/home/dheirav/Code/Deepfake_Detection/deepfake-project/dataset_builder/train/ai_generated/sd2_000004_71d56de3-09f0-4796-a9a8-ed9b9d08518a.jpg
data_sources/ai_generated/SD_TopUp2/sd2_000004_71f91357-9c9d-487f-844b-42339c272d2f.jpg,data_sources/ai_generated/SD_TopUp2,ai_generated,512,512,1.0,JPEG,111988,d5962a3bd8b5949e9d262ae8d008399f,ced7a367b6746c0bdba682b1c052ecf740c455ee3c152958b0ccb8ef72d74a9f,1.0,f6f2c030336dc6b2,ok,510.25935810705414,True,True,cluster_00635,train,/home/dheirav/Code/Deepfake_Detection/deepfake-project/dataset_builder/train/ai_generated/sd2_000004_71f91357-9c9d-487f-844b-42339c272d2f.jpg
data_sources/ai_generated/SD_TopUp2/sd2_000004_73f8710e-996f-4bda-94ce-ed46d7d4a5ed.jpg,data_sources/ai_generated/SD_TopUp2,ai_generated,640,768,0.8333,JPEG,334581,74cb1313f9d5086827bfa4216f3fd52b,b86b4be59ac4db71d5a257f0962c6e90333adc05200b4b17190cffd23f0b5b3b,1.0,d0c4c3861e9f9ea5,ok,4857.590630244795,True,True,cluster_00082,train,/home/dheirav/Code/Deepfake_Detection/deepfake-project/dataset_builder/train/ai_generated/sd2_000004_73f8710e-996f-4bda-94ce-ed46d7d4a5ed.jpg
data_sources/ai_generated/SD_TopUp2/sd2_000004_74baac5d-0ab5-4ff6-95d7-17b0a63632d2.jpg,data_sources/ai_generated/SD_TopUp2,ai_generated,512,512,1.0,JPEG,126564,95cc87b83239bfe886218eed8ebbe516,01030ada5f0bbbf073f670f187f2f5748a9a650052cd34562ad0b618f7b16539,1.0,d5a9869053714fce,ok,1223.5000868802308,True,True,cluster_00536,train,/home/dheirav/Code/Deepfake_Detection/deepfake-project/dataset_builder/train/ai_generated/sd2_000004_74baac5d-0ab5-4ff6-95d7-17b0a63632d2.jpg
data_sources/ai_generated/SD_TopUp2/sd2_000004_7647d2ff-29c6-466f-9db5-7e03e3d9111e.jpg,data_sources/ai_generated/SD_TopUp2,ai_generated,512,704,0.7273,JPEG,159166,7af8fa789f0f474845f800c7783b78c0,8ececf54d0e7c81c7e1911ade5fb5cbad88282b66e6cbf4aaf398f64aef0c783,1.0,949d4963669c336d,ok,700.7999885229717,True,True,cluster_00249,train,/home/dheirav/Code/Deepfake_Detection/deepfake-project/dataset_builder/train/ai_generated/sd2_000004_7647d2ff-29c6-466f-9db5-7e03e3d9111e.jpg
data_sources/ai_generated/SD_TopUp2/sd2_000004_770c841c-d9fb-4f84-bbc5-2124921b275a.jpg,data_sources/ai_generated/SD_TopUp2,ai_generated,512,512,1.0,JPEG,178094,aea01c33fbf81cdb65eef4cc24bfd0fa,5d84af16de033c428b4a4cb92a8ffec1d6f578988480b578e422ad3a93924f12,1.0,bbf3814e94cb9065,ok,12933.489771920198,True,True,cluster_00388,train,/home/dheirav/Code/Deepfake_Detection/deepfake-project/dataset_builder/train/ai_generated/sd2_000004_770c841c-d9fb-4f84-bbc5-2124921b275a.jpg
data_sources/ai_generated/SD_TopUp2/sd2_000004_776892fe-f2a8-4058-af49-d776769f744f.jpg,data_sources/ai_generated/SD_TopUp2,ai_generated,512,704,0.7273,JPEG,133992,e56b456b1a03fa002555a31a83b708a4,c593a359eb712c0ced35f14343d3797b52b16aab29b4b8316bb53d4f224741c9,1.0,99d0f7de8ad82071,ok,590.1197041483628,True,True,cluster_00264,train,/home/dheirav/Code/Deepfake_Detection/deepfake-project/dataset_builder/train/ai_generated/sd2_000004_776892fe-f2a8-4058-af49-d776769f744f.jpg
data_sources/ai_generated/SD_TopUp2/sd2_000004_788d68ba-eb6a-437c-86cf-29a85ad43a0e.jpg,data_sources/ai_generated/SD_TopUp2,ai_generated,768,640,1.2,JPEG,202955,3486c6d5b329662a4701bd44727d61c6,21e390fb8d303bb939426decee95e35848c0be0ca6abc627c5606243623d23d6,1.0,aa34342b43b56e79,ok,327.34895242789963,True,True,cluster_00085,train,/home/dheirav/Code/Deepfake_Detection/deepfake-project/dataset_builder/train/ai_generated/sd2_000004_788d68ba-eb6a-437c-86cf-29a85ad43a0e.jpg
data_sources/ai_generated/SD_TopUp2/sd2_000004_791f49b2-c766-4d84-9c0e-1a44dfdc98a5.jpg,data_sources/ai_generated/SD_TopUp2,ai_generated,512,640,0.8,JPEG,193112,6db60329c03b470fa5c821f6008cd708,3265063f6b22648486edf9f6b3e228b78c9d82a55f3fedc0786cd4de4c1f9723,1.0,9a12704ee54d6dcd,ok,4170.225568579874,True,True,cluster_00307,train,/home/dheirav/Code/Deepfake_Detection/deepfake-project/dataset_builder/train/ai_generated/sd2_000004_791f49b2-c766-4d84-9c0e-1a44dfdc98a5.jpg
data_sources/ai_generated/SD_TopUp2/sd2_000004_79c9c63f-4c3a-40da-bd7f-19373a486126.jpg,data_sources/ai_generated/SD_TopUp2,ai_generated,1024,640,1.6,JPEG,482095,15af26ec1e7905e060281ac6f9d68f5b,01ec484ca7e3799ae22beb4215d3457b628d8753591a89470536b0310cdde1a6,1.0,ca2aec2f6c8b7192,ok,5747.002299445411,True,True,cluster_00033,train,/home/dheirav/Code/Deepfake_Detection/deepfake-project/dataset_builder/train/ai_generated/sd2_000004_79c9c63f-4c3a-40da-bd7f-19373a486126.jpg
data_sources/ai_generated/SD_TopUp2/sd2_000004_7a6bfe65-1b3c-47a7-8e29-fed460696e94.jpg,data_sources/ai_generated/SD_TopUp2,ai_generated,512,512,1.0,JPEG,162670,e5898bfb423439c5d8c63b78ea7ec362,bac0c4b51cd56fdad42f83ec33d503fde3d42179fc63662f53bdfa4bb544fd0c,1.0,95c362c06a7a3c3f,ok,2288.3420629545435,True,True,cluster_00411,train,/home/dheirav/Code/Deepfake_Detection/deepfake-project/dataset_builder/train/ai_generated/sd2_000004_7a6bfe65-1b3c-47a7-8e29-fed460696e94.jpg
data_sources/ai_generated/SD_TopUp2/sd2_000004_7d332fe9-b884-48ff-894e-1cf42e49ad1a.jpg,data_sources/ai_generated/SD_TopUp2,ai_generated,512,512,1.0,JPEG,127223,e3c62080176c369fa1ab51aae09409c1,1381a063b2d8c5919f8b6007bcb068522a8ef0a261c394d731a7c6830562bb66,1.0,f89692c3c9c9cc8e,ok,1797.4813458768185,True,True,cluster_00530,train,/home/dheirav/Code/Deepfake_Detection/deepfake-project/dataset_builder/train/ai_generated/sd2_000004_7d332fe9-b884-48ff-894e-1cf42e49ad1a.jpg
data_sources/ai_generated/SD_TopUp2/sd2_000004_7d88d96b-0cdc-4136-8f6e-17ff8bce5e93.jpg,data_sources/ai_generated/SD_TopUp2,ai_generated,512,512,1.0,JPEG,132210,6fae2babaf1f14eb0a511650364075f4,042f8705e6f512e6dfbfc99c4295054bb3554dbcbad10191f86aa7ffd19ecdf7,1.0,fd350b88d93adc18,ok,2332.723149071433,True,True,cluster_00513,train,/home/dheirav/Code/Deepfake_Detection/deepfake-project/dataset_builder/train/ai_generated/sd2_000004_7d88d96b-0cdc-4136-8f6e-17ff8bce5e93.jpg
data_sources/ai_generated/SD_TopUp2/sd2_000004_7d89c142-2a16-4699-a1f3-f29dd1235b30.jpg,data_sources/ai_generated/SD_TopUp2,ai_generated,512,640,0.8,JPEG,120698,524db29d2141dba7447e17c4117916a6,737ad00119efa5cc900616aff310a79b5ae55e1a31bd0c324f008033b593bc7f,1.0,c83d3dd3164933cc,ok,438.85119415036405,True,True,cluster_00349,train,/home/dheirav/Code/Deepfake_Detection/deepfake-project/dataset_builder/train/ai_generated/sd2_000004_7d89c142-2a16-4699-a1f3-f29dd1235b30.jpg
data_sources/ai_generated/SD_TopUp2/sd2_000004_7e289678-9bcc-411f-b248-1e677e1aeb74.jpg,data_sources/ai_generated/SD_TopUp2,ai_generated,1024,512,2.0,JPEG,225893,477d2b2758de255187a68b80e37e1085,ed9534ca78ef768752204a10819f2eaaba99bb8baa78b2233e1afa1f56f01fd4,1.0,e693398c43bcd623,ok,955.0765609968075,True,True,cluster_00072,train,/home/dheirav/Code/Deepfake_Detection/deepfake-project/dataset_builder/train/ai_generated/sd2_000004_7e289678-9bcc-411f-b248-1e677e1aeb74.jpg
data_sources/ai_generated/SD_TopUp2/sd2_000004_7f8e9df3-aaf5-4580-94db-16000d423687.jpg,data_sources/ai_generated/SD_TopUp2,ai_generated,640,1024,0.625,JPEG,437264,35ff12e8251f6ef548d74e3ced2756ed,e705fae1221586d7fdc22172700e8a51692b2eb0ec69d2c17253371c7a19584a,1.0,d4999e99d0c9f6c0,ok,3957.549695461223,True,True,cluster_00037,train,/home/dheirav/Code/Deepfake_Detection/deepfake-project/dataset_builder/train/ai_generated/sd2_000004_7f8e9df3-aaf5-4580-94db-16000d423687.jpg
data_sources/ai_generated/SD_TopUp2/sd2_000004_8002bd9e-1762-4c5d-9629-b7a4b4d3ff74.jpg,data_sources/ai_generated/SD_TopUp2,ai_generated,896,512,1.75,JPEG,261780,0cefe6d733ee9f2e70b6e92c5cfcfdfb,65296902443d5e31a3f3e617a4c560f50dcec7811908f95589121ba33d6911ae,1.0,d1cce9c890cf74ac,ok,1588.8602599659741,True,True,cluster_00096,train,/home/dheirav/Code/Deepfake_Detection/deepfake-project/dataset_builder/train/ai_generated/sd2_000004_8002bd9e-1762-4c5d-9629-b7a4b4d3ff74.jpg
data_sources/ai_generated/SD_TopUp2/sd2_000004_8089ad9d-8e56-4d5d-8509-df3a67d4f7f5.jpg,data_sources/ai_generated/SD_TopUp2,ai_generated,832,832,1.0,JPEG,227709,36aa631890ebbcd9f769a597b20762fd,52bbc29ca31ac14730a206ab269e0572f94f9b4ecdd6b43190a57ffc3c365356,1.0,d2d21be0e41ff0f0,ok,151.69665164225393,True,True,cluster_00028,train,/home/dheirav/Code/Deepfake_Detection/deepfake-project/dataset_builder/train/ai_generated/sd2_000004_8089ad9d-8e56-4d5d-8509-df3a67d4f7f5.jpg
data_sources/ai_generated/SD_TopUp2/sd2_000004_81f2c2ff-562c-4b9f-b711-5424d1e9185d.jpg,data_sources/ai_generated/SD_TopUp2,ai_generated,640,640,1.0,JPEG,125336,8bfc14bccbe2da83d4057288748deb26,1cd92da5f728fea6ee81582e01649a155513bdab6b1d05f029b619d822897fd2,1.0,939b6a1c62e5857a,ok,1091.3109628085854,True,True,cluster_00118,train,/home/dheirav/Code/Deepfake_Detection/deepfake-project/dataset_builder/train/ai_generated/sd2_000004_81f2c2ff-562c-4b9f-b711-5424d1e9185d.jpg
data_sources/ai_generated/SD_TopUp2/sd2_000004_82d5f698-18ec-4199-89c4-06a2f320d691.jpg,data_sources/ai_generated/SD_TopUp2,ai_generated,512,512,1.0,JPEG,125621,34b1a5bb00edc95605262fd82897f9de,9b1d34131a061efed911a36ca2f7a92e6ef6a0708bb2182a5ccbc10ae2be6fbc,1.0,9bbcd14d6a8ab426,ok,927.0289589604363,True,True,cluster_00543,train,/home/dheirav/Code/Deepfake_Detection/deepfake-project/dataset_builder/train/ai_generated/sd2_000004_82d5f698-18ec-4199-89c4-06a2f320d691.jpg
data_sources/ai_generated/SD_TopUp2/sd2_000004_84a79813-7fd8-4e77-873d-331e79714c6c.jpg,data_sources/ai_generated/SD_TopUp2,ai_generated,512,512,1.0,JPEG,177765,364bc42d8695ab86b8a690aed803d3fb,2ffbbbcb1db9f728ecbbb30ac2159fabdbf73f5d61c78f343d3fdd12279ed804,1.0,b17086875bdc6e34,ok,11149.026270813309,True,True,cluster_00389,train,/home/dheirav/Code/Deepfake_Detection/deepfake-project/dataset_builder/train/ai_generated/sd2_000004_84a79813-7fd8-4e77-873d-331e79714c6c.jpg
data_sources/ai_generated/SD_TopUp2/sd2_000004_884bc918-1797-42c7-a6a4-449cb684c802.jpg,data_sources/ai_generated/SD_TopUp2,ai_generated,512,512,1.0,JPEG,115066,0f31cc085e8137f8091d36c6f4c6e11a,02407937b847d1144f9edd654138bc867378230856501cd8c76eb9a91e4b8b83,1.0,cece4330b93135d6,ok,589.6618252633489,True,True,cluster_00610,train,/home/dheirav/Code/Deepfake_Detection/deepfake-project/dataset_builder/train/ai_generated/sd2_000004_884bc918-1797-42c7-a6a4-449cb684c802.jpg
data_sources/ai_generated/SD_TopUp2/sd2_000004_88a4ec53-b7c0-4f04-a1cf-2a648c7884c8.jpg,data_sources/ai_generated/SD_TopUp2,ai_generated,896,512,1.75,JPEG,209905,fd10a082bf172269363e408f3c5eb715,bf4c21d79d427cfdb9b3576cb5d7a35abf58361830e2a4f173263e494fa2e703,1.0,d0f0b0f094bcdc3d,ok,810.7828723192025,True,True,cluster_00099,train,/home/dheirav/Code/Deepfake_Detection/deepfake-project/dataset_builder/train/ai_generated/sd2_000004_88a4ec53-b7c0-4f04-a1cf-2a648c7884c8.jpg
data_sources/ai_generated/SD_TopUp2/sd2_000004_8b2e9577-6dee-4d1a-a2cd-7bac7b8507f4.jpg,data_sources/ai_generated/SD_TopUp2,ai_generated,512,704,0.7273,JPEG,172742,c502c2a462549ee96a9a9b78c52a295f,87e53346c174ee8c54fcc8292da5da438279ead946f48f9b435c3531b9fbef9b,1.0,cf843261668fcc67,ok,1091.574073689528,True,True,cluster_00243,train,/home/dheirav/Code/Deepfake_Detection/deepfake-project/dataset_builder/train/ai_generated/sd2_000004_8b2e9577-6dee-4d1a-a2cd-7bac7b8507f4.jpg
data_sources/ai_generated/SD_TopUp2/sd2_000004_8b91f2a8-9b07-40ca-af80-19c40bbf7676.jpg,data_sources/ai_generated/SD_TopUp2,ai_generated,512,768,0.6667,JPEG,125869,3ed9ea4302ce4290e5466147a833742f,d2aa97d9cd953bc323fa17af2a53fcdcfeecb72b2f12672071a154bf43bd9974,1.0,dc866331984e6f96,ok,952.1916442798814,True,True,cluster_00204,train,/home/dheirav/Code/Deepfake_Detection/deepfake-project/dataset_builder/train/ai_generated/sd2_000004_8b91f2a8-9b07-40ca-af80-19c40bbf7676.jpg
data_sources/ai_generated/SD_TopUp2/sd2_000004_8dd383d7-b724-4903-af2e-25509a636bd7.jpg,data_sources/ai_generated/SD_TopUp2,ai_generated,512,704,0.7273,JPEG,123669,95556a73865efcc90e949395d44d7d83,f3fc13ced73dd2a6fdb95bc55a0e817691524b9fc3a1cea3617d4121776edd8c,1.0,9b33b1e56154c9c5,ok,586.4522722634093,True,True,cluster_00273,train,/home/dheirav/Code/Deepfake_Detection/deepfake-project/dataset_builder/train/ai_generated/sd2_000004_8dd383d7-b724-4903-af2e-25509a636bd7.jpg
data_sources/ai_generated/SD_TopUp2/sd2_000004_8e2fed34-3417-48f8-8582-2eeb1b4cedba.jpg,data_sources/ai_generated/SD_TopUp2,ai_generated,512,640,0.8,JPEG,243654,5704cd3f3488589d53657138a52bbcfe,f17a2d9445bf3fa2d701c009ee19dbf402b10ea62d03dabe1f0f0d9f095c072b,1.0,ef239c9163c846c7,ok,44444.00701239101,True,True,cluster_00297,train,/home/dheirav/Code/Deepfake_Detection/deepfake-project/dataset_builder/train/ai_generated/sd2_000004_8e2fed34-3417-48f8-8582-2eeb1b4cedba.jpg
data_sources/ai_generated/SD_TopUp2/sd2_000004_8f6e77a1-f439-4f36-8cb0-ba90d9ea9b8c.jpg,data_sources/ai_generated/SD_TopUp2,ai_generated,640,1024,0.625,JPEG,520003,041843c2f8122d7e7d5f87e3e2a853cd,be31ee4f7787edede10163952879166e98e26e937554314a0ee30b6bc10284db,1.0,e2aa7bb836a6a852,ok,9800.109307804665,True,True,cluster_00030,train,/home/dheirav/Code/Deepfake_Detection/deepfake-project/dataset_builder/train/ai_generated/sd2_000004_8f6e77a1-f439-4f36-8cb0-ba90d9ea9b8c.jpg
data_sources/ai_generated/SD_TopUp2/sd2_000004_901f48bd-5a73-43e1-ac8a-24f9b25c9702.jpg,data_sources/ai_generated/SD_TopUp2,ai_generated,1024,640,1.6,JPEG,260325,8fd4f203306e942f78cba7500181e7a4,e4c914476be0cff1edd8e3150663e52b0537de0e1a75ae79aeabe1b981b1e07c,1.0,b08c4ce05fe3782f,ok,939.5135165291256,True,True,cluster_00044,train,/home/dheirav/Code/Deepfake_Detection/deepfake-project/dataset_builder/train/ai_generated/sd2_000004_901f48bd-5a73-43e1-ac8a-24f9b25c9702.jpg
data_sources/ai_generated/SD_TopUp2/sd2_000004_905d4e2f-816d-48d1-869d-c1e1b02b2b60.jpg,data_sources/ai_generated/SD_TopUp2,ai_generated,768,512,1.5,JPEG,279753,fac2b124007cd5dc4bf7a8599cb861a9,c23f6e3a647b491e5234d0fe7332e1b04307b43971232bc06c7ce2dc2c83afc3,1.0,8496cd1a756992f5,ok,1767.4833867135974,True,True,cluster_00123,train,/home/dheirav/Code/Deepfake_Detection/deepfake-project/dataset_builder/train/ai_generated/sd2_000004_905d4e2f-816d-48d1-869d-c1e1b02b2b60.jpg
data_sources/ai_generated/SD_TopUp2/sd2_000004_90beb422-a0f3-4273-82d6-f3e631a6cdde.jpg,data_sources/ai_generated/SD_TopUp2,ai_generated,512,512,1.0,JPEG,171274,c2b31ec8e695839d3d610a548a365ed1,13bd86463ed6d328dce761116ccbd15e8ef144732bf9d77c3d94cef2b8090cbe,1.0,db1aa5e4a4a238f9,ok,11774.828328779065,True,True,cluster_00399,train,/home/dheirav/Code/Deepfake_Detection/deepfake-project/dataset_builder/train/ai_generated/sd2_000004_90beb422-a0f3-4273-82d6-f3e631a6cdde.jpg
data_sources/ai_generated/SD_TopUp2/sd2_000004_9110e59d-bc07-4ee8-86e6-7dd2eb2c5f20.jpg,data_sources/ai_generated/SD_TopUp2,ai_generated,704,512,1.375,JPEG,109069,af76ff3fa56488548ddb622b370816e7,8cedd9a44d9a7e6fab466860d2116c5bfec3c8d2ba80f3d8f21eac967c2e0bc4,1.0,e61ba4923938d6e5,ok,178.68661746062526,True,True,cluster_00282,train,/home/dheirav/Code/Deepfake_Detection/deepfake-project/dataset_builder/train/ai_generated/sd2_000004_9110e59d-bc07-4ee8-86e6-7dd2eb2c5f20.jpg
data_sources/ai_generated/SD_TopUp2/sd2_000004_91202f37-2b33-4d21-beeb-1c4ec536c503.jpg,data_sources/ai_generated/SD_TopUp2,ai_generated,512,512,1.0,JPEG,124137,9150741d56b6cc67d8844bab68b14947,df7539a089934607d51cceb31935dba3e272b0ea44c9b274578bcaf956f58e7c,1.0,af0d9233ccccc336,ok,4919.378637393572,True,True,cluster_00550,train,/home/dheirav/Code/Deepfake_Detection/deepfake-project/dataset_builder/train/ai_generated/sd2_000004_91202f37-2b33-4d21-beeb-1c4ec536c503.jpg
data_sources/ai_generated/SD_TopUp2/sd2_000004_9342f4d4-1c93-441d-9cbc-564968e9c63c.jpg,data_sources/ai_generated/SD_TopUp2,ai_generated,512,512,1.0,JPEG,155227,0b1d0c11ace8cee0f7a6d41c520809c4,9fe46c84a2cee8feb1466d078545e712d7772c99809aececb3e83a11bf94f9f8,1.0,8cc1b3756c9e219b,ok,1606.4816143279895,True,True,cluster_00433,train,/home/dheirav/Code/Deepfake_Detection/deepfake-project/dataset_builder/train/ai_generated/sd2_000004_9342f4d4-1c93-441d-9cbc-564968e9c63c.jpg
data_sources/ai_generated/SD_TopUp2/sd2_000004_9738aba8-0fd0-4097-84f7-6ab5c5d7fd1c.jpg,data_sources/ai_generated/SD_TopUp2,ai_generated,512,512,1.0,JPEG,142125,230adb9fb7f22185f7cb1114d5794702,345bad7cba5c1a432d409d3c8e20f041faa930b386c233f8d50120d4dc942964,1.0,bdf087c8806794cf,ok,5204.999489222288,True,True,cluster_00471,train,/home/dheirav/Code/Deepfake_Detection/deepfake-project/dataset_builder/train/ai_generated/sd2_000004_9738aba8-0fd0-4097-84f7-6ab5c5d7fd1c.jpg
data_sources/ai_generated/SD_TopUp2/sd2_000004_9768d9ee-e441-4c4a-a847-252a4ecf5696.jpg,data_sources/ai_generated/SD_TopUp2,ai_generated,640,512,1.25,JPEG,72077,02aa024c581bb10bbe3b126b47f9b966,bd3e4a24bd368ea2e27f5c26dcbeb493a1c84e9037046612b1e4b7f03f1ac4fc,1.0,91e0efbb4a600df4,ok,175.13287441670894,True,True,cluster_00368,train,/home/dheirav/Code/Deepfake_Detection/deepfake-project/dataset_builder/train/ai_generated/sd2_000004_9768d9ee-e441-4c4a-a847-252a4ecf5696.jpg
data_sources/ai_generated/SD_TopUp2/sd2_000004_977c4379-dc5d-4504-acef-e9ab6b3a82a3.jpg,data_sources/ai_generated/SD_TopUp2,ai_generated,512,768,0.6667,JPEG,188808,7b3ebcf981c85d1806be0a55d0a4be1e,89c54bfdbf974bf6f52943edb09abf5f74ba0fcc8aaec902d6476dcebb45043a,1.0,cd34327336ccc936,ok,1462.5139551055552,True,True,cluster_00164,train,/home/dheirav/Code/Deepfake_Detection/deepfake-project/dataset_builder/train/ai_generated/sd2_000004_977c4379-dc5d-4504-acef-e9ab6b3a82a3.jpg
data_sources/ai_generated/SD_TopUp2/sd2_000004_97f5e939-3e4a-4246-8b6a-11e1f92f31ad.jpg,data_sources/ai_generated/SD_TopUp2,ai_generated,640,768,0.8333,JPEG,338594,62a0729ae77406aa3101e0b5b6b5bd25,5f75f87c19c021bd5f181a80c40073ef2c93ab641b85bc819db2aefae23aa8f8,1.0,d1c4c7c61eab1725,ok,6512.101583564774,True,True,cluster_00081,train,/home/dheirav/Code/Deepfake_Detection/deepfake-project/dataset_builder/train/ai_generated/sd2_000004_97f5e939-3e4a-4246-8b6a-11e1f92f31ad.jpg
data_sources/ai_generated/SD_TopUp2/sd2_000004_991a7712-390b-408e-beee-4169338ffd23.jpg,data_sources/ai_generated/SD_TopUp2,ai_generated,704,512,1.375,JPEG,143586,01aeb17c6771e7c0afcc820a5b79ab83,7adfbe46c92901b06a2ba2c14c4370500e6dc4d0f043b1659a44610387e4aee0,1.0,f8ec78f3842c33c8,ok,417.3980708958443,True,True,cluster_00258,train,/home/dheirav/Code/Deepfake_Detection/deepfake-project/dataset_builder/train/ai_generated/sd2_000004_991a7712-390b-408e-beee-4169338ffd23.jpg
data_sources/ai_generated/SD_TopUp2/sd2_000004_9a34b373-9d07-4cd3-940e-9a60e0733585.jpg,data_sources/ai_generated/SD_TopUp2,ai_generated,512,512,1.0,JPEG,122949,e9327e4ac894294228a9b9518107d50d,5d678c55e5cc31dcc5d1b42e01c755726619bc659e6f6ea25ad7f9afa5f1058d,1.0,8ca663d98d2631db,ok,1535.3670273683965,True,True,cluster_00558,train,/home/dheirav/Code/Deepfake_Detection/deepfake-project/dataset_builder/train/ai_generated/sd2_000004_9a34b373-9d07-4cd3-940e-9a60e0733585.jpg
data_sources/ai_generated/SD_TopUp2/sd2_000004_9e20c740-bedf-4fad-b18c-0c1422ae800c.jpg,data_sources/ai_generated/SD_TopUp2,ai_generated,512,896,0.5714,JPEG,198683,01101b701deaffdeca4ff13fc6860d8c,536d9ac2e95e0623c47867bfff067ff788fe00098f08be44f5bcc37c139c8a65,1.0,d5e53093614a796d,ok,875.7851225339892,True,True,cluster_00100,train,/home/dheirav/Code/Deepfake_Detection/deepfake-project/dataset_builder/train/ai_generated/sd2_000004_9e20c740-bedf-4fad-b18c-0c1422ae800c.jpg
data_sources/ai_generated/SD_TopUp2/sd2_000004_9eeeced7-dbae-441f-9d66-169bd928e215.jpg,data_sources/ai_generated/SD_TopUp2,ai_generated,512,640,0.8,JPEG,113034,5bea0f6494d2625a0f3060b677fa8991,32cd60eefafbcbb7c1863fe9070278982b4199ba80805cce896e48fbf56c08cc,1.0,ca20251bf6c56dce,ok,671.9077410446107,True,True,cluster_00354,train,/home/dheirav/Code/Deepfake_Detection/deepfake-project/dataset_builder/train/ai_generated/sd2_000004_9eeeced7-dbae-441f-9d66-169bd928e215.jpg
data_sources/ai_generated/SD_TopUp2/sd2_000004_a072607f-82a3-4b66-b7ca-82f5fbf7eb9c.jpg,data_sources/ai_generated/SD_TopUp2,ai_generated,512,512,1.0,JPEG,159218,17d67eb38a2d7830c52fe44b87eae017,19bbdd6617c4363549fb82fc4c16a530032aaf8e2897618812e62ec3298642fa,1.0,c4f10fd4cc2f5878,ok,8206.814498532196,True,True,cluster_00426,train,/home/dheirav/Code/Deepfake_Detection/deepfake-project/dataset_builder/train/ai_generated/sd2_000004_a072607f-82a3-4b66-b7ca-82f5fbf7eb9c.jpg
data_sources/ai_generated/SD_TopUp2/sd2_000004_a13d719c-2365-4bf0-94c2-808ac793e72d.jpg,data_sources/ai_generated/SD_TopUp2,ai_generated,768,512,1.5,JPEG,191061,bf00deeede0dae6816704a1019ec9943,9f5544d9e143c0c56d514466b36381d44a2f26ecab934010dc3063816ee5c871,1.0,d1277c58a1d70fd0,ok,655.9139367379183,True,True,cluster_00160,train,/home/dheirav/Code/Deepfake_Detection/deepfake-project/dataset_builder/train/ai_generated/sd2_000004_a13d719c-2365-4bf0-94c2-808ac793e72d.jpg
data_sources/ai_generated/SD_TopUp2/sd2_000004_a2e47c64-aa39-4036-8f52-73b4effc00ba.jpg,data_sources/ai_generated/SD_TopUp2,ai_generated,512,768,0.6667,JPEG,174313,cc00be3dce46a84e9e9d2a08d9d6190f,57b35d5a411e4fd4e7cf80f6da98cd419959086f025b1f89be77d7814e07b369,1.0,eaa1f6b1c2c4bc31,ok,801.8441212783413,True,True,cluster_00174,train,/home/dheirav/Code/Deepfake_Detection/deepfake-project/dataset_builder/train/ai_generated/sd2_000004_a2e47c64-aa39-4036-8f52-73b4effc00ba.jpg
data_sources/ai_generated/SD_TopUp2/sd2_000004_a670eceb-0671-4e67-947a-def61fc171cb.jpg,data_sources/ai_generated/SD_TopUp2,ai_generated,512,704,0.7273,JPEG,105804,d768127a0bb272243365a9bc04c33c0d,2034e836e4bf7d98370d479e53807d49ac5daaa4295d640e54756ba5155df041,1.0,b99160590d3e7fe0,ok,174.4659221337046,True,True,cluster_00284,train,/home/dheirav/Code/Deepfake_Detection/deepfake-project/dataset_builder/train/ai_generated/sd2_000004_a670eceb-0671-4e67-947a-def61fc171cb.jpg
data_sources/ai_generated/SD_TopUp2/sd2_000004_a83f0c84-6c99-4954-bdf0-51fa94b9e776.jpg,data_sources/ai_generated/SD_TopUp2,ai_generated,768,512,1.5,JPEG,138524,b32c8eeef00836b9aeeb0fa8cac16572,9c53a9c61633c4a48ce6734265069661d81178e24fdfbf6162ac851df3702126,1.0,94c9c9b0c3ce6e99,ok,480.01139428838434,True,True,cluster_00197,train,/home/dheirav/Code/Deepfake_Detection/deepfake-project/dataset_builder/train/ai_generated/sd2_000004_a83f0c84-6c99-4954-bdf0-51fa94b9e776.jpg
data_sources/ai_generated/SD_TopUp2/sd2_000004_a9a211f5-2bb6-4787-96d9-59ddf4f2509b.jpg,data_sources/ai_generated/SD_TopUp2,ai_generated,512,768,0.6667,JPEG,122684,b2f8027d92b202d6180cdf237d3da2b3,520426c981feba05dd0f2586b386b9b69c9570a7d852464194276bc8e5c0fe78,1.0,a6945e5b4b2730c7,ok,486.55267578828426,True,True,cluster_00205,train,/home/dheirav/Code/Deepfake_Detection/deepfake-project/dataset_builder/train/ai_generated/sd2_000004_a9a211f5-2bb6-4787-96d9-59ddf4f2509b.jpg
data_sources/ai_generated/SD_TopUp2/sd2_000004_aa1b42b5-033d-42d1-baef-fc5545b44b19.jpg,data_sources/ai_generated/SD_TopUp2,ai_generated,512,512,1.0,JPEG,115411,3639b6e224782b3b30c35f13e06360c9,0ee04863c1b565eb8948e55d113db06658a927f1143b6e8ef1b23d026ca2a8ea,1.0,a2ced2db43289fa4,ok,1536.0334303332347,True,True,cluster_00607,train,/home/dheirav/Code/Deepfake_Detection/deepfake-project/dataset_builder/train/ai_generated/sd2_000004_aa1b42b5-033d-42d1-baef-fc5545b44b19.jpg
data_sources/ai_generated/SD_TopUp2/sd2_000004_ab5be85c-8490-4379-8273-2574bd24cc53.jpg,data_sources/ai_generated/SD_TopUp2,ai_generated,832,512,1.625,JPEG,104733,69cb747af8e636bb3e470c51d803ae4a,75fb114852721c1883df28cb2a3aea8ef95be5287c5cc0a5464e8d1bae0fe84f,1.0,f9da52ad2dca5414,ok,880.7669981935354,True,True,cluster_00115,train,/home/dheirav/Code/Deepfake_Detection/deepfake-project/dataset_builder/train/ai_generated/sd2_000004_ab5be85c-8490-4379-8273-2574bd24cc53.jpg
data_sources/ai_generated/SD_TopUp2/sd2_000004_ac0112f8-d5df-4f6c-8116-cb4db36570d4.jpg,data_sources/ai_generated/SD_TopUp2,ai_generated,512,704,0.7273,JPEG,194852,d58d30f2bdbabe954e02a1acf721ed4f,59a496bf4e72d655b1cb7c4692191f1ace141714540b97793195ea304413b49c,1.0,f791c0371fc83bc0,ok,2845.6604832899025,True,True,cluster_00232,train,/home/dheirav/Code/Deepfake_Detection/deepfake-project/dataset_builder/train/ai_generated/sd2_000004_ac0112f8-d5df-4f6c-8116-cb4db36570d4.jpg
data_sources/ai_generated/SD_TopUp2/sd2_000004_ac60c669-cbee-4c0f-bf23-cedcb0cb02db.jpg,data_sources/ai_generated/SD_TopUp2,ai_generated,1024,576,1.7778,JPEG,202366,581f183c64a1a7de3e7f4463a0d508b9,89a444aa1ad2ebd405413764f9b28a941f0af5baead86b829822e4641dabb2ff,1.0,d9a125de1b0e7741,ok,387.6220075670101,True,True,cluster_00062,train,/home/dheirav/Code/Deepfake_Detection/deepfake-project/dataset_builder/train/ai_generated/sd2_000004_ac60c669-cbee-4c0f-bf23-cedcb0cb02db.jpg
data_sources/ai_generated/SD_TopUp2/sd2_000004_ade9a977-6858-448e-a8ef-1128668839ba.jpg,data_sources/ai_generated/SD_TopUp2,ai_generated,512,512,1.0,JPEG,193605,12a06680ae2d86e73c86bc3840a966c9,540dee84bf43dc525699c4a453ac4d7b38243ee8ce9cf69c4ebefb9fb564d1c1,1.0,df5e7fd719182200,ok,13481.211229673336,True,True,cluster_00380,train,/home/dheirav/Code/Deepfake_Detection/deepfake-project/dataset_builder/train/ai_generated/sd2_000004_ade9a977-6858-448e-a8ef-1128668839ba.jpg
data_sources/ai_generated/SD_TopUp2/sd2_000004_ae4d566e-7fa9-41e2-ae0e-67dfd82b98c0.jpg,data_sources/ai_generated/SD_TopUp2,ai_generated,512,768,0.6667,JPEG,193172,441558ac8df901a172456d932090aa61,b6607e7e87a3839a7c99aedd3399fd18e6bab7cccd78bb42cfadc5777f785e62,1.0,ff4b8062fa25c127,ok,1312.929277126826,True,True,cluster_00158,train,/home/dheirav/Code/Deepfake_Detection/deepfake-project/dataset_builder/train/ai_generated/sd2_000004_ae4d566e-7fa9-41e2-ae0e-67dfd82b98c0.jpg
data_sources/ai_generated/SD_TopUp2/sd2_000004_af343a10-decd-4317-8d7e-79d723c726f7.jpg,data_sources/ai_generated/SD_TopUp2,ai_generated,512,512,1.0,JPEG,137439,1374ce073fc53c595cd07c9a03d1e4e3,203c785c71a6bd7e9d354d21cba6641fa696c4b4e2c92522a1091d80fb166ae9,1.0,c5c57a7e49c934a4,ok,1312.4833584361331,True,True,cluster_00489,train,/home/dheirav/Code/Deepfake_Detection/deepfake-project/dataset_builder/train/ai_generated/sd2_000004_af343a10-decd-4317-8d7e-79d723c726f7.jpg
data_sources/ai_generated/SD_TopUp2/sd2_000004_b0ae57b5-319f-43e4-a473-c1026ca38510.jpg,data_sources/ai_generated/SD_TopUp2,ai_generated,512,832,0.6154,JPEG,89644,760c5a8a540889531ce4e9d86a900d3f,24e4775b4c5da36a6bc92d962e7f66737972235c9efca7b5ef9a76dd71f002d6,1.0,b0d909f44fadd28c,ok,198.838476638734,True,True,cluster_00116,train,/home/dheirav/Code/Deepfake_Detection/deepfake-project/dataset_builder/train/ai_generated/sd2_000004_b0ae57b5-319f-43e4-a473-c1026ca38510.jpg
data_sources/ai_generated/SD_TopUp2/sd2_000004_b0c69479-d768-41a4-96c8-8ec064eb7d5f.jpg,data_sources/ai_generated/SD_TopUp2,ai_generated,1024,576,1.7778,JPEG,386744,4e9490966cb0093947e665c6f19ff22d,b7ef4a5ee6edc35fa00d19f0039c5588b268d0a963fca0792c1bc1c5388853c8,1.0,ca8e91b13fcd0713,ok,2792.8864428798242,True,True,cluster_00047,train,/home/dheirav/Code/Deepfake_Detection/deepfake-project/dataset_builder/train/ai_generated/sd2_000004_b0c69479-d768-41a4-96c8-8ec064eb7d5f.jpg
data_sources/ai_generated/SD_TopUp2/sd2_000004_b155f843-b9ef-4a85-9109-8d76463b8435.jpg,data_sources/ai_generated/SD_TopUp2,ai_generated,512,512,1.0,JPEG,144060,7ae48f232abe0c1a1f68e7e6769ca2a3,e2504a02e94da967cd2ec32d2766c8e0dcc040ff2d588d6b08b2c6ff681cfeab,1.0,84ce4a133de73369,ok,2381.1332731386647,True,True,cluster_00465,train,/home/dheirav/Code/Deepfake_Detection/deepfake-project/dataset_builder/train/ai_generated/sd2_000004_b155f843-b9ef-4a85-9109-8d76463b8435.jpg
data_sources/ai_generated/SD_TopUp2/sd2_000004_b260b346-0c3c-42bf-ac42-ab6fe340084a.jpg,data_sources/ai_generated/SD_TopUp2,ai_generated,512,512,1.0,JPEG,133693,c3ade147694cfe3637a625e624f9152e,4e75f36a31570c760639964496909f4b9e21d0b1d3d75cd7a13a682dc8f35422,1.0,e684b93e57617464,ok,1310.2587466778787,True,True,cluster_00506,train,/home/dheirav/Code/Deepfake_Detection/deepfake-project/dataset_builder/train/ai_generated/sd2_000004_b260b346-0c3c-42bf-ac42-ab6fe340084a.jpg
data_sources/ai_generated/SD_TopUp2/sd2_000004_b33162cd-3bad-4023-a453-f647a9deddb8.jpg,data_sources/ai_generated/SD_TopUp2,ai_generated,512,512,1.0,JPEG,123224,9f27169f332495bdffc4ab7331c01a80,1fb12d64f48b2b55b2d0b7171f0d3b21d504cadf22115fce916df104269f75a6,1.0,951a67c51aa54dd6,ok,1892.0219300948083,True,True,cluster_00556,train,/home/dheirav/Code/Deepfake_Detection/deepfake-project/dataset_builder/train/ai_generated/sd2_000004_b33162cd-3bad-4023-a453-f647a9deddb8.jpg
data_sources/ai_generated/SD_TopUp2/sd2_000004_b5f956a1-d7cd-44d9-9db9-eb6c96463942.jpg,data_sources/ai_generated/SD_TopUp2,ai_generated,704,512,1.375,JPEG,125847,f64a9cec8261b72bdc0bae451487d379,83e5fd0f3416d1a4960778eff00a7b0c01d818fa22095b372ddcde2a083382cc,1.0,cbc66d355831866d,ok,229.783501095023,True,True,cluster_00272,train,/home/dheirav/Code/Deepfake_Detection/deepfake-project/dataset_builder/train/ai_generated/sd2_000004_b5f956a1-d7cd-44d9-9db9-eb6c96463942.jpg
data_sources/ai_generated/SD_TopUp2/sd2_000004_b66b65a5-be29-4bb4-be25-bf611e41351c.jpg,data_sources/ai_generated/SD_TopUp2,ai_generated,512,512,1.0,JPEG,112928,48e4b889fcb4dd9b739a69b99409e1c2,68d1fac81c417e400076b15244a59aee270eb8ec3bf7409ab85e5cedd68586e5,1.0,cc1a4bb5b0974a4f,ok,1664.931227626963,True,True,cluster_00630,train,/home/dheirav/Code/Deepfake_Detection/deepfake-project/dataset_builder/train/ai_generated/sd2_000004_b66b65a5-be29-4bb4-be25-bf611e41351c.jpg
data_sources/ai_generated/SD_TopUp2/sd2_000004_b6bc5d19-21f2-48cf-86c5-89f9c558a01e.jpg,data_sources/ai_generated/SD_TopUp2,ai_generated,512,512,1.0,JPEG,149619,bb85ce122be4006fca5c41ccd51440ae,9991a6a29965635d564203cf4df9932ad180d5a54eb9717c69ce6473177f291b,1.0,836d7c939363612e,ok,926.4537824057043,True,True,cluster_00446,train,/home/dheirav/Code/Deepfake_Detection/deepfake-project/dataset_builder/train/ai_generated/sd2_000004_b6bc5d19-21f2-48cf-86c5-89f9c558a01e.jpg
data_sources/ai_generated/SD_TopUp2/sd2_000004_b715d1ed-45f2-4c18-8c11-8d039f2ac63c.jpg,data_sources/ai_generated/SD_TopUp2,ai_generated,512,512,1.0,JPEG,132922,56dd4d2553c820dd91a475168277eb1b,49dd2b1e50ee6a89102b3c921d60923b26efb0d74ca508df232cf0e17af6427e,1.0,90e06695de9d994d,ok,1165.6364966065012,True,True,cluster_00510,train,/home/dheirav/Code/Deepfake_Detection/deepfake-project/dataset_builder/train/ai_generated/sd2_000004_b715d1ed-45f2-4c18-8c11-8d039f2ac63c.jpg
data_sources/ai_generated/SD_TopUp2/sd2_000004_b96ea1c3-c92c-4e03-94dd-412d1ffd09aa.jpg,data_sources/ai_generated/SD_TopUp2,ai_generated,512,512,1.0,JPEG,121226,60b0fd991dad0cf40e7eebbb4d60c705,f7ce52af6b1b114f349747dbd5cce3678ee58772781f009b07c52f3a3ac0a70f,1.0,8d7065dad1063ece,ok,1220.0966661756393,True,True,cluster_00570,train,/home/dheirav/Code/Deepfake_Detection/deepfake-project/dataset_builder/train/ai_generated/sd2_000004_b96ea1c3-c92c-4e03-94dd-412d1ffd09aa.jpg
data_sources/ai_generated/SD_TopUp2/sd2_000004_baf1ea9b-a8c0-4be9-875b-f7e306f71364.jpg,data_sources/ai_generated/SD_TopUp2,ai_generated,1024,1024,1.0,JPEG,445643,ab4b0e7d560af784b65bf05fb835234a,baa22d2a04fc1882c157d9c528dc2d4ea5b22ecc1ef753e9446051c07c5c6908,1.0,f696598f4b980a71,ok,344.19600378139876,True,True,cluster_00001,train,/home/dheirav/Code/Deepfake_Detection/deepfake-project/dataset_builder/train/ai_generated/sd2_000004_baf1ea9b-a8c0-4be9-875b-f7e306f71364.jpg
data_sources/ai_generated/SD_TopUp2/sd2_000004_bd30cb84-ad7f-4130-931c-d774355f4e93.jpg,data_sources/ai_generated/SD_TopUp2,ai_generated,1216,832,1.4615,JPEG,241419,0c63a435056e225f2a6236c1c9486f32,0d167ec273541f81a780aaf8b45793d6d604cd97d55fabcd732ba58dd65e319f,1.0,f69600696bff0f02,ok,298.5022407339865,True,True,cluster_00004,train,/home/dheirav/Code/Deepfake_Detection/deepfake-project/dataset_builder/train/ai_generated/sd2_000004_bd30cb84-ad7f-4130-931c-d774355f4e93.jpg
data_sources/ai_generated/SD_TopUp2/sd2_000004_be201d29-3315-4eec-b9df-b19e9d6bf36a.jpg,data_sources/ai_generated/SD_TopUp2,ai_generated,512,512,1.0,JPEG,110395,72f29e5553ce01ccc3452d2b442edc52,67b9c48579982bf63ac986acfca794c97908d6f8e68d7003d7c5c22cd0b7c6f6,1.0,80b73268978a78bf,ok,953.0745689009782,True,True,cluster_00641,train,/home/dheirav/Code/Deepfake_Detection/deepfake-project/dataset_builder/train/ai_generated/sd2_000004_be201d29-3315-4eec-b9df-b19e9d6bf36a.jpg
data_sources/ai_generated/SD_TopUp2/sd2_000004_be6291f5-fed6-4fee-81f0-7ba4ff2e988f.jpg,data_sources/ai_generated/SD_TopUp2,ai_generated,1024,512,2.0,JPEG,182415,b91fd32f7cad2f50c23afb61998eb763,3b128cced641be8501c9e6b25bb0bbc593ce93bc3305e3a71ae061647e2d8309,1.0,9a9436b46d2d52e9,ok,572.196715816066,True,True,cluster_00074,train,/home/dheirav/Code/Deepfake_Detection/deepfake-project/dataset_builder/train/ai_generated/sd2_000004_be6291f5-fed6-4fee-81f0-7ba4ff2e988f.jpg
data_sources/ai_generated/SD_TopUp2/sd2_000004_bea444db-616d-4521-b00d-fc7ec534bc33.jpg,data_sources/ai_generated/SD_TopUp2,ai_generated,768,512,1.5,JPEG,196662,1cb6e7d7cb670eb950dc60ab4a265ed5,ba7f1340fa3ee06282809ead345973d5db5e7cdf7cafd5e346990c82e264f7dc,1.0,c0232be9331d73d6,ok,1039.0668773786101,True,True,cluster_00157,train,/home/dheirav/Code/Deepfake_Detection/deepfake-project/dataset_builder/train/ai_generated/sd2_000004_bea444db-616d-4521-b00d-fc7ec534bc33.jpg
data_sources/ai_generated/SD_TopUp2/sd2_000004_beb992ef-c09d-4209-9a0a-569ff8b180e6.jpg,data_sources/ai_generated/SD_TopUp2,ai_generated,1024,640,1.6,JPEG,450837,0d2a4afb2c5549999d8757be6f0c9151,bd3800b8f2b22a96a53777c0d11aa303925a6927ca770b53382850608be87bb9,1.0,a18349a90775f27e,ok,3329.353453923725,True,True,cluster_00036,train,/home/dheirav/Code/Deepfake_Detection/deepfake-project/dataset_builder/train/ai_generated/sd2_000004_beb992ef-c09d-4209-9a0a-569ff8b180e6.jpg
data_sources/ai_generated/SD_TopUp2/sd2_000004_bf3eb372-ff98-4ec4-9177-439860fda506.jpg,data_sources/ai_generated/SD_TopUp2,ai_generated,640,512,1.25,JPEG,122176,676be5548b05c700420ef42289815228,bf92f6ca837fd4f4a6a8bec836585562ef8b3d73fff89bcd09333125899d06e1,1.0,86bc60b13621bb7d,ok,462.4193045730796,True,True,cluster_00345,train,/home/dheirav/Code/Deepfake_Detection/deepfake-project/dataset_builder/train/ai_generated/sd2_000004_bf3eb372-ff98-4ec4-9177-439860fda506.jpg
data_sources/ai_generated/SD_TopUp2/sd2_000004_bf8b4d69-6780-43be-bdba-4b59e550e6c6.jpg,data_sources/ai_generated/SD_TopUp2,ai_generated,512,512,1.0,JPEG,149257,44e1c750e3dba6e84dbf279bd602f17c,4d7f63d6d219d740958a30518f0259245d11bd6184b33ed6b89133f1d3d8e67d,1.0,ab1b1b9d4cec2d06,ok,1953.1717188837356,True,True,cluster_00447,train,/home/dheirav/Code/Deepfake_Detection/deepfake-project/dataset_builder/train/ai_generated/sd2_000004_bf8b4d69-6780-43be-bdba-4b59e550e6c6.jpg
data_sources/ai_generated/SD_TopUp2/sd2_000004_c0280944-32af-43b9-a457-94a958d2d134.jpg,data_sources/ai_generated/SD_TopUp2,ai_generated,512,704,0.7273,JPEG,184675,391977669538d575e9f55dd9cad3f58a,c9ec870201201e5bdfc375f5acede6db83f1ad329dba087058c9c290edc65a11,1.0,e475b475b5703461,ok,968.7755304357914,True,True,cluster_00235,train,/home/dheirav/Code/Deepfake_Detection/deepfake-project/dataset_builder/train/ai_generated/sd2_000004_c0280944-32af-43b9-a457-94a958d2d134.jpg
data_sources/ai_generated/SD_TopUp2/sd2_000004_c1aeea48-da9d-4c94-9d0e-d5d9101c2805.jpg,data_sources/ai_generated/SD_TopUp2,ai_generated,512,512,1.0,JPEG,115776,8dc141d8e768b7f96f3d73cfac6a3486,37c16d4f75760143a886038b58c67a269a770b2515d2c27c1e17e7fc5759ffa2,1.0,c0c08ecbad8dd976,ok,619.320911134535,True,True,cluster_00605,train,/home/dheirav/Code/Deepfake_Detection/deepfake-project/dataset_builder/train/ai_generated/sd2_000004_c1aeea48-da9d-4c94-9d0e-d5d9101c2805.jpg
data_sources/ai_generated/SD_TopUp2/sd2_000004_c1ff3c96-deb9-4edc-bc15-2f746e93f592.jpg,data_sources/ai_generated/SD_TopUp2,ai_generated,640,512,1.25,JPEG,76835,760070c733ccc728c084a3b0c56dd70f,e739d24bc600cabb3bd1ff3208de3224cb6c700fd75f9539a389764a447b170e,1.0,c1307c7ec7c13a1e,ok,129.23834821641444,True,True,cluster_00366,train,/home/dheirav/Code/Deepfake_Detection/deepfake-project/dataset_builder/train/ai_generated/sd2_000004_c1ff3c96-deb9-4edc-bc15-2f746e93f592.jpg
data_sources/ai_generated/SD_TopUp2/sd2_000004_c2851867-7e75-4f14-8a16-5553f3b8406c.jpg,data_sources/ai_generated/SD_TopUp2,ai_generated,640,1024,0.625,JPEG,493422,03dcd2c70299edf7a10fb25674dfb813,c154fa4472bb2e853e4668c96da14580bc93fa557d3dd86874547b7e75a66222,1.0,c489139b16b689f7,ok,5055.274294042587,True,True,cluster_00031,train,/home/dheirav/Code/Deepfake_Detection/deepfake-project/dataset_builder/train/ai_generated/sd2_000004_c2851867-7e75-4f14-8a16-5553f3b8406c.jpg
data_sources/ai_generated/SD_TopUp2/sd2_000004_c5639712-e93f-4e36-bed6-b67f695cf19e.jpg,data_sources/ai_generated/SD_TopUp2,ai_generated,768,512,1.5,JPEG,271805,b3ca66150ac42f470f48817840a75149,5ed5b498b32314b81ee39a5889981d2f92fdb7795726d13fa119ed79bcf5e362,1.0,d5c8792f17982355,ok,2945.170437722752,True,True,cluster_00124,train,/home/dheirav/Code/Deepfake_Detection/deepfake-project/dataset_builder/train/ai_generated/sd2_000004_c5639712-e93f-4e36-bed6-b67f695cf19e.jpg
data_sources/ai_generated/SD_TopUp2/sd2_000004_c5c7940b-2a2b-4f11-bfea-41cd7f6efdd7.jpg,data_sources/ai_generated/SD_TopUp2,ai_generated,512,512,1.0,JPEG,138708,54ff0484c8d66129d2b4ceb7cd393c88,ad1764199e88a7aef11fe869d6b5d638bee9ccbd66d30e37ed043c6cd646ccd5,1.0,9c83b7482e724b2f,ok,2010.8935441302456,True,True,cluster_00480,train,/home/dheirav/Code/Deepfake_Detection/deepfake-project/dataset_builder/train/ai_generated/sd2_000004_c5c7940b-2a2b-4f11-bfea-41cd7f6efdd7.jpg
data_sources/ai_generated/SD_TopUp2/sd2_000004_c5cc7793-4eb8-4b99-baa1-f40089d743ed.jpg,data_sources/ai_generated/SD_TopUp2,ai_generated,768,640,1.2,JPEG,250434,d99aa954a635c1c7ace8bd7a6b1c74e7,425fb5e9ba4b24258fe7371a14f724f550f5970716916fe99bb6a325fb4c1504,1.0,9693323839387b9e,ok,2737.8429966630165,True,True,cluster_00083,train,/home/dheirav/Code/Deepfake_Detection/deepfake-project/dataset_builder/train/ai_generated/sd2_000004_c5cc7793-4eb8-4b99-baa1-f40089d743ed.jpg
data_sources/ai_generated/SD_TopUp2/sd2_000004_c6903d87-edbf-46ec-b601-2c222ed52180.jpg,data_sources/ai_generated/SD_TopUp2,ai_generated,512,768,0.6667,JPEG,269034,14c969c082df626d116841ae908bdef8,2f232dea42746a66131f9aef3f847744825734bf561642ba92baf229910ff7cc,1.0,800b5fd6d3968787,ok,3493.819023447629,True,True,cluster_00127,train,/home/dheirav/Code/Deepfake_Detection/deepfake-project/dataset_builder/train/ai_generated/sd2_000004_c6903d87-edbf-46ec-b601-2c222ed52180.jpg
data_sources/ai_generated/SD_TopUp2/sd2_000004_c76c791b-1574-4faa-a0e4-bdfd91427ae1.jpg,data_sources/ai_generated/SD_TopUp2,ai_generated,832,512,1.625,JPEG,157931,2c442132de7e426b89fe6ad9051bb7ff,3fc5df435fa438ddddc64b224a6db84e170652eb225a84a6134aa66818a73798,1.0,95c17135c91e3733,ok,730.8642085148242,True,True,cluster_00110,train,/home/dheirav/Code/Deepfake_Detection/deepfake-project/dataset_builder/train/ai_generated/sd2_000004_c76c791b-1574-4faa-a0e4-bdfd91427ae1.jpg
data_sources/ai_generated/SD_TopUp2/sd2_000004_cc860cc0-5540-4e1a-8d57-42fa1cdf65b7.jpg,data_sources/ai_generated/SD_TopUp2,ai_generated,512,512,1.0,JPEG,114782,14c1f908d91dc6c03e1e85139aaeafe3,9ce8dc0a733ab43ea31429ed87465e893628e22f284578418c1ce1ca9a0b9b97,1.0,cca5e6e698e1364c,ok,433.3541942247539,True,True,cluster_00612,train,/home/dheirav/Code/Deepfake_Detection/deepfake-project/dataset_builder/train/ai_generated/sd2_000004_cc860cc0-5540-4e1a-8d57-42fa1cdf65b7.jpg
data_sources/ai_generated/SD_TopUp2/sd2_000004_cd418256-26fd-4fb0-a886-d765f617a482.jpg,data_sources/ai_generated/SD_TopUp2,ai_generated,512,512,1.0,JPEG,140795,b14c27d03bf75f9006c6fffa79746172,48f329dba7031d46d28c15aadc602ba9ea36c28b5f3c8ed2730561d21770cf04,1.0,c13e6ce71e582176,ok,1536.1286924174055,True,True,cluster_00473,train,/home/dheirav/Code/Deepfake_Detection/deepfake-project/dataset_builder/train/ai_generated/sd2_000004_cd418256-26fd-4fb0-a886-d765f617a482.jpg
data_sources/ai_generated/SD_TopUp2/sd2_000004_d00964a6-7999-4a44-b6f3-0a00853680c5.jpg,data_sources/ai_generated/SD_TopUp2,ai_generated,512,896,0.5714,JPEG,252679,454d96b32596e21d8305f981f12c139c,41564e20727853ba4426e693cd7b67e6ffcea47b6219cc407aea02a545cc8312,1.0,c8f605693b9e1f24,ok,12893.796835446843,True,True,cluster_00098,train,/home/dheirav/Code/Deepfake_Detection/deepfake-project/dataset_builder/train/ai_generated/sd2_000004_d00964a6-7999-4a44-b6f3-0a00853680c5.jpg
data_sources/ai_generated/SD_TopUp2/sd2_000004_d1776c2f-ed50-4abf-81da-5c35950bb051.jpg,data_sources/ai_generated/SD_TopUp2,ai_generated,512,640,0.8,JPEG,141105,90e9965c03667be16ff199fc0cc1f732,4d6857b048be57ecfd6f29c44c774289fde9d7372db55228dfd6c40f749d47c3,1.0,c0b01edb1d4cdb17,ok,639.8502534718718,True,True,cluster_00323,train,/home/dheirav/Code/Deepfake_Detection/deepfake-project/dataset_builder/train/ai_generated/sd2_000004_d1776c2f-ed50-4abf-81da-5c35950bb051.jpg
data_sources/ai_generated/SD_TopUp2/sd2_000004_d26633aa-43da-4022-891e-fd1ff53c0a79.jpg,data_sources/ai_generated/SD_TopUp2,ai_generated,512,896,0.5714,JPEG,271313,82cbd0d62d8328ce225781fb393ef3ba,8f5cd1471449d30b021390da6f1b6a53674a47a1c09aa0c56e4d5cdc248427c6,1.0,adf5a3bc30a6cc82,ok,2552.9961174366877,True,True,cluster_00095,train,/home/dheirav/Code/Deepfake_Detection/deepfake-project/dataset_builder/train/ai_generated/sd2_000004_d26633aa-43da-4022-891e-fd1ff53c0a79.jpg
data_sources/ai_generated/SD_TopUp2/sd2_000004_d299bd72-d9ff-4ad6-b987-624dad13661d.jpg,data_sources/ai_generated/SD_TopUp2,ai_generated,512,512,1.0,JPEG,125422,388e0448311d94ed5240a99582ee90f5,e78cc47dc69648ca961db9504bd9a3d6d598cc642eff05019e1d88f0f022cfe0,1.0,e84893177e7c7390,ok,737.175258977557,True,True,cluster_00546,train,/home/dheirav/Code/Deepfake_Detection/deepfake-project/dataset_builder/train/ai_generated/sd2_000004_d299bd72-d9ff-4ad6-b987-624dad13661d.jpg
data_sources/ai_generated/SD_TopUp2/sd2_000004_d2deeb6e-21bc-4a2c-b246-f4f6606d710b.jpg,data_sources/ai_generated/SD_TopUp2,ai_generated,512,512,1.0,JPEG,122618,f34bb6cbd10daacf0b7030b6d0dda664,ea904981ba3f744451111280a29267c9cdb39213bac82087c463c27f9ce1059e,1.0,afad30d2e8c5c1c3,ok,513.0037794038508,True,True,cluster_00560,train,/home/dheirav/Code/Deepfake_Detection/deepfake-project/dataset_builder/train/ai_generated/sd2_000004_d2deeb6e-21bc-4a2c-b246-f4f6606d710b.jpg
data_sources/ai_generated/SD_TopUp2/sd2_000004_d4136156-354a-466a-8ad4-da63050423af.jpg,data_sources/ai_generated/SD_TopUp2,ai_generated,512,512,1.0,JPEG,113485,7034f5e33e9bf5bf36f3544c7ba78948,cf8b4eb9338a5df4693522e704b0bdf40470ce73576589a184cf87d04b014bcd,1.0,e4dc99cc1b847ab4,ok,702.3515718806884,True,True,cluster_00625,train,/home/dheirav/Code/Deepfake_Detection/deepfake-project/dataset_builder/train/ai_generated/sd2_000004_d4136156-354a-466a-8ad4-da63050423af.jpg
data_sources/ai_generated/SD_TopUp2/sd2_000004_d438dd70-7769-4b8e-862f-99675b9016ec.jpg,data_sources/ai_generated/SD_TopUp2,ai_generated,512,512,1.0,JPEG,131036,3b94e5473f4f4a642510a8b223472bce,ad912252040d62123c9bf6f146e1fc5862f42bfec25f255988321e08a5522a37,1.0,852549c6759d663d,ok,1255.67379210121,True,True,cluster_00519,train,/home/dheirav/Code/Deepfake_Detection/deepfake-project/dataset_builder/train/ai_generated/sd2_000004_d438dd70-7769-4b8e-862f-99675b9016ec.jpg
data_sources/ai_generated/SD_TopUp2/sd2_000004_d480a8df-abc6-4424-861a-df8d3d397a73.jpg,data_sources/ai_generated/SD_TopUp2,ai_generated,512,512,1.0,JPEG,113602,bd7339d56f8efdb21382c80afcc474d9,d298f2a47f0995f88d466de7959bce7163caf3491ec4a7e49ab5e02670df49a9,1.0,acfb1ea5a1315835,ok,1686.69529339578,True,True,cluster_00623,train,/home/dheirav/Code/Deepfake_Detection/deepfake-project/dataset_builder/train/ai_generated/sd2_000004_d480a8df-abc6-4424-861a-df8d3d397a73.jpg
data_sources/ai_generated/SD_TopUp2/sd2_000004_d4e5631a-21bb-4fcb-a11c-bb7ee23538ca.jpg,data_sources/ai_generated/SD_TopUp2,ai_generated,512,512,1.0,JPEG,121759,8a78af980a0550ea8732b3c5b3acb51c,463e1be5b75c5f2efb69cb5959acbe611af08415e91c5865cc6ba1b9f48d6585,1.0,91f22eb5a4767223,ok,1333.3336057737322,True,True,cluster_00565,train,/home/dheirav/Code/Deepfake_Detection/deepfake-project/dataset_builder/train/ai_generated/sd2_000004_d4e5631a-21bb-4fcb-a11c-bb7ee23538ca.jpg
data_sources/ai_generated/SD_TopUp2/sd2_000004_d8801a11-53a9-461b-9134-31fdc58306ba.jpg,data_sources/ai_generated/SD_TopUp2,ai_generated,512,512,1.0,JPEG,117293,02e8a206f20aaa6c8c6fd1cb9b312d9e,d83e8bcdf6cbddf9493c6a3238d422148a1239b8126a11c464fd008a20f075d9,1.0,c64f38b1e3469c78,ok,540.0146609710064,True,True,cluster_00600,train,/home/dheirav/Code/Deepfake_Detection/deepfake-project/dataset_builder/train/ai_generated/sd2_000004_d8801a11-53a9-461b-9134-31fdc58306ba.jpg
data_sources/ai_generated/SD_TopUp2/sd2_000004_d97f5db4-ed23-47f9-b8d0-1b388fab2d0e.jpg,data_sources/ai_generated/SD_TopUp2,ai_generated,576,512,1.125,JPEG,166570,d633691fb392438833e834f2cc3b4af7,6ceb5c019cb2958701669082aa4f46f7b0b9d26f931e64159f032542e407213f,1.0,a18996b67cf8136c,ok,3479.762873854488,True,True,cluster_00371,train,/home/dheirav/Code/Deepfake_Detection/deepfake-project/dataset_builder/train/ai_generated/sd2_000004_d97f5db4-ed23-47f9-b8d0-1b388fab2d0e.jpg
data_sources/ai_generated/SD_TopUp2/sd2_000004_d983e062-d69e-4066-acf5-47314b3924a5.jpg,data_sources/ai_generated/SD_TopUp2,ai_generated,512,512,1.0,JPEG,114515,0a9e7719d2ed3d492f7d0bbb7302badd,d1f9d700f092a55f3fb44e79823b3fa212179c2a8e38a5c4f5aea84a628ff50a,1.0,e8a9761a32f38399,ok,946.4337305520748,True,True,cluster_00616,train,/home/dheirav/Code/Deepfake_Detection/deepfake-project/dataset_builder/train/ai_generated/sd2_000004_d983e062-d69e-4066-acf5-47314b3924a5.jpg
data_sources/ai_generated/SD_TopUp2/sd2_000004_da18ffaf-e485-47a3-bb69-1bf3012a3ff4.jpg,data_sources/ai_generated/SD_TopUp2,ai_generated,512,512,1.0,JPEG,133891,e58dea02440a48761f8fc8f2f4bcf327,b258e8fd1d920a182a534f8546ee1cd29d9d5ea9ed6008a8058cd49a024f26f7,1.0,f4e914f66b960949,ok,1284.4189776515123,True,True,cluster_00504,train,/home/dheirav/Code/Deepfake_Detection/deepfake-project/dataset_builder/train/ai_generated/sd2_000004_da18ffaf-e485-47a3-bb69-1bf3012a3ff4.jpg
data_sources/ai_generated/SD_TopUp2/sd2_000004_db90f616-5325-4708-a84a-52042d8a5b48.jpg,data_sources/ai_generated/SD_TopUp2,ai_generated,512,512,1.0,JPEG,116249,de32dff6aceb44e842f615a0d8de58e9,c1f490dd4f167fda901094cd0ca859ac0ad52fde601e3dd7c71c22d660ffdf8d,1.0,f0b7c2d889c9342f,ok,875.8077353816334,True,True,cluster_00604,train,/home/dheirav/Code/Deepfake_Detection/deepfake-project/dataset_builder/train/ai_generated/sd2_000004_db90f616-5325-4708-a84a-52042d8a5b48.jpg
data_sources/ai_generated/SD_TopUp2/sd2_000004_dc93faed-2bdd-4131-97a5-ade50033e567.jpg,data_sources/ai_generated/SD_TopUp2,ai_generated,512,512,1.0,JPEG,162097,7765929f53f1fd4f183a548195bc8815,9ebca2ee481339d096aabfbae84842d2911ac23ffeda7c3eb9c3edf34537dc64,1.0,d56e6c0bb13860eb,ok,1738.0223585945641,True,True,cluster_00412,train,/home/dheirav/Code/Deepfake_Detection/deepfake-project/dataset_builder/train/ai_generated/sd2_000004_dc93faed-2bdd-4131-97a5-ade50033e567.jpg
data_sources/ai_generated/SD_TopUp2/sd2_000004_dca5731d-0f29-46a0-8911-c261fa9fa4a9.jpg,data_sources/ai_generated/SD_TopUp2,ai_generated,512,512,1.0,JPEG,151624,ea82dc4e69449ffb21d09fe56d4db4ce,c004b84a0f6b452d382aa30c97974a57d27c1803b3b76c62d9753c726d9e9076,1.0,b336fd4d40e11e8a,ok,2733.664844138999,True,True,cluster_00439,train,/home/dheirav/Code/Deepfake_Detection/deepfake-project/dataset_builder/train/ai_generated/sd2_000004_dca5731d-0f29-46a0-8911-c261fa9fa4a9.jpg
data_sources/ai_generated/SD_TopUp2/sd2_000004_dce73102-5eae-4384-bc25-f8638102c97e.jpg,data_sources/ai_generated/SD_TopUp2,ai_generated,640,1024,0.625,JPEG,458665,01201c72eb241efc2bc711ab9d70a532,d9402e0e925743677b133c25b112651b7db8694da07921bee29d6c8e8fcc5e2c,1.0,d19e80c6f4d8ecc6,ok,4790.401129793633,True,True,cluster_00035,train,/home/dheirav/Code/Deepfake_Detection/deepfake-project/dataset_builder/train/ai_generated/sd2_000004_dce73102-5eae-4384-bc25-f8638102c97e.jpg
data_sources/ai_generated/SD_TopUp2/sd2_000004_df7e3c98-d4b8-4d0e-abfb-c4d41fb6d785.jpg,data_sources/ai_generated/SD_TopUp2,ai_generated,512,512,1.0,JPEG,122940,e4c792077bb5a7a13a38d4020015b9b9,9a63862b1fa9ccd305b106459293b50e48c32ad0bbd7a1db32e6fbb45bdf2bf8,1.0,917c45782a2d576b,ok,1052.2309530436614,True,True,cluster_00559,train,/home/dheirav/Code/Deepfake_Detection/deepfake-project/dataset_builder/train/ai_generated/sd2_000004_df7e3c98-d4b8-4d0e-abfb-c4d41fb6d785.jpg
data_sources/ai_generated/SD_TopUp2/sd2_000004_e011614a-7678-4ed1-b6fc-bc9c17d52008.jpg,data_sources/ai_generated/SD_TopUp2,ai_generated,1024,512,2.0,JPEG,271363,c4948a9d362e080c552e56e37b39295c,451ab0bc37069b018587313e32b23d583b62c6935a20cb7339374c3364d92702,1.0,a2372faa377401e6,ok,714.1972256351582,True,True,cluster_00066,train,/home/dheirav/Code/Deepfake_Detection/deepfake-project/dataset_builder/train/ai_generated/sd2_000004_e011614a-7678-4ed1-b6fc-bc9c17d52008.jpg
data_sources/ai_generated/SD_TopUp2/sd2_000004_e0bd0399-965d-444c-9d5c-a1423493bdac.jpg,data_sources/ai_generated/SD_TopUp2,ai_generated,640,512,1.25,JPEG,125967,58a4b0049ffc242b3f6e92b6c9dc8eb5,8a344c8ce58eeace452640aadf91b974e1321d6387b429b9b381cbd46b812218,1.0,8966d7b43c3a34c9,ok,1764.330815946823,True,True,cluster_00338,train,/home/dheirav/Code/Deepfake_Detection/deepfake-project/dataset_builder/train/ai_generated/sd2_000004_e0bd0399-965d-444c-9d5c-a1423493bdac.jpg
data_sources/ai_generated/SD_TopUp2/sd2_000004_e15f33e7-1bde-4e47-a075-6780176e7722.jpg,data_sources/ai_generated/SD_TopUp2,ai_generated,512,512,1.0,JPEG,160626,cf0d60c9a5b8b9c8ed811685452a2159,8644594912b061d9d36e7fec7a2ec5974a5e2837b55f2495f28b9e3127ffef0c,1.0,88d627dc37395526,ok,2613.8689574309974,True,True,cluster_00418,train,/home/dheirav/Code/Deepfake_Detection/deepfake-project/dataset_builder/train/ai_generated/sd2_000004_e15f33e7-1bde-4e47-a075-6780176e7722.jpg
data_sources/ai_generated/SD_TopUp2/sd2_000004_e1e48fd1-e532-4def-aa96-6fff58201b20.jpg,data_sources/ai_generated/SD_TopUp2,ai_generated,512,512,1.0,JPEG,160754,6618b7714e30beb5ed4b4a00e93a6584,f8e171e0d8d63095a2a46751e5a5180bbc90704bcf4c9d9b407612064b68d0a5,1.0,c73a36d9c98c7630,ok,2835.445391090456,True,True,cluster_00417,train,/home/dheirav/Code/Deepfake_Detection/deepfake-project/dataset_builder/train/ai_generated/sd2_000004_e1e48fd1-e532-4def-aa96-6fff58201b20.jpg
data_sources/ai_generated/SD_TopUp2/sd2_000004_e4416137-7a89-4480-a5b2-d0c50559d998.jpg,data_sources/ai_generated/SD_TopUp2,ai_generated,896,512,1.75,JPEG,275676,21e3dbd0075a0895c3a7cf7324a1e420,566cb8ee8f7a7ce5c6a27b9a4122cf5015b78e539c5531ce45923b4c0ea78640,1.0,936b0a8af1e2e55a,ok,2098.065865659117,True,True,cluster_00094,train,/home/dheirav/Code/Deepfake_Detection/deepfake-project/dataset_builder/train/ai_generated/sd2_000004_e4416137-7a89-4480-a5b2-d0c50559d998.jpg
data_sources/ai_generated/SD_TopUp2/sd2_000004_e4430d8c-3200-4b4e-822e-000453a3d5ce.jpg,data_sources/ai_generated/SD_TopUp2,ai_generated,512,512,1.0,JPEG,112631,9da7fc4597934547fdd199cdd6150bec,03b3cc61216faa308bb7839ec21420538e96462664bfad79fe88d87a6c013876,1.0,f3a90e46792d2571,ok,1152.997694155143,True,True,cluster_00631,train,/home/dheirav/Code/Deepfake_Detection/deepfake-project/dataset_builder/train/ai_generated/sd2_000004_e4430d8c-3200-4b4e-822e-000453a3d5ce.jpg
data_sources/ai_generated/SD_TopUp2/sd2_000004_e5b0e38e-65de-4e34-9815-eec93bffc104.jpg,data_sources/ai_generated/SD_TopUp2,ai_generated,1024,768,1.3333,JPEG,475700,84ef8067adb14fd2d372b79f9f0bd2b9,b1830c39841074178397df8bafd9ba2e485574ec21b0d16a911bdd38a2f7a049,1.0,db74b8603f817e90,ok,2678.840560031686,True,True,cluster_00017,train,/home/dheirav/Code/Deepfake_Detection/deepfake-project/dataset_builder/train/ai_generated/sd2_000004_e5b0e38e-65de-4e34-9815-eec93bffc104.jpg
data_sources/ai_generated/SD_TopUp2/sd2_000004_e5d81cad-3b9c-4719-9a7e-01f0f0a35c14.jpg,data_sources/ai_generated/SD_TopUp2,ai_generated,512,512,1.0,JPEG,175965,d886b959036690fc3596e8006a44ef08,58c5db25d207f27fa7069eafcf2a6b4a033df092c41f976bf764b76ec516e681,1.0,9ae876342dca2597,ok,1498.1976855596877,True,True,cluster_00395,train,/home/dheirav/Code/Deepfake_Detection/deepfake-project/dataset_builder/train/ai_generated/sd2_000004_e5d81cad-3b9c-4719-9a7e-01f0f0a35c14.jpg
data_sources/ai_generated/SD_TopUp2/sd2_000004_e6acbb66-7006-4896-93de-081c3772af57.jpg,data_sources/ai_generated/SD_TopUp2,ai_generated,512,640,0.8,JPEG,210318,f12db6802f223fa95bb07ed1655c042e,8d153818fc5d83be87e4bf061a1b6bc6081fb5a3897c62ffabd50ccaf144d31d,1.0,8bc64c4b3749ac57,ok,2353.2576404629644,True,True,cluster_00301,train,/home/dheirav/Code/Deepfake_Detection/deepfake-project/dataset_builder/train/ai_generated/sd2_000004_e6acbb66-7006-4896-93de-081c3772af57.jpg
data_sources/ai_generated/SD_TopUp2/sd2_000004_e6f491d7-5cfa-4f11-b862-3ed33a1d1b4a.jpg,data_sources/ai_generated/SD_TopUp2,ai_generated,512,512,1.0,JPEG,117423,297485de837fee086f34278b6624563c,8cd64ae5a21f16e26ccfb3d71f87ede0d701e10243abc67f16bf7ace6b2e65cd,1.0,b1969f1f66686a60,ok,1249.9218585514318,True,True,cluster_00598,train,/home/dheirav/Code/Deepfake_Detection/deepfake-project/dataset_builder/train/ai_generated/sd2_000004_e6f491d7-5cfa-4f11-b862-3ed33a1d1b4a.jpg
data_sources/ai_generated/SD_TopUp2/sd2_000004_e7f17ede-6cb6-43a4-b512-9ead340ab4ea.jpg,data_sources/ai_generated/SD_TopUp2,ai_generated,512,512,1.0,JPEG,219660,4369a23fa19d6e52d5e406dc8d8b6bb3,8b547adeb2fc97468bfd30c47b5c46f9238bea84fe7da23909861123e8f37fdb,1.0,b8e163b8a64718be,ok,4172.432447124025,True,True,cluster_00374,train,/home/dheirav/Code/Deepfake_Detection/deepfake-project/dataset_builder/train/ai_generated/sd2_000004_e7f17ede-6cb6-43a4-b512-9ead340ab4ea.jpg
data_sources/ai_generated/SD_TopUp2/sd2_000004_e940f8b2-2f49-4311-9cfd-76493c3c97b9.jpg,data_sources/ai_generated/SD_TopUp2,ai_generated,512,704,0.7273,JPEG,97410,42d2b987edc6867c94d72d129cda4f36,b990236bae5cf0b2e5fbae276bfd33fa66d96641243bd40a7a908572158e4eea,1.0,ede9f00525c7e60c,ok,154.5374423981883,True,True,cluster_00291,train,/home/dheirav/Code/Deepfake_Detection/deepfake-project/dataset_builder/train/ai_generated/sd2_000004_e940f8b2-2f49-4311-9cfd-76493c3c97b9.jpg
data_sources/ai_generated/SD_TopUp2/sd2_000004_eb3c1eb5-4f53-4e6c-b750-b0154b5c831c.jpg,data_sources/ai_generated/SD_TopUp2,ai_generated,1024,640,1.6,JPEG,209077,5289697f23963a430f7f8ed84e837938,75e52b7c3efa09797ac63c9cfaac91a7ce9daacb7c082591752423f5cba558ab,1.0,dcd503b8b863398d,ok,236.16529991022313,True,True,cluster_00045,train,/home/dheirav/Code/Deepfake_Detection/deepfake-project/dataset_builder/train/ai_generated/sd2_000004_eb3c1eb5-4f53-4e6c-b750-b0154b5c831c.jpg
data_sources/ai_generated/SD_TopUp2/sd2_000004_ecd1c924-1146-40e8-b58f-2dd58e1eb652.jpg,data_sources/ai_generated/SD_TopUp2,ai_generated,576,1024,0.5625,JPEG,342191,032fef9f7b689b86d3d20f74a997b537,fb41d90f4babeadb8f10b3a1e45ae809d131a464a7d83a84a244e1111da491d4,1.0,9b9925a656da9925,ok,2376.3483242636494,True,True,cluster_00049,train,/home/dheirav/Code/Deepfake_Detection/deepfake-project/dataset_builder/train/ai_generated/sd2_000004_ecd1c924-1146-40e8-b58f-2dd58e1eb652.jpg
data_sources/ai_generated/SD_TopUp2/sd2_000004_ecffd79d-17c1-4f90-bfbb-f72bac1a77d0.jpg,data_sources/ai_generated/SD_TopUp2,ai_generated,512,512,1.0,JPEG,123654,d672ab9bdf07141ad9491f6247088333,308bfffe471210e7c5ab7ac42a9ae95fbb049cdd4b309f715daea98802a5c92e,1.0,848c9693f7b5ee80,ok,3918.757858921875,True,True,cluster_00552,train,/home/dheirav/Code/Deepfake_Detection/deepfake-project/dataset_builder/train/ai_generated/sd2_000004_ecffd79d-17c1-4f90-bfbb-f72bac1a77d0.jpg
data_sources/ai_generated/SD_TopUp2/sd2_000004_ee05b2e6-6ec3-4584-a0de-f18c007b79da.jpg,data_sources/ai_generated/SD_TopUp2,ai_generated,512,640,0.8,JPEG,123104,ee2ab7210419e9eed805f3634ca04bc5,f5792ec0c0bb7e149ee2bc00e8a7ba7f58069e7438d4cf7b4f1c6cd3a7a866bb,1.0,9b70cc6d60c77463,ok,1213.5611739443243,True,True,cluster_00343,train,/home/dheirav/Code/Deepfake_Detection/deepfake-project/dataset_builder/train/ai_generated/sd2_000004_ee05b2e6-6ec3-4584-a0de-f18c007b79da.jpg
data_sources/ai_generated/SD_TopUp2/sd2_000004_ee78e1c8-bdc1-462b-bd96-2de0a141d2b8.jpg,data_sources/ai_generated/SD_TopUp2,ai_generated,512,512,1.0,JPEG,150618,be94a0a10aea8d809d1a47c5245cb5cb,af3e1cf6c87583b791faa688c6f95c8b1d8b68708b8da766f595e467457d46d5,1.0,fbba209987c43636,ok,1225.0329619112745,True,True,cluster_00441,train,/home/dheirav/Code/Deepfake_Detection/deepfake-project/dataset_builder/train/ai_generated/sd2_000004_ee78e1c8-bdc1-462b-bd96-2de0a141d2b8.jpg
data_sources/ai_generated/SD_TopUp2/sd2_000004_efc98229-60fd-4d35-b00a-e927bccce370.jpg,data_sources/ai_generated/SD_TopUp2,ai_generated,512,512,1.0,JPEG,126467,381471f0a6ab4a8dbcabb93a57465e44,aafda3cda6b301a6ab1190ac8242e2f5b360ea5fdfaebb078d24961c0f60e699,1.0,8914556f3f8a079d,ok,821.9146435658768,True,True,cluster_00537,train,/home/dheirav/Code/Deepfake_Detection/deepfake-project/dataset_builder/train/ai_generated/sd2_000004_efc98229-60fd-4d35-b00a-e927bccce370.jpg
data_sources/ai_generated/SD_TopUp2/sd2_000004_efd9dc64-bb28-45c8-ad85-e9168854fb9c.jpg,data_sources/ai_generated/SD_TopUp2,ai_generated,512,512,1.0,JPEG,114393,fc6e1546b2d712b47dca0da63773111b,31336bb9a79857af199010865452eb63681b53074a38ccbe845756eae668da9f,1.0,aa2c1e89727d26f1,ok,1521.0149555558892,True,True,cluster_00617,train,/home/dheirav/Code/Deepfake_Detection/deepfake-project/dataset_builder/train/ai_generated/sd2_000004_efd9dc64-bb28-45c8-ad85-e9168854fb9c.jpg
data_sources/ai_generated/SD_TopUp2/sd2_000004_f020f24d-d3e4-40df-9ff3-a896fd021ef5.jpg,data_sources/ai_generated/SD_TopUp2,ai_generated,512,704,0.7273,JPEG,105489,f03fa6f38c8d86a42b3e5e1d15e9d472,9d554069db65fc7c83e2cb9aeab8f0003a0ab8e8c07bd65c9a862611bc61b10d,1.0,99bd76b11acfc404,ok,287.29116662369256,True,True,cluster_00285,train,/home/dheirav/Code/Deepfake_Detection/deepfake-project/dataset_builder/train/ai_generated/sd2_000004_f020f24d-d3e4-40df-9ff3-a896fd021ef5.jpg
data_sources/ai_generated/SD_TopUp2/sd2_000004_f17eb3e7-08a0-425d-ad0c-da85abb21af9.jpg,data_sources/ai_generated/SD_TopUp2,ai_generated,512,704,0.7273,JPEG,127462,f8437b1a7241d54c9b2bc14ad62f6588,3bfe00ccc91254538bfcc39a3104ba656bfdd96433f68aebd69ecc5e55eb42b5,1.0,93ec6cc266e68533,ok,234.5645368572109,True,True,cluster_00270,train,/home/dheirav/Code/Deepfake_Detection/deepfake-project/dataset_builder/train/ai_generated/sd2_000004_f17eb3e7-08a0-425d-ad0c-da85abb21af9.jpg
data_sources/ai_generated/SD_TopUp2/sd2_000004_f22f5623-5fcd-40b2-95d2-649b313884c9.jpg,data_sources/ai_generated/SD_TopUp2,ai_generated,704,512,1.375,JPEG,176067,dacc16ce04ff5acc981a313600fe5970,2c1c962d456f590500d9e6cb5e261d70bc8feb54f18760ed62cce55d59834a5a,1.0,a69e0887c6bf91c6,ok,890.1889680125788,True,True,cluster_00239,train,/home/dheirav/Code/Deepfake_Detection/deepfake-project/dataset_builder/train/ai_generated/sd2_000004_f22f5623-5fcd-40b2-95d2-649b313884c9.jpg
data_sources/ai_generated/SD_TopUp2/sd2_000004_fa48f6d5-236d-4d4e-bbe9-99f2c5a6ac94.jpg,data_sources/ai_generated/SD_TopUp2,ai_generated,512,512,1.0,JPEG,132137,1c8673b213b55c58261467a03a020605,09a8dacf67d24b53048e87d7d7614f11a0969678e477ad00fe3c374ab14615d6,1.0,de69260432facace,ok,642.408029935541,True,True,cluster_00514,train,/home/dheirav/Code/Deepfake_Detection/deepfake-project/dataset_builder/train/ai_generated/sd2_000004_fa48f6d5-236d-4d4e-bbe9-99f2c5a6ac94.jpg
data_sources/ai_generated/SD_TopUp2/sd2_000004_fad26195-4ead-4d3e-b5cc-dc09a23ee6f9.jpg,data_sources/ai_generated/SD_TopUp2,ai_generated,768,512,1.5,JPEG,159598,1301e6631b0cb9ff437d58b818bf9fa7,6d64df727e32c1aacf54563026b99d283da756042af9dfc019657cbf4141cdb9,1.0,beb30b14407fef02,ok,414.3268038276324,True,True,cluster_00186,train,/home/dheirav/Code/Deepfake_Detection/deepfake-project/dataset_builder/train/ai_generated/sd2_000004_fad26195-4ead-4d3e-b5cc-dc09a23ee6f9.jpg
data_sources/ai_generated/SD_TopUp2/sd2_000004_fb66392f-57a8-42aa-b6ea-06d613c562bb.jpg,data_sources/ai_generated/SD_TopUp2,ai_generated,512,704,0.7273,JPEG,119439,48f41df2f7ceb604982f42477f867bfc,3033e7c4307e4669b3ff6268ea16af8e484a2555e93efbd1ecb48d6f7982f4f8,1.0,cb330cf6ac84539b,ok,485.12056617053946,True,True,cluster_00277,train,/home/dheirav/Code/Deepfake_Detection/deepfake-project/dataset_builder/train/ai_generated/sd2_000004_fb66392f-57a8-42aa-b6ea-06d613c562bb.jpg
data_sources/ai_generated/SD_TopUp2/sd2_000004_fc1d882c-40b1-49ed-acd8-9d9a385bc9f8.jpg,data_sources/ai_generated/SD_TopUp2,ai_generated,704,512,1.375,JPEG,126452,cb24c6c69f9c1477ff1e843696b60bfc,8d74207c90d57f22ffcc219793fff0a1818d001202e0b93fca0dc10d012f2a77,1.0,c1419e2e61bd3bd2,ok,1123.7756921711787,True,True,cluster_00271,train,/home/dheirav/Code/Deepfake_Detection/deepfake-project/dataset_builder/train/ai_generated/sd2_000004_fc1d882c-40b1-49ed-acd8-9d9a385bc9f8.jpg
data_sources/ai_generated/SD_TopUp2/sd2_000004_fd018322-657c-43cf-b42b-61f24aa9933d.jpg,data_sources/ai_generated/SD_TopUp2,ai_generated,512,512,1.0,JPEG,143143,dc8fcd0fc427ae1d00a8b069774c941b,1bb59783e043606caa503aa54380e09877f277dffca0f18961122fbf4730ab67,1.0,cade26e685791b82,ok,1628.8115464092698,True,True,cluster_00470,train,/home/dheirav/Code/Deepfake_Detection/deepfake-project/dataset_builder/train/ai_generated/sd2_000004_fd018322-657c-43cf-b42b-61f24aa9933d.jpg
data_sources/ai_generated/SD_TopUp2/sd2_000004_fd1613fd-1b17-4d84-a58c-d9750d236475.jpg,data_sources/ai_generated/SD_TopUp2,ai_generated,512,512,1.0,JPEG,164074,68dddf58977069d460d1689c03dd0046,5ee19b77dcd9f96af89194f9e3b4aa92823c1f16b3854a1cda76d683a1786084,1.0,f47b98ce386a5254,ok,5319.082755229887,True,True,cluster_00409,train,/home/dheirav/Code/Deepfake_Detection/deepfake-project/dataset_builder/train/ai_generated/sd2_000004_fd1613fd-1b17-4d84-a58c-d9750d236475.jpg
data_sources/ai_generated/SD_TopUp2/sd2_000004_fd548ead-8919-48e7-9f43-281bdbb8d450.jpg,data_sources/ai_generated/SD_TopUp2,ai_generated,512,512,1.0,JPEG,129941,75b9bf89ed7c15d5990cb5f910ebb784,d3bfc05d3150383d23c5e5ddb149d2920cfb3df85777f1cd4aacb90d098cf96f,1.0,80ba418f4f82bf1f,ok,894.6372896676039,True,True,cluster_00522,train,/home/dheirav/Code/Deepfake_Detection/deepfake-project/dataset_builder/train/ai_generated/sd2_000004_fd548ead-8919-48e7-9f43-281bdbb8d450.jpg
data_sources/ai_generated/SD_TopUp2/sd2_000004_01d819ec-d372-42b8-b59e-b4cd16cd594a.jpg,data_sources/ai_generated/SD_TopUp2,ai_generated,512,512,1.0,JPEG,126688,8565d75fbb7beac0fccdbea289063f50,05a6ae6cc0a7e6a35ee548ca44e8c01fb9461202d75bea3a32661da57a6bcc07,1.0,858d4e5c6a8b72ba,ok,1795.2092611887347,True,True,cluster_00533,val,/home/dheirav/Code/Deepfake_Detection/deepfake-project/dataset_builder/val/ai_generated/sd2_000004_01d819ec-d372-42b8-b59e-b4cd16cd594a.jpg
data_sources/ai_generated/SD_TopUp2/sd2_000004_02bc9e29-d5e8-4a98-be4c-376a801fcf42.jpg,data_sources/ai_generated/SD_TopUp2,ai_generated,704,512,1.375,JPEG,174135,50202ea00da1ea343872ffc5bbb20c8c,3eb3841e02b2607165d1965549310d3b483bed35cc2a37e5845bf67fa6f08550,1.0,95f5f2e886a42c96,ok,1025.7262542593746,True,True,cluster_00242,val,/home/dheirav/Code/Deepfake_Detection/deepfake-project/dataset_builder/val/ai_generated/sd2_000004_02bc9e29-d5e8-4a98-be4c-376a801fcf42.jpg
data_sources/ai_generated/SD_TopUp2/sd2_000004_033fad9c-e9f6-4d24-8f81-ebfb64e0a896.jpg,data_sources/ai_generated/SD_TopUp2,ai_generated,512,512,1.0,JPEG,121047,8b41674f308563d1e94cc5b3eded8a45,3feecb687d2798995e393b8c1c3e784a2459832e29d72cf3357789a3fb0c29e9,1.0,8d532cef9c226699,ok,1007.6865072980145,True,True,cluster_00572,val,/home/dheirav/Code/Deepfake_Detection/deepfake-project/dataset_builder/val/ai_generated/sd2_000004_033fad9c-e9f6-4d24-8f81-ebfb64e0a896.jpg
data_sources/ai_generated/SD_TopUp2/sd2_000004_0340df1e-55ca-4244-a574-abeb6b7b23c4.jpg,data_sources/ai_generated/SD_TopUp2,ai_generated,512,512,1.0,JPEG,127141,b68ff43490bfbb6d41e00852cc2b530d,e89843c2f156311d570894bb62a4bb3ed09f139fc9fc3593dbc98b82848289fb,1.0,f07809861ebd7939,ok,1456.965980592402,True,True,cluster_00531,val,/home/dheirav/Code/Deepfake_Detection/deepfake-project/dataset_builder/val/ai_generated/sd2_000004_0340df1e-55ca-4244-a574-abeb6b7b23c4.jpg
data_sources/ai_generated/SD_TopUp2/sd2_000004_08cfb42b-7166-4bad-9e9b-e3c570d2f635.jpg,data_sources/ai_generated/SD_TopUp2,ai_generated,512,640,0.8,JPEG,192902,d1ebf9707740ba3b0a49ff5602e9f948,b7e055890e7343be48cd8949afba781949698123538894de8ef9ce939e46d9c0,1.0,8bc836c724cf64d6,ok,1836.3592566417155,True,True,cluster_00308,val,/home/dheirav/Code/Deepfake_Detection/deepfake-project/dataset_builder/val/ai_generated/sd2_000004_08cfb42b-7166-4bad-9e9b-e3c570d2f635.jpg
data_sources/ai_generated/SD_TopUp2/sd2_000004_0b50e1dc-5439-44c8-a97e-66fec9e22179.jpg,data_sources/ai_generated/SD_TopUp2,ai_generated,832,512,1.625,JPEG,148007,c9d978695c92de6a88a7c7fedd0193bb,436b69e076149ba61a87e040358033151a6b1cff780d28bb84b488be10a3a454,1.0,81a0be5f4768e89e,ok,283.1105815041645,True,True,cluster_00111,val,/home/dheirav/Code/Deepfake_Detection/deepfake-project/dataset_builder/val/ai_generated/sd2_000004_0b50e1dc-5439-44c8-a97e-66fec9e22179.jpg
data_sources/ai_generated/SD_TopUp2/sd2_000004_0b6f6a6d-1fa6-4d4d-9594-e60cb7566115.jpg,data_sources/ai_generated/SD_TopUp2,ai_generated,768,512,1.5,JPEG,153334,f412fa7e8be73fb811d4be77137fe4da,bf77eb0734c7684466186ba6d8f1b613dcdb4c65e97830abebda25202286108d,1.0,914dcdb2c17eac85,ok,738.0412053912296,True,True,cluster_00190,val,/home/dheirav/Code/Deepfake_Detection/deepfake-project/dataset_builder/val/ai_generated/sd2_000004_0b6f6a6d-1fa6-4d4d-9594-e60cb7566115.jpg
data_sources/ai_generated/SD_TopUp2/sd2_000004_0b722dfc-6add-4ed8-88ae-6fc9a9867b2b.jpg,data_sources/ai_generated/SD_TopUp2,ai_generated,768,512,1.5,JPEG,176871,c7641f06509e3f84f6f17dcf913772a1,23df8227cc59653fa8cb76e6bb8de542b847c683605abbe821bcc8895a210ad2,1.0,b43063e3c39ccccb,ok,760.1548589212858,True,True,cluster_00172,val,/home/dheirav/Code/Deepfake_Detection/deepfake-project/dataset_builder/val/ai_generated/sd2_000004_0b722dfc-6add-4ed8-88ae-6fc9a9867b2b.jpg
data_sources/ai_generated/SD_TopUp2/sd2_000004_0cdd4ea7-d504-409c-9bb6-18cf171ca6c7.jpg,data_sources/ai_generated/SD_TopUp2,ai_generated,512,512,1.0,JPEG,160914,4d1c079ddd3ce4214fb1f37ee9b11813,9a30cc20d90e2c85d5e0cc6e06ed47e1ea83552b07aa2db2dec35e8e6dd91688,1.0,883097f734e4e64b,ok,1323.1602954770788,True,True,cluster_00415,val,/home/dheirav/Code/Deepfake_Detection/deepfake-project/dataset_builder/val/ai_generated/sd2_000004_0cdd4ea7-d504-409c-9bb6-18cf171ca6c7.jpg
data_sources/ai_generated/SD_TopUp2/sd2_000004_0db697fb-3c05-4177-a62d-20625ea790d4.jpg,data_sources/ai_generated/SD_TopUp2,ai_generated,512,512,1.0,JPEG,113743,0fe856b7170a70262e77fb3781ecd4cf,9a0d67bfff64f3934a31979eadb85629ad809731789efbf0661becd011953d43,1.0,8dad337a4e989332,ok,1903.0193727759179,True,True,cluster_00622,val,/home/dheirav/Code/Deepfake_Detection/deepfake-project/dataset_builder/val/ai_generated/sd2_000004_0db697fb-3c05-4177-a62d-20625ea790d4.jpg
data_sources/ai_generated/SD_TopUp2/sd2_000004_0de6c0ab-8e50-44f6-9806-0810d3ca91ad.jpg,data_sources/ai_generated/SD_TopUp2,ai_generated,512,512,1.0,JPEG,170865,ce639ab55ddf48e7c98412086737b285,56142cd971ba8f69ddb578c0264d4914fbdf9ddbc2dca61bd29a035e01a24764,1.0,b646ab6ae46ba08d,ok,10877.836148271668,True,True,cluster_00401,val,/home/dheirav/Code/Deepfake_Detection/deepfake-project/dataset_builder/val/ai_generated/sd2_000004_0de6c0ab-8e50-44f6-9806-0810d3ca91ad.jpg
data_sources/ai_generated/SD_TopUp2/sd2_000004_0eaff6c0-1ef2-4788-b5c5-dc3ee63a2d83.jpg,data_sources/ai_generated/SD_TopUp2,ai_generated,1216,832,1.4615,JPEG,592747,50a52fcf156ea43a5f45fa5b551f58c7,f26b2d1bb2d9973028942a6d14843d4e815f7094196050fde5667504af600a1d,1.0,9090b39b1f3f162e,ok,3126.194200910118,True,True,cluster_00003,val,/home/dheirav/Code/Deepfake_Detection/deepfake-project/dataset_builder/val/ai_generated/sd2_000004_0eaff6c0-1ef2-4788-b5c5-dc3ee63a2d83.jpg
data_sources/ai_generated/SD_TopUp2/sd2_000004_0fc7a736-0ca4-4d56-a146-ba5e937a74e6.jpg,data_sources/ai_generated/SD_TopUp2,ai_generated,768,512,1.5,JPEG,211513,a9d2dd27c62d3684ae5dd5fd8bebf06c,6eb357d5c0bb79e0611eb177366097be5298400a2e1b9a74e20e22e93038b4bc,1.0,c09c9796323e5ecc,ok,1439.1587770054985,True,True,cluster_00144,val,/home/dheirav/Code/Deepfake_Detection/deepfake-project/dataset_builder/val/ai_generated/sd2_000004_0fc7a736-0ca4-4d56-a146-ba5e937a74e6.jpg
data_sources/ai_generated/SD_TopUp2/sd2_000004_1009e938-df2c-4d6c-b355-c827f46d2b4f.jpg,data_sources/ai_generated/SD_TopUp2,ai_generated,512,512,1.0,JPEG,122295,c9da5a708f61dfeadf0cc4aa8608ee52,7b0af0f700300452d78329492677e30c7d79064b9fb087ee043fa0526eebaa38,1.0,c038d587b2f2cd8d,ok,820.0300788337918,True,True,cluster_00562,val,/home/dheirav/Code/Deepfake_Detection/deepfake-project/dataset_builder/val/ai_generated/sd2_000004_1009e938-df2c-4d6c-b355-c827f46d2b4f.jpg
data_sources/ai_generated/SD_TopUp2/sd2_000004_1338e382-a302-47f5-ad3a-a0fc89468ef0.jpg,data_sources/ai_generated/SD_TopUp2,ai_generated,512,512,1.0,JPEG,114703,3b3ae863df72b478557805b3f1da7753,6362ec8c168157f084e78ef92e1d1f135abce4a21807105cc0abc8c39d8fc36e,1.0,832c6956f75315ac,ok,576.1681978531269,True,True,cluster_00614,val,/home/dheirav/Code/Deepfake_Detection/deepfake-project/dataset_builder/val/ai_generated/sd2_000004_1338e382-a302-47f5-ad3a-a0fc89468ef0.jpg
data_sources/ai_generated/SD_TopUp2/sd2_000004_13b3c62b-00c4-4fb0-8151-40e8234b1975.jpg,data_sources/ai_generated/SD_TopUp2,ai_generated,1152,640,1.8,JPEG,304759,b7faf31773572150503dde4657e3b357,acc93125212f0576c22cf2257aaa3331be2623462deada4de725b1ee23c3a2a1,1.0,a1e1c78f4e845eaa,ok,573.878813000785,True,True,cluster_00023,val,/home/dheirav/Code/Deepfake_Detection/deepfake-project/dataset_builder/val/ai_generated/sd2_000004_13b3c62b-00c4-4fb0-8151-40e8234b1975.jpg
data_sources/ai_generated/SD_TopUp2/sd2_000004_141511f3-fee1-4ae5-9212-da1c0bd38753.jpg,data_sources/ai_generated/SD_TopUp2,ai_generated,1280,768,1.6667,JPEG,499400,91895dbed9bb40045f4c3e2d0835db88,acc1315f10b2ee0c91ec612f229e5384a155ad34da94fde87846cd9356c00230,1.0,d62b38c3629ce0ee,ok,830.7495895002772,True,True,cluster_00005,val,/home/dheirav/Code/Deepfake_Detection/deepfake-project/dataset_builder/val/ai_generated/sd2_000004_141511f3-fee1-4ae5-9212-da1c0bd38753.jpg
data_sources/ai_generated/SD_TopUp2/sd2_000004_1456b88c-1329-4a9c-aab4-946d639fca4b.jpg,data_sources/ai_generated/SD_TopUp2,ai_generated,512,640,0.8,JPEG,115234,00b48739d4d06b8aecf7f76bab758bdd,2f3fdf9236571612eb8f7b72f8fb3cc300febd85fa10f649defdba4766ceac20,1.0,947c25ca7f8116f2,ok,402.6948221324384,True,True,cluster_00352,val,/home/dheirav/Code/Deepfake_Detection/deepfake-project/dataset_builder/val/ai_generated/sd2_000004_1456b88c-1329-4a9c-aab4-946d639fca4b.jpg
data_sources/ai_generated/SD_TopUp2/sd2_000004_150f7ffa-6a44-418a-a5e1-723ffb9cb0c2.jpg,data_sources/ai_generated/SD_TopUp2,ai_generated,512,512,1.0,JPEG,171141,4676acdc0382681d763b953e7e99d7ac,2f67b3697fba3397737b9a043667b295d20462c000befcd1034d4e42953c610b,1.0,ee1846222bbc1f3e,ok,3081.6727727469406,True,True,cluster_00400,val,/home/dheirav/Code/Deepfake_Detection/deepfake-project/dataset_builder/val/ai_generated/sd2_000004_150f7ffa-6a44-418a-a5e1-723ffb9cb0c2.jpg
data_sources/ai_generated/SD_TopUp2/sd2_000004_15b49016-6fa6-4a66-a477-a122b8bba7c2.jpg,data_sources/ai_generated/SD_TopUp2,ai_generated,576,1024,0.5625,JPEG,364765,55fc643520d6f493354f6497e19cd36d,1ac9cbd7658db846d1ce277f4126532ca061d9b4ad2b12808fccf566909c4bed,1.0,cc34338b66e69365,ok,2629.563334400222,True,True,cluster_00048,val,/home/dheirav/Code/Deepfake_Detection/deepfake-project/dataset_builder/val/ai_generated/sd2_000004_15b49016-6fa6-4a66-a477-a122b8bba7c2.jpg
data_sources/ai_generated/SD_TopUp2/sd2_000004_1610effb-41a8-4b9c-8ad9-bb70c04f3ec9.jpg,data_sources/ai_generated/SD_TopUp2,ai_generated,512,512,1.0,JPEG,174389,cfa5ce35825bfa3b53a1f3f27163d32f,f74aa3f7bf9d62e5e86856c8b8c22314f39f93098480b03a99a251aab7ca9e04,1.0,d2272a8cb88da9db,ok,8013.842288713535,True,True,cluster_00397,val,/home/dheirav/Code/Deepfake_Detection/deepfake-project/dataset_builder/val/ai_generated/sd2_000004_1610effb-41a8-4b9c-8ad9-bb70c04f3ec9.jpg
data_sources/ai_generated/SD_TopUp2/sd2_000004_1629062e-4988-4ad8-8ffa-43582e104ff8.jpg,data_sources/ai_generated/SD_TopUp2,ai_generated,1152,832,1.3846,JPEG,455831,3a1eab60ec4d08c36a19490d6ed5d674,f5c3c1605e25021428e5fa94e5084633719719ad9bc57250dcdff08b9394361b,1.0,ac2d13aa1765a7d8,ok,377.1832116988136,True,True,cluster_00008,val,/home/dheirav/Code/Deepfake_Detection/deepfake-project/dataset_builder/val/ai_generated/sd2_000004_1629062e-4988-4ad8-8ffa-43582e104ff8.jpg
data_sources/ai_generated/SD_TopUp2/sd2_000004_169fb50f-7634-46a9-b452-4bb670ba2ebc.jpg,data_sources/ai_generated/SD_TopUp2,ai_generated,512,512,1.0,JPEG,115420,5b73effc4ee37e82037470a66cebe875,b1b837c4d122cd25ffa2e28403ae0a99472b7ec688d6a23b8e74776d4df42636,1.0,93908f934fca9cd8,ok,1200.3386533965822,True,True,cluster_00606,val,/home/dheirav/Code/Deepfake_Detection/deepfake-project/dataset_builder/val/ai_generated/sd2_000004_169fb50f-7634-46a9-b452-4bb670ba2ebc.jpg
data_sources/ai_generated/SD_TopUp2/sd2_000004_1acdc928-9fbe-4a16-a376-7aa2f73f4b3e.jpg,data_sources/ai_generated/SD_TopUp2,ai_generated,832,512,1.625,JPEG,180874,bcf58e5527119b33335e0a9e5245ad99,05c36a5b6f65df5047944fe30f8458fc09cab29bd420fccdc00d8746cb1558bf,1.0,9c60e3d5e8ba1527,ok,559.411941908873,True,True,cluster_00108,val,/home/dheirav/Code/Deepfake_Detection/deepfake-project/dataset_builder/val/ai_generated/sd2_000004_1acdc928-9fbe-4a16-a376-7aa2f73f4b3e.jpg
data_sources/ai_generated/SD_TopUp2/sd2_000004_1b9db3fb-5dff-469d-9d42-ca18fd3b63b0.jpg,data_sources/ai_generated/SD_TopUp2,ai_generated,512,768,0.6667,JPEG,169672,c1a64e5d6fe4d74d4fe4c245dd61d3ae,7e3d96ef51cc365d983a95664c31d7ddc233c7c435af5e403904a4080f6b8e6a,1.0,92cd2b7a2c6c33c5,ok,633.241815378165,True,True,cluster_00179,val,/home/dheirav/Code/Deepfake_Detection/deepfake-project/dataset_builder/val/ai_generated/sd2_000004_1b9db3fb-5dff-469d-9d42-ca18fd3b63b0.jpg
data_sources/ai_generated/SD_TopUp2/sd2_000004_1cfd3b50-89da-47c2-96a6-2259f3c08ed6.jpg,data_sources/ai_generated/SD_TopUp2,ai_generated,768,512,1.5,JPEG,172162,2d25185330e69215f901c926895c6cbd,497973b1c43bbfb65740694b3cd30af0471f1e4f38e75cfd65dfa30c0c190b48,1.0,b381f07ccd2a2b95,ok,1233.987418402601,True,True,cluster_00175,val,/home/dheirav/Code/Deepfake_Detection/deepfake-project/dataset_builder/val/ai_generated/sd2_000004_1cfd3b50-89da-47c2-96a6-2259f3c08ed6.jpg
data_sources/ai_generated/SD_TopUp2/sd2_000004_1fa1d325-7567-41f6-8bf4-4d4fc3df67a5.jpg,data_sources/ai_generated/SD_TopUp2,ai_generated,512,512,1.0,JPEG,159899,6c2d487455840354c4fd64456d266208,68b9967aebe21edd60d71d7fe96594926299878ea7fa5fdd9486a1735c8f1cf0,1.0,a4c4d4db3b2d0aec,ok,2835.844034159323,True,True,cluster_00422,val,/home/dheirav/Code/Deepfake_Detection/deepfake-project/dataset_builder/val/ai_generated/sd2_000004_1fa1d325-7567-41f6-8bf4-4d4fc3df67a5.jpg
data_sources/ai_generated/SD_TopUp2/sd2_000004_225d9500-5c5b-42d1-b6ff-f843bf07f6b4.jpg,data_sources/ai_generated/SD_TopUp2,ai_generated,768,512,1.5,JPEG,127496,93e4267dbf27f2851fea4c48042b29b5,0c0fd3b0a2097e896cc0ec039718057f3495e0c01b9e19772b50eed37020839b,1.0,a6acb5b4c53550c7,ok,353.8474578463938,True,True,cluster_00203,val,/home/dheirav/Code/Deepfake_Detection/deepfake-project/dataset_builder/val/ai_generated/sd2_000004_225d9500-5c5b-42d1-b6ff-f843bf07f6b4.jpg
data_sources/ai_generated/SD_TopUp2/sd2_000004_2291da46-ebfb-4636-bc74-d443fc313ecc.jpg,data_sources/ai_generated/SD_TopUp2,ai_generated,512,640,0.8,JPEG,175318,550c7b59ef8e391fb1a37d5ff7ff2e11,60d5703754f942bbff4cfe8b7b5b989a4e08501be27e9d2e8ac550c3c5b0eea0,1.0,c1636798339e383e,ok,1473.7877534206862,True,True,cluster_00314,val,/home/dheirav/Code/Deepfake_Detection/deepfake-project/dataset_builder/val/ai_generated/sd2_000004_2291da46-ebfb-4636-bc74-d443fc313ecc.jpg
data_sources/ai_generated/SD_TopUp2/sd2_000004_23d45017-95a5-490a-af21-deb6c06af678.jpg,data_sources/ai_generated/SD_TopUp2,ai_generated,512,512,1.0,JPEG,120560,bc06fd814c7d9f299724b52b042216c1,01e2f64fef20bce1b3037da1af3010d47e6b28dc0c2bce61117c94b337caef61,1.0,fec2513bbdbc2003,ok,1125.503683660514,True,True,cluster_00577,val,/home/dheirav/Code/Deepfake_Detection/deepfake-project/dataset_builder/val/ai_generated/sd2_000004_23d45017-95a5-490a-af21-deb6c06af678.jpg
data_sources/ai_generated/SD_TopUp2/sd2_000004_244e1027-0247-49c9-b83b-f036d4ecf82e.jpg,data_sources/ai_generated/SD_TopUp2,ai_generated,512,512,1.0,JPEG,146854,286f14cea87e8df1a6496369135516f8,6b28a4f57c4010c2043f20673a21d7da4ef72e3f7d59b3f80ac3e45234966bfd,1.0,c931e6ee92c98699,ok,2030.2834668046416,True,True,cluster_00455,val,/home/dheirav/Code/Deepfake_Detection/deepfake-project/dataset_builder/val/ai_generated/sd2_000004_244e1027-0247-49c9-b83b-f036d4ecf82e.jpg
data_sources/ai_generated/SD_TopUp2/sd2_000004_25f56090-b621-48f9-a7a2-5152aee7ec55.jpg,data_sources/ai_generated/SD_TopUp2,ai_generated,768,512,1.5,JPEG,211009,e82adc6f67772ac08111e8caa5b3965a,b4460b1c3904bfa3ed88e92e6cb8cf9b1617fba5762015b3a938ad2799085a03,1.0,90b5657a4eda11b5,ok,1707.4815338266326,True,True,cluster_00146,val,/home/dheirav/Code/Deepfake_Detection/deepfake-project/dataset_builder/val/ai_generated/sd2_000004_25f56090-b621-48f9-a7a2-5152aee7ec55.jpg
data_sources/ai_generated/SD_TopUp2/sd2_000004_2976a9cf-af0f-47be-bd92-a33c0547d66c.jpg,data_sources/ai_generated/SD_TopUp2,ai_generated,1024,512,2.0,JPEG,430890,dd0bd5c71d54d7abb75bdc656c4b847e,ac0d21b219b6aa4366aa1624c2e32ac221d839996e766b02bd7747e6cb84637d,1.0,b4f66b59492f0349,ok,9593.956537245158,True,True,cluster_00064,val,/home/dheirav/Code/Deepfake_Detection/deepfake-project/dataset_builder/val/ai_generated/sd2_000004_2976a9cf-af0f-47be-bd92-a33c0547d66c.jpg
data_sources/ai_generated/SD_TopUp2/sd2_000004_2c3ee7ca-1e3d-428c-8455-58199eabeaf4.jpg,data_sources/ai_generated/SD_TopUp2,ai_generated,768,640,1.2,JPEG,131627,a95f29874d38d9b80ba1f7d539d06901,a98da746cc58c1f86e2a8c535a0aeaec7033228bdb9fd4d00296c19eb5215d45,1.0,86bbd047b13b1789,ok,165.62856622268342,True,True,cluster_00091,val,/home/dheirav/Code/Deepfake_Detection/deepfake-project/dataset_builder/val/ai_generated/sd2_000004_2c3ee7ca-1e3d-428c-8455-58199eabeaf4.jpg
data_sources/ai_generated/SD_TopUp2/sd2_000004_2d00d7da-c182-42c7-98ec-54111319f426.jpg,data_sources/ai_generated/SD_TopUp2,ai_generated,512,512,1.0,JPEG,135871,de4758f1f09be5db97e9d87090a3652e,0e686ad3440d77015ecbf29af7baff9ac6a799af161ec5c23c119c439454379b,1.0,9dd3242dda12527b,ok,1088.7310730288154,True,True,cluster_00497,val,/home/dheirav/Code/Deepfake_Detection/deepfake-project/dataset_builder/val/ai_generated/sd2_000004_2d00d7da-c182-42c7-98ec-54111319f426.jpg
data_sources/ai_generated/SD_TopUp2/sd2_000004_2ef9b81c-9ef4-4e94-8b36-b8953c66c095.jpg,data_sources/ai_generated/SD_TopUp2,ai_generated,512,512,1.0,JPEG,150198,aad20581edc25c49f40697c82cf0000b,55b258cd9321490ccd13b5ae39716a366dd634865b7a905152b34c2f932f2422,1.0,cc3196e699cc3996,ok,1899.1780126094818,True,True,cluster_00444,val,/home/dheirav/Code/Deepfake_Detection/deepfake-project/dataset_builder/val/ai_generated/sd2_000004_2ef9b81c-9ef4-4e94-8b36-b8953c66c095.jpg
data_sources/ai_generated/SD_TopUp2/sd2_000004_31fa7f93-61d3-4c40-827f-d1ba733201e7.jpg,data_sources/ai_generated/SD_TopUp2,ai_generated,512,512,1.0,JPEG,148970,259291611c2e474e85d4dfd6ca005038,a7ff939b758f4634466801d7848a098a0488c484465e797fbde34fc902583d0d,1.0,de3920a2b0f533c7,ok,1432.8352409077343,True,True,cluster_00449,val,/home/dheirav/Code/Deepfake_Detection/deepfake-project/dataset_builder/val/ai_generated/sd2_000004_31fa7f93-61d3-4c40-827f-d1ba733201e7.jpg
data_sources/ai_generated/SD_TopUp2/sd2_000004_322c9a59-7a7f-401c-bf0d-e45aa94774ba.jpg,data_sources/ai_generated/SD_TopUp2,ai_generated,512,512,1.0,JPEG,153784,2d807ec94b2134b9d8d14aef64c4ebe8,b675f380299fdda5134b9e927c8f61f13d1a144eead932a54bd77c41777ff553,1.0,af585428a9b796d2,ok,3362.739326189214,True,True,cluster_00435,val,/home/dheirav/Code/Deepfake_Detection/deepfake-project/dataset_builder/val/ai_generated/sd2_000004_322c9a59-7a7f-401c-bf0d-e45aa94774ba.jpg
data_sources/ai_generated/SD_TopUp2/sd2_000004_38e658d5-5fb2-4dca-91ab-0485d4051e24.jpg,data_sources/ai_generated/SD_TopUp2,ai_generated,512,512,1.0,JPEG,124079,ec1b9894cbca6c90a09900e01e5fec63,7ec8c4b23c1a278ffb95c63d49a832880f3d3c3eae1bb4998a4eb3395a06fdf7,1.0,f10e0fe370fc2c07,ok,826.6095159236429,True,True,cluster_00551,val,/home/dheirav/Code/Deepfake_Detection/deepfake-project/dataset_builder/val/ai_generated/sd2_000004_38e658d5-5fb2-4dca-91ab-0485d4051e24.jpg
data_sources/ai_generated/SD_TopUp2/sd2_000004_38ef9f52-1362-427d-9291-f7052dbe6ec6.jpg,data_sources/ai_generated/SD_TopUp2,ai_generated,512,512,1.0,JPEG,119200,064697b0a6bc91a82bb4649aa42ccfc5,cdfa688cd73fc9cde8520ca95fec99b314abb536d896bc225c27d9f47ef966cc,1.0,94946b62535d3d3c,ok,842.9771969260182,True,True,cluster_00586,val,/home/dheirav/Code/Deepfake_Detection/deepfake-project/dataset_builder/val/ai_generated/sd2_000004_38ef9f52-1362-427d-9291-f7052dbe6ec6.jpg
data_sources/ai_generated/SD_TopUp2/sd2_000004_38f2d9d1-45df-422f-bf41-e5638557bbeb.jpg,data_sources/ai_generated/SD_TopUp2,ai_generated,512,768,0.6667,JPEG,134848,76de84964cdfcc623dabaa6e4af71c6b,323091c881136b6f31f6e6f6f46116c7e47dbe46932434a4c9dcd1e2bd33738f,1.0,92926d6d6d3531b2,ok,473.2278625074089,True,True,cluster_00200,val,/home/dheirav/Code/Deepfake_Detection/deepfake-project/dataset_builder/val/ai_generated/sd2_000004_38f2d9d1-45df-422f-bf41-e5638557bbeb.jpg
data_sources/ai_generated/SD_TopUp2/sd2_000004_3a030a4d-34a7-41a5-a1c6-0ba6639ceea2.jpg,data_sources/ai_generated/SD_TopUp2,ai_generated,768,512,1.5,JPEG,178868,c455e8e570031b1d300561344873e7a2,ca705a1fb32c70cf7111f568b6b2a3de6e36b8698a782e08ec689518dad04a41,1.0,c1e17ad1258f0f36,ok,849.3559971581886,True,True,cluster_00171,val,/home/dheirav/Code/Deepfake_Detection/deepfake-project/dataset_builder/val/ai_generated/sd2_000004_3a030a4d-34a7-41a5-a1c6-0ba6639ceea2.jpg
data_sources/ai_generated/SD_TopUp2/sd2_000004_3acf7ba9-57a4-4653-a4a0-4ae257c5da72.jpg,data_sources/ai_generated/SD_TopUp2,ai_generated,768,768,1.0,JPEG,273623,16ecaf045b07e5565a7b48d72cf87991,d178787fed3fb2d9380c5d2822c3bed95b62f6755aa67d20903bca212090f0bb,1.0,a4c643e13d1ae53b,ok,996.5487284511069,True,True,cluster_00055,val,/home/dheirav/Code/Deepfake_Detection/deepfake-project/dataset_builder/val/ai_generated/sd2_000004_3acf7ba9-57a4-4653-a4a0-4ae257c5da72.jpg
data_sources/ai_generated/SD_TopUp2/sd2_000004_3ae85cd9-daf5-4617-bb75-2e178b128a25.jpg,data_sources/ai_generated/SD_TopUp2,ai_generated,512,512,1.0,JPEG,176707,2142de416cd8e1f6ecc9c8b8568e5611,890ea06e823f449fce67da26a0c7dc1b74f88bb7ef4b22da57e2e9d5e96b19c4,1.0,a45a0ff487f47823,ok,4831.516754422322,True,True,cluster_00392,val,/home/dheirav/Code/Deepfake_Detection/deepfake-project/dataset_builder/val/ai_generated/sd2_000004_3ae85cd9-daf5-4617-bb75-2e178b128a25.jpg
data_sources/ai_generated/SD_TopUp2/sd2_000004_3b07c6dd-2cbf-447c-a479-ad84389e2743.jpg,data_sources/ai_generated/SD_TopUp2,ai_generated,512,512,1.0,JPEG,126311,c132b8fc89390ee9f522a49e1eb8a4ab,870985db2a305b02d443946fcec4ac574e8b55a2d0defcfeb9afbba6a9c0ed1e,1.0,b49c4b929b919b99,ok,1538.5031565580866,True,True,cluster_00540,val,/home/dheirav/Code/Deepfake_Detection/deepfake-project/dataset_builder/val/ai_generated/sd2_000004_3b07c6dd-2cbf-447c-a479-ad84389e2743.jpg
data_sources/ai_generated/SD_TopUp2/sd2_000004_3b56143e-9bf6-45da-8b88-4ed8cddd775a.jpg,data_sources/ai_generated/SD_TopUp2,ai_generated,768,512,1.5,JPEG,240353,7ee20d05e7d55f24441453cd04c56ab3,df677850884ab36b07a68a9631e1af96d041ba63bee6ff470cc7425dc25c234c,1.0,ed95841ba6dc1996,ok,2772.8198801378153,True,True,cluster_00134,val,/home/dheirav/Code/Deepfake_Detection/deepfake-project/dataset_builder/val/ai_generated/sd2_000004_3b56143e-9bf6-45da-8b88-4ed8cddd775a.jpg
data_sources/ai_generated/SD_TopUp2/sd2_000004_3bea92f0-df4b-4cb9-b95d-3ef4df5f7774.jpg,data_sources/ai_generated/SD_TopUp2,ai_generated,512,512,1.0,JPEG,171724,2997711ec71a0f022ca42a1a358b1211,e4b8539828a0ed18528d138b3115eb09a7f29802c980e3899cd0cf11de3f8956,1.0,807e11f53ccb25b6,ok,2890.782250017801,True,True,cluster_00398,val,/home/dheirav/Code/Deepfake_Detection/deepfake-project/dataset_builder/val/ai_generated/sd2_000004_3bea92f0-df4b-4cb9-b95d-3ef4df5f7774.jpg
data_sources/ai_generated/SD_TopUp2/sd2_000004_3c8ac692-6178-4005-804c-f406561d5cab.jpg,data_sources/ai_generated/SD_TopUp2,ai_generated,512,768,0.6667,JPEG,102923,48b1e032b3acb1c843f643c219426006,d61fc4ff719d7c31b50352d9f2d7cff517ef4117beee5363e4a45904381a4745,1.0,9c49689e69763569,ok,298.0592419767377,True,True,cluster_00212,val,/home/dheirav/Code/Deepfake_Detection/deepfake-project/dataset_builder/val/ai_generated/sd2_000004_3c8ac692-6178-4005-804c-f406561d5cab.jpg
data_sources/ai_generated/SD_TopUp2/sd2_000004_3fe9caee-0d06-4196-bf8c-1c09fa676497.jpg,data_sources/ai_generated/SD_TopUp2,ai_generated,576,1024,0.5625,JPEG,428266,31691c25d04e860048d4b2e20c28e4e1,8dcceb7bb0afcd2096efbd3203afa5bf1c5350b845ae48537fb08b83f748759f,1.0,99269c66265adb65,ok,7256.791593258025,True,True,cluster_00046,val,/home/dheirav/Code/Deepfake_Detection/deepfake-project/dataset_builder/val/ai_generated/sd2_000004_3fe9caee-0d06-4196-bf8c-1c09fa676497.jpg
data_sources/ai_generated/SD_TopUp2/sd2_000004_406dab1b-4bda-4d0f-a8d0-d2c9e9d29cc3.jpg,data_sources/ai_generated/SD_TopUp2,ai_generated,512,512,1.0,JPEG,112615,d421415958961d499945662489aac834,e0f3b2a903f6c2236ffb49cabe19ae1a01b8b17dcf6c173f77cdfb30a8d5adcb,1.0,814e075c9993f397,ok,771.5011111663189,True,True,cluster_00632,val,/home/dheirav/Code/Deepfake_Detection/deepfake-project/dataset_builder/val/ai_generated/sd2_000004_406dab1b-4bda-4d0f-a8d0-d2c9e9d29cc3.jpg
data_sources/ai_generated/SD_TopUp2/sd2_000004_40fc4df9-6e3f-45f3-add4-340e2c1ccd2a.jpg,data_sources/ai_generated/SD_TopUp2,ai_generated,512,704,0.7273,JPEG,129153,cc2edb6835055272075ed9e3a90b66da,d183470af536e9033c8d5a9d48645cd4584ef47db3462de92ceb3beb4a08b5d6,1.0,b8d54b24b6d1391e,ok,478.78391260850003,True,True,cluster_00268,val,/home/dheirav/Code/Deepfake_Detection/deepfake-project/dataset_builder/val/ai_generated/sd2_000004_40fc4df9-6e3f-45f3-add4-340e2c1ccd2a.jpg
data_sources/ai_generated/SD_TopUp2/sd2_000004_41f18d45-fac7-4da1-81f1-af78813695fa.jpg,data_sources/ai_generated/SD_TopUp2,ai_generated,512,512,1.0,JPEG,134561,1e0a7bb377cf46edd1c2fcd644e99ebc,78f9c2a814853c106e0bfc8dbc5d5ed0357819b27e78c50f81b7faeb9ea239a4,1.0,ac5395ef1f4001be,ok,1749.1738165964925,True,True,cluster_00502,val,/home/dheirav/Code/Deepfake_Detection/deepfake-project/dataset_builder/val/ai_generated/sd2_000004_41f18d45-fac7-4da1-81f1-af78813695fa.jpg
data_sources/ai_generated/SD_TopUp2/sd2_000004_42c8dc35-a52e-43cd-a0ec-39cbe2e47e4b.jpg,data_sources/ai_generated/SD_TopUp2,ai_generated,640,768,0.8333,JPEG,339184,902d0ee8502e005d639dd0dcb81f0dd7,e24cba71c7e08d1ed97f8a24a3359e202e7299f93a100ff8178b69ae562306f2,1.0,d1c6c3861e9f16b1,ok,5151.297182801163,True,True,cluster_00080,val,/home/dheirav/Code/Deepfake_Detection/deepfake-project/dataset_builder/val/ai_generated/sd2_000004_42c8dc35-a52e-43cd-a0ec-39cbe2e47e4b.jpg
data_sources/ai_generated/SD_TopUp2/sd2_000004_47e06901-1952-4710-b105-344d208c20ed.jpg,data_sources/ai_generated/SD_TopUp2,ai_generated,512,640,0.8,JPEG,171724,2614b96e79fba432b0504db137e9ad09,e9bc8688d050b30f0f46069aa6033b41521c1f6897d78c16bfc3ba2e57516d83,1.0,e04ac79e4b287d3c,ok,1486.4178758315652,True,True,cluster_00316,val,/home/dheirav/Code/Deepfake_Detection/deepfake-project/dataset_builder/val/ai_generated/sd2_000004_47e06901-1952-4710-b105-344d208c20ed.jpg
data_sources/ai_generated/SD_TopUp2/sd2_000004_48fd5755-d089-4f3a-b433-9e26c0658d28.jpg,data_sources/ai_generated/SD_TopUp2,ai_generated,512,512,1.0,JPEG,154203,79ddf4fa7e22da4df5b340cded95aee7,de2b33abfa230d6144c12fcc322247b81ba2df9d7e1a1f434457ef9a0b934b46,1.0,9a3967e61e9099c3,ok,2178.5630981912254,True,True,cluster_00434,val,/home/dheirav/Code/Deepfake_Detection/deepfake-project/dataset_builder/val/ai_generated/sd2_000004_48fd5755-d089-4f3a-b433-9e26c0658d28.jpg
data_sources/ai_generated/SD_TopUp2/sd2_000004_49b96c45-f74d-420f-bcfb-cc46849a872b.jpg,data_sources/ai_generated/SD_TopUp2,ai_generated,640,1024,0.625,JPEG,416637,37d7f1d32834052af9386db4c0e98490,1c04bd9ad875bf895e1490cb7cdb059f4acb428231ef5d064d06e8d5f65db31c,1.0,b84fd52beb18a425,ok,3187.6876476384605,True,True,cluster_00040,val,/home/dheirav/Code/Deepfake_Detection/deepfake-project/dataset_builder/val/ai_generated/sd2_000004_49b96c45-f74d-420f-bcfb-cc46849a872b.jpg
data_sources/ai_generated/SD_TopUp2/sd2_000004_4d861eb1-4561-46f2-b8f0-563ad97bcdbd.jpg,data_sources/ai_generated/SD_TopUp2,ai_generated,512,640,0.8,JPEG,127945,aab4bbb7f343813709c13d198e5f111e,07b38cedcc484e25482d572df0bc5be39df2383d1bc6cc6fb9ae9d22c36e098c,1.0,b1e0ccbe658c70bc,ok,483.4978434422519,True,True,cluster_00334,val,/home/dheirav/Code/Deepfake_Detection/deepfake-project/dataset_builder/val/ai_generated/sd2_000004_4d861eb1-4561-46f2-b8f0-563ad97bcdbd.jpg
data_sources/ai_generated/SD_TopUp2/sd2_000004_4dd48627-a3d2-4e2f-8252-bd132d7d60d9.jpg,data_sources/ai_generated/SD_TopUp2,ai_generated,768,512,1.5,JPEG,100399,a4be1f3c25798c8da3a80d1401ee0a08,621346cc59dc06a39f0125e96fae8dd431f343d9bf1b2f2b3b3be56c40de37ca,1.0,99b3068d31cc37d9,ok,395.0056730947496,True,True,cluster_00213,val,/home/dheirav/Code/Deepfake_Detection/deepfake-project/dataset_builder/val/ai_generated/sd2_000004_4dd48627-a3d2-4e2f-8252-bd132d7d60d9.jpg
data_sources/ai_generated/SD_TopUp2/sd2_000004_4deaca80-cb4b-4f3b-a4bf-f0a4300bd09c.jpg,data_sources/ai_generated/SD_TopUp2,ai_generated,768,512,1.5,JPEG,169578,7727c36fab404906b4e0f42252a87556,7a808557f441957f085a7bd4fa98e45e3f74fff059a78daad4fe32d4f14fe303,1.0,c5d2ecd3139b128d,ok,930.290640102486,True,True,cluster_00180,val,/home/dheirav/Code/Deepfake_Detection/deepfake-project/dataset_builder/val/ai_generated/sd2_000004_4deaca80-cb4b-4f3b-a4bf-f0a4300bd09c.jpg
data_sources/ai_generated/SD_TopUp2/sd2_000004_4df8b2dd-c29c-4f3e-ab98-847b54450819.jpg,data_sources/ai_generated/SD_TopUp2,ai_generated,512,512,1.0,JPEG,113521,13a8747e7159c01131229869d00b903d,6b6cd9113b30de144b5014e6a37ea3df927f15cd00cb9626f398bd0760bd916d,1.0,c55b2a7934269793,ok,971.0332901697693,True,True,cluster_00624,val,/home/dheirav/Code/Deepfake_Detection/deepfake-project/dataset_builder/val/ai_generated/sd2_000004_4df8b2dd-c29c-4f3e-ab98-847b54450819.jpg
data_sources/ai_generated/SD_TopUp2/sd2_000004_4f5c3e7f-563b-4199-9602-4d75c59dc001.jpg,data_sources/ai_generated/SD_TopUp2,ai_generated,512,640,0.8,JPEG,88739,1a0e4dc9df7178be28edaab18f3ddee2,abdb56049f5b8a97fbab9927da670df1c64464ab62c4b076f517be7795708073,1.0,c8759c21564cf367,ok,259.5248092019465,True,True,cluster_00361,val,/home/dheirav/Code/Deepfake_Detection/deepfake-project/dataset_builder/val/ai_generated/sd2_000004_4f5c3e7f-563b-4199-9602-4d75c59dc001.jpg
data_sources/ai_generated/SD_TopUp2/sd2_000004_50b23eea-7cbd-4544-b117-7efe323f7178.jpg,data_sources/ai_generated/SD_TopUp2,ai_generated,704,512,1.375,JPEG,113682,a600d89e6cc487458594ff6703c42570,f41900da0fda943ac7f7c905417f0cabe3d30f0f83b371357ee3107618c7c5d7,1.0,c5c33a4da54d3669,ok,389.9634396138809,True,True,cluster_00281,val,/home/dheirav/Code/Deepfake_Detection/deepfake-project/dataset_builder/val/ai_generated/sd2_000004_50b23eea-7cbd-4544-b117-7efe323f7178.jpg
data_sources/ai_generated/SD_TopUp2/sd2_000004_50cd98ba-3e37-4911-b53c-9d79f71f2caf.jpg,data_sources/ai_generated/SD_TopUp2,ai_generated,512,512,1.0,JPEG,149244,d0e3493c721405486d334ea5bf31e1b9,db70bf769c5aefc165a5e23933d4fdab3963f9e70b4539b3f34093e0179e3c15,1.0,b9a175a4dbcc7422,ok,2278.300769428708,True,True,cluster_00448,val,/home/dheirav/Code/Deepfake_Detection/deepfake-project/dataset_builder/val/ai_generated/sd2_000004_50cd98ba-3e37-4911-b53c-9d79f71f2caf.jpg
data_sources/ai_generated/SD_TopUp2/sd2_000004_51aa4890-8a78-41d5-ae70-cf8176580c1d.jpg,data_sources/ai_generated/SD_TopUp2,ai_generated,512,512,1.0,JPEG,146971,3545ed68ec5e0aaeba63492d6b6350c3,93e13fefea66585c26c899370251af752fcc7cf686439cb8d43a2b9b03118278,1.0,8182977e419f76c5,ok,2530.936953800366,True,True,cluster_00454,val,/home/dheirav/Code/Deepfake_Detection/deepfake-project/dataset_builder/val/ai_generated/sd2_000004_51aa4890-8a78-41d5-ae70-cf8176580c1d.jpg
data_sources/ai_generated/SD_TopUp2/sd2_000004_53d0dd4a-8c42-482d-914c-c07de6c02d69.jpg,data_sources/ai_generated/SD_TopUp2,ai_generated,704,960,0.7333,JPEG,238961,ba7da362e148a26d93c960eef2cac9de,a6f511f19175e8c5fc5423d8c0f024c9ecd7c8bf8a06613d49637fcd2d1c296e,1.0,fb21dc2f2431e1d2,ok,343.57448612306837,True,True,cluster_00029,val,/home/dheirav/Code/Deepfake_Detection/deepfake-project/dataset_builder/val/ai_generated/sd2_000004_53d0dd4a-8c42-482d-914c-c07de6c02d69.jpg
data_sources/ai_generated/SD_TopUp2/sd2_000004_558efbd6-81fb-4727-be51-e02ea5a941cb.jpg,data_sources/ai_generated/SD_TopUp2,ai_generated,512,704,0.7273,JPEG,147171,3ff6c35cae303dd16c0561c7724ffdf7,84bfc03b97a0f9cdad18346b5762abd95465519a183b09f80100de2892334ff1,1.0,c2e430cf6fd1cc98,ok,933.4842196042565,True,True,cluster_00257,val,/home/dheirav/Code/Deepfake_Detection/deepfake-project/dataset_builder/val/ai_generated/sd2_000004_558efbd6-81fb-4727-be51-e02ea5a941cb.jpg
data_sources/ai_generated/SD_TopUp2/sd2_000004_57624264-fcbd-4b2d-8568-188c387fd605.jpg,data_sources/ai_generated/SD_TopUp2,ai_generated,512,832,0.6154,JPEG,314296,a4aa827a21dd2c49d09d7bac676cefcf,5e53d5c92fdaee1213b55b4e1a29b2a05f58be96501dab2c3d45d3540ca97bed,1.0,ea96d4d8496962cb,ok,10576.4110874292,True,True,cluster_00106,val,/home/dheirav/Code/Deepfake_Detection/deepfake-project/dataset_builder/val/ai_generated/sd2_000004_57624264-fcbd-4b2d-8568-188c387fd605.jpg
data_sources/ai_generated/SD_TopUp2/sd2_000004_579461f9-4842-4c69-9aa3-270750473f4d.jpg,data_sources/ai_generated/SD_TopUp2,ai_generated,768,512,1.5,JPEG,133666,343c1886d6970a58e9e5624f9df7e8cc,0935842e45e7ab8426f4985e5f64e6d5b866fbb2930030b0411a616bf5772968,1.0,d7912c86117f62dc,ok,777.3974822537598,True,True,cluster_00201,val,/home/dheirav/Code/Deepfake_Detection/deepfake-project/dataset_builder/val/ai_generated/sd2_000004_579461f9-4842-4c69-9aa3-270750473f4d.jpg
data_sources/ai_generated/SD_TopUp2/sd2_000004_57e43542-490b-4f66-9d5f-50e53ffdf6bc.jpg,data_sources/ai_generated/SD_TopUp2,ai_generated,512,640,0.8,JPEG,204790,477e002475cc0ff5132caab1e0a9dd38,acf0b70d634e535e4ff954a0e17a2b79354be0a2c09a845bbb884a84169383cb,1.0,a9e71f15a6452c4e,ok,1648.9243048953917,True,True,cluster_00304,val,/home/dheirav/Code/Deepfake_Detection/deepfake-project/dataset_builder/val/ai_generated/sd2_000004_57e43542-490b-4f66-9d5f-50e53ffdf6bc.jpg
data_sources/ai_generated/SD_TopUp2/sd2_000004_582d6d0a-1520-45a3-a11c-1b65a255fd6c.jpg,data_sources/ai_generated/SD_TopUp2,ai_generated,512,512,1.0,JPEG,143365,5b5e67d9ca753cbd57063fd427ac31e6,465df19122c2b1fb95115ef85ca6db2a9204838ccffc84ba0bcd7a0760a98a91,1.0,abb5d2588c6d0da6,ok,1236.827762565983,True,True,cluster_00469,val,/home/dheirav/Code/Deepfake_Detection/deepfake-project/dataset_builder/val/ai_generated/sd2_000004_582d6d0a-1520-45a3-a11c-1b65a255fd6c.jpg
data_sources/ai_generated/SD_TopUp2/sd2_000004_5b53f815-fe95-43e1-baee-2293aec945bf.jpg,data_sources/ai_generated/SD_TopUp2,ai_generated,512,640,0.8,JPEG,76000,b12f31a2263a0419b612437e2869ec6d,ba8b0a4bc7cac186f46505e60d5a1fecb8a28b7665ee9a206440910f86bcbe26,1.0,b5b661f809d17b88,ok,319.51200543269516,True,True,cluster_00367,val,/home/dheirav/Code/Deepfake_Detection/deepfake-project/dataset_builder/val/ai_generated/sd2_000004_5b53f815-fe95-43e1-baee-2293aec945bf.jpg
data_sources/ai_generated/SD_TopUp2/sd2_000004_5b89107a-ff55-487f-95f7-0636be26cb14.jpg,data_sources/ai_generated/SD_TopUp2,ai_generated,1024,768,1.3333,JPEG,369151,66f3de19b4b26d6f8cd3c7b2188e76d3,7acfac5bbc3b1423914d3d648a29d637d0465fc572e47a7be4eb0024e78a584f,1.0,ee74985bbab1a086,ok,1330.6534315377148,True,True,cluster_00020,val,/home/dheirav/Code/Deepfake_Detection/deepfake-project/dataset_builder/val/ai_generated/sd2_000004_5b89107a-ff55-487f-95f7-0636be26cb14.jpg
data_sources/ai_generated/SD_TopUp2/sd2_000004_5b9236b9-8406-46ff-852d-7e10bc666de5.jpg,data_sources/ai_generated/SD_TopUp2,ai_generated,512,704,0.7273,JPEG,121205,c1e14b9768fa30fd7155336f3d86bae1,e4b767dfa47590ac0aac511b276a29bde314d23784da99ea8439a1c760960621,1.0,b2d92db3cd3c6803,ok,553.0963237955243,True,True,cluster_00276,val,/home/dheirav/Code/Deepfake_Detection/deepfake-project/dataset_builder/val/ai_generated/sd2_000004_5b9236b9-8406-46ff-852d-7e10bc666de5.jpg
data_sources/ai_generated/SD_TopUp2/sd2_000004_5ca570c8-0ec8-43ac-8d6a-8222e726b477.jpg,data_sources/ai_generated/SD_TopUp2,ai_generated,512,512,1.0,JPEG,137014,036394f4199ed40f368e5d921fcb763d,b6d90e1bd51ff69a71f3ec1550e4653fe7b097e33f471a8e16805d4d1e32128d,1.0,eaca1a7266c9d932,ok,1428.2864990136004,True,True,cluster_00492,val,/home/dheirav/Code/Deepfake_Detection/deepfake-project/dataset_builder/val/ai_generated/sd2_000004_5ca570c8-0ec8-43ac-8d6a-8222e726b477.jpg
data_sources/ai_generated/SD_TopUp2/sd2_000004_6191a833-55ab-4a5b-bb2a-d71c7931f88a.jpg,data_sources/ai_generated/SD_TopUp2,ai_generated,640,512,1.25,JPEG,149941,fb57c45cb93a6a360c9da7dbb5c8e6f2,c8b601554dfb554a0e9ec23c073112fe84560130b7b5308318b998e09ad8278f,1.0,fc8c23f216a90fd8,ok,874.0101667001751,True,True,cluster_00321,val,/home/dheirav/Code/Deepfake_Detection/deepfake-project/dataset_builder/val/ai_generated/sd2_000004_6191a833-55ab-4a5b-bb2a-d71c7931f88a.jpg
data_sources/ai_generated/SD_TopUp2/sd2_000004_6250108c-23cb-47cd-be2a-34ab46106724.jpg,data_sources/ai_generated/SD_TopUp2,ai_generated,1024,512,2.0,JPEG,251755,c5ba6ecb06617927bed7cbb7c70c0aeb,613b24ad7947f3330ece6238ac2c16136ec67e52726d50b07e42d35e26c2d95f,1.0,f6933984cab8d643,ok,1204.538736285409,True,True,cluster_00069,val,/home/dheirav/Code/Deepfake_Detection/deepfake-project/dataset_builder/val/ai_generated/sd2_000004_6250108c-23cb-47cd-be2a-34ab46106724.jpg
data_sources/ai_generated/SD_TopUp2/sd2_000004_6387e95f-87ed-4919-a7c3-bd91e67d83b7.jpg,data_sources/ai_generated/SD_TopUp2,ai_generated,512,512,1.0,JPEG,113460,18ae33dc19e88ee482a4d255cdb67e89,ffff4062444d46bcc61202c8ab682b606f054e02c7bca1dec9d599070752f75f,1.0,c1c1cc6c4c17f26f,ok,501.5444716847851,True,True,cluster_00628,val,/home/dheirav/Code/Deepfake_Detection/deepfake-project/dataset_builder/val/ai_generated/sd2_000004_6387e95f-87ed-4919-a7c3-bd91e67d83b7.jpg
data_sources/ai_generated/SD_TopUp2/sd2_000004_643e04ba-24e9-4370-a501-7f85f677b1dc.jpg,data_sources/ai_generated/SD_TopUp2,ai_generated,512,512,1.0,JPEG,147756,afddc1cd5cebf7ec3f6c65595390daa6,28c601662294ca29892de024885dd403a3c4423bdd2966a7cc70d04a379a632e,1.0,c97887260efcd817,ok,1215.9599450597889,True,True,cluster_00453,val,/home/dheirav/Code/Deepfake_Detection/deepfake-project/dataset_builder/val/ai_generated/sd2_000004_643e04ba-24e9-4370-a501-7f85f677b1dc.jpg
data_sources/ai_generated/SD_TopUp2/sd2_000004_663956e6-4f94-47b6-a919-e2b819c4acd1.jpg,data_sources/ai_generated/SD_TopUp2,ai_generated,512,512,1.0,JPEG,182838,a9670d041037ac8c8561712590b03837,9da20ff06a229a28ebc44f1ea7847f4e4b48d714e426542067ca12d33da34adb,1.0,842c38f9ebc549c7,ok,2990.283870695028,True,True,cluster_00386,val,/home/dheirav/Code/Deepfake_Detection/deepfake-project/dataset_builder/val/ai_generated/sd2_000004_663956e6-4f94-47b6-a919-e2b819c4acd1.jpg
data_sources/ai_generated/SD_TopUp2/sd2_000004_6869195a-acfa-426f-922d-c4aaf2545400.jpg,data_sources/ai_generated/SD_TopUp2,ai_generated,576,512,1.125,JPEG,166808,e67293f3953af70687d56859f6c32377,f024a3efdbcc299f067f112acf3ca7a533f2de446edcdc1a68aab6f6e5397832,1.0,b99e3df143a45c90,ok,3048.862077410011,True,True,cluster_00370,val,/home/dheirav/Code/Deepfake_Detection/deepfake-project/dataset_builder/val/ai_generated/sd2_000004_6869195a-acfa-426f-922d-c4aaf2545400.jpg
data_sources/ai_generated/SD_TopUp2/sd2_000004_6c5dadf9-dff0-4fa3-a710-483997267e60.jpg,data_sources/ai_generated/SD_TopUp2,ai_generated,512,768,0.6667,JPEG,208454,38e811de330950a976e31eef9fe147fe,065a47f0746ca8ac5497262d8dc3436592ba6f21defc7d64548730ea9a29e47e,1.0,a0e887b5b4d3c687,ok,1732.702615767614,True,True,cluster_00152,val,/home/dheirav/Code/Deepfake_Detection/deepfake-project/dataset_builder/val/ai_generated/sd2_000004_6c5dadf9-dff0-4fa3-a710-483997267e60.jpg
data_sources/ai_generated/SD_TopUp2/sd2_000004_70161ae0-09a3-4771-a9f1-7f1534ab6a46.jpg,data_sources/ai_generated/SD_TopUp2,ai_generated,512,512,1.0,JPEG,200014,24a739ec695820e5e7f615cf6f60eefd,ef11c675c1a8a21c2d45df5ea76994caeb8250a182c481db7a26601f23d3d0cb,1.0,9bb91b48c3247ab6,ok,18663.073412508333,True,True,cluster_00377,val,/home/dheirav/Code/Deepfake_Detection/deepfake-project/dataset_builder/val/ai_generated/sd2_000004_70161ae0-09a3-4771-a9f1-7f1534ab6a46.jpg
data_sources/ai_generated/SD_TopUp2/sd2_000004_70624ba7-eef1-49e4-8760-95f7406d1ff2.jpg,data_sources/ai_generated/SD_TopUp2,ai_generated,768,512,1.5,JPEG,262822,dfa69e96b5d9494f2eb7ea82b7991b2f,9dd1814af8a929dc69980c5139db30e48fa1b089c2d37f8e0f63fd0af7320e7b,1.0,91b99dd6e4642c2d,ok,9681.215691699646,True,True,cluster_00129,val,/home/dheirav/Code/Deepfake_Detection/deepfake-project/dataset_builder/val/ai_generated/sd2_000004_70624ba7-eef1-49e4-8760-95f7406d1ff2.jpg
data_sources/ai_generated/SD_TopUp2/sd2_000004_7085afc6-b75d-46db-80b3-073dc0b33abb.jpg,data_sources/ai_generated/SD_TopUp2,ai_generated,512,640,0.8,JPEG,125083,bb1bcc0b98efd39ad44cb0661ff64286,51b5067ab6b70481f8c972337a87ea7e4a6fe2c9cc7926453400508bd74c79c7,1.0,86d979e64699e036,ok,420.5365368809924,True,True,cluster_00339,val,/home/dheirav/Code/Deepfake_Detection/deepfake-project/dataset_builder/val/ai_generated/sd2_000004_7085afc6-b75d-46db-80b3-073dc0b33abb.jpg
data_sources/ai_generated/SD_TopUp2/sd2_000004_7380c668-a7c2-4d5f-b60c-69b525dfb7e2.jpg,data_sources/ai_generated/SD_TopUp2,ai_generated,512,512,1.0,JPEG,139153,7353df205b6f9a077111d7e6a5763ac0,0b3d89eb26212f3e65213f86e2d47f77d1346161ec06b8a25d3c6f529cf85dc5,1.0,cf3a32b3c3c46664,ok,2260.521234172149,True,True,cluster_00478,val,/home/dheirav/Code/Deepfake_Detection/deepfake-project/dataset_builder/val/ai_generated/sd2_000004_7380c668-a7c2-4d5f-b60c-69b525dfb7e2.jpg
data_sources/ai_generated/SD_TopUp2/sd2_000004_73bb475c-f9fc-4229-ae19-de061d954811.jpg,data_sources/ai_generated/SD_TopUp2,ai_generated,768,512,1.5,JPEG,292011,be28b3306ae3ef03c718d0f29459ae90,64394734a3d2df9e4b693a907ae6e976d360a81026fbe8a36a5fa283b61ac3c8,1.0,c7e1b52b386a463c,ok,2793.5921554546744,True,True,cluster_00121,val,/home/dheirav/Code/Deepfake_Detection/deepfake-project/dataset_builder/val/ai_generated/sd2_000004_73bb475c-f9fc-4229-ae19-de061d954811.jpg
data_sources/ai_generated/SD_TopUp2/sd2_000004_741275c0-9241-493d-b9e8-bc6f116ee116.jpg,data_sources/ai_generated/SD_TopUp2,ai_generated,768,512,1.5,JPEG,205584,27048325734f066dd5599f8a60f82d27,d36271b15368dd25ee691ef089b1405fb5e62725c2a4c0210fe6aacc7ff023e6,1.0,d8e4b433403c57de,ok,1295.5440272076264,True,True,cluster_00154,val,/home/dheirav/Code/Deepfake_Detection/deepfake-project/dataset_builder/val/ai_generated/sd2_000004_741275c0-9241-493d-b9e8-bc6f116ee116.jpg
data_sources/ai_generated/SD_TopUp2/sd2_000004_74665f2d-66aa-4f04-8719-420d55fcd30c.jpg,data_sources/ai_generated/SD_TopUp2,ai_generated,512,512,1.0,JPEG,133349,86248bb634ffeaf0177bb5d7ec2ebe49,854a354b1596b5639f631900fb26e93be451920ad57af41ecd84d6a789191113,1.0,969fe9e268e6c1c0,ok,823.8832739179343,True,True,cluster_00508,val,/home/dheirav/Code/Deepfake_Detection/deepfake-project/dataset_builder/val/ai_generated/sd2_000004_74665f2d-66aa-4f04-8719-420d55fcd30c.jpg
data_sources/ai_generated/SD_TopUp2/sd2_000004_75fa1847-7ea2-4d88-ba00-3a2a2e0224cf.jpg,data_sources/ai_generated/SD_TopUp2,ai_generated,512,512,1.0,JPEG,148338,30bf6278be4f56a84a0083ea964a9b5c,3e7ca826af5e0f6f304a80cc2d63d9881ba56d08ccceb06fe6098c20f493666f,1.0,83abdfd31a182d54,ok,1908.8355195149197,True,True,cluster_00452,val,/home/dheirav/Code/Deepfake_Detection/deepfake-project/dataset_builder/val/ai_generated/sd2_000004_75fa1847-7ea2-4d88-ba00-3a2a2e0224cf.jpg
data_sources/ai_generated/SD_TopUp2/sd2_000004_776290f2-9412-499c-b9b5-e8115094c450.jpg,data_sources/ai_generated/SD_TopUp2,ai_generated,512,704,0.7273,JPEG,263276,2c5a027aaad4ff5e78bb280a42c6bfe6,71601f082b5ac3d7149d78b464a9ba1b730771467bdef2fc5f5bc5ca171c36ee,1.0,9c994c79669692f8,ok,4726.934114036842,True,True,cluster_00219,val,/home/dheirav/Code/Deepfake_Detection/deepfake-project/dataset_builder/val/ai_generated/sd2_000004_776290f2-9412-499c-b9b5-e8115094c450.jpg
data_sources/ai_generated/SD_TopUp2/sd2_000004_778d36f7-41f1-40ea-a439-c447084787d6.jpg,data_sources/ai_generated/SD_TopUp2,ai_generated,512,512,1.0,JPEG,161531,9184d517a550c9dea589df45a1a10f7f,50d3b6675c5b45c3273f0d879c7f2231e64732e2a6da54ca998a1277ab58af23,1.0,fe804ff07fc03c82,ok,2029.05022579059,True,True,cluster_00413,val,/home/dheirav/Code/Deepfake_Detection/deepfake-project/dataset_builder/val/ai_generated/sd2_000004_778d36f7-41f1-40ea-a439-c447084787d6.jpg
data_sources/ai_generated/SD_TopUp2/sd2_000004_78f0e041-bf2e-4bb9-bd2e-171f0ccae749.jpg,data_sources/ai_generated/SD_TopUp2,ai_generated,512,512,1.0,JPEG,127645,4233cf8b9a727fe9ed0bc5b60a6a92e9,59e2bf27efbe38327bb2594627d32ca756001c2ff845b1d0bc5103bc7eec1fd0,1.0,b8e4999662d13a6e,ok,1256.7081380388554,True,True,cluster_00528,val,/home/dheirav/Code/Deepfake_Detection/deepfake-project/dataset_builder/val/ai_generated/sd2_000004_78f0e041-bf2e-4bb9-bd2e-171f0ccae749.jpg
data_sources/ai_generated/SD_TopUp2/sd2_000004_7906e328-e8fe-41f6-be66-844321bdd29a.jpg,data_sources/ai_generated/SD_TopUp2,ai_generated,512,512,1.0,JPEG,143783,ff52b6c8e31803a56a918bf489f44d27,907b1557b6853dc7f9d6959d05351ccc65e04fb199a933fb720465aebf7634ea,1.0,c5e50f331b9a5664,ok,1080.5747211328126,True,True,cluster_00466,val,/home/dheirav/Code/Deepfake_Detection/deepfake-project/dataset_builder/val/ai_generated/sd2_000004_7906e328-e8fe-41f6-be66-844321bdd29a.jpg
data_sources/ai_generated/SD_TopUp2/sd2_000004_7a282129-a6c0-4d22-a698-dc8265653baa.jpg,data_sources/ai_generated/SD_TopUp2,ai_generated,512,640,0.8,JPEG,126219,eb202a9801036c7bc43670f6c15a8942,89fdddf89fa14bdc28559e1770c45a0ed103a92fa35f03f8b8ee5c0de564256a,1.0,f3972c84479cc38d,ok,419.3566861402616,True,True,cluster_00336,val,/home/dheirav/Code/Deepfake_Detection/deepfake-project/dataset_builder/val/ai_generated/sd2_000004_7a282129-a6c0-4d22-a698-dc8265653baa.jpg
data_sources/ai_generated/SD_TopUp2/sd2_000004_7b0eb0e6-18e9-4b16-9e0a-19e612c35001.jpg,data_sources/ai_generated/SD_TopUp2,ai_generated,512,512,1.0,JPEG,190187,41ad04b5687d94b54b6ee79420b349d8,79c8c56c57ecf3f01e76bb77c61f3d939e942f55ea67332d4402de7ff765d410,1.0,f43d61b7829b89c8,ok,3929.4986710213125,True,True,cluster_00381,val,/home/dheirav/Code/Deepfake_Detection/deepfake-project/dataset_builder/val/ai_generated/sd2_000004_7b0eb0e6-18e9-4b16-9e0a-19e612c35001.jpg
data_sources/ai_generated/SD_TopUp2/sd2_000004_7ce5390e-53a3-43b3-87be-9f059b93dc60.jpg,data_sources/ai_generated/SD_TopUp2,ai_generated,1024,576,1.7778,JPEG,227823,999804c3007d82cc82f404947204e316,34ba6c83308f7b0d4e2f374e0dfcb63d806f768215a4278eb0b5ef48ee186a56,1.0,81291f976ac3267e,ok,946.115962057866,True,True,cluster_00060,val,/home/dheirav/Code/Deepfake_Detection/deepfake-project/dataset_builder/val/ai_generated/sd2_000004_7ce5390e-53a3-43b3-87be-9f059b93dc60.jpg
data_sources/ai_generated/SD_TopUp2/sd2_000004_7d06ec4b-2965-4c64-bdfe-e340bf037f5b.jpg,data_sources/ai_generated/SD_TopUp2,ai_generated,512,512,1.0,JPEG,138248,44570d9cef7ea0fe631c2d46f0615ee4,8c4a0af9623f9b88d118c963e5f599070a7caad040563dcd58a0c8a45cc41c96,1.0,ce1fb04bbce09ce0,ok,3329.2006040896376,True,True,cluster_00486,val,/home/dheirav/Code/Deepfake_Detection/deepfake-project/dataset_builder/val/ai_generated/sd2_000004_7d06ec4b-2965-4c64-bdfe-e340bf037f5b.jpg
data_sources/ai_generated/SD_TopUp2/sd2_000004_7e3a010a-ae5d-446f-bf41-8b2001f40d88.jpg,data_sources/ai_generated/SD_TopUp2,ai_generated,512,512,1.0,JPEG,143407,ecc291dfec7a1b9c1e8c84ab24eced4f,f68ce4445e485a2b6bd1ba0576478b7656138d6f5b6f856528807d5d3d7a8c7b,1.0,bef061826d079e4d,ok,1790.3464049844624,True,True,cluster_00468,val,/home/dheirav/Code/Deepfake_Detection/deepfake-project/dataset_builder/val/ai_generated/sd2_000004_7e3a010a-ae5d-446f-bf41-8b2001f40d88.jpg
data_sources/ai_generated/SD_TopUp2/sd2_000004_7e882b4b-5d38-4f97-b130-4b62303804c6.jpg,data_sources/ai_generated/SD_TopUp2,ai_generated,512,640,0.8,JPEG,84215,871b6f9bd63f51184a2e2cb812322a40,1cb25c5f10096cf031f28991d082e664e7cb1627580590a9dcaec4dbd41579cc,1.0,bd73347224cf309c,ok,358.6690818311181,True,True,cluster_00362,val,/home/dheirav/Code/Deepfake_Detection/deepfake-project/dataset_builder/val/ai_generated/sd2_000004_7e882b4b-5d38-4f97-b130-4b62303804c6.jpg
data_sources/ai_generated/SD_TopUp2/sd2_000004_7f672247-f2b8-4426-b4c5-8af1e7613125.jpg,data_sources/ai_generated/SD_TopUp2,ai_generated,512,512,1.0,JPEG,125587,d9f7fc9caf56e10f3620b3be27228d37,15278b27f4dd0a022a15f4e3c0c197bdefbde7502b17c33acbac36320c460ddf,1.0,c4670b43343fc9e3,ok,975.072330447947,True,True,cluster_00544,val,/home/dheirav/Code/Deepfake_Detection/deepfake-project/dataset_builder/val/ai_generated/sd2_000004_7f672247-f2b8-4426-b4c5-8af1e7613125.jpg
data_sources/ai_generated/SD_TopUp2/sd2_000004_80d3fec6-0088-458f-ac8d-18a5e7c79457.jpg,data_sources/ai_generated/SD_TopUp2,ai_generated,512,512,1.0,JPEG,130600,7f934c72bd9604cebefdf633b314f282,613e0b7801987a0f77aac12333c64b042ce9bbdbe63782965a05d53b2e191dfd,1.0,b9177d46d2993c60,ok,1186.8193534062593,True,True,cluster_00521,val,/home/dheirav/Code/Deepfake_Detection/deepfake-project/dataset_builder/val/ai_generated/sd2_000004_80d3fec6-0088-458f-ac8d-18a5e7c79457.jpg
data_sources/ai_generated/SD_TopUp2/sd2_000004_81dd310a-3b2e-46fc-858f-1636a3f36ca2.jpg,data_sources/ai_generated/SD_TopUp2,ai_generated,704,512,1.375,JPEG,150146,a0a46395f5bd564817e262eb2b1a93e2,7633f2d415ad5afb084d54dfe956c7b8e3c8d5884aff87083d61a6f968bac14b,1.0,9692592f621d6a6e,ok,598.9567092045957,True,True,cluster_00255,val,/home/dheirav/Code/Deepfake_Detection/deepfake-project/dataset_builder/val/ai_generated/sd2_000004_81dd310a-3b2e-46fc-858f-1636a3f36ca2.jpg
data_sources/ai_generated/SD_TopUp2/sd2_000004_84c89bb1-a287-4125-a3dc-6f6ee4fead01.jpg,data_sources/ai_generated/SD_TopUp2,ai_generated,512,512,1.0,JPEG,160026,77b4e162db3a0d22ef15188a960b369b,3b496cc9d2f1c05c4e56dc1ddd12362cdc62aa044a7cdb1575a74d3e821bbdab,1.0,cf4b540e2ed92d0d,ok,4987.0270643475815,True,True,cluster_00420,val,/home/dheirav/Code/Deepfake_Detection/deepfake-project/dataset_builder/val/ai_generated/sd2_000004_84c89bb1-a287-4125-a3dc-6f6ee4fead01.jpg
data_sources/ai_generated/SD_TopUp2/sd2_000004_8896332a-06e5-4eaf-8776-cbae06c9ba3e.jpg,data_sources/ai_generated/SD_TopUp2,ai_generated,512,640,0.8,JPEG,129364,044c5920b21b4e6bc4732892616c4e97,952c7bee20a0996dc9fb5c7c81341c48bf4bd49c073492844b7b931523e95af9,1.0,9da49aa322d7dd84,ok,1266.1766569581255,True,True,cluster_00332,val,/home/dheirav/Code/Deepfake_Detection/deepfake-project/dataset_builder/val/ai_generated/sd2_000004_8896332a-06e5-4eaf-8776-cbae06c9ba3e.jpg
data_sources/ai_generated/SD_TopUp2/sd2_000004_8be23d54-1aaa-419c-8d80-5c86ed695241.jpg,data_sources/ai_generated/SD_TopUp2,ai_generated,512,512,1.0,JPEG,130828,4e4c672189beb9af08f19760a94339dd,ab00bac917116052b16467de898898cd35dd7601e0dba5bf34e75f4ad4876ac6,1.0,c0f5c623995f3368,ok,638.7290312693076,True,True,cluster_00520,val,/home/dheirav/Code/Deepfake_Detection/deepfake-project/dataset_builder/val/ai_generated/sd2_000004_8be23d54-1aaa-419c-8d80-5c86ed695241.jpg
data_sources/ai_generated/SD_TopUp2/sd2_000004_8e01c0af-4da5-40b2-b26a-573c8683e53e.jpg,data_sources/ai_generated/SD_TopUp2,ai_generated,512,512,1.0,JPEG,110619,52855ead5149d0ad3bb10123b0c8243f,d9e71910fbab4d4b4b1da9187dc1245a72ac1e738c6cb6e234c79c937ca5cd70,1.0,d1a414f505d67fa1,ok,662.233769027458,True,True,cluster_00640,val,/home/dheirav/Code/Deepfake_Detection/deepfake-project/dataset_builder/val/ai_generated/sd2_000004_8e01c0af-4da5-40b2-b26a-573c8683e53e.jpg
data_sources/ai_generated/SD_TopUp2/sd2_000004_8e3148c4-f55b-41bc-a41b-78c575e0e9b4.jpg,data_sources/ai_generated/SD_TopUp2,ai_generated,512,640,0.8,JPEG,187061,4d0e7969c3791c0c071e9db65de9bfe7,f3d28101480cdb65de55ee6244189eaec3198c0a66f3ea47f3f6527f9c803dd2,1.0,b9bbd2404d8f03f2,ok,1018.9207888404932,True,True,cluster_00309,val,/home/dheirav/Code/Deepfake_Detection/deepfake-project/dataset_builder/val/ai_generated/sd2_000004_8e3148c4-f55b-41bc-a41b-78c575e0e9b4.jpg
data_sources/ai_generated/SD_TopUp2/sd2_000004_8f36b33b-3a7a-4a7c-b1a4-67e90e00c91d.jpg,data_sources/ai_generated/SD_TopUp2,ai_generated,512,512,1.0,JPEG,134786,f44368068ed6388ddcac81e980fe94c2,4dd6cff1327383d32861a4b296cca9b6bc40577bb31359e4cee7ebf74724bb0d,1.0,acc393bc64c5b1b2,ok,1689.567348460303,True,True,cluster_00500,val,/home/dheirav/Code/Deepfake_Detection/deepfake-project/dataset_builder/val/ai_generated/sd2_000004_8f36b33b-3a7a-4a7c-b1a4-67e90e00c91d.jpg
data_sources/ai_generated/SD_TopUp2/sd2_000004_9136d563-2c9d-478c-8f34-326d3ba240e9.jpg,data_sources/ai_generated/SD_TopUp2,ai_generated,704,512,1.375,JPEG,156517,8e399e40a71919db3729a8cae6ba1579,749a0ad55e8ca56efa39c3cc5c6f18e27289d0e44cd8a619a4b80fa2d9a3356e,1.0,a28d59995673968e,ok,389.5259892622717,True,True,cluster_00250,val,/home/dheirav/Code/Deepfake_Detection/deepfake-project/dataset_builder/val/ai_generated/sd2_000004_9136d563-2c9d-478c-8f34-326d3ba240e9.jpg
data_sources/ai_generated/SD_TopUp2/sd2_000004_9363aac0-5222-4b64-aa8c-7bfb8c5af0fa.jpg,data_sources/ai_generated/SD_TopUp2,ai_generated,512,768,0.6667,JPEG,211441,977495d970a2dc09b16795e6465e0e38,3cb571c120826401320bcd14b86405a1d853274678d9d30bca1b9c84a118c255,1.0,f2431fa58ad3d684,ok,1340.8679243458641,True,True,cluster_00145,val,/home/dheirav/Code/Deepfake_Detection/deepfake-project/dataset_builder/val/ai_generated/sd2_000004_9363aac0-5222-4b64-aa8c-7bfb8c5af0fa.jpg
data_sources/ai_generated/SD_TopUp2/sd2_000004_9666c049-3481-42ec-9122-409a6a67991d.jpg,data_sources/ai_generated/SD_TopUp2,ai_generated,512,512,1.0,JPEG,186095,0a2d78bbc8a617879114c8b826eeaa05,3acdbfda82979cc320e9124e83fb7c5e1083fe89bbd74f9ab465b0f7bb801217,1.0,a51af8e31c8dd8d8,ok,4335.936186491512,True,True,cluster_00385,val,/home/dheirav/Code/Deepfake_Detection/deepfake-project/dataset_builder/val/ai_generated/sd2_000004_9666c049-3481-42ec-9122-409a6a67991d.jpg
data_sources/ai_generated/SD_TopUp2/sd2_000004_99d60db6-2245-48f2-af92-038a603a401c.jpg,data_sources/ai_generated/SD_TopUp2,ai_generated,512,512,1.0,JPEG,159491,1f15d1412471701ed6e77d2740c20624,e733f8969df6039372b786e172e415fe45e19e3c79a7d656d9cba7350904b4af,1.0,dc2b70da19c6ce32,ok,1614.915656399855,True,True,cluster_00424,val,/home/dheirav/Code/Deepfake_Detection/deepfake-project/dataset_builder/val/ai_generated/sd2_000004_99d60db6-2245-48f2-af92-038a603a401c.jpg
data_sources/ai_generated/SD_TopUp2/sd2_000004_9a810e1f-0aa3-43ea-a319-821a9b53bfbc.jpg,data_sources/ai_generated/SD_TopUp2,ai_generated,512,704,0.7273,JPEG,99641,3d6c842cd9244079d170eb1e23769714,ba85b57fbf82ce7fd857a046d98df252204252d987c1e58d9c13ee6e0f28476f,1.0,93d0ac5b877c2c3c,ok,158.69715729422776,True,True,cluster_00289,val,/home/dheirav/Code/Deepfake_Detection/deepfake-project/dataset_builder/val/ai_generated/sd2_000004_9a810e1f-0aa3-43ea-a319-821a9b53bfbc.jpg
data_sources/ai_generated/SD_TopUp2/sd2_000004_9b7b1905-6fcb-4cc3-bc40-58d02dcfba15.jpg,data_sources/ai_generated/SD_TopUp2,ai_generated,512,512,1.0,JPEG,118299,709750b186ebdf127ff9d8affa761906,831f24c2a1a928237e4bb271f9bf7118f6a1d65b39e3f16d488effc690a01700,1.0,ddebb294c86c9621,ok,1119.1530082490644,True,True,cluster_00594,val,/home/dheirav/Code/Deepfake_Detection/deepfake-project/dataset_builder/val/ai_generated/sd2_000004_9b7b1905-6fcb-4cc3-bc40-58d02dcfba15.jpg
data_sources/ai_generated/SD_TopUp2/sd2_000004_9b9f10b7-3be0-4626-8e5c-9278c3c9cf83.jpg,data_sources/ai_generated/SD_TopUp2,ai_generated,768,512,1.5,JPEG,144798,88f3a62733b58f407a0e13e96e0508b0,2835a898e4b4f5bf11d9510c4475b521a642ff545ddc27a48b0e7b42cb173f2c,1.0,97dbda8a2a4509b5,ok,648.2131943996582,True,True,cluster_00195,val,/home/dheirav/Code/Deepfake_Detection/deepfake-project/dataset_builder/val/ai_generated/sd2_000004_9b9f10b7-3be0-4626-8e5c-9278c3c9cf83.jpg
data_sources/ai_generated/SD_TopUp2/sd2_000004_9c96c920-2ee2-4ef3-a9ec-a7ba38376a77.jpg,data_sources/ai_generated/SD_TopUp2,ai_generated,768,768,1.0,JPEG,287645,8dcefc41797a959c3ececa533d0181e8,f42f8ef091b5473f80e0671265519d8c75da2a8f31bc6443e60675a2f5d3656a,1.0,9e8972823db79985,ok,1143.8667783532953,True,True,cluster_00052,val,/home/dheirav/Code/Deepfake_Detection/deepfake-project/dataset_builder/val/ai_generated/sd2_000004_9c96c920-2ee2-4ef3-a9ec-a7ba38376a77.jpg
data_sources/ai_generated/SD_TopUp2/sd2_000004_9eed6f9c-6020-4324-b70b-d9d137115245.jpg,data_sources/ai_generated/SD_TopUp2,ai_generated,512,768,0.6667,JPEG,170193,494e4bb6cc133e0fc11a357888bebb7c,1ef00aa1457bd27c26ba677099e3553a31fd7950dbdd6957f419d490fff5fafc,1.0,9d926adb909d8d62,ok,796.513220206498,True,True,cluster_00177,val,/home/dheirav/Code/Deepfake_Detection/deepfake-project/dataset_builder/val/ai_generated/sd2_000004_9eed6f9c-6020-4324-b70b-d9d137115245.jpg
data_sources/ai_generated/SD_TopUp2/sd2_000004_9f59c82f-7404-4428-b06b-c896a7d96305.jpg,data_sources/ai_generated/SD_TopUp2,ai_generated,512,512,1.0,JPEG,138388,6bd1014e3395818d43a15ab95aec59c6,828651f9984a12867f9d71e89f23034cf08cb07d1d0a575bbba631ffa0928a86,1.0,ad9236fc366198c6,ok,1456.068798530483,True,True,cluster_00484,val,/home/dheirav/Code/Deepfake_Detection/deepfake-project/dataset_builder/val/ai_generated/sd2_000004_9f59c82f-7404-4428-b06b-c896a7d96305.jpg
data_sources/ai_generated/SD_TopUp2/sd2_000004_9f74f3b4-c7fe-42c7-b4e1-d95d06dab427.jpg,data_sources/ai_generated/SD_TopUp2,ai_generated,704,512,1.375,JPEG,130681,0ad90424b4350d94d5f18f4f48a22ed2,402d4a0e0d57a885e5f39a6d1fed5cac7ec7575089eace837d69a53ae84fffbc,1.0,c7c58d8670e598d6,ok,494.20842088825907,True,True,cluster_00267,val,/home/dheirav/Code/Deepfake_Detection/deepfake-project/dataset_builder/val/ai_generated/sd2_000004_9f74f3b4-c7fe-42c7-b4e1-d95d06dab427.jpg
data_sources/ai_generated/SD_TopUp2/sd2_000004_9f7531d9-8ba5-4718-bc91-062b5156e6e4.jpg,data_sources/ai_generated/SD_TopUp2,ai_generated,512,704,0.7273,JPEG,135686,6883da5cbe7857f6a3e4fda413ce32f3,e4f173062e610e5e6012acac55627b9c6f03fb5814d2f9fbfdbc570d60d6faac,1.0,fdae40d52d885c8b,ok,903.8860214993528,True,True,cluster_00261,val,/home/dheirav/Code/Deepfake_Detection/deepfake-project/dataset_builder/val/ai_generated/sd2_000004_9f7531d9-8ba5-4718-bc91-062b5156e6e4.jpg
data_sources/ai_generated/SD_TopUp2/sd2_000004_9f843f28-5bec-45e1-a255-9bc41c7ecfaa.jpg,data_sources/ai_generated/SD_TopUp2,ai_generated,512,512,1.0,JPEG,117265,d95e7f273bbfe8cbd93802c316b72d00,90dc6047cd97bd7b3c286d0c6fedd3641236479c0e3a255cd48ac45aef1f6c8c,1.0,99c0c79f9813db29,ok,832.9127851363592,True,True,cluster_00601,val,/home/dheirav/Code/Deepfake_Detection/deepfake-project/dataset_builder/val/ai_generated/sd2_000004_9f843f28-5bec-45e1-a255-9bc41c7ecfaa.jpg
data_sources/ai_generated/SD_TopUp2/sd2_000004_a2f9b726-5342-4324-9eed-1113f2e9339f.jpg,data_sources/ai_generated/SD_TopUp2,ai_generated,512,640,0.8,JPEG,124464,7ae517466861fb3f9e0ef9333d06b963,dc0a505c946709fc78600d7d7555a435411b25bdea4db0a92290e4f022f97206,1.0,d69d2966661992a7,ok,302.27762439962476,True,True,cluster_00341,val,/home/dheirav/Code/Deepfake_Detection/deepfake-project/dataset_builder/val/ai_generated/sd2_000004_a2f9b726-5342-4324-9eed-1113f2e9339f.jpg
data_sources/ai_generated/SD_TopUp2/sd2_000004_a4074a53-fd66-46a5-a814-a49897f3b1bf.jpg,data_sources/ai_generated/SD_TopUp2,ai_generated,1024,640,1.6,JPEG,377328,cd67fb504b1bf5064f19da2b707a446f,b7db9c2d5b3f013aac4e8fba9ad8784f22c48b274edcbfcb7f7221272187fb7e,1.0,a2f4cacd2b06853f,ok,1990.8239840223243,True,True,cluster_00042,val,/home/dheirav/Code/Deepfake_Detection/deepfake-project/dataset_builder/val/ai_generated/sd2_000004_a4074a53-fd66-46a5-a814-a49897f3b1bf.jpg
data_sources/ai_generated/SD_TopUp2/sd2_000004_a69a4eeb-c2f4-4907-8eeb-9e14c2082bc5.jpg,data_sources/ai_generated/SD_TopUp2,ai_generated,512,768,0.6667,JPEG,97423,b99586fd83033151bf736bc1df1d9591,283cb18eae7b1ca7a226520bdc7f3d6f9d6606fa4dceaa1afebafb6f418339ae,1.0,c8cf13c833666c3b,ok,179.30268837966852,True,True,cluster_00214,val,/home/dheirav/Code/Deepfake_Detection/deepfake-project/dataset_builder/val/ai_generated/sd2_000004_a69a4eeb-c2f4-4907-8eeb-9e14c2082bc5.jpg
data_sources/ai_generated/SD_TopUp2/sd2_000004_a80a6e19-600a-4152-ae1b-9aad1fb49899.jpg,data_sources/ai_generated/SD_TopUp2,ai_generated,832,832,1.0,JPEG,297542,f374092b4d0e59b8a48a86a0bf503ff3,f01186fc11610121105f86c99ab929dfe4b72c46a7a27dfe872b6355c2273071,1.0,81ea7865e7254e27,ok,478.26988225552157,True,True,cluster_00027,val,/home/dheirav/Code/Deepfake_Detection/deepfake-project/dataset_builder/val/ai_generated/sd2_000004_a80a6e19-600a-4152-ae1b-9aad1fb49899.jpg
data_sources/ai_generated/SD_TopUp2/sd2_000004_a96a078b-9e46-4778-88f3-54b6d5d05704.jpg,data_sources/ai_generated/SD_TopUp2,ai_generated,512,512,1.0,JPEG,174437,2c5f529a2eb6eed60b77a036211ba5be,307be92b4a3403ffa0c9a344a09a20eafd0fa8cb6392615a5948cc786fd6e615,1.0,80b51f0e7b5c6635,ok,3577.176862940192,True,True,cluster_00396,val,/home/dheirav/Code/Deepfake_Detection/deepfake-project/dataset_builder/val/ai_generated/sd2_000004_a96a078b-9e46-4778-88f3-54b6d5d05704.jpg
data_sources/ai_generated/SD_TopUp2/sd2_000004_a9eb6d0c-c6c7-45c6-b959-c40dfd7c997c.jpg,data_sources/ai_generated/SD_TopUp2,ai_generated,512,512,1.0,JPEG,117531,cebc596edb9c320be06609526a640214,1233a190f26ed0a9d1ca05f946cf6761cf38cbe700051fcc263c141929992a22,1.0,90b426c35b6cdad3,ok,449.6915251871105,True,True,cluster_00597,val,/home/dheirav/Code/Deepfake_Detection/deepfake-project/dataset_builder/val/ai_generated/sd2_000004_a9eb6d0c-c6c7-45c6-b959-c40dfd7c997c.jpg
data_sources/ai_generated/SD_TopUp2/sd2_000004_aa7dfed1-2cd4-4b8f-8d7f-7427cb455a67.jpg,data_sources/ai_generated/SD_TopUp2,ai_generated,512,704,0.7273,JPEG,194906,41bdf538ede963c34eaba359916d650f,79323dfd401d85f0e7fad657516da988b4774a1c2abff45e4c93a6af04ec3ef0,1.0,cd1c9b8762d7e142,ok,2787.3600884645193,True,True,cluster_00231,val,/home/dheirav/Code/Deepfake_Detection/deepfake-project/dataset_builder/val/ai_generated/sd2_000004_aa7dfed1-2cd4-4b8f-8d7f-7427cb455a67.jpg
data_sources/ai_generated/SD_TopUp2/sd2_000004_aaaa4ed6-bb29-4784-b419-c08c7303aad6.jpg,data_sources/ai_generated/SD_TopUp2,ai_generated,1024,768,1.3333,JPEG,300594,efe47545afea8d09ed7b2662c70070fe,e92152cd098179803944b5c7a152e8cdf895dd4bccfaa7a91b801ab0d3a812fb,1.0,807078891e9fc777,ok,612.2694906718033,True,True,cluster_00021,val,/home/dheirav/Code/Deepfake_Detection/deepfake-project/dataset_builder/val/ai_generated/sd2_000004_aaaa4ed6-bb29-4784-b419-c08c7303aad6.jpg
data_sources/ai_generated/SD_TopUp2/sd2_000004_ac8c15d5-e451-4acc-9910-a8821b8a4963.jpg,data_sources/ai_generated/SD_TopUp2,ai_generated,512,512,1.0,JPEG,132226,f94217f20a9a9afbd7645dbb5fc23d34,e49799e7f231e432378ac6d2e9c347b74a5c286fcf783c6609f612c18abae7a4,1.0,cc9bd238368c59cd,ok,1103.5786191446095,True,True,cluster_00511,val,/home/dheirav/Code/Deepfake_Detection/deepfake-project/dataset_builder/val/ai_generated/sd2_000004_ac8c15d5-e451-4acc-9910-a8821b8a4963.jpg
data_sources/ai_generated/SD_TopUp2/sd2_000004_acef3186-872f-450f-9de0-3ecbc7d7ad88.jpg,data_sources/ai_generated/SD_TopUp2,ai_generated,512,512,1.0,JPEG,146848,f89ff3e197cf0ee24727edaaf6778f7f,bf2d8752e8736f4521df23b6b4d6b30351779af466d1156e0b98aecddd9fd776,1.0,8d35343866766667,ok,3780.5563282209764,True,True,cluster_00456,val,/home/dheirav/Code/Deepfake_Detection/deepfake-project/dataset_builder/val/ai_generated/sd2_000004_acef3186-872f-450f-9de0-3ecbc7d7ad88.jpg
data_sources/ai_generated/SD_TopUp2/sd2_000004_b0c83afa-b131-43e3-b599-17f47e7558ec.jpg,data_sources/ai_generated/SD_TopUp2,ai_generated,768,512,1.5,JPEG,118000,964d688d23bb593a5bddb949f751c436,9ddda117bdf2ab037e87b68d3369a4e8b2ad7333dc222ff9e19ea2b877560f6f,1.0,c6c0c1b13abf0e6e,ok,216.65542313114403,True,True,cluster_00206,val,/home/dheirav/Code/Deepfake_Detection/deepfake-project/dataset_builder/val/ai_generated/sd2_000004_b0c83afa-b131-43e3-b599-17f47e7558ec.jpg
data_sources/ai_generated/SD_TopUp2/sd2_000004_b0e25ae2-394f-4b5f-be38-9b30c3344fe2.jpg,data_sources/ai_generated/SD_TopUp2,ai_generated,512,768,0.6667,JPEG,209710,ee5d7f3029a9721b4c0d78e09d4f9ca8,0e208274fd26bd2fc66dd457b69163b5cead7376cf7c1310f6049e7956f2af11,1.0,9866bc46b4489f97,ok,1230.1609227101628,True,True,cluster_00150,val,/home/dheirav/Code/Deepfake_Detection/deepfake-project/dataset_builder/val/ai_generated/sd2_000004_b0e25ae2-394f-4b5f-be38-9b30c3344fe2.jpg
data_sources/ai_generated/SD_TopUp2/sd2_000004_b1c6d9f0-2fdf-44e8-8074-0ca7f789a552.jpg,data_sources/ai_generated/SD_TopUp2,ai_generated,512,704,0.7273,JPEG,205730,7473add55d466f824aaf7b7287f60055,c61f4619e807250601ed0a5f8d5b890dcc3a2e3abb2ce48228dd159cd0df06f0,1.0,98dd4c396698796c,ok,1648.6773827115367,True,True,cluster_00227,val,/home/dheirav/Code/Deepfake_Detection/deepfake-project/dataset_builder/val/ai_generated/sd2_000004_b1c6d9f0-2fdf-44e8-8074-0ca7f789a552.jpg
data_sources/ai_generated/SD_TopUp2/sd2_000004_b3062050-8ad2-4871-8ccd-e33dca0e9121.jpg,data_sources/ai_generated/SD_TopUp2,ai_generated,512,704,0.7273,JPEG,115358,28ccbc128ab36c13a6e45d09581a3ce4,3ba4b3de96516b3600830a53524c4503d7845cbde1c6a0eade4f873ee0c6a3b5,1.0,eea4724b6c42ce3c,ok,311.33488713364954,True,True,cluster_00280,val,/home/dheirav/Code/Deepfake_Detection/deepfake-project/dataset_builder/val/ai_generated/sd2_000004_b3062050-8ad2-4871-8ccd-e33dca0e9121.jpg
data_sources/ai_generated/SD_TopUp2/sd2_000004_b4143d79-4283-4f64-8e6a-61f2303e8986.jpg,data_sources/ai_generated/SD_TopUp2,ai_generated,832,512,1.625,JPEG,133966,382757bb78ffefd55364105a5daf4fe6,0a926cbe55a1a55c4d12b57f8cf545a787b1074fb8fab32a9a3dd985ea2fcaa8,1.0,bd2c479ec2654e23,ok,1126.4535664795187,True,True,cluster_00112,val,/home/dheirav/Code/Deepfake_Detection/deepfake-project/dataset_builder/val/ai_generated/sd2_000004_b4143d79-4283-4f64-8e6a-61f2303e8986.jpg
data_sources/ai_generated/SD_TopUp2/sd2_000004_b4e35350-e62a-4286-a388-aef989fe542d.jpg,data_sources/ai_generated/SD_TopUp2,ai_generated,768,512,1.5,JPEG,237094,68d3b71ea37c98a64d9f0c5844915996,0e23e7d08c5c0f9a53c9dfb5fa6448204492f86f82290ace945bdf2e430224b2,1.0,a0d237ad290955df,ok,2495.417931156207,True,True,cluster_00135,val,/home/dheirav/Code/Deepfake_Detection/deepfake-project/dataset_builder/val/ai_generated/sd2_000004_b4e35350-e62a-4286-a388-aef989fe542d.jpg
data_sources/ai_generated/SD_TopUp2/sd2_000004_b630f242-51d2-479a-8a6a-afb4021f2b43.jpg,data_sources/ai_generated/SD_TopUp2,ai_generated,512,704,0.7273,JPEG,166653,5551f50cf98eacb7d640b81f7420dd62,3bf0676a6f1ca897043b1c5c3a8b24f4883c7d5358394747570295d0d89a20d5,1.0,b4fcc3a322c31cb6,ok,2330.9225592498,True,True,cluster_00247,val,/home/dheirav/Code/Deepfake_Detection/deepfake-project/dataset_builder/val/ai_generated/sd2_000004_b630f242-51d2-479a-8a6a-afb4021f2b43.jpg
data_sources/ai_generated/SD_TopUp2/sd2_000004_bc0e8dd2-91ae-48af-9bbf-4f0ecf82f573.jpg,data_sources/ai_generated/SD_TopUp2,ai_generated,768,768,1.0,JPEG,255030,2201cc67a5c857fbae6eade906968495,3f57f4029bbcc080e67d884f042dd81f8bdbc0f4cbbf5ecfd5040ec6130d6ffa,1.0,9211d5b34ebf64c1,ok,988.8192512412285,True,True,cluster_00057,val,/home/dheirav/Code/Deepfake_Detection/deepfake-project/dataset_builder/val/ai_generated/sd2_000004_bc0e8dd2-91ae-48af-9bbf-4f0ecf82f573.jpg
data_sources/ai_generated/SD_TopUp2/sd2_000004_bc2a4ccd-40ae-4dab-9729-abb7c2d287c4.jpg,data_sources/ai_generated/SD_TopUp2,ai_generated,512,640,0.8,JPEG,112269,8f38dc28232fe8780b93559ecc927efa,5d951382882c2c7fd13045691252435fdcd3f471b625912fb8bdf889aee4f712,1.0,ce986165b1966ecc,ok,247.8681991854217,True,True,cluster_00355,val,/home/dheirav/Code/Deepfake_Detection/deepfake-project/dataset_builder/val/ai_generated/sd2_000004_bc2a4ccd-40ae-4dab-9729-abb7c2d287c4.jpg
data_sources/ai_generated/SD_TopUp2/sd2_000004_bd7a2856-86e3-4656-889a-f502d9ff811a.jpg,data_sources/ai_generated/SD_TopUp2,ai_generated,512,512,1.0,JPEG,112293,1a81bf055709fd1da32e0a28ad607211,649dba3e0765671fdfeefd5d568a318ae461427d8be6aab01361954d8e008da6,1.0,cf32b01ce7167919,ok,872.044986445675,True,True,cluster_00633,val,/home/dheirav/Code/Deepfake_Detection/deepfake-project/dataset_builder/val/ai_generated/sd2_000004_bd7a2856-86e3-4656-889a-f502d9ff811a.jpg
data_sources/ai_generated/SD_TopUp2/sd2_000004_bdd1fda6-bc7e-4573-aaa1-b438a8f1933a.jpg,data_sources/ai_generated/SD_TopUp2,ai_generated,512,704,0.7273,JPEG,188359,86270f12025b3ce45c0f484409cfbfbf,ac62121b02f45b1da8fd1007550bef4ab352c6e82946425aec03c96be50cc008,1.0,85384d85a5a96b3f,ok,1145.6596751202915,True,True,cluster_00233,val,/home/dheirav/Code/Deepfake_Detection/deepfake-project/dataset_builder/val/ai_generated/sd2_000004_bdd1fda6-bc7e-4573-aaa1-b438a8f1933a.jpg
data_sources/ai_generated/SD_TopUp2/sd2_000004_be667608-b52c-4aab-a287-4886ae8fc817.jpg,data_sources/ai_generated/SD_TopUp2,ai_generated,768,768,1.0,JPEG,218514,d1fee5ee34abdb464cc5d0b12b479c36,1c21d6890fd8e066c4f2ce78cbbb564ab7cc9532851109c24a723160694368b1,1.0,c3c33c1ae5c33c27,ok,349.427251980433,True,True,cluster_00061,val,/home/dheirav/Code/Deepfake_Detection/deepfake-project/dataset_builder/val/ai_generated/sd2_000004_be667608-b52c-4aab-a287-4886ae8fc817.jpg
data_sources/ai_generated/SD_TopUp2/sd2_000004_bfa23c6f-2b7e-4aa4-83b2-c5d98fda071f.jpg,data_sources/ai_generated/SD_TopUp2,ai_generated,512,512,1.0,JPEG,165256,da9cc6f03a1a76db66e9f264ef7fe686,4361e709c6ee45f61e24a02ddffdd83312bb40873ad6057659919d1de05945fa,1.0,bef62c58c20793b2,ok,2696.234179839492,True,True,cluster_00408,val,/home/dheirav/Code/Deepfake_Detection/deepfake-project/dataset_builder/val/ai_generated/sd2_000004_bfa23c6f-2b7e-4aa4-83b2-c5d98fda071f.jpg
data_sources/ai_generated/SD_TopUp2/sd2_000004_c160fb3e-35d4-40be-91c3-3144de82743a.jpg,data_sources/ai_generated/SD_TopUp2,ai_generated,512,512,1.0,JPEG,135545,e86758caeb20c70060617d4709fa2993,9074590d6647a30d4086d396ff3774f4ba9ea4595c0ad03bed8969e573c85fed,1.0,d1696b26a4dc6663,ok,883.0711733879143,True,True,cluster_00498,val,/home/dheirav/Code/Deepfake_Detection/deepfake-project/dataset_builder/val/ai_generated/sd2_000004_c160fb3e-35d4-40be-91c3-3144de82743a.jpg
data_sources/ai_generated/SD_TopUp2/sd2_000004_c2383b00-f490-482d-9caa-5ed03ea4c8a3.jpg,data_sources/ai_generated/SD_TopUp2,ai_generated,512,512,1.0,JPEG,189136,1d5050e3149b4d6e826309bd00f451a1,8fcb0261c46f0acbbf0008c618f4a5a0f75c394adcd893c77a312cd4da9a32f7,1.0,ac0af72a8dcf740c,ok,8508.35708016109,True,True,cluster_00383,val,/home/dheirav/Code/Deepfake_Detection/deepfake-project/dataset_builder/val/ai_generated/sd2_000004_c2383b00-f490-482d-9caa-5ed03ea4c8a3.jpg
data_sources/ai_generated/SD_TopUp2/sd2_000004_c696c3c9-75e8-494f-bd5e-30233ab3f997.jpg,data_sources/ai_generated/SD_TopUp2,ai_generated,512,640,0.8,JPEG,219471,1072eece39ebab5f05f0145901080dd7,a2bcbac90ea1bf3085f9cccb79bc183f386c68dcf0a1b63e04a587ff85b5c27f,1.0,eeeea0b1158c2dc3,ok,2311.9732440179587,True,True,cluster_00299,val,/home/dheirav/Code/Deepfake_Detection/deepfake-project/dataset_builder/val/ai_generated/sd2_000004_c696c3c9-75e8-494f-bd5e-30233ab3f997.jpg
data_sources/ai_generated/SD_TopUp2/sd2_000004_c7714e1a-25bc-48ad-93f9-1eef77148dbb.jpg,data_sources/ai_generated/SD_TopUp2,ai_generated,512,640,0.8,JPEG,204567,d60c88c17cb5fe22ac9f964a6bf1d07a,95891a83ebfe67bc5f178b0e0a4fceafbbee304b47ce5b79ac869bf4a74d7ed0,1.0,f1e24619b90ccecb,ok,1719.9928954376933,True,True,cluster_00305,val,/home/dheirav/Code/Deepfake_Detection/deepfake-project/dataset_builder/val/ai_generated/sd2_000004_c7714e1a-25bc-48ad-93f9-1eef77148dbb.jpg
data_sources/ai_generated/SD_TopUp2/sd2_000004_c7909938-8349-47f2-ac1f-f195b98c2294.jpg,data_sources/ai_generated/SD_TopUp2,ai_generated,512,704,0.7273,JPEG,97498,920c01245e158be2c1d4f1f2daf14dbc,0dbb280448935d84f18367f1189e96bb27c182e954ba8017197a261c60364ea6,1.0,bf2c3569628297d8,ok,297.0332849183358,True,True,cluster_00290,val,/home/dheirav/Code/Deepfake_Detection/deepfake-project/dataset_builder/val/ai_generated/sd2_000004_c7909938-8349-47f2-ac1f-f195b98c2294.jpg
data_sources/ai_generated/SD_TopUp2/sd2_000004_cc42a88d-aa1c-46c6-b471-827f8f62bc54.jpg,data_sources/ai_generated/SD_TopUp2,ai_generated,512,512,1.0,JPEG,123449,fc01c0e1df11ee6c17bf82474aa94890,0bb33846e63cf49df7240b606fc041e8d95df87a156cd794581b7c0457ebbfa7,1.0,fdabaf897a7a8000,ok,5668.471155246196,True,True,cluster_00553,val,/home/dheirav/Code/Deepfake_Detection/deepfake-project/dataset_builder/val/ai_generated/sd2_000004_cc42a88d-aa1c-46c6-b471-827f8f62bc54.jpg
data_sources/ai_generated/SD_TopUp2/sd2_000004_cc722150-e7a2-4fd7-bd50-ce86d958b181.jpg,data_sources/ai_generated/SD_TopUp2,ai_generated,512,512,1.0,JPEG,129816,41d95048c2d0608636bdf10ecba8dd7a,a0a21fa2960030ec7f0850685fe9e615cb836919440aa22e5754f53de41ef171,1.0,8cb2c7978c9c3333,ok,822.4122850708081,True,True,cluster_00524,val,/home/dheirav/Code/Deepfake_Detection/deepfake-project/dataset_builder/val/ai_generated/sd2_000004_cc722150-e7a2-4fd7-bd50-ce86d958b181.jpg
data_sources/ai_generated/SD_TopUp2/sd2_000004_cf90aa55-bb2e-4816-9e5c-4f23602d7cba.jpg,data_sources/ai_generated/SD_TopUp2,ai_generated,512,512,1.0,JPEG,126385,61dd5d8d86729ce5543b49a0d3c85c19,b0a08a548c456b162dd7844cfc6718c3f22956df21e237171e08aaab8ceac961,1.0,8569a5a3cda45a67,ok,926.0514261158969,True,True,cluster_00539,val,/home/dheirav/Code/Deepfake_Detection/deepfake-project/dataset_builder/val/ai_generated/sd2_000004_cf90aa55-bb2e-4816-9e5c-4f23602d7cba.jpg
data_sources/ai_generated/SD_TopUp2/sd2_000004_d110a7a5-764e-4eef-8f68-5609f9ebe725.jpg,data_sources/ai_generated/SD_TopUp2,ai_generated,512,512,1.0,JPEG,160011,8339e1b2b539fa8e5a87aef036543ccc,b41622cf74a16e1fe211858c8926eaf9f5d24e244fc926e9aad3033adae10797,1.0,b23a1fb1c5852ce3,ok,3966.441116457325,True,True,cluster_00421,val,/home/dheirav/Code/Deepfake_Detection/deepfake-project/dataset_builder/val/ai_generated/sd2_000004_d110a7a5-764e-4eef-8f68-5609f9ebe725.jpg
data_sources/ai_generated/SD_TopUp2/sd2_000004_d374da64-00d1-4add-b0e7-9f7aa730d966.jpg,data_sources/ai_generated/SD_TopUp2,ai_generated,512,640,0.8,JPEG,132328,a6fe395fe2fdabed483395eaf1b3e809,6489889be5171c18252ea80937da081e7ab702b85bf22774ea3eb4f67c9718d9,1.0,d2cac38f4d934cc3,ok,593.9753158079087,True,True,cluster_00330,val,/home/dheirav/Code/Deepfake_Detection/deepfake-project/dataset_builder/val/ai_generated/sd2_000004_d374da64-00d1-4add-b0e7-9f7aa730d966.jpg
data_sources/ai_generated/SD_TopUp2/sd2_000004_d614a510-3f00-4532-9aa8-75fc3ec375ec.jpg,data_sources/ai_generated/SD_TopUp2,ai_generated,1024,576,1.7778,JPEG,274071,bdeda9fbc8ba8bd5e8641e300f903b4c,9a85493157318567126ba87f995875df702e0f7834c67cba234ca80aa5e30d93,1.0,b8f86de42273342b,ok,717.9592144399145,True,True,cluster_00054,val,/home/dheirav/Code/Deepfake_Detection/deepfake-project/dataset_builder/val/ai_generated/sd2_000004_d614a510-3f00-4532-9aa8-75fc3ec375ec.jpg
data_sources/ai_generated/SD_TopUp2/sd2_000004_d658c1ea-70bb-4d4e-ac7b-3cb406e19c40.jpg,data_sources/ai_generated/SD_TopUp2,ai_generated,512,704,0.7273,JPEG,117756,afd832f464ec3d2b435a5193afbc9725,1ff8b3012518ee41bf32ab335fd31dc972b4d9ce64a6f4d381e9b4c8f3fef57b,1.0,c4e36e3492786ec9,ok,560.1583434354344,True,True,cluster_00278,val,/home/dheirav/Code/Deepfake_Detection/deepfake-project/dataset_builder/val/ai_generated/sd2_000004_d658c1ea-70bb-4d4e-ac7b-3cb406e19c40.jpg
data_sources/ai_generated/SD_TopUp2/sd2_000004_d6c44fae-6496-4df5-81b0-c300b8ad3de4.jpg,data_sources/ai_generated/SD_TopUp2,ai_generated,512,768,0.6667,JPEG,221370,81a4a56ab193462925ec527289cd8a8d,b5f71fa608d70573a8a09db9e0e9c664c776e0f99ad4cbdc9baa03585e894dda,1.0,ccc4cd679d3431b2,ok,2037.5615259751924,True,True,cluster_00140,val,/home/dheirav/Code/Deepfake_Detection/deepfake-project/dataset_builder/val/ai_generated/sd2_000004_d6c44fae-6496-4df5-81b0-c300b8ad3de4.jpg
data_sources/ai_generated/SD_TopUp2/sd2_000004_db2dc057-4eed-4e95-bee1-26d1e88c7315.jpg,data_sources/ai_generated/SD_TopUp2,ai_generated,512,768,0.6667,JPEG,203622,550debaad46d879942eae566576d7826,5d9dcfcc812c781ac052a125fc49cc5bf712ce8ae8c73dc01fdb9700ca6fb3db,1.0,bc578de0d2a3d289,ok,1054.6922758289666,True,True,cluster_00155,val,/home/dheirav/Code/Deepfake_Detection/deepfake-project/dataset_builder/val/ai_generated/sd2_000004_db2dc057-4eed-4e95-bee1-26d1e88c7315.jpg
data_sources/ai_generated/SD_TopUp2/sd2_000004_dce90820-ccac-4b04-9e29-0b994b5160ba.jpg,data_sources/ai_generated/SD_TopUp2,ai_generated,512,512,1.0,JPEG,159788,1cc78bccc8d2b03ca5681231d5ad16de,33bb53ab54cac2a8b00413660d2d2ca4bf75a7101af5dbe048a8aac507717323,1.0,e4b8e1a11f9e31d8,ok,3046.5171137158177,True,True,cluster_00423,val,/home/dheirav/Code/Deepfake_Detection/deepfake-project/dataset_builder/val/ai_generated/sd2_000004_dce90820-ccac-4b04-9e29-0b994b5160ba.jpg
data_sources/ai_generated/SD_TopUp2/sd2_000004_dcefb94f-c9dd-4450-9b73-21c45cbfc9f8.jpg,data_sources/ai_generated/SD_TopUp2,ai_generated,704,512,1.375,JPEG,136311,3090e114f6bf7d59deec3a03a2242019,64f0fbbc0f780b3d654708d4481015db107909f2187fb1226ca22456b1fb05a7,1.0,8fa094de63c623d5,ok,507.3618353414926,True,True,cluster_00260,val,/home/dheirav/Code/Deepfake_Detection/deepfake-project/dataset_builder/val/ai_generated/sd2_000004_dcefb94f-c9dd-4450-9b73-21c45cbfc9f8.jpg
data_sources/ai_generated/SD_TopUp2/sd2_000004_deae5cca-8014-43e1-bb53-fad932e25f72.jpg,data_sources/ai_generated/SD_TopUp2,ai_generated,512,640,0.8,JPEG,162640,34e56b4de169757e450009adfd71b0cd,dec8d899b7931259a9848cab39cfad79c0fec94c659f7bba132124d09c7ee528,1.0,bb9c44c673b3019d,ok,944.5467396658287,True,True,cluster_00318,val,/home/dheirav/Code/Deepfake_Detection/deepfake-project/dataset_builder/val/ai_generated/sd2_000004_deae5cca-8014-43e1-bb53-fad932e25f72.jpg
data_sources/ai_generated/SD_TopUp2/sd2_000004_dfff7308-0af2-4874-b078-ef44dc2c7b1a.jpg,data_sources/ai_generated/SD_TopUp2,ai_generated,512,512,1.0,JPEG,138710,941e281033a68184066976fe98f4ccb6,44f6af01a2f20ecf2d5cc1b63404353bcdcd928a29d3e8c7ff97ffa5f60be8ff,1.0,fa62ec922979a638,ok,2586.036460119998,True,True,cluster_00479,val,/home/dheirav/Code/Deepfake_Detection/deepfake-project/dataset_builder/val/ai_generated/sd2_000004_dfff7308-0af2-4874-b078-ef44dc2c7b1a.jpg
data_sources/ai_generated/SD_TopUp2/sd2_000004_e1d4fd44-f842-4fef-8805-af14a0da6b36.jpg,data_sources/ai_generated/SD_TopUp2,ai_generated,512,768,0.6667,JPEG,192501,e468f1dd4d0f8268e176b73c7de47202,e900b1746edfe7bbb7d5ca8b44e82f86b17ce52c8280f95e016fdcaf3c4d0159,1.0,978c68d456e2e5f0,ok,929.0790421101782,True,True,cluster_00159,val,/home/dheirav/Code/Deepfake_Detection/deepfake-project/dataset_builder/val/ai_generated/sd2_000004_e1d4fd44-f842-4fef-8805-af14a0da6b36.jpg
data_sources/ai_generated/SD_TopUp2/sd2_000004_e38525fe-64d4-497c-9487-c6b54623838d.jpg,data_sources/ai_generated/SD_TopUp2,ai_generated,512,512,1.0,JPEG,158517,952ea0ca99badcb6bf54d550d909a5fc,700c76c69a7aba0e9d62f85adc1c09d0fc1f8f91a8f3e6b7d05fbe3075cfd882,1.0,c05e312f38b2e3e3,ok,3022.7760994285345,True,True,cluster_00428,val,/home/dheirav/Code/Deepfake_Detection/deepfake-project/dataset_builder/val/ai_generated/sd2_000004_e38525fe-64d4-497c-9487-c6b54623838d.jpg
data_sources/ai_generated/SD_TopUp2/sd2_000004_e3d169c6-9818-436b-b1cd-cd6277eb7840.jpg,data_sources/ai_generated/SD_TopUp2,ai_generated,512,512,1.0,JPEG,155693,5b20b08e0304efa4ac55074c968038fe,3c581f3a8224c97b5ed7e350b78b002245921c2884c282ee40097b72b7989045,1.0,d6b431f159d842e6,ok,1757.7039690298116,True,True,cluster_00432,val,/home/dheirav/Code/Deepfake_Detection/deepfake-project/dataset_builder/val/ai_generated/sd2_000004_e3d169c6-9818-436b-b1cd-cd6277eb7840.jpg
data_sources/ai_generated/SD_TopUp2/sd2_000004_e3daa834-2989-4bb7-80a0-e3bcb9d6cf89.jpg,data_sources/ai_generated/SD_TopUp2,ai_generated,512,640,0.8,JPEG,110109,f9f178a052971739f58d84722489ce2b,d1c82f9cadc0e5a80c5c97ef294919f37068bbe8e06c8b26a3535034f67648e6,1.0,ad1f74cb8c3429c5,ok,229.83241618960164,True,True,cluster_00357,val,/home/dheirav/Code/Deepfake_Detection/deepfake-project/dataset_builder/val/ai_generated/sd2_000004_e3daa834-2989-4bb7-80a0-e3bcb9d6cf89.jpg
data_sources/ai_generated/SD_TopUp2/sd2_000004_e45445e2-d156-466a-bb1e-d7c7cf4f59c9.jpg,data_sources/ai_generated/SD_TopUp2,ai_generated,512,704,0.7273,JPEG,92089,c5bc2d2a7d298cf111cab891c2a2fb0a,6925527bfc0ab6f9e7cf4558e7c7ce0c2ce424b2197017a802e002cd0fe36de9,1.0,914985ca66974f3d,ok,126.13876337969813,True,True,cluster_00292,val,/home/dheirav/Code/Deepfake_Detection/deepfake-project/dataset_builder/val/ai_generated/sd2_000004_e45445e2-d156-466a-bb1e-d7c7cf4f59c9.jpg
data_sources/ai_generated/SD_TopUp2/sd2_000004_e52836ea-239f-4562-a23e-d6ccfd72d08f.jpg,data_sources/ai_generated/SD_TopUp2,ai_generated,512,512,1.0,JPEG,137757,e5dfdc74a5a3c5b1927c0385958c6614,3624e837d29bd2b1f94f486bf13fa5e1205329b24de9fdb64d7906d6cfe8ec71,1.0,e5a71e9899636658,ok,1726.462141356431,True,True,cluster_00488,val,/home/dheirav/Code/Deepfake_Detection/deepfake-project/dataset_builder/val/ai_generated/sd2_000004_e52836ea-239f-4562-a23e-d6ccfd72d08f.jpg
data_sources/ai_generated/SD_TopUp2/sd2_000004_e5e211b3-61dd-4b80-b2a5-6b8ac5f80373.jpg,data_sources/ai_generated/SD_TopUp2,ai_generated,1024,640,1.6,JPEG,437150,24afe881b6f7be768e3bfc4108147f32,ab1b48d477df7c22a3ed1f6c6f4fc5e6b2936b5515f916e26d02421de83f5570,1.0,fa9cad56900627ae,ok,2712.8978633551646,True,True,cluster_00038,val,/home/dheirav/Code/Deepfake_Detection/deepfake-project/dataset_builder/val/ai_generated/sd2_000004_e5e211b3-61dd-4b80-b2a5-6b8ac5f80373.jpg
data_sources/ai_generated/SD_TopUp2/sd2_000004_e72b04e5-63a5-40f2-9613-5be2e190f54a.jpg,data_sources/ai_generated/SD_TopUp2,ai_generated,512,704,0.7273,JPEG,117171,c689730dec7751dc95e5d0401019481a,f84b974b3a53f3c6b449d1f5c6f219380cf496d9b0a9bca50f2804abe355d10f,1.0,b4b46795a56cd834,ok,759.3096005495114,True,True,cluster_00279,val,/home/dheirav/Code/Deepfake_Detection/deepfake-project/dataset_builder/val/ai_generated/sd2_000004_e72b04e5-63a5-40f2-9613-5be2e190f54a.jpg
data_sources/ai_generated/SD_TopUp2/sd2_000004_e89b8cec-3b80-492f-b0a0-9dc114364fde.jpg,data_sources/ai_generated/SD_TopUp2,ai_generated,512,512,1.0,JPEG,134264,6bc4be64e411e27fe5fe5a115a9842e0,677a8ddf3654378ee38113a0f6489958edaae01769f01d87965151ed0aa9f58f,1.0,e6e0f8e5a03a9395,ok,1478.3369742994546,True,True,cluster_00503,val,/home/dheirav/Code/Deepfake_Detection/deepfake-project/dataset_builder/val/ai_generated/sd2_000004_e89b8cec-3b80-492f-b0a0-9dc114364fde.jpg
data_sources/ai_generated/SD_TopUp2/sd2_000004_eaf5069c-aca1-4818-ab33-15271ab308fe.jpg,data_sources/ai_generated/SD_TopUp2,ai_generated,768,512,1.5,JPEG,190048,a4a7eeb6c441e1f49dac98554499a92f,f7bec15e08ab50de4a6b6a1f42d8d9a0b3514f8641d904756c67fd20e206e313,1.0,b543c94e3e8cd991,ok,1143.964583476999,True,True,cluster_00161,val,/home/dheirav/Code/Deepfake_Detection/deepfake-project/dataset_builder/val/ai_generated/sd2_000004_eaf5069c-aca1-4818-ab33-15271ab308fe.jpg
data_sources/ai_generated/SD_TopUp2/sd2_000004_eb865006-332f-42c8-802a-12002d0741c1.jpg,data_sources/ai_generated/SD_TopUp2,ai_generated,1024,640,1.6,JPEG,430525,14587a00f26a2b475cbe1ee26eb1723d,e7213a1de7a89234902773fcb3a2a036830e9329da1eb3d02f866f0dcef93014,1.0,f19a9fa2bc2920ab,ok,2688.122077904341,True,True,cluster_00039,val,/home/dheirav/Code/Deepfake_Detection/deepfake-project/dataset_builder/val/ai_generated/sd2_000004_eb865006-332f-42c8-802a-12002d0741c1.jpg
data_sources/ai_generated/SD_TopUp2/sd2_000004_eca90b77-6a58-4f10-a2ba-07322efa1cfe.jpg,data_sources/ai_generated/SD_TopUp2,ai_generated,1216,832,1.4615,JPEG,834716,a3044fe6e82cf28cbed4afb323846d08,70a0d368e59a4dc8d1746f9eba1959f64a63cfd6b9fd0382d854015d6ec0c347,1.0,c144e361e85b6773,ok,9326.180200738383,True,True,cluster_00002,val,/home/dheirav/Code/Deepfake_Detection/deepfake-project/dataset_builder/val/ai_generated/sd2_000004_eca90b77-6a58-4f10-a2ba-07322efa1cfe.jpg
data_sources/ai_generated/SD_TopUp2/sd2_000004_eea7b705-f0ec-4d07-bdd6-191f993d1706.jpg,data_sources/ai_generated/SD_TopUp2,ai_generated,512,704,0.7273,JPEG,168690,63e6ae67d792b3fe99442bf6ad94c1f1,a2eaec742e3eb603ff290e821d9658dc67e0c42bdc09e7194db9dda2a3407a6e,1.0,949d4973669c33cc,ok,903.5004850879603,True,True,cluster_00245,val,/home/dheirav/Code/Deepfake_Detection/deepfake-project/dataset_builder/val/ai_generated/sd2_000004_eea7b705-f0ec-4d07-bdd6-191f993d1706.jpg
data_sources/ai_generated/SD_TopUp2/sd2_000004_ef0d1505-7820-4776-a4dc-78d138c581a9.jpg,data_sources/ai_generated/SD_TopUp2,ai_generated,512,512,1.0,JPEG,158870,9178e717003066fed8877dc0c7e08969,7c07f405e04bab475534ab6ca8135f3ca8b079a711bd9b54e42402d097b37b7c,1.0,c76a243e69b4c46d,ok,2470.2676228777855,True,True,cluster_00427,val,/home/dheirav/Code/Deepfake_Detection/deepfake-project/dataset_builder/val/ai_generated/sd2_000004_ef0d1505-7820-4776-a4dc-78d138c581a9.jpg
data_sources/ai_generated/SD_TopUp2/sd2_000004_effcc6b8-48ed-417b-846a-28124c9e2d6d.jpg,data_sources/ai_generated/SD_TopUp2,ai_generated,768,512,1.5,JPEG,269769,c4a4d544a55452bcafd3786556e9ae83,098b459ff39f304a5cb2b3af389fc11e65dbc23523c8d49e602e5e0477d51a4e,1.0,858988e77bdc531c,ok,3243.789999721255,True,True,cluster_00126,val,/home/dheirav/Code/Deepfake_Detection/deepfake-project/dataset_builder/val/ai_generated/sd2_000004_effcc6b8-48ed-417b-846a-28124c9e2d6d.jpg
data_sources/ai_generated/SD_TopUp2/sd2_000004_effeeaec-49d8-4c22-97b2-e8725ea563d3.jpg,data_sources/ai_generated/SD_TopUp2,ai_generated,832,576,1.4444,JPEG,275193,7f4154f989ec4b51314152cb12442554,915a73914476231e9c6653a7e319d81ce2683cc5bd505d2b174accefd22a0a5e,1.0,c1e2163c3c3937e6,ok,2390.8490637742198,True,True,cluster_00092,val,/home/dheirav/Code/Deepfake_Detection/deepfake-project/dataset_builder/val/ai_generated/sd2_000004_effeeaec-49d8-4c22-97b2-e8725ea563d3.jpg
data_sources/ai_generated/SD_TopUp2/sd2_000004_f0ad2001-368c-4769-b85e-8700035e1f0b.jpg,data_sources/ai_generated/SD_TopUp2,ai_generated,512,512,1.0,JPEG,127451,e02119a0c5272f88b65819c7d07e2d9b,d1ec89563e7cb5bbf0628e5c67f495baacead263f5f91202641a17fcb775b08b,1.0,cbc7343c31732666,ok,1150.9770518247824,True,True,cluster_00529,val,/home/dheirav/Code/Deepfake_Detection/deepfake-project/dataset_builder/val/ai_generated/sd2_000004_f0ad2001-368c-4769-b85e-8700035e1f0b.jpg
data_sources/ai_generated/SD_TopUp2/sd2_000004_f0d0feab-7dcc-4cfc-b120-6689d8a6d58f.jpg,data_sources/ai_generated/SD_TopUp2,ai_generated,512,640,0.8,JPEG,123917,12d2398c7e76e62c7277ad15f5882f94,4df4a9e1288bfcd1cdf5a2b2b358d4b2499252d74b1b2f203aa7dc46924ccb7b,1.0,acddc4f264c318cd,ok,367.5707755827904,True,True,cluster_00342,val,/home/dheirav/Code/Deepfake_Detection/deepfake-project/dataset_builder/val/ai_generated/sd2_000004_f0d0feab-7dcc-4cfc-b120-6689d8a6d58f.jpg
data_sources/ai_generated/SD_TopUp2/sd2_000004_f21dff60-25fc-494b-8729-d204ac574b05.jpg,data_sources/ai_generated/SD_TopUp2,ai_generated,640,512,1.25,JPEG,98422,a963dca6a556f4b0fef23fe7d0eb33e4,305d50802a3a3f059f58e9eedea866d113e66519168a980c8cd83694158d5f2d,1.0,bf806a2a954e2f35,ok,423.5605244478211,True,True,cluster_00360,val,/home/dheirav/Code/Deepfake_Detection/deepfake-project/dataset_builder/val/ai_generated/sd2_000004_f21dff60-25fc-494b-8729-d204ac574b05.jpg
data_sources/ai_generated/SD_TopUp2/sd2_000004_f27f241c-3be0-4f93-9158-5192cbcb804e.jpg,data_sources/ai_generated/SD_TopUp2,ai_generated,512,704,0.7273,JPEG,138658,f3f1331e3c898fabe78bef82144f055c,eaf13b34a5f3740b4049494554f78fd70a7180f5bb2660a8685803d3f3cdf535,1.0,91e04e0b5c367d9e,ok,408.85138273189875,True,True,cluster_00259,val,/home/dheirav/Code/Deepfake_Detection/deepfake-project/dataset_builder/val/ai_generated/sd2_000004_f27f241c-3be0-4f93-9158-5192cbcb804e.jpg
data_sources/ai_generated/SD_TopUp2/sd2_000004_f2b22c00-2a0d-4a6a-b135-5b6f5a39810f.jpg,data_sources/ai_generated/SD_TopUp2,ai_generated,640,512,1.25,JPEG,120753,528c15a1b5de96abe4d1eaed3beab269,99fe0e2fbdcba5fd589bd21eb4b38120512da703ac80c536802ec6e183bc47f6,1.0,a9c64ef1e5a63231,ok,259.12723629540767,True,True,cluster_00348,val,/home/dheirav/Code/Deepfake_Detection/deepfake-project/dataset_builder/val/ai_generated/sd2_000004_f2b22c00-2a0d-4a6a-b135-5b6f5a39810f.jpg
data_sources/ai_generated/SD_TopUp2/sd2_000004_f4658abb-2d59-4cb4-93e9-ddf97ffab715.jpg,data_sources/ai_generated/SD_TopUp2,ai_generated,512,512,1.0,JPEG,126279,1da8fd8069e86ffafed46aebe41e7045,a5439476151683fbf3d7f5c27cbf6868ae913418bb025d4524f872f60f9a8400,1.0,bcd5834a912f5e29,ok,876.8307866900577,True,True,cluster_00541,val,/home/dheirav/Code/Deepfake_Detection/deepfake-project/dataset_builder/val/ai_generated/sd2_000004_f4658abb-2d59-4cb4-93e9-ddf97ffab715.jpg
data_sources/ai_generated/SD_TopUp2/sd2_000004_f4dfb3ae-c5bd-4143-980c-6fe5bfcbe8f5.jpg,data_sources/ai_generated/SD_TopUp2,ai_generated,512,640,0.8,JPEG,217647,43f01f9d99760eaef01955a5dfacb519,83de316bd71a81c7bf792e26db0e0296de9a175747899bdc8dbaf730ce7a36ee,1.0,bd2e4275ac8245bd,ok,1724.4399813073783,True,True,cluster_00300,val,/home/dheirav/Code/Deepfake_Detection/deepfake-project/dataset_builder/val/ai_generated/sd2_000004_f4dfb3ae-c5bd-4143-980c-6fe5bfcbe8f5.jpg
data_sources/ai_generated/SD_TopUp2/sd2_000004_f5af15d6-ec6d-4baf-8024-69a3172505aa.jpg,data_sources/ai_generated/SD_TopUp2,ai_generated,512,512,1.0,JPEG,120289,0954d764e9a1cac26a6ff6232b3b1621,7048d1ea31a85c72df9dbed1ab66d702809da925889c5c2d1e11207b8b380c1f,1.0,842b3c2691d8dfdc,ok,1492.489284506286,True,True,cluster_00581,val,/home/dheirav/Code/Deepfake_Detection/deepfake-project/dataset_builder/val/ai_generated/sd2_000004_f5af15d6-ec6d-4baf-8024-69a3172505aa.jpg
data_sources/ai_generated/SD_TopUp2/sd2_000004_f8b48ea1-cf9f-4dd1-ad41-26f32a5c715b.jpg,data_sources/ai_generated/SD_TopUp2,ai_generated,1024,512,2.0,JPEG,270753,fc9eb3875fe61048996b0de02c3fc40a,bed8696a9d8a133c508332dab7a441cfa2a4b12c55ab8989f5bdc9ad0edaad05,1.0,adc813873de38c3a,ok,2495.8167532663647,True,True,cluster_00067,val,/home/dheirav/Code/Deepfake_Detection/deepfake-project/dataset_builder/val/ai_generated/sd2_000004_f8b48ea1-cf9f-4dd1-ad41-26f32a5c715b.jpg
data_sources/ai_generated/SD_TopUp2/sd2_000004_f9954971-3103-46de-9a67-49813b96366c.jpg,data_sources/ai_generated/SD_TopUp2,ai_generated,512,768,0.6667,JPEG,153661,09525d2c2ac45f9323b4e5b6530d8892,6034142ef9489d431e446a9c4eeb8b873eebd20018ca6f7afaf31d28869f2ba0,1.0,987926631db67986,ok,362.64782362860086,True,True,cluster_00189,val,/home/dheirav/Code/Deepfake_Detection/deepfake-project/dataset_builder/val/ai_generated/sd2_000004_f9954971-3103-46de-9a67-49813b96366c.jpg
data_sources/ai_generated/SD_TopUp2/sd2_000004_fb5ae7e3-a28d-4e7e-b2be-9a5feddec0b7.jpg,data_sources/ai_generated/SD_TopUp2,ai_generated,512,768,0.6667,JPEG,114302,ca757fefe00182fbb8f6ab09531111ff,6733f6a28e42a2734d1b29da2dc28a2206e979def7f1f5332165994fed19a0ea,1.0,c0603f1ff33e4938,ok,234.8217250766595,True,True,cluster_00208,val,/home/dheirav/Code/Deepfake_Detection/deepfake-project/dataset_builder/val/ai_generated/sd2_000004_fb5ae7e3-a28d-4e7e-b2be-9a5feddec0b7.jpg
data_sources/ai_generated/SD_TopUp2/sd2_000004_fba9df2a-fd9c-49b7-9e56-03f78c156b5f.jpg,data_sources/ai_generated/SD_TopUp2,ai_generated,512,512,1.0,JPEG,196880,31d0d9fcfd38874701273e82ca4f4056,d34d44c0f3c59fb2355e9a9d2137bfaaa432e10fd7095af514d8964cb650902f,1.0,94d86d61366c66b6,ok,4882.499310860352,True,True,cluster_00379,val,/home/dheirav/Code/Deepfake_Detection/deepfake-project/dataset_builder/val/ai_generated/sd2_000004_fba9df2a-fd9c-49b7-9e56-03f78c156b5f.jpg
data_sources/ai_generated/SD_TopUp2/sd2_000004_fc59ca43-a492-4c75-937b-e1c5bac9230f.jpg,data_sources/ai_generated/SD_TopUp2,ai_generated,640,768,0.8333,JPEG,196717,df15576f38327ed900ba05773f665152,c301b2793a93ab7f242b5ecc539e8ff38deda4f64e632b8c7ca160e66fbc9c46,1.0,89124dcdeea5169b,ok,917.0583279259337,True,True,cluster_00086,val,/home/dheirav/Code/Deepfake_Detection/deepfake-project/dataset_builder/val/ai_generated/sd2_000004_fc59ca43-a492-4c75-937b-e1c5bac9230f.jpg
data_sources/ai_generated/SD_TopUp2/sd2_000004_ff35a919-fdb9-4f05-be96-a7d3376713b8.jpg,data_sources/ai_generated/SD_TopUp2,ai_generated,512,640,0.8,JPEG,158641,d3f7bfbb598ad69fc2117358b314af94,8e15001f53258fcf131a026999b3b613209b9e54d9509307fbc5ce6b07a2730f,1.0,8de0399a6efa1a23,ok,1420.2776147764548,True,True,cluster_00319,val,/home/dheirav/Code/Deepfake_Detection/deepfake-project/dataset_builder/val/ai_generated/sd2_000004_ff35a919-fdb9-4f05-be96-a7d3376713b8.jpg
